"x","n","X1","X2","X3","X4","X5","X6","X7","X8","X9","X10","X11","X12","X13","X14","X15","X16","X17","X18","ax","X1.1","X2.1","X3.1","X4.1","X5.1","X6.1","X7.1","X8.1","X9.1","X10.1","X11.1","X12.1","X13.1","X14.1","X15.1","X16.1","X17.1","X18.1","X1.2","X2.2","X3.2","X4.2","X5.2","X6.2","X7.2","X8.2","X9.2","X10.2","X11.2","X12.2","X13.2","X14.2","X15.2","X16.2","X17.2","X18.2","lx","dx","Lx","Tx","ex","year","sex","scenario","bmmr_lss"
0,1,0.0141165,0.00141222,0.00406893,0.00920744,0.0759295,0.0724448,0.0697124,0.029682,0.0169524,0.0144322,0.0321686,0.0335357,0.0289858,0.0319676,0.0229633,0.0473596,0.0872406,0.22327,0.121121230075,0.0139435071986167,0.00563297001417317,0.0201397815961747,0.045001332331592,0.319078771120513,0.306680484153916,0.296830145425158,0.138157986604047,0.0813157569065438,0.0696480630607371,0.14887060281566,0.1547079052544,0.135136407778533,0.148009248841811,0.108582943248268,0.211729445394712,0.358100700146909,1,0.986056492801383,0.994367029985827,0.979860218403825,0.954998667668408,0.680921228879487,0.693319515846084,0.703169854574842,0.861842013395953,0.918684243093456,0.930351936939263,0.85112939718434,0.8452920947456,0.864863592221467,0.851990751158189,0.891417056751732,0.788270554605288,0.641899299853091,0,1e+05,1394.35071986167,98774.5347544839,3159312.1955889,31.593121955889,2023,"Males","B'Tselem historical average",43.360828044111
0,1,0.0159147,0.00303206,0.0021239,0.0122505,0.075268,0.0820678,0.0534529,0.0287752,0.0232927,0.0372846,0.0544523,0.0362197,0.026322,0.0446611,0.0282736,0.0612783,0.093627,0.259481,0.117533011885,0.0156942863449006,0.0120551362074218,0.0105634109288207,0.0594323111797317,0.316739187153353,0.340482396874465,0.235759436095789,0.134220449317031,0.110054815497645,0.170527843880164,0.239639231664137,0.166061734488378,0.123484127021359,0.200877027471034,0.132035222343847,0.265689064497506,0.379343107244944,1,0.984305713655099,0.987944863792578,0.989436589071179,0.940567688820268,0.683260812846647,0.659517603125535,0.764240563904211,0.865779550682969,0.889945184502355,0.829472156119836,0.760360768335863,0.833938265511622,0.87651587297864,0.799122972528966,0.867964777656153,0.734310935502494,0.620656892755056,0,1e+05,1569.42863449006,98615.0310398601,3017413.63472113,30.1741363472113,2023,"Males","B'Tselem historical average",44.7798136527887
0,1,0.0139224,0.00160664,0.00704702,0.0135454,0.0469818,0.10837,0.0589302,0.0333814,0.0316496,0.0178123,0.0232795,0.0111273,0.0124327,0.0229007,0.0268343,0.056479,0.0451009,0.210154,0.12150854692,0.0137541766621218,0.0064059758060619,0.034625090732761,0.0655086479017781,0.210217955182963,0.426343017880677,0.256815524452302,0.154050912198816,0.146644871210352,0.0852646032680225,0.109995877428508,0.0541306792324421,0.0602895939143526,0.108302965684379,0.125736380604839,0.247454976022993,0.202654723906422,1,0.986245823337878,0.993594024193938,0.965374909267239,0.934491352098222,0.789782044817037,0.573656982119323,0.743184475547698,0.845949087801184,0.853355128789648,0.914735396731977,0.890004122571492,0.945869320767558,0.939710406085647,0.891697034315621,0.874263619395161,0.752545023977007,0.797345276093578,0,1e+05,1375.41766621219,98791.7073358174,3158117.28447927,31.5811728447927,2023,"Males","B'Tselem historical average",43.3727771552073
0,1,0.0152051,0.00405195,0.00269775,0.01083,0.04784,0.0754371,0.0589082,0.0353968,0.046497,0.0598465,0.0196848,0.0183557,0.0317334,0.0192388,0.0274732,0.0555654,0.0545367,0.213139,0.118948983205,0.0150040980681261,0.016077509470998,0.0133983862586766,0.0527225373025339,0.213647731332619,0.317337877081953,0.256731956413069,0.16259559096438,0.208274635663845,0.260289031231074,0.0938075431847901,0.0877516429201275,0.147004609789282,0.0917796730646114,0.128537648675987,0.243940387044319,0.23996610174712,1,0.984995901931874,0.983922490529002,0.986601613741323,0.947277462697466,0.786352268667381,0.682662122918047,0.743268043586931,0.83740440903562,0.791725364336155,0.739710968768926,0.90619245681521,0.912248357079873,0.852995390210718,0.908220326935389,0.871462351324013,0.756059612955681,0.76003389825288,0,1e+05,1500.4098068126,98678.0624140986,3202978.09784135,32.0297809784135,2023,"Males","B'Tselem historical average",42.9241690215865
0,1,0.0245608,0.00654125,0.00519377,0.0183423,0.0436427,0.124687,0.0661224,0.0292254,0.0338864,0.0258074,0.0227973,0.0246193,0.0158074,0.0291734,0.0271085,0.0633598,0.0760183,0.219819,0.108393365768,0.0240344792209605,0.0258271167451812,0.0256359815206438,0.0876903913374287,0.196747066952753,0.47528145351419,0.283712604243006,0.136177402362488,0.156199410721332,0.121216305775804,0.107840329160096,0.115959401751169,0.0760323168851733,0.135951575750035,0.12693964180062,0.273479917765848,0.319392342689346,1,0.975965520779039,0.974172883254819,0.974364018479356,0.912309608662571,0.803252933047247,0.52471854648581,0.716287395756994,0.863822597637512,0.843800589278668,0.878783694224196,0.892159670839904,0.884040598248831,0.923967683114827,0.864048424249965,0.87306035819938,0.726520082234152,0.680607657310654,0,1e+05,2403.44792209606,97857.069887628,2893929.45396941,28.9392945396941,2023,"Males","B'Tselem historical average",46.0146554603059
0,1,0.0169001,0.00590801,0.0053611,0.00489254,0.0617212,0.0830976,0.0853789,0.0236147,0.0221882,0.00822549,0.00818724,0.0528484,0.0165632,0.0187297,0.0319168,0.0541516,0.0493899,0.251398,0.115566695455,0.016651214114634,0.0233560642773772,0.0264509840732127,0.0241671036962054,0.267352679495765,0.344019924752265,0.351803096508727,0.111491409528517,0.105110469691005,0.0402987574342798,0.040115119718098,0.233404379920521,0.0795231071779744,0.0894596203708502,0.147791426496955,0.238473672667893,0.219808678388188,1,0.983348785885366,0.976643935722623,0.973549015926787,0.975832896303795,0.732647320504235,0.655980075247735,0.648196903491272,0.888508590471483,0.894889530308995,0.95970124256572,0.959884880281902,0.766595620079479,0.920476892822026,0.91054037962915,0.852208573503045,0.761526327332107,0.780191321611812,0,1e+05,1665.12141146341,98527.3111675908,3162850.37167344,31.6285037167344,2023,"Males","B'Tselem historical average",43.3254462832656
0,1,0.0173875,0.00251065,0.00156146,0.00285239,0.0396042,0.133479,0.0515046,0.0535369,0.0301264,0.0144686,0.0369946,0.0183007,0.0146742,0.0265091,0.0298278,0.0508369,0.0453271,0.25298,0.114594113125,0.0171238779864489,0.0099924250361659,0.00777694154214899,0.0141609684877382,0.180181172063415,0.500409575634655,0.228146512793004,0.236086192766234,0.140081613218812,0.0698175929370765,0.169313762687228,0.0875002121679452,0.0707745984679057,0.124307312552065,0.138789533855186,0.225522356311118,0.203567669697173,1,0.982876122013551,0.990007574963834,0.992223058457851,0.985839031512262,0.819818827936585,0.499590424365345,0.771853487206996,0.763913807233766,0.859918386781188,0.930182407062923,0.830686237312772,0.912499787832055,0.929225401532094,0.875692687447935,0.861210466144814,0.774477643688882,0.796432330302827,0,1e+05,1712.38779864489,98483.8417624669,3125831.01467789,31.2583101467789,2023,"Males","B'Tselem historical average",43.6956398532211
0,1,0.0205583,0.00501132,0.00700391,0.0270424,0.0366509,0.102399,0.0775433,0.045586,0.0274106,0.0125805,0.0267815,0.0182429,0.0218098,0.0243235,0.0356624,0.0602339,0.049536,0.234519,0.108266940265,0.0201881995142005,0.0198463670081692,0.0344169175180651,0.126649719091125,0.167872778917895,0.407640142595825,0.324759241727399,0.204611455476608,0.12826354797939,0.0609844624261205,0.125504502889652,0.0872359100417485,0.103410589322486,0.114646018898317,0.163715757889595,0.261753425812397,0.220387243735763,1,0.9798118004858,0.980153632991831,0.965583082481935,0.873350280908875,0.832127221082105,0.592359857404175,0.6752407582726,0.795388544523392,0.87173645202061,0.93901553757388,0.874495497110348,0.912764089958252,0.896589410677514,0.885353981101683,0.836284242110405,0.738246574187603,0.779612756264237,0,1e+05,2018.81995142005,98199.7515076661,2936870.75068943,29.3687075068943,2023,"Males","B'Tselem historical average",45.5852424931057
0,1,0.0142051,0.00746234,0.00691454,0.00913453,0.0448328,0.0970644,0.0563416,0.0282383,0.0606373,0.024246,0.0182154,0.0147754,0.0247224,0.0184492,0.0459662,0.0478856,0.0624443,0.211306,0.120944433205,0.0140299075312507,0.0294104189091155,0.0339852195991817,0.0446529409287454,0.201571466852264,0.390550600686752,0.24692730182828,0.13188124462478,0.263275683493282,0.114301608029304,0.0871101351121934,0.0712453052905259,0.11641674656199,0.0881789235109065,0.206142079825781,0.213829602916459,0.270061929620497,1,0.985970092468749,0.970589581090884,0.966014780400818,0.955347059071255,0.798428533147736,0.609449399313248,0.75307269817172,0.86811875537522,0.736724316506718,0.885698391970696,0.912889864887807,0.928754694709474,0.88358325343801,0.911821076489093,0.79385792017422,0.786170397083541,0.729938070379503,0,1e+05,1402.99075312506,98766.6931683035,3118030.85924289,31.1803085924289,2023,"Males","B'Tselem historical average",43.7736414075711
0,1,0.0149823,0.00575161,0.00516426,0.00596054,0.0435915,0.0780182,0.0845854,0.0393799,0.0263437,0.0133906,0.0109729,0.058604,0.0137228,0.0229362,0.032034,0.0677621,0.0431916,0.212419,0.119393569465,0.0147872048687701,0.0227448015439832,0.0254921793941055,0.0293651200680736,0.19653893277937,0.326423554584323,0.349104203304516,0.179252168795159,0.123579637742976,0.0647842500530975,0.0533996280533339,0.255575616435967,0.0663381375162307,0.108461749077048,0.148293884277626,0.289728902790542,0.194911636411881,1,0.98521279513123,0.977255198456017,0.974507820605894,0.970634879931926,0.80346106722063,0.673576445415677,0.650895796695484,0.820747831204841,0.876420362257024,0.935215749946902,0.946600371946666,0.744424383564033,0.933661862483769,0.891538250922952,0.851706115722374,0.710271097209457,0.805088363588119,0,1e+05,1478.72048687701,98697.8292302923,3230226.22709137,32.3022622709137,2023,"Males","B'Tselem historical average",42.6516877290863
0,1,0.0150212,0.0019828,0.00489915,0.0147933,0.0370611,0.0796824,0.0644648,0.047237,0.0276948,0.0333293,0.0472164,0.046717,0.0355436,0.0557275,0.0276545,0.0588418,0.0444502,0.218984,0.11931594646,0.0148250800346302,0.00789987226653981,0.0241993592725497,0.0713285388168035,0.169592306430382,0.33222982540114,0.277587451191134,0.211239231101184,0.129507302871113,0.153828970254262,0.211156835929988,0.209157027827461,0.163214888245402,0.244565008694889,0.129331037087181,0.256479684283341,0.200023309698139,1,0.98517491996537,0.99210012773346,0.97580064072745,0.928671461183197,0.830407693569618,0.66777017459886,0.722412548808866,0.788760768898817,0.870492697128887,0.846171029745738,0.788843164070012,0.790842972172539,0.836785111754598,0.755434991305111,0.870668962912819,0.743520315716659,0.799976690301861,0,1e+05,1482.50800346302,98694.3788421047,3142331.06356468,31.4233106356468,2023,"Males","B'Tselem historical average",43.5306393643532
0,1,0.0165244,0.00640361,0.0024194,0.00821491,0.0533295,0.11883,0.0496648,0.0241303,0.024973,0.0149628,0.0121316,0.0366403,0.0136619,0.0287766,0.0275891,0.0474309,0.0772558,0.221295,0.11631638602,0.0162865778285051,0.0252905385093917,0.012024271195673,0.0402479664449297,0.235279195375549,0.458069117051828,0.220896988156511,0.113787201716076,0.11752746645081,0.072116343922877,0.0588724572442395,0.167828301693637,0.0660534605676762,0.134226541280471,0.12904491718802,0.212014413845803,0.323750072812106,1,0.983713422171495,0.974709461490608,0.987975728804327,0.95975203355507,0.764720804624451,0.541930882948172,0.779103011843489,0.886212798283924,0.88247253354919,0.927883656077123,0.94112754275576,0.832171698306363,0.933946539432324,0.865773458719529,0.87095508281198,0.787985586154197,0.676249927187894,0,1e+05,1628.65778285051,98560.781804514,3167197.35654572,31.6719735654573,2023,"Males","B'Tselem historical average",43.2819764345428
0,1,0.0154212,0.0017936,0.00729232,0.0180674,0.0383422,0.0705515,0.0720007,0.0463429,0.0193579,0.0429114,0.00994483,0.023524,0.0255791,0.0339122,0.0318651,0.0769497,0.07777,0.237456,0.11851776646,0.0152143830734306,0.00714875598253943,0.0358087773420329,0.0864329531554003,0.174941860491643,0.29986728338981,0.305087259404488,0.207656042025089,0.0923216183598783,0.193769679443789,0.0485178944688728,0.111086975000236,0.120208440687054,0.156309041322185,0.14756969248036,0.322674277811685,0.32555413692781,1,0.984785616926569,0.992851244017461,0.964191222657967,0.9135670468446,0.825058139508357,0.70013271661019,0.694912740595512,0.792343957974911,0.907678381640122,0.806230320556211,0.951482105531127,0.888913024999764,0.879791559312946,0.843690958677815,0.85243030751964,0.677325722188315,0.67444586307219,0,1e+05,1521.43830734307,98658.8791626499,3216519.06449407,32.1651906449407,2023,"Males","B'Tselem historical average",42.7887593550593
0,1,0.0149202,0.00394507,0.00374739,0.0126966,0.0477001,0.0897098,0.0683743,0.0284746,0.0291979,0.00825269,0.0184898,0.0197611,0.0397309,0.0229206,0.0529419,0.0568584,0.0538828,0.223843,0.11951748691,0.0147267352444375,0.0156567460814727,0.0185630425994828,0.0615299471815372,0.213089521311253,0.366379435330884,0.291964354150089,0.132911495803952,0.136057981644365,0.0404293233193393,0.088364399801381,0.0941540319005263,0.180705517851941,0.108391977122893,0.233769055148133,0.248910384486747,0.237430455615414,1,0.985273264755562,0.984343253918527,0.981436957400517,0.938470052818463,0.786910478688747,0.633620564669116,0.708035645849911,0.867088504196048,0.863942018355635,0.959570676680661,0.911635600198619,0.905845968099474,0.819294482148059,0.891608022877107,0.766230944851867,0.751089615513253,0.762569544384586,0,1e+05,1472.67352444376,98703.3367142366,3230295.87376205,32.3029587376205,2023,"Males","B'Tselem historical average",42.6509912623796
0,1,0.0144225,0.00719264,0.00741132,0.0134064,0.0705566,0.102652,0.0397417,0.0227995,0.0503349,0.0161002,0.0436816,0.01656,0.0184858,0.0249286,0.0287093,0.0426074,0.0499047,0.232438,0.120510622375,0.0142418501694302,0.0283625566806332,0.036382494232119,0.064858212161205,0.299885709816842,0.408441625617724,0.180750199492111,0.10785017484647,0.223544300030933,0.077386168043178,0.196905168030407,0.0795083541386595,0.088346127873395,0.117330770392955,0.133933646879132,0.192529090114625,0.221845648645146,1,0.98575814983057,0.971637443319367,0.963617505767881,0.935141787838795,0.700114290183158,0.591558374382276,0.819249800507889,0.89214982515353,0.776455699969067,0.922613831956822,0.803094831969593,0.92049164586134,0.911653872126605,0.882669229607045,0.866066353120868,0.807470909885375,0.778154351354854,0,1e+05,1424.18501694303,98747.4444058259,2964273.36851744,29.6427336851744,2023,"Males","B'Tselem historical average",45.3112163148256
0,1,0.0188286,0.00432892,0.00252695,0.0136482,0.0731264,0.0594179,0.0694462,0.0334488,0.0132763,0.0120047,0.0188753,0.0271962,0.0193109,0.0326788,0.050953,0.0558414,0.0814056,0.222951,0.11171847013,0.0185188700900556,0.0171670504241557,0.012555432623828,0.065989408390995,0.309119930741552,0.25866602063176,0.295864361027952,0.154337951794999,0.0642490266197215,0.0582745779356401,0.090123719398112,0.127324166273015,0.0921077892322856,0.151053391106752,0.225979204041219,0.245003635036221,0.338199638724601,1,0.981481129909944,0.982832949575844,0.987444567376172,0.934010591609005,0.690880069258448,0.74133397936824,0.704135638972048,0.845662048205001,0.935750973380278,0.94172542206436,0.909876280601888,0.872675833726985,0.907892210767714,0.848946608893248,0.774020795958781,0.754996364963779,0.661800361275399,0,1e+05,1851.88700900556,98355.0029744942,3229538.82368701,32.2953882368701,2023,"Males","B'Tselem historical average",42.6585617631299
0,1,0.0183127,0.00151681,0.00488055,0.00531903,0.0650065,0.0928956,0.0517906,0.0365962,0.0193041,0.0099701,0.0269801,0.0223267,0.0137076,0.0240576,0.0265685,0.0436213,0.0564217,0.224971,0.112747922785,0.0180199127971879,0.00604888996642007,0.024108592027945,0.0262461399850878,0.279593941159962,0.376938240065442,0.229268160957753,0.167643236473428,0.0920768482826664,0.0486381811746759,0.12637638147539,0.105731889553751,0.0662670929903149,0.113463831328574,0.124568504237889,0.196660079216214,0.247234958372926,1,0.981980087202812,0.99395111003358,0.975891407972055,0.973753860014912,0.720406058840038,0.623061759934558,0.770731839042247,0.832356763526572,0.907923151717334,0.951361818825324,0.87362361852461,0.894268110446249,0.933732907009685,0.886536168671426,0.875431495762111,0.803339920783786,0.752765041627074,0,1e+05,1801.99127971879,98401.1794939462,3269082.52362124,32.6908252362124,2023,"Males","B'Tselem historical average",42.2631247637876
0,1,0.0148638,0.00197688,0.00121575,0.0201602,0.0516699,0.0712727,0.0775846,0.0298968,0.0316521,0.0396205,0.0125675,0.048349,0.0207396,0.0212694,0.0253282,0.0639616,0.0499734,0.230635,0.11963003029,0.0146718099307962,0.0078763786889946,0.00606033038334113,0.0959643488364676,0.22879496729802,0.302469037565724,0.324904111229717,0.139088264904507,0.146655605289538,0.180248646275595,0.0609233640555788,0.215675734751276,0.0985863940546599,0.100977664174042,0.119099556530698,0.275719369878887,0.222117129590327,1,0.985328190069204,0.992123621311005,0.993939669616659,0.904035651163532,0.77120503270198,0.697530962434276,0.675095888770283,0.860911735095493,0.853344394710462,0.819751353724405,0.939076635944421,0.784324265248724,0.90141360594534,0.899022335825958,0.880900443469302,0.724280630121114,0.777882870409673,0,1e+05,1467.18099307962,98708.3379135634,3153779.58745656,31.5377958745656,2023,"Males","B'Tselem historical average",43.4161541254344
0,1,0.0231493,0.00400395,0.00522413,0.00805858,0.0322096,0.0650328,0.10414,0.034408,0.0307123,0.00811002,0.0294112,0.0153136,0.0362351,0.0477107,0.0247597,0.0471509,0.0473315,0.321217,0.103791579353,0.0226787922238572,0.0158885659527073,0.0257839038361314,0.0394971721952275,0.149046203508668,0.279691238983573,0.413139207363034,0.158413288889707,0.142611669088624,0.0397442826814201,0.136983851376024,0.0737447557700976,0.166126476296841,0.213131828209601,0.116582152214534,0.210894800837927,0.211617111694571,1,0.977321207776143,0.984111434047293,0.974216096163869,0.960502827804773,0.850953796491332,0.720308761016427,0.586860792636966,0.841586711110293,0.857388330911376,0.96025571731858,0.863016148623976,0.926255244229902,0.833873523703159,0.7868681717904,0.883417847785466,0.789105199162073,0.788382888305429,0,1e+05,2267.87922238572,97967.5075438876,3279841.55201981,32.7984155201981,2023,"Males","B'Tselem historical average",42.1555344798019
0,1,0.0154685,0.00118096,0.00333204,0.00516287,0.0293917,0.119922,0.0538088,0.0381965,0.0217417,0.0194995,0.0271399,0.0137242,0.0361849,0.0186223,0.0431882,0.0509609,0.052708,0.24204,0.118423381675,0.0152603990064143,0.00471270895845684,0.0165225653781435,0.0254854054123963,0.136899246072991,0.461307657687115,0.237143043502021,0.174335030060715,0.103104340879738,0.0929655458468961,0.127077334615661,0.066344680828436,0.165915417979852,0.08896946005982,0.194897788343643,0.22601028160091,0.23285649911201,1,0.984739600993586,0.995287291041543,0.983477434621856,0.974514594587604,0.863100753927009,0.538692342312885,0.762856956497979,0.825664969939285,0.896895659120262,0.907034454153104,0.872922665384339,0.933655319171564,0.834084582020148,0.91103053994018,0.805102211656357,0.77398971839909,0.76714350088799,0,1e+05,1526.03990064142,98654.6789049635,3328538.77715027,33.2853877715027,2023,"Males","B'Tselem historical average",41.6685622284973
0,1,0.0150031,0.00830971,0.0020006,0.00971238,0.0367122,0.117931,0.0504626,0.0270485,0.0263159,0.0211398,0.0145714,0.0271546,0.0302283,0.0244239,0.0259178,0.0661247,0.0584327,0.215173,0.119352064105,0.0148074572258869,0.0326954604113307,0.00995321897529506,0.0474107226147279,0.168129949197664,0.455392706750513,0.224047900980015,0.126676478198612,0.123457276634533,0.100393266084089,0.0702962143553559,0.127141788944799,0.14052213673531,0.115092010605435,0.121703295800269,0.28372107292319,0.254923787068418,1,0.985192542774113,0.967304539588669,0.990046781024705,0.952589277385272,0.831870050802336,0.544607293249487,0.775952099019985,0.873323521801388,0.876542723365467,0.899606733915911,0.929703785644644,0.872858211055201,0.85947786326469,0.884907989394565,0.878296704199731,0.71627892707681,0.745076212931582,0,1e+05,1480.74572258869,98695.9843358169,3227435.82502322,32.2743582502322,2023,"Males","B'Tselem historical average",42.6795917497679
0,1,0.0140277,0.0018137,0.00508217,0.00584283,0.0589416,0.0710274,0.0784678,0.0330061,0.0144544,0.0139467,0.0279131,0.0251729,0.0335558,0.0391522,0.0445722,0.0601379,0.0422195,0.211792,0.121298426035,0.0138568976339884,0.00722857905234552,0.0250920449053583,0.0287935603051063,0.256858824739357,0.301585003335263,0.32799615773517,0.15245097009026,0.0697514611981439,0.067384037606774,0.130461535297704,0.118412532877801,0.154793454498821,0.178308112768193,0.200517261313236,0.261390770027855,0.190943637718373,1,0.986143102366012,0.992771420947654,0.974907955094642,0.971206439694894,0.743141175260643,0.698414996664737,0.67200384226483,0.84754902990974,0.930248538801856,0.932615962393226,0.869538464702296,0.881587467122199,0.845206545501179,0.821691887231807,0.799482738686764,0.738609229972145,0.809056362281627,0,1e+05,1385.68976339884,98782.3922238743,3273658.80041882,32.7365880041882,2023,"Males","B'Tselem historical average",42.2173619958118
0,1,0.0162352,0.00125092,0.00196792,0.0249084,0.0786203,0.0924353,0.0489156,0.0608175,0.0207967,0.0316527,0.0133037,0.0204771,0.0396055,0.0228793,0.0303524,0.0579898,0.0464098,0.221607,0.11689347016,0.0160057194201892,0.00499119283411989,0.00979142813187679,0.11724126894173,0.328528898586207,0.375421095928744,0.217927824294812,0.263954819424175,0.0988444063368368,0.146658181450041,0.06437735737667,0.097399358966279,0.180186553625921,0.108207235492492,0.141058351248883,0.253236207443921,0.207924646815549,1,0.983994280579811,0.99500880716588,0.990208571868123,0.88275873105827,0.671471101413793,0.624578904071256,0.782072175705188,0.736045180575825,0.901155593663163,0.853341818549959,0.93562264262333,0.902600641033721,0.819813446374079,0.891792764507508,0.858941648751117,0.746763792556079,0.792075353184451,0,1e+05,1600.57194201891,98586.5244665244,2885627.66852037,28.8562766852037,2023,"Males","B'Tselem historical average",46.0976733147963
0,1,0.0212537,0.00225914,0.00113172,0.0165279,0.0542238,0.0984274,0.0605507,0.0417292,0.0516445,0.0239387,0.0183764,0.0161484,0.0275706,0.043613,0.0296555,0.0524068,0.0482349,0.211767,0.106879304335,0.020857775221793,0.00899591394195435,0.00564263529196843,0.079360350171021,0.238753671648205,0.394951802408937,0.262949117219885,0.188935664656083,0.228695356635584,0.112934723817382,0.0878462551903023,0.0776088529957102,0.128963965249248,0.196626338723166,0.138043153177371,0.23167998358999,0.215221527819454,1,0.979142224778207,0.991004086058046,0.994357364708032,0.920639649828979,0.761246328351795,0.605048197591063,0.737050882780115,0.811064335343917,0.771304643364416,0.887065276182618,0.912153744809698,0.92239114700429,0.871036034750752,0.803373661276834,0.861956846822629,0.76832001641001,0.784778472180546,0,1e+05,2085.7775221793,98137.1489283888,3020285.80140076,30.2028580140076,2023,"Males","B'Tselem historical average",44.7510919859924
0,1,0.014362,0.00367519,0.0047601,0.00760878,0.0640163,0.0860662,0.0579557,0.0447108,0.0293066,0.0134715,0.0227919,0.0453616,0.0178387,0.0200986,0.0232999,0.0674919,0.0470131,0.276808,0.1206313471,0.0141828774542449,0.0145934922861696,0.0235205989918473,0.0373337394744048,0.275922634614344,0.354133655045342,0.253106141052508,0.201078093898327,0.136529929891597,0.0651628951451309,0.107816162040947,0.203706830584406,0.0853855806080193,0.0956851558181817,0.110086961986053,0.28874040384443,0.210343276293245,1,0.985817122545755,0.98540650771383,0.976479401008153,0.962666260525595,0.724077365385656,0.645866344954658,0.746893858947492,0.798921906101673,0.863470070108403,0.934837104854869,0.892183837959053,0.796293169415594,0.914614419391981,0.904314844181818,0.889913038013947,0.71125959615557,0.789656723706755,0,1e+05,1418.28774542449,98752.8022158815,3128867.63108375,31.2886763108375,2023,"Males","B'Tselem historical average",43.6652736891625
0,1,0.0138307,0.00363441,0.00380854,0.00871614,0.0288175,0.105891,0.0722968,0.0269895,0.0179913,0.0141712,0.0355461,0.025665,0.0316259,0.022372,0.0232898,0.0501453,0.111339,0.24383,0.121691529685,0.0136647063270046,0.0144327310757023,0.0188630978433492,0.0426513129625857,0.134404496085164,0.418631681528234,0.306149861697136,0.126417628536533,0.0860845668318934,0.0684316050947048,0.163225431245969,0.120587786169875,0.146543105962826,0.105935052512951,0.110041867297535,0.222796061627212,0.435480180467361,1,0.986335293672995,0.985567268924298,0.981136902156651,0.957348687037414,0.865595503914836,0.581368318471766,0.693850138302864,0.873582371463467,0.913915433168107,0.931568394905295,0.836774568754031,0.879412213830125,0.853456894037174,0.894064947487049,0.889958132702465,0.777203938372788,0.564519819532639,0,1e+05,1366.47063270045,98799.8172688625,3303449.45018502,33.0344945018502,2023,"Males","B'Tselem historical average",41.9194554981498
0,1,0.0213765,0.00431321,0.00145203,0.0218332,0.0597174,0.0885192,0.0563565,0.05088,0.0152425,0.0150666,0.0166436,0.0113773,0.0140849,0.028446,0.0317325,0.0578334,0.0495679,0.25426,0.106634263075,0.0209759221296931,0.0171052826476626,0.00723389043517852,0.103515797239288,0.259800477423739,0.362398038807891,0.246984539499273,0.22569198012775,0.0734149322383908,0.072598469739555,0.0798937029153934,0.0553132124694289,0.0680290442853627,0.132786862288363,0.147000746990324,0.252639497249436,0.220513519759752,1,0.979024077870307,0.982894717352337,0.992766109564821,0.896484202760712,0.740199522576261,0.637601961192109,0.753015460500727,0.77430801987225,0.926585067761609,0.927401530260445,0.920106297084607,0.944686787530571,0.931970955714637,0.867213137711637,0.852999253009676,0.747360502750564,0.779486480240248,0,1e+05,2097.59221296931,98126.0829868925,3118196.90009373,31.1819690009373,2023,"Males","B'Tselem historical average",43.7719809990627
0,1,0.0232288,0.00411724,0.00456003,0.0204234,0.0496837,0.0738995,0.0526765,0.0557124,0.0198391,0.0181719,0.016948,0.022663,0.0230029,0.0441347,0.0286301,0.048898,0.0537951,0.211932,0.104050766048,0.0227552222831364,0.0163344542630599,0.0225431563271339,0.0971563428676901,0.220971763041444,0.311878362395402,0.232733530457181,0.244506842473455,0.0945081103689485,0.0869111482622338,0.0812955092721395,0.107239100654659,0.108760010865174,0.198744660122256,0.13358884502045,0.217857954368253,0.23708982313824,1,0.977244777716864,0.98366554573694,0.977456843672866,0.90284365713231,0.779028236958555,0.688121637604598,0.767266469542819,0.755493157526545,0.905491889631052,0.913088851737766,0.91870449072786,0.892760899345341,0.891239989134826,0.801255339877744,0.86641115497955,0.782142045631747,0.76291017686176,0,1e+05,2275.52222831362,97961.2476027017,3191519.72274663,31.9151972274663,2023,"Males","B'Tselem historical average",43.0387527725337
0,1,0.0165234,0.00131587,0.00632987,0.012418,0.0623351,0.107228,0.0646813,0.0303291,0.0233785,0.0185617,0.0151637,0.0190393,0.0116708,0.0232069,0.024239,0.0566616,0.0482093,0.235254,0.11631838147,0.0162856069341233,0.00524966424861036,0.0311563114963712,0.0602204559451818,0.269653331533773,0.4228000031544,0.278389941665395,0.140957699583877,0.11043782336609,0.0886927781495536,0.0730492574374879,0.0908711903632905,0.0566996736227102,0.10967165232892,0.1142704937547,0.248155745961561,0.215119588103147,1,0.983714393065877,0.99475033575139,0.968843688503629,0.939779544054818,0.730346668466227,0.5771999968456,0.721610058334605,0.859042300416123,0.88956217663391,0.911307221850446,0.926950742562512,0.90912880963671,0.94330032637729,0.89032834767108,0.8857295062453,0.751844254038439,0.784880411896853,0,1e+05,1628.56069341234,98560.870850571,3077778.21923366,30.7777821923366,2023,"Males","B'Tselem historical average",44.1761678076634
0,1,0.0235644,0.004171,0.00099034,0.0342765,0.0381692,0.0643121,0.0677048,0.0514941,0.0186868,0.0278142,0.0298798,0.0323613,0.017882,0.0203765,0.0309527,0.0687404,0.0915938,0.229106,0.105144892524,0.0230777655346812,0.0165459734891535,0.00493947061168606,0.157855651871561,0.174221282554776,0.277020995145291,0.289519372048352,0.228105306359485,0.0892638602411158,0.130029344514511,0.139014673404054,0.149695636496606,0.0855839686801537,0.0969440489656296,0.143647783155785,0.293298380084157,0.372640175689767,1,0.976922234465319,0.983454026510847,0.995060529388314,0.842144348128439,0.825778717445224,0.722979004854709,0.710480627951648,0.771894693640515,0.910736139758884,0.869970655485489,0.860985326595946,0.850304363503394,0.914416031319846,0.90305595103437,0.856352216844215,0.706701619915843,0.627359824310233,0,1e+05,2307.77655346812,97934.8743642157,3130561.34350019,31.3056134350019,2023,"Males","B'Tselem historical average",43.6483365649981
0,1,0.0154698,0.00177722,0.0103087,0.0301476,0.0356586,0.0863181,0.0740786,0.0521159,0.013893,0.0162295,0.0244759,0.0163894,0.0129838,0.02401,0.0513033,0.0452018,0.0532538,0.224547,0.11842078759,0.0152616636577107,0.00708370140836605,0.0502485080136005,0.140173280055497,0.163699741035756,0.354986170574363,0.31251611019776,0.230542212737928,0.0671332929042047,0.0779834202044785,0.115322919393068,0.0787215044379132,0.0628780111955965,0.113252045942313,0.227356192609272,0.203062072076079,0.234984461244451,1,0.984738336342289,0.992916298591634,0.9497514919864,0.859826719944503,0.836300258964244,0.645013829425637,0.68748388980224,0.769457787262071,0.932866707095795,0.922016579795521,0.884677080606932,0.921278495562087,0.937121988804403,0.886747954057687,0.772643807390728,0.796937927923921,0.765015538755549,0,1e+05,1526.16636577107,98654.5634572569,3057972.21983156,30.5797221983156,2023,"Males","B'Tselem historical average",44.3742278016844
0,1,0.0146861,0.00162708,0.00236067,0.0288053,0.0455787,0.069209,0.0613947,0.0327024,0.0152917,0.0394946,0.0135564,0.00963371,0.018887,0.0278291,0.0590742,0.0525354,0.0602061,0.231336,0.119984621755,0.0144987186493939,0.00648720958206642,0.0117340991603379,0.134351417764659,0.204582041286983,0.295002866526431,0.266126593998587,0.151154234411457,0.0736431765912971,0.179727350461189,0.0655601025640034,0.0470357285780997,0.0901770644589114,0.130094469964759,0.257362317464149,0.232182498871911,0.261648422304702,1,0.985501281350606,0.993512790417934,0.988265900839662,0.865648582235341,0.795417958713017,0.704997133473569,0.733873406001413,0.848845765588543,0.926356823408703,0.820272649538811,0.934439897435997,0.9529642714219,0.909822935541089,0.869905530035241,0.742637682535851,0.767817501128089,0.738351577695298,0,1e+05,1449.87186493938,98724.0904623686,3291545.18734572,32.9154518734572,2023,"Males","B'Tselem historical average",42.0384981265428
0,1,0.0159072,0.00293081,0.00254646,0.0165586,0.0587888,0.116027,0.0672812,0.0368429,0.0129634,0.0318065,0.0183746,0.0194275,0.0117573,0.0274036,0.0286029,0.0546839,0.0611482,0.218343,0.11754797776,0.0156869962868647,0.0116549232686699,0.0126517570170658,0.0795018996126835,0.256278270088546,0.449693523788484,0.287968786246911,0.168678030477318,0.0627823192079492,0.147318301137199,0.0878380284080343,0.0926381794231423,0.0571079128408895,0.128232892750552,0.133470398823713,0.240535897576316,0.265199777425131,1,0.984313003713135,0.98834507673133,0.987348242982934,0.920498100387316,0.743721729911454,0.550306476211516,0.712031213753089,0.831321969522682,0.937217680792051,0.852681698862801,0.912161971591966,0.907361820576858,0.94289208715911,0.871767107249448,0.866529601176287,0.759464102423684,0.734800222574869,0,1e+05,1568.69962868646,98615.6978403785,2989799.85507163,29.8979985507163,2023,"Males","B'Tselem historical average",45.0559514492837
0,1,0.0149794,0.00206162,0.008441,0.00340099,0.060337,0.0956174,0.0748432,0.025476,0.0234971,0.0230965,0.0354131,0.0427307,0.0259044,0.0326091,0.0334178,0.0589465,0.0539132,0.228413,0.11939935627,0.014784381160684,0.00821261740740111,0.0413327751131742,0.0168615847968048,0.262142734561854,0.385851667031868,0.315233323337051,0.119752935535729,0.110966993634667,0.109178402563009,0.162664375509143,0.193032468721957,0.121644199966002,0.150755497283807,0.154205941703363,0.256877435605239,0.237548500462203,1,0.985215618839316,0.991787382592599,0.958667224886826,0.983138415203195,0.737857265438146,0.614148332968132,0.684766676662949,0.880247064464271,0.889033006365333,0.890821597436991,0.837335624490857,0.806967531278043,0.878355800033998,0.849244502716193,0.845794058296637,0.74312256439476,0.762451499537797,0,1e+05,1478.4381160684,98698.0864432752,3059962.10489056,30.5996210489056,2023,"Males","B'Tselem historical average",44.3543289510944
0,1,0.0166281,0.00188404,0.00514725,0.00348878,0.0353694,0.0929713,0.0826553,0.0357802,0.0185378,0.0205085,0.0288146,0.0267616,0.0201535,0.0348921,0.0351125,0.0539855,0.058657,0.214323,0.116109457855,0.0163872497031609,0.00750786974616686,0.0254092802061473,0.0172930707019908,0.162479953804746,0.377187475214074,0.342502402853548,0.164212141809105,0.0885836356955094,0.0975414290079749,0.134391879380973,0.12541709469643,0.0959339860312957,0.160463250539617,0.161395041512253,0.237829181769021,0.255777192978631,1,0.983612750296839,0.992492130253833,0.974590719793853,0.982706929298009,0.837520046195254,0.622812524785926,0.657497597146452,0.835787858190895,0.911416364304491,0.902458570992025,0.865608120619027,0.87458290530357,0.904066013968704,0.839536749460383,0.838604958487747,0.762170818230979,0.744222807021369,0,1e+05,1638.72497031609,98551.5464975608,3294206.5757904,32.942065757904,2023,"Males","B'Tselem historical average",42.011884242096
0,1,0.0182261,0.00303328,0.00549546,0.00755597,0.0520387,0.142817,0.0494749,0.0454854,0.0174158,0.0489998,0.0186273,0.0147866,0.0392602,0.0325553,0.0319471,0.0429127,0.061252,0.245821,0.112920728755,0.0179361090691808,0.0120599575439621,0.0271049150587284,0.0370794224901183,0.230240021484886,0.526206806345417,0.220145329583476,0.204206018872897,0.083445811107294,0.21826201258887,0.0889922850229787,0.0712973852096476,0.178756008397756,0.150525493503374,0.147921354258427,0.193774980938682,0.265590176302759,1,0.982063890930819,0.987940042456038,0.972895084941272,0.962920577509882,0.769759978515114,0.473793193654583,0.779854670416524,0.795793981127103,0.916554188892706,0.78173798741113,0.911007714977021,0.928702614790352,0.821243991602244,0.849474506496626,0.852078645741573,0.806225019061318,0.734409823697241,0,1e+05,1793.61090691808,98408.924943794,2893499.67610863,28.9349967610863,2023,"Males","B'Tselem historical average",46.0189532389137
0,1,0.0138545,0.00365528,0.00861928,0.00925338,0.0505293,0.081972,0.0533412,0.0357702,0.013623,0.0486446,0.034356,0.0148514,0.0273933,0.0201117,0.0327688,0.0713778,0.0578427,0.279718,0.121644037975,0.013687929090444,0.0145150071691892,0.0421873387863637,0.0452207871807925,0.224310827286927,0.340152539981576,0.235324739953042,0.164170014379138,0.0658715787081473,0.216851378574489,0.1581928187938,0.0715986495405343,0.128187783945139,0.0957445365125513,0.151437904026353,0.302847524851616,0.2526749907774,1,0.986312070909556,0.985484992830811,0.957812661213636,0.954779212819208,0.775689172713073,0.659847460018424,0.764675260046958,0.835829985620862,0.934128421291853,0.783148621425511,0.8418071812062,0.928401350459466,0.871812216054861,0.904255463487449,0.848562095973647,0.697152475148384,0.7473250092226,0,1e+05,1368.79290904439,98797.7125875633,3217402.55265365,32.1740255265365,2023,"Males","B'Tselem historical average",42.7799244734635
0,1,0.0141629,0.00289621,0.00136008,0.0266074,0.0526875,0.111632,0.0440481,0.0225428,0.02561,0.0221426,0.024956,0.0125597,0.0158457,0.0219108,0.0420758,0.052787,0.0680507,0.251605,0.121028641195,0.0139887569933485,0.0115181221986143,0.00677735563536862,0.1247395145982,0.232776473836808,0.436376145354473,0.198393372249538,0.106700670322628,0.120344916707784,0.104905783022135,0.11745215975301,0.0608867031850178,0.076209517135803,0.103864608348495,0.190355590602336,0.233164821428177,0.29078345572392,1,0.986011243006651,0.988481877801386,0.993222644364631,0.8752604854018,0.767223526163192,0.563623854645527,0.801606627750462,0.893299329677372,0.879655083292216,0.895094216977865,0.88254784024699,0.939113296814982,0.923790482864197,0.896135391651505,0.809644409397664,0.766835178571823,0.70921654427608,0,1e+05,1398.87569933485,98770.4283257564,3115689.3989914,31.156893989914,2023,"Males","B'Tselem historical average",43.797056010086
0,1,0.0140477,0.00164321,0.00745535,0.0102578,0.0574629,0.12234,0.038894,0.0278021,0.0201567,0.0134762,0.0331187,0.0177514,0.0118753,0.0211854,0.031961,0.0588895,0.0845018,0.224612,0.121258517035,0.0138764055325569,0.00655130964495662,0.0365946845464172,0.0500066056026235,0.251224306932868,0.468430524179653,0.177236416993625,0.129976454066027,0.0959484877903887,0.0651848885135348,0.152931286504138,0.0849854722210386,0.0576645406995758,0.100598928642826,0.147980951984091,0.25666091727965,0.348819343911622,1,0.986123594467443,0.993448690355043,0.963405315453583,0.949993394397377,0.748775693067132,0.531569475820347,0.822763583006375,0.870023545933973,0.904051512209611,0.934815111486465,0.847068713495862,0.915014527778961,0.942335459300424,0.899401071357174,0.852019048015909,0.74333908272035,0.651180656088378,0,1e+05,1387.64055325568,98780.6226824097,3140009.23334859,31.4000923334859,2023,"Males","B'Tselem historical average",43.5538576665141
0,1,0.0161427,0.00756406,0.00164353,0.0126831,0.0586837,0.0701798,0.0612672,0.0447034,0.0303306,0.0248181,0.0160569,0.0232309,0.0212233,0.0197372,0.0444065,0.0461847,0.0549888,0.244305,0.117078049285,0.0159158553848918,0.0298053412213623,0.00818402328054432,0.0614665344909932,0.255878724271213,0.298523245788101,0.265647329790629,0.20104815928999,0.140964179633054,0.11684106680012,0.077186077192807,0.109778846487816,0.100769829209353,0.0940455122872121,0.199846311878877,0.207020545527446,0.241714960895741,1,0.984084144615108,0.970194658778638,0.991815976719456,0.938533465509007,0.744121275728787,0.701476754211899,0.734352670209371,0.79895184071001,0.859035820366946,0.88315893319988,0.922813922807193,0.890221153512184,0.899230170790647,0.905954487712788,0.800153688121123,0.792979454472554,0.758285039104259,0,1e+05,1591.58553848918,98594.7541916273,3200513.02745132,32.0051302745132,2023,"Males","B'Tselem historical average",42.9488197254868
0,1,0.0165806,0.00183709,0.00249241,0.00482045,0.0426999,0.102486,0.050606,0.0516175,0.0388159,0.015573,0.0279862,0.0270387,0.0151937,0.0369071,0.0311325,0.0517628,0.0495958,0.213799,0.11620424173,0.0163411391698244,0.00732145963942203,0.012384879506175,0.0238152494519484,0.192906752407218,0.407915842431431,0.224613076612384,0.228589459000149,0.176912003416467,0.0749471212037356,0.130780852279817,0.126633487784597,0.073188490095105,0.168947128577219,0.144421958446649,0.229159195932024,0.220623947109826,1,0.983658860830176,0.992678540360578,0.987615120493825,0.976184750548052,0.807093247592782,0.592084157568569,0.775386923387616,0.77141054099985,0.823087996583533,0.925052878796264,0.869219147720183,0.873366512215404,0.926811509904895,0.831052871422781,0.855578041553351,0.770840804067976,0.779376052890174,0,1e+05,1634.11391698243,98555.777051641,3248258.76074098,32.4825876074098,2023,"Males","B'Tselem historical average",42.4713623925902
0,1,0.0147488,0.0012773,0.00657692,0.0112547,0.0406226,0.127152,0.0443219,0.0484418,0.0282615,0.0349411,0.0384994,0.044732,0.0137395,0.0295323,0.0306188,0.0584899,0.0504774,0.253796,0.11985950704,0.0145597990145421,0.00509618129526312,0.0323526480548871,0.0547334778180043,0.184387273825718,0.48241114517255,0.199503558118562,0.216044980641858,0.13198244530503,0.160670490785994,0.175596135365294,0.201163846990997,0.0664161869968906,0.137509100014132,0.142208375481981,0.255141498209666,0.224106248171384,1,0.985440200985458,0.994903818704737,0.967647351945113,0.945266522181996,0.815612726174282,0.51758885482745,0.800496441881438,0.783955019358142,0.86801755469497,0.839329509214006,0.824403864634706,0.798836153009003,0.93358381300311,0.862490899985868,0.857791624518019,0.744858501790334,0.775893751828616,0,1e+05,1455.97990145421,98718.5331317942,3000127.14411782,30.0012714411782,2023,"Males","B'Tselem historical average",44.9526785588218
0,1,0.0177415,0.00630221,0.00273437,0.0133214,0.0595494,0.10995,0.0627402,0.0485659,0.0250074,0.0254827,0.00764604,0.0109637,0.040293,0.0376098,0.0255776,0.0572429,0.0673225,0.247222,0.113887723825,0.017466903492319,0.024895052304828,0.0135790248048608,0.0644602481265185,0.259164303119534,0.431218746935974,0.271168141432277,0.216538528675497,0.117679833339372,0.119782543450063,0.037513132716805,0.053356050668222,0.183028119911059,0.17188737546554,0.120201815133127,0.250382892768811,0.2881200883758,1,0.982533096507681,0.975104947695172,0.986420975195139,0.935539751873481,0.740835696880466,0.568781253064026,0.728831858567723,0.783461471324503,0.882320166660628,0.880217456549937,0.962486867283195,0.946643949331778,0.816971880088941,0.82811262453446,0.879798184866873,0.749617107231189,0.7118799116242,0,1e+05,1746.6903492319,98452.2362388692,2949930.07799224,29.4993007799224,2023,"Males","B'Tselem historical average",45.4546492200776
0,1,0.0164646,0.00333027,0.00614227,0.00754218,0.0559593,0.0668845,0.0545522,0.0545014,0.0141656,0.015915,0.0274057,0.0388149,0.0370919,0.0329159,0.0371278,0.0530623,0.0447225,0.282271,0.11643571393,0.0162285151477405,0.013232941464061,0.0302468886087626,0.0370130031693897,0.245457434468384,0.286514116446359,0.240026118012409,0.239829404265861,0.0684054880463274,0.0765300602286525,0.128242089424638,0.176907848844695,0.169721287445501,0.152066024832999,0.169871602766971,0.234238425929502,0.201125420908544,1,0.98377148485226,0.986767058535939,0.969753111391237,0.96298699683061,0.754542565531616,0.713485883553641,0.759973881987591,0.760170595734139,0.931594511953673,0.923469939771348,0.871757910575362,0.823092151155305,0.830278712554499,0.847933975167001,0.830128397233029,0.765761574070498,0.798874579091456,0,1e+05,1622.85151477405,98566.106359951,3274874.42493273,32.7487442493273,2023,"Males","B'Tselem historical average",42.2052057506727
0,1,0.0160246,0.00329081,0.00250475,0.0187503,0.0676053,0.065824,0.0858974,0.0325546,0.0467464,0.0131532,0.0157999,0.0289583,0.0176205,0.0273591,0.0478436,0.0740162,0.0460893,0.212386,0.11731371193,0.0158010982889082,0.0130771710296081,0.0124458158568315,0.0895536074839827,0.289155405210334,0.282613175791715,0.353561883640456,0.150522500512074,0.209274881677838,0.0636722649128701,0.0759976132750393,0.135016853619571,0.0843852253421467,0.128037989597039,0.213662090962113,0.312293968012064,0.206637101584817,1,0.984198901711092,0.986922828970392,0.987554184143169,0.910446392516017,0.710844594789666,0.717386824208285,0.646438116359544,0.849477499487926,0.790725118322162,0.93632773508713,0.924002386724961,0.864983146380429,0.915614774657853,0.871962010402961,0.786337909037887,0.687706031987936,0.793362898415183,0,1e+05,1580.10982889083,98605.2587203934,3027800.86692385,30.2780086692385,2023,"Males","B'Tselem historical average",44.6759413307615
0,1,0.0143467,0.00203319,0.00223335,0.0225306,0.0465268,0.123427,0.0737715,0.0382081,0.0342774,0.0263872,0.0174658,0.0222756,0.0120294,0.0266774,0.0279166,0.048186,0.0476968,0.222654,0.120661877485,0.0141679626469978,0.00809982304158018,0.0111047480274821,0.106646003863389,0.208394210605052,0.47161113202032,0.311422278461241,0.174383358043815,0.157859469546424,0.123771070050883,0.0836753573586148,0.105502662242384,0.0583909788961662,0.125047166782211,0.130476826559194,0.215026796910211,0.213076349886798,1,0.985832037353002,0.99190017695842,0.988895251972518,0.893353996136611,0.791605789394948,0.52838886797968,0.688577721538759,0.825616641956185,0.842140530453577,0.876228929949117,0.916324642641385,0.894497337757616,0.941609021103834,0.874952833217789,0.869523173440806,0.784973203089789,0.786923650113202,0,1e+05,1416.79626469978,98754.1570326126,2922473.82979916,29.2247382979916,2023,"Males","B'Tselem historical average",45.7292117020084
0,1,0.0139908,0.00219798,0.0062378,0.00818289,0.0331613,0.121729,0.0685714,0.0360122,0.0124305,0.0268534,0.0267683,0.0127427,0.0134471,0.0517585,0.0226928,0.0488021,0.0425477,0.283289,0.12137205814,0.0138209036695344,0.00875344022690015,0.0307100914784395,0.0400942332492183,0.153112939683208,0.466636893866356,0.292682822724562,0.165188955721881,0.0602792470488967,0.12582024648275,0.125446524495845,0.0617464585079276,0.065048708770723,0.22914234043189,0.107372541003774,0.217477146385902,0.192285261001243,1,0.986179096330466,0.9912465597731,0.96928990852156,0.959905766750782,0.846887060316792,0.533363106133644,0.707317177275438,0.834811044278119,0.939720752951103,0.87417975351725,0.874553475504155,0.938253541492072,0.934951291229277,0.77085765956811,0.892627458996226,0.782522853614098,0.807714738998756,0,1e+05,1382.09036695345,98785.6567854192,3173343.13859058,31.7334313859058,2023,"Males","B'Tselem historical average",43.2205186140942
0,1,0.0159906,0.004405,0.00228728,0.0251404,0.0547344,0.0792853,0.0860693,0.0272442,0.0344145,0.0136774,0.0248224,0.0285056,0.028806,0.0313817,0.0324861,0.045964,0.0436181,0.227909,0.11738155723,0.0157680559891022,0.0174661234523845,0.0113713761966324,0.118268694294873,0.240731292816202,0.33084803560635,0.354144151872994,0.127534557520032,0.158440843940522,0.066125923243571,0.11686012790286,0.133046569286376,0.134354463323741,0.145493886272876,0.150229568071667,0.206133230484972,0.196647070982902,1,0.984231944010898,0.982533876547615,0.988628623803368,0.881731305705127,0.759268707183798,0.66915196439365,0.645855848127006,0.872465442479968,0.841559156059478,0.933874076756429,0.88313987209714,0.866953430713624,0.865645536676259,0.854506113727124,0.849770431928333,0.793866769515028,0.803352929017098,0,1e+05,1576.80559891023,98608.2822977388,3014541.82821624,30.1454182821624,2023,"Males","B'Tselem historical average",44.8085317178376
0,1,0.0217167,0.00274499,0.00337846,0.0127783,0.0346187,0.129326,0.0810721,0.0526141,0.0156968,0.0260642,0.0146342,0.0320573,0.018879,0.0267281,0.0267855,0.0451852,0.0568005,0.242712,0.105955410985,0.0213030857185311,0.0109200093669755,0.0167508200611406,0.061913622881823,0.159306076797892,0.488644049224863,0.337047606793244,0.232489884871019,0.0755204273884235,0.122348697684527,0.0705884849826666,0.148393743144717,0.0901405895258535,0.125269931837158,0.125522071391835,0.202995068119964,0.248688431820893,1,0.978696914281469,0.989079990633025,0.983249179938859,0.938086377118177,0.840693923202108,0.511355950775137,0.662952393206756,0.767510115128981,0.924479572611577,0.877651302315473,0.929411515017333,0.851606256855283,0.909859410474146,0.874730068162842,0.874477928608165,0.797004931880036,0.751311568179107,0,1e+05,2130.30857185311,98095.4091484025,2969754.97283745,29.6975497283745,2023,"Males","B'Tselem historical average",45.2564002716255
0,1,0.0158968,0.00703929,0.00950052,0.0141181,0.0512005,0.0673041,0.0596588,0.0430637,0.0256128,0.0182278,0.0183959,0.0271754,0.0156558,0.0293683,0.0261024,0.0703268,0.0417862,0.234844,0.11756873044,0.0156768872375085,0.0277662506193554,0.0464005271592818,0.0681839311056435,0.226952319423405,0.288052683466719,0.259578626581282,0.194390558287668,0.120357282487745,0.0871668502189477,0.0879353741277101,0.12723298204906,0.0753305980573349,0.136797709565424,0.122517028770549,0.299055040027487,0.189169331228544,1,0.984323112762492,0.972233749380645,0.953599472840718,0.931816068894356,0.773047680576595,0.711947316533281,0.740421373418718,0.805609441712332,0.879642717512255,0.912833149781052,0.91206462587229,0.87276701795094,0.924669401942665,0.863202290434576,0.877482971229451,0.700944959972513,0.810830668771455,0,1e+05,1567.68872375085,98616.6224492256,3217448.02129309,32.1744802129309,2023,"Males","B'Tselem historical average",42.7794697870691
0,1,0.0166868,0.00640864,0.00458333,0.0061504,0.0630751,0.0823262,0.0810536,0.023819,0.0343691,0.0158064,0.00846925,0.0511752,0.0189322,0.0203196,0.0310763,0.0480169,0.0550723,0.256626,0.11599232494,0.0164442269448064,0.0253101526861785,0.0226570382917161,0.0302863175808764,0.272418447893225,0.341371461886168,0.336983654212337,0.112401756410166,0.15824836527276,0.0760276898094883,0.0414682378171674,0.226852894396678,0.0903831216602591,0.0966864262337516,0.144180044228829,0.214353074627319,0.242037583917984,1,0.983555773055194,0.974689847313821,0.977342961708284,0.969713682419124,0.727581552106775,0.658628538113832,0.663016345787663,0.887598243589834,0.84175163472724,0.923972310190512,0.958531762182833,0.773147105603322,0.909616878339741,0.903313573766248,0.855819955771171,0.785646925372681,0.757962416082016,0,1e+05,1644.42269448064,98546.3177170363,3107024.6440984,31.070246440984,2023,"Males","B'Tselem historical average",43.883703559016
0,1,0.0205921,0.0079807,0.00238263,0.0034829,0.0395919,0.0867637,0.0862499,0.036887,0.0333141,0.00987918,0.0153429,0.026085,0.0272977,0.0242118,0.0222879,0.0563531,0.0490916,0.2415,0.108199494055,0.0202207649583571,0.0314212725011009,0.0118426086135975,0.0172641764991775,0.180130252627494,0.356492072025913,0.354755445708061,0.168862886741881,0.153764209380678,0.0482053272381388,0.0738806417540784,0.122440358144502,0.127769000394807,0.114149582826315,0.105557843357577,0.246971478883347,0.218626222356419,1,0.979779235041643,0.968578727498899,0.988157391386403,0.982735823500822,0.819869747372506,0.643507927974087,0.645244554291939,0.831137113258119,0.846235790619322,0.951794672761861,0.926119358245922,0.877559641855498,0.872230999605193,0.885850417173685,0.894442156642423,0.753028521116653,0.781373777643581,0,1e+05,2022.07649583572,98196.7111579542,3246784.20637301,32.4678420637301,2023,"Males","B'Tselem historical average",42.4861079362699
0,1,0.0160467,0.00137457,0.00846884,0.00778425,0.0500882,0.0863744,0.0606492,0.0179376,0.043442,0.023748,0.0128068,0.013359,0.0153022,0.0380228,0.0442319,0.0592496,0.105641,0.26865,0.117269612485,0.0158225746585918,0.00548320589933391,0.0414662719437791,0.0381782768706736,0.222570598384939,0.355176588241486,0.263320548478104,0.0858386515116132,0.195930922195011,0.11208548476925,0.0620474275133065,0.0646363088743683,0.0736918802741714,0.173611054036457,0.199138783144569,0.258027878521832,0.417849818349382,1,0.984177425341408,0.994516794100666,0.958533728056221,0.961821723129326,0.777429401615061,0.644823411758514,0.736679451521896,0.914161348488387,0.804069077804989,0.88791451523075,0.937952572486694,0.935363691125632,0.926308119725829,0.826388945963543,0.800861216855431,0.741972121478168,0.582150181650618,0,1e+05,1582.25746585918,98603.2932540136,3275446.63174821,32.7544663174821,2023,"Males","B'Tselem historical average",42.1994836825179
0,1,0.0174296,0.00295436,0.00119341,0.00344598,0.0456317,0.116256,0.0790754,0.0332358,0.0245039,0.0284829,0.00865236,0.0264092,0.0324775,0.0202567,0.0312913,0.0511739,0.0804042,0.222066,0.11451010468,0.0171646848088042,0.0117480242143641,0.00594930011437625,0.0170827331084077,0.20479557446205,0.450381206223269,0.330116720666517,0.153430533672425,0.11544723146242,0.132947662555495,0.042345821764005,0.12386787151872,0.15019278459573,0.0964015564772673,0.145105176014448,0.226847785299637,0.334735624709359,1,0.982835315191196,0.988251975785636,0.994050699885624,0.982917266891592,0.79520442553795,0.549618793776731,0.669883279333483,0.846569466327575,0.88455276853758,0.867052337444505,0.957654178235995,0.87613212848128,0.84980721540427,0.903598443522733,0.854894823985552,0.773152214700363,0.665264375290641,0,1e+05,1716.46848088042,98480.0845045451,3133262.26343651,31.3326226343651,2023,"Males","B'Tselem historical average",43.6213273656349
0,1,0.0159633,0.00427038,0.00545298,0.00991734,0.0587189,0.138603,0.0491304,0.034391,0.0304892,0.00962361,0.024946,0.0118775,0.016718,0.0182105,0.0256839,0.0431212,0.103543,0.265263,0.117436033015,0.0157415234473987,0.0169368662898662,0.026898211476951,0.0483870235887069,0.256012560197541,0.514675930137782,0.218780113748702,0.158341217934994,0.141649082021105,0.0469875747640621,0.117407858880893,0.05767491547851,0.0802365148613691,0.0870877225703324,0.120671230459973,0.194624856585512,0.411257827037611,1,0.984258476552601,0.983063133710134,0.973101788523049,0.951612976411293,0.743987439802459,0.485324069862218,0.781219886251298,0.841658782065006,0.858350917978895,0.953012425235938,0.882592141119107,0.94232508452149,0.919763485138631,0.912912277429668,0.879328769540027,0.805375143414488,0.588742172962389,0,1e+05,1574.15234473986,98610.7098619876,2960456.53469541,29.6045653469541,2023,"Males","B'Tselem historical average",45.3493846530459
0,1,0.0153972,0.00696702,0.00313915,0.0214462,0.0344913,0.0943072,0.0724758,0.0399458,0.0288564,0.0248686,0.0199857,0.0571197,0.0166992,0.0186189,0.0243925,0.0555422,0.0543126,0.228671,0.11856565726,0.015191033058823,0.0274851014963459,0.0155735308763736,0.101774318999673,0.158766355045544,0.381573240284584,0.306791585939428,0.181594187283979,0.134573717449477,0.117064899594839,0.0951732404222334,0.249911347071675,0.08014990189566,0.0889539387734285,0.114952549821215,0.243850953874306,0.239097925085063,1,0.984808966941177,0.972514898503654,0.984426469123626,0.898225681000327,0.841233644954456,0.618426759715416,0.693208414060572,0.818405812716021,0.865426282550523,0.88293510040516,0.904826759577767,0.750088652928325,0.91985009810434,0.911046061226572,0.885047450178785,0.756149046125694,0.760902074914937,0,1e+05,1519.10330588229,98661.0101760255,3066877.3986318,30.668773986318,2023,"Males","B'Tselem historical average",44.285176013682
0,1,0.0141351,0.0043847,0.00203146,0.00645034,0.0558687,0.131824,0.045105,0.0598891,0.0121419,0.0294472,0.0377734,0.0557495,0.0304992,0.0258293,0.0320159,0.0626721,0.0553929,0.213486,0.121084114705,0.0139616465910053,0.0173863322975499,0.0101059752886005,0.0317398676551728,0.245108734159639,0.495742952555733,0.202671279810382,0.260450182446159,0.0589209687246067,0.137140025595696,0.172570558192892,0.244649747284418,0.141692249370034,0.121312929852408,0.148216304075845,0.270913677310562,0.243275202577818,1,0.986038353408995,0.98261366770245,0.989894024711399,0.968260132344827,0.754891265840361,0.504257047444267,0.797328720189618,0.739549817553841,0.941079031275393,0.862859974404304,0.827429441807108,0.755350252715582,0.858307750629966,0.878687070147592,0.851783695924155,0.729086322689438,0.756724797422182,0,1e+05,1396.16465910053,98772.8887026291,2924910.48722582,29.2491048722582,2023,"Males","B'Tselem historical average",45.7048451277418
0,1,0.0142527,0.00206645,0.0024495,0.0264506,0.0508953,0.0896518,0.0438508,0.0170588,0.0424873,0.0203443,0.0290076,0.014227,0.0112715,0.0465769,0.0310298,0.0450955,0.0423963,0.223936,0.120849449785,0.014076319924158,0.00823177888106246,0.0121729558615429,0.124050007198958,0.225752186815875,0.366185930491831,0.197592524334754,0.0818052514417631,0.1920385059639,0.0967982675154629,0.135231170729843,0.0686918042522578,0.0548129398706208,0.20859520499157,0.14397983619694,0.202632918104092,0.191666612039929,1,0.985923680075842,0.991768221118938,0.987827044138457,0.875949992801042,0.774247813184125,0.633814069508169,0.802407475665246,0.918194748558237,0.8079614940361,0.903201732484537,0.864768829270157,0.931308195747742,0.945187060129379,0.79140479500843,0.85602016380306,0.797367081895908,0.808333387960071,0,1e+05,1407.63199241579,98762.4795593674,3225586.59049914,32.2558659049914,2023,"Males","B'Tselem historical average",42.6980840950087
0,1,0.0143256,0.0075095,0.00113574,0.00603525,0.0525406,0.0930621,0.0859706,0.0263912,0.0186482,0.0291789,0.0223923,0.0261941,0.0149766,0.0465366,0.0253339,0.0462751,0.0842065,0.209789,0.12070398148,0.0141473931677567,0.0295935347023061,0.00566262183469366,0.0297277145272486,0.232202812300156,0.377486324744895,0.353809880680025,0.123788671060754,0.0890876874664695,0.135975463845031,0.106026080494365,0.122920988347797,0.0721804554762847,0.208433530420575,0.119124762921554,0.207383741553136,0.34781234865703,1,0.985852606832243,0.970406465297694,0.994337378165306,0.970272285472751,0.767797187699844,0.622513675255105,0.646190119319975,0.876211328939246,0.91091231253353,0.864024536154969,0.893973919505635,0.877079011652203,0.927819544523715,0.791566469579425,0.880875237078446,0.792616258446864,0.65218765134297,0,1e+05,1414.73931677567,98756.0253515154,3137840.05850112,31.3784005850112,2023,"Males","B'Tselem historical average",43.5755494149888
0,1,0.0139288,0.0030451,0.00342857,0.0170866,0.0574678,0.0605689,0.0953756,0.0534565,0.0258655,0.0127958,0.0203566,0.0159189,0.0140243,0.0230397,0.0238299,0.050537,0.0486336,0.239,0.12149577604,0.0137604204821922,0.0121066679707247,0.0169971601168455,0.0819331045399205,0.251243038307833,0.263017759123554,0.385063777868753,0.235773442436044,0.121472624572782,0.0619957858098362,0.0968539568547276,0.0765480962754999,0.0677462651346793,0.108924528832637,0.112450301406295,0.224341175086619,0.216807657741195,1,0.986239579517808,0.987893332029275,0.983002839883155,0.91806689546008,0.748756961692167,0.736982240876446,0.614936222131248,0.764226557563956,0.878527375427218,0.938004214190164,0.903146043145272,0.9234519037245,0.932253734865321,0.891075471167363,0.887549698593705,0.775658824913381,0.783192342258805,0,1e+05,1376.04204821921,98791.1412482929,3132907.3725788,31.329073725788,2023,"Males","B'Tselem historical average",43.624876274212
0,1,0.015808,0.00326704,0.00393598,0.0280557,0.0439398,0.121636,0.0587481,0.0373238,0.0162116,0.0341818,0.0207721,0.0144752,0.0272578,0.0268436,0.0374926,0.0471136,0.0729023,0.283433,0.1177459264,0.0155905635181516,0.012983325909839,0.0194881376994444,0.13108434252832,0.197953866717965,0.466363517855363,0.256123567596247,0.170691830629845,0.0779007600941444,0.15745385918986,0.0987332572668197,0.0698483286816678,0.127594159778944,0.125777216760425,0.171397641925829,0.210745546545665,0.308318652711141,1,0.984409436481848,0.987016674090161,0.980511862300556,0.86891565747168,0.802046133282035,0.533636482144637,0.743876432403753,0.829308169370156,0.922099239905856,0.84254614081014,0.90126674273318,0.930151671318332,0.872405840221056,0.874222783239575,0.828602358074171,0.789254453454335,0.691681347288859,0,1e+05,1559.05635181516,98624.5161826391,2933022.52756307,29.3302252756307,2023,"Males","B'Tselem historical average",45.6237247243693
0,1,0.0141639,0.00151203,0.0021322,0.00513504,0.0675,0.0740976,0.0667774,0.0499756,0.0203639,0.0629624,0.0309093,0.0164912,0.0158928,0.0265524,0.0255927,0.0611422,0.0418034,0.22199,0.121026645745,0.013989732161718,0.00602988526516502,0.0106044728574335,0.0253497697952762,0.288770053475936,0.312583738032,0.28612096472537,0.222125821933456,0.0968870067101385,0.271997898749445,0.143460816464161,0.0791911089598051,0.076427387057434,0.124497717044846,0.120268510244654,0.265177205642858,0.189239829299639,1,0.986010267838282,0.993970114734835,0.989395527142567,0.974650230204724,0.711229946524064,0.687416261968,0.71387903527463,0.777874178066544,0.903112993289861,0.728002101250555,0.856539183535839,0.920808891040195,0.923572612942566,0.875502282955154,0.879731489755346,0.734822794357142,0.810760170700361,0,1e+05,1398.97321617181,98770.3398196686,3130548.26560703,31.3054826560703,2023,"Males","B'Tselem historical average",43.6484673439297
0,1,0.0141717,0.00411234,0.0048054,0.0292737,0.0225276,0.069945,0.0735294,0.045138,0.0117201,0.0357991,0.00517475,0.0128369,0.0323099,0.0297197,0.0234922,0.05344,0.0576111,0.263098,0.121011081235,0.0139973384131273,0.0163151729235591,0.0237417781482164,0.136387111532805,0.106632560807862,0.297673131962251,0.31055896423749,0.202804523541014,0.0569323674020287,0.164291757371688,0.0255432995269325,0.0621887239246298,0.149475642357485,0.138321328996553,0.110945136651868,0.235709244883557,0.251790658050034,1,0.986002661586873,0.983684827076441,0.976258221851784,0.863612888467195,0.893367439192138,0.702326868037749,0.68944103576251,0.797195476458986,0.943067632597971,0.835708242628312,0.974456700473068,0.93781127607537,0.850524357642515,0.861678671003447,0.889054863348133,0.764290755116443,0.748209341949966,0,1e+05,1399.73384131273,98769.6494642657,3333598.90336586,33.3359890336586,2023,"Males","B'Tselem historical average",41.6179609663414
0,1,0.0216713,0.00114123,0.00486739,0.00619539,0.0609357,0.114072,0.058811,0.0565611,0.0233013,0.0407303,0.0230577,0.0135663,0.0218133,0.0191207,0.0362349,0.0648516,0.0519552,0.232757,0.106046004415,0.0212594378236507,0.00455452448005525,0.0240443667246206,0.0305044820917342,0.26440000199594,0.443797755956364,0.25636264169778,0.247770123210234,0.11009321256514,0.184830949902922,0.109004989153962,0.065606409419723,0.10342632629175,0.091241973970744,0.16612563552343,0.279020659496493,0.22991305332918,1,0.978740562176349,0.995445475519945,0.975955633275379,0.969495517908266,0.73559999800406,0.556202244043636,0.74363735830222,0.752229876789766,0.88990678743486,0.815169050097078,0.890995010846038,0.934393590580277,0.89657367370825,0.908758026029256,0.83387436447657,0.720979340503507,0.77008694667082,0,1e+05,2125.94378236507,98099.5040613657,2960492.45163751,29.6049245163751,2023,"Males","B'Tselem historical average",45.3490254836249
0,1,0.0143757,0.0014983,0.00238972,0.0274482,0.0499542,0.0978914,0.0554958,0.0619423,0.0281915,0.0226793,0.0459296,0.0509518,0.0332361,0.0252917,0.0296703,0.0554861,0.0465275,0.209308,0.120604009435,0.0141962321846982,0.00597529443270296,0.0118776394188201,0.128428193170541,0.222041265533248,0.393223903847305,0.243672060203409,0.268181978571783,0.131677065051502,0.107312092170116,0.205994847617202,0.225974483303981,0.153431812353587,0.118938131169736,0.138107288309199,0.243634657566938,0.208397019220541,1,0.985803767815302,0.994024705567297,0.98812236058118,0.871571806829459,0.777958734466752,0.606776096152695,0.756327939796591,0.731818021428217,0.868322934948498,0.892687907829884,0.794005152382798,0.774025516696019,0.846568187646413,0.881061868830264,0.861892711690801,0.756365342433062,0.791602980779459,0,1e+05,1419.62321846982,98751.5890335647,2905245.28709052,29.0524528709052,2023,"Males","B'Tselem historical average",45.9014971290948
0,1,0.0138387,0.00099581,0.00234803,0.014775,0.0289769,0.125165,0.0435591,0.028754,0.018392,0.0209504,0.0391384,0.0344075,0.042236,0.0434223,0.0306685,0.0555589,0.0974784,0.227321,0.121675566085,0.0136725124117092,0.00397532266786822,0.0116716366176815,0.0712434452413959,0.135097717382917,0.476669237287329,0.196407198048693,0.134128194722382,0.0879175510047993,0.0995385679643017,0.178250865786276,0.158411169236259,0.191011134326468,0.195850772502871,0.142422768324129,0.243915331255739,0.391889979544841,1,0.986327487588291,0.996024677332132,0.988328363382319,0.928756554758604,0.864902282617083,0.523330762712671,0.803592801951307,0.865871805277618,0.912082448995201,0.900461432035698,0.821749134213724,0.841588830763741,0.808988865673532,0.804149227497129,0.857577231675871,0.756084668744261,0.608110020455159,0,1e+05,1367.25124117092,98799.109827579,3222482.38939217,32.2248238939217,2023,"Males","B'Tselem historical average",42.7291261060783
0,1,0.0173316,0.00794123,0.00594599,0.0224133,0.0647379,0.067283,0.0845165,0.0296132,0.0329766,0.0167661,0.029425,0.0330703,0.00943624,0.0203714,0.0352831,0.0533591,0.0420626,0.232123,0.11470565878,0.0170696900599942,0.0312683024372721,0.0292944881657779,0.106120238164849,0.278599614965769,0.28797538108598,0.348869439946834,0.137859823673947,0.152325091009537,0.080458079483912,0.137043721255167,0.15272485783486,0.0460938191499609,0.0969209608455761,0.162115643818931,0.235394414714517,0.190301554576207,1,0.982930309940006,0.968731697562728,0.970705511834222,0.893879761835151,0.721400385034231,0.71202461891402,0.651130560053166,0.862140176326053,0.847674908990463,0.919541920516088,0.862956278744833,0.84727514216514,0.953906180850039,0.903079039154424,0.837884356181069,0.764605585285483,0.809698445423793,0,1e+05,1706.96900599942,98488.8299983508,2959170.72568214,29.5917072568214,2023,"Males","B'Tselem historical average",45.3622427431786
0,1,0.0160596,0.00181631,0.00358061,0.0188714,0.0548041,0.106946,0.0641604,0.0262542,0.0256921,0.0332535,0.029614,0.0165585,0.0210021,0.0333746,0.0247411,0.0611491,0.0593055,0.211529,0.11724387118,0.0158351102292927,0.00723894366845111,0.0177442122405236,0.0901059370489367,0.241000905664659,0.421922650538716,0.276457879646777,0.123185648376016,0.120707431498024,0.153505972831149,0.137863291233526,0.0795014385734537,0.0997719488810151,0.154021947756052,0.116499674743038,0.265203163141812,0.258239886088889,1,0.984164889770707,0.992761056331549,0.982255787759476,0.909894062951063,0.758999094335341,0.578077349461284,0.723542120353223,0.876814351623984,0.879292568501976,0.846494027168851,0.862136708766474,0.920498561426546,0.900228051118985,0.845978052243948,0.883500325256962,0.734796836858188,0.741760113911111,0,1e+05,1583.51102292928,98602.1459394551,3022919.16767136,30.2291916767136,2023,"Males","B'Tselem historical average",44.7247583232864
0,1,0.0148054,0.00275028,0.00581244,0.00849004,0.0782136,0.0776029,0.0579927,0.0319944,0.0249374,0.0254392,0.00674526,0.0237079,0.0347032,0.0208841,0.0291192,0.0443342,0.0890257,0.242802,0.11974656457,0.0146149308520986,0.0109409387101684,0.0286459429385654,0.0415679168089386,0.327107384649872,0.324968294790505,0.253247267914969,0.148124142349993,0.117369758463247,0.119590296333765,0.0331669999055428,0.111906811272577,0.159663881011228,0.0992391967289807,0.135716136681836,0.199553399220677,0.364094157014652,1,0.985385069147901,0.989059061289832,0.971354057061435,0.958432083191061,0.672892615350128,0.675031705209495,0.746752732085031,0.851875857650007,0.882630241536753,0.880409703666235,0.966833000094457,0.888093188727423,0.840336118988772,0.900760803271019,0.864283863318164,0.800446600779323,0.635905842985348,0,1e+05,1461.49308520985,98713.5156908868,3142475.32228769,31.4247532228769,2023,"Males","B'Tselem historical average",43.5291967771231
0,1,0.0165366,0.0026013,0.00376922,0.011867,0.0625135,0.111143,0.0789329,0.0440701,0.0284437,0.0143348,0.0148145,0.0657393,0.0418209,0.0244934,0.0306019,0.04797,0.0513587,0.222049,0.11629204153,0.0162984225935443,0.0103513460868486,0.018670170054072,0.0576253984902894,0.270320758204896,0.434880258557781,0.329619869505728,0.198482626954618,0.132776838590461,0.0691942844289208,0.0714271077795014,0.282300849423701,0.189311551354859,0.115400616358228,0.142135462012592,0.214166127196018,0.2275737678259,1,0.983701577406456,0.989648653913151,0.981329829945928,0.942374601509711,0.729679241795104,0.565119741442219,0.670380130494272,0.801517373045382,0.867223161409539,0.930805715571079,0.928572892220499,0.717699150576299,0.810688448645141,0.884599383641772,0.857864537987408,0.785833872803982,0.7724262321741,0,1e+05,1629.84225935442,98559.6954243578,2863863.13579038,28.6386313579038,2023,"Males","B'Tselem historical average",46.3153186420962
0,1,0.015347,0.00464605,0.00200576,0.00616671,0.0479414,0.133271,0.0491701,0.0274374,0.0244616,0.0232274,0.0157811,0.0334778,0.0139466,0.0197987,0.033257,0.0589225,0.0621703,0.237559,0.11866582885,0.0151421892388721,0.0184131036000381,0.00997876249335333,0.0303654132560495,0.214052105922784,0.499824667007957,0.218937547267728,0.128380904431854,0.11525942511643,0.109763214763505,0.0759106173897755,0.154461428013153,0.067383570731104,0.094324732306222,0.153520889448988,0.256786276549962,0.269036327085492,1,0.984857810761128,0.981586896399962,0.990021237506647,0.96963458674395,0.785947894077216,0.500175332992044,0.781062452732272,0.871619095568146,0.88474057488357,0.890236785236495,0.924089382610224,0.845538571986847,0.932616429268896,0.905675267693778,0.846479110551012,0.743213723450038,0.730963672914508,0,1e+05,1514.21892388719,98665.4671197762,3132340.36178799,31.3234036178799,2023,"Males","B'Tselem historical average",43.6305463821201
0,1,0.014223,0.00302612,0.00349089,0.00907859,0.0420426,0.0741741,0.0645716,0.0427133,0.0442122,0.016514,0.0281345,0.021698,0.0250477,0.0312085,0.0353354,0.0559517,0.0442894,0.216919,0.12090871465,0.0140473614104285,0.0120316614970213,0.0173034389946202,0.0443855543747718,0.190219675660219,0.312855974208629,0.277983415258272,0.192961449317199,0.199058918237725,0.0792962541475197,0.131428324510171,0.102907768118416,0.117858301550626,0.14474900193294,0.162336442200657,0.24542818899458,0.199371850870176,1,0.985952638589571,0.987968338502979,0.98269656100538,0.955614445625228,0.809780324339781,0.687144025791371,0.722016584741728,0.807038550682801,0.800941081762275,0.92070374585248,0.868571675489828,0.897092231881583,0.882141698449374,0.85525099806706,0.837663557799343,0.75457181100542,0.800628149129824,0,1e+05,1404.73614104286,98765.108700193,3315736.17142922,33.1573617142922,2023,"Males","B'Tselem historical average",41.7965882857078
0,1,0.0169415,0.00784943,0.00186364,0.0213151,0.0369224,0.0831328,0.0884066,0.0389127,0.0427486,0.0208889,0.00740669,0.0477931,0.0276795,0.0190962,0.0278358,0.0484249,0.0406108,0.248687,0.115484083825,0.0166913792415157,0.030912430087792,0.00927498690849463,0.101183650906412,0.169011247763905,0.344140575841673,0.362020496856513,0.177314076352769,0.193105523089175,0.0992608738315503,0.0363601785724235,0.213460636173268,0.129440387018784,0.0911303896336927,0.130123753084711,0.215977747890449,0.184338649892377,1,0.983308620758484,0.969087569912208,0.990725013091505,0.898816349093588,0.830988752236095,0.655859424158327,0.637979503143487,0.822685923647231,0.806894476910825,0.90073912616845,0.963639821427576,0.786539363826732,0.870559612981216,0.908869610366307,0.869876246915289,0.784022252109551,0.815661350107623,0,1e+05,1669.13792415157,98523.6209397966,3042564.67723813,30.4256467723813,2023,"Males","B'Tselem historical average",44.5283032276187
0,1,0.0145266,0.00237352,0.00219928,0.00489812,0.0666376,0.100694,0.0495335,0.0354659,0.0249535,0.0190918,0.00950059,0.0172883,0.0172963,0.0186491,0.0406693,0.0514003,0.0955734,0.217888,0.12030289603,0.0143433067687651,0.0094492241549674,0.0109362701991908,0.0241943331324927,0.285607503553079,0.402217721802139,0.220377346738341,0.162887151439412,0.117441084730447,0.0911103486157448,0.0464008611074284,0.0828602191817983,0.0828969727265734,0.0890917954917376,0.184579683676626,0.227737110498154,0.385708353192484,1,0.985656693231235,0.990550775845033,0.989063729800809,0.975805666867507,0.714392496446921,0.597782278197861,0.779622653261659,0.837112848560588,0.882558915269553,0.908889651384255,0.953599138892572,0.917139780818202,0.917103027273427,0.910908204508262,0.815420316323374,0.772262889501846,0.614291646807516,0,1e+05,1434.3306768765,98738.2234574164,3243840.36582825,32.4384036582825,2023,"Males","B'Tselem historical average",42.5155463417175
0,1,0.019591,0.00475814,0.00687647,0.0236889,0.0541997,0.0651982,0.0621978,0.049046,0.0232624,0.0333322,0.0226155,0.0159526,0.0386073,0.0200892,0.0290323,0.0427509,0.0558436,0.267109,0.11019713905,0.0192553384778803,0.0188531481631975,0.0338012665121677,0.111822141198412,0.238660219282399,0.28030289025194,0.269139316543696,0.218445326314008,0.109919520373177,0.153841325431159,0.107026363207218,0.0767039321307284,0.176044949548263,0.0956425444881706,0.135338528124806,0.19311490953491,0.245012105029006,1,0.98074466152212,0.981146851836803,0.966198733487832,0.888177858801588,0.761339780717601,0.71969710974806,0.730860683456304,0.781554673685992,0.890080479626822,0.846158674568841,0.892973636792782,0.923296067869272,0.823955050451737,0.904357455511829,0.864661471875194,0.80688509046509,0.754987894970994,0,1e+05,1925.53384778803,98286.6544733822,3078502.24114403,30.7850224114403,2023,"Males","B'Tselem historical average",44.1689275885597
0,1,0.0144076,0.00318764,0.002251,0.0177338,0.0354322,0.0829429,0.0428837,0.0340392,0.0304721,0.04533,0.040276,0.0182752,0.0132578,0.032481,0.0313894,0.0610046,0.0466939,0.236099,0.12054035458,0.0142273269236268,0.0126697865631199,0.0111920169247559,0.0849047886476986,0.16274496925124,0.3434894684237,0.19365670942507,0.156848505849241,0.141575261207405,0.203579368109043,0.182957962732468,0.0873836172931123,0.0641623703170273,0.15020775479154,0.145526987913936,0.264659398192556,0.209064417490366,1,0.985772673076373,0.98733021343688,0.988807983075244,0.915095211352301,0.83725503074876,0.6565105315763,0.80634329057493,0.843151494150759,0.858424738792595,0.796420631890957,0.817042037267532,0.912616382706888,0.935837629682973,0.84979224520846,0.854473012086064,0.735340601807444,0.790935582509634,0,1e+05,1422.73269236268,98748.7640108473,3344215.55295758,33.4421555295758,2023,"Males","B'Tselem historical average",41.5117944704242
0,1,0.0158775,0.00243672,0.00732211,0.0255734,0.0359607,0.0924961,0.0736069,0.0528917,0.0360606,0.0277513,0.0112598,0.0154117,0.0204694,0.022305,0.0300094,0.0474327,0.0531984,0.217027,0.117607242625,0.0156581266547825,0.0096996095349082,0.035952430866078,0.120183263333658,0.164972209651008,0.375621654668941,0.310835420683271,0.233573280322867,0.165392608275088,0.129754368952239,0.0547576009130968,0.074199643389919,0.0973645168946896,0.105634553225749,0.139575553464645,0.212021606824892,0.234768701742989,1,0.984341873345217,0.990300390465092,0.964047569133922,0.879816736666342,0.835027790348992,0.624378345331059,0.689164579316729,0.766426719677132,0.834607391724912,0.870245631047761,0.945242399086903,0.925800356610081,0.90263548310531,0.894365446774251,0.860424446535355,0.787978393175108,0.765231298257011,0,1e+05,1565.81266547825,98618.338244576,3025452.62452966,30.2545262452966,2023,"Males","B'Tselem historical average",44.6994237547034
0,1,0.0226654,0.0025338,0.00426923,0.0319201,0.0411168,0.054259,0.0637067,0.0397776,0.0119378,0.0359895,0.0152268,0.0393061,0.0123731,0.0283834,0.0363828,0.0446097,0.0409468,0.286912,0.10406232757,0.0222142989904652,0.0100840978258577,0.0211207268977656,0.147805577929807,0.186421374112253,0.23889014857163,0.274771531228684,0.180898708801904,0.0579592355933347,0.165093425415062,0.0733420867824524,0.178946297353941,0.0600092489059058,0.132514004977784,0.166747177019809,0.200669036235602,0.185722177822812,1,0.977785701009535,0.989915902174142,0.978879273102234,0.852194422070193,0.813578625887747,0.76110985142837,0.725228468771316,0.819101291198096,0.942040764406665,0.834906574584938,0.926657913217548,0.821053702646059,0.939990751094094,0.867485995022216,0.833252822980191,0.799330963764398,0.814277822177188,0,1e+05,2221.42989904652,98009.7372667819,3280338.46474621,32.8033846474622,2023,"Males","B'Tselem historical average",42.1505653525379
0,1,0.0190109,0.0026362,0.00415307,0.0149188,0.0519617,0.0766078,0.0721022,0.0497932,0.0352048,0.0331445,0.0136571,0.0284179,0.0154175,0.0346509,0.034268,0.0440069,0.0624307,0.217873,0.111354699595,0.0186950665378424,0.0104894951855835,0.0205519656203527,0.071911901798617,0.229938510276424,0.321471029219413,0.305451658560371,0.221404858944066,0.161784980312717,0.15304130607684,0.0660310194119719,0.132664391473839,0.0742265311403588,0.159442439898318,0.157819595272965,0.198226198737002,0.270011052466889,1,0.981304933462158,0.989510504814416,0.979448034379647,0.928088098201383,0.770061489723576,0.678528970780587,0.694548341439629,0.778595141055934,0.838215019687283,0.84695869392316,0.933968980588028,0.867335608526161,0.925773468859641,0.840557560101682,0.842180404727035,0.801773801262998,0.729988947533111,0,1e+05,1869.50665378425,98338.6716980387,3097071.73640407,30.9707173640407,2023,"Males","B'Tselem historical average",43.9832326359593
0,1,0.0166135,0.0043177,0.00227483,0.0233702,0.0544548,0.0924014,0.0585214,0.03874,0.0367931,0.018322,0.0420862,0.0362571,0.0276538,0.0523905,0.0247944,0.0496856,0.0424853,0.230839,0.116138591425,0.0163730772181902,0.0171229365933419,0.0113098301477127,0.110400779270719,0.239648915579723,0.375309249729997,0.255261368389785,0.176596617586726,0.168469236350116,0.0875975922853687,0.190398162168373,0.166218956665691,0.129327975105097,0.231616269572416,0.11673600216952,0.220979279745671,0.192030334115054,1,0.98362692278181,0.982877063406658,0.988690169852287,0.889599220729281,0.760351084420277,0.624690750270003,0.744738631610215,0.823403382413274,0.831530763649884,0.912402407714631,0.809601837831627,0.833781043334309,0.870672024894903,0.768383730427584,0.88326399783048,0.779020720254329,0.807969665884946,0,1e+05,1637.30772181902,98552.8468907223,2965836.77536439,29.6583677536439,2023,"Males","B'Tselem historical average",45.2955822463561
0,1,0.0155424,0.00626342,0.00684534,0.0174422,0.0255976,0.114387,0.0491927,0.0358908,0.0276372,0.0265419,0.00640988,0.00911386,0.0177166,0.0378299,0.0248074,0.0584261,0.0790551,0.21162,0.11827591792,0.0153322847087408,0.0247437193862436,0.0336508217102843,0.0835670183800296,0.120290152012135,0.444750742145505,0.219027156941776,0.164677942273615,0.129255359449552,0.12445154860519,0.0315439181744302,0.0445541493021038,0.0848259322229473,0.172806379829244,0.1167936340092,0.254898663056052,0.330045959222645,1,0.984667715291259,0.975256280613756,0.966349178289716,0.91643298161997,0.879709847987865,0.555249257854495,0.780972843058224,0.835322057726385,0.870744640550448,0.87554845139481,0.96845608182557,0.955445850697896,0.915174067777053,0.827193620170756,0.8832063659908,0.745101336943948,0.669954040777355,0,1e+05,1533.22847087408,98648.1155338996,3230786.23968126,32.3078623968126,2023,"Males","B'Tselem historical average",42.6460876031874
0,1,0.0160729,0.00241998,0.0029696,0.0109592,0.0426711,0.113464,0.0488629,0.0359529,0.0466306,0.0282242,0.0522918,0.0150749,0.0143153,0.0235729,0.0284766,0.0461515,0.0456417,0.283926,0.117217331695,0.0158480341835706,0.00963329523638769,0.0147385807763166,0.0533347349323242,0.192789183662543,0.441955034822305,0.217718595143417,0.164939377625427,0.208810592019445,0.131819733681562,0.231230369420803,0.0726370108141928,0.0691034098909695,0.111305043358534,0.132920210811979,0.206887122423661,0.204835858044703,1,0.984151965816429,0.990366704763612,0.985261419223683,0.946665265067676,0.807210816337457,0.558044965177695,0.782281404856583,0.835060622374573,0.791189407980555,0.868180266318438,0.768769630579197,0.927362989185807,0.93089659010903,0.888694956641466,0.867079789188021,0.793112877576339,0.795164141955297,0,1e+05,1584.80341835706,98600.9630096039,3103266.14408981,31.0326614408981,2023,"Males","B'Tselem historical average",43.9212885591019
0,1,0.0146484,0.00137996,0.00091852,0.00599107,0.0327523,0.115066,0.0737223,0.0208644,0.0351452,0.0452552,0.0113479,0.0128446,0.0339994,0.0192056,0.0329292,0.0480787,0.0504078,0.225105,0.12005985022,0.0144619890782537,0.00550464761296004,0.0045820781738893,0.0295133092459398,0.15136742196402,0.446800992494166,0.311246905623822,0.0991502251081346,0.161533207766051,0.203277581036673,0.0551742211398186,0.0622248662087381,0.156679479280386,0.0916285469468919,0.152122795136018,0.214599354979382,0.223831825292546,1,0.985538010921746,0.99449535238704,0.995417921826111,0.97048669075406,0.84863257803598,0.553199007505834,0.688753094376178,0.900849774891865,0.838466792233949,0.796722418963327,0.944825778860181,0.937775133791262,0.843320520719614,0.908371453053108,0.847877204863982,0.785400645020618,0.776168174707454,0,1e+05,1446.19890782537,98727.4315164365,3260371.01418162,32.6037101418162,2023,"Males","B'Tselem historical average",42.3502398581838
0,1,0.0205332,0.00598321,0.00470254,0.0169753,0.0416216,0.110567,0.0368843,0.0543277,0.0289765,0.00916117,0.0361972,0.0292273,0.0432526,0.0197986,0.0522895,0.0439978,0.0455897,0.249294,0.10831702606,0.0201640149365217,0.0236498361279616,0.0232394884400775,0.0814211297407784,0.188494403353459,0.433114556953348,0.168851570083887,0.239156450289076,0.135095978451034,0.0447802512638235,0.165967135965109,0.136185652683322,0.195160050950632,0.0943242783563356,0.231221374805296,0.198189270307195,0.204626363670435,1,0.979835985063478,0.976350163872038,0.976760511559922,0.918578870259222,0.811505596646541,0.566885443046652,0.831148429916113,0.760843549710924,0.864904021548966,0.955219748736177,0.834032864034891,0.863814347316678,0.804839949049368,0.905675721643664,0.768778625194704,0.801810729692805,0.795373636329565,0,1e+05,2016.40149365217,98202.0091194832,3050792.8250942,30.507928250942,2023,"Males","B'Tselem historical average",44.446021749058
0,1,0.0150847,0.00232144,0.00517538,0.0246777,0.050062,0.0755578,0.0404476,0.0656227,0.0176062,0.0196455,0.0154294,0.0271914,0.0321587,0.0250934,0.0322869,0.0594145,0.0427221,0.209723,0.119189235385,0.0148869012248613,0.00924284657250545,0.0255463695745778,0.116218487573047,0.222467126751425,0.317764948866363,0.183665888972945,0.281870707764033,0.0843196293541619,0.0936290273576149,0.0742816950365092,0.127303124547919,0.148828196678674,0.118060642672881,0.149377184457822,0.258653133499269,0.192997367874791,1,0.985113098775139,0.990757153427495,0.974453630425422,0.883781512426953,0.777532873248575,0.682235051133637,0.816334111027055,0.718129292235967,0.915680370645838,0.906370972642385,0.925718304963491,0.872696875452081,0.851171803321326,0.881939357327119,0.850622815542178,0.741346866500731,0.807002632125209,0,1e+05,1488.69012248612,98688.7457149382,3195766.54105004,31.9576654105004,2023,"Males","B'Tselem historical average",42.9962845894996
0,1,0.0148185,0.00362832,0.00617339,0.0112632,0.0438857,0.085511,0.0896948,0.0354636,0.0287964,0.0141219,0.0138442,0.0193123,0.0310945,0.0219474,0.0363295,0.0449075,0.0477502,0.223561,0.119720424175,0.0146276902227665,0.0144087210981305,0.0303978062176845,0.0547736826441072,0.197734236538821,0.352251545279098,0.366329395370341,0.162877448310261,0.134312694789415,0.0682016575312728,0.0669053716350259,0.092114159303221,0.144258393461294,0.104029080401965,0.166523235307262,0.201873423127279,0.213289463633964,1,0.985372309777233,0.98559127890187,0.969602193782315,0.945226317355893,0.802265763461179,0.647748454720902,0.633670604629659,0.837122551689739,0.865687305210585,0.931798342468727,0.933094628364974,0.907885840696779,0.855741606538706,0.895970919598035,0.833476764692738,0.798126576872721,0.786710536366036,0,1e+05,1462.76902227665,98712.3543055404,3166809.23118605,31.6680923118605,2023,"Males","B'Tselem historical average",43.2858576881395
0,1,0.014355,0.00366175,0.0045349,0.00871597,0.0351918,0.0959788,0.0983811,0.0543983,0.0301447,0.0375534,0.0207097,0.0283864,0.0129275,0.0333699,0.0418836,0.0581219,0.0691108,0.210681,0.12064531525,0.0141760537386318,0.014540512556294,0.0224203152805852,0.042650498829297,0.16173006936252,0.387027832641234,0.394802692156665,0.239430033078909,0.140160741257535,0.171651734394019,0.0984512598592331,0.132527083025978,0.0626138971126893,0.154001927683487,0.189568474593762,0.253739888881103,0.29464595571025,1,0.985823946261368,0.985459487443706,0.977579684719415,0.957349501170703,0.83826993063748,0.612972167358766,0.605197307843335,0.760569966921091,0.859839258742465,0.828348265605981,0.901548740140767,0.867472916974022,0.937386102887311,0.845998072316513,0.810431525406238,0.746260111118897,0.70535404428975,0,1e+05,1417.60537386317,98753.4220733666,3024287.03108619,30.2428703108619,2023,"Males","B'Tselem historical average",44.7110796891381
0,1,0.0186072,0.00291703,0.00237702,0.01276,0.0670312,0.102584,0.0802851,0.0243376,0.0305656,0.0162048,0.0102445,0.0194184,0.0216462,0.0254957,0.0262553,0.051816,0.0560723,0.222234,0.11216026276,0.0183048008179463,0.0116004423234584,0.0118148894288247,0.0618276964822173,0.287052342541569,0.408226286551104,0.334322676260413,0.114708665930146,0.141978829706786,0.077869356624431,0.049943387418966,0.0925967959440978,0.102674706898817,0.119839988982262,0.123190491707669,0.229367707208244,0.245892153502855,1,0.981695199182054,0.988399557676542,0.988185110571175,0.938172303517783,0.712947657458431,0.591773713448896,0.665677323739587,0.885291334069854,0.858021170293214,0.922130643375569,0.950056612581034,0.907403204055902,0.897325293101183,0.880160011017738,0.876809508292331,0.770632292791756,0.754107846497145,0,1e+05,1830.48008179464,98374.8270451564,3019112.13308924,30.1911213308924,2023,"Males","B'Tselem historical average",44.7628286691076
0,1,0.0172913,0.0038525,0.000815068,0.00500191,0.0834669,0.0972374,0.0743664,0.0305699,0.0452465,0.0248165,0.0216342,0.0158087,0.0179394,0.0197817,0.0458147,0.0651844,0.041772,0.210089,0.114786075415,0.0170306208104974,0.0152921738008643,0.00406705268874772,0.0247006736338601,0.345284858177468,0.391110564088703,0.313539913450868,0.14199738532582,0.203242473551168,0.116833974198271,0.102620707712989,0.0760383320502914,0.0858468955068606,0.0942475577186905,0.205532477955527,0.280251874310488,0.189111125195802,1,0.982969379189503,0.984707826199136,0.995932947311252,0.97529932636614,0.654715141822532,0.608889435911297,0.686460086549132,0.85800261467418,0.796757526448832,0.883166025801729,0.897379292287011,0.923961667949709,0.91415310449314,0.90575244228131,0.794467522044473,0.719748125689512,0.810888874804198,0,1e+05,1703.06208104973,98492.4257314221,2937612.21873309,29.3761221873309,2023,"Males","B'Tselem historical average",45.5778278126691
0,1,0.0141717,0.00368868,0.00399927,0.00967708,0.0629517,0.0848903,0.0894078,0.0202593,0.0189609,0.00882384,0.0260993,0.0573583,0.0123053,0.0220243,0.042357,0.0485241,0.041624,0.245942,0.121011081235,0.0139973384131273,0.0146466662701254,0.0197984021109741,0.047242476928414,0.271957960193256,0.350142289915884,0.365371373320981,0.0964133333872683,0.0905139357873253,0.0431669542558966,0.122503369519734,0.250824353685065,0.0596902343966959,0.104374558526606,0.19150595559695,0.21637231979285,0.188504247957539,1,0.986002661586873,0.985353333729875,0.980201597889026,0.952757523071586,0.728042039806744,0.649857710084116,0.634628626679019,0.903586666612732,0.909486064212675,0.956833045744103,0.877496630480266,0.749175646314935,0.940309765603304,0.895625441473394,0.80849404440305,0.78362768020715,0.811495752042461,0,1e+05,1399.73384131273,98769.6494642657,3101758.04961234,31.0175804961234,2023,"Males","B'Tselem historical average",43.9363695038766
0,1,0.0193885,0.00218084,0.00937546,0.0122174,0.0648845,0.0617378,0.0426828,0.0473986,0.0239854,0.0136379,0.0455644,0.017897,0.0108355,0.0322742,0.0390045,0.0452373,0.0988418,0.224625,0.110601217675,0.0190598302236139,0.00868547672985692,0.0458037225778018,0.0592764885713218,0.279142453663222,0.267414970141063,0.192836947810035,0.211885329994327,0.113142575192448,0.0659412495808532,0.204524418916772,0.0856526847524629,0.0527486061939633,0.149322814084209,0.177695217247204,0.203205346901529,0.396285154932886,1,0.980940169776386,0.991314523270143,0.954196277422198,0.940723511428678,0.720857546336778,0.732585029858937,0.807163052189965,0.788114670005673,0.886857424807552,0.934058750419147,0.795475581083228,0.914347315247537,0.947251393806037,0.850677185915791,0.822304782752796,0.796794653098471,0.603714845067113,0,1e+05,1905.9830223614,98304.8210207797,3245817.86273533,32.4581786273533,2023,"Males","B'Tselem historical average",42.4957713726467
0,1,0.0170357,0.00774748,0.00698064,0.0230277,0.0396255,0.0770873,0.0900288,0.0287066,0.0379674,0.0461959,0.0205789,0.0397156,0.0453117,0.028995,0.0277288,0.0722408,0.0643471,0.250981,0.115296112435,0.0167827578259957,0.030517059385504,0.0343045310459977,0.108870884814399,0.180269342883886,0.323158046755803,0.367442893152403,0.13392189436785,0.173380027828555,0.207065551252264,0.0978598783724053,0.18064221510449,0.203505544543294,0.13517640065735,0.129655987625804,0.305948998900561,0.277150864084216,1,0.983217242174004,0.969482940614496,0.965695468954002,0.891129115185601,0.819730657116114,0.676841953244197,0.632557106847597,0.86607810563215,0.826619972171445,0.792934448747736,0.902140121627595,0.81935778489551,0.796494455456706,0.86482359934265,0.870344012374196,0.694051001099439,0.722849135915784,0,1e+05,1678.27578259956,98515.222890728,2920401.93939173,29.2040193939173,2023,"Males","B'Tselem historical average",45.7499306060827
0,1,0.0150084,0.00683866,0.00748021,0.0158093,0.0285392,0.130265,0.0538813,0.0173681,0.0423103,0.0249256,0.0304007,0.0519982,0.0209954,0.0421504,0.0365155,0.0434348,0.0496676,0.222885,0.11934148822,0.0148126175571928,0.0269855499973108,0.0367144701334084,0.0760411082676602,0.133192949443131,0.491320377547075,0.237424630624791,0.0832267727217293,0.191315011203673,0.11731747863626,0.141266963552801,0.230081447227002,0.0997417073915772,0.19066091538083,0.167304482887778,0.195901629732263,0.220908066313873,1,0.985187382442807,0.973014450002689,0.963285529866592,0.92395889173234,0.866807050556869,0.508679622452925,0.762575369375209,0.916773227278271,0.808684988796327,0.88268252136374,0.858733036447199,0.769918552772998,0.900258292608423,0.80933908461917,0.832695517112222,0.804098370267737,0.779091933686127,0,1e+05,1481.26175571927,98695.5142266516,2993068.105076,29.93068105076,2023,"Males","B'Tselem historical average",45.02326894924
0,1,0.0150569,0.00387618,0.00400704,0.012102,0.0455643,0.0758508,0.0598907,0.0438181,0.0346062,0.0356294,0.0125125,0.0474091,0.0151405,0.0541567,0.0353934,0.0623842,0.045755,0.223025,0.119244708895,0.0148598370973923,0.0153854464801253,0.0198364860176694,0.0587330321134088,0.204524015950111,0.31880076696309,0.260456234492239,0.197459725054026,0.159253135367144,0.163576654835509,0.0606648283385352,0.211927294281676,0.0729415703840025,0.238493453911392,0.162581242618744,0.269837074882749,0.205292144788056,1,0.985140162902608,0.984614553519875,0.980163513982331,0.941266967886591,0.795475984049889,0.68119923303691,0.739543765507761,0.802540274945974,0.840746864632856,0.836423345164491,0.939335171661465,0.788072705718324,0.927058429615997,0.761506546088608,0.837418757381256,0.730162925117251,0.794707855211944,0,1e+05,1485.98370973923,98691.2119851513,3203661.81771314,32.0366181771314,2023,"Males","B'Tselem historical average",42.9173318228686
0,1,0.0162221,0.00266459,0.00725719,0.0144929,0.0634548,0.109499,0.0535496,0.0336851,0.0201544,0.028031,0.0220957,0.00999264,0.0291632,0.0213261,0.0232468,0.0583809,0.0868166,0.220764,0.116919610555,0.0159929936743761,0.0106018607755919,0.0356393462322912,0.0699307515279514,0.273833823708375,0.429830087988396,0.236135584729873,0.155343589161813,0.0959380646733677,0.130976494693141,0.104695214852935,0.0487454604063136,0.135907272571367,0.101233225285592,0.109849855923305,0.254726582193979,0.356670664065276,1,0.984007006325624,0.989398139224408,0.964360653767709,0.930069248472049,0.726166176291625,0.570169912011604,0.763864415270127,0.844656410838187,0.904061935326632,0.869023505306859,0.895304785147065,0.951254539593686,0.864092727428633,0.898766774714408,0.890150144076695,0.745273417806021,0.643329335934724,0,1e+05,1599.2993674376,98587.6900917641,3007828.03229875,30.0782803229875,2023,"Males","B'Tselem historical average",44.8756696770125
0,1,0.0149953,0.00134674,0.00460925,0.00666893,0.088928,0.108993,0.0407582,0.0266322,0.020226,0.0170708,0.0460287,0.0272448,0.046938,0.0267079,0.0442094,0.0594571,0.0610207,0.223402,0.119367628615,0.0147998626836503,0.00537248930750003,0.0227837104564466,0.0327978338546788,0.363767262255383,0.428269151049229,0.184945850128256,0.124848522919742,0.0962624873282472,0.0818604419201728,0.206393445085484,0.127537187111464,0.210042556238225,0.125181183662173,0.199047566305441,0.25881458791256,0.264720000642054,1,0.98520013731635,0.9946275106925,0.977216289543553,0.967202166145321,0.636232737744617,0.571730848950771,0.815054149871744,0.875151477080258,0.903737512671753,0.918139558079827,0.793606554914516,0.872462812888536,0.789957443761775,0.874818816337827,0.800952433694559,0.74118541208744,0.735279999357946,0,1e+05,1479.98626836503,98696.6761828725,2953364.57933348,29.5336457933348,2023,"Males","B'Tselem historical average",45.4203042066652
0,1,0.0148867,0.00208105,0.00540299,0.0191769,0.0452729,0.0888921,0.0603588,0.0476625,0.0304639,0.0176927,0.0316611,0.0136455,0.0145697,0.0231031,0.0278141,0.046726,0.0471341,0.210783,0.119584334485,0.0146941118596654,0.00828969745024235,0.0266549094766173,0.0914978854989385,0.203349002375846,0.363647111499654,0.26222502969423,0.212939435400553,0.141539859672321,0.0847163476881449,0.146694246945115,0.0659767844688266,0.0702883013399194,0.109207897554993,0.130028907415628,0.20919310718427,0.210827579466652,1,0.985305888140335,0.991710302549758,0.973345090523383,0.908502114501061,0.796650997624154,0.636352888500346,0.73777497030577,0.787060564599447,0.858460140327679,0.915283652311855,0.853305753054885,0.934023215531173,0.92971169866008,0.890792102445007,0.869971092584372,0.79080689281573,0.789172420533348,0,1e+05,1469.41118596654,98706.3073727921,3163705.77909301,31.6370577909301,2023,"Males","B'Tselem historical average",43.3168922090699
0,1,0.0147194,0.00110801,0.00512539,0.016968,0.055478,0.116941,0.040632,0.0430587,0.0278196,0.0259485,0.0297925,0.0391693,0.0204296,0.0200398,0.030802,0.044951,0.0588436,0.227321,0.11991817327,0.0145311593448478,0.00442224022721169,0.025302734049821,0.0813875405306882,0.243603423216928,0.452434610526153,0.184426006281886,0.194370181648617,0.13005294755079,0.121838672985114,0.138636667694294,0.178379044254687,0.097184403762247,0.0954185770015127,0.142998407621135,0.202049214407879,0.256486523948465,1,0.985468840655152,0.995577759772788,0.974697265950179,0.918612459469312,0.756396576783072,0.547565389473847,0.815573993718114,0.805629818351383,0.86994705244921,0.878161327014886,0.861363332305706,0.821620955745313,0.902815596237753,0.904581422998487,0.857001592378865,0.797950785592121,0.743513476051535,0,1e+05,1453.11593448478,98721.1390739282,3004780.61270568,30.0478061270568,2023,"Males","B'Tselem historical average",44.9061438729432
0,1,0.0140148,0.00151114,0.0068831,0.0150493,0.0372725,0.111638,0.0694598,0.0429172,0.0253673,0.0115575,0.0235184,0.0176535,0.0318412,0.0447738,0.029724,0.0663648,0.0525117,0.264391,0.12132416734,0.013844314657038,0.00602634669291693,0.0338333049468017,0.0725181321833334,0.170477219582754,0.436394482036127,0.295913728928441,0.193793332026844,0.119272449950901,0.0561646914465172,0.111061998723078,0.0845365835555071,0.147467170802601,0.201332902252786,0.138339957740317,0.284604669992246,0.232089910603416,1,0.986155685342962,0.993973653307083,0.966166695053198,0.927481867816667,0.829522780417246,0.563605517963873,0.704086271071559,0.806206667973156,0.880727550049099,0.943835308553483,0.888938001276922,0.915463416444493,0.8525328291974,0.798667097747214,0.861660042259683,0.715395330007754,0.767910089396584,0,1e+05,1384.43146570379,98783.533529112,3077277.83023207,30.7727783023207,2023,"Males","B'Tselem historical average",44.1811716976793
0,1,0.0138676,0.00172431,0.00588759,0.00859819,0.058635,0.0909794,0.0610806,0.0219393,0.0377806,0.0135394,0.0316281,0.0460624,0.0105802,0.0330767,0.0311883,0.0495328,0.0425187,0.211735,0.12161789758,0.0137007109325773,0.00687353578701419,0.0290109387182791,0.0420862853063544,0.255693525352404,0.370603736124163,0.26494543470274,0.103992683307765,0.172600613183864,0.065480580568623,0.146552552996434,0.206528952003128,0.0515377994360176,0.152752156835036,0.144662088465758,0.220374575559336,0.192166794307224,1,0.986299289067423,0.993126464212986,0.970989061281721,0.957913714693646,0.744306474647596,0.629396263875837,0.73505456529726,0.896007316692235,0.827399386816136,0.934519419431377,0.853447447003566,0.793471047996872,0.948462200563982,0.847247843164964,0.855337911534242,0.779625424440664,0.807833205692776,0,1e+05,1370.07109325773,98796.5540726394,3174096.35036127,31.7409635036127,2023,"Males","B'Tselem historical average",43.2129864963873
0,1,0.0151766,0.00174537,0.00275161,0.014971,0.051017,0.0677895,0.0704977,0.0466687,0.0266661,0.0339673,0.0285182,0.00968625,0.0237771,0.0209765,0.0518173,0.0444202,0.0634169,0.257891,0.11900585353,0.0149763586599867,0.00695719424376552,0.0136640546266221,0.072154439707835,0.226230940297151,0.289829079105025,0.299672878315877,0.208963377107015,0.124997509762318,0.156543131245142,0.133101464535229,0.0472861854650968,0.112215124413282,0.0996563941217621,0.229372801793999,0.199901804643443,0.273692651260668,1,0.985023641340013,0.993042805756234,0.986335945373378,0.927845560292165,0.773769059702849,0.710170920894975,0.700327121684123,0.791036622892985,0.875002490237682,0.843456868754858,0.866898535464771,0.952713814534903,0.887784875586718,0.900343605878238,0.770627198206001,0.800098195356557,0.726307348739332,0,1e+05,1497.63586599867,98680.5915685116,3226805.1958392,32.268051958392,2023,"Males","B'Tselem historical average",42.685898041608
0,1,0.0142613,0.00471739,0.00210028,0.0217477,0.0449174,0.101188,0.059022,0.0491361,0.0268257,0.0380067,0.0291164,0.036059,0.0417911,0.0293731,0.030201,0.0438366,0.0421735,0.245475,0.120832288915,0.0140847049207022,0.0186931938287286,0.010446548308795,0.103131327094374,0.201913433819401,0.40379258880899,0.257164144637948,0.218802719264829,0.12569861655472,0.173543920675186,0.135703972162332,0.165385876681825,0.189189415540512,0.136818538469224,0.140404136670998,0.197534858549295,0.190755438758768,1,0.985915295079298,0.981306806171271,0.989553451691205,0.896868672905626,0.798086566180599,0.59620741119101,0.742835855362052,0.781197280735171,0.87430138344528,0.826456079324814,0.864296027837668,0.834614123318175,0.810810584459488,0.863181461530776,0.859595863329002,0.802465141450705,0.809244561241232,0,1e+05,1408.47049207022,98761.7182213559,2973743.43869018,29.7374343869018,2023,"Males","B'Tselem historical average",45.2165156130982
0,1,0.0146518,0.00224712,0.00283568,0.00898752,0.0270422,0.117086,0.0496182,0.071337,0.0430618,0.0275045,0.0286091,0.012379,0.0134667,0.0327123,0.0313625,0.043487,0.0437881,0.319631,0.12005306569,0.0144653016647857,0.00894826435241679,0.0140785940311941,0.0439500941251215,0.126648841730396,0.452868575053279,0.220712595708982,0.302700615483189,0.194382815219006,0.128674668921614,0.133497398911969,0.0600370047941336,0.0651404333166371,0.151196534048142,0.145411341968762,0.196113978538266,0.197337873638342,1,0.985534698335214,0.991051735647583,0.985921405968806,0.956049905874878,0.873351158269604,0.547131424946721,0.779287404291019,0.697299384516811,0.805617184780994,0.871325331078386,0.866502601088031,0.939962995205866,0.934859566683363,0.848803465951858,0.854588658031238,0.803886021461734,0.802662126361658,0,1e+05,1446.53016647858,98727.1302146202,3146668.7770426,31.466687770426,2023,"Males","B'Tselem historical average",43.487262229574
0,1,0.0204219,0.00212756,0.00472728,0.0258282,0.0365276,0.0948011,0.0693367,0.0460033,0.0358866,0.0249679,0.0119789,0.0426791,0.0159392,0.0208085,0.0460841,0.0616969,0.0486329,0.213242,0.108539119645,0.0200567601637246,0.0084741813414902,0.0233603230303626,0.121308076825349,0.16735528291911,0.383188719669378,0.295466772574998,0.206291298741512,0.164660257966177,0.117504875074094,0.0581529782229138,0.192821843181664,0.0766419707495711,0.098897717132615,0.206616196362973,0.267261486919232,0.21680487543379,1,0.979943239836275,0.99152581865851,0.976639676969637,0.878691923174651,0.83264471708089,0.616811280330622,0.704533227425002,0.793708701258488,0.835339742033823,0.882495124925906,0.941847021777086,0.807178156818336,0.923358029250429,0.901102282867385,0.793383803637027,0.732738513080768,0.78319512456621,0,1e+05,2005.67601637245,98212.0182927377,3024297.65714028,30.2429765714028,2023,"Males","B'Tselem historical average",44.7109734285972
0,1,0.0148218,0.00207719,0.00279568,0.0145375,0.0289585,0.116094,0.0597236,0.0295177,0.0163569,0.0322915,0.0354905,0.0300336,0.0264396,0.0184679,0.0260413,0.0447443,0.0519012,0.22008,0.11971383919,0.0146309043664762,0.00827438506019363,0.013881380257107,0.0701384072611042,0.1350177231597,0.449894786608641,0.259823946388656,0.137445790941794,0.0785715332206576,0.149396876875904,0.162990926323307,0.139680248241068,0.124001617110606,0.0882643567164889,0.12224777269246,0.201213596216972,0.229701536530551,1,0.985369095633524,0.991725614939806,0.986118619742893,0.929861592738896,0.8649822768403,0.550105213391359,0.740176053611344,0.862554209058206,0.921428466779342,0.850603123124096,0.837009073676693,0.860319751758932,0.875998382889394,0.911735643283511,0.87775222730754,0.798786403783028,0.770298463469449,0,1e+05,1463.09043664762,98712.0617366056,3230410.24001742,32.3041024001742,2023,"Males","B'Tselem historical average",42.6498475998258
0,1,0.0179755,0.00491133,0.00103142,0.0198463,0.032964,0.108794,0.060689,0.0218953,0.0163764,0.01243,0.0396263,0.0386986,0.029343,0.0239411,0.0420348,0.0548453,0.0690284,0.219721,0.113420788525,0.017693523541702,0.0194542277353927,0.00514383636075198,0.0945407879026205,0.152271320479301,0.427654414163689,0.263470584277029,0.103794946281696,0.0786615187604293,0.0602768954731712,0.180272654297525,0.176424542955004,0.136687916188222,0.112945406802973,0.1901877408747,0.241160236238563,0.294346355146085,1,0.982306476458298,0.980545772264607,0.994856163639248,0.90545921209738,0.847728679520699,0.572345585836311,0.736529415722971,0.896205053718304,0.921338481239571,0.939723104526829,0.819727345702475,0.823575457044996,0.863312083811777,0.887054593197027,0.8098122591253,0.758839763761437,0.705653644853915,0,1e+05,1769.3523541702,98431.3289850184,3200546.15121946,32.0054615121946,2023,"Males","B'Tselem historical average",42.9484884878054
0,1,0.0186643,0.00161694,0.00880838,0.0141386,0.0530711,0.0672003,0.0689391,0.0316286,0.0244043,0.0460631,0.0355717,0.0538332,0.0318438,0.0382798,0.0438874,0.05588,0.0432141,0.221032,0.112046322565,0.0183600187876641,0.00644691146196139,0.0430929522530825,0.068279556650841,0.234272722316652,0.287672332402184,0.294021547787335,0.146554700036096,0.115004961071318,0.206531766469811,0.163333384606943,0.23723782217784,0.147478324338569,0.174682018199333,0.197741138856386,0.245152233043783,0.195003272684691,1,0.981639981212336,0.993553088538039,0.956907047746917,0.931720443349159,0.765727277683348,0.712327667597816,0.705978452212665,0.853445299963904,0.884995038928682,0.793468233530189,0.836666615393057,0.76276217782216,0.852521675661431,0.825317981800667,0.802258861143614,0.754847766956217,0.804996727315309,0,1e+05,1836.0018787664,98369.7153799718,3084086.05542407,30.8408605542407,2023,"Males","B'Tselem historical average",44.1130894457593
0,1,0.0143491,0.00559252,0.00581619,0.0211424,0.0397695,0.0775664,0.0684012,0.0365305,0.0168711,0.0234403,0.0113599,0.0230741,0.0305518,0.0338434,0.033254,0.0431406,0.0428655,0.228841,0.120657088405,0.0141703022525321,0.022122637415601,0.0286641595053169,0.100404993655353,0.18086520324852,0.32484027352008,0.292062445612863,0.167367457714868,0.0809415668296507,0.110713600004534,0.0552309546944172,0.109078291486054,0.141919276612013,0.156016664077407,0.15350810379131,0.194703893075922,0.193582475943599,1,0.985829697747468,0.977877362584399,0.971335840494683,0.899595006344647,0.81913479675148,0.67515972647992,0.707937554387136,0.832632542285132,0.919058433170349,0.889286399995466,0.944769045305583,0.890921708513946,0.858080723387987,0.843983335922593,0.84649189620869,0.805296106924078,0.806417524056401,0,1e+05,1417.03022525321,98753.9445159077,3243805.44198416,32.4380544198416,2023,"Males","B'Tselem historical average",42.5158955801584
0,1,0.020403,0.00820095,0.00504205,0.0154926,0.0369033,0.110823,0.0816852,0.0266763,0.0170517,0.0218713,0.0180459,0.0265901,0.0243007,0.0330918,0.033109,0.0438012,0.041482,0.218594,0.10857683365,0.0200385448208368,0.0322744378970563,0.0248964274203135,0.0745746133625485,0.16893120285427,0.433899804824763,0.339164250842667,0.125042333028575,0.0817725955798765,0.10368707233699,0.0863345388628378,0.124663464998367,0.114544708505077,0.15281656221614,0.152889919165845,0.197391084116041,0.187921591367258,1,0.979961455179163,0.967725562102944,0.975103572579686,0.925425386637452,0.83106879714573,0.566100195175237,0.660835749157333,0.874957666971425,0.918227404420124,0.89631292766301,0.913665461137162,0.875336535001633,0.885455291494923,0.84718343778386,0.847110080834155,0.802608915883959,0.812078408632741,0,1e+05,2003.85448208368,98213.7176926763,3042304.45044296,30.4230445044296,2023,"Males","B'Tselem historical average",44.5309054955704
0,1,0.0172853,0.00505656,0.00151864,0.018762,0.0591385,0.0841237,0.0518067,0.0323014,0.0248113,0.0206811,0.0223244,0.0164122,0.0124656,0.0209712,0.0355278,0.0488984,0.103054,0.234132,0.114798048115,0.0170248037955072,0.0200237375394154,0.00756448069260247,0.089606984396865,0.257606364963949,0.347529773898696,0.229331260470462,0.14943925696285,0.116810922873285,0.0983219830888528,0.105721573274005,0.0788267010428609,0.0604443134166825,0.099632468919489,0.163148253682084,0.217859542381973,0.40971347012448,1,0.982975196204493,0.979976262460585,0.992435519307397,0.910393015603135,0.742393635036051,0.652470226101304,0.770668739529538,0.85056074303715,0.883189077126715,0.901678016911147,0.894278426725995,0.921173298957139,0.939555686583317,0.900367531080511,0.836851746317916,0.782140457618027,0.59028652987552,0,1e+05,1702.48037955072,98492.9610449758,3213675.45381342,32.1367545381342,2023,"Males","B'Tselem historical average",42.8171954618658
0,1,0.0169465,0.00544775,0.00588544,0.0282558,0.0443709,0.100473,0.0485394,0.0270203,0.0428422,0.0101732,0.00829178,0.0128188,0.02593,0.0506534,0.0340757,0.0525069,0.0464231,0.241174,0.115474106575,0.0166962298910099,0.0215561351296944,0.029000498268674,0.131957582360823,0.199702095704287,0.401512169487665,0.216433160609748,0.126552765758443,0.193487431866249,0.049604411014664,0.0406169333117605,0.0621037607783366,0.121757096236471,0.2247998128939,0.157003490405015,0.232071157367987,0.207978036978821,1,0.98330377010899,0.978443864870306,0.970999501731326,0.868042417639177,0.800297904295713,0.598487830512335,0.783566839390252,0.873447234241557,0.806512568133751,0.950395588985336,0.95938306668824,0.937896239221663,0.878242903763529,0.7752001871061,0.842996509594985,0.767928842632013,0.792021963021179,0,1e+05,1669.622989101,98523.1752338825,3081450.7043879,30.814507043879,2023,"Males","B'Tselem historical average",44.139442956121
0,1,0.0159694,0.00131195,0.00380893,0.0141295,0.0532644,0.105867,0.052645,0.0378372,0.02569,0.0315355,0.0132391,0.0108823,0.0193273,0.0188134,0.0405495,0.0430778,0.0572831,0.264697,0.11742386077,0.0157474520813879,0.00523406633334793,0.018865011231921,0.0682371094065987,0.235025737737179,0.418556656196194,0.232610544687338,0.1728368443796,0.120698160633325,0.146154835465448,0.0640747693042599,0.0529704005258927,0.0921824073939379,0.0898414425135395,0.1840860107661,0.194448017932742,0.250536702537225,1,0.984252547918612,0.994765933666652,0.981134988768079,0.931762890593401,0.764974262262821,0.581443343803806,0.767389455312662,0.8271631556204,0.879301839366675,0.853845164534552,0.93592523069574,0.947029599474107,0.907817592606062,0.910158557486461,0.8159139892339,0.805551982067258,0.749463297462775,0,1e+05,1574.74520813879,98610.1674539299,3154409.78461351,31.5440978461351,2023,"Males","B'Tselem historical average",43.4098521538649
0,1,0.0170089,0.00563627,0.00480673,0.028955,0.0590129,0.11283,0.0474517,0.0450457,0.0234364,0.00814114,0.0137231,0.0172715,0.0220164,0.026155,0.0480706,0.045169,0.0446758,0.217643,0.115349590495,0.0167567621667811,0.0222937725570992,0.0237482711811634,0.135002506090382,0.25712959265415,0.4400288594661,0.212097529185832,0.20243179520665,0.110696199004148,0.039893748520426,0.0663395396582884,0.0827830321505303,0.104339073078677,0.122748765120672,0.214567079384365,0.202929673899126,0.200936502503622,1,0.983243237833219,0.977706227442901,0.976251728818837,0.864997493909618,0.74287040734585,0.5599711405339,0.787902470814168,0.79756820479335,0.889303800995852,0.960106251479574,0.933660460341712,0.91721696784947,0.895660926921323,0.877251234879328,0.785432920615635,0.797070326100874,0.799063497496378,0,1e+05,1675.67621667811,98517.6123487179,2919301.62739795,29.1930162739795,2023,"Males","B'Tselem historical average",45.7609337260205
0,1,0.0166325,0.00559394,0.00362483,0.0143268,0.0269939,0.072638,0.117091,0.056794,0.022728,0.00938343,0.0106916,0.0153839,0.0361409,0.0246137,0.0337626,0.0451444,0.049911,0.216177,0.116100677875,0.0163915207869787,0.0221281924383825,0.0179613826037412,0.0691570036019876,0.12643693504755,0.307372661529543,0.452883535006411,0.248663511342093,0.107530137582559,0.0458417674599092,0.0520663193500914,0.0740707571959337,0.165730386670913,0.115934554160641,0.155673172375857,0.202830362462158,0.221870547730551,1,0.983608479213021,0.977871807561618,0.982038617396259,0.930842996398012,0.87356306495245,0.692627338470457,0.547116464993589,0.751336488657907,0.892469862417441,0.954158232540091,0.947933680649909,0.925929242804066,0.834269613329087,0.884065445839359,0.844326827624143,0.797169637537842,0.778129452269449,0,1e+05,1639.15207869787,98551.1545887792,3170507.98308453,31.7050798308453,2023,"Males","B'Tselem historical average",43.2488701691547
0,1,0.0146842,0.0020913,0.00715535,0.0129689,0.0473458,0.0625589,0.0531715,0.07147,0.0313679,0.021122,0.0284521,0.0188386,0.0376632,0.0329746,0.0428287,0.0480161,0.0601237,0.221868,0.11998841311,0.0144968676183779,0.00833035744694242,0.0351480092303834,0.0628081194491885,0.211674279718285,0.270490525639005,0.234663918626833,0.303179417566335,0.14543455829699,0.100312973437626,0.132813446357247,0.0899563698283778,0.172110426464916,0.15231655621369,0.193432358833111,0.214349886086683,0.261337114345555,1,0.985503132381622,0.991669642553058,0.964851990769617,0.937191880550811,0.788325720281715,0.729509474360995,0.765336081373167,0.696820582433665,0.85456544170301,0.899687026562374,0.867186553642753,0.910043630171622,0.827889573535084,0.84768344378631,0.806567641166889,0.785650113913317,0.738662885654445,0,1e+05,1449.6867618378,98724.2588522217,3220691.66130454,32.2069166130454,2023,"Males","B'Tselem historical average",42.7470333869546
0,1,0.0224487,0.00180438,0.0063749,0.0218322,0.029334,0.133415,0.0629958,0.0444294,0.0208248,0.0325693,0.0187281,0.0172574,0.012002,0.0250279,0.0255304,0.0582658,0.0465966,0.241302,0.104494741585,0.0220063087401643,0.00719156735937618,0.0313744771146053,0.103511301413216,0.136648856135317,0.500229652334486,0.272122554891427,0.19993906793745,0.0989713533993244,0.150585351295157,0.0894523200138706,0.0827182453804294,0.0582618530978005,0.11777062164625,0.119993307176174,0.254288231851471,0.208674226359986,1,0.977993691259836,0.992808432640624,0.968625522885395,0.896488698586784,0.863351143864683,0.499770347665514,0.727877445108573,0.80006093206255,0.901028646600676,0.849414648704843,0.910547679986129,0.91728175461957,0.9417381469022,0.88222937835375,0.880006692823826,0.745711768148529,0.791325773640014,0,1e+05,2200.63087401642,98029.3234804879,2969897.29536853,29.6989729536853,2023,"Males","B'Tselem historical average",45.2549770463147
0,1,0.0164088,0.00192713,0.00560796,0.00574227,0.0399392,0.102169,0.0819866,0.0383411,0.0187009,0.0415212,0.0319062,0.0158386,0.0144774,0.0296684,0.0415226,0.0519311,0.0740978,0.234552,0.11654706004,0.016174330394792,0.00767892343257078,0.0276521200422201,0.0283050124405328,0.181566907427208,0.406910820859113,0.340202818916543,0.174937280578983,0.0893282054086819,0.188082474861909,0.147745968916399,0.0761766704678209,0.0698585737123423,0.138099054992175,0.188088220172648,0.229818660410846,0.31258444987511,1,0.983825669605208,0.992321076567429,0.97234787995778,0.971694987559467,0.818433092572792,0.593089179140887,0.659797181083458,0.825062719421017,0.910671794591318,0.811917525138091,0.852254031083601,0.923823329532179,0.930141426287658,0.861900945007825,0.811911779827352,0.770181339589154,0.68741555012489,0,1e+05,1617.4330394792,98571.0740260837,3127922.18045071,31.2792218045071,2023,"Males","B'Tselem historical average",43.6747281954929
0,1,0.0158114,0.00246629,0.00363798,0.00735662,0.0397322,0.085741,0.0791154,0.0427129,0.0228179,0.0192324,0.0294273,0.0109186,0.0303541,0.0255998,0.0338746,0.0548716,0.0481005,0.216655,0.11773914187,0.0155938689689474,0.00981673815371773,0.0180259548420097,0.0361188189356049,0.180710896313711,0.353031759723803,0.330256134534603,0.192959816621562,0.107932516575102,0.0917505421813772,0.137053699194252,0.0531423985188307,0.141065694505989,0.120299868561968,0.15614926524853,0.241261929740173,0.214686214364858,1,0.984406131031053,0.990183261846282,0.98197404515799,0.963881181064395,0.819289103686289,0.646968240276196,0.669743865465397,0.807040183378438,0.892067483424898,0.908249457818623,0.862946300805748,0.946857601481169,0.858934305494011,0.879700131438032,0.84385073475147,0.758738070259827,0.785313785635142,0,1e+05,1559.38689689474,98624.213978189,3283963.04003659,32.8396304003659,2023,"Males","B'Tselem historical average",42.1143195996341
0,1,0.0138261,0.00216653,0.00356351,0.0169807,0.0520358,0.0738858,0.0611207,0.0479008,0.0324344,0.0174725,0.0131008,0.0136662,0.0187132,0.0232611,0.035708,0.0504646,0.0507486,0.264772,0.121700708755,0.0136602177761186,0.00862873119002973,0.01766021908175,0.0814459757969614,0.230228667729414,0.311829558935929,0.265096318599447,0.213890218548393,0.150008417461701,0.0837061123786597,0.0634266503478086,0.0660735636607487,0.0893843327604671,0.109913715198491,0.163907938344029,0.224055785959651,0.225174742639245,1,0.986339782223881,0.99137126880997,0.98233978091825,0.918554024203039,0.769771332270586,0.688170441064071,0.734903681400553,0.786109781451607,0.849991582538299,0.91629388762134,0.936573349652191,0.933926436339251,0.910615667239533,0.890086284801509,0.836092061655971,0.775944214040349,0.774825257360755,0,1e+05,1366.02177761185,98800.2240408983,3263998.4113919,32.639984113919,2023,"Males","B'Tselem historical average",42.313965886081
0,1,0.014674,0.00400686,0.00179767,0.011948,0.0389339,0.106356,0.081065,0.0282503,0.0267246,0.0258114,0.0232109,0.00893704,0.0226218,0.041594,0.0538741,0.0651687,0.0871003,0.256464,0.1200087667,0.0144869303930388,0.0159000216782764,0.0089481355130805,0.0580073213123986,0.177402109976012,0.420083893545253,0.337023063411389,0.131933591173199,0.125254555279916,0.121233954750859,0.109689518866362,0.0437086354417785,0.107054581661429,0.188381182715345,0.237396670133854,0.280193830754305,0.357627782204199,1,0.985513069606961,0.984099978321724,0.99105186448692,0.941992678687601,0.822597890023988,0.579916106454747,0.662976936588611,0.868066408826801,0.874745444720084,0.878766045249141,0.890310481133638,0.956291364558222,0.892945418338571,0.811618817284655,0.762603329866146,0.719806169245695,0.642372217795801,0,1e+05,1448.69303930388,98725.1628256699,3127511.90408643,31.2751190408643,2023,"Males","B'Tselem historical average",43.6788309591357
0,1,0.0147654,0.00382226,0.00143462,0.0219996,0.0647677,0.0763562,0.0402001,0.0618137,0.0211051,0.0300389,0.0191121,0.0492245,0.0283146,0.0202157,0.0285912,0.0473337,0.0587246,0.214432,0.11982638257,0.0145759690226088,0.0151730493210046,0.00714746525847721,0.104263605937067,0.278709987806812,0.320584470192683,0.182644665460094,0.267699723936297,0.100236734249953,0.139703175689455,0.0912028070771519,0.21915322962127,0.132214031461921,0.0962158243968514,0.133419444916275,0.211625907013042,0.256034230560123,1,0.985424030977391,0.984826950678995,0.992852534741523,0.895736394062933,0.721290012193188,0.679415529807317,0.817355334539906,0.732300276063703,0.899763265750047,0.860296824310545,0.908797192922848,0.78084677037873,0.867785968538079,0.903784175603149,0.866580555083725,0.788374092986958,0.743965769439877,0,1e+05,1457.59690226088,98717.0616617823,3077528.88247889,30.7752888247889,2023,"Males","B'Tselem historical average",44.1786611752111
0,1,0.0184629,0.00200015,0.00729417,0.00796382,0.0871371,0.0831079,0.0350699,0.0568139,0.0280846,0.0379391,0.0112236,0.0349968,0.0293284,0.0226712,0.0234757,0.0584447,0.0896639,0.246737,0.112448206195,0.0181652303660901,0.00796872271850915,0.0358176990355644,0.0390417954219568,0.357751852609871,0.34405523072589,0.161215013955229,0.248739804108413,0.131210513062138,0.173261990080356,0.0545863612886031,0.160906011262612,0.1366245512759,0.107275821016431,0.110871532888428,0.254969465237574,0.366226303388916,1,0.98183476963391,0.992031277281491,0.964182300964436,0.960958204578043,0.642248147390129,0.65594476927411,0.838784986044771,0.751260195891587,0.868789486937862,0.826738009919644,0.945413638711397,0.839093988737388,0.8633754487241,0.892724178983569,0.889128467111572,0.745030534762426,0.633773696611084,0,1e+05,1816.52303660901,98387.7417203696,2974784.9741043,29.747849741043,2023,"Males","B'Tselem historical average",45.206100258957
0,1,0.0178526,0.00558386,0.00134444,0.0121534,0.0430349,0.110559,0.0823736,0.0439757,0.0338603,0.0249006,0.0180481,0.0218129,0.0198133,0.0189685,0.0381753,0.0478288,0.079307,0.24957,0.11366602933,0.0175745120660356,0.0220887589251761,0.00669968169983867,0.0589751291630738,0.194273182541601,0.433090005268735,0.341534445500334,0.198099580675249,0.156088492079132,0.11720670669799,0.0863446096274567,0.103424527794195,0.0943910066689169,0.0905485734607733,0.174246699893855,0.213603055453334,0.330923604287023,1,0.982425487933964,0.977911241074824,0.993300318300161,0.941024870836926,0.805726817458399,0.566909994731265,0.658465554499666,0.801900419324751,0.843911507920868,0.88279329330201,0.913655390372543,0.896575472205805,0.905608993331083,0.909451426539227,0.825753300106145,0.786396944546666,0.669076395712977,0,1e+05,1757.45120660355,98442.3112937923,3000838.50335859,30.0083850335859,2023,"Males","B'Tselem historical average",44.9455649664141
0,1,0.0167927,0.00434102,0.00548299,0.0106809,0.0431791,0.110246,0.0489038,0.0556778,0.0268939,0.0279826,0.0309372,0.0329444,0.0244646,0.0305453,0.0377871,0.0513961,0.062255,0.297569,0.115781006785,0.0165470030776192,0.0172146219635278,0.027044241732557,0.0520155673175938,0.194860723350898,0.432128816296453,0.217880980290209,0.24437354639616,0.125998052443476,0.130765129236562,0.143581013660459,0.152187671211361,0.115272745948661,0.141891224918725,0.172627745312733,0.227720620537041,0.269353495365112,1,0.983452996922381,0.982785378036472,0.972955758267443,0.947984432682406,0.805139276649102,0.567871183703547,0.782119019709791,0.75562645360384,0.874001947556524,0.869234870763438,0.856418986339541,0.847812328788639,0.884727254051339,0.858108775081275,0.827372254687267,0.772279379462959,0.730646504634888,0,1e+05,1654.70030776193,98536.8825597982,3040947.68640679,30.4094768640679,2023,"Males","B'Tselem historical average",44.5444731359321
0,1,0.0179856,0.0059938,0.00272188,0.0159041,0.0551504,0.0906016,0.0677197,0.0437557,0.0266548,0.0446087,0.0108248,0.0208203,0.0316838,0.0383286,0.0317203,0.0674222,0.0447824,0.214532,0.11340063448,0.0177033027528239,0.0236911993783323,0.0135174180255615,0.0764796499962371,0.24233923555818,0.369348978886331,0.289573862294019,0.197206255604153,0.124947850112081,0.200664989236603,0.0526978897087031,0.0989510249386733,0.14679170263049,0.174885234502152,0.146948383015577,0.288485228129943,0.201367680016116,1,0.982296697247176,0.976308800621668,0.986482581974438,0.923520350003763,0.75766076444182,0.63065102111367,0.710426137705981,0.802793744395847,0.875052149887919,0.799335010763397,0.947302110291297,0.901048975061327,0.85320829736951,0.825114765497848,0.853051616984423,0.711514771870057,0.798632319983884,0,1e+05,1770.33027528239,98430.4263011738,2999272.70846077,29.9927270846077,2023,"Males","B'Tselem historical average",44.9612229153923
0,1,0.0204436,0.000817494,0.00253305,0.0257061,0.0638615,0.0972286,0.0742277,0.0216055,0.0254813,0.0159109,0.0207168,0.0149595,0.0188941,0.0253889,0.02474,0.0597546,0.0405586,0.229283,0.10849581838,0.0200776732639179,0.00326463835546448,0.0125855504287163,0.120769234925222,0.275347274994799,0.391082089807384,0.313046665135757,0.102491547192814,0.119776356798759,0.0765110988916136,0.0984833503202154,0.0721010122674623,0.090209434795095,0.119367947776729,0.116494796816876,0.259941281718552,0.184123519549953,1,0.979922326736082,0.996735361644536,0.987414449571284,0.879230765074778,0.724652725005201,0.608917910192616,0.686953334864243,0.897508452807186,0.880223643201241,0.923488901108386,0.901516649679785,0.927898987732538,0.909790565204905,0.880632052223271,0.883505203183124,0.740058718281448,0.815876480450047,0,1e+05,2007.76732639178,98210.0670328017,3013151.00296905,30.1315100296905,2023,"Males","B'Tselem historical average",44.8224399703095
0,1,0.0142319,0.00300639,0.00407845,0.00637175,0.0509741,0.117577,0.0522415,0.0237456,0.0190888,0.016389,0.017004,0.0468146,0.0107532,0.0288373,0.0360082,0.0567635,0.0598069,0.235596,0.120890955145,0.0140560393811179,0.0119536851211771,0.0201864266703656,0.0313592172684248,0.22606220623313,0.454336263010141,0.231033640212143,0.112074792045038,0.0910966840440498,0.0787196587806114,0.0815531745498844,0.209548210823908,0.0523584478465414,0.134490633160875,0.165172122909615,0.248546567315471,0.260139201912803,1,0.985943960618882,0.988046314878823,0.979813573329634,0.968640782731575,0.77393779376687,0.545663736989858,0.768966359787857,0.887925207954962,0.90890331595595,0.921280341219389,0.918446825450116,0.790451789176092,0.947641552153459,0.865509366839125,0.834827877090385,0.751453432684529,0.739860798087197,0,1e+05,1405.60393811179,98764.3208645221,3208632.55261453,32.0863255261453,2023,"Males","B'Tselem historical average",42.8676244738547
0,1,0.0168027,0.00344254,0.000859538,0.0273677,0.0690105,0.0586414,0.0799578,0.0308505,0.0265213,0.0224334,0.00959579,0.0131808,0.0139895,0.0252251,0.0300909,0.0657903,0.0821642,0.252297,0.115761052285,0.0165567070402272,0.0136759996483412,0.00428847473251341,0.128075659437997,0.294281258095501,0.255717865853366,0.333186792672189,0.143207446666535,0.124360963919035,0.106210351738286,0.0468549249493018,0.0638016093681023,0.0675838396867553,0.118643513753069,0.139928094270304,0.282488922590273,0.340814187366047,1,0.983443292959773,0.986324000351659,0.995711525267487,0.871924340562003,0.705718741904499,0.744282134146634,0.666813207327811,0.856792553333465,0.875639036080965,0.893789648261714,0.953145075050698,0.936198390631898,0.932416160313245,0.881356486246931,0.860071905729696,0.717511077409727,0.659185812633953,0,1e+05,1655.67070402273,98535.9914789124,3119957.81144301,31.1995781144301,2023,"Males","B'Tselem historical average",43.7543718855699
0,1,0.0152939,0.00365565,0.00514152,0.0110549,0.0403016,0.0848842,0.105378,0.0337228,0.0191233,0.00732869,0.0132793,0.0155561,0.0276156,0.0243479,0.0314953,0.0430006,0.0444513,0.211587,0.118771787245,0.0150905187980424,0.0145164657638607,0.0253813531627171,0.053787949006325,0.183063609126108,0.350121534172489,0.417026463360099,0.155503930160001,0.091253814808196,0.0359841581500188,0.0642630782620857,0.074868832391102,0.129160863167761,0.114754426733348,0.145982123096126,0.194133371376924,0.200027764571731,1,0.984909481201958,0.985483534236139,0.974618646837283,0.946212050993675,0.816936390873892,0.649878465827511,0.582973536639901,0.844496069839999,0.908746185191804,0.964015841849981,0.935736921737914,0.925131167608898,0.870839136832239,0.885245573266652,0.854017876903874,0.805866628623076,0.799972235428269,0,1e+05,1509.05187980423,98670.1809090055,3210608.95478626,32.1060895478626,2023,"Males","B'Tselem historical average",42.8478604521374
0,1,0.0166366,0.00447088,0.00243458,0.0030749,0.0510636,0.0879443,0.0604541,0.0360251,0.0185401,0.0490368,0.0248282,0.0257387,0.00870252,0.0301789,0.0252014,0.0450613,0.0704137,0.228684,0.11609249653,0.0163955006288383,0.0177250270620179,0.0120992584682956,0.0152572139818183,0.226414190814776,0.360468602666329,0.262584696281345,0.165243239437363,0.0885941394862762,0.218408825290043,0.116885837616241,0.120913132867649,0.0425860843725652,0.140308601839839,0.118538650154962,0.202494802401377,0.299369257315423,1,0.983604499371162,0.982274972937982,0.987900741531704,0.984742786018182,0.773585809185224,0.639531397333671,0.737415303718655,0.834756760562637,0.911405860513724,0.781591174709957,0.883114162383759,0.879086867132351,0.957413915627435,0.859691398160161,0.881461349845038,0.797505197598623,0.700630742684577,0,1e+05,1639.55006288383,98550.7893971023,3277698.25433457,32.7769825433457,2023,"Males","B'Tselem historical average",42.1769674566543
0,1,0.0218714,0.00419482,0.00298399,0.0256523,0.0774927,0.0949047,0.0374794,0.0471617,0.0232348,0.0138426,0.0369786,0.0603747,0.0196443,0.0206353,0.0368226,0.0518591,0.042173,0.22935,0.10564671487,0.0214517867806685,0.0166396790827799,0.0148094717112707,0.120531710976306,0.324581716118382,0.383527171998973,0.171342467782483,0.210938011909338,0.109796264390357,0.0668978978964466,0.169246731990995,0.26228504737554,0.0936235759665984,0.0981149228322017,0.168592925366041,0.22953659669574,0.190753392902778,1,0.978548213219331,0.98336032091722,0.985190528288729,0.879468289023694,0.675418283881618,0.616472828001027,0.828657532217517,0.789061988090662,0.890203735609643,0.933102102103553,0.830753268009006,0.73771495262446,0.906376424033402,0.901885077167798,0.831407074633959,0.77046340330426,0.809246607097222,0,1e+05,2145.17867806685,98081.4524020801,2864281.72554895,28.6428172554895,2023,"Males","B'Tselem historical average",46.3111327445105
0,1,0.0141958,0.00319309,0.00920901,0.0126646,0.0496304,0.0763525,0.0808675,0.0359419,0.0370683,0.0312651,0.0161025,0.0276619,0.0202622,0.029287,0.0284624,0.0511255,0.0539535,0.244744,0.12096299089,0.0140208390866389,0.0126913110034957,0.0450088330166533,0.0613796288802093,0.22076087381992,0.320571425572449,0.336340052093352,0.164893074054134,0.169622459464573,0.144992488378958,0.0773967952607831,0.129363405998991,0.0964264689995912,0.136444849250036,0.13285833249312,0.226657548730896,0.237704963173541,1,0.985979160913361,0.987308688996504,0.954991166983347,0.938620371119791,0.77923912618008,0.679428574427551,0.663659947906648,0.835106925945866,0.830377540535427,0.855007511621042,0.922603204739217,0.870636594001009,0.903573531000409,0.863555150749964,0.86714166750688,0.773342451269104,0.762295036826459,0,1e+05,1402.08390866389,98767.5163544068,3090397.25329291,30.9039725329291,2023,"Males","B'Tselem historical average",44.0499774670709
0,1,0.0137957,0.00280198,0.00270375,0.014659,0.0542857,0.0740194,0.057115,0.0369594,0.0153481,0.0328964,0.0309161,0.0100952,0.0331647,0.0209047,0.025866,0.0543081,0.0677694,0.21641,0.121761370435,0.0136305533515373,0.0111454612808008,0.0134279852124546,0.0707038795733362,0.238993655314266,0.312305361341751,0.249893352876191,0.16916628867579,0.0739047560347574,0.151982783871615,0.14349011327263,0.0492334462827168,0.153127436284628,0.0993322241352971,0.12147483011088,0.239080483046637,0.289755593247442,1,0.986369446648463,0.988854538719199,0.986572014787545,0.929296120426664,0.761006344685734,0.687694638658249,0.750106647123809,0.83083371132421,0.926095243965243,0.848017216128385,0.85650988672737,0.950766553717283,0.846872563715372,0.900667775864703,0.87852516988912,0.760919516953363,0.710244406752558,0,1e+05,1363.05533515372,98802.9121504333,3308072.22313409,33.0807222313409,2023,"Males","B'Tselem historical average",41.8732277686591
0,1,0.0169929,0.00115182,0.0052663,0.014548,0.0358877,0.117957,0.0694703,0.0393855,0.0310047,0.0277381,0.0223012,0.0417477,0.0193899,0.0241751,0.0334369,0.065303,0.0468808,0.239913,0.115381517695,0.0167412417465271,0.00459669087902345,0.0259893309658365,0.0701872883236682,0.164664889603446,0.455470241738214,0.295951841895004,0.179275374358052,0.143871748962366,0.129696653162297,0.105617507125246,0.189011510416466,0.0924671767250475,0.113986417401682,0.154287279186428,0.280690216912421,0.209813444659068,1,0.983258758253473,0.995403309120977,0.974010669034163,0.929812711676332,0.835335110396554,0.544529758261786,0.704048158104996,0.820724625641948,0.856128251037634,0.870303346837703,0.894382492874754,0.810988489583534,0.907532823274952,0.886013582598318,0.845712720813572,0.719309783087579,0.790186555340932,0,1e+05,1674.12417465271,98519.0388134286,3026594.60640531,30.2659460640531,2023,"Males","B'Tselem historical average",44.6880039359469
0,1,0.0148148,0.00620169,0.00168374,0.0304759,0.0619275,0.0805662,0.0612742,0.0258568,0.046109,0.0209146,0.0176146,0.0291571,0.0228346,0.0402757,0.0222943,0.0557605,0.0490438,0.260071,0.11972780734,0.0146240864624771,0.0245028419403341,0.00838341128769614,0.141591666339509,0.268126491711362,0.335296989259752,0.265673649209082,0.12143424738081,0.206716295793181,0.0993769282415008,0.0843581618075613,0.135880776526824,0.108007244440261,0.182956724615962,0.105586554211127,0.244692113511373,0.218436597944343,1,0.985375913537523,0.975497158059666,0.991616588712304,0.858408333660491,0.731873508288638,0.664703010740248,0.734326350790918,0.87856575261919,0.79328370420682,0.900623071758499,0.915641838192439,0.864119223473176,0.891992755559739,0.817043275384038,0.894413445788873,0.755307886488627,0.781563402055657,0,1e+05,1462.4086462477,98712.6823344026,2973319.30998886,29.7331930998886,2023,"Males","B'Tselem historical average",45.2207569001114
0,1,0.0190223,0.00113621,0.00670016,0.00903928,0.0451128,0.128553,0.078555,0.0398976,0.0196618,0.00877762,0.00869859,0.0180357,0.0138499,0.0196186,0.0314963,0.0461831,0.0403067,0.213593,0.111331951465,0.0187060828316036,0.00453453563054244,0.0329488928649549,0.0441976134908119,0.202702775566104,0.486433716202538,0.328300822267033,0.181394942823057,0.0937030723311009,0.0429456974674886,0.0425672620989468,0.086287845750973,0.0669319963590664,0.093506817857931,0.145986419814029,0.207014115953742,0.183084654401125,1,0.981293917168396,0.995465464369458,0.967051107135045,0.955802386509188,0.797297224433896,0.513566283797462,0.671699177732967,0.818605057176943,0.906296927668899,0.957054302532511,0.957432737901053,0.913712154249027,0.933068003640934,0.906493182142069,0.854013580185971,0.792985884046258,0.816915345598875,0,1e+05,1870.60828316036,98337.6501874305,3059311.97398753,30.5931197398753,2023,"Males","B'Tselem historical average",44.3608302601247
0,1,0.0154415,0.0027978,0.00292568,0.0122917,0.0478689,0.0735752,0.0783564,0.0229295,0.0374663,0.0134434,0.0225682,0.0261555,0.0226821,0.0234972,0.0421951,0.0436959,0.0493566,0.22147,0.118477258825,0.015234132479746,0.0111289269762119,0.0145221818574582,0.0596262306517449,0.21376300073526,0.310722352015055,0.327606780216592,0.108431783547849,0.17128770833319,0.0650313924469468,0.106814473971302,0.122750967663212,0.107324630023367,0.110967439690274,0.190843815320432,0.196963280481068,0.219676755610132,1,0.984765867520254,0.988871073023788,0.985477818142542,0.940373769348255,0.78623699926474,0.689277647984945,0.672393219783408,0.891568216452151,0.82871229166681,0.934968607553053,0.893185526028698,0.877249032336788,0.892675369976633,0.889032560309726,0.809156184679568,0.803036719518932,0.780323244389868,0,1e+05,1523.4132479746,98657.0765777031,3304080.70582328,33.0408070582328,2023,"Males","B'Tselem historical average",41.9131429417672
0,1,0.0232863,0.00339686,0.00994442,0.0276099,0.0566938,0.0815093,0.0820667,0.0220678,0.0261353,0.0197738,0.021671,0.00673966,0.0123182,0.0235726,0.0285649,0.0581044,0.0802396,0.249646,0.104238228123,0.0228104963728516,0.0134957536286579,0.0485159427221866,0.129135925056927,0.248279262823362,0.338557531495238,0.340478610117646,0.104569929286243,0.122661980830971,0.0942116921065583,0.102786295476805,0.0331399205083665,0.059750939929404,0.111303705669347,0.133304897344603,0.25367318017465,0.334164862706033,1,0.977189503627148,0.986504246371342,0.951484057277813,0.870864074943073,0.751720737176638,0.661442468504762,0.659521389882354,0.895430070713757,0.877338019169029,0.905788307893442,0.897213704523195,0.966860079491634,0.940249060070596,0.888696294330653,0.866695102655397,0.74632681982535,0.665835137293967,0,1e+05,2281.04963728516,97956.722935166,2976495.25919521,29.7649525919521,2023,"Males","B'Tselem historical average",45.1889974080479
0,1,0.0147825,0.00435621,0.00145323,0.0142965,0.0253352,0.0923596,0.0780651,0.0392503,0.0352077,0.052832,0.0207041,0.0328271,0.015218,0.025183,0.0310459,0.049346,0.107672,0.270654,0.119792260375,0.0145926255585052,0.0172743387059713,0.00723984709252433,0.0690157894165169,0.119130511652927,0.375171317874172,0.326587738782856,0.17871496046787,0.161797229231009,0.233340399971733,0.0984259483090372,0.151686897608768,0.0733012537992091,0.118457229004923,0.144049160425839,0.219634758070618,0.424179391418081,1,0.985407374441495,0.982725661294029,0.992760152907476,0.930984210583483,0.880869488347073,0.624828682125828,0.673412261217144,0.82128503953213,0.838202770768991,0.766659600028267,0.901574051690963,0.848313102391232,0.926698746200791,0.881542770995077,0.855950839574161,0.780365241929382,0.575820608581919,0,1e+05,1459.26255585051,98715.5458041954,3176114.96070081,31.7611496070081,2023,"Males","B'Tselem historical average",43.1928003929919
0,1,0.0196938,0.00468226,0.00111483,0.012199,0.0503776,0.0683394,0.0888033,0.0442257,0.0289321,0.0346113,0.0248816,0.0183097,0.0285372,0.0332076,0.0262226,0.0440697,0.0455486,0.231649,0.10999200679,0.0193545602469235,0.0185552787213087,0.00555865760435733,0.0591898573261944,0.223712724611526,0.291837073711928,0.363349838268277,0.199113648760079,0.134902936851777,0.159274735838668,0.117122511306679,0.0875413599063087,0.13318423698106,0.153310329735674,0.123046501992152,0.198481004220734,0.204460747940853,1,0.980645439753076,0.981444721278691,0.994441342395643,0.940810142673806,0.776287275388474,0.708162926288072,0.636650161731723,0.800886351239921,0.865097063148223,0.840725264161332,0.882877488693321,0.912458640093691,0.86681576301894,0.846689670264326,0.876953498007848,0.801518995779266,0.795539252059147,0,1e+05,1935.45602469235,98277.4286675174,3138470.49401358,31.3847049401358,2023,"Males","B'Tselem historical average",43.5692450598642
0,1,0.0168021,0.00534542,0.00173337,0.00740717,0.0455403,0.113722,0.0713175,0.0376786,0.0367197,0.0163558,0.0500505,0.0127413,0.0151687,0.0300014,0.025756,0.0562914,0.0527735,0.247964,0.115762249555,0.0165561248076037,0.0211555098292966,0.00862945490438098,0.0363624920985068,0.204427298720228,0.442737511728133,0.302630392463679,0.172174741922497,0.168161408793787,0.0785664568621357,0.222421706008548,0.0617398840387429,0.0730724642777743,0.139540941029494,0.120989486936179,0.246734433302929,0.233112141059492,1,0.983443875192396,0.978844490170703,0.991370545095619,0.963637507901493,0.795572701279772,0.557262488271867,0.697369607536321,0.827825258077503,0.831838591206213,0.921433543137864,0.777578293991452,0.938260115961257,0.926927535722226,0.860459058970506,0.879010513063821,0.753265566697071,0.766887858940508,0,1e+05,1655.61248076038,98536.0449444038,3048172.56802294,30.4817256802294,2023,"Males","B'Tselem historical average",44.4722243197707
0,1,0.015232,0.00168166,0.0087185,0.0103046,0.0475731,0.0915877,0.0620383,0.0498826,0.0200471,0.0365969,0.0200759,0.0291361,0.0146283,0.0259445,0.0298197,0.0596167,0.103369,0.22088,0.1188953056,0.0150302788276798,0.00670409199331704,0.0426626149782797,0.0502290249731541,0.212582480939985,0.37261998215171,0.268541807032014,0.2217582987206,0.0954516767286335,0.167646174308613,0.0955822507313559,0.135789554875481,0.0705610302046435,0.121821035369631,0.138754459137168,0.259419207352561,0.410708645148986,1,0.98496972117232,0.993295908006683,0.95733738502172,0.949770975026846,0.787417519060015,0.62738001784829,0.731458192967986,0.7782417012794,0.904548323271366,0.832353825691387,0.904417749268644,0.864210445124519,0.929438969795356,0.878178964630368,0.861245540862832,0.740580792647439,0.589291354851014,0,1e+05,1503.02788276797,98675.675076679,3121204.88002166,31.2120488002166,2023,"Males","B'Tselem historical average",43.7419011997834
0,1,0.0164057,0.00705301,0.00232758,0.0188257,0.0342782,0.131089,0.0364809,0.0426352,0.023926,0.0512562,0.0401303,0.00666027,0.0153344,0.0327502,0.0280104,0.0554344,0.049891,0.226537,0.116553245935,0.0161713199647871,0.0278196159411419,0.0115705714234157,0.0898975397164023,0.157862863021906,0.493661137775401,0.167159204446288,0.192642609534895,0.112878191005034,0.227171172385,0.182356452168824,0.032755941464358,0.0738412228796844,0.151358451134165,0.130886539205589,0.243435278494554,0.221791500607925,1,0.983828680035213,0.972180384058858,0.988429428576584,0.910102460283598,0.842137136978094,0.506338862224599,0.832840795553712,0.807357390465105,0.887121808994966,0.772828827615,0.817643547831176,0.967244058535642,0.926158777120316,0.848641548865835,0.869113460794411,0.756564721505446,0.778208499392075,0,1e+05,1617.13199647871,98571.3499868162,3012456.86861044,30.1245686861044,2023,"Males","B'Tselem historical average",44.8293813138956
0,1,0.0149521,0.00501055,0.00184936,0.00994306,0.0473817,0.0901705,0.0831953,0.0217492,0.0239652,0.0233898,0.0329825,0.023094,0.0199553,0.0411521,0.0255399,0.0499506,0.0460097,0.241467,0.119453832055,0.0147577986115913,0.01984334782709,0.00920424509323593,0.0485094686076647,0.211817783338031,0.367914837796236,0.344354756761914,0.103138073528059,0.113052675078049,0.110488254558801,0.152350268197906,0.109167229977263,0.0950353525720475,0.186566492599718,0.120035277538017,0.222027040301758,0.206317037499409,1,0.985242201388409,0.98015665217291,0.990795754906764,0.951490531392335,0.788182216661969,0.632085162203764,0.655645243238086,0.896861926471941,0.886947324921951,0.889511745441199,0.847649731802094,0.890832770022737,0.904964647427952,0.813433507400282,0.879964722461983,0.777972959698242,0.793682962500591,0,1e+05,1475.77986115913,98700.5076985259,3187673.27524392,31.8767327524392,2023,"Males","B'Tselem historical average",43.0772172475608
0,1,0.0213494,0.00408365,0.00518902,0.0113546,0.0455617,0.100285,0.049037,0.0524857,0.0322403,0.0246242,0.0254092,0.0279888,0.0155097,0.0259022,0.0260134,0.0456195,0.0730484,0.274996,0.10668833977,0.0209498513904919,0.0162022711905058,0.0256128362017312,0.0552058977825944,0.204513538753443,0.40091148045614,0.218409618806468,0.231988325818915,0.149177668070284,0.115981142855259,0.119457689208414,0.130792207646555,0.0746538528462753,0.121634497309476,0.122124797013427,0.204746426042846,0.308841124925061,1,0.979050148609508,0.983797728809494,0.974387163798269,0.944794102217406,0.795486461246557,0.59908851954386,0.781590381193532,0.768011674181085,0.850822331929716,0.884018857144741,0.880542310791586,0.869207792353445,0.925346147153725,0.878365502690524,0.877875202986573,0.795253573957154,0.69115887507494,0,1e+05,2094.9851390492,98128.5253472788,3111809.89303008,31.1180989303008,2023,"Males","B'Tselem historical average",43.8358510696992
0,1,0.0157204,0.00253268,0.00414722,0.0144015,0.0781312,0.0673753,0.078518,0.0267064,0.0287454,0.0162006,0.0104076,0.02332,0.0428341,0.0433662,0.0241931,0.0685536,0.0508049,0.211897,0.11792072782,0.015505392322263,0.01007966287884,0.0205233132619346,0.0695050572934702,0.32681908229373,0.288313481692336,0.328171563034201,0.125174593116016,0.134090768087541,0.077849959851091,0.0507183590167434,0.110176698478692,0.193454388449309,0.195622489941723,0.114066447568336,0.292617963024935,0.225396396534288,1,0.984494607677737,0.98992033712116,0.979476686738065,0.93049494270653,0.67318091770627,0.711686518307664,0.671828436965799,0.874825406883984,0.865909231912459,0.922150040148909,0.949281640983257,0.889823301521308,0.806545611550691,0.804377510058277,0.885933552431664,0.707382036975065,0.774603603465712,0,1e+05,1550.53923222631,98632.3014825513,3066370.70097379,30.6637070097379,2023,"Males","B'Tselem historical average",44.2902429902621
0,1,0.0144881,0.00384471,0.00515417,0.0137886,0.0474326,0.109814,0.0642966,0.0318517,0.0195393,0.0424993,0.0198284,0.0145724,0.0187155,0.0293793,0.0267556,0.0472553,0.0673474,0.266175,0.120379720855,0.0143057866745678,0.0152614880088748,0.0254430060537202,0.0666456253265556,0.212021207216461,0.430800252641159,0.276963475502513,0.147512213104638,0.0931464585081779,0.192087535505706,0.0944595458525436,0.0703008690400036,0.0893948277529731,0.136845441780729,0.125390738867867,0.211312420445325,0.288211296350424,1,0.985694213325432,0.984738511991125,0.97455699394628,0.933354374673444,0.787978792783539,0.569199747358841,0.723036524497487,0.852487786895362,0.906853541491822,0.807912464494294,0.905540454147456,0.929699130959996,0.910605172247027,0.863154558219271,0.874609261132133,0.788687579554675,0.711788703649576,0,1e+05,1430.57866745678,98741.6339931928,3071140.46575424,30.7114046575424,2023,"Males","B'Tselem historical average",44.2425453424576
0,1,0.0149089,0.00250708,0.00260157,0.00822377,0.0315564,0.0931762,0.0925612,0.0412363,0.018355,0.0311601,0.0168543,0.0104544,0.0320986,0.0184534,0.0415601,0.0473127,0.0781563,0.228768,0.119540035495,0.0147157311652743,0.00997828727109676,0.0129237946091467,0.040290500477226,0.146244615999207,0.377861705410764,0.375836342773243,0.186912545499996,0.0877484433077171,0.144540740203001,0.080864225222098,0.0509406160586901,0.148570719738504,0.0881981123824062,0.188242098867176,0.211541948171827,0.32690691307424,1,0.985284268834726,0.990021712728903,0.987076205390853,0.959709499522774,0.853755384000793,0.622138294589236,0.624163657226757,0.813087454500004,0.912251556692283,0.855459259796999,0.919135774777902,0.94905938394131,0.851429280261496,0.911801887617594,0.811757901132824,0.788458051828173,0.67309308692576,0,1e+05,1471.57311652742,98704.3387860558,3253205.42062739,32.5320542062739,2023,"Males","B'Tselem historical average",42.4218957937261
0,1,0.0212136,0.00754011,0.00203532,0.0286208,0.0376187,0.0736119,0.0684275,0.0289883,0.0335471,0.0150442,0.0285763,0.0202379,0.0424808,0.0250098,0.0311471,0.0665857,0.0411857,0.216206,0.10695932188,0.0208191886380092,0.0297123709099563,0.0101250805526241,0.133548348563579,0.171924554412323,0.310853253476106,0.292158338270063,0.135147275578378,0.154756426695047,0.0724944475793181,0.133354550869938,0.0963163960223483,0.192011947185053,0.117690462666978,0.144484794168858,0.285416805530045,0.186704600806418,1,0.979180811361991,0.970287629090044,0.989874919447376,0.866451651436421,0.828075445587677,0.689146746523894,0.707841661729937,0.864852724421622,0.845243573304953,0.927505552420682,0.866645449130062,0.903683603977652,0.807988052814947,0.882309537333022,0.855515205831142,0.714583194469955,0.813295399193582,0,1e+05,2081.91886380092,98140.7617660804,3160437.11307819,31.6043711307819,2023,"Males","B'Tselem historical average",43.3495788692181
0,1,0.0140332,0.00562578,0.00513092,0.0200159,0.0602939,0.0706299,0.0865621,0.0247928,0.0102939,0.0335816,0.0251701,0.00993348,0.0153829,0.0224166,0.0380782,0.0483636,0.0484881,0.25247,0.12128745106,0.0138622623779474,0.0222527419389098,0.0253296884868723,0.0953102013519012,0.261980008859557,0.300150500425069,0.355811108181258,0.116728908776232,0.0501781771554488,0.154903252352037,0.118400141496309,0.0484638629662549,0.0740661206804613,0.106135033519043,0.173842021812544,0.215733837448,0.216229148554889,1,0.986137737622053,0.97774725806109,0.974670311513128,0.904689798648099,0.738019991140443,0.699849499574931,0.644188891818742,0.883271091223768,0.949821822844551,0.845096747647963,0.881599858503691,0.951536137033745,0.925933879319539,0.893864966480957,0.826157978187456,0.784266162552,0.783770851445111,0,1e+05,1386.22623779475,98781.9056091799,3111870.07452576,31.1187007452576,2023,"Males","B'Tselem historical average",43.8352492547424
0,1,0.0152374,0.00132363,0.0039984,0.0167989,0.0333399,0.0956028,0.0680272,0.0358207,0.017515,0.0332705,0.0106471,0.0340064,0.0143514,0.0294958,0.0447115,0.0434027,0.0961533,0.281744,0.11888453017,0.0150355342870015,0.00528054103493984,0.0197941377985655,0.0806091378840011,0.153874129753572,0.385804115715246,0.290697634667387,0.164382738130612,0.0839011772032142,0.153578422717448,0.0518552304399568,0.156709209818104,0.0692716375520874,0.137350819262959,0.201080925498891,0.195771022594134,0.387595124329517,1,0.984964465712998,0.99471945896506,0.980205862201434,0.919390862115999,0.846125870246428,0.614195884284754,0.709302365332613,0.835617261869388,0.916098822796786,0.846421577282552,0.948144769560043,0.843290790181896,0.930728362447913,0.862649180737041,0.798919074501109,0.804228977405866,0.612404875670483,0,1e+05,1503.55342870015,98675.1958142564,3250176.08049038,32.5017608049038,2023,"Males","B'Tselem historical average",42.4521891950962
0,1,0.0146499,0.00398078,0.0065215,0.00831189,0.0368835,0.106925,0.0612272,0.0536827,0.0375081,0.0292638,0.0319971,0.0178315,0.0313386,0.0411365,0.0392671,0.0501868,0.04099,0.249043,0.120056857045,0.014463450516062,0.0157973484623759,0.0320844038999167,0.040713435996194,0.168848216973175,0.421857276717463,0.265496917788023,0.23665306171031,0.171462425495665,0.13634413151074,0.148135716651802,0.085352588304137,0.145308581239889,0.186502363780825,0.178784616466838,0.222959891316227,0.18589990702737,1,0.985536549483938,0.984202651537624,0.967915596100083,0.959286564003806,0.831151783026825,0.578142723282537,0.734503082211977,0.76334693828969,0.828537574504335,0.86365586848926,0.851864283348198,0.914647411695863,0.854691418760111,0.813497636219175,0.821215383533162,0.777040108683773,0.81410009297263,0,1e+05,1446.3450516062,98727.2985894922,3057227.71900818,30.5722771900818,2023,"Males","B'Tselem historical average",44.3816728099182
0,1,0.0169933,0.0104059,0.00305578,0.0117658,0.0383933,0.104987,0.0541327,0.031256,0.0329754,0.021872,0.0147559,0.0230066,0.024301,0.0349944,0.0344642,0.0557583,0.0584496,0.231174,0.115380719515,0.0167416297627165,0.0407749988783437,0.0151630625418646,0.0571480195781194,0.175154592919189,0.415800802792943,0.238400361832566,0.144953345576641,0.152319970141491,0.103690218834149,0.0711546237196385,0.108776553368198,0.114546041607255,0.16089586440653,0.158651506844523,0.244683640429587,0.254988116469073,1,0.983258370237283,0.959225001121656,0.984836937458135,0.942851980421881,0.824845407080811,0.584199197207057,0.761599638167434,0.855046654423359,0.847680029858509,0.896309781165851,0.928845376280362,0.891223446631802,0.885453958392745,0.83910413559347,0.841348493155478,0.755316359570413,0.745011883530927,0,1e+05,1674.16297627165,98519.0031525159,3173579.56609685,31.7357956609685,2023,"Males","B'Tselem historical average",43.2181543390315
0,1,0.0152951,0.00367298,0.00413026,0.023634,0.0655565,0.100605,0.0416852,0.0472178,0.0421268,0.0309353,0.0175044,0.0132078,0.0478763,0.0242388,0.0385731,0.0439924,0.0767609,0.215637,0.118769392705,0.0150916865479974,0.0145847807837538,0.0204402412232135,0.111577446569444,0.281626397655279,0.401933660271072,0.188755249213693,0.211162435842223,0.190564335842116,0.143572828682171,0.0838525294583722,0.0639281252677224,0.213792513691839,0.114269604760338,0.175902717243716,0.198167356017806,0.322010047384339,1,0.984908313452003,0.985415219216246,0.979559758776786,0.888422553430556,0.718373602344721,0.598066339728928,0.811244750786307,0.788837564157777,0.809435664157884,0.856427171317829,0.916147470541628,0.936071874732278,0.786207486308161,0.885730395239662,0.824097282756284,0.801832643982194,0.677989952615661,0,1e+05,1509.16865479974,98670.0743898202,2899888.50133174,28.9988850133174,2023,"Males","B'Tselem historical average",45.9550649866826
0,1,0.0148873,0.00298028,0.00888544,0.0210931,0.0392624,0.132394,0.0611822,0.0289327,0.0375594,0.0220334,0.0101136,0.0409093,0.029782,0.0193698,0.0321367,0.0442722,0.0427728,0.218887,0.119583137215,0.0146946961769361,0.0118504844762502,0.0434617578948275,0.100182596200223,0.178765129908683,0.497353463788097,0.265327673097531,0.134905545788419,0.171676805480582,0.104415432522639,0.0493209686291798,0.185567870761628,0.138591192744228,0.0923757504713024,0.148733953862285,0.19930213954418,0.193204279937702,1,0.985305303823064,0.98814951552375,0.956538242105173,0.899817403799777,0.821234870091317,0.502646536211903,0.734672326902469,0.865094454211581,0.828323194519418,0.895584567477361,0.95067903137082,0.814432129238372,0.861408807255772,0.907624249528698,0.851266046137715,0.80069786045582,0.806795720062298,0,1e+05,1469.46961769361,98706.2541692323,2903696.5110893,29.036965110893,2023,"Males","B'Tselem historical average",45.916984889107
0,1,0.0147195,0.0015483,0.00803492,0.0289815,0.0481802,0.0685885,0.053898,0.0284902,0.0323875,0.0407015,0.0116357,0.0409769,0.0180864,0.0264384,0.0444152,0.0430763,0.0943578,0.238691,0.119917973725,0.0145312567613369,0.00617408133972341,0.0393834919815196,0.135117714866492,0.215003697173592,0.292745127121131,0.237489480015334,0.132979470709015,0.149807753461883,0.184712327958947,0.0565339692354186,0.185846015970451,0.0865199155007195,0.123996338040852,0.199881552206135,0.194441905378374,0.381738894379739,1,0.985468743238663,0.993825918660277,0.96061650801848,0.864882285133508,0.784996302826408,0.707254872878869,0.762510519984666,0.867020529290985,0.850192246538117,0.815287672041053,0.943466030764581,0.814153984029549,0.91348008449928,0.876003661959148,0.800118447793865,0.805558094621626,0.618261105620261,0,1e+05,1453.1256761337,98721.130210516,3150325.56209291,31.5032556209291,2023,"Males","B'Tselem historical average",43.4506943790709
0,1,0.0194731,0.00408376,0.00235653,0.0180792,0.0472521,0.113588,0.0344893,0.0374842,0.0272239,0.0402539,0.025798,0.00951134,0.0310586,0.0269806,0.0322692,0.0456446,0.082631,0.232916,0.110432402605,0.0191415183911927,0.0162027040902885,0.0117136411331512,0.0864869622789175,0.211299622740732,0.442331207115431,0.158757879653193,0.171362531492566,0.127445585324229,0.182866750300225,0.121174829379189,0.0464521446463485,0.144103841101883,0.126378575513735,0.149301407548814,0.204847539945508,0.34241894946657,1,0.980858481608807,0.983797295909712,0.988286358866849,0.913513037721082,0.788700377259268,0.557668792884569,0.841242120346807,0.828637468507434,0.872554414675771,0.817133249699776,0.878825170620811,0.953547855353651,0.855896158898117,0.873621424486265,0.850698592451186,0.795152460054492,0.65758105053343,0,1e+05,1914.15183911927,98297.2325474255,3101366.75725969,31.0136675725969,2023,"Males","B'Tselem historical average",43.9402824274031
0,1,0.0150191,0.00306358,0.00299363,0.00960527,0.0533018,0.0673553,0.0509044,0.0610886,0.0161908,0.0178017,0.036944,0.0135824,0.0240346,0.0373101,0.0362313,0.0552754,0.0637522,0.216793,0.119320136905,0.0148230354297439,0.0121796930717982,0.0148569594015667,0.0469001289949224,0.235171358243007,0.28824023178939,0.225787994084777,0.264975538323871,0.0778046991908519,0.0852160247313498,0.169101761324106,0.0656817117943123,0.113361503990476,0.170634522276069,0.166110501470206,0.242821817300034,0.274940798124516,1,0.985176964570256,0.987820306928202,0.985143040598433,0.953099871005078,0.764828641756993,0.71175976821061,0.774212005915223,0.735024461676129,0.922195300809148,0.91478397526865,0.830898238675894,0.934318288205688,0.886638496009524,0.829365477723931,0.833889498529794,0.757178182699966,0.725059201875484,0,1e+05,1482.30354297439,98694.5651187081,3338564.32511743,33.3856432511743,2023,"Males","B'Tselem historical average",41.5683067488257
0,1,0.0142448,0.00145097,0.00569487,0.0207796,0.0601973,0.121197,0.0432194,0.0558961,0.0215034,0.0152836,0.0214177,0.0235937,0.0104673,0.0229414,0.0430762,0.0657423,0.0589794,0.243013,0.12086521384,0.014068617309796,0.00578708622300601,0.0280746463468961,0.0987671455555355,0.261615181140785,0.465071748302465,0.195024856763941,0.245214205605181,0.102031917180265,0.0736056034960205,0.101645944154695,0.111397785188968,0.0510018703073302,0.108485005251319,0.194441497873278,0.282311913691327,0.257002383984989,1,0.985931382690204,0.994212913776994,0.971925353653104,0.901232854444465,0.738384818859215,0.534928251697535,0.804975143236059,0.754785794394819,0.897968082819735,0.92639439650398,0.898354055845305,0.888602214811032,0.94899812969267,0.891514994748681,0.805558502126722,0.717688086308673,0.742997616015011,0,1e+05,1406.8617309796,98763.1789129786,2928225.30530191,29.2822530530191,2023,"Males","B'Tselem historical average",45.6716969469809
0,1,0.0147481,0.00589392,0.00476057,0.00964282,0.048689,0.107242,0.0425312,0.0349815,0.0233969,0.0582109,0.0350184,0.0093767,0.0195056,0.0415767,0.0231658,0.0575972,0.0508323,0.250566,0.119860903855,0.0145591171357922,0.0233010114057113,0.0235228940407906,0.0470791603280145,0.217027829966859,0.422843534249924,0.192217859441323,0.160841323136731,0.11051994003735,0.254079071449413,0.160997327929118,0.0458096418286629,0.0929932758942908,0.188310207490567,0.109488054091328,0.251737554338182,0.225504250693661,1,0.985440882864208,0.976698988594289,0.97647710595921,0.952920839671985,0.782972170033141,0.577156465750076,0.807782140558677,0.839158676863269,0.88948005996265,0.745920928550587,0.839002672070883,0.954190358171337,0.907006724105709,0.811689792509433,0.890511945908672,0.748262445661818,0.774495749306338,0,1e+05,1455.91171357923,98718.5951803435,3101643.84248935,31.0164384248935,2023,"Males","B'Tselem historical average",43.9375115751065
0,1,0.0166813,0.00420774,0.00205516,0.00988366,0.0496992,0.0985332,0.0783944,0.0467961,0.0468816,0.0181739,0.0352161,0.0188694,0.024182,0.0213835,0.0415276,0.0582666,0.0538648,0.224894,0.116003299915,0.0164388886278542,0.0166905014191174,0.0102232738413306,0.0482266602186581,0.221033081668813,0.395292429872273,0.327739622370162,0.209474075534679,0.209816649421234,0.0869202979908598,0.161832707935207,0.0900968177670654,0.114017096435021,0.101491871418791,0.188108738842147,0.254291279355729,0.237360553186764,1,0.983561111372146,0.983309498580883,0.989776726158669,0.951773339781342,0.778966918331187,0.604707570127727,0.672260377629838,0.790525924465321,0.790183350578766,0.91307970200914,0.838167292064793,0.909903182232935,0.885982903564979,0.898508128581209,0.811891261157853,0.745708720644271,0.762639446813236,0,1e+05,1643.88886278543,98546.8076699912,3004876.96109104,30.0487696109104,2023,"Males","B'Tselem historical average",44.9051803890896
0,1,0.0166521,0.00325528,0.000669631,0.00245447,0.0369334,0.114483,0.0781565,0.0529022,0.0241661,0.0184515,0.0469877,0.0102856,0.0111181,0.0254803,0.0279303,0.0521613,0.0450225,0.302165,0.116061567055,0.0164105460961243,0.0129368935781459,0.003342559296689,0.0121975039810093,0.169057343750787,0.445040944015643,0.326907612884066,0.233614232829958,0.113946399771222,0.088189431750155,0.210241579354421,0.0501387326291734,0.0540871345727663,0.119771937737188,0.130536678519843,0.230719878061214,0.202338084029459,1,0.983589453903876,0.987063106421854,0.996657440703311,0.987802496018991,0.830942656249213,0.554959055984357,0.673092387115934,0.766385767170042,0.886053600228778,0.911810568249845,0.789758420645579,0.949861267370827,0.945912865427234,0.880228062262812,0.869463321480157,0.769280121938786,0.797661915970541,0,1e+05,1641.05460961243,98549.408760002,3153758.48084597,31.5375848084597,2023,"Males","B'Tselem historical average",43.4163651915404
0,1,0.0143308,0.00675591,0.00365237,0.0121761,0.0569312,0.102053,0.0433104,0.0322458,0.0217183,0.0255961,0.00793284,0.0143883,0.0168836,0.0294496,0.0272787,0.0563218,0.0424434,0.227051,0.12069360514,0.0141524624978792,0.0266633693527126,0.0180966112003752,0.0590820282883942,0.249189374680477,0.406542735527922,0.195395370828205,0.149201218380838,0.102999087305436,0.1202835270342,0.0388928726601173,0.069443562957738,0.080999108624086,0.137150436279368,0.127685747031153,0.246851235246705,0.191859116894952,1,0.985847537502121,0.973336630647287,0.981903388799625,0.940917971711606,0.750810625319523,0.593457264472078,0.804604629171795,0.850798781619162,0.897000912694564,0.8797164729658,0.961107127339883,0.930556437042262,0.919000891375914,0.862849563720632,0.872314252968847,0.753148764753295,0.808140883105048,0,1e+05,1415.24624978792,98755.5649222599,3227002.6790914,32.270026790914,2023,"Males","B'Tselem historical average",42.683923209086
0,1,0.0165065,0.00714102,0.00152454,0.013384,0.0703485,0.0945688,0.0586158,0.0495144,0.0325695,0.0271355,0.00995051,0.0112686,0.0118713,0.022171,0.0388307,0.047537,0.043309,0.220877,0.116352104575,0.0162691985440343,0.0281618710314539,0.00759375753222954,0.0647533528148163,0.299133514829961,0.382429300028631,0.255620499773449,0.220301730044688,0.150586206378397,0.127058041300711,0.0485449328993395,0.0547992236703702,0.0576456771811971,0.10503326850968,0.17697348886484,0.21243830119074,0.195389671763939,1,0.983730801455966,0.971838128968546,0.99240624246777,0.935246647185184,0.700866485170039,0.617570699971369,0.744379500226551,0.779698269955312,0.849413793621603,0.872941958699289,0.95145506710066,0.94520077632963,0.942354322818803,0.89496673149032,0.82302651113516,0.78756169880926,0.804610328236061,0,1e+05,1626.91985440343,98562.3756946313,3002102.92145736,30.0210292145736,2023,"Males","B'Tselem historical average",44.9329207854264
0,1,0.0176292,0.0031666,0.00368899,0.0119008,0.0529153,0.132903,0.0712109,0.0555796,0.0231746,0.0103951,0.0215397,0.0106572,0.0132718,0.025766,0.0551778,0.0545934,0.0492626,0.300258,0.11411181286,0.0173581097209346,0.0125866860002234,0.0182763963911921,0.0577847870166797,0.233665323295548,0.498788710140495,0.302246403892609,0.243995121818448,0.109527367663371,0.0506589869128554,0.102195356688824,0.0519031445205393,0.0642279487736642,0.121033619405965,0.242445040157934,0.240185625220252,0.219304255462173,1,0.982641890279065,0.987413313999777,0.981723603608808,0.94221521298332,0.766334676704452,0.501211289859505,0.697753596107391,0.756004878181552,0.890472632336629,0.949341013087145,0.897804643311176,0.948096855479461,0.935772051226336,0.878966380594035,0.757554959842066,0.759814374779748,0.780695744537827,0,1e+05,1735.81097209346,98462.2655647144,2891311.56057386,28.9131156057386,2023,"Males","B'Tselem historical average",46.0408343942614
0,1,0.0162561,0.00375088,0.00530955,0.021295,0.0539216,0.102278,0.0611605,0.0406472,0.0250459,0.0119258,0.0366653,0.0266814,0.0365575,0.0235514,0.0273422,0.0499121,0.0588607,0.22019,0.116851765255,0.0160260216822203,0.01489180525104,0.0261999748093772,0.101093058308311,0.237581115329167,0.407256539207371,0.265246047742597,0.184488633991093,0.117850330987783,0.0579026611103262,0.167933197348175,0.125064743858064,0.167480801498084,0.111209170834992,0.127963959562149,0.221874895118402,0.256551498090815,1,0.98397397831778,0.98510819474896,0.973800025190623,0.898906941691689,0.762418884670833,0.592743460792629,0.734753952257403,0.815511366008907,0.882149669012217,0.942097338889674,0.832066802651825,0.874935256141936,0.832519198501916,0.888790829165008,0.87203604043785,0.778125104881598,0.743448501909185,0,1e+05,1602.60216822203,98584.6647241362,2970074.30233197,29.7007430233197,2023,"Males","B'Tselem historical average",45.2532069766803
0,1,0.0161281,0.00499879,0.00369798,0.0143707,0.0461093,0.0936595,0.0569008,0.0514032,0.0224923,0.0389526,0.0320623,0.0184551,0.0189497,0.0193396,0.0406976,0.0500591,0.0512331,0.221354,0.117107182855,0.0159016700200018,0.0197972355537723,0.018320527638013,0.0693615644156307,0.206717501742286,0.379449802951224,0.249072884092127,0.227748496244599,0.106474366515082,0.177479755217306,0.148415170682561,0.0882058791970751,0.0904628885042763,0.0922383671849737,0.184696263378789,0.222455673043829,0.227080415864882,1,0.984098329979998,0.980202764446228,0.981679472361987,0.930638435584369,0.793282498257714,0.620550197048775,0.750927115907873,0.772251503755401,0.893525633484918,0.822520244782694,0.851584829317439,0.911794120802925,0.909537111495724,0.907761632815026,0.815303736621211,0.777544326956171,0.772919584135118,0,1e+05,1590.16700200018,98596.052975873,3105272.934599,31.05272934599,2023,"Males","B'Tselem historical average",43.90122065401
0,1,0.0161015,0.00171399,0.00548429,0.0161241,0.0438939,0.111835,0.0587878,0.0296749,0.0351005,0.00995841,0.0111308,0.018572,0.0133652,0.0458764,0.0273869,0.0444748,0.0411105,0.283578,0.117160261825,0.0158758244561179,0.00683253819571585,0.0270505671132166,0.0774965929634933,0.197767529583083,0.43699629763498,0.256274469373423,0.1381272213015,0.161344333090861,0.0485825379213467,0.0541472446238521,0.0887398105941152,0.0646653370917532,0.20578079485705,0.128159754077628,0.200122931603771,0.186395472336297,1,0.984124175543882,0.993167461804284,0.972949432886783,0.922503407036507,0.802232470416917,0.56300370236502,0.743725530626577,0.8618727786985,0.838655666909139,0.951417462078653,0.945852755376148,0.911260189405885,0.935334662908247,0.79421920514295,0.871840245922372,0.799877068396229,0.813604527663703,0,1e+05,1587.58244561178,98598.4191293849,3157435.06334577,31.5743506334577,2023,"Males","B'Tselem historical average",43.3795993665423
0,1,0.0143397,0.00125354,0.00446944,0.0258691,0.0598007,0.0782842,0.0604974,0.0333366,0.0275449,0.0168938,0.019106,0.0181133,0.0148074,0.0283228,0.0265931,0.0498241,0.0895443,0.228807,0.120675845635,0.0141611387381708,0.00500162053718364,0.0221002605289537,0.121488504331495,0.260115741450589,0.327354321970076,0.262748063289825,0.153860070901004,0.128851496065092,0.0810460601716792,0.0911750249340262,0.0866430223578154,0.071394097598066,0.132249789177695,0.124676653232319,0.221527036901758,0.36582715803248,1,0.985838861261829,0.994998379462816,0.977899739471046,0.878511495668505,0.739884258549411,0.672645678029924,0.737251936710175,0.846139929098996,0.871148503934908,0.918953939828321,0.908824975065974,0.913356977642185,0.928605902401934,0.867750210822305,0.875323346767681,0.778472963098242,0.63417284196752,0,1e+05,1416.11387381708,98754.7768654212,3147329.06782116,31.4732906782116,2023,"Males","B'Tselem historical average",43.4806593217884
0,1,0.0175395,0.000921273,0.00744029,0.0115019,0.0366152,0.0977051,0.0492769,0.0680621,0.0246709,0.0512264,0.0287172,0.0278948,0.00974704,0.0280284,0.0378845,0.0465618,0.0507682,0.228466,0.114290804725,0.0172711937931912,0.00367831453626446,0.0365221122339178,0.055902050513011,0.167722974371941,0.3926224585603,0.219360933090484,0.290825084962017,0.116188323711373,0.227054090806744,0.133968033006373,0.130381579771477,0.0475758897489534,0.130965141565373,0.173034213359916,0.208534630593123,0.225251914398576,1,0.982728806206809,0.996321685463736,0.963477887766082,0.944097949486989,0.832277025628059,0.6073775414397,0.780639066909516,0.709174915037983,0.883811676288627,0.772945909193256,0.866031966993627,0.869618420228523,0.952424110251047,0.869034858434627,0.826965786640084,0.791465369406877,0.774748085601424,0,1e+05,1727.11937931912,98470.2744843994,3111564.17069892,31.1156417069892,2023,"Males","B'Tselem historical average",43.8383082930108
0,1,0.01673,0.00393946,0.00605285,0.00611787,0.0348276,0.101005,0.0782385,0.026677,0.0251752,0.0347101,0.0232204,0.0421336,0.0282297,0.0176174,0.0400806,0.0470236,0.0423525,0.216955,0.1159061215,0.016486155083948,0.0156346557977421,0.0298131142288498,0.0301285437156459,0.160190383499116,0.403209548806898,0.327194485596622,0.125045409056499,0.118422711390504,0.159693092016956,0.109731950539246,0.190592164902192,0.131843727793752,0.0843710056142297,0.182151178670453,0.210385312990187,0.191487557999559,1,0.983513844916052,0.984365344202258,0.97018688577115,0.969871456284354,0.839809616500884,0.596790451193102,0.672805514403378,0.874954590943501,0.881577288609496,0.840306907983044,0.890268049460754,0.809407835097808,0.868156272206248,0.91562899438577,0.817848821329547,0.789614687009813,0.808512442000441,0,1e+05,1648.6155083948,98542.469121028,3178305.84209557,31.7830584209557,2023,"Males","B'Tselem historical average",43.1708915790443
0,1,0.0177233,0.00500909,0.00318687,0.00750297,0.0361109,0.0709476,0.0743586,0.0384483,0.0156271,0.0412857,0.00794784,0.0282098,0.0396939,0.0203,0.0333051,0.0537016,0.0400894,0.23626,0.113924041015,0.0174492732960315,0.0198376231208036,0.015808401697208,0.036824124251168,0.165604207553629,0.301297214382237,0.31351218255556,0.175383505877432,0.0751976952417203,0.18711551269393,0.038964981405466,0.131756909813834,0.180552425221273,0.0965976683321437,0.153725861985008,0.236726518046222,0.182187528261303,1,0.982550726703968,0.980162376879196,0.984191598302792,0.963175875748832,0.834395792446371,0.698702785617763,0.68648781744444,0.824616494122568,0.92480230475828,0.812884487306069,0.961035018594534,0.868243090186166,0.819447574778727,0.903402331667856,0.846274138014992,0.763273481953778,0.817812471738697,0,1e+05,1744.92732960315,98453.8618430628,3396483.81812163,33.9648381812163,2023,"Males","B'Tselem historical average",40.9891118187837
0,1,0.0201955,0.00284787,0.00583956,0.0286596,0.0418505,0.0798252,0.0715597,0.0263071,0.0205119,0.0378435,0.0221522,0.0154335,0.024882,0.0253246,0.0370347,0.0453277,0.0453378,0.257172,0.108990889525,0.0198385182728596,0.011326964554906,0.0287776775630252,0.133717289896225,0.18943285115667,0.332726167779433,0.303502186467588,0.12341854029642,0.0975568111152146,0.172863134887237,0.104948878627187,0.074300700352764,0.117124283918829,0.119083636356797,0.169481736804881,0.20357009007075,0.203610832047044,1,0.98016148172714,0.988673035445094,0.971222322436975,0.866282710103775,0.81056714884333,0.667273832220567,0.696497813532412,0.87658145970358,0.902443188884785,0.827136865112763,0.895051121372813,0.925699299647236,0.882875716081171,0.880916363643203,0.830518263195119,0.79642990992925,0.796389167952956,0,1e+05,1983.85182728595,98232.3699480557,3121317.85381345,31.2131785381345,2023,"Males","B'Tselem historical average",43.7407714618655
0,1,0.014434,0.00213367,0.00684183,0.00442445,0.0833448,0.0910822,0.0470871,0.0438249,0.0250102,0.0441277,0.0202602,0.02317,0.0193711,0.0271036,0.0576273,0.0445085,0.0484038,0.238657,0.1204876747,0.0142530591120635,0.00849841437639503,0.0336338571675385,0.0218802300404933,0.344866852813975,0.370944823493908,0.210639492841551,0.197487342418147,0.117692234209908,0.198716270117806,0.0964174099760101,0.109506817591039,0.0923816638771723,0.126918152879067,0.251852544636214,0.20025938761576,0.215893799294297,1,0.985746940887936,0.991501585623605,0.966366142832461,0.978119769959507,0.655133147186025,0.629055176506092,0.789360507158449,0.802512657581853,0.882307765790092,0.801283729882194,0.90358259002399,0.890493182408961,0.907618336122828,0.873081847120933,0.748147455363786,0.79974061238424,0.784106200705703,0,1e+05,1425.30591120635,98746.4258837711,2994926.99472512,29.9492699472512,2023,"Males","B'Tselem historical average",45.0046800527488
0,1,0.0161335,0.00182178,0.00208851,0.0318077,0.0449267,0.105782,0.0536174,0.0568578,0.0126798,0.0170267,0.018149,0.0500959,0.0388308,0.0287766,0.0509605,0.0536755,0.0423947,0.239386,0.117096407425,0.0159069167069161,0.00726066533022939,0.0103883097778646,0.147323449767107,0.201951017999145,0.418290884214938,0.236399221017536,0.248908084747595,0.0614510329800489,0.0816576012998688,0.0868063776309402,0.222601005696786,0.176973904292953,0.134226541280471,0.226008708079754,0.236625076734362,0.191660071876991,1,0.984093083293084,0.992739334669771,0.989611690222135,0.852676550232893,0.798048982000855,0.581709115785062,0.763600778982464,0.751091915252405,0.938548967019951,0.918342398700131,0.91319362236906,0.777398994303214,0.823026095707047,0.865773458719529,0.773991291920246,0.763374923265638,0.808339928123009,0,1e+05,1590.69167069161,98595.5726092673,2956837.94156108,29.5683794156108,2023,"Males","B'Tselem historical average",45.3855705843892
0,1,0.0173543,0.00288167,0.00526628,0.00780477,0.0461267,0.0662441,0.10494,0.0411637,0.0276736,0.0279489,0.0194746,0.0168906,0.0165628,0.0338741,0.0259577,0.0473506,0.0978238,0.214782,0.114660362065,0.0170916955044989,0.0114606285013331,0.0259892335478787,0.0382769921989878,0.206787444015344,0.284160593131366,0.415653344951876,0.186614175191658,0.129414581587454,0.130617931253007,0.0928523443374164,0.0810313305217244,0.0795212630604557,0.156147140380124,0.12187923824361,0.211693468165685,0.393005718087404,1,0.982908304495501,0.988539371498667,0.974010766452121,0.961723007801012,0.793212555984656,0.715839406868634,0.584346655048124,0.813385824808342,0.870585418412546,0.869382068746993,0.907147655662584,0.918968669478276,0.920478736939544,0.843852859619876,0.87812076175639,0.788306531834315,0.606994281912596,0,1e+05,1709.16955044989,98486.8044490352,3177726.47344331,31.7772647344331,2023,"Males","B'Tselem historical average",43.1766852655669
0,1,0.0140276,0.00142858,0.0039531,0.0116848,0.0543084,0.120372,0.0466565,0.0436936,0.0222814,0.00757971,0.0277508,0.0497554,0.0201934,0.02694,0.0316384,0.0461048,0.0393926,0.261705,0.12129862558,0.0138568000926846,0.0056980397886375,0.0195720740848381,0.0567657586580802,0.239081645859949,0.462638266470909,0.20891445663502,0.196953933976059,0.105528683006166,0.0371937553024904,0.129752182812984,0.221255375699769,0.0961147890471388,0.126200402866913,0.146596781009289,0.206699412335397,0.17930479484634,1,0.986143199907315,0.994301960211363,0.980427925915162,0.94323424134192,0.760918354140051,0.537361733529091,0.79108554336498,0.803046066023941,0.894471316993834,0.96280624469751,0.870247817187016,0.778744624300231,0.903885210952861,0.873799597133087,0.853403218990711,0.793300587664603,0.82069520515366,0,1e+05,1385.68000926846,98782.4010713495,3067478.92177855,30.6747892177855,2023,"Males","B'Tselem historical average",44.2791607822145
0,1,0.0219116,0.00179291,0.00158846,0.0107432,0.0337749,0.130307,0.0548092,0.0258378,0.0173709,0.0301443,0.0161714,0.0136146,0.0152772,0.0289946,0.0253144,0.0428368,0.0483461,0.213491,0.10556649778,0.0214904206542757,0.00714601567407559,0.00791088469026227,0.0523110303469418,0.155725469592639,0.491439864078732,0.241020630189539,0.12135042967064,0.083239631704079,0.140159011754893,0.0777150952708427,0.0658322989565649,0.0735759150755206,0.135174661872201,0.119038527733836,0.193465403055934,0.215664193354197,1,0.978509579345724,0.992853984325924,0.992089115309738,0.947688969653058,0.844274530407361,0.508560135921268,0.758979369810461,0.87864957032936,0.916760368295921,0.859840988245107,0.922284904729157,0.934167701043435,0.926424084924479,0.864825338127799,0.880961472266164,0.806534596944066,0.784335806645803,0,1e+05,2149.04206542757,98077.8247790015,3261367.62186882,32.6136762186882,2023,"Males","B'Tselem historical average",42.3402737813118
0,1,0.0176762,0.00957659,0.00494861,0.00472568,0.0445293,0.111759,0.0498189,0.0581083,0.0307771,0.0479216,0.0411403,0.0193859,0.0134608,0.0504134,0.038089,0.0499952,0.0431927,0.250726,0.11401802671,0.0174036450897197,0.0375864597704537,0.0244406814978325,0.0233525087906456,0.200343599398285,0.436764180014421,0.221506477384565,0.253688047127721,0.142891068257807,0.213973159588642,0.186517985321223,0.0924489831441639,0.0651128232712751,0.223853908431676,0.173887041217652,0.222203259056985,0.194916116623762,1,0.98259635491028,0.962413540229546,0.975559318502167,0.976647491209354,0.799656400601715,0.563235819985579,0.778493522615435,0.746311952872279,0.857108931742193,0.786026840411358,0.813482014678777,0.907551016855836,0.934887176728725,0.776146091568324,0.826112958782348,0.777796740943015,0.805083883376238,0,1e+05,1740.36450897196,98458.0684180971,2963425.3838084,29.634253838084,2023,"Males","B'Tselem historical average",45.319696161916
0,1,0.0185076,0.00465375,0.00160533,0.0055407,0.0436454,0.105809,0.0947596,0.042244,0.0266239,0.0437216,0.012688,0.0553941,0.0452231,0.0461738,0.0274451,0.0441581,0.0749563,0.253016,0.11235900958,0.0182084693644209,0.0184433386257409,0.00799456521157227,0.0273250009185268,0.196758041444812,0.41837531558355,0.383053102961519,0.191043858141659,0.124812041706993,0.197067710925048,0.0614895514286822,0.243279831688641,0.203148039713124,0.206976743143591,0.128414619795618,0.198839557355815,0.31563451205932,1,0.981791530635579,0.981556661374259,0.992005434788428,0.972674999081473,0.803241958555188,0.58162468441645,0.616946897038481,0.808956141858341,0.875187958293007,0.802932289074952,0.938510448571318,0.756720168311359,0.796851960286876,0.793023256856409,0.871585380204382,0.801160442644185,0.68436548794068,0,1e+05,1820.84693644209,98383.7416219333,2953084.50483875,29.5308450483875,2023,"Males","B'Tselem historical average",45.4231049516125
0,1,0.0142022,0.00372073,0.00831462,0.0109151,0.0271028,0.110516,0.0819003,0.0367165,0.0367072,0.012245,0.027242,0.0138855,0.0223214,0.0353097,0.0327597,0.0582292,0.0669953,0.264339,0.12095022001,0.0140270797534266,0.0147729874051441,0.0407265358267113,0.0531258160140623,0.12691464443689,0.432958026780747,0.339905577979511,0.168147986164938,0.168108975533263,0.0594064209390047,0.127524915621591,0.0670982675160159,0.105708117088076,0.162227949434621,0.151399032765759,0.254148797152168,0.286920660657613,1,0.985972920246573,0.985227012594856,0.959273464173289,0.946874183985938,0.87308535556311,0.567041973219253,0.660094422020489,0.831852013835062,0.831891024466737,0.940593579060995,0.872475084378408,0.932901732483984,0.894291882911924,0.837772050565379,0.848600967234241,0.745851202847832,0.713079339342387,0,1e+05,1402.70797534267,98766.9498628848,3102520.97031401,31.0252097031401,2023,"Males","B'Tselem historical average",43.9287402968599
0,1,0.0181293,0.00370353,0.00623848,0.0310548,0.0610249,0.127752,0.035901,0.0298897,0.0229167,0.0332773,0.0165253,0.0208662,0.0111358,0.0401647,0.0514054,0.0524545,0.0477553,0.214239,0.113113888315,0.017842418455541,0.0147051977181895,0.0307133878602539,0.144087480292529,0.264735809280583,0.484136488350589,0.164720888458618,0.139057530338596,0.108374533330086,0.153607401080094,0.0793483613120259,0.0991583548405645,0.0541709089794662,0.18249850567299,0.227757133609833,0.231866408666507,0.213309814534859,1,0.982157581544459,0.98529480228181,0.969286612139746,0.855912519707471,0.735264190719417,0.515863511649411,0.835279111541382,0.860942469661404,0.891625466669914,0.846392598919906,0.920651638687974,0.900841645159435,0.945829091020534,0.81750149432701,0.772242866390167,0.768133591333493,0.786690185465141,0,1e+05,1784.2418455541,98417.5806872909,2835278.28008926,28.3527828008926,2023,"Males","B'Tselem historical average",46.6011671991074
0,1,0.0192395,0.00726823,0.00207194,0.00920641,0.0300188,0.095626,0.0753835,0.0358003,0.0242635,0.0226786,0.00863961,0.0568923,0.0131897,0.0495923,0.0356352,0.0540077,0.0393559,0.219775,0.110898539725,0.0189159266639955,0.0286563579982133,0.0103063148351014,0.0449964114687255,0.139616221430319,0.385879675400403,0.317148155121076,0.164296812094898,0.114379389223914,0.107308957680848,0.0422847408257853,0.249040309937375,0.063843314584076,0.220610094968263,0.163601104777575,0.237915348131761,0.179152709682515,1,0.981084073336004,0.971343642001787,0.989693685164899,0.955003588531274,0.860383778569681,0.614120324599597,0.682851844878924,0.835703187905102,0.885620610776086,0.892691042319152,0.957715259174215,0.750959690062625,0.936156685415924,0.779389905031737,0.836398895222425,0.762084651868239,0.820847290317485,0,1e+05,1891.59266639955,98318.1821980587,3229873.66981389,32.2987366981389,2023,"Males","B'Tselem historical average",42.6552133018611
0,1,0.0140932,0.00165923,0.00215475,0.0201062,0.066283,0.103469,0.0540361,0.0260586,0.0385519,0.0133506,0.0294196,0.022653,0.0311187,0.0261177,0.028624,0.0449186,0.05266,0.218182,0.12116772406,0.0139207833164722,0.00661496849165917,0.0107160241175816,0.0957196061376861,0.284303738287692,0.411024313314226,0.238025566689521,0.122324018339261,0.175814538712522,0.0645969789326543,0.137020294369423,0.107194317797342,0.144362561865213,0.122584440871618,0.133562283026615,0.20191828347927,0.232669111474396,1,0.986079216683528,0.993385031508341,0.989283975882418,0.904280393862314,0.715696261712308,0.588975686685774,0.761974433310479,0.877675981660739,0.824185461287478,0.935403021067346,0.862979705630577,0.892805682202658,0.855637438134788,0.877415559128382,0.866437716973385,0.79808171652073,0.767330888525604,0,1e+05,1392.07833164722,98776.5966315117,3019637.46249534,30.1963746249534,2023,"Males","B'Tselem historical average",44.7575753750466
0,1,0.015827,0.00474902,0.00149711,0.00682745,0.0483837,0.110416,0.0711229,0.0354097,0.0292982,0.0151671,0.0278546,0.0324479,0.0159711,0.0437727,0.0437006,0.0437538,0.048108,0.215253,0.11770801285,0.0156090348861533,0.0188173520376523,0.00745763773990802,0.0335643526512284,0.215813821956507,0.432651014074794,0.301929284269561,0.162650028237772,0.136493467710789,0.0730650381496992,0.130205915748013,0.150066169820688,0.0767894692684179,0.197275316845764,0.19698237955955,0.197198536666052,0.214716095227043,1,0.984390965113847,0.981182647962348,0.992542362260092,0.966435647348772,0.784186178043493,0.567348985925206,0.698070715730439,0.837349971762228,0.863506532289211,0.926934961850301,0.869794084251987,0.849933830179312,0.923210530731582,0.802724683154236,0.80301762044045,0.802801463333948,0.785283904772957,0,1e+05,1560.90348861532,98622.8273592802,3095384.74199951,30.9538474199951,2023,"Males","B'Tselem historical average",44.000102580005
0,1,0.0160833,0.00414341,0.00205668,0.00413334,0.0549184,0.0861525,0.0442975,0.034023,0.0187495,0.0463032,0.0397389,0.0227232,0.0283098,0.0227515,0.0334974,0.0491451,0.0487518,0.226501,0.117196579015,0.0158581399090459,0.0164374260093968,0.0102307963145893,0.0204553279370616,0.241442860961438,0.35442582317277,0.199404678171721,0.156779709831046,0.0895499576715912,0.20749660768733,0.180738615573924,0.107508648685476,0.132193099480796,0.107635336598451,0.154544871549403,0.218838411016841,0.217277345739895,1,0.984141860090954,0.983562573990603,0.989769203685411,0.979544672062938,0.758557139038562,0.64557417682723,0.80059532182828,0.843220290168954,0.910450042328409,0.79250339231267,0.819261384426077,0.892491351314525,0.867806900519204,0.892364663401549,0.845455128450597,0.781161588983159,0.782722654260105,0,1e+05,1585.81399090459,98600.0379837835,3305927.12050117,33.0592712050117,2023,"Males","B'Tselem historical average",41.8946787949883
0,1,0.0165782,0.00566486,0.00424419,0.022191,0.0530498,0.0852947,0.0634213,0.0210111,0.0194177,0.0232672,0.01261,0.0185274,0.0382207,0.0361015,0.0275312,0.0521187,0.0928387,0.234725,0.11620903081,0.0163388092655423,0.0224055909283473,0.0209981496580075,0.105123036729821,0.234189707180094,0.351517129694596,0.273709041858887,0.0998125702623993,0.0925936125251748,0.10994095455542,0.0611230944475413,0.0885361388525578,0.174435849333452,0.165564667858285,0.128791536149876,0.230553171103075,0.376750851749264,1,0.983661190734458,0.977594409071653,0.979001850341992,0.894876963270179,0.765810292819906,0.648482870305404,0.726290958141113,0.900187429737601,0.907406387474825,0.89005904544458,0.938876905552459,0.911463861147442,0.825564150666548,0.834435332141715,0.871208463850124,0.769446828896925,0.623249148250736,0,1e+05,1633.88092655424,98555.9907923796,3153558.30994217,31.5355830994217,2023,"Males","B'Tselem historical average",43.4183669005783
0,1,0.020094,0.0058605,0.00558743,0.0263324,0.0454772,0.0750526,0.0679509,0.0407194,0.0345524,0.011951,0.0190058,0.0488184,0.0168383,0.0438855,0.0335834,0.0496231,0.0868464,0.267276,0.1091934277,0.0197406450734829,0.0231704195128894,0.0275522838565288,0.123529902958349,0.204172963285214,0.315975957188741,0.290418930704055,0.184786056615615,0.159025240684438,0.0580214637177723,0.0907185532992622,0.217541883309597,0.0807905607522149,0.197733424497984,0.154910912179756,0.22073198641262,0.356771252699003,1,0.980259354926517,0.97682958048711,0.972447716143471,0.876470097041651,0.795827036714786,0.684024042811259,0.709581069295945,0.815213943384385,0.840974759315562,0.941978536282228,0.909281446700738,0.782458116690403,0.919209439247785,0.802266575502016,0.845089087820244,0.77926801358738,0.643228747300997,0,1e+05,1974.06450734829,98241.49036271,3035223.47495557,30.3522347495557,2023,"Males","B'Tselem historical average",44.6017152504443
0,1,0.0211652,0.00326721,0.00877663,0.018291,0.0636251,0.0708091,0.0722503,0.0445902,0.0242158,0.0222795,0.0132374,0.0398325,0.0101617,0.0299618,0.0379478,0.0507621,0.057217,0.224139,0.10705590166,0.0207726113465378,0.012983997109607,0.0429409577548501,0.0874558620673168,0.27446788364133,0.3007974994536,0.305983077194445,0.200590116471303,0.114167364817623,0.105520159041583,0.0640668051826867,0.181125769469059,0.0495497263640169,0.139369590507808,0.173298278927306,0.225227897376465,0.250283782099091,1,0.979227388653462,0.987016002890393,0.95705904224515,0.912544137932683,0.72553211635867,0.6992025005464,0.694016922805555,0.799409883528697,0.885832635182377,0.894479840958417,0.935933194817313,0.818874230530941,0.950450273635983,0.860630409492192,0.826701721072694,0.774772102623535,0.749716217900909,0,1e+05,2077.26113465379,98145.1219290998,3014355.37505452,30.1435537505452,2023,"Males","B'Tselem historical average",44.8103962494548
0,1,0.0141667,0.00124697,0.00372341,0.0150609,0.0501484,0.08763,0.0602617,0.0335026,0.0285355,0.00661075,0.019622,0.00891017,0.0168224,0.0200662,0.0250051,0.0599866,0.0933637,0.238543,0.121021058485,0.0139924626235617,0.00497547147267544,0.0184453509891834,0.0725720008798709,0.222808300551551,0.35941184914792,0.261858416635579,0.154567008363964,0.133176831324359,0.0325163562448853,0.0935222652768444,0.0435800850832348,0.0807173510828593,0.0955382746814669,0.117669646787768,0.260818902115844,0.378478189619544,1,0.986007537376438,0.995024528527325,0.981554649010817,0.927427999120129,0.777191699448448,0.64058815085208,0.738141583364421,0.845432991636036,0.866823168675641,0.967483643755115,0.906477734723156,0.956419914916765,0.919282648917141,0.904461725318533,0.882330353212232,0.739181097884156,0.621521810380456,0,1e+05,1399.24626235617,98770.0920013953,3331542.73440959,33.3154273440959,2023,"Males","B'Tselem historical average",41.6385226559041
0,1,0.0180158,0.00253379,0.00274427,0.00908812,0.025836,0.127458,0.0538881,0.0365152,0.0221432,0.0385782,0.0287581,0.0200095,0.0200501,0.0183377,0.0354724,0.0622589,0.0589984,0.211944,0.11334037189,0.0177325424499794,0.0100840582282039,0.0136278537246477,0.0444311118103356,0.121342488657605,0.483291560655066,0.237451036940603,0.167303223347091,0.104908476554875,0.175923928731524,0.13414603712443,0.0952811781638272,0.095465279022669,0.0876693637699877,0.162914572772006,0.269368096536378,0.257074534464608,1,0.98226745755002,0.989915941771796,0.986372146275352,0.955568888189664,0.878657511342395,0.516708439344934,0.762548963059397,0.832696776652909,0.895091523445125,0.824076071268476,0.86585396287557,0.904718821836173,0.904534720977331,0.912330636230012,0.837085427227994,0.730631903463622,0.742925465535392,0,1e+05,1773.25424499795,98427.7270505856,3212706.10128865,32.1270610128865,2023,"Males","B'Tselem historical average",42.8268889871135
0,1,0.0143918,0.0027608,0.00415385,0.0244817,0.0351032,0.0689819,0.116827,0.0250579,0.0310589,0.0173941,0.0393708,0.0191939,0.0101823,0.0234309,0.0422411,0.0578956,0.10919,0.216251,0.12057188269,0.0142119259971604,0.0109825587038608,0.0205557858721376,0.115348671097011,0.161355742729541,0.294177237970165,0.452093253641934,0.117903466798288,0.144105132732441,0.0833461709209593,0.179214458493828,0.0915752829418558,0.0496476810432825,0.110671658587033,0.191031995895452,0.252876856645925,0.428877236395059,1,0.98578807400284,0.989017441296139,0.979444214127862,0.884651328902989,0.838644257270459,0.705822762029835,0.547906746358066,0.882096533201712,0.855894867267559,0.916653829079041,0.820785541506172,0.908424717058144,0.950352318956718,0.889328341412967,0.808968004104548,0.747123143354075,0.571122763604941,0,1e+05,1421.19259971604,98750.1632676968,3084053.56195304,30.8405356195304,2023,"Males","B'Tselem historical average",44.1134143804696
0,1,0.0243116,0.00293827,0.00259357,0.0211554,0.0384395,0.0770598,0.0438529,0.0445532,0.0244002,0.0101031,0.0357764,0.0407783,0.0126754,0.0315497,0.0496916,0.0510565,0.0992288,0.222369,0.107580921436,0.0237953332220907,0.0116844160616371,0.0128843091060794,0.100463629339669,0.175346883663539,0.323061385595684,0.197601052060266,0.200440352245805,0.114986750713124,0.0492710247740141,0.164196133613477,0.185028618695612,0.0614303639131385,0.146215835626812,0.221003016289386,0.226386273116561,0.397528347723529,1,0.976204666777909,0.988315583938363,0.987115690893921,0.899536370660331,0.824653116336461,0.676938614404316,0.802398947939734,0.799559647754195,0.885013249286876,0.950728975225986,0.835803866386523,0.814971381304388,0.938569636086862,0.853784164373188,0.778996983710614,0.773613726883439,0.602471652276471,0,1e+05,2379.53332220907,97876.4590651818,3316224.4948506,33.162244948506,2023,"Males","B'Tselem historical average",41.791705051494
0,1,0.0157834,0.00181824,0.00330654,0.0150653,0.0443682,0.100491,0.043283,0.0363084,0.0278871,0.0150533,0.0473815,0.00990856,0.020085,0.0322068,0.0276906,0.0470728,0.042501,0.256475,0.11779501447,0.015566646984829,0.00724660785546576,0.0163971553746686,0.0725924330460773,0.199691157017986,0.401569658595259,0.195283825456875,0.166434567842379,0.130347935238057,0.0725367079360651,0.211816983938764,0.0483452211878669,0.0956235047668924,0.149034212326136,0.129488934290349,0.210582258638861,0.192094481142415,1,0.984433353015171,0.992753392144534,0.983602844625331,0.927407566953923,0.800308842982014,0.59843034140474,0.804716174543125,0.833565432157621,0.869652064761943,0.927463292063935,0.788183016061236,0.951654778812133,0.904376495233108,0.850965787673864,0.870511065709651,0.789417741361139,0.807905518857585,0,1e+05,1556.6646984829,98626.7026421998,3260848.41046015,32.6084841046015,2023,"Males","B'Tselem historical average",42.3454658953985
0,1,0.0139249,0.00948177,0.00665118,0.0201152,0.0788052,0.0864818,0.0636941,0.017125,0.0341366,0.0165523,0.0322045,0.00748732,0.0203784,0.0279301,0.0321094,0.0500774,0.0670379,0.22041,0.121503558295,0.0137566156631177,0.0372212336468879,0.032711967047532,0.09576040095669,0.329174369868999,0.355539713921466,0.274724651445856,0.082109679352712,0.157262023059102,0.079472853708886,0.149024362309971,0.0367487263161956,0.0969526502788916,0.130535804796157,0.148616993752045,0.222527947415267,0.287076916027586,1,0.986243384336882,0.962778766353112,0.967288032952468,0.90423959904331,0.670825630131001,0.644460286078534,0.725275348554144,0.917890320647288,0.842737976940898,0.920527146291114,0.850975637690029,0.963251273683804,0.903047349721108,0.869464195203843,0.851383006247955,0.777472052584733,0.712923083972414,0,1e+05,1375.66156631177,98791.4862090048,2912203.75950754,29.1220375950754,2023,"Males","B'Tselem historical average",45.8319124049246
0,1,0.0157013,0.00266547,0.00542761,0.00332085,0.0364534,0.120047,0.057373,0.0463717,0.0139187,0.04868,0.0450212,0.0195601,0.0427398,0.0211061,0.0244499,0.0451795,0.0652563,0.22246,0.117958840915,0.0154868200425794,0.0106053435498563,0.0267747428449681,0.0164675344703851,0.167043721047883,0.46167750222576,0.250880572311877,0.207771684450426,0.0672533036076891,0.216992065614692,0.202332832683027,0.0932409921725159,0.193069608831192,0.100241245614822,0.115207472071498,0.202972059584954,0.280517641566595,1,0.984513179957421,0.989394656450144,0.973225257155032,0.983532465529615,0.832956278952117,0.53832249777424,0.749119427688123,0.792228315549574,0.932746696392311,0.783007934385308,0.797667167316973,0.906759007827484,0.806930391168808,0.899758754385177,0.884792527928502,0.797027940415046,0.719482358433405,0,1e+05,1548.68200425793,98633.9987299103,3106088.7285098,31.060887285098,2023,"Males","B'Tselem historical average",43.893062714902
0,1,0.0158011,0.00654235,0.00275137,0.0180018,0.0530133,0.0791916,0.0708705,0.0401833,0.0172617,0.0201339,0.0251466,0.0138792,0.0164464,0.0355759,0.0289688,0.0654716,0.0446294,0.229594,0.117759695005,0.0155838553329693,0.0258314038303016,0.0136628709667704,0.0861326434479469,0.23404743304446,0.330521653551523,0.301019069999076,0.182575304424316,0.0827380035119447,0.0958451579365531,0.118296135968158,0.0670688452089402,0.0789844743525217,0.16335109449352,0.135062503380199,0.281312973766821,0.20074875840419,1,0.984416144667031,0.974168596169698,0.98633712903323,0.913867356552053,0.76595256695554,0.669478346448477,0.698980930000924,0.817424695575684,0.917261996488055,0.904154842063447,0.881703864031842,0.93293115479106,0.921015525647478,0.83664890550648,0.864937496619801,0.71868702623318,0.79925124159581,0,1e+05,1558.38553329693,98625.1294718043,3157025.45154321,31.5702545154321,2023,"Males","B'Tselem historical average",43.3836954845679
0,1,0.021438,0.00422126,0.00462089,0.0327426,0.075469,0.072127,0.0631715,0.032554,0.0211286,0.021156,0.0400779,0.0109942,0.028257,0.0218934,0.0234388,0.050826,0.0446062,0.217823,0.1065115429,0.0210350813148427,0.0167436811371262,0.0228405903610167,0.15132598454601,0.317450769661114,0.305540670201026,0.272778009873233,0.15051993508325,0.100342745660114,0.100466335514631,0.182140025663638,0.053500511686053,0.131962816719867,0.103786406708424,0.110706907350011,0.22547945327022,0.20065487165946,1,0.978964918685157,0.983256318862874,0.977159409638983,0.84867401545399,0.682549230338886,0.694459329798974,0.727221990126767,0.84948006491675,0.899657254339886,0.899533664485369,0.817859974336362,0.946499488313947,0.868037183280133,0.896213593291576,0.889293092649989,0.77452054672978,0.79934512834054,0,1e+05,2103.50813148428,98120.5397651028,2917720.13024941,29.1772013024941,2023,"Males","B'Tselem historical average",45.7767486975059
0,1,0.0169759,0.00282643,0.00158462,0.00669554,0.0493755,0.116202,0.0739333,0.0448326,0.0141798,0.0176544,0.0284961,0.00918528,0.0230232,0.0324079,0.0261934,0.0681756,0.0856852,0.229781,0.115415440345,0.0167247507890913,0.0112421695892159,0.00789183609671107,0.0329265474610319,0.219751633099713,0.450219100274699,0.311998755943083,0.201570658265604,0.0684717120438998,0.0845407111717248,0.133005177876765,0.044895456649858,0.108850767522916,0.149895041233058,0.12291790534532,0.29123944092772,0.352842540806267,1,0.983275249210909,0.988757830410784,0.992108163903289,0.967073452538968,0.780248366900287,0.549780899725301,0.688001244056917,0.798429341734396,0.9315282879561,0.915459288828275,0.866994822123235,0.955104543350142,0.891149232477084,0.850104958766942,0.87708209465468,0.70876055907228,0.647157459193733,0,1e+05,1672.47507890913,98520.5543687892,3096303.73351202,30.9630373351202,2023,"Males","B'Tselem historical average",43.9909126648798
0,1,0.0171626,0.00157361,0.000770207,0.0265399,0.055534,0.0458929,0.085877,0.0499915,0.0307061,0.018853,0.0095014,0.0158144,0.0242653,0.0242221,0.0261886,0.0512994,0.0455745,0.220199,0.11504288983,0.0169058314442697,0.00627469216332973,0.00384363401543968,0.124442754358971,0.24381934169568,0.205847188865308,0.353492756397195,0.222188641341003,0.142584932045309,0.0900220363707554,0.0464047253562503,0.0760647057918148,0.11438738921142,0.114195370773941,0.122896764484081,0.227340873929812,0.204565117617817,1,0.98309416855573,0.99372530783667,0.99615636598456,0.875557245641029,0.75618065830432,0.794152811134692,0.646507243602805,0.777811358658997,0.857415067954691,0.909977963629245,0.95359527464375,0.923935294208185,0.88561261078858,0.885804629226059,0.87710323551592,0.772659126070187,0.795434882382183,0,1e+05,1690.58314442697,98503.9064260058,3222509.14084793,32.2250914084793,2023,"Males","B'Tselem historical average",42.7288585915207
0,1,0.014364,0.00364598,0.00332627,0.02105,0.0624953,0.0713255,0.0730428,0.0205262,0.0165634,0.0348464,0.0135419,0.0217647,0.014485,0.0204698,0.0264542,0.0466232,0.0458887,0.21497,0.1206273562,0.0141848270710402,0.0144783444911046,0.0164941896792391,0.0999881249257808,0.27025269229763,0.30265920261051,0.308821104559672,0.0976215037255705,0.0795240292354057,0.160269925196575,0.0654922753897489,0.103207783866217,0.0698939647996912,0.0973663269038585,0.124065843412962,0.208780914202397,0.205830289038498,1,0.98581517292896,0.985521655508895,0.983505810320761,0.900011875074219,0.72974730770237,0.69734079738949,0.691178895440328,0.90237849627443,0.920475970764594,0.839730074803425,0.934507724610251,0.896792216133783,0.930106035200309,0.902633673096142,0.875934156587038,0.791219085797603,0.794169710961502,0,1e+05,1418.48270710402,98752.6251116694,3210595.40334523,32.1059540334523,2023,"Males","B'Tselem historical average",42.8479959665477
0,1,0.0148832,0.00376342,0.00377657,0.0086829,0.0512582,0.0706709,0.0703878,0.0568397,0.0175438,0.0353654,0.0387012,0.0481216,0.030538,0.0235627,0.0285516,0.0676229,0.0531926,0.235778,0.11959131856,0.0146907033292835,0.0149412198289427,0.0187062364713237,0.0424921130783794,0.227179029655306,0.30029857380178,0.299275618968009,0.24883870644342,0.0840333397358553,0.162463071250035,0.176435350530156,0.214770276639198,0.141859719699539,0.111259560863126,0.133246964892909,0.289219796549741,0.234746110152725,1,0.985309296670717,0.985058780171057,0.981293763528676,0.957507886921621,0.772820970344694,0.69970142619822,0.700724381031991,0.75116129355658,0.915966660264145,0.837536928749965,0.823564649469844,0.785229723360802,0.858140280300461,0.888740439136874,0.866753035107091,0.710780203450259,0.765253889847275,0,1e+05,1469.07033292834,98706.6177252439,3139459.61124502,31.3945961124502,2023,"Males","B'Tselem historical average",43.5593538875498
0,1,0.0192777,0.00121586,0.00372035,0.00888766,0.0333447,0.110295,0.059141,0.0457357,0.0227802,0.0326059,0.0196087,0.0104138,0.0185062,0.0250233,0.039855,0.0441924,0.0551258,0.246964,0.110822313535,0.0189528239458878,0.00485164216471522,0.0184303317878328,0.0434723806534049,0.153894578611438,0.432279367816655,0.257615852210977,0.205214435370557,0.107763797831592,0.150741818361701,0.0934618371830708,0.0507478062384842,0.0884393110544121,0.117750250398037,0.18121881074445,0.19897864078719,0.242244232254027,1,0.981047176054112,0.995148357835285,0.981569668212167,0.956527619346595,0.846105421388562,0.567720632183345,0.742384147789023,0.794785564629443,0.892236202168408,0.8492581816383,0.906538162816929,0.949252193761516,0.911560688945588,0.882249749601963,0.81878118925555,0.80102135921281,0.757755767745973,0,1e+05,1895.28239458878,98314.7571851817,3250978.08102031,32.5097808102031,2023,"Males","B'Tselem historical average",42.4441691897969
0,1,0.0142259,0.00257669,0.00171865,0.00801648,0.0743415,0.10324,0.0482096,0.0326389,0.0286754,0.0229963,0.0283744,0.0307127,0.0193229,0.026906,0.0460211,0.0435524,0.0439073,0.237187,0.120902927845,0.0140501890794872,0.0102539176657795,0.00855648598839013,0.0392948833831418,0.313451384709118,0.41030124791352,0.215120782776629,0.150882872529493,0.133786076831094,0.108730501898007,0.132474769734139,0.142613394032728,0.0921623884600627,0.126051168172853,0.206362882832225,0.196379954206087,0.197821932642243,1,0.985949810920513,0.98974608233422,0.99144351401161,0.960705116616858,0.686548615290882,0.58969875208648,0.78487921722337,0.849117127470507,0.866213923168906,0.891269498101993,0.867525230265861,0.857386605967272,0.907837611539937,0.873948831827147,0.793637117167775,0.803620045793913,0.802178067357757,0,1e+05,1405.01890794872,98764.8519916999,3068806.2450177,30.688062450177,2023,"Males","B'Tselem historical average",44.265887549823
0,1,0.0215221,0.00608161,0.00469017,0.0268139,0.0399439,0.0748968,0.0642983,0.0247648,0.0256501,0.0425447,0.0100548,0.0582722,0.0131595,0.0259079,0.0285769,0.0706787,0.0780819,0.233827,0.106343725555,0.0211159689732344,0.024034107858612,0.0231790656046822,0.125646798288434,0.181586334075776,0.315423477269167,0.276969784296001,0.116604765743301,0.120521996823212,0.192273006546005,0.0490412500963286,0.254312611587611,0.0637017907127877,0.121659635803891,0.133357164140204,0.300326740938139,0.326646543196887,1,0.978884031026766,0.975965892141388,0.976820934395318,0.874353201711566,0.818413665924224,0.684576522730833,0.723030215703999,0.883395234256699,0.879478003176788,0.807726993453995,0.950958749903671,0.745687388412389,0.936298209287212,0.878340364196109,0.866642835859796,0.699673259061861,0.673353456803113,0,1e+05,2111.59689732343,98112.9581836083,3128313.33549343,31.2831333549343,2023,"Males","B'Tselem historical average",43.6708166450657
0,1,0.0182097,0.00201207,0.00206669,0.00963009,0.0499135,0.139883,0.0562367,0.0224244,0.0200943,0.0190977,0.0162689,0.0152637,0.0177088,0.0358172,0.0348193,0.0497576,0.0936056,0.232229,0.112953454135,0.0179202370719782,0.00801602240360476,0.0102803343395594,0.04701846976134,0.22188042812674,0.518197461301801,0.246524227445973,0.106170003437301,0.0956656636379023,0.0911372217027199,0.0781653397599484,0.073513288062501,0.0847901696109826,0.164367996490272,0.160155264497229,0.221264076471415,0.379272844554438,1,0.982079762928022,0.991983977596395,0.98971966566044,0.95298153023866,0.77811957187326,0.481802538698199,0.753475772554027,0.893829996562699,0.904334336362098,0.90886277829728,0.921834660240052,0.926486711937499,0.915209830389017,0.835632003509728,0.839844735502771,0.778735923528585,0.620727155445562,0,1e+05,1792.02370719782,98410.391560422,3084059.47205531,30.8405947205531,2023,"Males","B'Tselem historical average",44.1133552794469
0,1,0.0151872,0.00344084,0.00614745,0.00576774,0.0606184,0.114089,0.0501641,0.0163765,0.0387666,0.0158049,0.0212917,0.0295227,0.0360121,0.0333774,0.0294926,0.0509693,0.0494647,0.220586,0.11898470176,0.0149866759448686,0.0136692923045337,0.0302720108177461,0.0284287755354824,0.263204422576258,0.443849216769859,0.222870282192649,0.0786619802030134,0.176707160481222,0.0760207491542307,0.101078184070562,0.137467472615533,0.165188534905339,0.154033874401388,0.137336941311678,0.226043324900387,0.220104938163108,1,0.985013324055131,0.986330707695466,0.969727989182254,0.971571224464518,0.736795577423742,0.556150783230141,0.777129717807351,0.921338019796987,0.823292839518778,0.923979250845769,0.898921815929438,0.862532527384467,0.834811465094661,0.845966125598612,0.862663058688322,0.773956675099613,0.779895061836892,0,1e+05,1498.66759448686,98679.6509222805,3098742.97138275,30.9874297138275,2023,"Males","B'Tselem historical average",43.9665202861725
0,1,0.0152888,0.00272073,0.00260744,0.00709663,0.0326163,0.10853,0.0603429,0.0336918,0.0200061,0.0307608,0.0304452,0.0458673,0.0393764,0.0265407,0.0292866,0.0597464,0.0605881,0.21939,0.11878196404,0.0150855558316511,0.0108240215198605,0.0129527660989077,0.0348645971350831,0.150786274118659,0.426838141309264,0.262165007866962,0.155372086813723,0.0952657592354016,0.142820795206992,0.14145912185802,0.2057441754531,0.179237665017966,0.124446272067355,0.136443112829518,0.259910246170497,0.263090166680381,1,0.984914444168349,0.98917597848014,0.987047233901092,0.965135402864917,0.849213725881341,0.573161858690736,0.737834992133038,0.844627913186277,0.904734240764598,0.857179204793008,0.85854087814198,0.7942558245469,0.820762334982034,0.875553727932645,0.863556887170482,0.740089753829503,0.736909833319619,0,1e+05,1508.5555831651,98670.6336118668,3241525.38812255,32.4152538812255,2023,"Males","B'Tselem historical average",42.5386961187745
0,1,0.0229137,0.00818619,0.0017653,0.00937478,0.055501,0.0627332,0.0941335,0.0256609,0.0384229,0.0255093,0.00969277,0.0303447,0.0256065,0.0211699,0.0378334,0.0450794,0.08855,0.217221,0.103566857335,0.0224525119311573,0.0322172863453846,0.0087877176052785,0.0458004765217828,0.243692110445422,0.271141988515196,0.381004323730328,0.12056968352038,0.175277796848659,0.119900082089863,0.047317261664149,0.141025089887246,0.120329459254029,0.100529026409532,0.17282098624728,0.202567901367711,0.362501279295876,1,0.977547488068843,0.967782713654615,0.991212282394721,0.954199523478217,0.756307889554578,0.728858011484804,0.618995676269672,0.87943031647962,0.824722203151341,0.880099917910137,0.952682738335851,0.858974910112754,0.879670540745971,0.899470973590468,0.82717901375272,0.797432098632289,0.637498720704124,0,1e+05,2245.25119311572,97987.2824168829,3152879.95238583,31.5287995238583,2023,"Males","B'Tselem historical average",43.4251504761417
0,1,0.0141638,0.00473421,0.00226221,0.00545383,0.0519806,0.101223,0.0677897,0.038571,0.028975,0.0278484,0.0185855,0.0127301,0.00924297,0.032138,0.0249402,0.0513577,0.0680946,0.217891,0.12102684529,0.0139896346449622,0.0187592198277981,0.0112474398228956,0.0269023479196139,0.23001252708634,0.403904050692007,0.289829810275857,0.17589398295829,0.135089457427589,0.130178820348516,0.0888014515552975,0.0616872866796001,0.0451710630484379,0.148739523022738,0.1173821634197,0.227569840948764,0.290943753677141,1,0.986010365355038,0.981240780172202,0.988752560177104,0.973097652080386,0.76998747291366,0.596095949307993,0.710170189724143,0.82410601704171,0.864910542572411,0.869821179651484,0.911198548444702,0.9383127133204,0.954828936951562,0.851260476977262,0.8826178365803,0.772430159051236,0.709056246322859,0,1e+05,1398.96346449622,98770.3486702877,3181446.55224307,31.8144655224307,2023,"Males","B'Tselem historical average",43.1394844775693
0,1,0.0164055,0.00177135,0.00567756,0.00484957,0.065421,0.12283,0.0518909,0.0338127,0.0190076,0.00742094,0.0129219,0.0308214,0.0232,0.0425056,0.023063,0.0534414,0.0526394,0.219287,0.116553645025,0.0161711257428967,0.00706038716638565,0.0279905055630881,0.0239573923716901,0.281126120222336,0.469865922001415,0.229661185918991,0.15588616930763,0.0907267553142234,0.0364288590566798,0.0625876225019792,0.143082028887144,0.109640831758034,0.192113274950645,0.109028678943798,0.235714692130008,0.232588678758411,1,0.983828874257103,0.992939612833614,0.972009494436912,0.97604260762831,0.718873879777664,0.530134077998585,0.770338814081009,0.84411383069237,0.909273244685777,0.96357114094332,0.937412377498021,0.856917971112856,0.890359168241966,0.807886725049355,0.890971321056202,0.764285307869992,0.767411321241589,0,1e+05,1617.11257428967,98571.3677906596,3078237.71759358,30.7823771759358,2023,"Males","B'Tselem historical average",44.1715728240642
0,1,0.0200141,0.00722016,0.00254391,0.00859739,0.0409977,0.0896631,0.0677802,0.0444992,0.0408358,0.027953,0.0359395,0.0123879,0.0126942,0.0343129,0.0234932,0.0463626,0.0648999,0.224376,0.109352864155,0.0196635867184039,0.0284695308640729,0.0126391677370054,0.0420824518727347,0.185931581956096,0.366223634168064,0.28979507897085,0.200221732682534,0.185265352768537,0.130635840851682,0.164882971146226,0.0600788723432477,0.0615186741175427,0.158010042989743,0.11094959730168,0.207735146268975,0.279199457775749,1,0.980336413281596,0.971530469135927,0.987360832262995,0.957917548127265,0.814068418043904,0.633776365831936,0.71020492102915,0.799778267317466,0.814734647231463,0.869364159148318,0.835117028853774,0.939921127656752,0.938481325882457,0.841989957010257,0.88905040269832,0.792264853731025,0.720800542224251,0,1e+05,1966.35867184038,98248.6682808814,3152306.56781261,31.5230656781261,2023,"Males","B'Tselem historical average",43.4308843218739
0,1,0.0161135,0.00340239,0.00424934,0.0229469,0.0421117,0.071218,0.0776822,0.0348737,0.023163,0.0198912,0.00731444,0.0171469,0.0157576,0.0317988,0.0399492,0.0598773,0.0779826,0.242547,0.117136316425,0.0158874842680546,0.0135175758700709,0.0210233614728969,0.108509602505657,0.190502535897602,0.30227198451672,0.325246366726665,0.160385417651148,0.109475544884595,0.0947445433483722,0.035915446552791,0.0822103676186974,0.0758018614692792,0.14728526341435,0.181608240224099,0.26040554730577,0.326298907115029,1,0.984112515731945,0.986482424129929,0.978976638527103,0.891490397494343,0.809497464102398,0.69772801548328,0.674753633273335,0.839614582348852,0.890524455115405,0.905255456651628,0.964084553447209,0.917789632381303,0.924198138530721,0.85271473658565,0.818391759775901,0.73959445269423,0.673701092884971,0,1e+05,1588.74842680545,98597.3517116366,3257586.36520163,32.5758636520163,2023,"Males","B'Tselem historical average",42.3780863479837
0,1,0.0171379,0.00619069,0.00368016,0.0135516,0.0366445,0.0922758,0.0589078,0.0345884,0.0366781,0.0215018,0.00854021,0.0241508,0.0291736,0.0284839,0.0315095,0.0472931,0.040975,0.212135,0.115092177445,0.0168818785167125,0.0244599125282213,0.0182330486591167,0.0655376499571033,0.167845925003063,0.374894723648816,0.256730436920009,0.159177741513579,0.167986899274317,0.10202471258723,0.0418084183194599,0.113878365901939,0.135952444418762,0.132952019900864,0.146043134623919,0.211463579473951,0.185838199444413,1,0.983118121483288,0.975540087471779,0.981766951340883,0.934462350042897,0.832154074996937,0.625105276351184,0.743269563079991,0.840822258486421,0.832013100725683,0.89797528741277,0.95819158168054,0.886121634098061,0.864047555581238,0.867047980099136,0.853956865376081,0.788536420526049,0.814161800555587,0,1e+05,1688.18785167125,98506.1093641138,3268407.24070979,32.6840724070979,2023,"Males","B'Tselem historical average",42.2698775929021
0,1,0.0145132,0.00293619,0.00460592,0.0262847,0.0415574,0.0980546,0.0543084,0.0341273,0.0466715,0.0204449,0.0258497,0.0193724,0.0309399,0.0250422,0.029763,0.0735204,0.0397678,0.212158,0.12032963506,0.0143302481304536,0.0116761929579973,0.0227674375105535,0.123319931491794,0.188231020474348,0.393750404072164,0.239081645859949,0.15722254739566,0.208974604379281,0.0972536472674541,0.121402926901205,0.0923875772463806,0.143592644821238,0.117833946841043,0.138508899090894,0.310526853753291,0.180858171062092,1,0.985669751869546,0.988323807042003,0.977232562489447,0.876680068508206,0.811768979525652,0.606249595927836,0.760918354140051,0.84277745260434,0.791025395620719,0.902746352732546,0.878597073098795,0.907612422753619,0.856407355178762,0.882166053158957,0.861491100909106,0.689473146246709,0.819141828937908,0,1e+05,1433.02481304535,98739.4105397403,3058550.30856807,30.5855030856807,2023,"Males","B'Tselem historical average",44.3684469143193
0,1,0.0185633,0.00436444,0.0010772,0.00822543,0.0432658,0.075492,0.0717083,0.0614173,0.0168092,0.0136366,0.029367,0.0214445,0.0193416,0.0226509,0.0318244,0.0574792,0.0923583,0.231353,0.112247863015,0.0182623437117419,0.017306691962661,0.0053715344577054,0.0402984694020654,0.195213797229563,0.317532156166665,0.304036626025024,0.266211518293744,0.0806565690008762,0.0659351711139682,0.136792068323835,0.101766662039723,0.0922474660276967,0.107184913128069,0.147395098563212,0.251286615872372,0.375167027751944,1,0.981737656288258,0.982693308037339,0.994628465542295,0.959701530597935,0.804786202770437,0.682467843833335,0.695963373974976,0.733788481706256,0.919343430999124,0.934064828886032,0.863207931676165,0.898233337960277,0.907752533972303,0.892815086871931,0.852604901436788,0.748713384127628,0.624832972248056,0,1e+05,1826.23437117419,98378.7565343547,3298671.00109278,32.9867100109278,2023,"Males","B'Tselem historical average",41.9672399890722
0,1,0.0152037,0.00538128,0.00286509,0.00411545,0.0280941,0.093741,0.0458734,0.0560602,0.0393649,0.0462518,0.0324133,0.0437763,0.0311781,0.0297413,0.0255829,0.0672437,0.0505791,0.251268,0.118951776835,0.0150027354648626,0.0212959213685161,0.0142235704761611,0.0203676944298962,0.131251984084808,0.379717301176123,0.205768722691239,0.245845614241278,0.179190008123089,0.207290144263844,0.149918145440947,0.197289940900404,0.144618198373248,0.138414902174867,0.120225225214641,0.287831382210183,0.224507084327702,1,0.984997264535137,0.978704078631484,0.985776429523839,0.979632305570104,0.868748015915192,0.620282698823877,0.794231277308761,0.754154385758722,0.820809991876911,0.792709855736156,0.850081854559053,0.802710059099596,0.855381801626752,0.861585097825133,0.879774774785359,0.712168617789817,0.775492915672298,0,1e+05,1500.27354648625,98678.1866576068,3256902.64857933,32.5690264857933,2023,"Males","B'Tselem historical average",42.3849235142067
0,1,0.0147524,0.00635522,0.00247109,0.0123199,0.0429333,0.112328,0.0689429,0.0423201,0.0173722,0.00983636,0.022079,0.02798,0.0178586,0.0461437,0.0386639,0.0772459,0.0548929,0.229067,0.11985232342,0.0145633058055573,0.0251018247624662,0.0122795900694383,0.0597589396000533,0.193858985088726,0.438500335722428,0.29403537189709,0.191355084247811,0.0832456018872364,0.0480014023157926,0.104620225123733,0.13075377354082,0.0854767617562496,0.206855773151117,0.176280291129496,0.323715300644804,0.241344281258292,1,0.985436694194443,0.974898175237534,0.987720409930562,0.940241060399947,0.806141014911274,0.561499664277572,0.70596462810291,0.80864491575219,0.916754398112764,0.951998597684207,0.895379774876267,0.86924622645918,0.91452323824375,0.793144226848883,0.823719708870504,0.676284699355196,0.758655718741708,0,1e+05,1456.33058055573,98718.2140231915,3082496.14011798,30.8249614011798,2023,"Males","B'Tselem historical average",44.1289885988202
0,1,0.0177618,0.00152912,0.00741304,0.0205884,0.0196502,0.104718,0.0365788,0.0412722,0.0336957,0.018307,0.0118673,0.0449818,0.0110943,0.0479864,0.0415373,0.0478572,0.0512574,0.236164,0.11384721619,0.0174865672283521,0.00609783136819653,0.0363907841535951,0.0979028427793063,0.0936503783389118,0.414956470742078,0.167570207256972,0.187060050463183,0.15538867459373,0.0875290157707139,0.0576268132964185,0.202173661934039,0.0539744773887646,0.214231503456355,0.188148543735716,0.213716336367932,0.227175886755541,1,0.982513432771648,0.993902168631803,0.963609215846405,0.902097157220694,0.906349621661088,0.585043529257922,0.832429792743028,0.812939949536816,0.84461132540627,0.912470984229286,0.942373186703582,0.797826338065961,0.946025522611235,0.785768496543645,0.811851456264284,0.786283663632068,0.772824113244459,0,1e+05,1748.65672283522,98450.4229771315,3311360.99927944,33.1136099927944,2023,"Males","B'Tselem historical average",41.8403400072057
0,1,0.0143282,0.00272138,0.00767863,0.0193571,0.0324371,0.103581,0.075945,0.044233,0.0164117,0.0304816,0.0213994,0.0255965,0.0180729,0.0211938,0.0238509,0.043304,0.0436277,0.234844,0.12069879331,0.0141499278389151,0.0108265934502328,0.0376700147368529,0.092317979116128,0.150019968221968,0.411377712820778,0.31913351332612,0.199143242397571,0.0788243942233131,0.141616273494616,0.101563504836504,0.120285293699549,0.0864581272787593,0.100636808993865,0.112543821423996,0.195369317669139,0.196686095119849,1,0.985850072161085,0.989173406549767,0.962329985263147,0.907682020883872,0.849980031778032,0.588622287179222,0.68086648667388,0.800856757602429,0.921175605776687,0.858383726505384,0.898436495163496,0.879714706300451,0.913541872721241,0.899363191006135,0.887456178576004,0.804630682330861,0.803313904880151,0,1e+05,1414.99278389152,98755.7951376665,3088120.29586881,30.8812029586881,2023,"Males","B'Tselem historical average",44.0727470413119
0,1,0.0173178,0.00641603,0.00319147,0.0220579,0.0364407,0.0714165,0.0655382,0.0303568,0.0237553,0.0395092,0.0339661,0.0620241,0.0281369,0.0284148,0.0325567,0.0507152,0.0463783,0.218936,0.11473319599,0.0170563118414897,0.0253389688316146,0.0158310392826515,0.10452546913587,0.166990383802427,0.302986849208715,0.281558849520834,0.141077357206857,0.112118007727573,0.179787817865929,0.156538033731206,0.268488591828868,0.131438799131773,0.132650879474752,0.150531479456913,0.225043220197588,0.207798183737874,1,0.98294368815851,0.974661031168385,0.984168960717348,0.89547453086413,0.833009616197573,0.697013150791285,0.718441150479166,0.858922642793143,0.887881992272427,0.820212182134071,0.843461966268794,0.731511408171132,0.868561200868227,0.867349120525248,0.849468520543087,0.774956779802412,0.792201816262126,0,1e+05,1705.63118414897,98490.0613327887,3174413.07891086,31.7441307891086,2023,"Males","B'Tselem historical average",43.2098192108914
0,1,0.0175496,0.00492937,0.00408919,0.0169723,0.0267629,0.0748671,0.0770474,0.0410163,0.0292349,0.0156782,0.0311467,0.0355519,0.0238856,0.0176965,0.0266187,0.0470626,0.057095,0.235267,0.11427065068,0.0172809810471796,0.019524988217659,0.0202390467312427,0.0814073260981605,0.125422805028272,0.31531811742696,0.323017796554389,0.186008090857413,0.136218653236258,0.0754343143325775,0.144483072698921,0.163249890541173,0.112698331814055,0.0847337720091023,0.124789185284189,0.210541432005272,0.249816777693915,1,0.98271901895282,0.980475011782341,0.979760953268757,0.91859267390184,0.874577194971728,0.68468188257304,0.676982203445611,0.813991909142587,0.863781346763742,0.924565685667422,0.855516927301079,0.836750109458827,0.887301668185944,0.915266227990898,0.875210814715811,0.789458567994728,0.750183222306085,0,1e+05,1728.09810471797,98469.372790147,3298819.89183366,32.9881989183366,2023,"Males","B'Tselem historical average",41.9657510816634
0,1,0.0146416,0.00146343,0.00475048,0.0100927,0.0539245,0.101105,0.0661564,0.0375222,0.0420973,0.0106863,0.051574,0.0118298,0.0120026,0.0466842,0.0226728,0.0697024,0.0453467,0.2532,0.12007341928,0.0144553638425566,0.00583663698068671,0.0234736225637089,0.0492215540535103,0.23759237494341,0.403528202672095,0.283837784915106,0.171521353659311,0.190443596918597,0.0520411808234168,0.22841881950688,0.0574499465555917,0.0582646808539558,0.20902552631143,0.107282985798944,0.296793884808764,0.203646731860818,1,0.985544636157443,0.994163363019313,0.976526377436291,0.95077844594649,0.76240762505659,0.596471797327905,0.716162215084894,0.828478646340689,0.809556403081403,0.947958819176583,0.77158118049312,0.942550053444408,0.941735319146044,0.79097447368857,0.892717014201056,0.703206115191236,0.796353268139182,0,1e+05,1445.53638425567,98728.0341120956,3055180.41749496,30.5518041749496,2023,"Males","B'Tselem historical average",44.4021458250504
0,1,0.0179398,0.00149977,0.00338891,0.0192371,0.0600888,0.126875,0.0620794,0.0276909,0.0235353,0.0207158,0.0135729,0.0195133,0.0393224,0.0390472,0.0303031,0.0785322,0.0473802,0.265277,0.11349202609,0.0176589559249837,0.00598113933332412,0.0168021971650138,0.0917719352605006,0.26120522820812,0.481613285883748,0.268695812884106,0.129490246343796,0.111137371548487,0.0984788306025113,0.0656372794252235,0.0930282782452904,0.17901386316746,0.177872447427065,0.140845371553214,0.328221172995255,0.211811787826104,1,0.982341044075016,0.994018860666676,0.983197802834986,0.9082280647395,0.73879477179188,0.518386714116251,0.731304187115894,0.870509753656204,0.888862628451513,0.901521169397489,0.934362720574777,0.90697172175471,0.82098613683254,0.822127552572935,0.859154628446785,0.671778827004745,0.788188212173896,0,1e+05,1765.89559249837,98434.5194761577,2904963.28862468,29.0496328862468,2023,"Males","B'Tselem historical average",45.9043171137532
0,1,0.014792,0.00502539,0.00404201,0.00511669,0.0428993,0.0980041,0.0665893,0.0355149,0.0222056,0.0154396,0.0284844,0.0317383,0.0192098,0.0327469,0.0235188,0.0741152,0.110259,0.235982,0.1197733036,0.0146018789612558,0.0199015340595054,0.0200078699737188,0.0252603268455812,0.19372033326763,0.393587522673006,0.285430034507864,0.163093845928119,0.105188562160237,0.0743289758607509,0.132954198565922,0.147025640301081,0.0916476666337476,0.151344353939913,0.111063782764779,0.312646377926715,0.432168761354528,1,0.985398121038744,0.980098465940495,0.979992130026281,0.974739673154419,0.80627966673237,0.606412477326994,0.714569965492136,0.836906154071881,0.894811437839763,0.925671024139249,0.867045801434078,0.85297435969892,0.908352333366252,0.848655646060087,0.888936217235221,0.687353622073285,0.567831238645472,0,1e+05,1460.18789612559,98714.7036320701,3234357.63734561,32.3435763734561,2023,"Males","B'Tselem historical average",42.6103736265439
0,1,0.0207394,0.00655463,0.00381252,0.0272848,0.0365029,0.0734093,0.0894391,0.0366392,0.0308625,0.0178717,0.0252446,0.0201474,0.0275017,0.0199986,0.0560448,0.0575704,0.0425825,0.257895,0.10790556427,0.0203626601747577,0.0258792620254996,0.0188826240454357,0.127712476549599,0.167251580688238,0.310130367105167,0.365475909055897,0.167823686008952,0.143259160405002,0.0855367807870215,0.118729785163645,0.0959063414411228,0.128662412336606,0.095231746010582,0.245786378882075,0.251635158218276,0.192427400541142,1,0.979637339825242,0.9741207379745,0.981117375954564,0.872287523450401,0.832748419311762,0.689869632894833,0.634524090944103,0.832176313991048,0.856740839594998,0.914463219212978,0.881270214836355,0.904093658558877,0.871337587663394,0.904768253989418,0.754213621117925,0.748364841781724,0.807572599458858,0,1e+05,2036.26601747578,98183.4584161438,3057564.54880645,30.5756454880645,2023,"Males","B'Tselem historical average",44.3783045119355
0,1,0.0189936,0.00300099,0.00273553,0.0203312,0.0307803,0.108523,0.0377022,0.0387383,0.0200789,0.0458671,0.011413,0.0530157,0.0154304,0.0286506,0.0482774,0.0425863,0.0406636,0.259074,0.11138922088,0.0186783483734869,0.011932342320042,0.0135847462974027,0.0967389525212499,0.142904863569667,0.426816486176633,0.172273294491095,0.176589552359573,0.0955958511603415,0.205743370614248,0.0554819609492165,0.234056788760301,0.0742863305140885,0.133678105198033,0.21539073796716,0.192442920171727,0.184556201147542,1,0.981321651626513,0.988067657679958,0.986415253702597,0.90326104747875,0.857095136430334,0.573183513823367,0.827726705508905,0.823410447640427,0.904404148839658,0.794256629385752,0.944518039050784,0.765943211239699,0.925713669485911,0.866321894801967,0.78460926203284,0.807557079828273,0.815443798852458,0,1e+05,1867.8348373487,98340.2218299161,3206778.72131574,32.0677872131574,2023,"Males","B'Tselem historical average",42.8861627868427
0,1,0.0149271,0.00210609,0.00144711,0.0159161,0.0559434,0.0628285,0.0763178,0.0385012,0.0284881,0.0283955,0.0272343,0.0250412,0.0302357,0.0216364,0.0265509,0.0665069,0.0557574,0.217052,0.119503718305,0.0147334544358997,0.00838902392121952,0.00720946776774654,0.0765351473530359,0.24539624874491,0.271497973871531,0.320449078325437,0.17560362434584,0.132970320529322,0.132566751985023,0.127491168195063,0.11782951864431,0.140554119520997,0.102630607793824,0.124491121692628,0.285127186757581,0.24468017414528,1,0.9852665455641,0.99161097607878,0.992790532232253,0.923464852646964,0.75460375125509,0.728502026128469,0.679550921674563,0.82439637565416,0.867029679470678,0.867433248014977,0.872508831804937,0.88217048135569,0.859445880479003,0.897369392206176,0.875508878307372,0.714872813242419,0.75531982585472,0,1e+05,1473.34544358996,98702.7248152668,3215349.00670529,32.1534900670529,2023,"Males","B'Tselem historical average",42.8004599329471
0,1,0.0168787,0.00254865,0.00209029,0.0208915,0.036379,0.116263,0.0832623,0.0337996,0.0176135,0.0140133,0.0103612,0.0351963,0.034447,0.0244259,0.0251019,0.0541055,0.0451705,0.2161,0.115609398085,0.0166304512071254,0.0101428986029512,0.010397117523032,0.0992726153890017,0.166731213005209,0.450402217474427,0.344584297181882,0.155830480249405,0.0843531159792488,0.0676949267088763,0.0504979515607226,0.161749077370373,0.158578606826609,0.115100892758901,0.118098272437738,0.238294845581038,0.202935729119517,1,0.983369548792875,0.989857101397049,0.989602882476968,0.900727384610998,0.833268786994791,0.549597782525573,0.655415702818118,0.844169519750595,0.915646884020751,0.932305073291124,0.949502048439277,0.838250922629627,0.84142139317339,0.884899107241099,0.881901727562262,0.761705154418962,0.797064270880483,0,1e+05,1663.04512071253,98529.2185246812,3054568.98493308,30.5456898493308,2023,"Males","B'Tselem historical average",44.4082601506692
0,1,0.013884,0.00333155,0.00553079,0.00947702,0.0385538,0.100525,0.0554903,0.0380539,0.0239491,0.0502083,0.0385441,0.0172039,0.0176332,0.0261913,0.0384905,0.0464175,0.0459705,0.22621,0.1215851722,0.0137167121924527,0.0132379939226937,0.0272767944451271,0.046288409542494,0.1758224418532,0.401678237850257,0.243650852718488,0.173740720034681,0.112981015881388,0.223044755061157,0.175782093522635,0.0824723834077294,0.084443478152599,0.122908656277123,0.175559105613463,0.207955557297821,0.206159376012539,1,0.986283287807547,0.986762006077306,0.972723205554873,0.953711590457506,0.8241775581468,0.598321762149743,0.756349147281512,0.826259279965319,0.887018984118612,0.776955244938843,0.824217906477364,0.91752761659227,0.915556521847401,0.877091343722877,0.824440894386537,0.792044442702179,0.793840623987461,0,1e+05,1371.67121924527,98795.1036621485,3184146.52936963,31.8414652936963,2023,"Males","B'Tselem historical average",43.1124847063037
0,1,0.0168834,0.00556261,0.00311086,0.0101708,0.0396655,0.094023,0.072192,0.0245734,0.0266341,0.0451501,0.0157928,0.00917044,0.0107878,0.0446212,0.0553956,0.0477367,0.0824386,0.235312,0.11560001947,0.0166350113563986,0.0220056226072573,0.0154342654028224,0.0495929988190286,0.18043489880375,0.380642196820796,0.305773922472215,0.115755720918927,0.124856873841074,0.202853374625772,0.0759647593705326,0.0448245479316639,0.052522494582361,0.200715575415657,0.243285618042862,0.2132355913643,0.341757894165185,1,0.983364988643601,0.977994377392743,0.984565734597178,0.950407001180971,0.81956510119625,0.619357803179204,0.694226077527785,0.884244279081073,0.875143126158926,0.797146625374228,0.924035240629467,0.955175452068336,0.947477505417639,0.799284424584343,0.756714381957138,0.7867644086357,0.658242105834815,0,1e+05,1663.50113563986,98528.7996280285,3214709.4894678,32.147094894678,2023,"Males","B'Tselem historical average",42.806855105322
0,1,0.0212305,0.00480869,0.00416861,0.0176481,0.0446782,0.117235,0.0626245,0.0273892,0.0233599,0.0336832,0.0246847,0.0261458,0.0350385,0.0255306,0.0271279,0.0521526,0.0398788,0.229845,0.106925598775,0.0208354511765774,0.0190515341564346,0.0206280740109926,0.084511817484624,0.20094621233962,0.45331425754251,0.270735769506371,0.128169827407899,0.110354806867632,0.155335507577882,0.116249537598129,0.122708237415457,0.161082295015269,0.11999419078205,0.127024715547732,0.230685834826561,0.181317217378969,1,0.979164548823423,0.980948465843565,0.979371925989007,0.915488182515376,0.79905378766038,0.54668574245749,0.729264230493629,0.871830172592101,0.889645193132368,0.844664492422118,0.883750462401871,0.877291762584543,0.838917704984731,0.88000580921795,0.872975284452268,0.769314165173439,0.818682782621031,0,1e+05,2083.54511765773,98139.2391916225,2989530.9414369,29.895309414369,2023,"Males","B'Tselem historical average",45.0586405856311
0,1,0.0150753,0.00199011,0.00856356,0.0190646,0.0479223,0.100778,0.0455838,0.0247273,0.0216433,0.0146133,0.00964613,0.0569064,0.0283204,0.03008,0.0254424,0.0560464,0.0825756,0.234123,0.119207992615,0.0148777502014988,0.00792888130804011,0.0419203318083483,0.0909864493445641,0.213975950739671,0.402485732200696,0.204602591027771,0.116438477112255,0.102661657377219,0.0704912264030122,0.0470949402109572,0.24909434404946,0.132239323646504,0.139880952380952,0.119604439989996,0.245792533391339,0.342228658058965,1,0.985122249798501,0.99207111869196,0.958079668191652,0.909013550655436,0.786024049260329,0.597514267799304,0.795397408972229,0.883561522887745,0.897338342622781,0.929508773596988,0.952905059789043,0.75090565595054,0.867760676353496,0.860119047619048,0.880395560010004,0.754207466608661,0.657771341941035,0,1e+05,1487.77502014989,98689.5796534649,3170743.80235209,31.7074380235209,2023,"Males","B'Tselem historical average",43.2465119764791
0,1,0.0156495,0.00294596,0.00323834,0.0226955,0.03451,0.0768307,0.0706522,0.0394187,0.0163407,0.042477,0.0137784,0.0370329,0.0180449,0.0209417,0.045878,0.044429,0.0459498,0.25644,0.118062205225,0.0154364479130786,0.0117148172340424,0.0160616671519876,0.10738463030716,0.15884559618881,0.322255676910065,0.300231041095739,0.17941293804747,0.0784967695927878,0.191996420152912,0.0665979664477411,0.169474197480327,0.0863299612075162,0.0994992893315155,0.205787233279058,0.199937447826312,0.206076109911923,1,0.984563552086921,0.988285182765958,0.983938332848012,0.89261536969284,0.84115440381119,0.677744323089935,0.699768958904261,0.82058706195253,0.921503230407212,0.808003579847088,0.933402033552259,0.830525802519673,0.913670038792484,0.900500710668484,0.794212766720942,0.800062552173688,0.793923890088077,0,1e+05,1543.64479130786,98638.601316838,3241824.29371717,32.4182429371717,2023,"Males","B'Tselem historical average",42.5357070628283
0,1,0.0167141,0.00784617,0.00798125,0.00993147,0.0398561,0.0750733,0.0974841,0.050862,0.0257159,0.023646,0.0271355,0.0130642,0.0175603,0.0367749,0.0337353,0.0497659,0.0411905,0.231346,0.115937849155,0.016470723594322,0.0308997899895553,0.0391255725600135,0.0484542940799349,0.18122335918497,0.31604933386069,0.391908404710824,0.225621143498454,0.12081249490564,0.111630937150357,0.127058041300711,0.0632550581725553,0.0841090496390581,0.168392918182799,0.155557087467863,0.221296901343566,0.18672432883301,1,0.983529276405678,0.969100210010445,0.960874427439987,0.951545705920065,0.81877664081503,0.68395066613931,0.608091595289176,0.774378856501546,0.87918750509436,0.888369062849643,0.872941958699289,0.936744941827445,0.915890950360942,0.831607081817201,0.844442912532137,0.778703098656434,0.81327567116699,0,1e+05,1647.0723594322,98543.885667323,3072238.15133878,30.7223815133878,2023,"Males","B'Tselem historical average",44.2315684866122
0,1,0.0144575,0.00431613,0.00212809,0.00464343,0.0633178,0.0724132,0.0744767,0.0582843,0.00984764,0.0316506,0.0147128,0.0156211,0.0299449,0.0186898,0.0235365,0.0506935,0.0415481,0.253693,0.120440781625,0.0142759636005067,0.0171167636458505,0.0105841399938015,0.0229507247899713,0.273323407820723,0.306567217004097,0.313931959145728,0.254358702665572,0.0480551260463522,0.146649164856947,0.0709541639418894,0.0751699083612454,0.139296454033994,0.0892775510652516,0.111142723236368,0.224957759541684,0.188192860528672,1,0.985724036399493,0.98288323635415,0.989415860006199,0.977049275210029,0.726676592179277,0.693432782995903,0.686068040854272,0.745641297334428,0.951944873953648,0.853350835143053,0.929045836058111,0.924830091638755,0.860703545966006,0.910722448934748,0.888857276763632,0.775042240458316,0.811807139471328,0,1e+05,1427.59636005068,98744.3444613988,3217054.74529349,32.1705474529349,2023,"Males","B'Tselem historical average",42.7834025470651
0,1,0.0186205,0.00740804,0.00684028,0.0105269,0.064228,0.0749586,0.0487946,0.0468642,0.0280573,0.0307875,0.01497,0.0255797,0.0517669,0.0297367,0.035038,0.0672202,0.0397037,0.306306,0.112133723275,0.0183176629802267,0.029199537319117,0.0336263656096196,0.0512848244536473,0.276708858578113,0.315642668645225,0.217447357878192,0.209746943254796,0.131091328193679,0.142935902272002,0.0721497939610092,0.120211090895548,0.22917526715658,0.138394975341878,0.161080181501386,0.287745264438481,0.180592976588553,1,0.981682337019773,0.970800462680883,0.96637363439038,0.948715175546353,0.723291141421887,0.684357331354775,0.782552642121808,0.790253056745204,0.868908671806321,0.857064097727998,0.927850206038991,0.879788909104452,0.77082473284342,0.861605024658122,0.838919818498614,0.712254735561519,0.819407023411447,0,1e+05,1831.76629802266,98373.6364771443,3070290.67178965,30.7029067178965,2023,"Males","B'Tselem historical average",44.2510432821035
0,1,0.0171843,0.00331362,0.0088336,0.0110089,0.0439553,0.131332,0.044781,0.0237427,0.028504,0.0535975,0.0264301,0.0130318,0.0276603,0.0516729,0.0254997,0.0549952,0.052047,0.22149,0.114999588565,0.0169268741918287,0.0131672176882477,0.0432136693265915,0.0535701295032784,0.198016782320202,0.494350048557211,0.201362018611407,0.112061871508347,0.133039598230122,0.236321849216541,0.123959823661604,0.0631031315264345,0.129356407410274,0.228806731597136,0.11985766382444,0.241739693078081,0.230272515910956,1,0.983073125808171,0.986832782311752,0.956786330673408,0.946429870496722,0.801983217679798,0.505649951442789,0.798637981388594,0.887938128491653,0.866960401769878,0.763678150783459,0.876040176338396,0.936896868473565,0.870643592589726,0.771193268402864,0.88014233617556,0.758260306921919,0.769727484089044,0,1e+05,1692.68741918287,98501.9709375923,2979398.90240115,29.7939890240115,2023,"Males","B'Tselem historical average",45.1599609759885
0,1,0.0164288,0.00427424,0.0033303,0.011857,0.0705954,0.0682027,0.0763195,0.030081,0.0340108,0.0365537,0.0113951,0.0114856,0.0361696,0.04267,0.0450156,0.0432234,0.0572155,0.231522,0.11650715104,0.0161937521039719,0.0169520457757271,0.0165140084937829,0.0575782371065685,0.300025882105945,0.291338345549908,0.320455072698052,0.139885277424485,0.156727897093805,0.167464850257826,0.0553973540277947,0.0558250398069823,0.165851081781032,0.192784692886349,0.202310211147654,0.195041146293269,0.250278041754927,1,0.983806247896028,0.983047954224273,0.983485991506217,0.942421762893431,0.699974117894055,0.708661654450092,0.679544927301948,0.860114722575515,0.843272102906195,0.832535149742174,0.944602645972205,0.944174960193018,0.834148918218968,0.807215307113651,0.797689788852346,0.804958853706731,0.749721958245073,0,1e+05,1619.37521039719,98569.293581831,3077245.20496296,30.7724520496296,2023,"Males","B'Tselem historical average",44.1814979503704
0,1,0.0144793,0.00300529,0.00878025,0.00685524,0.0310817,0.134559,0.0623886,0.0334844,0.034659,0.0247293,0.0124717,0.0564412,0.0246297,0.0217218,0.0508479,0.0439651,0.0596565,0.230926,0.120397280815,0.0142972102773736,0.0119493375507045,0.0429582887138016,0.0336986688434933,0.144203291394647,0.503439283596385,0.269853538776691,0.154489527189444,0.159476739236965,0.116447346580516,0.0604729972989662,0.247309839690194,0.116005545537677,0.103014831104297,0.225565650854756,0.198056558950242,0.259569917971355,1,0.985702789722626,0.988050662449296,0.957041711286198,0.966301331156507,0.855796708605353,0.496560716403615,0.730146461223309,0.845510472810556,0.840523260763035,0.883552653419484,0.939527002701034,0.752690160309806,0.883994454462323,0.896985168895703,0.774434349145244,0.801943441049758,0.740430082028645,0,1e+05,1429.72102773735,98742.4134963262,3020306.4464575,30.203064464575,2023,"Males","B'Tselem historical average",44.750885535425
0,1,0.0146705,0.00240806,0.00300127,0.0148412,0.0597821,0.0989306,0.0412845,0.0437393,0.0193045,0.0262587,0.0352754,0.0241438,0.0324163,0.0318592,0.0341167,0.0765085,0.0849163,0.27514,0.120015750775,0.0144835205175105,0.00958607232535242,0.0148945932602148,0.0715512345446884,0.260045356267675,0.396570585167556,0.187110582855278,0.197139626803396,0.0920786683663066,0.123205461847465,0.162083131736827,0.113847237658549,0.149930980862655,0.147544384836539,0.157177551566203,0.321121239180413,0.350230751162623,1,0.98551647948249,0.990413927674648,0.985105406739785,0.928448765455312,0.739954643732325,0.603429414832444,0.812889417144722,0.802860373196604,0.907921331633693,0.876794538152535,0.837916868263173,0.886152762341451,0.850069019137345,0.852455615163461,0.842822448433797,0.678878760819587,0.649769248837377,0,1e+05,1448.35205175105,98725.4730071264,3094501.40193416,30.9450140193416,2023,"Males","B'Tselem historical average",44.0089359806584
0,1,0.0179992,0.00363031,0.00352798,0.0221449,0.0337458,0.0777987,0.0486501,0.0520593,0.0195321,0.0224324,0.0287743,0.0111762,0.0399868,0.031502,0.0350893,0.0625664,0.0408554,0.254314,0.11337349636,0.017716470504903,0.014416566786856,0.0174856772013678,0.104916108189392,0.155601737238724,0.325654716096967,0.216873238187175,0.230320668107038,0.0931137331326971,0.106205868678634,0.134216533033813,0.0543620958606067,0.181763634727224,0.14601091072579,0.16129700270726,0.270518567712657,0.185346034096441,1,0.982283529495097,0.985583433213144,0.982514322798632,0.895083891810608,0.844398262761276,0.674345283903033,0.783126761812825,0.769679331892962,0.906886266867303,0.893794131321366,0.865783466966187,0.945637904139393,0.818236365272776,0.85398908927421,0.83870299729274,0.729481432287343,0.814653965903559,0,1e+05,1771.6470504903,98429.2107699397,3308876.44365996,33.0887644365996,2023,"Males","B'Tselem historical average",41.8651855634004
0,1,0.0172403,0.00629579,0.00171704,0.0173117,0.0397299,0.0910708,0.0869944,0.0339769,0.0251905,0.0128488,0.0257655,0.0300603,0.0183307,0.0233837,0.0265812,0.0485192,0.0816456,0.293955,0.114887843365,0.0169811740908874,0.0248700073133138,0.00854850468877297,0.0829677193330549,0.180701380552016,0.370907005670058,0.357270638019657,0.156583910341772,0.118490417824481,0.0622445796136503,0.121031412831711,0.139795744922282,0.0876373644105011,0.110461030974976,0.124624338812868,0.2163528339478,0.339027700035047,1,0.983018825909113,0.975129992686686,0.991451495311227,0.917032280666945,0.819298619447984,0.629092994329942,0.642729361980343,0.843416089658228,0.881509582175519,0.93775542038635,0.878968587168289,0.860204255077718,0.912362635589499,0.889538969025024,0.875375661187132,0.7836471660522,0.660972299964953,0,1e+05,1698.11740908874,98496.975637822,3118339.33138128,31.1833933138128,2023,"Males","B'Tselem historical average",43.7705566861872
0,1,0.0195523,0.00548349,0.00251305,0.0237957,0.0332184,0.089661,0.0562612,0.0282077,0.0290978,0.0326451,0.0378893,0.0104902,0.0200336,0.0239756,0.028361,0.0661978,0.0702163,0.226716,0.110274362965,0.0192179805024943,0.0216960201805998,0.0124868001174123,0.112297977539649,0.153356367134914,0.366216627421829,0.246618384381578,0.131747747646761,0.135623160967034,0.15090937121442,0.173054239964301,0.0511105989862852,0.0953904640009752,0.113098961355323,0.132416349761066,0.283990186139875,0.298655320966117,1,0.980782019497506,0.9783039798194,0.987513199882588,0.887702022460351,0.846643632865086,0.633783372578171,0.753381615618422,0.868252252353239,0.864376839032966,0.84909062878558,0.826945760035699,0.948889401013715,0.904609535999025,0.886901038644677,0.867583650238934,0.716009813860125,0.701344679033883,0,1e+05,1921.79805024942,98290.1270054892,3218156.71886712,32.1815671886712,2023,"Males","B'Tselem historical average",42.7723828113288
0,1,0.0176051,0.00294168,0.00184667,0.0118985,0.025652,0.0948423,0.101968,0.038681,0.0271278,0.0213194,0.033348,0.00811514,0.02889,0.0397715,0.0287491,0.0558971,0.0441105,0.239109,0.114159903205,0.0173347591698533,0.011697897060351,0.00919091851625895,0.057773941881313,0.120530386324979,0.383323333514536,0.406272909826921,0.176351380615983,0.127024277043077,0.101203030290084,0.153908636938442,0.039768875028748,0.134719858238709,0.180873476339417,0.134106870428416,0.245218054688218,0.198646508019963,1,0.982665240830147,0.988302102939649,0.990809081483741,0.942226058118687,0.879469613675021,0.616676666485464,0.593727090173079,0.823648619384017,0.872975722956923,0.898796969709916,0.846091363061558,0.960231124971252,0.865280141761291,0.819126523660583,0.865893129571584,0.754781945311782,0.801353491980036,0,1e+05,1733.47591698532,98464.4175259059,3174185.0444084,31.741850444084,2023,"Males","B'Tselem historical average",43.212099555916
0,1,0.015312,0.00164816,0.00537421,0.0107661,0.0322254,0.0995066,0.0630743,0.0433935,0.0284522,0.0235452,0.0125918,0.0256753,0.0158834,0.0211653,0.0485827,0.0547286,0.0414188,0.266473,0.1187356696,0.0151081320829785,0.00657097994737985,0.0265148096125799,0.0524196130109082,0.149113865126853,0.398419560422225,0.27241546335005,0.195733586532053,0.132813882155349,0.111181522066594,0.0610375678818629,0.120633262019196,0.076383909528488,0.100508280240561,0.216605321605135,0.240708853588712,0.187662147602232,1,0.984891867917021,0.99342902005262,0.97348519038742,0.947580386989092,0.850886134873147,0.601580439577775,0.72758453664995,0.804266413467947,0.867186117844651,0.888818477933406,0.938962432118137,0.879366737980804,0.923616090471512,0.899491719759439,0.783394678394865,0.759291146411288,0.812337852397768,0,1e+05,1510.81320829786,98668.5742096299,3279546.19951851,32.7954619951851,2023,"Males","B'Tselem historical average",42.1584880048149
0,1,0.0181574,0.0027215,0.00206498,0.0287527,0.0339951,0.125247,0.0716663,0.0381296,0.0250244,0.00626397,0.0156741,0.022957,0.0185485,0.0230585,0.0339142,0.0529897,0.0594299,0.216264,0.11305781617,0.0178696175995574,0.0108270682674204,0.0102718719745251,0.134122537304138,0.15666121576027,0.476907055156907,0.303885607260896,0.174056260978487,0.117755121823594,0.0308369457424442,0.075415331385814,0.108554770343085,0.0886325001762042,0.109008565009331,0.156317539273893,0.233955429891673,0.258711503104173,1,0.982130382400443,0.98917293173258,0.989728128025475,0.865877462695862,0.84333878423973,0.523092944843093,0.696114392739104,0.825943739021513,0.882244878176406,0.969163054257556,0.924584668614186,0.891445229656915,0.911367499823796,0.890991434990669,0.843682460726107,0.766044570108327,0.741288496895827,0,1e+05,1786.96175995574,98415.0682342042,2997983.68486399,29.9798368486399,2023,"Males","B'Tselem historical average",44.9741131513602
0,1,0.0191081,0.00372721,0.00916126,0.0128765,0.02548,0.0651046,0.104496,0.0175812,0.0126787,0.026405,0.0385165,0.0760922,0.0283657,0.0240883,0.035292,0.062161,0.0448492,0.217433,0.111160741855,0.018788987286985,0.0147985255749833,0.0447806813382088,0.0623745841674205,0.119770612014666,0.279956809715492,0.41425898322286,0.0842049402607206,0.0614458657546416,0.123849392009944,0.175667278198198,0.319653210029486,0.132436840764795,0.113600398784876,0.162153221285941,0.269001495149959,0.201637768484241,1,0.981211012713015,0.985201474425017,0.955219318661791,0.937625415832579,0.880229387985334,0.720043190284508,0.58574101677714,0.91579505973928,0.938554134245358,0.876150607990056,0.824332721801802,0.680346789970514,0.867563159235205,0.886399601215124,0.837846778714059,0.730998504850041,0.798362231515759,0,1e+05,1878.89872869849,98329.961047854,3237340.41704849,32.3734041704849,2023,"Males","B'Tselem historical average",42.5805458295151
0,1,0.0220608,0.00171183,0.00319729,0.0349411,0.0530626,0.104295,0.0372539,0.0294685,0.022428,0.0428291,0.0155518,0.0226266,0.0191657,0.0219366,0.0249948,0.0524972,0.0473791,0.226898,0.10526877664,0.0216337818867209,0.0068239570910656,0.015859680009258,0.160670490785994,0.234239595146454,0.413626944546347,0.17039939495108,0.137232416347183,0.106186142964008,0.193433990674958,0.0748489117361542,0.107076080871389,0.0914468908119152,0.103980550632488,0.117624027399865,0.232033258990332,0.211807391091806,1,0.978366218113279,0.993176042908934,0.984140319990742,0.839329509214006,0.765760404853546,0.586373055453653,0.82960060504892,0.862767583652817,0.893813857035992,0.806566009325042,0.925151088263846,0.892923919128611,0.908553109188085,0.896019449367512,0.882375972600135,0.767966741009668,0.788192608908194,0,1e+05,2163.3781886721,98064.3579866591,3023548.19962314,30.2354819962314,2023,"Males","B'Tselem historical average",44.7184680037686
0,1,0.0154892,0.00138249,0.00714221,0.00598215,0.0564672,0.0967406,0.0698517,0.0220947,0.0420202,0.0235455,0.0336531,0.0195181,0.0226557,0.0369844,0.0409287,0.0633071,0.11183,0.259996,0.11838207586,0.0152805357825541,0.0055147119318028,0.0350845961169194,0.0294700148762698,0.247409671494469,0.389501482262573,0.297335095307732,0.104690724617011,0.190127962477733,0.111182859928862,0.155207468827042,0.0930500972425266,0.107206409377657,0.169271031185553,0.185647702224872,0.273283530513562,0.436981028857238,1,0.984719464217446,0.994485288068197,0.96491540388308,0.97052998512373,0.752590328505531,0.610498517737427,0.702664904692268,0.895309275382989,0.809872037522267,0.888817140071138,0.844792531172958,0.906949902757473,0.892793590622343,0.830728968814447,0.814352297775128,0.726716469486438,0.563018971142762,0,1e+05,1528.05357825542,98652.8405763638,3078712.83683146,30.7871283683146,2023,"Males","B'Tselem historical average",44.1668216316854
0,1,0.0148715,0.00100956,0.00434673,0.00963181,0.0452834,0.111018,0.0939757,0.0417952,0.0348562,0.0162271,0.0115151,0.0412959,0.022886,0.0261084,0.0230013,0.0441198,0.042407,0.220813,0.119614665325,0.0146793089384199,0.00403010273895772,0.021500013119928,0.047026670121151,0.203391368283659,0.434497414963857,0.380487137322747,0.189206220438792,0.160311385694857,0.0779723376973772,0.0559644105404638,0.187157415239978,0.108237208136472,0.122543465465595,0.108752857260722,0.198684228894996,0.191710348163569,1,0.98532069106158,0.995969897261042,0.978499986880072,0.952973329878849,0.796608631716341,0.565502585036143,0.619512862677253,0.810793779561208,0.839688614305143,0.922027662302623,0.944035589459536,0.812842584760022,0.891762791863528,0.877456534534405,0.891247142739278,0.801315771105004,0.808289651836431,0,1e+05,1467.930893842,98707.6551687451,3000451.59161735,30.0045159161735,2023,"Males","B'Tselem historical average",44.9494340838265
0,1,0.0139563,0.00202318,0.00457926,0.0160382,0.0398491,0.103613,0.0534226,0.0270247,0.0290377,0.0127291,0.0198407,0.0341446,0.0283503,0.0351062,0.03083,0.051238,0.0501529,0.224216,0.121440901165,0.0137872485569372,0.00806010590985062,0.0226371465507154,0.0770996509455141,0.181194414175225,0.411478655237256,0.235641540584876,0.126572069484505,0.135361997325643,0.0616825903480031,0.0945153721399569,0.157295979265894,0.132369698352026,0.161368419939776,0.143119095699,0.227099668024413,0.222826066432095,1,0.986212751443063,0.991939894090149,0.977362853449285,0.922900349054486,0.818805585824775,0.588521344762744,0.764358459415124,0.873427930515495,0.864638002674357,0.938317409651997,0.905484627860043,0.842704020734106,0.867630301647974,0.838631580060224,0.856880904301,0.772900331975587,0.777173933567905,0,1e+05,1378.72485569373,98788.7087332403,3246965.73868154,32.4696573868154,2023,"Males","B'Tselem historical average",42.4842926131846
0,1,0.0202301,0.00487731,0.00431447,0.0130498,0.0576492,0.0950161,0.0471683,0.0529696,0.0253606,0.0193588,0.0189321,0.0385776,0.012502,0.0292158,0.0301649,0.0525109,0.0749932,0.209275,0.108921846955,0.0198718776082473,0.0193207731993343,0.0213421498369821,0.063187538161258,0.251936199167397,0.383890948193402,0.210964417647673,0.233877063714651,0.119242825969307,0.0923257124925004,0.0903826658305726,0.175921433287975,0.0606154636826003,0.136135715414018,0.140248076958394,0.232086785091807,0.315765362535716,1,0.980128122391753,0.980679226800666,0.978657850163018,0.936812461838742,0.748063800832603,0.616109051806598,0.789035582352327,0.766122936285349,0.880757174030693,0.9076742875075,0.909617334169427,0.824078566712025,0.9393845363174,0.863864284585982,0.859751923041606,0.767913214908193,0.684234637464284,0,1e+05,1987.18776082473,98229.2604003307,3081321.8450825,30.813218450825,2023,"Males","B'Tselem historical average",44.140731549175
0,1,0.0140065,0.00452156,0.0056995,0.0280374,0.0729987,0.0960531,0.0691606,0.0371742,0.00915015,0.0116284,0.0257234,0.0227853,0.0292565,0.0248373,0.0272201,0.0477718,0.0393885,0.226245,0.121340729575,0.0138362184745849,0.0179241497627971,0.0280971507236267,0.131004440266201,0.308663427616186,0.387269427406058,0.294826973961582,0.17006584560571,0.0447275896147172,0.0564995029497479,0.120845600688146,0.107786623612505,0.136312437901348,0.116926173855262,0.127428929490911,0.213375652508711,0.179287805666284,1,0.986163781525415,0.982075850237203,0.971902849276373,0.868995559733799,0.691336572383814,0.612730572593942,0.705173026038418,0.82993415439429,0.955272410385283,0.943500497050252,0.879154399311854,0.892213376387495,0.863687562098652,0.883073826144738,0.872571070509089,0.786624347491289,0.820712194333716,0,1e+05,1383.62184745849,98784.267836968,2875707.12609132,28.7570712609132,2023,"Males","B'Tselem historical average",46.1968787390868
0,1,0.0204629,0.00648311,0.00240166,0.0165653,0.0551132,0.111421,0.068243,0.035517,0.0211451,0.0202846,0.0277567,0.00863958,0.0236334,0.03099,0.0283939,0.0482972,0.0951445,0.213676,0.108457306195,0.020096272665136,0.0256004983068438,0.0119366306789092,0.0795327887368439,0.242195568047686,0.435731031772258,0.291485403946242,0.163102703223984,0.100417172133785,0.0965279241732864,0.129777978930546,0.0422845971014359,0.111574771960851,0.143808441031114,0.132559777345102,0.215469559033605,0.384310034747432,1,0.979903727334864,0.974399501693156,0.988063369321091,0.920467211263156,0.757804431952314,0.564268968227742,0.708514596053758,0.836897296776016,0.899582827866215,0.903472075826714,0.870222021069454,0.957715402898564,0.888425228039149,0.856191558968886,0.867440222654898,0.784530440966395,0.615689965252568,0,1e+05,2009.62726651361,98208.3314932685,2971948.82045731,29.7194882045731,2023,"Males","B'Tselem historical average",45.2344617954269
0,1,0.0205021,0.00237147,0.00240648,0.0111544,0.0386158,0.0861467,0.0551601,0.0490218,0.037845,0.0222046,0.0336668,0.0593829,0.0269749,0.0226509,0.0333415,0.0648629,0.0395413,0.224766,0.108379084555,0.0201340475733859,0.00944110142241955,0.011960443579338,0.0542589353294042,0.176080296241038,0.354406190559352,0.242376693387667,0.218349309543546,0.1728693944204,0.105184074261626,0.155265747804536,0.258533349848242,0.12635356317198,0.107184913128069,0.153880946089862,0.27906249347926,0.179920749199222,1,0.979865952426614,0.99055889857758,0.988039556420662,0.945741064670596,0.823919703758962,0.645593809440648,0.757623306612333,0.781650690456454,0.8271306055796,0.894815925738374,0.844734252195464,0.741466650151758,0.87364643682802,0.892815086871931,0.846119053910138,0.72093750652074,0.820079250800778,0,1e+05,2013.4047573386,98204.8062071004,3204435.56719917,32.0443556719917,2023,"Males","B'Tselem historical average",42.9095943280083
0,1,0.0181849,0.00422934,0.00325585,0.0197595,0.0315105,0.108056,0.0637057,0.0292607,0.0248028,0.0158318,0.026246,0.00865171,0.0220342,0.0269554,0.0307373,0.0654373,0.0486973,0.21433,0.113002941295,0.0178962345806859,0.0167754617373118,0.0161478128587595,0.0941467673751279,0.146047431059036,0.425370431605965,0.274767810704074,0.13633067271241,0.116773241607635,0.0761452106356464,0.123149542752307,0.0423427079260234,0.10441902575668,0.126267989583924,0.142719471938,0.281186316610207,0.217060811375509,1,0.982103765419314,0.983224538262688,0.98385218714124,0.905853232624872,0.853952568940964,0.574629568394035,0.725232189295926,0.86366932728759,0.883226758392365,0.923854789364354,0.876850457247693,0.957657292073977,0.89558097424332,0.873732010416076,0.857280528062,0.718813683389793,0.782939188624491,0,1e+05,1789.62345806859,98412.6092565037,3214231.48149582,32.1423148149582,2023,"Males","B'Tselem historical average",42.8116351850418
0,1,0.0158638,0.0037504,0.00802224,0.0289455,0.0503414,0.0799012,0.0606597,0.0446882,0.0367626,0.0208682,0.0112283,0.0340283,0.0290286,0.021319,0.0299769,0.048429,0.0459764,0.217834,0.11763458029,0.015644809147106,0.0148899137350561,0.0393225624171859,0.134961201364742,0.223569940494034,0.332990207150972,0.263360133304476,0.200986668861463,0.1683413369185,0.0991673877950389,0.0546085957605544,0.156802217735572,0.135322447035,0.101201227573406,0.139434932434742,0.215994059260217,0.206183107446941,1,0.984355190852894,0.985110086264944,0.960677437582814,0.865038798635258,0.776430059505966,0.667009792849028,0.736639866695524,0.799013331138537,0.8316586630815,0.900832612204961,0.945391404239446,0.843197782264428,0.864677552965,0.898798772426594,0.860565067565258,0.784005940739783,0.793816892553059,0,1e+05,1564.4809147106,98619.5561410631,3004333.00890711,30.0433300890711,2023,"Males","B'Tselem historical average",44.9106199109289
0,1,0.019451,0.00937233,0.00559971,0.00410012,0.0354525,0.106045,0.0628754,0.0426222,0.040023,0.0206831,0.0290391,0.0249264,0.0277561,0.0330471,0.0297541,0.0463647,0.0398608,0.2184,0.11047650205,0.0191201803159506,0.0367995254080645,0.0276120019908298,0.0202925948153641,0.162830618724201,0.419112924739895,0.271673111165553,0.192589526688901,0.181913218172686,0.0983310239940706,0.13536808183683,0.117321023123063,0.129775355629061,0.152625892195098,0.138470348508601,0.207743578289233,0.181242793174568,1,0.98087981968405,0.963200474591936,0.97238799800917,0.979707405184636,0.837169381275799,0.580887075260105,0.728326888834447,0.807410473311099,0.818086781827314,0.901668976005929,0.86463191816317,0.882678976876937,0.870224644370939,0.847374107804902,0.861529651491399,0.792256421710767,0.818757206825432,0,1e+05,1912.01803159506,98299.2150323921,3108675.28793979,31.0867528793979,2023,"Males","B'Tselem historical average",43.8671971206021
0,1,0.0147524,0.00179366,0.00198399,0.011278,0.0614067,0.0704549,0.0518358,0.0420791,0.0289792,0.012152,0.0458669,0.0217813,0.0229625,0.0390872,0.0358238,0.0477109,0.107069,0.227472,0.11985232342,0.0145633058055573,0.00714899426987579,0.00987099013570167,0.0548436823754249,0.266171687580609,0.299518189735084,0.229445298491178,0.190369099104662,0.135107716178314,0.0589685358799666,0.205742565774674,0.103282435707795,0.108579365783019,0.178038439744998,0.164395794814326,0.21313262643371,0.422305445609966,1,0.985436694194443,0.992851005730124,0.990129009864298,0.945156317624575,0.73382831241939,0.700481810264916,0.770554701508822,0.809630900895338,0.864892283821686,0.941031464120033,0.794257434225326,0.896717564292205,0.891420634216981,0.821961560255002,0.835604205185674,0.78686737356629,0.577694554390034,0,1e+05,1456.33058055573,98718.2140231915,3268130.77764573,32.6813077764573,2023,"Males","B'Tselem historical average",42.2726422235427
0,1,0.0150805,0.00311608,0.00521535,0.011121,0.0503827,0.0921491,0.0761752,0.0239415,0.0365505,0.032914,0.0192018,0.0336309,0.0175977,0.0282833,0.0280564,0.0623552,0.0527813,0.215584,0.119197616275,0.0148828124894951,0.0123871214770158,0.0257411275263881,0.0541008608171317,0.223732838761347,0.374476352796338,0.319946103871012,0.112947187288812,0.167451417419061,0.152057914504959,0.0916112478524663,0.15511302354145,0.0842806366031231,0.132077529056118,0.131087398763341,0.269728555015711,0.233142578989017,1,0.985117187510505,0.987612878522984,0.974258872473612,0.945899139182868,0.776267161238653,0.625523647203662,0.680053896128988,0.887052812711188,0.832548582580939,0.847942085495041,0.908388752147534,0.84488697645855,0.915719363396877,0.867922470943882,0.86891260123666,0.730271444984289,0.766857421010983,0,1e+05,1488.28124894951,98689.118328272,3104157.83789968,31.0415783789968,2023,"Males","B'Tselem historical average",43.9123716210032
0,1,0.0140278,0.00334592,0.00276142,0.00898585,0.0494428,0.0923794,0.0745164,0.0337914,0.0134548,0.0220861,0.0247963,0.0191799,0.020926,0.021884,0.0270855,0.0485005,0.0838951,0.218209,0.12129822649,0.0138569951752742,0.0132947139017239,0.0137124355157949,0.0439421070435566,0.22001820921372,0.375236656935688,0.314073022555174,0.155795619737966,0.0650847444509049,0.104652107709778,0.116744425504648,0.0915115443273878,0.09942840309223,0.103744157161684,0.126838771159405,0.216278465687329,0.346749119798899,1,0.986143004824726,0.986705286098276,0.986287564484205,0.956057892956443,0.77998179078628,0.624763343064312,0.685926977444826,0.844204380262034,0.934915255549095,0.895347892290222,0.883255574495352,0.908488455672612,0.90057159690777,0.896255842838316,0.873161228840595,0.783721534312671,0.653250880201101,0,1e+05,1385.69951752742,98782.3833763967,3250946.46436965,32.5094646436965,2023,"Males","B'Tselem historical average",42.4444853563035
0,1,0.0137101,0.00131349,0.00295087,0.0132011,0.0326895,0.110104,0.0798126,0.0345039,0.0162064,0.0184565,0.037952,0.022619,0.0130392,0.0505064,0.0526341,0.0450933,0.074441,0.26185,0.121932180955,0.0135470156393602,0.00524019411486413,0.0146463016694814,0.063896732123898,0.151099113798694,0.431692360773489,0.332682384747712,0.158819748223204,0.0778767457684457,0.0882122753500065,0.173315797164986,0.107042040230089,0.0631378329223957,0.224220566011937,0.232567983720184,0.202624034107006,0.313805088514694,1,0.98645298436064,0.994759805885136,0.985353698330519,0.936103267876102,0.848900886201306,0.568307639226511,0.667317615252288,0.841180251776796,0.922123254231554,0.911787724649993,0.826684202835014,0.892957959769911,0.936862167077604,0.775779433988063,0.767432016279816,0.797375965892994,0.686194911485306,0,1e+05,1354.70156393602,98810.4801522979,3153929.18373273,31.5392918373273,2023,"Males","B'Tselem historical average",43.4146581626727
0,1,0.0150431,0.00135458,0.00358701,0.0111837,0.0718725,0.0815801,0.0600374,0.0650084,0.022353,0.0131064,0.0311764,0.00737991,0.0159,0.0332696,0.0276865,0.0522202,0.0927861,0.293622,0.119272246105,0.0148464018674428,0.00540368056476117,0.0177756464461034,0.0543975843400407,0.304626779479626,0.338801790190251,0.261010952587768,0.279600970649132,0.105849845981916,0.0634529022063081,0.144610883155943,0.0362310944592236,0.0764606876653042,0.15357458727776,0.12947100270876,0.230950320220105,0.376577586096686,1,0.985153598132557,0.994596319435239,0.982224353553897,0.945602415659959,0.695373220520374,0.661198209809749,0.738989047412232,0.720399029350868,0.894150154018084,0.936547097793692,0.855389116844057,0.963768905540776,0.923539312334696,0.84642541272224,0.87052899729124,0.769049679779895,0.623422413903314,0,1e+05,1484.64018674428,98692.4361829865,3067343.6567707,30.6734365677071,2023,"Males","B'Tselem historical average",44.280513432293
0,1,0.0146979,0.0022463,0.00601457,0.00784239,0.0454413,0.076134,0.109415,0.0541229,0.0326324,0.0142478,0.0369219,0.00768366,0.0370765,0.0215121,0.0507718,0.0513289,0.0539071,0.321561,0.119961075445,0.0145102143802262,0.00894501363175796,0.0296273604171397,0.0384579445015512,0.204028229982267,0.319800728366384,0.429571174778913,0.238362346404465,0.150855090834621,0.0687887781178319,0.169009152436625,0.0376942259594118,0.169656799210207,0.102071091197619,0.225266088073832,0.227456739419966,0.23752481509983,1,0.985489785619774,0.991054986368242,0.97037263958286,0.961542055498449,0.795971770017733,0.680199271633616,0.570428825221087,0.761637653595535,0.849144909165379,0.931211221882168,0.830990847563375,0.962305774040588,0.830343200789793,0.897928908802381,0.774733911926167,0.772543260580034,0.76247518490017,0,1e+05,1451.02143802261,98723.0446541763,3038141.27273963,30.3814127273963,2023,"Males","B'Tselem historical average",44.5725372726037
0,1,0.0155218,0.00356661,0.00280218,0.0164938,0.0486394,0.0663672,0.0639729,0.0587765,0.025971,0.0421934,0.0195531,0.0224896,0.0331291,0.0433948,0.0406911,0.0604053,0.0440994,0.225915,0.11831702419,0.01531224719907,0.0141653951202205,0.0139134301606809,0.0792030997820376,0.2168307108114,0.284613497690232,0.275761364510729,0.256231520141071,0.121937878400173,0.190836860070729,0.0932091790049936,0.106462265580028,0.152975637056019,0.195738876504641,0.184669488446669,0.262400541435991,0.198601484262307,1,0.98468775280093,0.98583460487978,0.986086569839319,0.920796900217962,0.7831692891886,0.715386502309768,0.724238635489271,0.743768479858929,0.878062121599827,0.809163139929271,0.906790820995006,0.893537734419972,0.847024362943981,0.804261123495359,0.815330511553331,0.737599458564009,0.801398515737693,0,1e+05,1531.224719907,98649.9452323186,3154922.21844008,31.5492221844008,2023,"Males","B'Tselem historical average",43.4047278155992
0,1,0.0145737,0.00364031,0.00744788,0.0167086,0.044546,0.0797754,0.0694837,0.0327507,0.0255817,0.035579,0.0175657,0.0136118,0.0127689,0.0191416,0.0360624,0.0491808,0.0494058,0.22428,0.120208910335,0.0143892043357612,0.0144559914197495,0.0365586881934445,0.0801932093554105,0.20041120603942,0.332553107141383,0.296000478823865,0.151360587053932,0.12021992486989,0.163364165857399,0.0841338261260444,0.0658192053514914,0.0618694867757721,0.0913371519314714,0.165400181258462,0.21897997421083,0.219871661647446,1,0.985610795664239,0.98554400858025,0.963441311806555,0.91980679064459,0.79958879396058,0.667446892858617,0.703999521176135,0.848639412946068,0.87978007513011,0.836635834142601,0.915866173873956,0.934180794648509,0.938130513224228,0.908662848068529,0.834599818741538,0.78102002578917,0.780128338352553,0,1e+05,1438.92043357612,98734.0506238028,3221142.55304843,32.2114255304843,2023,"Males","B'Tselem historical average",42.7425244695157
0,1,0.0141347,0.00432428,0.00794764,0.00768157,0.0408161,0.138268,0.052537,0.0425629,0.0391028,0.027612,0.0232043,0.00944802,0.01369,0.0482799,0.0382362,0.0621072,0.0434487,0.220055,0.121084912885,0.0139612565031067,0.0171488075093271,0.0389640199904086,0.0376841661005181,0.185184252571537,0.513751514115645,0.232188749207247,0.192347347687752,0.178103168551874,0.129145112859321,0.109660038898471,0.04615003389197,0.0661848243854094,0.215400690506088,0.174500417811217,0.268799966760959,0.19595817960454,1,0.986038743496893,0.982851192490673,0.961035980009591,0.962315833899482,0.814815747428463,0.486248485884355,0.767811250792753,0.807652652312248,0.821896831448126,0.870854887140679,0.89033996110153,0.95384996610803,0.933815175614591,0.784599309493912,0.825499582188783,0.731200033239041,0.80404182039546,0,1e+05,1396.12565031067,98772.9241024337,2956575.01782043,29.5657501782043,2023,"Males","B'Tselem historical average",45.3881998217958
0,1,0.0145545,0.00260499,0.00964564,0.0188837,0.0408676,0.104988,0.0700856,0.0267186,0.0316958,0.0464767,0.0134835,0.0502078,0.0142094,0.0279992,0.0470645,0.0643869,0.0556185,0.293819,0.120247222975,0.014370494983089,0.0103659535891198,0.0470926042322823,0.0901620187178446,0.185396250484272,0.415803939895601,0.298182288502349,0.125228194880654,0.146843216913391,0.208193171110609,0.0652190474347828,0.223042781577751,0.0686097418358927,0.130837627733884,0.210549037107621,0.277298519833354,0.244145046788047,1,0.985629505016911,0.98963404641088,0.952907395767718,0.909837981282155,0.814603749515728,0.584196060104399,0.701817711497651,0.874771805119346,0.853156783086609,0.791806828889391,0.934780952565217,0.776957218422249,0.931390258164107,0.869162372266116,0.789450962892379,0.722701480166646,0.755854953211953,0,1e+05,1437.0494983089,98735.7517131404,2957504.25506217,29.5750425506217,2023,"Males","B'Tselem historical average",45.3789074493783
0,1,0.0229785,0.00504629,0.00863803,0.00974893,0.064409,0.0760855,0.0599942,0.0157135,0.0182013,0.0240857,0.0197717,0.0142418,0.012978,0.0478973,0.0420829,0.0511528,0.0594882,0.209721,0.103437552175,0.02251466061238,0.0199834751780871,0.0422771713146718,0.0475848954626922,0.27738049865528,0.319629562337017,0.260847636774551,0.0755977373840397,0.0870456404607064,0.113588833577741,0.0942021579825415,0.0687608058868033,0.0628508056119212,0.213876261366166,0.190384654099944,0.22676485660734,0.258932438308535,1,0.97748533938762,0.980016524821913,0.957722828685328,0.952415104537308,0.72261950134472,0.680370437662983,0.739152363225449,0.92440226261596,0.912954359539294,0.886411166422258,0.905797842017458,0.931239194113197,0.937149194388079,0.786123738633834,0.809615345900056,0.77323514339266,0.741067561691465,0,1e+05,2251.46606123801,97981.4200769415,3240197.98569908,32.4019798569908,2023,"Males","B'Tselem historical average",42.5519701430092
0,1,0.0168293,0.00503085,0.00330274,0.00694524,0.0341018,0.0946962,0.0586339,0.0343377,0.0447822,0.0277507,0.0564033,0.0189052,0.0106837,0.0369862,0.0322089,0.0793645,0.0775254,0.210852,0.115707973315,0.0165825186947039,0.0199229413411082,0.0163784654674055,0.03413353600106,0.157114298996226,0.382845875913338,0.255689341760389,0.158115217721142,0.201366871246196,0.129751745584519,0.247164295262545,0.0902600397416886,0.0520288484787685,0.169278572183744,0.149043205727601,0.331123810795334,0.324696445466566,1,0.983417481305296,0.980077058658892,0.983621534532595,0.96586646399894,0.842885701003774,0.617154124086662,0.744310658239611,0.841884782278858,0.798633128753804,0.870248254415481,0.752835704737455,0.909739960258311,0.947971151521232,0.830721427816256,0.850956794272399,0.668876189204666,0.675303554533434,0,1e+05,1658.25186947039,98533.6210935918,3217285.74542511,32.1728574542512,2023,"Males","B'Tselem historical average",42.7810925457489
0,1,0.0184005,0.00361861,0.00117053,0.0181665,0.0422138,0.107227,0.0798926,0.0237911,0.0207876,0.0345306,0.0114286,0.0159671,0.0174177,0.0212331,0.0314197,0.048578,0.0669058,0.233637,0.112572722275,0.0181048637672406,0.0143704379788507,0.00583557321620808,0.0868864435577694,0.190920319537744,0.422796893698482,0.332960333207889,0.112277487658424,0.0988032917319807,0.158932880676298,0.0555556905864104,0.0767709753968523,0.0834545348699876,0.100814014853059,0.145657233547749,0.216586635991957,0.28659228478207,1,0.981895136232759,0.985629562021149,0.994164426783792,0.913113556442231,0.809079680462256,0.577203106301518,0.667039666792111,0.887722512341576,0.901196708268019,0.841067119323702,0.94444430941359,0.923229024603148,0.916545465130012,0.899185985146941,0.85434276645225,0.783413364008043,0.71340771521793,0,1e+05,1810.48637672406,98393.3250033456,3121649.28790363,31.2164928790363,2023,"Males","B'Tselem historical average",43.7374571209638
0,1,0.01805,0.00206252,0.00230169,0.00530472,0.0301707,0.130852,0.0727818,0.0313089,0.028775,0.0583991,0.0243539,0.0249949,0.0166781,0.0196367,0.0478139,0.0465872,0.0399086,0.253204,0.1132721275,0.0177656529415622,0.00821618789628033,0.0114426066666536,0.0261764531140915,0.140273152030113,0.49298862959921,0.307887486362631,0.145180866891455,0.134219579033293,0.254795875471832,0.114781082487989,0.117624470317173,0.0800526833543688,0.093589049766143,0.213543617114163,0.208636521602052,0.181440417395795,1,0.982234347058438,0.99178381210372,0.988557393333346,0.973823546885908,0.859726847969887,0.50701137040079,0.692112513637369,0.854819133108545,0.865780420966707,0.745204124528168,0.885218917512011,0.882375529682827,0.919947316645631,0.906410950233857,0.786456382885837,0.791363478397948,0.818559582604205,0,1e+05,1776.56529415621,98424.6700363555,3078137.3273542,30.781373273542,2023,"Males","B'Tselem historical average",44.172576726458
0,1,0.0223715,0.00670802,0.00537999,0.0110705,0.0707735,0.0822188,0.0768563,0.0328266,0.0235458,0.0335085,0.0123705,0.0340404,0.0259437,0.0197834,0.0292136,0.0537867,0.0438795,0.218401,0.104648790325,0.0219321905559503,0.026476865315848,0.0265429480128015,0.0538618071595991,0.300669005370948,0.341002051350964,0.322345746506862,0.151684762442974,0.111184197789236,0.154592124491215,0.059997017245414,0.156853601646298,0.121817507806783,0.0942552754587247,0.136126161892354,0.237057190085121,0.19770906293262,1,0.97806780944405,0.973523134684152,0.973457051987198,0.946138192840401,0.699330994629052,0.658997948649036,0.677654253493138,0.848315237557026,0.888815802210765,0.845407875508785,0.940002982754586,0.843146398353702,0.878182492193217,0.905744724541275,0.863873838107646,0.762942809914879,0.80229093706738,0,1e+05,2193.21905559504,98036.2986654907,2968465.09348318,29.6846509348318,2023,"Males","B'Tselem historical average",45.2692990651682
0,1,0.0150723,0.00632767,0.00161448,0.00900355,0.0428498,0.0663228,0.0932298,0.0465987,0.025876,0.0198634,0.0284981,0.0577631,0.0204319,0.0343973,0.0247484,0.0529419,0.0624924,0.215174,0.119213978965,0.0148748296284826,0.0249943677776883,0.00803994915721166,0.0440267572249679,0.193518434466946,0.284450170568542,0.378037985539398,0.20868264954645,0.12151893978529,0.0946183925533876,0.133013892010256,0.252371150055564,0.0971948132384817,0.1583679272408,0.11653204579464,0.233769055148133,0.270241846136282,1,0.985125170371517,0.975005632222312,0.991960050842788,0.955973242775032,0.806481565533054,0.715549829431458,0.621962014460602,0.79131735045355,0.87848106021471,0.905381607446612,0.866986107989744,0.747628849944436,0.902805186761518,0.8416320727592,0.88346795420536,0.766230944851867,0.729758153863718,0,1e+05,1487.48296284827,98689.8457997955,3180746.31371856,31.8074631371856,2023,"Males","B'Tselem historical average",43.1464868628144
0,1,0.0186586,0.00283887,0.00657841,0.00853685,0.0330523,0.114234,0.0736037,0.0211856,0.0219723,0.0464161,0.0200392,0.0201233,0.0208167,0.0223588,0.0229726,0.0463171,0.0774008,0.290541,0.11205769663,0.0183545069294716,0.0112913705338651,0.0323598589507003,0.0417923132270687,0.15264807507084,0.444288008960901,0.310824007498252,0.100599830573505,0.104140959015556,0.207949937289448,0.0954158564248289,0.0957971147993934,0.0989347618571221,0.105875857209557,0.108624530288723,0.207552433012313,0.324259196884463,1,0.981645493070528,0.988708629466135,0.9676401410493,0.958207686772931,0.84735192492916,0.555711991039099,0.689175992501748,0.899400169426495,0.895859040984444,0.792050062710552,0.904584143575171,0.904202885200607,0.901065238142878,0.894124142790443,0.891375469711277,0.792447566987687,0.675740803115537,0,1e+05,1835.45069294715,98370.2256839824,3155863.69303375,31.5586369303375,2023,"Males","B'Tselem historical average",43.3953130696625
0,1,0.0147362,0.00234894,0.00307124,0.00706178,0.0492266,0.115856,0.0922632,0.0288028,0.0366664,0.0416134,0.0142133,0.0328691,0.0212837,0.0288986,0.0266546,0.0541507,0.0644553,0.224893,0.11988464971,0.0145475250615988,0.00935182624253173,0.0152391919602103,0.0346963549365897,0.219161554547304,0.449179616016873,0.374853127351384,0.134340540686768,0.167937812481107,0.1884607668155,0.0686279267227779,0.151866233926145,0.101042124345186,0.134757259641323,0.124946971156528,0.238470181814098,0.277552220848809,1,0.985452474938401,0.990648173757468,0.98476080803979,0.96530364506341,0.780838445452696,0.550820383983127,0.625146872648616,0.865659459313232,0.832062187518893,0.8115392331845,0.931372073277222,0.848133766073855,0.898957875654814,0.865242740358677,0.875053028843472,0.761529818185902,0.722447779151191,0,1e+05,1454.75250615989,98719.6499884558,2958382.97346993,29.5838297346993,2023,"Males","B'Tselem historical average",45.3701202653007
0,1,0.0143152,0.00308255,0.00502224,0.0203176,0.0646771,0.087883,0.056978,0.0495963,0.0179914,0.0161181,0.0170524,0.0255868,0.0175287,0.0316221,0.0350767,0.075327,0.0414017,0.214023,0.12072473416,0.0141372543611816,0.0122546488642868,0.0247998233380962,0.0966773696842578,0.278374380833486,0.360262603943978,0.249368678579713,0.220625925969587,0.0860850247158195,0.0774688724186715,0.0817758152213007,0.120242451128653,0.0839640484594233,0.146526788132489,0.161243753112957,0.316948122029676,0.187591937230872,1,0.985862745638818,0.987745351135713,0.975200176661904,0.903322630315742,0.721625619166514,0.639737396056022,0.750631321420287,0.779374074030413,0.91391497528418,0.922531127581328,0.918224184778699,0.879757548871347,0.916035951540577,0.853473211867511,0.838756246887043,0.683051877970324,0.812408062769128,0,1e+05,1413.72543611817,98756.9461913324,3044166.17707347,30.4416617707347,2023,"Males","B'Tselem historical average",44.5122882292654
0,1,0.0172467,0.00349248,0.00270868,0.00635983,0.0380924,0.11878,0.0873308,0.0448392,0.0353234,0.0373966,0.0178297,0.0100043,0.0250701,0.0185158,0.0282583,0.0532057,0.042695,0.266526,0.114875072485,0.0169873794296308,0.0138730175274912,0.0134523050260551,0.0313014699312184,0.173901213533949,0.457920505802074,0.358404599093675,0.201597341241509,0.162285785694038,0.170996299468263,0.0853443400505038,0.0488009515997759,0.1179574851301,0.0884831588198104,0.131968487242396,0.234797135164011,0.192886750471544,1,0.983012620570369,0.986126982472509,0.986547694973945,0.968698530068782,0.826098786466052,0.542079494197926,0.641595400906325,0.798402658758491,0.837714214305962,0.829003700531737,0.914655659949496,0.951199048400224,0.8820425148699,0.91151684118019,0.868031512757604,0.765202864835989,0.807113249528456,0,1e+05,1698.73794296308,98496.4047013678,3018521.94916202,30.1852194916202,2023,"Males","B'Tselem historical average",44.7687305083798
0,1,0.0141908,0.00242296,0.00378214,0.0201842,0.0523331,0.08149,0.09693,0.0249185,0.0113498,0.0105222,0.0152385,0.0258958,0.0168547,0.0302832,0.0280593,0.0579514,0.0824214,0.226173,0.12097296814,0.0140159635143249,0.00964510061403245,0.0187335675619531,0.0960731031771304,0.231391865861685,0.338490934391161,0.390115307991065,0.117286020731034,0.0551832041731879,0.0512625139395628,0.0733963734094984,0.121606270829625,0.0808660667613919,0.140759388235469,0.131100060201939,0.253089738343414,0.341698772069398,1,0.985984036485675,0.990354899385968,0.981266432438047,0.90392689682287,0.768608134138315,0.661509065608839,0.609884692008935,0.882713979268966,0.944816795826812,0.948737486060437,0.926603626590502,0.878393729170375,0.919133933238608,0.859240611764531,0.868899939798061,0.746910261656586,0.658301227930602,0,1e+05,1401.59635143248,98767.9589193345,3148456.03791903,31.4845603791903,2023,"Males","B'Tselem historical average",43.4693896208097
0,1,0.0176345,0.00444481,0.00650461,0.00836322,0.0431139,0.131599,0.0486433,0.025002,0.0288314,0.0335972,0.0146169,0.022711,0.0320666,0.0226262,0.0385991,0.0472937,0.0444901,0.211629,0.114101236975,0.0173632447621404,0.0176225819431069,0.0320026382972631,0.0409597122875072,0.194595114258433,0.495106273713833,0.216846211678632,0.117655916913332,0.134464966884421,0.154969635412775,0.0705079797760294,0.10745402887552,0.148433597968461,0.107074289289211,0.17601084908747,0.211465978617629,0.200184886007585,1,0.98263675523786,0.982377418056893,0.967997361702737,0.959040287712493,0.805404885741567,0.504893726286167,0.783153788321368,0.882344083086668,0.865535033115579,0.845030364587225,0.929492020223971,0.89254597112448,0.851566402031539,0.892925710710789,0.82398915091253,0.788534021382371,0.799815113992415,0,1e+05,1736.32447621405,98461.7922943119,3071817.93113864,30.7181793113864,2023,"Males","B'Tselem historical average",44.2357706886136
0,1,0.0214014,0.00216797,0.00648985,0.019194,0.0521536,0.0945304,0.0526659,0.0309699,0.0244005,0.0269428,0.0306812,0.0611527,0.0136836,0.0326005,0.0267556,0.0599629,0.0512685,0.221938,0.10658457637,0.0209998752278924,0.00863444157937831,0.0319311786013845,0.0915757382023598,0.230689747908675,0.382303696597823,0.232692146680366,0.143721870135246,0.114988083190288,0.126212691723575,0.142477544875421,0.265216705876383,0.0661549067935011,0.150718734721758,0.125390738867867,0.260729289253546,0.22721949349445,1,0.979000124772108,0.991365558420622,0.968068821398615,0.90842426179764,0.769310252091325,0.617696303402177,0.767307853319634,0.856278129864754,0.885011916809712,0.873787308276425,0.857522455124579,0.734783294123617,0.933845093206499,0.849281265278242,0.874609261132133,0.739270710746454,0.77278050650555,0,1e+05,2099.98752278925,98123.8387577095,3047894.04733158,30.4789404733158,2023,"Males","B'Tselem historical average",44.4750095266842
0,1,0.0185475,0.00661077,0.00557565,0.00730703,0.0553169,0.109427,0.0799834,0.0148218,0.0105164,0.00840534,0.0160587,0.0302225,0.0167163,0.0185187,0.0308329,0.0429511,0.0572502,0.232977,0.112279391125,0.0182470621581853,0.0260980239326535,0.0274949938439352,0.0358797146221611,0.242981975850226,0.42960816760792,0.333275692451031,0.0714610466470181,0.051234981111595,0.0411617536636519,0.0771943958869265,0.140497068377409,0.0802286831592621,0.0884964041033292,0.143131594639128,0.193931564906375,0.250410825408059,1,0.981752937841815,0.973901976067347,0.972505006156065,0.964120285377839,0.757018024149773,0.57039183239208,0.666724307548969,0.928538953352982,0.948765018888405,0.958838246336348,0.922805604113073,0.859502931622591,0.919771316840738,0.911503595896671,0.856868405360872,0.806068435093625,0.749589174591941,0,1e+05,1824.70621581854,98380.1706870756,3144776.96167812,31.4477696167812,2023,"Males","B'Tselem historical average",43.5061803832188
0,1,0.0209141,0.00337817,0.00147259,0.00936298,0.0458312,0.122956,0.0895428,0.0149974,0.0272936,0.0571981,0.0167937,0.0146005,0.023377,0.0554223,0.0316383,0.0451395,0.0514075,0.237604,0.107556959155,0.0205308981161811,0.0134219964286493,0.00733594290957696,0.0457441461853732,0.205598890342354,0.470234589525696,0.365822150790493,0.0722770793262801,0.127751035821739,0.250211451009967,0.0805851911869109,0.0704316564982435,0.110431128757585,0.243388608770365,0.146596351621253,0.202810579604821,0.227765378289018,1,0.979469101883819,0.986578003571351,0.992664057090423,0.954255853814627,0.794401109657646,0.529765410474304,0.634177849209507,0.92772292067372,0.872248964178261,0.749788548990033,0.919414808813089,0.929568343501757,0.889568871242415,0.756611391229635,0.853403648378747,0.79718942039518,0.772234621710982,0,1e+05,2053.08981161812,98167.7342853916,2956717.37230959,29.5671737230959,2023,"Males","B'Tselem historical average",45.3867762769041
0,1,0.015096,0.00533123,0.003598,0.0205023,0.0342694,0.112773,0.0625716,0.0298813,0.0360294,0.0367043,0.0178876,0.0170135,0.0149752,0.0326173,0.0287481,0.0598101,0.0413689,0.269049,0.1191666868,0.0148979017115948,0.0210999427049066,0.0178296225452059,0.0975133786426376,0.157825534103946,0.439855452607684,0.270538009683258,0.139021167005869,0.165261333295415,0.168096810587851,0.0856096232575458,0.0815968787581217,0.0721739515999992,0.150790548598033,0.134102518471802,0.260151310290922,0.18745724947997,1,0.985102098288405,0.978900057295093,0.982170377454794,0.902486621357362,0.842174465896054,0.560144547392316,0.729461990316742,0.860978832994131,0.834738666704585,0.831903189412149,0.914390376742454,0.918403121241878,0.927826048400001,0.849209451401967,0.865897481528198,0.739848689709078,0.81254275052003,0,1e+05,1489.79017115947,98687.7431875648,3065706.63009436,30.6570663009436,2023,"Males","B'Tselem historical average",44.2968836990564
0,1,0.0152088,0.00121782,0.00193083,0.0167181,0.0536615,0.103447,0.0786647,0.0466679,0.0174467,0.021145,0.033801,0.0311662,0.0112635,0.0278601,0.0325304,0.0470556,0.0585603,0.215929,0.11894160004,0.0150076992168192,0.00485944414346641,0.00960777256126384,0.0802369755477384,0.23657065896048,0.410954877077428,0.328683940971624,0.208960169289085,0.0835876771813024,0.100416721081813,0.155836431912328,0.144566990640732,0.0547751016076068,0.130229951332223,0.150419022570437,0.210513412649344,0.255409375822547,1,0.984992300783181,0.995140555856534,0.990392227438736,0.919763024452262,0.76342934103952,0.589045122922572,0.671316059028376,0.791039830710915,0.916412322818698,0.899583278918187,0.844163568087672,0.855433009359268,0.945224898392393,0.869770048667777,0.849580977429563,0.789486587350656,0.744590624177453,0,1e+05,1500.76992168192,98677.7340540948,3003520.22677435,30.0352022677435,2023,"Males","B'Tselem historical average",44.9187477322565
0,1,0.0185636,0.00311466,0.00436713,0.0086322,0.0469352,0.0898742,0.0578766,0.0532232,0.0101651,0.0305967,0.0130377,0.0193782,0.0216374,0.0241716,0.0261749,0.0479136,0.0534158,0.209259,0.11224726438,0.0182626338633989,0.0123815116021465,0.0215998268702009,0.0422492402703458,0.210031342351195,0.366927672451417,0.252804358204809,0.234865293744892,0.0495658943191412,0.142113025947482,0.0631307989561243,0.0924139595238856,0.102635107796415,0.113970855191625,0.122836422323323,0.213941260100162,0.235615080021473,1,0.981737366136601,0.987618488397853,0.978400173129799,0.957750759729654,0.789968657648805,0.633072327548583,0.747195641795191,0.765134706255108,0.950434105680859,0.857886974052518,0.936869201043876,0.907586040476114,0.897364892203585,0.886029144808375,0.877163577676677,0.786058739899838,0.764384919978527,0,1e+05,1826.2633863399,98378.7296828141,3283455.01697294,32.8345501697294,2023,"Males","B'Tselem historical average",42.1193998302706
0,1,0.0139759,0.0014945,0.0024844,0.00398101,0.0376383,0.108049,0.0643735,0.0609531,0.0226826,0.0482306,0.0134933,0.00908139,0.0131433,0.0211749,0.0280547,0.0596641,0.0571033,0.218553,0.121401790345,0.0138063688259945,0.00596018500701403,0.0123453231976196,0.019708896712744,0.172006426311408,0.425348736047114,0.277248809417419,0.264465517207716,0.107326868908254,0.215204405946403,0.0652649027203101,0.0443989397806632,0.0636258654079589,0.100551576079201,0.131079976460952,0.25959869391584,0.249848557207966,1,0.986193631174005,0.994039814992986,0.98765467680238,0.980291103287256,0.827993573688592,0.574651263952886,0.72275119058258,0.735534482792284,0.892673131091746,0.784795594053597,0.93473509727969,0.955601060219337,0.936374134592041,0.899448423920799,0.868920023539048,0.74040130608416,0.750151442792034,0,1e+05,1380.63688259946,98786.9749067645,3215267.79218387,32.1526779218387,2023,"Males","B'Tselem historical average",42.8012720781613
0,1,0.0157467,0.00235126,0.00383975,0.00729717,0.0781159,0.115708,0.0662796,0.0346436,0.0176261,0.0205903,0.0273937,0.0216498,0.0293897,0.0318474,0.0509923,0.0635141,0.0570932,0.242031,0.117868247485,0.0155309645882629,0.00936101961802584,0.0190162063046047,0.0358321664744196,0.326765539485301,0.448734555213415,0.284291227838404,0.15941152705343,0.08441091205746,0.0979114354277785,0.128189535783986,0.102690906055215,0.136890568171523,0.147493767474344,0.226133794302031,0.274054661983314,0.249809885598823,1,0.984469035411737,0.990638980381974,0.980983793695395,0.96416783352558,0.673234460514699,0.551265444786585,0.715708772161596,0.84058847294657,0.91558908794254,0.902088564572221,0.871810464216014,0.897309093944785,0.863109431828477,0.852506232525656,0.773866205697969,0.725945338016686,0.750190114401177,0,1e+05,1553.09645882629,98629.9642989507,2900292.36243534,29.0029236243534,2023,"Males","B'Tselem historical average",45.9510263756466
0,1,0.014178,0.00426262,0.00290601,0.01021,0.0521698,0.0748392,0.0445934,0.0493326,0.0345113,0.026746,0.0450821,0.0203391,0.0245958,0.02708,0.0281128,0.0468392,0.0684388,0.29249,0.1209985099,0.0140034818438074,0.0169063493145695,0.0144252501966898,0.0497793812925087,0.230753137427577,0.315219131023723,0.200603067881799,0.219581664005683,0.15885110467783,0.125348568000637,0.202578805123819,0.0967747230747746,0.11585512621651,0.12681464830945,0.131333611141736,0.209646781213466,0.292199535990614,1,0.985996518156193,0.98309365068543,0.98557474980331,0.950220618707491,0.769246862572423,0.684780868976277,0.799396932118201,0.780418335994317,0.84114889532217,0.874651431999363,0.797421194876181,0.903225276925225,0.88414487378349,0.87318535169055,0.868666388858264,0.790353218786534,0.707800464009386,0,1e+05,1400.34818438074,98769.0918592705,3254949.62913089,32.5494962913089,2023,"Males","B'Tselem historical average",42.4044537086911
0,1,0.0191528,0.00267621,0.00531505,0.00652229,0.0434832,0.125064,0.0692656,0.0595212,0.0298819,0.0198398,0.0103257,0.0123089,0.0294828,0.0275422,0.0385759,0.0672421,0.0578949,0.215122,0.11107154524,0.0188321734170124,0.0106478482441013,0.0262267586658823,0.0320882281756309,0.196098521883129,0.47637621318544,0.295208513046769,0.259057471124292,0.139023764433906,0.0945112874005752,0.0503292871979503,0.0597071758577125,0.137294438799412,0.128839679451525,0.175914362827506,0.287825519147354,0.252874185757474,1,0.981167826582988,0.989352151755899,0.973773241334118,0.967911771824369,0.803901478116871,0.52362378681456,0.704791486953231,0.740942528875708,0.860976235566094,0.905488712599425,0.94967071280205,0.940292824142288,0.862705561200588,0.871160320548474,0.824085637172494,0.712174480852646,0.747125814242526,0,1e+05,1883.21734170124,98325.9545184643,2987743.24142514,29.8774324142514,2023,"Males","B'Tselem historical average",45.0765175857486
0,1,0.0145947,0.0024522,0.00242706,0.00397002,0.0644169,0.0955423,0.0840514,0.0217182,0.0264338,0.0384251,0.0127316,0.0481583,0.027505,0.0230276,0.0493054,0.0647551,0.076078,0.233642,0.120167005885,0.0144096669281275,0.00976092850225355,0.0120621113301874,0.0196550229148193,0.277409801409036,0.385607041013451,0.347282953835068,0.102998637478771,0.123976101331555,0.175286953233289,0.0616943311343255,0.214916470363262,0.128676857580613,0.108870437768127,0.219473881239798,0.278663321822611,0.319603090249917,1,0.985590333071872,0.990239071497746,0.987937888669813,0.980344977085181,0.722590198590964,0.614392958986549,0.652717046164932,0.897001362521229,0.876023898668445,0.824713046766711,0.938305668865674,0.785083529636738,0.871323142419387,0.891129562231873,0.780526118760202,0.721336678177388,0.680396909750083,0,1e+05,1440.96669281276,98732.1899602426,3048242.202237,30.48242202237,2023,"Males","B'Tselem historical average",44.47152797763
0,1,0.0173315,0.00217846,0.00437448,0.00852305,0.0463638,0.117744,0.0836207,0.0208907,0.0191133,0.0279218,0.0244245,0.0114033,0.019892,0.0267407,0.0517136,0.0494573,0.0766834,0.281552,0.114705858325,0.017069593117631,0.00867603919132653,0.0216357867093888,0.0417261645334333,0.20773996457598,0.454834821842455,0.345811087077125,0.0992690026175442,0.0912082723215894,0.130499544542952,0.115094675260264,0.0554361134196055,0.0947481733398112,0.125325285354783,0.228966318481445,0.220075633436146,0.321737236916578,1,0.982930406882369,0.991323960808673,0.978364213290611,0.958273835466567,0.79226003542402,0.545165178157545,0.654188912922875,0.900730997382456,0.90879172767841,0.869500455457048,0.884905324739736,0.944563886580394,0.905251826660189,0.874674714645217,0.771033681518555,0.779924366563854,0.678262763083422,0,1e+05,1706.9593117631,98488.8389212185,3070790.46170051,30.7079046170051,2023,"Males","B'Tselem historical average",44.246045382995
0,1,0.016042,0.00319232,0.00792053,0.00285487,0.0508049,0.109845,0.0563881,0.0493298,0.0314838,0.0049043,0.0140987,0.00885557,0.0361401,0.0409666,0.0245557,0.0432449,0.089142,0.235887,0.1172789911,0.0158180073600777,0.0126882699640567,0.0388336914545586,0.0141731934381233,0.225396396534288,0.430895664368583,0.247105917091177,0.219570569323468,0.145932709408789,0.0242244895892684,0.0680934279677768,0.0433188179385694,0.165727022119727,0.185803641364221,0.115677165563906,0.195128697476271,0.364483115332562,1,0.984181992639922,0.987311730035943,0.961166308545441,0.985826806561877,0.774603603465712,0.569104335631417,0.752894082908823,0.780429430676532,0.854067290591211,0.975775510410732,0.931906572032223,0.956681182061431,0.834272977880273,0.814196358635779,0.884322834436094,0.804871302523729,0.635516884667438,0,1e+05,1581.80073600778,98603.7112584324,3140884.59234016,31.4088459234016,2023,"Males","B'Tselem historical average",43.5451040765984
0,1,0.0137941,0.00652751,0.00327652,0.0242494,0.0580817,0.0953897,0.0504936,0.029078,0.0236321,0.0124744,0.0301186,0.062137,0.0191333,0.0511627,0.0258313,0.047484,0.0805939,0.226198,0.121764563155,0.0136289920199428,0.025773565585806,0.0162494955074498,0.114316720306499,0.253586641858865,0.385109742895341,0.224170110296794,0.135537128447508,0.111568976949575,0.0604856931727157,0.140047884467214,0.268911599806984,0.0912993551216284,0.226803767244056,0.121321753473735,0.212226582402946,0.335392937779693,1,0.986371007980057,0.974226434414194,0.98375050449255,0.885683279693501,0.746413358141135,0.614890257104659,0.775829889703206,0.864462871552492,0.888431023050425,0.939514306827284,0.859952115532786,0.731088400193016,0.908700644878372,0.773196232755944,0.878678246526265,0.787773417597054,0.664607062220307,0,1e+05,1362.89920199428,98803.0536239608,2998357.61935649,29.9835761935649,2023,"Males","B'Tselem historical average",44.9703738064351
0,1,0.0139319,0.0043586,0.00285811,0.0305748,0.0241665,0.0672075,0.0931646,0.0448801,0.0196864,0.0152599,0.0335516,0.0170381,0.0293148,0.0217999,0.045253,0.0527802,0.084892,0.215752,0.121489590145,0.0137634448060158,0.0172837342319532,0.0141891645175022,0.142018529649204,0.113948178368636,0.287698720589888,0.377823550189937,0.201762677179761,0.0938148102964499,0.0734956589836871,0.15477557919288,0.0817100404015844,0.136565522548955,0.103366074766732,0.203268703411319,0.233138286524013,0.35014807421034,1,0.986236555193984,0.982716265768047,0.985810835482498,0.857981470350796,0.886051821631364,0.712301279410112,0.622176449810063,0.798237322820239,0.90618518970355,0.926504341016313,0.84522442080712,0.918289959598416,0.863434477451045,0.896633925233268,0.796731296588681,0.766861713475987,0.64985192578966,0,1e+05,1376.34448060158,98790.867046245,3195296.68804003,31.9529668804003,2023,"Males","B'Tselem historical average",43.0009831195998
0,1,0.0139324,0.00348734,0.00953173,0.00493828,0.0912791,0.0768242,0.0752274,0.0345093,0.0344433,0.0162732,0.0134833,0.0210287,0.022055,0.0213425,0.0249269,0.0508588,0.0852338,0.221961,0.12148859242,0.0137639325985598,0.0138527415604929,0.0465494090042791,0.0243902848602014,0.371597733345465,0.322232806136937,0.316595381495259,0.158842630065686,0.15856292409159,0.0781851918403587,0.0652181115899965,0.0998920026116984,0.104512445060478,0.101307131371746,0.117323238420538,0.225608549727764,0.351310234365372,1,0.98623606740144,0.986147258439507,0.953450590995721,0.975609715139799,0.628402266654535,0.677767193863063,0.683404618504741,0.841157369934314,0.84143707590841,0.921814808159641,0.934781888410004,0.900107997388302,0.895487554939522,0.898692868628254,0.882676761579462,0.774391450272236,0.648689765634628,0,1e+05,1376.39325985598,98790.8228199003,2950811.86619545,29.5081186619545,2023,"Males","B'Tselem historical average",45.4458313380455
0,1,0.0167888,0.00764165,0.00318704,0.0247055,0.0377422,0.0899075,0.078505,0.0438785,0.0246252,0.0339733,0.0128885,0.0101361,0.0141158,0.018496,0.0434477,0.0688691,0.072279,0.214865,0.11578878904,0.0165432184828667,0.0301064737300417,0.0158092383128188,0.116341794490535,0.1724403084738,0.367038675668366,0.32812614288252,0.197705002607696,0.115985579753627,0.156568618391961,0.062430898414463,0.049427982564812,0.0681732017952466,0.08839272059948,0.195954111386754,0.29376685305131,0.306086021186629,1,0.983456781517133,0.969893526269958,0.984190761687181,0.883658205509465,0.8275596915262,0.632961324331634,0.67187385711748,0.802294997392304,0.884014420246373,0.843431381608039,0.937569101585537,0.950572017435188,0.931826798204753,0.91160727940052,0.804045888613246,0.70623314694869,0.693913978813371,0,1e+05,1654.32184828667,98537.2300752089,3049359.47279075,30.4935947279075,2023,"Males","B'Tselem historical average",44.4603552720925
0,1,0.0139898,0.00908621,0.00138124,0.0147317,0.0472201,0.120863,0.0750575,0.0273963,0.0323691,0.0407148,0.0238077,0.0174547,0.030261,0.0385706,0.0389753,0.0506948,0.0607271,0.263515,0.12137405359,0.0138199281892006,0.0356961544882546,0.00688243426623526,0.0710420737069291,0.211171635621923,0.464087485576822,0.315993327123559,0.12820092265656,0.149729016250236,0.184767110158316,0.112351427310075,0.0836244028393979,0.140663457761684,0.175892319275391,0.177574000177231,0.224962879536218,0.263614187227103,1,0.9861800718108,0.964303845511745,0.993117565733765,0.928957926293071,0.788828364378077,0.535912514423178,0.684006672876441,0.87179907734344,0.850270983749764,0.815232889841685,0.887648572689925,0.916375597160602,0.859336542238316,0.824107680724608,0.822425999822769,0.775037120463782,0.736385812772897,0,1e+05,1381.99281892006,98785.7452515445,2893115.20074476,28.9311520074476,2023,"Males","B'Tselem historical average",46.0227979925524
0,1,0.0138806,0.00175757,0.0045705,0.0223109,0.0612771,0.0780216,0.0527635,0.0345783,0.017464,0.03839,0.0345353,0.0119653,0.0189475,0.0338197,0.0318384,0.044978,0.0428895,0.239438,0.12159195673,0.0137133948978878,0.00700565414488913,0.0225943315194756,0.105661018931787,0.265684552734137,0.326435458146661,0.233073116538767,0.159134959108635,0.0836670946476822,0.175140856315153,0.15895279393872,0.0580888730191596,0.0904528610386743,0.155915925440915,0.147455159152127,0.202158308950105,0.193680364966882,1,0.986286605102112,0.992994345855111,0.977405668480524,0.894338981068213,0.734315447265863,0.673564541853339,0.766926883461233,0.840865040891365,0.916332905352318,0.824859143684847,0.84104720606128,0.94191112698084,0.909547138961326,0.844084074559085,0.852544840847873,0.797841691049895,0.806319635033118,0,1e+05,1371.33948978878,98795.4043621158,3144543.98983411,31.4454398983411,2023,"Males","B'Tselem historical average",43.5085101016589
0,1,0.0175595,0.00402351,0.00245185,0.00675653,0.0572294,0.116922,0.0387517,0.0604073,0.0241336,0.0409985,0.0114977,0.0308805,0.013857,0.0197753,0.0279726,0.0792643,0.0447958,0.224138,0.114250895725,0.0172905743134779,0.0159655647808968,0.0121845631968147,0.0332214949321158,0.250331234168231,0.452377728167886,0.176645241488523,0.262408089532898,0.113801877521611,0.185934872794352,0.0558822078470912,0.143336725611858,0.0669651594632929,0.0942185021367384,0.130721452728516,0.330774898109456,0.201421865943878,1,0.982709425686522,0.984034435219103,0.987815436803185,0.966778505067884,0.749668765831768,0.547622271832114,0.823354758511477,0.737591910467102,0.886198122478389,0.814065127205648,0.944117792152909,0.856663274388142,0.933034840536707,0.905781497863262,0.869278547271484,0.669225101890544,0.798578134056122,0,1e+05,1729.05743134778,98468.4889289437,3045659.31548169,30.4565931548169,2023,"Males","B'Tselem historical average",44.4973568451831
0,1,0.0137868,0.00652512,0.00161523,0.00992478,0.0274648,0.10248,0.10027,0.0596644,0.0268795,0.00645458,0.0121734,0.0156497,0.0216449,0.0217961,0.0232453,0.0431059,0.0658795,0.23356,0.12177912994,0.0136218683860595,0.0257642503495187,0.00804366906105628,0.0484224447226635,0.128500873054343,0.407896831714695,0.400863533691806,0.259599829788863,0.125934836411681,0.0317603998951125,0.0590693140314246,0.0753023519564672,0.102668857135471,0.103348987816625,0.109843157147876,0.194562518801939,0.282817767255267,1,0.98637813161394,0.974235749650481,0.991956330938944,0.951577555277336,0.871499126945657,0.592103168285305,0.599136466308194,0.740400170211137,0.874065163588319,0.968239600104888,0.940930685968575,0.924697648043533,0.897331142864529,0.896651012183375,0.890156842852124,0.805437481198061,0.717182232744733,0,1e+05,1362.18683860595,98803.6990894152,3141571.92809418,31.4157192809418,2023,"Males","B'Tselem historical average",43.5382307190582
0,1,0.0169817,0.00224243,0.00319521,0.00635535,0.0565798,0.0909506,0.0505887,0.0543657,0.0227361,0.0221129,0.0197123,0.0204599,0.0127692,0.0251498,0.0281996,0.0635591,0.08356,0.222647,0.115403866735,0.0167303771749046,0.00892967167270197,0.0158494442431496,0.0312797653580788,0.247841888756358,0.37050815295877,0.224544912022871,0.239303715047153,0.107566398989819,0.104772443580852,0.093932438958782,0.0973215281647548,0.0618708954059557,0.118310299099282,0.131712407017662,0.27422220812837,0.345603441144842,1,0.983269622825095,0.991070328327298,0.98415055575685,0.968720234641921,0.752158111243642,0.62949184704123,0.775455087977129,0.760696284952847,0.892433601010181,0.895227556419148,0.906067561041218,0.902678471835245,0.938129104594044,0.881689700900718,0.868287592982338,0.72577779187163,0.654396558855158,0,1e+05,1673.03771749046,98520.0373043014,3240665.92566957,32.4066592566957,2023,"Males","B'Tselem historical average",42.5472907433043
0,1,0.0147758,0.00405527,0.00881254,0.0100533,0.0474949,0.0839879,0.0677924,0.0276213,0.0122288,0.0264199,0.0130196,0.0227223,0.0210512,0.0223227,0.0273026,0.0499446,0.103001,0.218425,0.11980562989,0.0145860993763978,0.0160905767337776,0.0431128653734545,0.0490341133701399,0.212270128665154,0.347066114669396,0.289839681020897,0.129185800613767,0.0593301583974725,0.123914948622238,0.0630459184019354,0.107504619462943,0.0999935399780359,0.10571394812545,0.127790469798218,0.222003331076759,0.409545905475337,1,0.985413900623602,0.983909423266222,0.956887134626546,0.95096588662986,0.787729871334847,0.652933885330604,0.710160318979103,0.870814199386233,0.940669841602528,0.876085051377762,0.936954081598065,0.892495380537057,0.900006460021964,0.89428605187455,0.872209530201782,0.777996668923241,0.590454094524663,0,1e+05,1458.60993763978,98716.139744703,3295285.1359934,32.952851359934,2023,"Males","B'Tselem historical average",42.001098640066
0,1,0.0193574,0.00116031,0.00315585,0.0170047,0.0493225,0.122371,0.041288,0.049311,0.0206741,0.0217153,0.0314759,0.0141414,0.0151462,0.0247092,0.04607,0.043583,0.0660904,0.214513,0.11066327617,0.0190297973441107,0.00463049438212695,0.0156557321442812,0.0815563949279229,0.219541643251785,0.468521414856491,0.187124961476405,0.219496072876026,0.0982903392436092,0.102985592412701,0.145898762827773,0.0682926169660894,0.0729680290943287,0.116358204625659,0.206559508597305,0.196504374604076,0.283594770456547,1,0.980970202655889,0.995369505617873,0.984344267855719,0.918443605072077,0.780458356748215,0.531478585143509,0.812875038523595,0.780503927123974,0.901709660756391,0.897014407587299,0.854101237172227,0.931707383033911,0.927031970905671,0.883641795374341,0.793440491402695,0.803495625395924,0.716405229543453,0,1e+05,1902.97973441107,98307.610237484,3060341.81331129,30.6034181331129,2023,"Males","B'Tselem historical average",44.3505318668871
0,1,0.015579,0.0048034,0.00895893,0.0167971,0.0542365,0.119037,0.0319409,0.0342094,0.018811,0.0236931,0.025143,0.0119293,0.0147994,0.0342472,0.039509,0.06922,0.0613892,0.260446,0.11820288445,0.0153678834359998,0.0190307751492957,0.043813348201004,0.0806008487103197,0.238802914340877,0.458684062985876,0.147894769863192,0.157570978426538,0.0898304963336684,0.111840858394909,0.118280202190792,0.0579191623416931,0.0713569016734354,0.157731356701897,0.179786989572455,0.295042837048719,0.266105925322916,1,0.984632116564,0.980969224850704,0.956186651798996,0.91939915128968,0.761197085659123,0.541315937014124,0.852105230136808,0.842429021573462,0.910169503666332,0.888159141605091,0.881719797809208,0.942080837658307,0.928643098326565,0.842268643298103,0.820213010427545,0.704957162951281,0.733894074677084,0,1e+05,1536.78834359998,98644.8644714027,3050979.23754851,30.5097923754851,2023,"Males","B'Tselem historical average",44.4441576245149
0,1,0.0195239,0.00507688,0.0027246,0.00855772,0.0319853,0.0821617,0.0800299,0.0549719,0.0142198,0.014773,0.0210715,0.047497,0.0258176,0.0243289,0.0533975,0.0444083,0.051539,0.240619,0.110331033745,0.0191905635962594,0.0201033949524674,0.0135308347193094,0.0418923426535668,0.148085131600543,0.340805584516564,0.333437146311094,0.241649649132177,0.0686582341066265,0.0712341449419321,0.100085139934667,0.212278518068278,0.121261310006914,0.114670011870509,0.235543866033668,0.199853603094272,0.228281499493953,1,0.980809436403741,0.979896605047533,0.986469165280691,0.958107657346433,0.851914868399457,0.659194415483436,0.666562853688906,0.758350350867823,0.931341765893373,0.928765855058068,0.899914860065333,0.787721481931722,0.878738689993086,0.885329988129491,0.764456133966332,0.800146396905728,0.771718500506047,0,1e+05,1919.05635962593,98292.6751123465,3261388.5600063,32.613885600063,2023,"Males","B'Tselem historical average",42.340064399937
0,1,0.0162935,0.00734924,0.00496814,0.00988822,0.0624346,0.114377,0.0602415,0.0323021,0.0257213,0.0188632,0.0287485,0.0493573,0.0274059,0.0233639,0.0355814,0.0711821,0.0575165,0.212143,0.116777135425,0.0160623500652919,0.0289711284479307,0.0245359548531398,0.048248373666362,0.270025642544913,0.444720506554531,0.261782129599352,0.149442253461179,0.120836331186624,0.0900685474398324,0.134104259256884,0.21967952896281,0.128242965293647,0.110372660493727,0.163374285495202,0.30214263232835,0.251429183428357,1,0.983937649934708,0.971028871552069,0.97546404514686,0.951751626333638,0.729974357455087,0.555279493445469,0.738217870400648,0.850557746538821,0.879163668813376,0.909931452560168,0.865895740743116,0.78032047103719,0.871757034706353,0.889627339506273,0.836625714504798,0.69785736767165,0.748570816571643,0,1e+05,1606.23500652918,98581.3365163526,2910238.38546643,29.1023838546643,2023,"Males","B'Tselem historical average",45.8515661453357
0,1,0.0145795,0.00284917,0.00317401,0.0176162,0.0484686,0.0704282,0.0478374,0.0421823,0.0250146,0.0245307,0.0430547,0.0456437,0.0174005,0.0194247,0.0291302,0.0505863,0.071327,0.27533,0.120197336725,0.0143948559884816,0.011332105808189,0.0157451121415292,0.0843655011467467,0.216151587870366,0.299421675826407,0.213637360345518,0.190791445066888,0.117711720962056,0.115566200512707,0.194353880006239,0.204843914544287,0.0833755589655499,0.0926254462362374,0.135763924328793,0.224535455250193,0.302664604404161,1,0.985605144011518,0.988667894191811,0.984254887858471,0.915634498853253,0.783848412129634,0.700578324173593,0.786362639654482,0.809208554933112,0.882288279037944,0.884433799487293,0.805646119993761,0.795156085455713,0.91662444103445,0.907374553763763,0.864236075671207,0.775464544749807,0.697335395595839,0,1e+05,1439.48559884816,98733.5367363874,3278150.16992505,32.7815016992505,2023,"Males","B'Tselem historical average",42.1724483007495
0,1,0.0147044,0.00602289,0.00391052,0.0241789,0.0643146,0.099714,0.0553167,0.0212936,0.0305497,0.044053,0.0256077,0.0188701,0.0152092,0.0415155,0.0275222,0.0456878,0.0512709,0.238537,0.11994810502,0.0145165466668959,0.0238048124660922,0.0193632985840527,0.11400331322468,0.277030272147376,0.39908427620599,0.242981204071803,0.101086748054089,0.141910213849876,0.198413252472115,0.120334758981099,0.0901000095256262,0.0732604190851262,0.188059082863455,0.12875214433309,0.205021541985219,0.22722892169648,1,0.985483453333104,0.976195187533908,0.980636701415947,0.88599668677532,0.722969727852624,0.60091572379401,0.757018795928197,0.898913251945911,0.858089786150124,0.801586747527885,0.879665241018901,0.909899990474374,0.926739580914874,0.811940917136544,0.87124785566691,0.794978458014781,0.77277107830352,0,1e+05,1451.65466668959,98722.4685597233,2927779.03406847,29.2777903406847,2023,"Males","B'Tselem historical average",45.6761596593153
0,1,0.0164032,0.00107342,0.00650534,0.0277089,0.0508323,0.0807539,0.0637646,0.0413736,0.0151632,0.0132816,0.0218651,0.0200128,0.0199841,0.0359634,0.0249144,0.0736995,0.0462964,0.243399,0.11655823456,0.0161688921859308,0.00428448190287164,0.0320061724158408,0.129568966182373,0.225504250693661,0.335946936675917,0.274986922244604,0.187476550477872,0.0730469367227153,0.0642738510497443,0.103659202906332,0.0952961433556311,0.0951659836646197,0.16498357430922,0.11726785441962,0.311165622931838,0.207469296189707,1,0.983831107814069,0.995715518097128,0.967993827584159,0.870431033817627,0.774495749306338,0.664053063324083,0.725013077755396,0.812523449522128,0.926953063277285,0.935726148950256,0.896340797093668,0.904703856644369,0.90483401633538,0.83501642569078,0.88273214558038,0.688834377068162,0.792530703810293,0,1e+05,1616.88921859307,98571.5725342052,3130728.85182657,31.3072885182657,2023,"Males","B'Tselem historical average",43.6466614817343
0,1,0.0141636,0.00160637,0.00802124,0.00468789,0.0661562,0.0734821,0.0729671,0.0375356,0.0126747,0.0291067,0.0291549,0.0562729,0.0138148,0.0393289,0.0322664,0.0506941,0.0491092,0.25467,0.12102724438,0.0139894396113965,0.00640490271285829,0.039317757085391,0.0231679282520661,0.283837048611603,0.310390192152987,0.308550425600428,0.171577352791407,0.061427075611856,0.135661829563603,0.135871220391518,0.24666334555482,0.0667680324628312,0.179040805191737,0.149289419672683,0.224960122619755,0.218696032056346,1,0.986010560388603,0.993595097287142,0.960682242914609,0.976832071747934,0.716162951388397,0.689609807847013,0.691449574399572,0.828422647208593,0.938572924388144,0.864338170436397,0.864128779608482,0.75333665444518,0.933231967537169,0.820959194808263,0.850710580327317,0.775039877380245,0.781303967943654,0,1e+05,1398.94396113965,98770.3663715191,3128755.16505472,31.2875516505472,2023,"Males","B'Tselem historical average",43.6663983494528
0,1,0.0179555,0.00619129,0.00242156,0.0124614,0.0612172,0.106627,0.0452554,0.0290343,0.0273755,0.0248422,0.0390925,0.018006,0.0386084,0.0216928,0.0251922,0.0442601,0.0399517,0.21809,0.113460697525,0.0176741582170412,0.024462254180628,0.0120349416666443,0.0604245633652022,0.265459310710875,0.420929006941991,0.203278388089173,0.135347220490296,0.128109823796638,0.116947892652849,0.178060431458064,0.0861518734180849,0.176049523903327,0.102884374596863,0.118497940460808,0.199253095202563,0.181618573129732,1,0.982325841782959,0.975537745819372,0.987965058333356,0.939575436634798,0.734540689289125,0.579070993058009,0.796721611910827,0.864652779509704,0.871890176203362,0.883052107347151,0.821939568541936,0.913848126581915,0.823950476096673,0.897115625403137,0.881502059539192,0.800746904797437,0.818381426870268,0,1e+05,1767.41582170413,98433.1164102432,3064917.15851254,30.6491715851254,2023,"Males","B'Tselem historical average",44.3047784148746
0,1,0.0138689,0.00277998,0.00160473,0.00604897,0.0690222,0.106226,0.0575859,0.0238427,0.016239,0.0181344,0.0164009,0.0354451,0.0200693,0.0473208,0.0229332,0.0452401,0.0606756,0.270059,0.121615303495,0.0137019793428039,0.011058435540731,0.00799158914288684,0.029794288112589,0.29432380812678,0.419678167458803,0.251694381317256,0.11250730518657,0.0780272872075899,0.0867395746439422,0.0787745655689025,0.162799397673783,0.0955523291037931,0.211574333230201,0.108448331793295,0.203216646479057,0.263420072606407,1,0.986298020657196,0.988941564459269,0.992008410857113,0.970205711887411,0.70567619187322,0.580321832541197,0.748305618682743,0.88749269481343,0.92197271279241,0.913260425356058,0.921225434431098,0.837200602326218,0.904447670896207,0.788425666769799,0.891551668206705,0.796783353520943,0.736579927393593,0,1e+05,1370.19793428038,98796.4391033453,3157386.24359003,31.5738624359003,2023,"Males","B'Tselem historical average",43.3800875640997
0,1,0.0146573,0.0025058,0.00386649,0.0254578,0.0350583,0.0981209,0.0551225,0.0390404,0.0114829,0.0304309,0.0164272,0.0102439,0.018335,0.0187364,0.0510666,0.0583829,0.0475734,0.240693,0.120042090715,0.014470660216443,0.0099732182195708,0.0191473672400996,0.11967250335991,0.161165986259773,0.393964196242318,0.242231487127092,0.177844225725013,0.0558122828433454,0.141397376443002,0.0788959030534028,0.0499405353742006,0.0876570212867678,0.0894901900097532,0.226425986761157,0.254734197109011,0.212583679012202,1,0.985529339783557,0.990026781780429,0.9808526327599,0.88032749664009,0.838834013740227,0.606035803757682,0.757768512872908,0.822155774274987,0.944187717156655,0.858602623556998,0.921104096946597,0.9500594646258,0.912342978713232,0.910509809990247,0.773574013238843,0.745265802890989,0.787416320987798,0,1e+05,1447.06602164431,98726.6428089965,3244858.35666582,32.4485835666582,2023,"Males","B'Tselem historical average",42.5053664333418
0,1,0.0140149,0.00198633,0.00543538,0.00800784,0.0411088,0.0979032,0.0537999,0.0626704,0.030216,0.0120069,0.0220564,0.030244,0.0367555,0.0181201,0.0326065,0.0587805,0.0562476,0.210382,0.121323967795,0.0138444122006481,0.00791388084213369,0.0268125588842296,0.0392533633667432,0.186388482841421,0.393261983453812,0.237108470054753,0.270907324090757,0.140468973724827,0.0582849461987166,0.104518732567496,0.14058999079592,0.168311561045024,0.086674139798589,0.15074438317501,0.256246723651071,0.246566118923146,1,0.986155587799352,0.992086119157866,0.97318744111577,0.960746636633257,0.813611517158579,0.606738016546188,0.762891529945247,0.729092675909243,0.859531026275173,0.941715053801283,0.895481267432504,0.85941000920408,0.831688438954976,0.913325860201411,0.84925561682499,0.743753276348929,0.753433881076854,0,1e+05,1384.44122006481,98783.5246819324,3197802.80606875,31.9780280606875,2023,"Males","B'Tselem historical average",42.9759219393125
0,1,0.0178499,0.00704013,0.00298181,0.0253073,0.0517667,0.0832315,0.0938182,0.0235511,0.0278747,0.0146829,0.0322218,0.0451873,0.0131798,0.0403914,0.0400745,0.0565353,0.0464506,0.226681,0.113671417045,0.0175718971835082,0.0277695179669507,0.0147987324787687,0.119007127317119,0.229174483201174,0.34447878501298,0.37997060456662,0.111207833009996,0.130293751885774,0.0708150733970463,0.149098448990773,0.203003544800132,0.0637969232765009,0.183434099757625,0.182125980941863,0.247671100131797,0.208088420084999,1,0.982428102816492,0.972230482033049,0.985201267521231,0.880992872682881,0.770825516798826,0.65552121498702,0.62002939543338,0.888792166990004,0.869706248114226,0.929184926602954,0.850901551009227,0.796996455199868,0.936203076723499,0.816565900242375,0.817874019058137,0.752328899868203,0.791911579915001,0,1e+05,1757.18971835083,98442.552526951,2929755.97369159,29.2975597369159,2023,"Males","B'Tselem historical average",45.6563902630841
0,1,0.0142146,0.00408621,0.00462044,0.0228583,0.0370178,0.105284,0.047809,0.0209473,0.0408114,0.0211047,0.024584,0.0373496,0.0339848,0.0474193,0.0347648,0.0467017,0.055918,0.276433,0.12092547643,0.0140391708351618,0.016212345900119,0.0228383914564474,0.108113285230537,0.169410948478529,0.416731976472637,0.213524069413522,0.099524572315822,0.18516490272257,0.100234929698006,0.115802762233151,0.170799744643644,0.156617466786855,0.211968057703367,0.159924630512866,0.209095689584347,0.245298496659487,1,0.985960829164838,0.983787654099881,0.977161608543553,0.891886714769463,0.830589051521471,0.583268023527363,0.786475930586478,0.900475427684178,0.81483509727743,0.899765070301994,0.88419723776685,0.829200255356356,0.843382533213145,0.788031942296633,0.840075369487134,0.790904310415653,0.754701503340513,0,1e+05,1403.91708351618,98765.8522586762,3114659.58834151,31.1465958834151,2023,"Males","B'Tselem historical average",43.8073541165849
0,1,0.0139295,0.0018407,0.00415965,0.011141,0.064248,0.0947495,0.0588156,0.02266,0.0157722,0.0404987,0.0175199,0.0150192,0.0179153,0.0245608,0.0273419,0.0452159,0.0823747,0.237495,0.121494379225,0.0137611033955364,0.00733579400793917,0.0205841924101033,0.0541955192987321,0.276783098688632,0.383020094007169,0.256380123082127,0.107225666019969,0.0758694304236791,0.183876592598344,0.0839236644768309,0.0723783381588129,0.0857365116807162,0.115699800829469,0.127962645366626,0.203118981150494,0.341538227440204,1,0.986238896604464,0.992664205992061,0.979415807589897,0.945804480701268,0.723216901311368,0.616979905992831,0.743619876917873,0.892774333980031,0.924130569576321,0.816123407401656,0.916076335523169,0.927621661841187,0.914263488319284,0.884300199170531,0.872037354633374,0.796881018849506,0.658461772559796,0,1e+05,1376.11033955363,98791.0793318955,3188961.70036416,31.8896170036416,2023,"Males","B'Tselem historical average",43.0643329963584
0,1,0.0147382,0.00262266,0.0021498,0.0139607,0.0651484,0.0765604,0.0864564,0.0327613,0.0241999,0.0143464,0.0173167,0.0369652,0.0235384,0.0393896,0.0288428,0.0563324,0.0442448,0.223675,0.11988065881,0.0145494733272482,0.0104359003631074,0.0106915383272601,0.0674493979742521,0.280118774997399,0.321304078139938,0.355453849512515,0.151405867391562,0.114096679419302,0.0692483390708837,0.0829906878876402,0.169190590005794,0.111151196680159,0.179292363770103,0.134514558714755,0.246891958581069,0.199191076631623,1,0.985450526672752,0.989564099636893,0.98930846167274,0.932550602025748,0.719881225002601,0.678695921860062,0.644546150487485,0.848594132608438,0.885903320580698,0.930751660929116,0.91700931211236,0.830809409994205,0.888848803319841,0.820707636229897,0.865485441285245,0.753108041418931,0.800808923368377,0,1e+05,1454.94733272483,98719.4727120561,3090223.89621393,30.9022389621393,2023,"Males","B'Tselem historical average",44.0517110378607
0,1,0.0213107,0.00487793,0.000982742,0.0286785,0.043759,0.125804,0.04291,0.0445204,0.04008,0.0334952,0.0275427,0.0117437,0.0240554,0.0217802,0.0433417,0.0434925,0.0503773,0.230214,0.106765563685,0.0209126188661589,0.0193232055122711,0.00490166731415089,0.133799572406827,0.197219662023756,0.478520513347179,0.193763970106794,0.200307567436725,0.182148700236321,0.154535505814136,0.128841867724557,0.0570437386170086,0.11345404397633,0.103277489080806,0.195522776224298,0.196136349543679,0.223711541412056,1,0.979087381133841,0.980676794487729,0.995098332685849,0.866200427593173,0.802780337976244,0.521479486652821,0.806236029893206,0.799692432563275,0.817851299763679,0.845464494185864,0.871158132275443,0.942956261382991,0.88654595602367,0.896722510919194,0.804477223775702,0.803863650456321,0.776288458587944,0,1e+05,2091.26188661589,98132.0128675216,2888189.08632542,28.8818908632542,2023,"Males","B'Tselem historical average",46.0720591367458
0,1,0.0153847,0.00220803,0.00580443,0.012212,0.0421259,0.10368,0.0541934,0.0494521,0.0173955,0.0248216,0.0118046,0.0181409,0.0355176,0.0445235,0.0368013,0.0616537,0.0470211,0.266636,0.118590600385,0.015178871179742,0.00879328831122035,0.0286070312243757,0.0592510649859781,0.190560652520017,0.411689961880559,0.238635788190669,0.220055040348015,0.0833525996327224,0.116856581680404,0.0573310740093724,0.0867693162759252,0.163105233864257,0.200320118059,0.168503619380254,0.267099343079022,0.210375304431938,1,0.984821128820258,0.99120671168878,0.971392968775624,0.940748935014022,0.809439347479983,0.588310038119441,0.76136421180933,0.779944959651985,0.916647400367278,0.883143418319596,0.942668925990628,0.913230683724075,0.836894766135743,0.799679881941,0.831496380619746,0.732900656920978,0.789624695568061,0,1e+05,1517.8871179742,98662.120026663,3170712.7431538,31.707127431538,2023,"Males","B'Tselem historical average",43.246822568462
0,1,0.0166518,0.000810735,0.00333613,0.0137346,0.0439328,0.0910958,0.082629,0.0307365,0.0326161,0.0105027,0.0362985,0.0687086,0.0289965,0.0294109,0.026265,0.0482314,0.0935774,0.216382,0.11606216569,0.0164102548976794,0.00323769018249978,0.0165426786834098,0.0663932869042135,0.197925451780089,0.37098993719759,0.342412080500757,0.142716022440634,0.150785419220413,0.0511699435838059,0.166392962616191,0.293182587219437,0.135182921072783,0.136982549814176,0.123233200004692,0.215207591436031,0.379180246097167,1,0.98358974510232,0.9967623098175,0.98345732131659,0.933606713095787,0.802074548219911,0.62901006280241,0.657587919499243,0.857283977559366,0.849214580779587,0.948830056416194,0.83360703738381,0.706817412780563,0.864817078927217,0.863017450185824,0.876766799995308,0.784792408563969,0.620819753902833,0,1e+05,1641.02548976794,98549.435482527,3089143.51335013,30.8914351335013,2023,"Males","B'Tselem historical average",44.0625148664987
0,1,0.0181917,0.00643504,0.00268475,0.0146139,0.0498229,0.0770951,0.0661994,0.0387365,0.0163455,0.0127661,0.0121905,0.0124531,0.0221624,0.022994,0.0409227,0.0513939,0.044285,0.23025,0.112989372235,0.0179028160208914,0.0254130914796101,0.0133342521662417,0.070494018652052,0.22152229243998,0.323185461347224,0.283996075499025,0.176582071471145,0.0785189223853746,0.0618563394619859,0.0591498348457813,0.0603855323187048,0.104994665559984,0.108720218253687,0.185623012831954,0.227711982815895,0.199354018254049,1,0.982097183979109,0.97458690852039,0.986665747833758,0.929505981347948,0.77847770756002,0.676814538652776,0.716003924500975,0.823417928528855,0.921481077614625,0.938143660538014,0.940850165154219,0.939614467681295,0.895005334440017,0.891279781746313,0.814376987168046,0.772288017184105,0.800645981745951,0,1e+05,1790.28160208913,98412.0011922548,3323669.85301332,33.2366985301332,2023,"Males","B'Tselem historical average",41.7172514698668
0,1,0.0194234,0.00155027,0.00735426,0.0155264,0.0722413,0.0740484,0.0452674,0.0306066,0.0119476,0.0141101,0.0260146,0.0312593,0.0149845,0.0318553,0.0315672,0.04865,0.0661813,0.25802,0.11053157647,0.0190935305999247,0.006181912732297,0.0361074412232733,0.0747312324800542,0.305950792529158,0.312408606378589,0.203326809912426,0.142155740297524,0.0580054356427856,0.0681466112514522,0.122130086621444,0.144967540410143,0.0722171550985639,0.147527655675408,0.146291006360076,0.216872840744456,0.283929449765574,1,0.980906469400075,0.993818087267703,0.963892558776727,0.925268767519946,0.694049207470842,0.687591393621411,0.796673190087574,0.857844259702476,0.941994564357214,0.931853388748548,0.877869913378556,0.855032459589857,0.927782844901436,0.852472344324592,0.853708993639924,0.783127159255544,0.716070550234426,0,1e+05,1909.35305999247,98301.6907437663,3232714.32114676,32.3271432114676,2023,"Males","B'Tselem historical average",42.6268067885324
0,1,0.0164227,0.00428718,0.00229779,0.0143034,0.0278086,0.132999,0.0503328,0.0607229,0.0326455,0.0459798,0.029901,0.0530553,0.0247781,0.024568,0.0296563,0.0481408,0.0510613,0.253808,0.116519323285,0.0161878285597341,0.0170029307506885,0.0114233289723018,0.0690479489185944,0.130004866662335,0.499059097671853,0.223536016030811,0.263598358145428,0.150911080780916,0.20619678290362,0.139106445437438,0.234211143761038,0.116663735724605,0.115731755572723,0.138046620054215,0.214846762446088,0.226405147149622,1,0.983812171440266,0.982997069249312,0.988576671027698,0.930952051081406,0.869995133337665,0.500940902328147,0.776463983969189,0.736401641854572,0.849088919219084,0.79380321709638,0.860893554562562,0.765788856238962,0.883336264275395,0.884268244427277,0.861953379945785,0.785153237553912,0.773594852850378,0,1e+05,1618.7828559734,98569.83662695,2945861.89008728,29.4586189008728,2023,"Males","B'Tselem historical average",45.4953310991272
0,1,0.0155045,0.00233919,0.00392982,0.0166664,0.050133,0.129885,0.0555695,0.0388476,0.019055,0.0180399,0.0226075,0.0282963,0.0151198,0.032901,0.0232146,0.0617392,0.046373,0.211545,0.118351545475,0.0152954189877449,0.00931318936115655,0.0194579345491254,0.0799987711992136,0.222747499072496,0.490238447965125,0.243956191097077,0.177043693528232,0.0909427163498825,0.0863070726023999,0.106990529036991,0.132134225768469,0.0728454773778557,0.152002420876829,0.10970604511281,0.267420223364185,0.207776904069018,1,0.984704581012255,0.990686810638843,0.980542065450875,0.920001228800786,0.777252500927504,0.509761552034875,0.756043808902923,0.822956306471768,0.909057283650118,0.9136929273976,0.893009470963009,0.867865774231531,0.927154522622144,0.847997579123171,0.89029395488719,0.732579776635815,0.792223095930982,0,1e+05,1529.54189877449,98651.4817488142,2993808.3115437,29.938083115437,2023,"Males","B'Tselem historical average",45.015866884563
0,1,0.0201714,0.00531626,0.00132235,0.00389224,0.0702436,0.0618041,0.0806705,0.0347146,0.0113302,0.0221947,0.01664,0.0453172,0.0192053,0.0204428,0.0274852,0.0475553,0.044764,0.21401,0.10903897987,0.0198152811323375,0.0210413177680053,0.00658996440143441,0.019273655765211,0.298754092559686,0.267663712816755,0.335658210770164,0.159712142173279,0.0550905331045472,0.105139642918303,0.0798771121351766,0.20352773259151,0.0916271812403135,0.0972441435553183,0.12859018277124,0.212511392446922,0.20129327013877,1,0.980184718867663,0.978958682231995,0.993410035598566,0.980726344234789,0.701245907440314,0.732336287183245,0.664341789229836,0.840287857826721,0.944909466895453,0.894860357081697,0.920122887864823,0.79647226740849,0.908372818759686,0.902755856444682,0.87140981722876,0.787488607553078,0.79870672986123,0,1e+05,1981.52811323374,98234.535690817,3261798.1458318,32.617981458318,2023,"Males","B'Tselem historical average",42.335968541682
0,1,0.019661,0.0042276,0.00608157,0.0194644,0.054521,0.110795,0.063389,0.0293627,0.0184643,0.0354443,0.0218123,0.0489393,0.024794,0.0570556,0.0421041,0.0520463,0.0545536,0.244445,0.11005745755,0.0193229040498543,0.016768617981245,0.0299524551188078,0.0928059687544402,0.239905306905512,0.433813956675379,0.273588712723004,0.136773408589055,0.0882479102757392,0.162796022361528,0.103421830041466,0.21802190184731,0.116734228826208,0.249665904979613,0.19047142969269,0.230269775463266,0.240031538634828,1,0.980677095950146,0.983231382018755,0.970047544881192,0.90719403124556,0.760094693094489,0.566186043324621,0.726411287276996,0.863226591410945,0.911752089724261,0.837203977638472,0.896578169958534,0.78197809815269,0.883265771173792,0.750334095020387,0.80952857030731,0.769730224536734,0.759968461365172,0,1e+05,1932.29040498544,98280.3725642355,2882140.13875369,28.8214013875369,2023,"Males","B'Tselem historical average",46.1325486124631
0,1,0.0198538,0.00422026,0.00132685,0.00703547,0.0884828,0.0591937,0.0517262,0.0421958,0.0125182,0.0436777,0.0255653,0.00953564,0.0228097,0.058736,0.0525404,0.0468458,0.0413152,0.210117,0.10967273479,0.0195089523553385,0.0167397478236991,0.0066123161208875,0.0345693214402175,0.362276010537116,0.257815819337243,0.22901571792825,0.190846679231236,0.0606916252422317,0.196889318530095,0.120147483829156,0.0465680593757359,0.107895821689994,0.256077569669701,0.232202031023087,0.209673225081225,0.187236696130113,1,0.980491047644662,0.983260252176301,0.993387683879112,0.965430678559782,0.637723989462884,0.742184180662757,0.77098428207175,0.809153320768764,0.939308374757768,0.803110681469905,0.879852516170844,0.953431940624264,0.892104178310006,0.743922430330299,0.767797968976913,0.790326774918775,0.812763303869887,0,1e+05,1950.89523553384,98263.0647802359,3150596.61909324,31.5059661909324,2023,"Males","B'Tselem historical average",43.4479838090676
0,1,0.0151757,0.00370626,0.00869798,0.00938884,0.0781875,0.0988959,0.0356369,0.0272913,0.0356436,0.033917,0.0141191,0.0243777,0.0178809,0.0262094,0.0377861,0.0586691,0.0619803,0.220177,0.119007649435,0.0149754826547361,0.014715957669456,0.0425643405431072,0.0458675913100123,0.327016076329891,0.396459060898276,0.163608271016528,0.127740957983465,0.163636513884285,0.156329436274679,0.068188595986034,0.114886809556676,0.0855789293073696,0.122988371443708,0.172623571191502,0.255823206751883,0.268324428552473,1,0.985024517345264,0.985284042330544,0.957435659456893,0.954132408689988,0.672983923670109,0.603540939101724,0.836391728983472,0.872259042016535,0.836363486115715,0.843670563725321,0.931811404013966,0.885113190443324,0.91442107069263,0.877011628556292,0.827376428808498,0.744176793248117,0.731675571447527,0,1e+05,1497.5482654736,98680.6714335159,3024629.66106374,30.2462966106374,2023,"Males","B'Tselem historical average",44.7076533893626
0,1,0.0147802,0.0101327,0.00378362,0.012872,0.0523725,0.079907,0.0738416,0.0430791,0.0195079,0.0196014,0.0326153,0.0167459,0.0162971,0.0251471,0.0452581,0.0434189,0.0565946,0.245474,0.11979684991,0.0145903852364769,0.0397257419491046,0.0187408295561866,0.062353465480827,0.231545905199808,0.333010354089438,0.31167208619927,0.194453315446384,0.0930037312765743,0.0934286682551584,0.150781999619523,0.0803650377844149,0.078295524998853,0.11829834897145,0.203289283226964,0.195836938840451,0.247898682989243,1,0.985409614763523,0.960274258050895,0.981259170443813,0.937646534519173,0.768454094800192,0.666989645910562,0.68832791380073,0.805546684553616,0.906996268723426,0.906571331744842,0.849218000380477,0.919634962215585,0.921704475001147,0.88170165102855,0.796710716773036,0.804163061159549,0.752101317010757,0,1e+05,1459.03852364769,98715.7496953826,3107402.05873436,31.0740205873436,2023,"Males","B'Tselem historical average",43.8799294126564
0,1,0.0226935,0.00260033,0.00194405,0.0287206,0.0389251,0.0898659,0.0471646,0.0462243,0.029303,0.0197326,0.0379807,0.0158321,0.0369739,0.0226109,0.0566162,0.0560027,0.0457938,0.277258,0.104006255425,0.0222412631901535,0.0103475061387246,0.00967323685970722,0.133982831709043,0.177365568749657,0.366900002633374,0.210949614526731,0.207179662783941,0.1365143034174,0.094024624248867,0.173435496130309,0.0761465985911141,0.169227040791223,0.107005758725106,0.24798156526203,0.245624422837847,0.205448348541411,1,0.977758736809846,0.989652493861275,0.990326763140293,0.866017168290957,0.822634431250343,0.633099997366626,0.789050385473269,0.792820337216059,0.8634856965826,0.905975375751133,0.826564503869691,0.923853401408886,0.830772959208777,0.892994241274894,0.75201843473797,0.754375577162153,0.794551651458589,0,1e+05,2224.12631901535,98007.1967310176,3115958.18744299,31.1595818744299,2023,"Males","B'Tselem historical average",43.7943681255701
0,1,0.0152307,0.000880643,0.00269371,0.0113725,0.0593841,0.137433,0.0542532,0.0350781,0.0388044,0.0113934,0.00716887,0.0393353,0.0107522,0.0219163,0.0273046,0.0535123,0.0890205,0.253421,0.118897899685,0.0150290136166275,0.0035163786515104,0.0133784557995704,0.0552905213644568,0.258537898895499,0.511442356535605,0.238867662352186,0.161249669886855,0.176864224697838,0.0553893183507562,0.0352132519364754,0.179067331944417,0.052353706200478,0.103889325916064,0.127799232678516,0.23599051227497,0.364076761608153,1,0.984970986383372,0.99648362134849,0.98662154420043,0.944709478635543,0.741462101104501,0.488557643464395,0.761132337647814,0.838750330113145,0.823135775302162,0.944610681649244,0.964786748063525,0.820932668055583,0.947646293799522,0.896110674083936,0.872200767321484,0.76400948772503,0.635923238391847,0,1e+05,1502.90136166275,98675.7904536727,2961917.16068969,29.6191716068969,2023,"Males","B'Tselem historical average",45.3347783931031
0,1,0.0141403,0.0019674,0.00361814,0.0181219,0.0400791,0.134609,0.0694659,0.0374216,0.0401869,0.0240114,0.013786,0.0113669,0.0101414,0.0285806,0.0337003,0.0449845,0.0562324,0.223453,0.121073738365,0.0139667177074413,0.00783875606264471,0.0179285301696301,0.0866823765987862,0.182144982572451,0.50357925137811,0.295935870954632,0.171100832697791,0.182590167949114,0.113258275602967,0.0666334772080254,0.0552640477393782,0.0494531885832545,0.13337327914516,0.155408239284132,0.202184570473803,0.246507700899805,1,0.986033282292559,0.992161243937355,0.98207146983037,0.913317623401214,0.817855017427549,0.49642074862189,0.704064129045368,0.828899167302209,0.817409832050886,0.886741724397033,0.933366522791975,0.944735952260622,0.950546811416746,0.86662672085484,0.844591760715868,0.797815429526197,0.753492299100195,0,1e+05,1396.67177074413,98772.4285018087,2958530.54243863,29.5853054243863,2023,"Males","B'Tselem historical average",45.3686445756137
0,1,0.0153823,0.00186909,0.00294411,0.0272684,0.0527304,0.0658754,0.101447,0.0378334,0.022104,0.032579,0.0408785,0.0384895,0.0151879,0.0179686,0.0276404,0.0684589,0.0742576,0.24132,0.118595389465,0.0151765360665789,0.00744851610606264,0.0146129943430616,0.127640611849601,0.232943933078053,0.282802654958815,0.404617038291185,0.17282098624728,0.104732482989974,0.150626821921545,0.185441113594789,0.175554944873252,0.0731615733502831,0.0859806215108025,0.129269358086841,0.292272811979877,0.313153020636886,1,0.984823463933421,0.992551483893937,0.985387005656938,0.872359388150399,0.767056066921947,0.717197345041185,0.595382961708815,0.82717901375272,0.895267517010026,0.849373178078455,0.814558886405211,0.824445055126748,0.926838426649717,0.914019378489197,0.870730641913159,0.707727188020123,0.686846979363114,0,1e+05,1517.65360665788,98662.3331138967,2963182.2966035,29.631822966035,2023,"Males","B'Tselem historical average",45.322127033965
0,1,0.0139255,0.00420762,0.00438456,0.0102816,0.0761529,0.0585621,0.0632496,0.0280266,0.0374165,0.0538583,0.0225947,0.0421532,0.0130873,0.0368912,0.0422626,0.0740624,0.0542796,0.276845,0.121502361025,0.0137572010216816,0.016690029397017,0.0216851009346153,0.0501197226490294,0.31986742073817,0.25541622388767,0.273069205024678,0.13095728162689,0.171079508889125,0.237335309280452,0.106933191542629,0.190672373286001,0.0633633616913422,0.16888049015407,0.191119936435955,0.312458444289191,0.238970008778734,1,0.986242798978318,0.983309970602983,0.978314899065385,0.949880277350971,0.68013257926183,0.74458377611233,0.726930794975322,0.86904271837311,0.828920491110875,0.762664690719548,0.893066808457371,0.809327626713999,0.936636638308658,0.83111950984593,0.808880063564045,0.68754155571081,0.761029991221265,0,1e+05,1375.72010216817,98791.4331383548,3069497.25549015,30.6949725549015,2023,"Males","B'Tselem historical average",44.2589774450985
0,1,0.0144391,0.00404735,0.00190827,0.0195997,0.0573597,0.104262,0.0667895,0.0297354,0.0390174,0.0173969,0.0252095,0.0175154,0.0460675,0.0247503,0.0269911,0.0434509,0.041941,0.292151,0.120477497905,0.0142580299580603,0.0160594039429034,0.00949604744386076,0.0934209438185966,0.250829707995698,0.413523128849685,0.286165391466603,0.138389343768282,0.177748763488645,0.0833590283013602,0.118574490927413,0.0839030129188049,0.206549457200984,0.116540470954347,0.126424649132031,0.195967129619085,0.189803616319826,1,0.98574197004194,0.983940596057097,0.990503952556139,0.906579056181403,0.749170292004302,0.586476871150315,0.713834608533397,0.861610656231718,0.822251236511355,0.91664097169864,0.881425509072587,0.916096987081195,0.793450542799016,0.883459529045653,0.873575350867969,0.804032870380915,0.810196383680174,0,1e+05,1425.80299580604,98745.9741816341,2975278.05152612,29.7527805152612,2023,"Males","B'Tselem historical average",45.2011694847388
0,1,0.0137643,0.00658158,0.00322638,0.0201768,0.0578747,0.0828766,0.0584327,0.0374329,0.0136184,0.0167848,0.0214208,0.00979478,0.0274782,0.0239957,0.0287073,0.0474139,0.0626573,0.211216,0.121824027565,0.0135999113767234,0.0259842847029693,0.0160028220375859,0.0960395719135373,0.252797108029773,0.343262025950315,0.254923787068418,0.171148077796617,0.0658500685656151,0.0805442041072515,0.101659908575941,0.0478033419556979,0.12855953824078,0.113188412052292,0.133924941329434,0.211946477299878,0.270858365360279,1,0.986400088623277,0.974015715297031,0.983997177962414,0.903960428086463,0.747202891970227,0.656737974049685,0.745076212931582,0.828851922203383,0.934149931434385,0.919455795892749,0.898340091424059,0.952196658044302,0.87144046175922,0.886811587947708,0.866075058670566,0.788053522700122,0.729141634639721,0,1e+05,1359.99113767235,98805.6884601716,3193578.38768515,31.9357838768515,2023,"Males","B'Tselem historical average",43.0181661231485
0,1,0.017529,0.00452878,0.00341725,0.00690436,0.0535146,0.112192,0.0864664,0.0396836,0.0342949,0.0133648,0.00807386,0.0150346,0.0143704,0.0360051,0.0341545,0.0582584,0.0566435,0.227784,0.11431175695,0.0172610187278108,0.0179525140270492,0.0169415165067929,0.0339360335190314,0.235999458451834,0.438085717855804,0.355487655468086,0.180509802958309,0.157933698968144,0.0646634643298123,0.0395705816589183,0.0724498632162234,0.0693601666528304,0.165159077267674,0.157337998339301,0.254260041932674,0.248086308028035,1,0.982738981272189,0.982047485972951,0.983058483493207,0.966063966480969,0.764000541548166,0.561914282144196,0.644512344531914,0.819490197041691,0.842066301031856,0.935336535670188,0.960429418341082,0.927550136783777,0.93063983334717,0.834840922732326,0.842662001660699,0.745739958067326,0.751913691971965,0,1e+05,1726.10187278109,98471.2118649712,3005100.40513892,30.0510040513892,2023,"Males","B'Tselem historical average",44.9029459486108
0,1,0.0141289,0.00317612,0.00448475,0.00799811,0.0329519,0.0947915,0.0590889,0.0432444,0.0229689,0.0192831,0.0099673,0.0168184,0.0393412,0.0344848,0.0451133,0.0442409,0.0727122,0.219534,0.121096486495,0.013955600196166,0.0126242874959964,0.0221751252673927,0.039206603187451,0.152219680754375,0.38315735011616,0.257418116621857,0.195126661498713,0.108607985126093,0.0919812890145107,0.0486248537383347,0.0806989326766765,0.179091785609909,0.158738809735116,0.202704794487156,0.199175267293039,0.307638347391923,1,0.986044399803834,0.987375712504004,0.977824874732607,0.960793396812549,0.847780319245625,0.61684264988384,0.742581883378143,0.804873338501287,0.891392014873907,0.908018710985489,0.951375146261665,0.919301067323324,0.820908214390091,0.841261190264884,0.797295205512844,0.800824732706961,0.692361652608077,0,1e+05,1395.56001961661,98773.4373954519,3366142.79724123,33.6614279724123,2023,"Males","B'Tselem historical average",41.2925220275877
0,1,0.0144901,0.00174213,0.00133401,0.00316835,0.0388887,0.0885518,0.0563342,0.0314557,0.01452,0.0402562,0.0381971,0.0204606,0.0466157,0.0290875,0.0396203,0.0596024,0.0559234,0.266477,0.120375729955,0.0143077358362548,0.00694432416907067,0.00664787915681504,0.0157172555831826,0.177214405383415,0.362507312428283,0.246898873676354,0.145811957056078,0.070056933320467,0.182876243423716,0.174337529846729,0.0973246958216775,0.208750834330275,0.135578407667434,0.180247818401471,0.259365051183371,0.245319279510549,1,0.985692264163745,0.993055675830929,0.993352120843185,0.984282744416817,0.822785594616585,0.637492687571717,0.753101126323646,0.854188042943922,0.929943066679533,0.817123756576284,0.825662470153271,0.902675304178323,0.791249165669724,0.864421592332566,0.81975218159853,0.740634948816629,0.754680720489451,0,1e+05,1430.77358362547,98741.4568309038,3421851.525478,34.21851525478,2023,"Males","B'Tselem historical average",40.73543474522
0,1,0.014886,0.00763494,0.00435759,0.0105552,0.0637765,0.101013,0.049657,0.0314738,0.0264415,0.0118359,0.01508,0.0167432,0.0277977,0.0316548,0.0352094,0.0529647,0.0585929,0.243386,0.1195857313,0.0146934301553605,0.0300804353616794,0.0215531505170955,0.0514191514320121,0.275031184201873,0.403235045797215,0.220866126847797,0.145889738843934,0.124009975576955,0.0574787190723295,0.0726606919148116,0.0803526008342788,0.129957220433864,0.146667197955403,0.161804409555492,0.233857958467845,0.255533393561043,1,0.98530656984464,0.969919564638321,0.978446849482905,0.948580848567988,0.724968815798127,0.596764954202785,0.779133873152203,0.854110261156066,0.875990024423045,0.94252128092767,0.927339308085188,0.919647399165721,0.870042779566136,0.853332802044597,0.838195590444508,0.766142041532155,0.744466606438957,0,1e+05,1469.34301553605,98706.3694435074,3118320.47406695,31.1832047406695,2023,"Males","B'Tselem historical average",43.7707452593305
0,1,0.0140285,0.00170621,0.00287473,0.00470449,0.0742328,0.108538,0.0446115,0.0407937,0.0198698,0.0130346,0.0132255,0.0180067,0.0168043,0.042953,0.0291076,0.0697809,0.0651196,0.241957,0.121296829675,0.01385767796377,0.00680162998181745,0.0142710862009141,0.0232490131256018,0.31306480698931,0.426862889302274,0.200676320787924,0.185092028311657,0.0946474359432376,0.0631162619305985,0.0640110544968788,0.086155078375538,0.0806340049754765,0.193939311845726,0.135665739781817,0.297078489142492,0.280012280712316,1,0.98614232203623,0.993198370018183,0.985728913799086,0.976750986874398,0.68693519301069,0.573137110697726,0.799323679212076,0.814907971688343,0.905352564056762,0.936883738069402,0.935988945503121,0.913844921624462,0.919365995024524,0.806060688154274,0.864334260218183,0.702921510857508,0.719987719287684,0,1e+05,1385.767796377,98782.3214439892,3144671.15551351,31.4467115551351,2023,"Males","B'Tselem historical average",43.5072384448649
0,1,0.0149,0.00178432,0.00365035,0.0169099,0.0348602,0.0881522,0.116012,0.0315732,0.0288239,0.019235,0.0328329,0.0235492,0.0124276,0.0264633,0.0343696,0.053349,0.107614,0.238112,0.119557795,0.0147070640731673,0.00711190018851127,0.0180866930996096,0.081120165292309,0.160328307810188,0.361166865580038,0.449648457787803,0.146316777779529,0.134432339242286,0.0917623767099598,0.151711665171478,0.111199360074343,0.0602656078303198,0.124105872650706,0.158250485300997,0.235355101698691,0.423999338079722,1,0.985292935926833,0.992888099811489,0.98191330690039,0.918879834707691,0.839671692189812,0.638833134419962,0.550351542212197,0.853683222220472,0.865567660757714,0.90823762329004,0.848288334828522,0.888800639925657,0.93973439216968,0.875894127349294,0.841749514699003,0.764644898301309,0.576000661920278,0,1e+05,1470.70640731674,98705.1280078344,3054029.34024459,30.5402934024459,2023,"Males","B'Tselem historical average",44.4136565975542
0,1,0.0211161,0.00286637,0.00892958,0.0109021,0.0624505,0.0952472,0.0813639,0.0252265,0.0153161,0.0166239,0.0294779,0.0210352,0.0141068,0.0299027,0.0257881,0.0580624,0.0461803,0.294052,0.107153878255,0.0207253559931867,0.0114001260414372,0.0436729473079448,0.0530642213802266,0.270085122623935,0.384645082294256,0.338055678874132,0.118649707861575,0.0737563508855062,0.079802910970782,0.137273186815899,0.0999213367433412,0.0681312163915203,0.139113804123584,0.121131144811234,0.253513058482862,0.2070028640888,1,0.979274644006813,0.988599873958563,0.956327052692055,0.946935778619773,0.729914877376065,0.615354917705744,0.661944321125868,0.881350292138425,0.926243649114494,0.920197089029218,0.862726813184101,0.900078663256659,0.93186878360848,0.860886195876416,0.878868855188766,0.746486941517138,0.7929971359112,0,1e+05,2072.53559931867,98149.5446279699,3020639.37239914,30.2063937239914,2023,"Males","B'Tselem historical average",44.7475562760086
0,1,0.0160727,0.00388905,0.00300232,0.011269,0.0453228,0.0784697,0.0793683,0.0297052,0.0175203,0.0233959,0.0287212,0.0366576,0.0251832,0.0390632,0.0365583,0.0671065,0.0601811,0.281597,0.117217730785,0.0158478398407717,0.0154361361891075,0.0148997653413013,0.0548011155715602,0.203550323495676,0.32800279725132,0.331137040142204,0.138258508391334,0.0839255001493341,0.110515477358189,0.133985443220443,0.167900890766587,0.118458114055306,0.177938847983616,0.167484159618543,0.287328478623183,0.261553983855486,1,0.984152160159228,0.984563863810892,0.985100234658699,0.94519888442844,0.796449676504325,0.67199720274868,0.668862959857796,0.861741491608666,0.916074499850666,0.889484522641811,0.866014556779557,0.832099109233413,0.881541885944694,0.822061152016384,0.832515840381457,0.712671521376817,0.738446016144514,0,1e+05,1584.78398407716,98600.9807983208,3229073.0012702,32.290730012702,2023,"Males","B'Tselem historical average",42.663219987298
0,1,0.0190832,0.00782144,0.0044988,0.0238913,0.0209207,0.0810183,0.0686986,0.0317677,0.0136847,0.0180672,0.029684,0.0209133,0.0190531,0.024545,0.0261141,0.0448837,0.0452859,0.235661,0.11121042856,0.0187649289935427,0.0308038983151243,0.022243823714681,0.112723710064349,0.0994044721487919,0.336861612125776,0.293146171121484,0.147151813347779,0.0661600489454892,0.0864320377202517,0.138166652702917,0.0993710581252719,0.0909340606238207,0.115629674121707,0.122568579636299,0.201777228520622,0.203401455110076,1,0.981235071006457,0.969196101684876,0.977756176285319,0.887276289935651,0.900595527851208,0.663138387874224,0.706853828878516,0.852848186652221,0.933839951054511,0.913567962279748,0.861833347297083,0.900628941874728,0.909065939376179,0.884370325878293,0.877431420363701,0.798222771479378,0.796598544889924,0,1e+05,1876.49289935427,98332.1926801727,3366178.81348877,33.6617881348877,2023,"Males","B'Tselem historical average",41.2921618651123
0,1,0.0149858,0.00524432,0.00129401,0.00614079,0.0655273,0.107982,0.0622191,0.0299823,0.0227467,0.0177846,0.0127201,0.0158364,0.0216969,0.0382659,0.0221505,0.0433339,0.058718,0.279703,0.11938658539,0.0147906127720698,0.0207595406515406,0.006449186719732,0.0302397107170644,0.281518613408924,0.425141048304861,0.269219078138485,0.139458298632293,0.107613850090373,0.0851376522734443,0.0616403223395226,0.0761664923994148,0.102902819536971,0.174624126586166,0.104941247256606,0.195491028319738,0.256009138512114,1,0.98520938722793,0.979240459348459,0.993550813280268,0.969760289282936,0.718481386591076,0.574858951695139,0.730780921861516,0.860541701367707,0.892386149909627,0.914862347726556,0.938359677660477,0.923833507600585,0.897097180463029,0.825375873413834,0.895058752743394,0.804508971680262,0.743990861487886,0,1e+05,1479.06127720699,98697.5187982613,3128290.08743834,31.2829008743834,2023,"Males","B'Tselem historical average",43.6710491256167
0,1,0.0147093,0.00174163,0.00899176,0.0185567,0.041834,0.0999155,0.0515237,0.0279959,0.029845,0.0344992,0.0251853,0.0657221,0.0108169,0.0198033,0.0277292,0.043169,0.0862855,0.214463,0.119938327315,0.0145213201863942,0.00694233803162795,0.0439703724104368,0.0886699460312068,0.189365236717862,0.399729554294676,0.228221464343954,0.130823215829871,0.138864009119566,0.158799832082545,0.118467407034063,0.282237411537911,0.0526604431317212,0.0943456137672096,0.129657736717531,0.194819583499748,0.354875890809,1,0.985478679813606,0.993057661968372,0.956029627589563,0.911330053968793,0.810634763282138,0.600270445705324,0.771778535656046,0.869176784170129,0.861135990880434,0.841200167917455,0.881532592965937,0.717762588462089,0.947339556868279,0.90565438623279,0.870342263282469,0.805180416500252,0.645124109191,0,1e+05,1452.13201863942,98722.0342667168,3092485.84211304,30.9248584211304,2023,"Males","B'Tselem historical average",44.0290915788696
0,1,0.0142687,0.00180537,0.00379568,0.0101379,0.0393391,0.0826119,0.081161,0.0446592,0.0202388,0.0397855,0.0437653,0.0146118,0.0398192,0.0282906,0.0251889,0.064774,0.0957494,0.223465,0.120817522585,0.0140919198109644,0.00719549892421438,0.018800003011424,0.0494365431724305,0.179083081838152,0.342353348518758,0.337354856274719,0.200869339934943,0.0963204730262889,0.180931385868793,0.197245255543865,0.070484245745056,0.181070767260729,0.132109366864461,0.118483337641223,0.278733319850078,0.386281455913008,1,0.985908080189036,0.992804501075786,0.981199996988576,0.95056345682757,0.820916918161848,0.657646651481242,0.662645143725281,0.799130660065057,0.903679526973711,0.819068614131207,0.802754744456135,0.929515754254944,0.818929232739271,0.867890633135539,0.881516662358777,0.721266680149922,0.613718544086992,0,1e+05,1409.19198109643,98761.0631029063,3168018.44437138,31.6801844437138,2023,"Males","B'Tselem historical average",43.2737655562862
0,1,0.0206406,0.00459984,0.00622213,0.023893,0.0514154,0.075526,0.06138,0.0379483,0.0189233,0.0256083,0.0307324,0.0541845,0.0131378,0.0379061,0.023522,0.0472043,0.0496767,0.222513,0.10810271473,0.0202674897992213,0.0182316347940182,0.0306341262107015,0.112731278884058,0.22779639329983,0.317652452231844,0.2660713511639,0.173300364449411,0.0903425519659565,0.120337408833427,0.142698343565518,0.238601273271105,0.0636000869443561,0.173124329622264,0.111078054977073,0.211108435227479,0.220944069372507,1,0.979732510200779,0.981768365205982,0.969365873789299,0.887268721115942,0.77220360670017,0.682347547768156,0.7339286488361,0.826699635550589,0.909657448034043,0.879662591166573,0.857301656434482,0.761398726728896,0.936399913055644,0.826875670377736,0.888921945022927,0.788891564772521,0.779055930627493,0,1e+05,2026.74897992214,98192.3480868837,3066394.4690185,30.663944690185,2023,"Males","B'Tselem historical average",44.290005309815
0,1,0.019484,0.00350242,0.00221634,0.0105619,0.0434744,0.0766636,0.0761186,0.0321329,0.0369739,0.0193262,0.0388894,0.0325986,0.0129782,0.0460246,0.031006,0.0503693,0.0444839,0.271206,0.1104106522,0.0191520422698039,0.0139122270752939,0.0110206363073166,0.0514509505144048,0.196062726506874,0.32166752401484,0.319746382518977,0.148717674585758,0.169227040791223,0.0921774026998552,0.177217312607687,0.15071061256324,0.0628517437482172,0.2063769576835,0.143877347415117,0.22367998884471,0.200159780815458,1,0.980847957730196,0.986087772924706,0.988979363692683,0.948549049485595,0.803937273493126,0.67833247598516,0.680253617481023,0.851282325414242,0.830772959208777,0.907822597300145,0.822782687392313,0.84928938743676,0.937148256251783,0.7936230423165,0.856122652584883,0.77632001115529,0.799840219184542,0,1e+05,1915.20422698039,98296.2547208167,3226049.10150501,32.2604910150501,2023,"Males","B'Tselem historical average",42.6934589849499
0,1,0.0147037,0.00589035,0.00381282,0.0213768,0.041034,0.127663,0.0577382,0.0459848,0.0127329,0.0103616,0.0174719,0.0253341,0.018848,0.0275691,0.0359353,0.066871,0.0500432,0.213384,0.119949501835,0.0145158647319985,0.023287062107431,0.0188840958541138,0.101461684648989,0.186080891722634,0.483880810289901,0.252276082704044,0.20621689349054,0.061700436287003,0.0504998518379887,0.0837033582380036,0.119125647344053,0.0899992359996944,0.128957401271514,0.164865290789711,0.286464569442094,0.222392872506462,1,0.985484135268001,0.976712937892569,0.981115904145886,0.898538315351011,0.813919108277366,0.516119189710099,0.747723917295956,0.79378310650946,0.938299563712997,0.949500148162011,0.916296641761996,0.880874352655947,0.910000764000306,0.871042598728486,0.835134709210289,0.713535430557906,0.777607127493538,0,1e+05,1451.58647319984,98722.5306011309,2999893.39220213,29.9989339220213,2023,"Males","B'Tselem historical average",44.9550160779787
0,1,0.0138378,0.00497379,0.00204316,0.00632637,0.050738,0.0978149,0.0625886,0.0491871,0.0238625,0.0297251,0.0273055,0.0131122,0.015545,0.0221176,0.0249615,0.0533294,0.04692,0.23331,0.12167736199,0.0136716342329328,0.0196992006258384,0.0101638838974403,0.03113935233886,0.225133004095506,0.392976988033102,0.27060156692145,0.219004953615097,0.112595476127282,0.138344723173024,0.127803175947887,0.0634800908808793,0.074817408463584,0.104793545684899,0.11747652434397,0.235278806095523,0.209970464512664,1,0.986328365767067,0.980300799374162,0.98983611610256,0.96886064766114,0.774866995904494,0.607023011966898,0.72939843307855,0.780995046384903,0.887404523872718,0.861655276826976,0.872196824052113,0.936519909119121,0.925182591536416,0.895206454315101,0.88252347565603,0.764721193904477,0.790029535487335,0,1e+05,1367.16342329328,98799.1894154623,3182267.11637828,31.8226711637828,2023,"Males","B'Tselem historical average",43.1312788362172
0,1,0.016148,0.00716586,0.00293436,0.0186763,0.0634677,0.0783413,0.0677034,0.0218574,0.0155419,0.0299934,0.0204429,0.0174478,0.0427357,0.0425687,0.0306735,0.0471643,0.0624383,0.226507,0.1170674734,0.0159210047709065,0.0282584478379519,0.0145649529615692,0.089215940811553,0.273881869221954,0.327553987079936,0.289514251981063,0.103624589731032,0.0748030463353996,0.139506327306419,0.0972445961151919,0.0835927270427584,0.19305287556436,0.192371037536093,0.142444334281074,0.210948414262945,0.270039484186323,1,0.984078995229093,0.971741552162048,0.985435047038431,0.910784059188447,0.726118130778046,0.672446012920064,0.710485748018937,0.896375410268968,0.9251969536646,0.860493672693581,0.902755403884808,0.916407272957242,0.80694712443564,0.807628962463907,0.857555665718926,0.789051585737055,0.729960515813677,0,1e+05,1592.10047709066,98594.2827031613,3098207.65504451,30.9820765504451,2023,"Males","B'Tselem historical average",43.9718734495549
0,1,0.0139217,0.00116501,0.00162477,0.00975104,0.0643228,0.133399,0.0472892,0.0460787,0.0165734,0.0358457,0.0209764,0.0174224,0.0153903,0.041313,0.0290372,0.0486616,0.0870592,0.229721,0.121509943735,0.0137534937398257,0.00464920725411377,0.00809098502564969,0.0475949493624226,0.277060700013008,0.500184664763151,0.211447984883158,0.206594486578265,0.0795701309781181,0.164488028676204,0.0996559427084274,0.0834761143628133,0.0741004303663326,0.187227659280375,0.13535982427631,0.216918942918226,0.357489192278885,1,0.986246506260174,0.995350792745886,0.99190901497435,0.952405050637577,0.722939299986992,0.499815335236849,0.788552015116842,0.793405513421735,0.920429869021882,0.835511971323796,0.900344057291573,0.916523885637187,0.925899569633667,0.812772340719625,0.86464017572369,0.783081057081774,0.642510807721115,0,1e+05,1375.34937398256,98791.769251066,2962919.99731753,29.6291999731753,2023,"Males","B'Tselem historical average",45.3247500268247
0,1,0.0141592,0.00952303,0.00205376,0.0151656,0.0619955,0.0575815,0.066716,0.0290387,0.0241873,0.0190684,0.030281,0.0263401,0.0466353,0.0406435,0.0372226,0.0469565,0.078881,0.257854,0.12103602436,0.0139851488547062,0.0373801749451835,0.0102163451972194,0.0730580761026443,0.268381401983353,0.251677570006655,0.285895491048089,0.135366343409114,0.114040660811863,0.0910037597680951,0.140749882053821,0.123563793318996,0.208829440933128,0.184473389486058,0.17026841704889,0.210116644460926,0.329438837623543,1,0.986014851145294,0.962619825054816,0.989783654802781,0.926941923897356,0.731618598016647,0.748322429993346,0.714104508951911,0.864633656590886,0.885959339188137,0.908996240231905,0.859250117946179,0.876436206681004,0.791170559066872,0.815526610513942,0.82973158295111,0.789883355539074,0.670561162376457,0,1e+05,1398.51488547062,98770.755796275,3188691.71341984,31.8869171341984,2023,"Males","B'Tselem historical average",43.0670328658016
0,1,0.0160267,0.00132112,0.00103972,0.0110002,0.0683564,0.109678,0.0687628,0.0376312,0.0348029,0.0187463,0.0185597,0.0180447,0.0229216,0.0370123,0.0254026,0.0475604,0.0529993,0.221523,0.117309521485,0.0158031390680376,0.00527055393157982,0.00518512231157552,0.0535289277231495,0.291899075148754,0.430381535008378,0.293379935438563,0.171976769480787,0.160085868792503,0.0895353582825687,0.088683645367674,0.0863290456738239,0.108396449838457,0.169387909676684,0.119428513130855,0.21253176107627,0.233992856059601,1,0.984196860931962,0.99472944606842,0.994814877688424,0.94647107227685,0.708100924851246,0.569618464991622,0.706620064561437,0.828023230519213,0.839914131207497,0.910464641717431,0.911316354632326,0.913670954326176,0.891603550161543,0.830612090323316,0.880571486869145,0.78746823892373,0.766007143940399,0,1e+05,1580.31390680377,98605.0719613995,2987855.79537058,29.8785579537058,2023,"Males","B'Tselem historical average",45.0753920462942
0,1,0.0183516,0.00368771,0.00163936,0.0149323,0.0504979,0.0980418,0.0763484,0.0295151,0.024581,0.0347888,0.0378547,0.011645,0.0150498,0.0201931,0.0286412,0.0505846,0.0455157,0.275237,0.11267029978,0.0180575522684032,0.0146428428837384,0.00816334335359961,0.071974632970246,0.224187060583412,0.393709122406995,0.320556970486308,0.137434516271954,0.115789448891966,0.160026201226895,0.172909871699447,0.0565778765684024,0.0725204541720054,0.0961134297540821,0.133637177200885,0.224528756641927,0.204328152745234,1,0.981942447731597,0.985357157116262,0.9918366566464,0.928025367029754,0.775812939416588,0.606290877593005,0.679443029513692,0.862565483728046,0.884210551108034,0.839973798773106,0.827090128300553,0.943422123431598,0.927479545827995,0.903886570245918,0.866362822799115,0.775471243358073,0.795671847254766,0,1e+05,1805.75522684032,98397.6997558971,3078025.34121598,30.7802534121598,2023,"Males","B'Tselem historical average",44.1736965878402
0,1,0.0149419,0.00739099,0.00858804,0.0304371,0.0533753,0.0835044,0.0719834,0.0468501,0.0110678,0.0193335,0.0436333,0.013321,0.0238175,0.0328842,0.0369048,0.0487188,0.0693422,0.24423,0.119474185645,0.014747866324375,0.0291333119651967,0.0420376475043176,0.141424147686154,0.235457467577082,0.345413195826139,0.305025134358539,0.209690453241479,0.0538490244188428,0.0922106151786108,0.19670885841978,0.0644583749676402,0.112395075710654,0.15193070109743,0.168937489356949,0.217146239471134,0.295486747196395,1,0.985252133675625,0.970866688034803,0.957962352495682,0.858575852313846,0.764542532422918,0.654586804173861,0.694974865641461,0.790309546758521,0.946150975581157,0.907789384821389,0.80329114158022,0.93554162503236,0.887604924289346,0.84806929890257,0.831062510643051,0.782853760528866,0.704513252803605,0,1e+05,1474.78663243749,98701.4122994731,2883969.98880096,28.8396998880096,2023,"Males","B'Tselem historical average",46.1142501119904
0,1,0.018634,0.00575461,0.00605547,0.0188261,0.0445615,0.0887381,0.06807,0.0487045,0.0381218,0.0389248,0.0243842,0.0264166,0.0108099,0.0280014,0.025338,0.0463869,0.0617593,0.224515,0.1121067847,0.0183307182270837,0.0227565300887717,0.0298258265059205,0.0898993639603645,0.200473950173373,0.363131501309188,0.290853932104172,0.217089420765782,0.174023753212006,0.177364323000204,0.114915682534835,0.123900429767509,0.0526272614170204,0.130847235546426,0.11914289341653,0.207832711936663,0.267495641127315,1,0.981669281772916,0.977243469911228,0.97017417349408,0.910100636039636,0.799526049826627,0.636868498690812,0.709146067895827,0.782910579234218,0.825976246787994,0.822635676999796,0.885084317465165,0.876099570232491,0.94737273858298,0.869152764453574,0.88085710658347,0.792167288063337,0.732504358872685,0,1e+05,1833.07182270837,98372.4279654596,2988197.37002446,29.8819737002446,2023,"Males","B'Tselem historical average",45.0719762997554
0,1,0.0155935,0.00667955,0.00317142,0.00877826,0.0671885,0.0949224,0.0523588,0.0295175,0.0140899,0.0124757,0.0258058,0.0532228,0.0136293,0.0295063,0.0242862,0.0452103,0.0553353,0.229947,0.118173950425,0.0153819860855529,0.0263659743125611,0.0157323651562405,0.0429487615119258,0.287629083335741,0.383584982211353,0.231492346341002,0.137444923664344,0.0680523722022681,0.0604918059415379,0.121209246092937,0.234863735893252,0.0659010374748597,0.137396354838101,0.114480272985546,0.203096379396434,0.243052976564743,1,0.984618013914447,0.973634025687439,0.98426763484376,0.957051238488074,0.712370916664259,0.616415017788647,0.768507653658998,0.862555076335656,0.931947627797732,0.939508194058462,0.878790753907063,0.765136264106748,0.93409896252514,0.862603645161899,0.885519727014454,0.796903620603566,0.756947023435257,0,1e+05,1538.19860855529,98643.5763975559,3149523.70399643,31.4952370399643,2023,"Males","B'Tselem historical average",43.4587129600357
0,1,0.0149983,0.0088508,0.00247662,0.00703391,0.0540117,0.0811901,0.0643837,0.0248278,0.0400615,0.0338719,0.0197031,0.0142814,0.0185118,0.0373049,0.0250463,0.0495751,0.0520694,0.244301,0.119361642265,0.0148027836744538,0.0347874072321396,0.012306901205839,0.0345617887217308,0.237930872706584,0.337455404838961,0.277286648949995,0.116884064555097,0.182072278533796,0.156137790900955,0.0938906574671476,0.068945407638383,0.088464889162026,0.170612769260075,0.117852102229804,0.220542018452534,0.230360205756019,1,0.985197216325546,0.96521259276786,0.987693098794161,0.965438211278269,0.762069127293416,0.662544595161039,0.722713351050005,0.883115935444903,0.817927721466204,0.843862209099045,0.906109342532852,0.931054592361617,0.911535110837974,0.829387230739925,0.882147897770196,0.779457981547466,0.769639794243981,0,1e+05,1480.27836744538,98696.4100895023,3217107.58031305,32.1710758031305,2023,"Males","B'Tselem historical average",42.7828741968695
0,1,0.0154017,0.00559814,0.00502127,0.0290958,0.0371191,0.0908698,0.096042,0.0302537,0.0219193,0.0132309,0.0454931,0.0087163,0.0254418,0.0206898,0.028521,0.0464657,0.0976213,0.277626,0.118556677735,0.0151954112660222,0.0221446226048221,0.0247950928601849,0.135614471174036,0.169835177643805,0.370239929203223,0.387233339112414,0.140631910893503,0.103902807954033,0.0640363535253535,0.204237057768123,0.0426520792050623,0.11960178807066,0.0983613104002046,0.133113663041018,0.208149024661917,0.392351774331203,1,0.984804588733978,0.977855377395178,0.975204907139815,0.864385528825964,0.830164822356195,0.629760070796777,0.612766660887586,0.859368089106497,0.896097192045967,0.935963646474646,0.795762942231877,0.957347920794938,0.88039821192934,0.901638689599795,0.866886336958982,0.791850975338083,0.607648225668797,0,1e+05,1519.54112660221,98660.6106210494,2971562.9320829,29.715629320829,2023,"Males","B'Tselem historical average",45.238320679171
0,1,0.0175674,0.00819233,0.00820713,0.00954791,0.0339787,0.105985,0.076625,0.0445335,0.0149173,0.0230186,0.0206015,0.0267948,0.0294307,0.0199693,0.0347447,0.0476142,0.0438167,0.22045,0.11423513167,0.0172982294178566,0.0322410611746147,0.0402106156254547,0.0466265839325123,0.156591556221538,0.418925462217259,0.321531602412798,0.200360602744225,0.0719049314164533,0.10883020273813,0.0979620852517169,0.125562916886523,0.137068448995379,0.0950988560354293,0.159839556410924,0.212746601872773,0.197454039021064,1,0.982701770582143,0.967758938825385,0.959789384374545,0.953373416067488,0.843408443778462,0.581074537782741,0.678468397587202,0.799639397255775,0.928095068583547,0.89116979726187,0.902037914748283,0.874437083113477,0.862931551004621,0.904901143964571,0.840160443589076,0.787253398127227,0.802545960978936,0,1e+05,1729.82294178566,98467.783609735,3076468.30923222,30.7646830923222,2023,"Males","B'Tselem historical average",44.1892669076778
0,1,0.0142281,0.00164864,0.00259726,0.0138229,0.033978,0.0816883,0.0831291,0.0285465,0.027765,0.0200385,0.0371451,0.0244776,0.0244933,0.0239501,0.0293277,0.0540601,0.0454363,0.252646,0.120898537855,0.0140523341976227,0.0065728873499986,0.0129025219893449,0.0668058727537795,0.156588582831388,0.339174939478497,0.344127894593805,0.133224749239581,0.129814267179409,0.0954126824088744,0.169944030025728,0.115330467379197,0.115400172393769,0.112985466921697,0.136621513123891,0.23811869838376,0.204008070289736,1,0.985947665802377,0.993427112650001,0.987097478010655,0.93319412724622,0.843411417168612,0.660825060521503,0.655872105406195,0.866775250760419,0.870185732820591,0.904587317591126,0.830055969974272,0.884669532620803,0.884599827606231,0.887014533078303,0.863378486876109,0.76188130161624,0.795991929710264,0,1e+05,1405.23341976227,98764.657246032,3304288.39319688,33.0428839319688,2023,"Males","B'Tselem historical average",41.9110660680312
0,1,0.014053,0.00131697,0.00308857,0.0176399,0.0479235,0.0851819,0.0628577,0.0248437,0.03403,0.0309667,0.0212679,0.0120412,0.0213177,0.0315402,0.0251531,0.0713018,0.063544,0.270081,0.12124794115,0.0138815750048629,0.00525404117079859,0.0153245228461824,0.084474208522701,0.213980735549709,0.351133873707985,0.271607018744638,0.116954541164198,0.156809437135682,0.143708086958923,0.10097090236403,0.0584465825262134,0.101195368720564,0.146175026104173,0.118324904604953,0.302573849707342,0.274165990715013,1,0.986118424995137,0.994745958829201,0.984675477153818,0.915525791477299,0.786019264450291,0.648866126292015,0.728392981255362,0.883045458835802,0.843190562864318,0.856291913041077,0.89902909763597,0.941553417473787,0.898804631279436,0.853824973895827,0.881675095395047,0.697426150292658,0.725834009284987,0,1e+05,1388.15750048628,98780.1537384396,3241917.93998176,32.4191793998176,2023,"Males","B'Tselem historical average",42.5347706001824
0,1,0.0200587,0.00238455,0.00585241,0.00143627,0.0596991,0.080124,0.0706496,0.0314329,0.0252594,0.020872,0.024607,0.0156858,0.0197699,0.0250818,0.0411022,0.0506723,0.0557344,0.248082,0.109263867085,0.0197066019678565,0.00949292728050654,0.0288400899233295,0.00715565636358668,0.2597312024322,0.333763777690763,0.300221651096697,0.145713968498925,0.118795257670965,0.0991845501720238,0.115904824932231,0.0754695012434873,0.0941939858003158,0.118009286683175,0.186361346644837,0.224874260077666,0.244591586678557,1,0.980293398032144,0.990507072719493,0.97115991007667,0.992844343636413,0.7402687975678,0.666236222309237,0.699778348903303,0.854286031501075,0.881204742329035,0.900815449827976,0.884095175067769,0.924530498756513,0.905806014199684,0.881990713316825,0.813638653355163,0.775125739922334,0.755408413321443,0,1e+05,1970.66019678564,98244.6617570256,3265946.98485343,32.6594698485343,2023,"Males","B'Tselem historical average",42.2944801514657
0,1,0.0150852,0.00793602,0.00277031,0.00533466,0.0641488,0.0840345,0.0555096,0.0554638,0.0391464,0.0133832,0.0353931,0.0116178,0.0230587,0.0173568,0.0261485,0.0427565,0.0731175,0.222937,0.11918823766,0.0148873879769461,0.0312481087677145,0.0137562771198304,0.0263222493729009,0.276414804907392,0.347225249439864,0.243725269456451,0.243548664021158,0.17828405288077,0.064749607627983,0.162579976577488,0.0564494538380021,0.10900945897106,0.0831748757897319,0.122720131597319,0.193137763081965,0.309088122929293,1,0.985112612023054,0.968751891232286,0.98624372288017,0.973677750627099,0.723585195092608,0.652774750560136,0.756274730543549,0.756451335978842,0.82171594711923,0.935250392372017,0.837420023422512,0.943550546161998,0.89099054102894,0.916825124210268,0.877279868402681,0.806862236918035,0.690911877070707,0,1e+05,1488.7387976946,98688.7013559387,3108960.50955606,31.0896050955606,2023,"Males","B'Tselem historical average",43.8643449044394
0,1,0.0145999,0.0044712,0.00290195,0.014089,0.0543864,0.0900898,0.0709161,0.0444886,0.0459575,0.0118274,0.0205249,0.0319361,0.0115151,0.0188274,0.0444103,0.0636513,0.0515482,0.273448,0.120156629545,0.0144147337327608,0.0177262844737222,0.0144052417716022,0.0680481732188008,0.239383925223114,0.367646092614047,0.3011835866304,0.200178812235004,0.206107084195243,0.0574386259874889,0.0976156227609827,0.147874187871771,0.0559644105404638,0.0899052927291767,0.199861704375439,0.274565389981652,0.228317597102591,1,0.985585266267239,0.982273715526278,0.985594758228398,0.931951826781199,0.760616074776886,0.632353907385953,0.6988164133696,0.799821187764996,0.793892915804757,0.942561374012511,0.902384377239017,0.852125812128229,0.944035589459536,0.910094707270823,0.800138295624561,0.725434610018348,0.771682402897409,0,1e+05,1441.47337327608,98731.7292088356,3046222.47892027,30.4622247892027,2023,"Males","B'Tselem historical average",44.4917252107973
0,1,0.0168091,0.00510191,0.00197964,0.00501798,0.0428055,0.0831408,0.0573615,0.0410291,0.0391626,0.0113706,0.034066,0.0150849,0.0339324,0.0282576,0.0279795,0.0660786,0.067191,0.25246,0.115748281405,0.016562917480772,0.0202015074542086,0.00984945406687762,0.024779048080779,0.193337706961634,0.344167994091991,0.250836592061203,0.18606073839572,0.178351253043861,0.0552815393224504,0.156962305271549,0.0726834437966787,0.156394867034589,0.131965433888389,0.130751589737359,0.283551315164438,0.287638246455946,1,0.983437082519228,0.979798492545791,0.990150545933122,0.975220951919221,0.806662293038366,0.655832005908008,0.749163407938797,0.81393926160428,0.821648746956139,0.94471846067755,0.843037694728451,0.927316556203321,0.843605132965411,0.868034566111611,0.869248410262641,0.716448684835562,0.712361753544054,0,1e+05,1656.2917480772,98535.421175268,3337264.40708915,33.3726440708915,2023,"Males","B'Tselem historical average",41.5813059291085
0,1,0.0151083,0.0050504,0.00443584,0.0065991,0.0714018,0.0698992,0.0872409,0.0383011,0.0180686,0.0155915,0.0110698,0.0387187,0.0135758,0.0182506,0.0232517,0.048484,0.0427348,0.230272,0.119142142765,0.0149098754301701,0.0199995881599143,0.0219359392085528,0.0324599833103418,0.302933930248039,0.297507210056965,0.358101711083778,0.174770722683562,0.0864384457478988,0.0750328146749873,0.0538584931318233,0.176508090491698,0.0656508432069768,0.0872711240581603,0.109871738258819,0.216212841483754,0.193049202366744,1,0.98509012456983,0.980000411840086,0.978064060791447,0.967540016689658,0.697066069751961,0.702492789943035,0.641898288916222,0.825229277316438,0.913561554252101,0.924967185325013,0.946141506868177,0.823491909508302,0.934349156793023,0.91272887594184,0.890128261741181,0.783787158516246,0.806950797633256,0,1e+05,1490.98754301701,98686.651907694,3140572.967183,31.40572967183,2023,"Males","B'Tselem historical average",43.5482203281701
0,1,0.0208748,0.00410263,0.0077894,0.0214689,0.0434809,0.0944946,0.0498975,0.0331152,0.0322132,0.0161598,0.0349555,0.0150197,0.0171518,0.0206844,0.0279455,0.0465642,0.0617774,0.244899,0.10763538034,0.0204930567133475,0.0162769632842423,0.0382030528503193,0.101876556016351,0.196089166410549,0.382186579995009,0.221817191693664,0.15291636035863,0.149061620515061,0.0776615136781592,0.160731385164689,0.0723806604843095,0.0822328945961638,0.098336900536364,0.130603079130403,0.208544258585888,0.26756354901734,1,0.979506943286653,0.983723036715758,0.961796947149681,0.898123443983649,0.803910833589451,0.617813420004991,0.778182808306336,0.84708363964137,0.85093837948494,0.922338486321841,0.839268614835311,0.92761933951569,0.917767105403836,0.901663099463636,0.869396920869597,0.791455741414112,0.73243645098266,0,1e+05,2049.30567133475,98171.2721240323,3139782.77916733,31.3978277916733,2023,"Males","B'Tselem historical average",43.5561222083267
0,1,0.0169253,0.00876369,0.00264451,0.0234504,0.0451569,0.087715,0.0715804,0.0223421,0.0287273,0.015932,0.00931151,0.0243252,0.0451491,0.042165,0.0334752,0.058206,0.0573772,0.217892,0.115516410115,0.0166756628244365,0.0344509255367654,0.0131357062337693,0.110758662643842,0.202880826962359,0.359697774314918,0.303576654161199,0.105800960879818,0.134011993171417,0.0766086764182607,0.0454984029156668,0.114653572307278,0.202849337446712,0.19072065857768,0.15445035840574,0.254060400780435,0.250896634112938,1,0.983324337175564,0.965549074463235,0.986864293766231,0.889241337356158,0.797119173037641,0.640302225685083,0.696423345838801,0.894199039120182,0.865988006828583,0.923391323581739,0.954501597084333,0.885346427692722,0.797150662553288,0.80927934142232,0.84554964159426,0.745939599219565,0.749103365887062,0,1e+05,1667.56628244364,98525.0649881331,3096774.37195287,30.9677437195287,2023,"Males","B'Tselem historical average",43.9862062804713
0,1,0.0158403,0.00708122,0.00411356,0.0152147,0.0491821,0.113511,0.0376982,0.0310895,0.0181412,0.0201841,0.0261979,0.0314786,0.0239171,0.0398403,0.035542,0.0617569,0.0605049,0.273997,0.117681473365,0.0156219644541557,0.0279293325041696,0.0203584358812409,0.0732859409842667,0.218985128748452,0.442097637635805,0.172256591413901,0.144236869605963,0.0867706889443088,0.096072650059819,0.122937724470252,0.145910364963639,0.112838571503721,0.18115802485584,0.163208140661521,0.267486636366452,0.262776356994247,1,0.984378035545844,0.97207066749583,0.979641564118759,0.926714059015733,0.781014871251548,0.557902362364195,0.827743408586099,0.855763130394037,0.913229311055691,0.903927349940181,0.877062275529748,0.854089635036361,0.887161428496279,0.81884197514416,0.83679185933848,0.732513363633548,0.737223643005753,0,1e+05,1562.19644541557,98621.6451339665,3115979.57061279,31.1597957061279,2023,"Males","B'Tselem historical average",43.7941542938721
0,1,0.0188815,0.00249429,0.00740921,0.0116141,0.0544453,0.0593181,0.0697604,0.0452825,0.0340816,0.0465979,0.0204274,0.0251599,0.0169468,0.0250695,0.036279,0.0495279,0.0477689,0.223707,0.111612910825,0.0185700052313426,0.00992763519760593,0.0363723245235423,0.0564319832581051,0.239612116133669,0.258287665998793,0.297004174894265,0.203387736998422,0.157028540256026,0.208679440722852,0.097174446765363,0.118355000083498,0.0812899871158623,0.117954828563329,0.166311007405811,0.220355177064649,0.213364081337494,1,0.981429994768657,0.990072364802394,0.963627675476458,0.943568016741895,0.760387883866331,0.741712334001208,0.702995825105735,0.796612263001578,0.842971459743974,0.791320559277148,0.902825553234637,0.881644999916502,0.918710012884138,0.882045171436671,0.833688992594189,0.779644822935351,0.786635918662506,0,1e+05,1857.00052313425,98350.2647106563,3170279.05955142,31.7027905955142,2023,"Males","B'Tselem historical average",43.2511594044858
0,1,0.0164124,0.00263033,0.00843801,0.0126674,0.0393471,0.0919517,0.112305,0.0409844,0.00817293,0.0179422,0.0307547,0.0228648,0.0362513,0.0406809,0.0276503,0.0465004,0.0516635,0.319769,0.11653987642,0.0161778263561027,0.0104662605617134,0.0413184365480578,0.0613927826622602,0.179116238618623,0.373824096959112,0.438430231990709,0.185876870020799,0.0400464087611102,0.0858597193583227,0.142794495335744,0.108142366070668,0.166194576382924,0.184627470807108,0.129312665044313,0.208288279249022,0.228769869604252,1,0.983822173643897,0.989533739438287,0.958681563451942,0.93860721733774,0.820883761381377,0.626175903040888,0.561569768009291,0.814123129979201,0.95995359123889,0.914140280641677,0.857205504664255,0.891857633929332,0.833805423617076,0.815372529192892,0.870687334955687,0.791711720750978,0.771230130395748,0,1e+05,1617.78263561027,98570.7535528182,2993596.06386169,29.9359606386169,2023,"Males","B'Tselem historical average",45.0179893613831
0,1,0.0142093,0.00386034,0.00121282,0.0353914,0.0292186,0.0751426,0.0516776,0.0256907,0.0199475,0.0259063,0.0207599,0.0372128,0.0437867,0.0260037,0.0264112,0.0506219,0.062712,0.229728,0.120936052315,0.0140340029067326,0.0153230555911585,0.00604576892632693,0.162572802310748,0.136147874299949,0.316294939666534,0.228825162018218,0.120701250931721,0.0949999702343746,0.121652579452335,0.0986781297362225,0.170227404138214,0.197332186836604,0.122082038254597,0.123876671156855,0.224675720376662,0.271062777710541,1,0.985965997093267,0.984676944408842,0.993954231073673,0.837427197689252,0.863852125700051,0.683705060333466,0.771174837981782,0.879298749068279,0.905000029765625,0.878347420547665,0.901321870263778,0.829772595861786,0.802667813163396,0.877917961745403,0.876123328843145,0.775324279623338,0.728937222289459,0,1e+05,1403.40029067326,98766.3214002985,3336622.96080968,33.3662296080968,2023,"Males","B'Tselem historical average",41.5877203919032
0,1,0.01433,0.00369361,0.00424583,0.00405763,0.0703696,0.105736,0.0693649,0.0499273,0.0410957,0.00817631,0.0108851,0.0122463,0.0178481,0.017981,0.0293662,0.0563507,0.049453,0.235328,0.1206952015,0.0141516826041122,0.0146660983052773,0.0210061783444989,0.0200844122161485,0.299209812879064,0.418147017416201,0.295569182953391,0.22193496593783,0.186334620809044,0.0400626386181011,0.0529836686703899,0.0594125405127954,0.0854286521824558,0.0860374036140399,0.13678859677357,0.246962259507874,0.220058604570444,1,0.985848317395888,0.985333901694723,0.978993821655501,0.979915587783852,0.700790187120936,0.581852982583799,0.704430817046609,0.77806503406217,0.813665379190956,0.959937361381899,0.94701633132961,0.940587459487205,0.914571347817544,0.91396259638596,0.86321140322643,0.753037740492126,0.779941395429556,0,1e+05,1415.16826041121,98755.6357579355,3004415.47882616,30.0441547882616,2023,"Males","B'Tselem historical average",44.9097952117384
0,1,0.0139719,0.00352381,0.00167966,0.0161664,0.0419501,0.0855052,0.0496473,0.0521806,0.0352152,0.0135889,0.0197828,0.0387414,0.0224056,0.0460143,0.0275188,0.0512365,0.045204,0.224139,0.121409772145,0.0138024667864751,0.01399659730093,0.00836318174537391,0.0776920001230277,0.189840889276866,0.35223186075041,0.220827746547127,0.230795394583492,0.161828906710979,0.0657121117128627,0.094252551557615,0.176602435967976,0.106085714772721,0.20633553677539,0.128737262548454,0.227093774550596,0.20307095174347,1,0.986197533213525,0.98600340269907,0.991636818254626,0.922307999876972,0.810159110723134,0.64776813924959,0.779172253452873,0.769204605416508,0.838171093289021,0.934287888287137,0.905747448442385,0.823397564032024,0.893914285227279,0.79366446322461,0.871262737451546,0.772906225449404,0.79692904825653,0,1e+05,1380.24667864751,98787.328756111,3247152.46022072,32.4715246022072,2023,"Males","B'Tselem historical average",42.4824253977928
0,1,0.0141344,0.00300516,0.00617507,0.0240678,0.0468496,0.0731804,0.0378368,0.0358749,0.0278345,0.0458658,0.0375354,0.0115296,0.0408942,0.0391315,0.0255572,0.044835,0.0778501,0.220004,0.12108551152,0.0139609639369935,0.011948823745665,0.0304059527828727,0.113509207725746,0.209688449984066,0.309312896307624,0.172835175115477,0.164610992741266,0.130118071357032,0.20573813914411,0.171576517008681,0.0560329074749423,0.185505729038849,0.178222240946049,0.12011170296261,0.201580361257545,0.325834817236619,1,0.986039036063007,0.988051176254335,0.969594047217127,0.886490792274254,0.790311550015934,0.690687103692376,0.827164824884523,0.835389007258734,0.869881928642968,0.79426186085589,0.828423482991319,0.943967092525058,0.814494270961151,0.821777759053951,0.87988829703739,0.798419638742455,0.674165182763381,0,1e+05,1396.09639369934,98772.950652263,3209192.77053221,32.0919277053221,2023,"Males","B'Tselem historical average",42.8620222946779
0,1,0.0180079,0.00579473,0.00419016,0.0195024,0.0341893,0.106352,0.0639864,0.0426017,0.0388247,0.01483,0.0215455,0.0195382,0.0358623,0.0247934,0.0401374,0.047475,0.0555371,0.221386,0.113356135945,0.0177248938160457,0.0229133664559929,0.0207336071714363,0.0929787290847442,0.157485686542713,0.420071412772143,0.275811532406984,0.192505812788338,0.176948562831582,0.0714991683340163,0.102221468382417,0.0931414588707298,0.164557934925778,0.116731568804977,0.182385773169924,0.212190625174591,0.243831292775056,1,0.982275106183954,0.977086633544007,0.979266392828564,0.907021270915256,0.842514313457287,0.579928587227857,0.724188467593016,0.807494187211662,0.823051437168418,0.928500831665984,0.897778531617583,0.90685854112927,0.835442065074222,0.883268431195023,0.817614226830076,0.787809374825409,0.756168707224944,0,1e+05,1772.48938160457,98428.4331656977,3054738.53396694,30.5473853396694,2023,"Males","B'Tselem historical average",44.4065646603307
0,1,0.0172621,0.00562679,0.00966071,0.0293424,0.0217615,0.064266,0.073606,0.0479121,0.0392562,0.014972,0.0287166,0.0226936,0.0144484,0.0249426,0.023625,0.0440645,0.0594898,0.227963,0.114844342555,0.0170023107199538,0.0222566925300774,0.0471644449378609,0.136685312235642,0.103193392474183,0.276849909319226,0.310832210740573,0.213935278819215,0.178739423598346,0.0721590854322701,0.133965421446242,0.107376123035693,0.0697235168479357,0.117392796109404,0.111537326645028,0.198459908414206,0.258938500919933,1,0.982997689280046,0.977743307469923,0.952835555062139,0.863314687764358,0.896806607525817,0.723150090680774,0.689167789259427,0.786064721180785,0.821260576401654,0.92784091456773,0.866034578553758,0.892623876964307,0.930276483152064,0.882607203890596,0.888462673354972,0.801540091585794,0.741061499080067,0,1e+05,1700.23107199538,98495.0308476595,3200202.80387603,32.0020280387603,2023,"Males","B'Tselem historical average",42.9519219612397
0,1,0.0152973,0.0032527,0.00541736,0.00982177,0.0586852,0.0787604,0.0492582,0.048637,0.0140185,0.0355752,0.0280426,0.0172446,0.0162509,0.0446738,0.0418302,0.0434735,0.0415759,0.226693,0.118765002715,0.0150938274161443,0.0129267066028657,0.0267248546041541,0.0479319095225224,0.255884427925732,0.32901802237612,0.219286815466028,0.216821171682229,0.0677191961228786,0.163348142869475,0.131027145428983,0.0826594280668941,0.0780822335759514,0.200928410893558,0.189349664192262,0.196059065536047,0.188306925264717,1,0.984906172583856,0.987073293397134,0.973275145395846,0.952068090477478,0.744115572074268,0.67098197762388,0.780713184533972,0.783178828317771,0.932280803877121,0.836651857130525,0.868972854571017,0.917340571933106,0.921917766424049,0.799071589106442,0.810650335807738,0.803940934463953,0.811693074735283,0,1e+05,1509.38274161443,98669.8791037914,3223890.0828721,32.238900828721,2023,"Males","B'Tselem historical average",42.715049171279
0,1,0.0144694,0.00295031,0.00507979,0.00802048,0.0511111,0.107852,0.0620767,0.0292038,0.0245382,0.0472507,0.0257712,0.0418571,0.0109052,0.0287616,0.0304577,0.060138,0.0694106,0.232496,0.12041703577,0.014287561663459,0.011732013844469,0.0250804415594271,0.0393141050174736,0.226600941541895,0.424737915770736,0.268685696552109,0.136083604106021,0.115599491400303,0.211294023687386,0.12105656747098,0.189459895518257,0.053078909685251,0.134161268173269,0.141513091762559,0.261391147873029,0.295735119743781,1,0.985712438336541,0.988267986155531,0.974919558440573,0.960685894982526,0.773399058458105,0.575262084229264,0.731314303447891,0.863916395893979,0.884400508599697,0.788705976312614,0.87894343252902,0.810540104481743,0.946921090314749,0.865838731826731,0.858486908237441,0.738608852126971,0.704264880256219,0,1e+05,1428.75616634591,98743.2904160436,3065225.61349576,30.6522561349576,2023,"Males","B'Tselem historical average",44.3016938650424
0,1,0.0190796,0.00178594,0.00617832,0.0106626,0.0513261,0.0657797,0.0857345,0.0355686,0.03625,0.024777,0.023368,0.050771,0.0533312,0.0428927,0.026904,0.0672385,0.0853188,0.233232,0.11121761218,0.0187614505919252,0.00711833416456428,0.0304217123159109,0.0519287609828604,0.227445742668106,0.282449836263796,0.353009720330757,0.163320312804918,0.166189111747851,0.116658858648185,0.110390960110353,0.225262938387784,0.235285813109709,0.19369341603508,0.126042388921163,0.287812327109174,0.351598990189541,1,0.981238549408075,0.992881665835436,0.969578287684089,0.94807123901714,0.772554257331894,0.717550163736204,0.646990279669243,0.836679687195082,0.833810888252149,0.883341141351815,0.889609039889647,0.774737061612216,0.764714186890291,0.80630658396492,0.873957611078837,0.712187672890826,0.648401009810459,0,1e+05,1876.14505919251,98332.5153143942,3089676.71958742,30.8967671958742,2023,"Males","B'Tselem historical average",44.0571828041258
0,1,0.0187197,0.00140992,0.0050239,0.0140104,0.0382156,0.103084,0.0568832,0.0435667,0.031044,0.01277,0.0304886,0.00948438,0.01214,0.0263654,0.0322465,0.0560373,0.0995152,0.218741,0.111935774635,0.018413587080175,0.00562382172255387,0.024807918742573,0.067681391578569,0.174414603222706,0.409808302390853,0.249005435087129,0.196438100515661,0.144040979575171,0.0618746517431015,0.141646491916395,0.0463235252099238,0.058912020187315,0.123675138742496,0.149204215650098,0.245757529044225,0.398447134341458,1,0.981586412919825,0.994376178277446,0.975192081257427,0.932318608421431,0.825585396777294,0.590191697609147,0.75099456491287,0.803561899484339,0.855959020424829,0.938125348256899,0.858353508083605,0.953676474790076,0.941087979812685,0.876324861257504,0.850795784349902,0.754242470955775,0.601552865658542,0,1e+05,1841.35870801751,98364.7552053453,3216666.30152088,32.1666630152088,2023,"Males","B'Tselem historical average",42.7872869847912
0,1,0.0194688,0.00241567,0.00577261,0.00738864,0.0539596,0.082501,0.118706,0.0317259,0.0267804,0.0319348,0.0102357,0.036454,0.0175039,0.0549866,0.0258835,0.0651236,0.0582356,0.214532,0.11044098304,0.0191373667093099,0.00961622076795495,0.0284524379306923,0.0362731763949039,0.237728643694285,0.341972348243838,0.457700508573257,0.14697241930586,0.125499671493817,0.147868613503705,0.0499015565929538,0.167046240840959,0.0838502346924184,0.241706459047365,0.121552020681712,0.280027072373881,0.254173180782986,1,0.98086263329069,0.990383779232045,0.971547562069308,0.963726823605096,0.762271356305715,0.658027651756162,0.542299491426743,0.85302758069414,0.874500328506183,0.852131386496295,0.950098443407046,0.832953759159041,0.916149765307582,0.758293540952635,0.878447979318288,0.719972927626119,0.745826819217014,0,1e+05,1913.73667093099,98297.6182882863,2964936.26623925,29.6493626623925,2023,"Males","B'Tselem historical average",45.3045873376075
0,1,0.0152712,0.000993093,0.00473154,0.0243095,0.0281775,0.0898472,0.08954,0.0472611,0.0319939,0.0198252,0.0158291,0.0511624,0.0276176,0.0334181,0.0467177,0.0700919,0.045563,0.292253,0.11881708396,0.0150684283703315,0.00396449777003213,0.0233811281423731,0.114583812052287,0.131615977018877,0.366837658763794,0.365812803856682,0.211335615818143,0.148121998944893,0.0944450214041463,0.0761327189463171,0.226802588158942,0.129169613224526,0.154207219310869,0.209159834051796,0.298205095641937,0.204518777367061,1,0.984931571629668,0.996035502229968,0.976618871857627,0.885416187947713,0.868384022981123,0.633162341236206,0.634187196143318,0.788664384181857,0.851878001055107,0.905554978595854,0.923867281053683,0.773197411841058,0.870830386775474,0.845792780689131,0.790840165948204,0.701794904358063,0.795481222632939,0,1e+05,1506.84283703315,98672.1958348491,3034943.43718072,30.3494343718072,2023,"Males","B'Tselem historical average",44.6045156281928
0,1,0.0148017,0.00220414,0.00521667,0.0126641,0.062243,0.0913502,0.0439894,0.0362184,0.0188526,0.0139253,0.0254045,0.0278444,0.0149046,0.0286194,0.02251,0.0488347,0.079159,0.212143,0.119753947735,0.0146113270042186,0.0087778647145362,0.025747558707296,0.0613772799717737,0.269308567138929,0.371833368542437,0.198155181182253,0.166056269061553,0.0900202123611027,0.0672841210720872,0.119436912397495,0.130161339028862,0.071845913494331,0.133542252170574,0.106553691036899,0.217606615531286,0.330408069137802,1,0.985388672995781,0.991222135285464,0.974252441292704,0.938622720028226,0.730691432861071,0.628166631457563,0.801844818817746,0.833943730938447,0.909979787638897,0.932715878927913,0.880563087602505,0.869838660971138,0.928154086505669,0.866457747829426,0.893446308963102,0.782393384468714,0.669591930862198,0,1e+05,1461.13270042185,98713.8437086184,3239966.71409319,32.3996671409319,2023,"Males","B'Tselem historical average",42.5542828590681
0,1,0.0197594,0.00655529,0.00139517,0.0231203,0.0689952,0.065799,0.0667557,0.0412009,0.0205937,0.0108462,0.0155956,0.0105675,0.0169909,0.0255191,0.0398882,0.0435164,0.0393769,0.217048,0.10986110527,0.0194178667062192,0.0258818341429225,0.00695160332895884,0.109284758968076,0.294225612543583,0.282521001547878,0.286041284552069,0.186767071418032,0.0979268115523366,0.0527993200375226,0.0750518051682934,0.051477528055679,0.0814929054806712,0.119943382094952,0.181356080931473,0.196233555286794,0.179239737000284,1,0.980582133293781,0.974118165857078,0.993048396671041,0.890715241031924,0.705774387456417,0.717478998452122,0.713958715447931,0.813232928581968,0.902073188447663,0.947200679962477,0.924948194831707,0.948522471944321,0.918507094519329,0.880056617905048,0.818643919068527,0.803766444713206,0.820760262999716,0,1e+05,1941.78667062192,98271.5401592112,3149100.84810475,31.4910084810475,2023,"Males","B'Tselem historical average",43.4629415189525
0,1,0.0171873,0.00385262,0.00452214,0.0163009,0.0452416,0.0816289,0.0863674,0.0420753,0.0247137,0.0522031,0.0165262,0.022104,0.0206186,0.0318547,0.0347258,0.0600743,0.0432032,0.215802,0.114993602215,0.0169297832599067,0.0152926464885704,0.0223579357115039,0.0783130663421578,0.2032226997657,0.338970107483168,0.355152915265291,0.190353543841965,0.11637816251277,0.230883423842074,0.0793525113186157,0.104732482989974,0.0980394114763351,0.147525081931492,0.15975955418335,0.261150427224472,0.194958881163313,1,0.983070216740093,0.98470735351143,0.977642064288496,0.921686933657842,0.7967773002343,0.661029892516832,0.644847084734709,0.809646456158035,0.88362183748723,0.769116576157926,0.920647488681384,0.895267517010026,0.901960588523665,0.852474918068508,0.84024044581665,0.738849572775528,0.805041118836687,0,1e+05,1692.97832599067,98501.7033501869,3039598.55554354,30.3959855554354,2023,"Males","B'Tselem historical average",44.5579644445646
0,1,0.013795,0.00359235,0.00163663,0.0213359,0.0251219,0.0721171,0.082561,0.0416273,0.0279245,0.0176295,0.0247461,0.0345304,0.0151117,0.0297177,0.0347382,0.0486822,0.0911382,0.26966,0.12176276725,0.0136298702695318,0.0142668966277983,0.00814980446380102,0.101277389370334,0.118186807125203,0.305505138449762,0.342178501785266,0.188517784113437,0.130511340201367,0.0844265072270996,0.116521846816251,0.158932033293873,0.0728078731579958,0.138312664337541,0.159812043202093,0.217000808144384,0.37113056976631,1,0.986370129730468,0.985733103372202,0.991850195536199,0.898722610629666,0.881813192874797,0.694494861550238,0.657821498214733,0.811482215886563,0.869488659798633,0.9155734927729,0.883478153183749,0.841067966706127,0.927192126842004,0.861687335662459,0.840187956797907,0.782999191855616,0.62886943023369,0,1e+05,1362.98702695318,98802.9740451745,3311675.84372597,33.1167584372597,2023,"Males","B'Tselem historical average",41.8371915627403
0,1,0.0149441,0.00330891,0.00192023,0.0136347,0.0802852,0.0890346,0.0432127,0.028301,0.0255529,0.0147734,0.0292666,0.0378992,0.016297,0.0352744,0.0313328,0.0519848,0.051336,0.218062,0.119469795655,0.0147500085983125,0.0131486247680376,0.00955527916571903,0.0659262871320999,0.334323023070459,0.364123929063506,0.194997571143607,0.132154722963523,0.120092707628123,0.0712360050090001,0.136356287677634,0.173095543449269,0.078295063380231,0.162078909304108,0.145283641772664,0.230028974425689,0.227484623429108,1,0.985249991401687,0.986851375231962,0.990444720834281,0.9340737128679,0.665676976929541,0.635876070936494,0.805002428856393,0.867845277036477,0.879907292371877,0.928763994991,0.863643712322366,0.826904456550731,0.921704936619769,0.837921090695892,0.854716358227336,0.769971025574311,0.772515376570892,0,1e+05,1475.00085983126,98701.2171914837,3103165.08009501,31.0316508009501,2023,"Males","B'Tselem historical average",43.9222991990499
0,1,0.0143983,0.00282122,0.0053573,0.0187399,0.0318935,0.0878058,0.0405967,0.0298729,0.0285644,0.026719,0.0187763,0.0167846,0.0285243,0.019436,0.0271952,0.0425866,0.0838186,0.226798,0.120558912265,0.0142182618758768,0.0112215630040435,0.0264324831451167,0.0895061588351146,0.147691502650538,0.360003099594142,0.184280544997273,0.138984802252015,0.133302719497933,0.125229952263668,0.0896722187955717,0.0805432830291714,0.13312803964676,0.0926768326991484,0.12731978261928,0.19244414539437,0.346487712543503,1,0.985781738124123,0.988778436995957,0.973567516854883,0.910493841164885,0.852308497349462,0.639996900405858,0.815719455002727,0.861015197747986,0.866697280502067,0.874770047736332,0.910327781204428,0.919456716970829,0.86687196035324,0.907323167300852,0.87268021738072,0.80755585460563,0.653512287456497,0,1e+05,1421.82618758768,98749.5876310178,3447327.51721743,34.4732751721743,2023,"Males","B'Tselem historical average",40.4806748278257
0,1,0.0170185,0.00358003,0.00702096,0.0158561,0.0498195,0.0947053,0.0659298,0.0262839,0.026983,0.0062322,0.030002,0.0446917,0.017316,0.0210377,0.0376216,0.0486657,0.0733306,0.228123,0.115330434175,0.0167660741951027,0.0142183160043102,0.0344992552717678,0.0762576285402571,0.221508849660808,0.382875623123504,0.28300314768448,0.123316409557105,0.126389106826267,0.0306829443850094,0.139543537006805,0.201000828214244,0.0829874723231316,0.0999326188604963,0.171936668573946,0.216935237081863,0.309849394904956,1,0.983233925804897,0.98578168399569,0.965500744728232,0.923742371459743,0.778491150339192,0.617124376876496,0.716996852315521,0.876683590442895,0.873610893173733,0.969317055614991,0.860456462993195,0.798999171785756,0.917012527676868,0.900067381139504,0.828063331426054,0.783064762918137,0.690150605095043,0,1e+05,1676.60741951027,98516.7564421229,3114318.62638771,31.1431862638771,2023,"Males","B'Tselem historical average",43.8107637361229
0,1,0.0212872,0.00161736,0.00905463,0.00749982,0.0440013,0.0894915,0.0779082,0.0313457,0.0415391,0.0302181,0.0134707,0.0138994,0.041832,0.025583,0.0621273,0.0647943,0.0513069,0.234687,0.10681245676,0.0208900086176743,0.00644858064720886,0.0442710060511966,0.036808948774505,0.198203473728568,0.365650884642532,0.326038347950506,0.145339109674676,0.188155930018429,0.140478050551569,0.0651591515432653,0.0671631802317181,0.189357040685147,0.120225666908688,0.268875264456352,0.278808496575797,0.227370332693783,1,0.979109991382326,0.993551419352791,0.955728993948803,0.963191051225495,0.801796526271432,0.634349115357468,0.673961652049494,0.854660890325324,0.811844069981571,0.859521949448431,0.934840848456735,0.932836819768282,0.810642959314853,0.879774333091312,0.731124735543648,0.721191503424203,0.772629667306217,0,1e+05,2089.00086176743,98134.1304524517,3103804.51127364,31.0380451127364,2023,"Males","B'Tselem historical average",43.9159048872636
0,1,0.0141274,0.00791929,0.00251165,0.0166188,0.0526156,0.137937,0.061853,0.0219534,0.0253871,0.0195908,0.0267592,0.0257738,0.0330954,0.0361166,0.0348372,0.0577529,0.0672032,0.221283,0.12109947967,0.013954137348295,0.0311832614193487,0.0124798872281088,0.0797794050580531,0.23249574252412,0.512837005076803,0.267847128848357,0.10405604031156,0.119359989994995,0.0933805030996866,0.125406552453937,0.121068041293288,0.152831916478448,0.165628182921723,0.160231001395465,0.252332208053734,0.287682961075609,1,0.986045862651705,0.968816738580651,0.987520112771891,0.920220594941947,0.76750425747588,0.487162994923197,0.732152871151643,0.89594395968844,0.880640010005005,0.906619496900313,0.874593447546063,0.878931958706712,0.847168083521552,0.834371817078277,0.839768998604535,0.747667791946266,0.712317038924391,0,1e+05,1395.4137348295,98773.5701423827,2869073.19050724,28.6907319050724,2023,"Males","B'Tselem historical average",46.2632180949276
0,1,0.0159821,0.00474836,0.00154492,0.00784496,0.0370804,0.0921216,0.0742721,0.0283134,0.0412682,0.00858193,0.0398051,0.0576697,0.0165215,0.0263508,0.0328524,0.0447538,0.0511621,0.211755,0.117398518555,0.0157597950863236,0.0188147614783731,0.00769488006472601,0.0384703049904062,0.169673131076113,0.3743855177257,0.313204592890874,0.132208798510623,0.187043616557912,0.0420083678198887,0.18101245301612,0.252014498665741,0.0793308388642603,0.123610885683808,0.151794930558315,0.2012520185325,0.22680140907226,1,0.984240204913676,0.981185238521627,0.992305119935274,0.961529695009594,0.830326868923887,0.6256144822743,0.686795407109126,0.867791201489377,0.812956383442088,0.957991632180111,0.81898754698388,0.747985501334259,0.92066916113574,0.876389114316192,0.848205069441685,0.7987479814675,0.77319859092774,0,1e+05,1575.97950863236,98609.0381509541,3227706.16481688,32.2770616481688,2023,"Males","B'Tselem historical average",42.6768883518312
0,1,0.0140013,0.00290991,0.00419061,0.00539075,0.0466662,0.120117,0.0777449,0.0276011,0.0116345,0.00692366,0.0217485,0.0295006,0.0100395,0.0284206,0.0392601,0.0494975,0.0865373,0.213346,0.121351105915,0.0138311461042642,0.0115722913473707,0.0207358107601757,0.026595328087777,0.208953352637831,0.46188453751752,0.325466164055336,0.129097422808314,0.0565283036285831,0.0340292820525599,0.103134925198311,0.137371635802139,0.0489684530392804,0.132676159829849,0.178755593781452,0.220234817768731,0.355727299839087,1,0.986168853895736,0.988427708652629,0.979264189239824,0.973404671912223,0.791046647362169,0.53811546248248,0.674533835944664,0.870902577191686,0.943471696371417,0.96597071794744,0.896865074801689,0.862628364197861,0.95103154696072,0.86732384017015,0.821244406218548,0.779765182231269,0.644272700160913,0,1e+05,1383.11461042643,98784.727877156,3167993.90148192,31.6799390148192,2023,"Males","B'Tselem historical average",43.2740109851808
0,1,0.0159244,0.00587208,0.00355454,0.0200313,0.0522853,0.112029,0.0483123,0.0535007,0.0258245,0.0206038,0.0242868,0.0214647,0.0168309,0.024691,0.0382225,0.0581042,0.050544,0.296787,0.11751365602,0.0157037146686023,0.0232156714401,0.0176161566662092,0.095380034773599,0.23120494961919,0.437588495964096,0.215529665369431,0.235945391043498,0.121291752823053,0.0979724862209994,0.114482939370256,0.101857640746663,0.080756489022287,0.116277481745551,0.174443347842705,0.253672417759977,0.22436876309528,1,0.984296285331398,0.9767843285599,0.982383843333791,0.904619965226401,0.76879505038081,0.562411504035904,0.784470334630569,0.764054608956502,0.878708247176947,0.902027513779001,0.885517060629744,0.898142359253337,0.919243510977713,0.883722518254448,0.825556652157295,0.746327582240023,0.77563123690472,0,1e+05,1570.37146686023,98614.16862552,2963306.85727115,29.6330685727115,2023,"Males","B'Tselem historical average",45.3208814272885
0,1,0.015302,0.00341551,0.00965375,0.0101912,0.045032,0.0742877,0.081869,0.0413447,0.0264186,0.0183411,0.0155364,0.0358378,0.0285547,0.0239794,0.0235066,0.0621553,0.0774984,0.233554,0.1187556241,0.0150984010596488,0.0135693475157331,0.047131266343833,0.0496899982252179,0.202376458322098,0.313260074001497,0.339797745860389,0.187357863366208,0.123909229100232,0.0876849059296349,0.0747775646128715,0.164454758169209,0.133260468266945,0.113115873082513,0.111009367976792,0.268980145851405,0.324601715942922,1,0.984901598940351,0.986430652484267,0.952868733656167,0.950310001774782,0.797623541677902,0.686739925998503,0.660202254139611,0.812642136633792,0.876090770899769,0.912315094070365,0.925222435387129,0.835545241830791,0.866739531733055,0.886884126917487,0.888990632023208,0.731019854148595,0.675398284057078,0,1e+05,1509.84010596487,98669.4618981102,3169434.5684612,31.694345684612,2023,"Males","B'Tselem historical average",43.259604315388
0,1,0.0145201,0.00253495,0.00735525,0.0228227,0.0520351,0.0814582,0.0558692,0.037816,0.0273908,0.0302047,0.0110803,0.0213545,0.0226832,0.0253488,0.0391736,0.0555762,0.0401662,0.223956,0.120315866455,0.0143369723951399,0.0100886515455293,0.036112214093227,0.107953995847432,0.230225927145923,0.338381192801369,0.245110658934624,0.17274836917792,0.128176834878055,0.140420130231027,0.0539082023633825,0.101361205350839,0.107329555563126,0.11919065012056,0.178396879958176,0.243982016619832,0.182504699361287,1,0.98566302760486,0.989911348454471,0.963887785906773,0.892046004152568,0.769774072854077,0.661618807198631,0.754889341065376,0.82725163082208,0.871823165121945,0.859579869768973,0.946091797636617,0.898638794649161,0.892670444436874,0.88080934987944,0.821603120041824,0.756017983380168,0.817495300638713,0,1e+05,1433.69723951399,98738.7992860923,3138198.40724357,31.3819840724357,2023,"Males","B'Tselem historical average",43.5719659275643
0,1,0.0140166,0.00305039,0.00411083,0.00470028,0.0558321,0.085169,0.0586839,0.0372362,0.016548,0.0156028,0.0569242,0.0372369,0.0200979,0.0307722,0.0395499,0.0758784,0.040605,0.223303,0.12132057553,0.013846070439264,0.0121275723491637,0.02034506226918,0.0232284494589428,0.244967829163413,0.35109003254536,0.255879484760638,0.170325329878908,0.0794530282224378,0.0750851534205256,0.249162552563423,0.170328259119942,0.0956819826997469,0.142869943789316,0.17995635990362,0.318898273172306,0.184314749038254,1,0.986153929560736,0.987872427650836,0.97965493773082,0.976771550541057,0.755032170836587,0.64890996745464,0.744120515239362,0.829674670121092,0.920546971777562,0.924914846579474,0.750837447436577,0.829671740880058,0.904318017300253,0.857130056210684,0.82004364009638,0.681101726827694,0.815685250961746,0,1e+05,1384.6070439264,98783.3742795256,3225987.56156756,32.2598756156756,2023,"Males","B'Tselem historical average",42.6940743843244
0,1,0.0140181,0.00201234,0.00175294,0.027233,0.0719199,0.0562291,0.0578902,0.0392368,0.0274635,0.0153878,0.0443,0.0254073,0.0219819,0.0204307,0.0576297,0.0440725,0.0459801,0.217149,0.121317582355,0.0138475335866595,0.00801709376307363,0.00872645760849939,0.127485470457572,0.304797064078035,0.246495017525186,0.252856252437812,0.17865898303603,0.128495181459937,0.0740888393929721,0.199414809813189,0.119449290127367,0.104184089412366,0.0971893822216123,0.25186171264671,0.198492363296534,0.206197989551552,1,0.98615246641334,0.991982906236926,0.9912735423915,0.872514529542428,0.695202935921965,0.753504982474814,0.747143747562188,0.82134101696397,0.871504818540062,0.925911160607028,0.800585190186811,0.880550709872633,0.895815910587634,0.902810617778388,0.74813828735329,0.801507636703466,0.793802010448448,0,1e+05,1384.75335866594,98783.2415709654,3113361.64035418,31.1336164035418,2023,"Males","B'Tselem historical average",43.8203335964582
0,1,0.0184061,0.00601516,0.00738696,0.0159442,0.0495734,0.0802911,0.072927,0.0315257,0.0295377,0.0444013,0.0153821,0.00774384,0.0156334,0.0558355,0.0495709,0.0558917,0.0957688,0.309025,0.112561547755,0.0181102815736724,0.0237746236693778,0.0362650782931295,0.0766650911348205,0.220535289676836,0.334343484607564,0.308407005732386,0.146112734421148,0.137532514608147,0.199825248035953,0.0740624114520101,0.0379838478982294,0.0752268706027956,0.244980919651936,0.220525394326012,0.245197269439211,0.386344602564744,1,0.981889718426328,0.976225376330622,0.963734921706871,0.92333490886518,0.779464710323164,0.665656515392436,0.691592994267614,0.853887265578852,0.862467485391853,0.800174751964047,0.92593758854799,0.962016152101771,0.924773129397204,0.755019080348064,0.779474605673988,0.754802730560789,0.613655397435256,0,1e+05,1811.02815736724,98392.8239750539,3048966.02241933,30.4896602241933,2023,"Males","B'Tselem historical average",44.4642897758067
0,1,0.0144234,0.00643767,0.00697076,0.0222251,0.0656565,0.083771,0.081856,0.0428592,0.0292166,0.0269297,0.0352807,0.0296305,0.0181373,0.0256182,0.0338067,0.0498505,0.0625556,0.211278,0.12050882647,0.0142427273996354,0.0254233457791558,0.0342568099978485,0.105276071934141,0.281995419370287,0.346325017415265,0.33975295523974,0.193556778316901,0.136139189397614,0.126155196042815,0.162105510306338,0.137934806770003,0.0867528441016862,0.120381130318205,0.155860663286206,0.221631408656876,0.270478186838512,1,0.985757272600365,0.974576654220844,0.965743190002151,0.894723928065859,0.718004580629713,0.653674982584735,0.66024704476026,0.806443221683099,0.863860810602386,0.873844803957185,0.837894489693662,0.862065193229997,0.913247155898314,0.879618869681795,0.844139336713794,0.778368591343124,0.729521813161488,0,1e+05,1424.27273996353,98747.3646965027,2819170.07776964,28.1917007776964,2023,"Males","B'Tselem historical average",46.7622492223036
0,1,0.0162168,0.00815546,0.00248999,0.0200669,0.0514356,0.101533,0.063567,0.0416722,0.0344592,0.022855,0.0251768,0.0174663,0.0160024,0.0311044,0.0295865,0.0563815,0.0653295,0.21956,0.11693018644,0.0159878450016226,0.0320982874020482,0.0123729288273728,0.0955414482788337,0.227875692568331,0.404890605403832,0.274251618428404,0.188701937771949,0.158630315573937,0.108098520769531,0.118429792030045,0.0836776525434508,0.0769341715336258,0.144301009221896,0.137744086464542,0.247080567463843,0.280788129701642,1,0.984012154998377,0.967901712597952,0.987627071172627,0.904458551721166,0.772124307431669,0.595109394596168,0.725748381571596,0.811298062228051,0.841369684426064,0.891901479230469,0.881570207969955,0.916322347456549,0.923065828466374,0.855698990778104,0.862255913535458,0.752919432536157,0.719211870298359,0,1e+05,1598.78450016225,98588.1616695191,2968749.72806283,29.6874972806283,2023,"Males","B'Tselem historical average",45.2664527193717
0,1,0.0158204,0.00298842,0.0025687,0.025931,0.070012,0.0652564,0.072,0.0254115,0.0210154,0.0349215,0.0178901,0.0112544,0.0295095,0.0190356,0.0263051,0.0655654,0.0486188,0.211939,0.11772118282,0.0156026185904354,0.0118826592469067,0.0127615485257547,0.121761505971624,0.297915797894522,0.280518011143963,0.305084745762712,0.11946785641667,0.099831977642623,0.160587600291087,0.0856210759718883,0.0547320587937783,0.137410231904067,0.0908543331401914,0.12340973636018,0.28165924701449,0.216748829964326,1,0.984397381409565,0.988117340753093,0.987238451474245,0.878238494028376,0.702084202105478,0.719481988856037,0.694915254237288,0.88053214358333,0.900168022357377,0.839412399708913,0.914378924028112,0.945267941206222,0.862589768095933,0.909145666859809,0.87659026363982,0.71834075298551,0.783251170035674,0,1e+05,1560.26185904354,98623.414012512,3101715.37864839,31.0171537864839,2023,"Males","B'Tselem historical average",43.9367962135161
0,1,0.0169006,0.00489349,0.00197355,0.00564574,0.0354952,0.110491,0.0560304,0.0324381,0.0206908,0.0191235,0.0297895,0.0299523,0.0131112,0.0360225,0.0453029,0.0478203,0.0633857,0.250191,0.11556569773,0.0166516992193265,0.0193842467645998,0.00981930278745952,0.0278358155566973,0.163010751898069,0.432881284880635,0.245730986355296,0.150024246244723,0.0983658306765919,0.0912547256357613,0.138623675078149,0.139328478996391,0.0634754032328342,0.16523229879192,0.20347004252611,0.213569148160546,0.273576418089725,1,0.983348300780673,0.9806157532354,0.99018069721254,0.972164184443303,0.836989248101931,0.567118715119366,0.754269013644704,0.849975753755277,0.901634169323408,0.908745274364239,0.861376324921851,0.860671521003609,0.936524596767166,0.83476770120808,0.79652995747389,0.786430851839454,0.726423581910275,0,1e+05,1665.16992193265,98527.2666019345,3297902.91892382,32.9790291892382,2023,"Males","B'Tselem historical average",41.9749208107618
0,1,0.0139146,0.0037452,0.00495962,0.0293244,0.0470534,0.0819343,0.0581538,0.0306272,0.0431078,0.0177026,0.0114864,0.013024,0.0123743,0.0415503,0.0420896,0.0795431,0.0592135,0.240338,0.12152411143,0.0137465669066615,0.0148694220808456,0.024494392798966,0.136607190273835,0.21050460638483,0.340022696039688,0.2538614762117,0.142244614367137,0.194570260329428,0.0847617419666528,0.0558288196159095,0.0630665530332378,0.0600148942356495,0.188201887757748,0.190412079361288,0.331745363451168,0.257890937439775,1,0.986253433093338,0.985130577919154,0.975505607201034,0.863392809726165,0.78949539361517,0.659977303960312,0.7461385237883,0.857755385632863,0.805429739670572,0.915238258033347,0.94417118038409,0.936933446966762,0.93998510576435,0.811798112242252,0.809587920638712,0.668254636548832,0.742109062560225,0,1e+05,1374.65669066616,98792.3972421884,3122005.81230679,31.2200581230679,2023,"Males","B'Tselem historical average",43.7338918769321
0,1,0.0183226,0.00277839,0.0020033,0.00719422,0.0779418,0.0795444,0.0495237,0.0316795,0.0299962,0.0143078,0.0356459,0.0116553,0.0156233,0.024493,0.0241568,0.0574324,0.0497763,0.216536,0.11272816783,0.0180294922569391,0.0110521456580503,0.00996658485141789,0.0353355703329974,0.326156029876441,0.331749885933398,0.220338549446892,0.146773242648771,0.139518442256001,0.0690684558678355,0.163646208996802,0.0566265028046523,0.0751800969772388,0.115398840499137,0.113905046435658,0.251107704657563,0.221338029593823,1,0.981970507743061,0.98894785434195,0.990033415148582,0.964664429667003,0.673843970123559,0.668250114066602,0.779661450553108,0.853226757351229,0.860481557743999,0.930931544132165,0.836353791003198,0.943373497195348,0.924819903022761,0.884601159500863,0.886094953564342,0.748892295342438,0.778661970406177,0,1e+05,1802.94922569391,98400.2939372091,3228093.69735963,32.2809369735963,2023,"Males","B'Tselem historical average",42.6730130264037
0,1,0.0145086,0.00449451,0.00513291,0.00389817,0.0411005,0.101625,0.0700168,0.0382306,0.0285019,0.0565961,0.0353344,0.0401234,0.0171645,0.027961,0.0236169,0.0428003,0.0444941,0.213365,0.12033881413,0.0143257652395835,0.0178178747673587,0.0253393880047908,0.0193027366278981,0.186354356886923,0.405183154747072,0.297933180260791,0.174477090372055,0.133030448639784,0.247904438956005,0.162332220931771,0.18232795620501,0.0822912783805909,0.130670785422036,0.111501217255497,0.193316490526316,0.200201082534054,1,0.985674234760416,0.982182125232641,0.974660611995209,0.980697263372102,0.813645643113077,0.594816845252928,0.702066819739209,0.825522909627945,0.866969551360216,0.752095561043995,0.837667779068229,0.81767204379499,0.917708721619409,0.869329214577964,0.888498782744503,0.806683509473684,0.799798917465946,0,1e+05,1432.57652395836,98739.8180360853,3091120.79979781,30.9112079979781,2023,"Males","B'Tselem historical average",44.0427420020219
0,1,0.013829,0.0051105,0.00606785,0.0259019,0.0695269,0.0943598,0.0500799,0.0299268,0.046002,0.0220758,0.019795,0.0618568,0.0223774,0.0239345,0.0263659,0.0544947,0.0918028,0.221073,0.12169492195,0.013663047519159,0.0202351762634117,0.0298858922221988,0.121633174212184,0.296157259573413,0.381745441275767,0.222537820506981,0.139218118061028,0.206286070466052,0.104605855156823,0.094307936016389,0.267861380410552,0.105959267707032,0.112916028301542,0.123677339111782,0.239803456453948,0.373331750042903,1,0.986336952480841,0.979764823736588,0.970114107777801,0.878366825787816,0.703842740426587,0.618254558724233,0.777462179493019,0.860781881938972,0.793713929533948,0.895394144843177,0.905692063983611,0.732138619589448,0.894040732292968,0.887083971698458,0.876322660888218,0.760196543546052,0.626668249957097,0,1e+05,1366.3047519159,98799.9675982284,2844379.75611594,28.4437975611594,2023,"Males","B'Tselem historical average",46.5101524388406
0,1,0.0171816,0.00249758,0.0034452,0.0121254,0.0406572,0.0924199,0.0361091,0.0572115,0.0139653,0.0277043,0.0277057,0.0476131,0.0183556,0.0229554,0.0293227,0.0440869,0.0541416,0.228195,0.11500497628,0.0169242560165329,0.00994066478887321,0.0170788994391308,0.0588432549898647,0.184529834075104,0.375370288649992,0.165596636254552,0.25026273398635,0.067470872558642,0.129548849520568,0.129554972028664,0.212742209734255,0.0877511858332959,0.108547615185904,0.136599811749996,0.198550779138047,0.238434884626293,1,0.983075743983467,0.990059335211127,0.982921100560869,0.941156745010135,0.815470165924896,0.624629711350008,0.834403363745448,0.74973726601365,0.932529127441358,0.870451150479432,0.870445027971336,0.787257790265745,0.912248814166704,0.891452384814096,0.863400188250004,0.801449220861953,0.761565115373707,0,1e+05,1692.42560165327,98502.2117645205,3309926.78738863,33.0992678738863,2023,"Males","B'Tselem historical average",41.8546821261137
0,1,0.0165492,0.00244243,0.00394509,0.0263169,0.0551233,0.0838598,0.0475168,0.0451333,0.0157007,0.0237873,0.00832388,0.0116033,0.0141688,0.0455968,0.0300466,0.0731962,0.0544693,0.248897,0.11626689886,0.0163106554274166,0.00972222827598378,0.0195328033322549,0.123461678389949,0.242234576871806,0.346628506852605,0.212357614283978,0.20278554761012,0.0755384823744584,0.1122605608993,0.0407709683793169,0.0563809862554552,0.0684204121604525,0.204654970592248,0.139736484371694,0.309369348274563,0.239705080189135,1,0.983689344572583,0.990277771724016,0.980467196667745,0.876538321610051,0.757765423128194,0.653371493147395,0.787642385716022,0.79721445238988,0.924461517625542,0.8877394391007,0.959229031620683,0.943619013744545,0.931579587839548,0.795345029407752,0.860263515628306,0.690630651725437,0.760294919810865,0,1e+05,1631.06554274166,98558.5733897503,3181830.76405072,31.8183076405072,2023,"Males","B'Tselem historical average",43.1356423594928
0,1,0.0147124,0.00448028,0.00287742,0.0202169,0.058932,0.0835691,0.0615364,0.0397843,0.018794,0.0311739,0.012542,0.0163464,0.0109722,0.0312187,0.0328185,0.0493839,0.0413095,0.228139,0.11993214142,0.0145243401457177,0.0177619628660212,0.0142843448510964,0.0962212609726072,0.256822361482747,0.34563457425216,0.266658924409862,0.180926422339315,0.089752957301203,0.144600125378647,0.060803506067261,0.078523075977119,0.0533963124513045,0.144792885837279,0.151650172069817,0.219784909962284,0.187213282288281,1,0.985475659854282,0.982238037133979,0.985715655148904,0.903778739027393,0.743177638517253,0.65436542574784,0.733341075590138,0.819073577660685,0.910247042698797,0.855399874621353,0.939196493932739,0.921476924022881,0.946603687548696,0.855207114162721,0.848349827930183,0.780215090037716,0.812786717711719,0,1e+05,1452.43401457177,98721.7595070671,3142850.92876911,31.4285092876911,2023,"Males","B'Tselem historical average",43.5254407123089
0,1,0.017065,0.00202638,0.00236624,0.0114051,0.0533004,0.0828913,0.0622859,0.064332,0.0198742,0.0135316,0.0105457,0.0379428,0.0363153,0.0224792,0.0264862,0.0532126,0.0429805,0.225771,0.11523764575,0.0168111769562022,0.00807280286745091,0.0117616229433165,0.0554446213719762,0.235165907640937,0.343312459760613,0.269469174811518,0.27709483731468,0.0946674027601601,0.0654440918178925,0.0513740614016905,0.17327742344434,0.166463564307738,0.106415653125645,0.124206598009502,0.234824009747302,0.194051431157805,1,0.983188823043798,0.991927197132549,0.988238377056683,0.944555378628024,0.764834092359063,0.656687540239387,0.730530825188482,0.72290516268532,0.90533259723984,0.934555908182108,0.94862593859831,0.82672257655566,0.833536435692262,0.893584346874355,0.875793401990498,0.765175990252698,0.805948568842195,0,1e+05,1681.11769562021,98512.6103498517,3187376.8499688,31.873768499688,2023,"Males","B'Tselem historical average",43.080181500312
0,1,0.0166018,0.00119228,0.00579085,0.00424508,0.0553367,0.0874525,0.0661929,0.0431204,0.046632,0.0131485,0.0262178,0.0159731,0.0269583,0.053056,0.0452125,0.0608663,0.0436475,0.214521,0.11616193819,0.0163617195359905,0.00475777480052167,0.0285410575423275,0.0210025066971749,0.243058378558109,0.358814448587298,0.283972149726004,0.194621597200219,0.208816206630962,0.063650237142335,0.1230253640275,0.0767987160708229,0.126280716407199,0.234213872015821,0.203105258724766,0.264138644982287,0.196766577068506,1,0.98363828046401,0.995242225199478,0.971458942457673,0.978997493302825,0.756941621441891,0.641185551412702,0.716027850273996,0.805378402799781,0.791183793369038,0.936349762857665,0.8769746359725,0.923201283929177,0.8737192835928,0.765786127984179,0.796894741275234,0.735861355017713,0.803233422931494,0,1e+05,1636.17195359906,98553.8889517431,3137795.36530218,31.3779536530218,2023,"Males","B'Tselem historical average",43.5759963469782
0,1,0.0142746,0.00495364,0.00236274,0.00946803,0.0402145,0.110691,0.0511924,0.0364062,0.0331302,0.0291829,0.0372879,0.0353068,0.0212901,0.051395,0.0332929,0.0461733,0.0572951,0.231032,0.12080574943,0.0140976721527104,0.0196201774087617,0.0117443280160583,0.0462455151871075,0.18270411356282,0.43349500970254,0.226920488908944,0.166845475614233,0.152980327855227,0.135992836620471,0.170541650020501,0.16221570625591,0.101070972235047,0.227716301686993,0.153673877416408,0.20697473380859,0.250582610659944,1,0.98590232784729,0.980379822591238,0.988255671983942,0.953754484812892,0.81729588643718,0.56650499029746,0.773079511091056,0.833154524385767,0.847019672144773,0.864007163379529,0.829458349979499,0.83778429374409,0.898929027764953,0.772283698313007,0.846326122583592,0.79302526619141,0.749417389340056,0,1e+05,1409.76721527104,98760.5407696916,3127900.91072015,31.2790091072015,2023,"Males","B'Tselem historical average",43.6749408927985
0,1,0.0165756,0.0024816,0.00252532,0.0124735,0.0421575,0.102332,0.0734445,0.0211318,0.016067,0.0365088,0.00946475,0.0404461,0.0194208,0.0321906,0.0271239,0.0422728,0.0422712,0.212372,0.11621421898,0.0163362851907481,0.00987737660443686,0.0125473845968249,0.0604814612332671,0.190689969072107,0.407427756941624,0.310256006775873,0.100357180341166,0.0772327533786626,0.167276352733324,0.0462298647197347,0.183659703196373,0.0926077104425913,0.148964831720079,0.127007175201388,0.191161654074137,0.19115511025814,1,0.983663714809252,0.990122623395563,0.987452615403175,0.939518538766733,0.809310030927893,0.592572243058376,0.689743993224127,0.899642819658834,0.922767246621337,0.832723647266676,0.953770135280265,0.816340296803627,0.907392289557409,0.851035168279921,0.872992824798612,0.808838345925863,0.80884488974186,0,1e+05,1633.62851907482,98556.2223433729,3223057.29210981,32.2305729210981,2023,"Males","B'Tselem historical average",42.7233770789019
0,1,0.0212545,0.00267709,0.00647996,0.0305446,0.0404535,0.0668427,0.0691912,0.0485891,0.0199795,0.0298458,0.0115314,0.0235187,0.0272312,0.0236494,0.0334858,0.0431637,0.091764,0.241158,0.106877707975,0.0208585449987101,0.0106513308573502,0.0318832938283108,0.141888203916621,0.18369021928535,0.286360694940716,0.294938182983824,0.216630765214759,0.0951451201784849,0.138867472940296,0.0560414102058798,0.11106333675467,0.127477581225341,0.111646092264028,0.154495487510779,0.194797994510832,0.373203406512067,1,0.97914145500129,0.98934866914265,0.968116706171689,0.858111796083379,0.81630978071465,0.713639305059284,0.705061817016176,0.783369234785241,0.904854879821515,0.861132527059704,0.94395858979412,0.88893666324533,0.872522418774659,0.888353907735972,0.845504512489221,0.805202005489168,0.626796593487933,0,1e+05,2085.85449987101,98137.0768482445,3133547.49919451,31.3354749919451,2023,"Males","B'Tselem historical average",43.6184750080549
0,1,0.0150924,0.00325812,0.0054815,0.00718236,0.0644226,0.059461,0.0897651,0.0391517,0.0312714,0.0435131,0.0309071,0.0223316,0.0467395,0.0378581,0.0272073,0.0443684,0.0558318,0.267837,0.11917387042,0.0148943971568228,0.012948107027066,0.0270369918233014,0.0352783455550481,0.277430943283122,0.258829367454474,0.366563889505398,0.178306038664999,0.145019586274443,0.196220134196713,0.143451337886983,0.105753867340261,0.209247223493781,0.172924059187212,0.127372823451285,0.199691967295604,0.244966674110933,1,0.985105602843177,0.987051892972934,0.972963008176699,0.964721654444952,0.722569056716878,0.741170632545526,0.633436110494602,0.821693961335001,0.854980413725557,0.803779865803287,0.856548662113017,0.894246132659739,0.790752776506219,0.827075940812788,0.872627176548715,0.800308032704396,0.755033325889067,0,1e+05,1489.43971568228,98688.0625799928,3051115.99573771,30.5111599573771,2023,"Males","B'Tselem historical average",44.4427900426229
0,1,0.0165897,0.00157354,0.00271621,0.0128396,0.059016,0.1221,0.0672209,0.0227885,0.0295801,0.0538919,0.0280048,0.0124737,0.0425078,0.0291262,0.0570028,0.0655657,0.0700126,0.22551,0.116186083135,0.0163499732950597,0.00627441391744868,0.0134894495555568,0.0622013973465724,0.257141363264026,0.467726489178318,0.287747829773882,0.107800945389953,0.137716342074505,0.237465793066587,0.130862083789715,0.0604824016658517,0.192122263155587,0.13574654728609,0.249463679434787,0.281660354274381,0.297917970709721,1,0.98365002670494,0.993725586082551,0.986510550444443,0.937798602653428,0.742858636735974,0.532273510821682,0.712252170226118,0.892199054610047,0.862283657925495,0.762534206933413,0.869137916210285,0.939517598334148,0.807877736844413,0.86425345271391,0.750536320565213,0.718339645725619,0.702082029290279,0,1e+05,1634.99732950598,98554.9666061455,2892829.18340967,28.9282918340967,2023,"Males","B'Tselem historical average",46.0256581659033
0,1,0.0151981,0.00366019,0.00359526,0.0261112,0.0442888,0.0861776,0.0452164,0.035494,0.0415075,0.0197971,0.0190359,0.0215111,0.0427209,0.0226792,0.0417177,0.0503125,0.0492265,0.219113,0.118962951355,0.0149972850163382,0.0145343629402197,0.0178161656308848,0.122555802335165,0.199369419170594,0.354510779599883,0.2031209991366,0.163005690089875,0.188026250969689,0.0943174690820875,0.0908556999531544,0.102066588519258,0.192992469973746,0.10731164438657,0.188888514089429,0.223455933379598,0.21916115812402,1,0.985002714983662,0.98546563705978,0.982183834369115,0.877444197664835,0.800630580829406,0.645489220400117,0.7968790008634,0.836994309910125,0.811973749030311,0.905682530917913,0.909144300046846,0.897933411480742,0.807007530026254,0.89268835561343,0.811111485910571,0.776544066620402,0.78083884187598,0,1e+05,1499.72850163381,98678.6836271518,3166365.54189548,31.6636554189548,2023,"Males","B'Tselem historical average",43.2902945810452
0,1,0.0145582,0.00112484,0.00481556,0.00652746,0.0404924,0.0947695,0.0713934,0.0460877,0.0125601,0.0107259,0.0269802,0.0159158,0.0127658,0.0210576,0.0290155,0.0445274,0.0476216,0.271224,0.12023983981,0.0143741004830318,0.00448926060021291,0.0237913779796409,0.0321132550307918,0.183850618081038,0.383085456965314,0.302903689360097,0.206630669260775,0.0608885832633839,0.0522289926201391,0.12637682028347,0.0765337599581454,0.0618549308106437,0.100022419735447,0.135265509055034,0.200335907302902,0.212776148425366,1,0.985625899516968,0.995510739399787,0.976208622020359,0.967886744969208,0.816149381918962,0.616914543034686,0.697096310639903,0.793369330739225,0.939111416736616,0.947771007379861,0.87362317971653,0.923466240041855,0.938145069189356,0.899977580264553,0.864734490944966,0.799664092697098,0.787223851574634,0,1e+05,1437.41004830318,98735.4239056461,3352254.8745553,33.522548745553,2023,"Males","B'Tselem historical average",41.431401254447
0,1,0.0187854,0.00532267,0.00360885,0.0128272,0.0313272,0.137897,0.0688202,0.0312096,0.0338495,0.0163695,0.0158034,0.0130419,0.0148017,0.0224308,0.0256604,0.0426035,0.0416362,0.224848,0.11180467357,0.0184771075302746,0.0210664207881273,0.0178829081671524,0.0621431921152482,0.145259561650645,0.512726414164794,0.293588885461847,0.144753734610732,0.156042590806259,0.0786296786868395,0.0760138084488968,0.06315049393294,0.071367595648716,0.106198695739042,0.12056747585634,0.192513163587726,0.18855428970723,1,0.981522892469725,0.978933579211873,0.982117091832848,0.937856807884752,0.854740438349355,0.487273585835206,0.706411114538154,0.855246265389268,0.843957409193741,0.92137032131316,0.923986191551103,0.93684950606706,0.928632404351284,0.893801304260958,0.87943252414366,0.807486836412274,0.81144571029277,0,1e+05,1847.71075302747,98358.8719445665,3061470.94596368,30.6147094596368,2023,"Males","B'Tselem historical average",44.3392405403632
0,1,0.0148646,0.00935567,0.00266469,0.005938,0.0247114,0.130345,0.0674757,0.036823,0.0288017,0.0285692,0.0250319,0.0120347,0.0185878,0.0262156,0.0373108,0.0497701,0.0568945,0.241318,0.11962843393,0.0146725890534601,0.0367353130671933,0.0132352802029897,0.029255699146175,0.116367961867753,0.491547954633305,0.288681101498966,0.168594602390442,0.134335754732316,0.133323626616192,0.117788335416706,0.0584159538019492,0.0888119529522839,0.123015675634585,0.170637450527177,0.221313511058205,0.249048741011328,1,0.98532741094654,0.963264686932807,0.98676471979701,0.970744300853825,0.883632038132247,0.508452045366695,0.711318898501034,0.831405397609558,0.865664245267684,0.866676373383808,0.882211664583294,0.941584046198051,0.911188047047716,0.876984324365415,0.829362549472823,0.778686488941795,0.750951258988672,0,1e+05,1467.25890534601,98708.2669796704,3124377.88799051,31.2437788799051,2023,"Males","B'Tselem historical average",43.7101711200949
0,1,0.0144036,0.00201974,0.00372379,0.0166264,0.0486626,0.10143,0.0710941,0.0313396,0.0370293,0.0352882,0.0284108,0.0182447,0.0135753,0.0200668,0.023058,0.0502021,0.0614246,0.22183,0.12054833638,0.0142234279974847,0.00804645649989779,0.0184472161028707,0.0798144332668309,0.216922917131938,0.404562949963105,0.301825473933976,0.145312881080244,0.169459118644905,0.162137177162165,0.132633444348275,0.087244142005864,0.0656485046374868,0.0955409949084288,0.10900633010131,0.223020283557096,0.266238947815093,1,0.985776572002515,0.991953543500102,0.981552783897129,0.920185566733169,0.783077082868062,0.595437050036895,0.698174526066024,0.854687118919756,0.830540881355095,0.837862822837835,0.867366555651725,0.912755857994136,0.934351495362513,0.904459005091571,0.89099366989869,0.776979716442904,0.733761052184907,0,1e+05,1422.34279974847,98749.1182585233,3056928.79215082,30.5692879215082,2023,"Males","B'Tselem historical average",44.3846620784918
0,1,0.0145186,0.00725114,0.00299694,0.0269786,0.0288212,0.101797,0.0930787,0.0329046,0.0178375,0.0219153,0.0286718,0.00942258,0.0106008,0.0392779,0.0416019,0.0651781,0.0847492,0.21376,0.12031885963,0.0143355106057799,0.0285899406751456,0.0148732642982351,0.126369799329521,0.134420593011726,0.405729807073378,0.377540948331372,0.152017788676766,0.0853800819696652,0.103884831860802,0.133770404304645,0.0460286289046393,0.0516355545337466,0.178829392509844,0.188413591517609,0.280228583417835,0.349662052046708,1,0.98566448939422,0.971410059324854,0.985126735701765,0.873630200670479,0.865579406988274,0.594270192926622,0.622459051668628,0.847982211323234,0.914619918030335,0.896115168139198,0.866229595695355,0.953971371095361,0.948364445466253,0.821170607490156,0.811586408482391,0.719771416582165,0.650337947953292,0,1e+05,1433.55106057799,98738.9321682521,3017350.33573958,30.1735033573958,2023,"Males","B'Tselem historical average",44.7804466426042
0,1,0.0152263,0.00874256,0.00332376,0.00793506,0.0429369,0.11355,0.0753437,0.0201944,0.0297455,0.0177819,0.0366334,0.015053,0.0120157,0.036565,0.0425506,0.0530362,0.0756574,0.222452,0.118906679665,0.0150247313411393,0.0343692888599688,0.0164818457509173,0.0389035450887698,0.193873664623561,0.442215947814234,0.317007251805378,0.0961193200099763,0.138433095867205,0.0851252770883564,0.167799348377838,0.0725353147670297,0.0583264181437746,0.167512283394225,0.192297106816712,0.234136698126993,0.31811719948013,1,0.984975268658861,0.965630711140031,0.983518154249083,0.96109645491123,0.806126335376439,0.557784052185766,0.682992748194622,0.903880679990024,0.861566904132795,0.914874722911644,0.832200651622162,0.92746468523297,0.941673581856225,0.832487716605775,0.807702893183288,0.765863301873007,0.68188280051987,0,1e+05,1502.47313411394,98676.1809575494,3082896.38818235,30.8289638818235,2023,"Males","B'Tselem historical average",44.1249861181765
0,1,0.0142126,0.00186385,0.00245764,0.00808807,0.05172,0.0805538,0.0552119,0.0287262,0.0232433,0.0448749,0.0317696,0.0245846,0.013994,0.0282537,0.0234696,0.0522695,0.0814296,0.287389,0.12092946733,0.0140372206794407,0.00742771171902499,0.0122131611167824,0.0396388456050676,0.228991410608341,0.335254033991615,0.242576698895613,0.134007205531176,0.109834225373444,0.20174165816053,0.147159966797107,0.115805424878811,0.0676048445146548,0.13194842216191,0.110844320347907,0.231143156900919,0.338282482007754,1,0.985962779320559,0.992572288280975,0.987786838883218,0.960361154394932,0.771008589391659,0.664745966008385,0.757423301104387,0.865992794468824,0.890165774626556,0.79825834183947,0.852840033202893,0.884194575121189,0.932395155485345,0.86805157783809,0.889155679652093,0.768856843099081,0.661717517992246,0,1e+05,1403.72206794407,98766.0292940118,3332581.75069114,33.3258175069114,2023,"Males","B'Tselem historical average",41.6281324930886
0,1,0.021707,0.00839584,0.00528666,0.00785629,0.0363959,0.0797815,0.0861708,0.0269796,0.0219674,0.0120926,0.0245093,0.0331388,0.0213212,0.0215928,0.0296052,0.0468469,0.0880485,0.306618,0.10597476685,0.0212937603875228,0.0330287517694873,0.0260884974600447,0.0385247950938798,0.166802208728359,0.332574307262785,0.354487764382394,0.126374187431905,0.104118943785705,0.058688751023435,0.115471204046649,0.153017000555018,0.101211142472774,0.102434386925014,0.137825147367862,0.209677632316572,0.360818648146649,1,0.978706239612477,0.966971248230513,0.973911502539955,0.96147520490612,0.833197791271641,0.667425692737215,0.645512235617606,0.873625812568095,0.895881056214295,0.941311248976565,0.884528795953351,0.846982999444982,0.898788857527226,0.897565613074986,0.862174852632138,0.790322367683428,0.639181351853351,0,1e+05,2129.37603875228,98096.2840904905,3264938.66083142,32.6493866083142,2023,"Males","B'Tselem historical average",42.3045633916858
0,1,0.0156658,0.00446075,0.00291378,0.00598067,0.041234,0.0831964,0.0674743,0.0454394,0.0187593,0.015169,0.00880927,0.0305151,0.037003,0.0299353,0.0269334,0.0445583,0.0504832,0.285075,0.11802967939,0.0154522991269689,0.0176852212981882,0.0144635410583376,0.0294628313215011,0.186903094503143,0.344358525849944,0.288675976411965,0.204020569352419,0.0895946669124722,0.0730738566704161,0.0430972125460854,0.141760881325649,0.169348951837859,0.13925490649407,0.126171435638439,0.200460996904118,0.224129112916974,1,0.984547700873031,0.982314778701812,0.985536458941662,0.970537168678499,0.813096905496857,0.655641474150056,0.711324023588035,0.795979430647581,0.910405333087528,0.926926143329584,0.956902787453915,0.858239118674351,0.830651048162141,0.86074509350593,0.873828564361561,0.799539003095882,0.775870887083026,0,1e+05,1545.22991269689,98637.1530784826,3365330.29364218,33.6533029364218,2023,"Males","B'Tselem historical average",41.3006470635782
0,1,0.0139536,0.00278945,0.00485519,0.00816575,0.0317959,0.1058,0.0763471,0.0314349,0.0262026,0.0107442,0.0403542,0.0102714,0.0183756,0.0266252,0.023402,0.0439968,0.0546484,0.242812,0.12144628888,0.0137846145880895,0.0110958970996706,0.0239848228202286,0.0400119314273674,0.147272820330161,0.418347172795571,0.320552387114354,0.145722564400794,0.122958423998352,0.0523157722008004,0.183280640902256,0.0500712455218667,0.087842598851367,0.124817755725635,0.110542699373173,0.198185212145673,0.240398514544426,1,0.98621538541191,0.988904102900329,0.976015177179771,0.959988068572633,0.852727179669839,0.581652827204429,0.679447612885646,0.854277435599206,0.877041576001648,0.9476842277992,0.816719359097745,0.949928754478133,0.912157401148633,0.875182244274365,0.889457300626827,0.801814787854327,0.759601485455574,0,1e+05,1378.46145880896,98788.9475697275,3270431.48667111,32.7043148667111,2023,"Males","B'Tselem historical average",42.2496351332889
0,1,0.0217398,0.00273427,0.00261639,0.0089407,0.0529712,0.130409,0.0634943,0.0536452,0.016811,0.0283652,0.0156282,0.0214833,0.0244212,0.0298816,0.0264726,0.0504148,0.0559167,0.263836,0.10590931609,0.0213252927641768,0.0108775954342639,0.0129969373576669,0.0437261441573314,0.233883302073068,0.491729966874619,0.273980931372835,0.236507296891932,0.080664857693295,0.132434660892155,0.0752027894161176,0.101941405507644,0.115080019565469,0.139022465720794,0.124146779886914,0.223859429130659,0.245293493307001,1,0.978674707235823,0.989122404565736,0.987003062642333,0.956273855842669,0.766116697926932,0.508270033125381,0.726019068627165,0.763492703108068,0.919335142306705,0.867565339107845,0.924797210583882,0.898058594492356,0.884919980434531,0.860977534279206,0.875853220113086,0.776140570869341,0.754706506692999,0,1e+05,2132.52927641768,98093.3254407896,2944082.600829,29.44082600829,2023,"Males","B'Tselem historical average",45.51312399171
0,1,0.0156111,0.00241512,0.00398549,0.00774587,0.0467184,0.106363,0.0569835,0.0219338,0.0222442,0.0167193,0.0309174,0.00781947,0.0235303,0.0445737,0.0256638,0.0505963,0.0411881,0.225288,0.118138830505,0.0153991032723825,0.00961404187039594,0.0197308571651918,0.0379936159745775,0.209162640267336,0.420105734423724,0.249389748207539,0.103967968434859,0.10536177880004,0.0802425037669242,0.143495714027793,0.0383477032128947,0.111115072522556,0.200523332801738,0.120582487869535,0.224574857805091,0.186714464873373,1,0.984600896727618,0.990385958129604,0.980269142834808,0.962006384025422,0.790837359732664,0.579894265576276,0.750610251792461,0.896032031565141,0.89463822119996,0.919757496233076,0.856504285972207,0.961652296787105,0.888884927477444,0.799476667198262,0.879417512130465,0.775425142194909,0.813285535126627,0,1e+05,1539.91032723825,98642.0128779042,3299275.69934992,32.9927569934992,2023,"Males","B'Tselem historical average",41.9611930065008
0,1,0.0159443,0.00417137,0.00723503,0.0112194,0.0687692,0.0490264,0.0546952,0.0625909,0.0433203,0.0226081,0.0102711,0.0136392,0.0201778,0.0281007,0.0248407,0.0503343,0.0535761,0.306036,0.117473946565,0.0157230567776687,0.0165474291013391,0.035532454072038,0.0545664917559823,0.293403235536806,0.218367561461865,0.240579623448851,0.270610165483152,0.195435670326849,0.106993216646818,0.0500698196875188,0.065947328009531,0.0960441032343927,0.131280794448596,0.116941244094551,0.223541933181639,0.236238637794187,1,0.984276943222331,0.983452570898661,0.964467545927962,0.945433508244018,0.706596764463194,0.781632438538135,0.759420376551149,0.729389834516848,0.80456432967315,0.893006783353182,0.949930180312481,0.934052671990469,0.903955896765607,0.868719205551404,0.883058755905449,0.776458066818361,0.763761362205813,0,1e+05,1572.30567776687,98612.399275407,3190987.14514356,31.9098714514356,2023,"Males","B'Tselem historical average",43.0440785485644
0,1,0.0170971,0.00482713,0.00814897,0.0123833,0.0866193,0.073405,0.0364341,0.0308846,0.0402419,0.0253913,0.0155854,0.0248763,0.0239462,0.02734,0.0383544,0.0565651,0.0478161,0.264981,0.115173591805,0.016842310112274,0.0191238929651027,0.0399313515356905,0.0600572331614787,0.356004375494355,0.310115017796601,0.166962664008152,0.143354392336138,0.182817219351452,0.119378558047614,0.0750045598329489,0.117099023880598,0.112968107745747,0.127954322085459,0.174992654345434,0.247785474623444,0.213552393493669,1,0.983157689887726,0.980876107034897,0.96006864846431,0.939942766838521,0.643995624505645,0.689884982203399,0.833037335991848,0.856645607663862,0.817182780648548,0.880621441952386,0.924995440167051,0.882900976119402,0.887031892254253,0.872045677914541,0.825007345654566,0.752214525376556,0.786447606506331,0,1e+05,1684.2310112274,98509.747923765,3048294.28375003,30.4829428375003,2023,"Males","B'Tselem historical average",44.4710071624997
0,1,0.0197353,0.00520358,0.00718527,0.0122575,0.0545643,0.107025,0.0664918,0.0292908,0.0223382,0.0490161,0.0314843,0.0231936,0.0155332,0.0191678,0.0275399,0.0782171,0.0708054,0.237223,0.109909195615,0.0193946102223563,0.0205999331992065,0.035292386681866,0.0594652613960934,0.240072966574806,0.422168532123663,0.285071677572896,0.136461345083566,0.105783469267047,0.218326692517262,0.145934857884748,0.10961224366342,0.0747627385729949,0.0914564525233093,0.128829613329656,0.32711962830271,0.300784145636392,1,0.980605389777644,0.979400066800794,0.964707613318134,0.940534738603907,0.759927033425194,0.577831467876337,0.714928322427104,0.863538654916434,0.894216530732953,0.781673307482738,0.854065142115252,0.89038775633658,0.925237261427005,0.908543547476691,0.871170386670344,0.67288037169729,0.699215854363608,0,1e+05,1939.46102223563,98273.7035786449,2941187.8723741,29.411878723741,2023,"Males","B'Tselem historical average",45.542071276259
0,1,0.0203022,0.00159191,0.00259867,0.0142974,0.078003,0.0948427,0.0784966,0.028863,0.0267911,0.0265177,0.0220738,0.0132641,0.0325113,0.0205805,0.0322904,0.0518052,0.0597681,0.227465,0.10877797501,0.0199413852065471,0.00634743092248039,0.0129094812956039,0.0690199841949286,0.326370336587846,0.383324640335202,0.328096793164257,0.134602425483196,0.125546666741645,0.124345132687342,0.104596873816854,0.0641918811723544,0.150337343787318,0.0978671146189612,0.149392167857533,0.229325381823848,0.259992374416581,1,0.980058614793453,0.99365256907752,0.987090518704396,0.930980015805071,0.673629663412154,0.616675359664798,0.671903206835743,0.865397574516804,0.874453333258355,0.875654867312658,0.895403126183146,0.935808118827646,0.849662656212682,0.902132885381039,0.850607832142467,0.770674618176152,0.740007625583419,0,1e+05,1994.13852065471,98222.7798295115,2929258.28229971,29.2925828229971,2023,"Males","B'Tselem historical average",45.6613671770029
0,1,0.015025,0.00432974,0.00282184,0.0138806,0.0603342,0.0942705,0.0405792,0.0471263,0.015921,0.00884878,0.0384068,0.0171027,0.0241609,0.0217547,0.0359625,0.0499363,0.0582139,0.235479,0.11930836375,0.0148287797755797,0.0171702743526487,0.0140103624967306,0.0670753835768094,0.262132163979995,0.381453070737582,0.18420842382028,0.210796367827167,0.0765578078529336,0.0432863221458066,0.175210785964086,0.0820071411669117,0.113923277699571,0.103162810041003,0.164979786105456,0.221970532273124,0.254090502274156,1,0.98517122022442,0.982829725647351,0.985989637503269,0.932924616423191,0.737867836020005,0.618546929262418,0.81579157617972,0.789203632172834,0.923442192147066,0.956713677854193,0.824789214035914,0.917992858833088,0.886076722300429,0.896837189958998,0.835020213894544,0.778029467726876,0.745909497725844,0,1e+05,1482.87797755798,98694.0417675854,3197836.89639172,31.9783689639172,2023,"Males","B'Tselem historical average",42.9755810360828
0,1,0.0174861,0.00422056,0.00600883,0.00826052,0.043198,0.0904803,0.0672303,0.0319828,0.0408661,0.0208688,0.0315047,0.0201779,0.0341035,0.0402804,0.0357311,0.065892,0.0436216,0.236863,0.114397361755,0.0172194442275862,0.0167409278193654,0.0295995040304912,0.0404669057884902,0.194937702787467,0.368945704852978,0.287782277818883,0.148074414073894,0.185390076488077,0.0991700976646404,0.14602251145816,0.0960445563652919,0.157121515951841,0.182976121580702,0.16400527756683,0.282863839688168,0.196661298728466,1,0.982780555772414,0.983259072180635,0.970400495969509,0.95953309421151,0.805062297212533,0.631054295147022,0.712217722181117,0.851925585926106,0.814609923511924,0.90082990233536,0.85397748854184,0.903955443634708,0.842878484048159,0.817023878419298,0.83599472243317,0.717136160311832,0.803338701271534,0,1e+05,1721.94442275862,98475.0414762937,3154059.13617597,31.5405913617597,2023,"Males","B'Tselem historical average",43.4133586382403
0,1,0.0172436,0.00588351,0.00221495,0.00544305,0.0411382,0.104112,0.0656141,0.0238163,0.0390815,0.0188477,0.0117174,0.0502784,0.0174622,0.0279609,0.0367446,0.0471805,0.0653538,0.228078,0.11488125838,0.016984373728002,0.023260335170838,0.0110137626659576,0.0268498868090105,0.186509352397956,0.413051068016631,0.281838973519058,0.112389731116996,0.178014787687479,0.0899978679601201,0.0569196249660568,0.223321394053101,0.0836588318654958,0.13067034862297,0.168265846904575,0.211013226202842,0.280877904080723,1,0.983015626271998,0.976739664829162,0.988986237334042,0.973150113190989,0.813490647602044,0.586948931983369,0.718161026480942,0.887610268883004,0.821985212312521,0.91000213203988,0.943080375033943,0.776678605946899,0.916341168134504,0.86932965137703,0.831734153095425,0.788986773797158,0.719122095919277,0,1e+05,1698.4373728002,98496.6812498667,3219773.36020064,32.1977336020064,2023,"Males","B'Tselem historical average",42.7562163979936
0,1,0.0147176,0.00208301,0.00237051,0.00985861,0.0411264,0.122751,0.0581243,0.030652,0.0353834,0.0294985,0.0120395,0.0124993,0.017898,0.0188473,0.044374,0.0527683,0.0483775,0.246402,0.11992176508,0.0145294058449544,0.00829747256335163,0.0117827223471223,0.0481073704905211,0.186460842062502,0.469634682669187,0.253749037106305,0.142351597113214,0.162539040303328,0.137362528623499,0.0584385720301088,0.0606027695077301,0.0856572656485554,0.0899960439043059,0.199714654772781,0.233091848523848,0.215789150882906,1,0.985470594155046,0.991702527436648,0.988217277652878,0.951892629509479,0.813539157937498,0.530365317330813,0.746250962893695,0.857648402886786,0.837460959696672,0.862637471376501,0.941561427969891,0.93939723049227,0.914342734351445,0.910003956095694,0.800285345227219,0.766908151476152,0.784210849117094,0,1e+05,1452.94058449545,98721.2986149536,3170510.26021713,31.7051026021713,2023,"Males","B'Tselem historical average",43.2488473978287
0,1,0.0158191,0.00229963,0.00271075,0.00966793,0.0437858,0.0832232,0.0625693,0.0388522,0.0417133,0.027231,0.0233308,0.018309,0.0240851,0.0396684,0.029029,0.0500201,0.0536625,0.218454,0.117723776905,0.0156013547652984,0.00915640730215151,0.0134625162104563,0.0471988617708006,0.19732853101654,0.344450349238199,0.270529410404019,0.177062801553689,0.188870473223242,0.127476704639879,0.110224911582148,0.0875381595901594,0.113586164663649,0.180446900436784,0.135324185544567,0.222301626082924,0.236574546055713,1,0.984398645234702,0.990843592697848,0.986537483789544,0.952801138229199,0.80267146898346,0.655549650761801,0.72947058959598,0.822937198446311,0.811129526776758,0.872523295360121,0.889775088417852,0.912461840409841,0.886413835336351,0.819553099563216,0.864675814455433,0.777698373917076,0.763425453944287,0,1e+05,1560.13547652983,98623.5295642507,3269268.5382909,32.692685382909,2023,"Males","B'Tselem historical average",42.261264617091
0,1,0.0167717,0.00260069,0.0016003,0.0167423,0.0465025,0.0790807,0.0415628,0.0540459,0.0344695,0.0259226,0.0297136,0.0230049,0.0234616,0.0350101,0.0284559,0.0563295,0.0596731,0.230679,0.115822911235,0.0165266241636923,0.0103489312758405,0.00796961556054614,0.0803484551484215,0.208296706065476,0.330135194341997,0.188253177124522,0.238063596653995,0.158673969058818,0.121724463552768,0.138294901534417,0.108768952794637,0.110808630581852,0.160962239727307,0.132830006542097,0.246880817479475,0.259632769461602,1,0.983473375836308,0.98965106872416,0.992030384439454,0.919651544851579,0.791703293934524,0.669864805658003,0.811746822875478,0.761936403346005,0.841326030941182,0.878275536447232,0.861705098465583,0.891231047205363,0.889191369418148,0.839037760272693,0.867169993457903,0.753119182520525,0.740367230538398,0,1e+05,1652.66241636922,98538.7537559833,3258808.76737218,32.5880876737218,2023,"Males","B'Tselem historical average",42.3658623262782
0,1,0.0145574,0.00138167,0.00293417,0.0264613,0.0393023,0.0962039,0.0510146,0.0218421,0.040611,0.011483,0.015281,0.00587484,0.0288548,0.0506595,0.0255461,0.0453199,0.0411394,0.289393,0.12024143617,0.0143733209175709,0.00551144998978523,0.0145640167474503,0.124097075162506,0.178930545093891,0.387759548040634,0.226221501476892,0.103555809152287,0.184339474048537,0.0558127553264655,0.0735935426855551,0.0289490228071294,0.134566757793081,0.224823841503397,0.120062667710972,0.203538624705521,0.18651428550703,1,0.985626679082429,0.994488550010215,0.98543598325255,0.875902924837494,0.821069454906109,0.612240451959366,0.773778498523108,0.896444190847713,0.815660525951463,0.944187244673535,0.926406457314445,0.971050977192871,0.865433242206919,0.775176158496603,0.879937332289028,0.796461375294479,0.81348571449297,0,1e+05,1437.33209175708,98735.494783209,3268241.83530583,32.6824183530583,2023,"Males","B'Tselem historical average",42.2715316469417
0,1,0.0141575,0.00148628,0.00385148,0.0214583,0.0454351,0.0625839,0.0661418,0.0557538,0.0252419,0.0185161,0.026476,0.031113,0.0361709,0.0189272,0.0262826,0.0509624,0.0580345,0.213654,0.121039416625,0.0139834910530012,0.00592750015015366,0.0190737446350327,0.101828816753638,0.204003231896184,0.270583995681648,0.283784033098941,0.244666308871149,0.118717840363332,0.088484529030066,0.124161734775228,0.144338027384932,0.165856548430902,0.0903603299093494,0.123310686385041,0.226016182280385,0.25340667569801,1,0.986016508946999,0.994072499849846,0.980926255364967,0.898171183246361,0.795996768103816,0.729416004318352,0.716215966901059,0.755333691128851,0.881282159636668,0.911515470969934,0.875838265224772,0.855661972615068,0.834143451569098,0.909639670090651,0.876689313614959,0.773983817719615,0.74659332430199,0,1e+05,1398.34910530011,98770.9062546435,3236169.3285045,32.361693285045,2023,"Males","B'Tselem historical average",42.592256714955
0,1,0.0186403,0.00324363,0.00262362,0.0126463,0.0532954,0.0959633,0.0766908,0.0463511,0.0229395,0.0236415,0.0184323,0.0337396,0.0237443,0.0226842,0.0224311,0.0503311,0.0746826,0.286757,0.112094213365,0.0183368105613548,0.0128908934227344,0.0130326184042556,0.0612936551230436,0.235146440930131,0.386977423531136,0.321763289746729,0.207688969513013,0.108476507869329,0.111610878537631,0.0881017072534792,0.155575372873494,0.112069000102184,0.107334033304297,0.106200040669354,0.223529309878887,0.314663313970219,1,0.981663189438645,0.987109106577266,0.986967381595744,0.938706344876956,0.764853559069869,0.613022576468864,0.678236710253271,0.792311030486987,0.891523492130671,0.888389121462369,0.911898292746521,0.844424627126506,0.887930999897816,0.892665966695703,0.893799959330646,0.776470690121113,0.685336686029781,0,1e+05,1833.68105613547,98371.8639794143,3042410.13602699,30.4241013602699,2023,"Males","B'Tselem historical average",44.5298486397301
0,1,0.0214959,0.00356417,0.0034894,0.00693149,0.0572163,0.0903666,0.0712081,0.0283518,0.0344422,0.0335474,0.0252842,0.0235566,0.0171198,0.0401507,0.0284382,0.0439558,0.0601276,0.218996,0.106396006345,0.0210907711296878,0.0141557728382462,0.0172961173205541,0.0340671104121237,0.250281103276502,0.368567516629395,0.302236315547207,0.132376238409644,0.158558261605341,0.154757703540605,0.118904958143284,0.111232359500478,0.082085770083319,0.182440695879843,0.132752868441703,0.198018811782614,0.261351851095218,1,0.978909228870312,0.985844227161754,0.982703882679446,0.965932889587876,0.749718896723498,0.631432483370605,0.697763684452793,0.867623761590356,0.841441738394659,0.845242296459395,0.881095041856716,0.888767640499522,0.917914229916681,0.817559304120157,0.867247131558297,0.801981188217386,0.738648148904782,0,1e+05,2109.07711296878,98115.3202689247,3109887.32800919,31.0988732800919,2023,"Males","B'Tselem historical average",43.8550767199081
0,1,0.0155483,0.00219042,0.0079418,0.0178339,0.0517095,0.11284,0.043494,0.0441445,0.0356876,0.0355679,0.00932382,0.0274239,0.016865,0.0421378,0.043414,0.0426892,0.0557303,0.218176,0.118264144765,0.0153380234654946,0.00872346390040654,0.0389359462550785,0.0853635858651009,0.228950243463996,0.440059277747446,0.196142450630674,0.198784404625071,0.163821967850359,0.163317361081935,0.045557182574911,0.128321790147907,0.0809134851810538,0.190609353011663,0.195817001718484,0.192863074138696,0.244575794060654,1,0.984661976534505,0.991276536099593,0.961064053744921,0.914636414134899,0.771049756536004,0.559940722252554,0.803857549369326,0.801215595374929,0.836178032149641,0.836682638918065,0.954442817425089,0.871678209852093,0.919086514818946,0.809390646988337,0.804182998281516,0.807136925861304,0.755424205939346,0,1e+05,1533.80234654946,98647.5914762038,2975718.4605066,29.757184605066,2023,"Males","B'Tselem historical average",45.196765394934
0,1,0.0170549,0.00857628,0.00423706,0.0198633,0.0561163,0.086588,0.072194,0.0215256,0.0216031,0.0326581,0.016287,0.0171222,0.0413474,0.0262284,0.0350445,0.0508242,0.0467814,0.23854,0.115257799795,0.0168013807773834,0.033726622090987,0.0209632436966566,0.0946179387433958,0.246061366366429,0.3558986247092,0.305781098446825,0.102131875264515,0.10248074551634,0.150964930507484,0.0782489003980427,0.0820968052048057,0.187368952439733,0.123072043064235,0.161107656802925,0.225472368164797,0.209415163657216,1,0.983198619222617,0.966273377909013,0.979036756303343,0.905382061256604,0.753938633633571,0.6441013752908,0.694218901553175,0.897868124735485,0.89751925448366,0.849035069492516,0.921751099601957,0.917903194795194,0.812631047560267,0.876927956935765,0.838892343197075,0.774527631835203,0.790584836342784,0,1e+05,1680.13807773835,98513.5109404536,3036075.657127,30.36075657127,2023,"Males","B'Tselem historical average",44.59319342873
0,1,0.0158897,0.00119468,0.000876621,0.0166587,0.0495312,0.110964,0.0596051,0.0370013,0.0291716,0.0245016,0.0336563,0.0250211,0.0360394,0.0201785,0.0320556,0.0482318,0.0698406,0.228878,0.117582898135,0.0156699857545619,0.00476732913445929,0.00437352020086998,0.0799632888980837,0.220368241403489,0.434331968592699,0.259375276732134,0.169341830333228,0.135943757695057,0.115437020732077,0.155221081764522,0.117740507471276,0.165303410655092,0.0960472751461581,0.148386457668874,0.21520918417658,0.29729486979201,1,0.984330014245438,0.995232670865541,0.99562647979913,0.920036711101916,0.779631758596511,0.565668031407301,0.740624723267866,0.830658169666772,0.864056242304943,0.884562979267923,0.844778918235478,0.882259492528724,0.834696589344908,0.903952724853842,0.851613542331126,0.78479081582342,0.70270513020799,0,1e+05,1566.99857545619,98617.2536584194,3058304.61615858,30.5830461615858,2023,"Males","B'Tselem historical average",44.3709038384142
0,1,0.0139144,0.00192686,0.00149673,0.0214088,0.0471089,0.0917445,0.0795435,0.0157976,0.0155916,0.042202,0.0184346,0.0265404,0.0112909,0.025972,0.0357321,0.0488118,0.0522926,0.210706,0.12152451052,0.0137463717832857,0.0076778517093108,0.00745575188121706,0.101605851610123,0.210726737937894,0.373138896317092,0.331746754986774,0.0759869705837648,0.075033277862209,0.190872044902556,0.088112216341574,0.124444952928257,0.0549046915455703,0.121942287286488,0.164009491152936,0.217515671379407,0.231233497961276,1,0.986253628216714,0.992322148290689,0.992544248118783,0.898394148389877,0.789273262062106,0.626861103682908,0.668253245013226,0.924013029416235,0.924966722137791,0.809127955097444,0.911887783658426,0.875555047071743,0.94509530845443,0.878057712713512,0.835990508847064,0.782484328620593,0.768766502038724,0,1e+05,1374.63717832857,98792.4149319104,3178098.39097674,31.7809839097674,2023,"Males","B'Tselem historical average",43.1729660902326
0,1,0.018913,0.00372211,0.00412438,0.00423155,0.0610969,0.0750407,0.0880066,0.0400811,0.0133412,0.0142619,0.0419009,0.0205275,0.024582,0.0380099,0.0315568,0.0455899,0.0824899,0.211979,0.11155005415,0.018600451885689,0.0147784261445264,0.0204114386763798,0.0209362678395588,0.26500676972671,0.315933771569468,0.360677908864347,0.182153244027067,0.0645529649596992,0.0688545096712973,0.189639351266313,0.0976273846537979,0.115793886693265,0.173557264344938,0.146246334202126,0.204627169511697,0.341934204218575,1,0.981399548114311,0.985221573855474,0.97958856132362,0.979063732160441,0.73499323027329,0.684066228430532,0.639322091135653,0.817846755972933,0.935447035040301,0.931145490328703,0.810360648733687,0.902372615346202,0.884206113306735,0.826442735655062,0.853753665797874,0.795372830488303,0.658065795781425,0,1e+05,1860.04518856891,98347.4429529374,3144639.19317107,31.4463919317107,2023,"Males","B'Tselem historical average",43.5075580682893
0,1,0.0179272,0.00297219,0.00653107,0.00932303,0.0629918,0.082419,0.0637663,0.0606171,0.029483,0.00800149,0.0505433,0.0137495,0.00995282,0.0239273,0.0257252,0.049041,0.072405,0.290226,0.11351716876,0.0176467550335445,0.011818506307476,0.0321307298849261,0.0455534104689883,0.272107626960132,0.341690522139468,0.274993245520427,0.263199520816748,0.13729530621701,0.0392228469557795,0.224366004332991,0.0664629201968824,0.0485559289481165,0.112883977983961,0.12085354590238,0.218425488986529,0.306537822419322,1,0.982353244966455,0.988181493692524,0.967869270115074,0.954446589531012,0.727892373039868,0.658309477860532,0.725006754479573,0.736800479183252,0.86270469378299,0.96077715304422,0.775633995667009,0.933537079803118,0.951444071051883,0.887116022016039,0.87914645409762,0.781574511013471,0.693462177580678,0,1e+05,1764.67550335445,98435.6454635665,3046146.67772119,30.4614667772119,2023,"Males","B'Tselem historical average",44.4924832227881
0,1,0.0138677,0.00409016,0.00483616,0.0262572,0.0520913,0.106801,0.061061,0.019944,0.0163256,0.0121585,0.0146813,0.0368129,0.0183495,0.0238097,0.036455,0.0443739,0.0481422,0.214467,0.121617698035,0.0137008085027028,0.0162278906614642,0.0238919369257924,0.123198857403464,0.230445929837623,0.421471149425514,0.264871676415919,0.0949840931171775,0.0784270772683688,0.0589991471727503,0.0708076298593643,0.168552256583997,0.0877233031233454,0.112360335310872,0.167050440480691,0.199714249644275,0.214852339279809,1,0.986299191497297,0.983772109338536,0.976108063074208,0.876801142596536,0.769554070162377,0.578528850574486,0.735128323584081,0.905015906882823,0.921572922731631,0.94100085282725,0.929192370140636,0.831447743416003,0.912276696876655,0.887639664689128,0.832949559519309,0.800285750355725,0.785147660720191,0,1e+05,1370.08085027029,98796.5452288614,3078194.09507989,30.7819409507989,2023,"Males","B'Tselem historical average",44.1720090492011
0,1,0.0204834,0.00218573,0.00725106,0.0129086,0.048559,0.124832,0.0568278,0.027804,0.0396397,0.0191363,0.0263115,0.0368136,0.0112182,0.0223391,0.0578538,0.0474726,0.0512155,0.232218,0.10841639947,0.0201160277537127,0.00870486702200797,0.0356097784005768,0.0625252174452167,0.216511094415673,0.475702701054814,0.248793090087775,0.129984759375789,0.180328118684459,0.0913130167919123,0.123437908665377,0.168555191505026,0.0545608146721132,0.105787505821744,0.25271735213293,0.21218103633608,0.227011261802841,1,0.979883972246287,0.991295132977992,0.964390221599423,0.937474782554783,0.783488905584327,0.524297298945186,0.751206909912225,0.870015240624211,0.819671881315541,0.908686983208088,0.876562091334623,0.831444808494974,0.945439185327887,0.894212494178256,0.74728264786707,0.78781896366392,0.772988738197159,0,1e+05,2011.60277537127,98206.4879546983,2962334.50835314,29.6233450835314,2023,"Males","B'Tselem historical average",45.3306049164686
0,1,0.0143359,0.00482435,0.00416318,0.010216,0.0470737,0.0965007,0.083679,0.0378124,0.0221377,0.0201441,0.0142914,0.0581915,0.0148292,0.0257408,0.0259316,0.0629501,0.0495718,0.218434,0.120683428345,0.0141574342935041,0.0191129845460109,0.0206014808177232,0.0498079060787488,0.210585860899445,0.388723319020497,0.346010473888674,0.172733344236024,0.104883785551492,0.0958913858364309,0.0689920186612611,0.254005148502318,0.0714954492113863,0.120922401611497,0.121764151802778,0.271951987914032,0.220528956664987,1,0.985842565706496,0.980887015453989,0.979398519182277,0.950192093921251,0.789414139100555,0.611276680979503,0.653989526111326,0.827266655763976,0.895116214448508,0.904108614163569,0.931007981338739,0.745994851497682,0.928504550788614,0.879077598388503,0.878235848197222,0.728048012085968,0.779471043335013,0,1e+05,1415.74342935042,98755.1133413605,3076116.57825497,30.7611657825497,2023,"Males","B'Tselem historical average",44.1927842174503
0,1,0.0149468,0.00263965,0.0088603,0.0102696,0.0711402,0.0500994,0.0936962,0.0306468,0.0228725,0.0154341,0.0184742,0.0514127,0.0239536,0.0210561,0.0379,0.0573015,0.0524491,0.218332,0.11946440794,0.0147526377407305,0.0105031507164228,0.0433414542815725,0.0500626904845009,0.301991636459805,0.222614826858245,0.379570270137789,0.142329166268041,0.108176814524473,0.0743034815870917,0.0882931373069116,0.22778579335495,0.113001045397421,0.100015651121074,0.173098881023065,0.250607094006908,0.231845305913969,1,0.98524736225927,0.989496849283577,0.956658545718428,0.949937309515499,0.698008363540195,0.777385173141755,0.620429729862211,0.857670833731959,0.891823185475528,0.925696518412908,0.911706862693088,0.77221420664505,0.886998954602579,0.899984348878926,0.826901118976935,0.749392905993092,0.768154694086031,0,1e+05,1475.26377407306,98700.9777392519,3111777.17406951,31.1177717406951,2023,"Males","B'Tselem historical average",43.8361782593049
0,1,0.0158886,0.00137326,0.0100285,0.00669225,0.0578898,0.0781477,0.0864471,0.0674066,0.01824,0.0079902,0.020439,0.017081,0.0130005,0.0214518,0.0241148,0.0802254,0.0398232,0.215828,0.11758509313,0.0156689165025428,0.00547799457833072,0.0489161119288049,0.0329106345154106,0.252854726180841,0.326876820697872,0.355422408726458,0.288428105208613,0.0872226472838562,0.039168587872944,0.0972269461206025,0.0819073513298376,0.0629563402465615,0.101799541489679,0.113718266846618,0.334115604880542,0.181087309628051,1,0.984331083497457,0.994522005421669,0.951083888071195,0.967089365484589,0.747145273819159,0.673123179302128,0.644577591273542,0.711571894791387,0.912777352716144,0.960831412127056,0.902773053879397,0.918092648670162,0.937043659753439,0.898200458510321,0.886281733153382,0.665884395119458,0.81891269037195,0,1e+05,1566.89165025427,98617.3514503655,3079785.68157447,30.7978568157447,2023,"Males","B'Tselem historical average",44.1560931842553
0,1,0.013903,0.00613093,0.00319156,0.015889,0.0360448,0.085576,0.08411,0.0536807,0.0361712,0.0175824,0.00654829,0.014434,0.0283684,0.0257677,0.0276008,0.046168,0.0660745,0.282322,0.12154725865,0.0137352496317759,0.0242266561342141,0.0158314821867799,0.0764098112717576,0.165326131626842,0.352472115590556,0.347483010059697,0.236645288194979,0.165857809960859,0.0842104456509661,0.0322140821204782,0.0696564471061737,0.13244861198912,0.121041121719661,0.129096110203723,0.206953434580696,0.283536215776662,1,0.986264750368224,0.975773343865786,0.98416851781322,0.923590188728242,0.834673868373158,0.647527884409444,0.652516989940303,0.763354711805021,0.834142190039141,0.915789554349034,0.967785917879522,0.930343552893826,0.86755138801088,0.878958878280339,0.870903889796277,0.793046565419304,0.716463784223338,0,1e+05,1373.52496317758,98793.423230784,3135111.25994131,31.3511125994131,2023,"Males","B'Tselem historical average",43.602837400587
0,1,0.0195823,0.00317196,0.00256135,0.0287608,0.0404838,0.0909238,0.0597013,0.0333311,0.026938,0.0219144,0.0273446,0.0112409,0.0290431,0.0494374,0.0325277,0.0781327,0.0686171,0.216645,0.110214499465,0.0192469404131959,0.0126078567653094,0.0127252653539641,0.1341577868126,0.183815159604054,0.370419197439603,0.259739530864933,0.153836639004216,0.126191625013468,0.103880787192852,0.127974473059915,0.0546682005607905,0.135385465935707,0.219996822694329,0.150407476792816,0.326824331404232,0.292849321973099,1,0.980753059586804,0.987392143234691,0.987274734646036,0.8658422131874,0.816184840395946,0.629580802560397,0.740260469135067,0.846163360995784,0.873808374986532,0.896119212807148,0.872025526940085,0.94533179943921,0.864614534064293,0.780003177305671,0.849592523207184,0.673175668595768,0.707150678026901,0,1e+05,1924.69404131958,98287.4351490677,3109171.36709964,31.0917136709964,2023,"Males","B'Tselem historical average",43.8622363290036
0,1,0.014222,0.00297047,0.00465397,0.0263121,0.0742856,0.0543049,0.0727526,0.0221634,0.0199799,0.024624,0.00722398,0.0150804,0.0366474,0.0203935,0.0411574,0.0461488,0.0709104,0.220571,0.1209107101,0.0140463863486161,0.0118117073553046,0.0230022208851676,0.123440549775622,0.313252605603037,0.239068079609091,0.307782971473875,0.104999154355873,0.0951469344128136,0.115980255473077,0.035479148354672,0.072662549231426,0.167858093280757,0.0970210053200156,0.18658827892267,0.206876270876443,0.301163023793911,1,0.985953613651384,0.988188292644695,0.976997779114832,0.876559450224378,0.686747394396963,0.760931920390909,0.692217028526126,0.895000845644127,0.904853065587186,0.884019744526923,0.964520851645328,0.927337450768574,0.832141906719243,0.902978994679984,0.81341172107733,0.793123729123557,0.698836976206089,0,1e+05,1404.63863486161,98765.1972199134,3154133.7055509,31.541337055509,2023,"Males","B'Tselem historical average",43.412612944491
0,1,0.0197258,0.00135585,0.00561429,0.0125475,0.0514506,0.072441,0.0721995,0.0361489,0.0340053,0.0195461,0.0306542,0.0339665,0.0202646,0.0428225,0.0315397,0.044989,0.0653941,0.285649,0.10992815239,0.0193854424352053,0.00540873313834874,0.0276829004224679,0.0608293590435041,0.227934573572391,0.306666864222199,0.305800832063566,0.16576403150392,0.156704537939974,0.0931773647758852,0.142361086923104,0.156539732905651,0.0964373397140754,0.193407064907497,0.146172878184788,0.20220275107924,0.281026768495776,1,0.980614557564795,0.994591266861651,0.972317099577532,0.939170640956496,0.772065426427609,0.693333135777801,0.694199167936434,0.83423596849608,0.843295462060025,0.906822635224115,0.857638913076896,0.843460267094349,0.903562660285925,0.806592935092503,0.853827121815212,0.79779724892076,0.718973231504224,0,1e+05,1938.54424352053,98274.556343496,3170170.9233103,31.701709233103,2023,"Males","B'Tselem historical average",43.252240766897
0,1,0.014135,0.00488162,0.00263205,0.00429267,0.0433458,0.112943,0.0373907,0.0408919,0.016445,0.0182117,0.0144806,0.0135518,0.0337894,0.0429433,0.0340469,0.0466575,0.0393308,0.229933,0.12108431425,0.0139615490690577,0.0193376815737519,0.0130742199981348,0.021235457966626,0.195539463777485,0.440372517024309,0.170971627883263,0.185496263369774,0.0789780163046741,0.0870932114046546,0.0698734753809949,0.0655385854927968,0.155787116974274,0.19389976098521,0.156881203390694,0.208918466610322,0.179048680402102,1,0.986038450930942,0.980662318426248,0.986925780001865,0.978764542033374,0.804460536222515,0.559627482975691,0.829028372116737,0.814503736630226,0.921021983695326,0.912906788595345,0.930126524619005,0.934461414507203,0.844212883025726,0.80610023901479,0.843118796609307,0.791081533389678,0.820951319597898,0,1e+05,1396.15490690577,98772.8975525837,3360270.15485637,33.6027015485637,2023,"Males","B'Tselem historical average",41.3512484514363
0,1,0.0205016,0.00244317,0.0031361,0.0176367,0.0492228,0.0854042,0.0342185,0.0306329,0.034895,0.0322926,0.0147936,0.01084,0.0203108,0.026836,0.0335291,0.0464923,0.064668,0.267396,0.10838008228,0.020133565768415,0.00972515956381694,0.0155585173344684,0.0844595314540126,0.219146490338425,0.351889003020575,0.157609590563276,0.142269204234047,0.160475517078835,0.149401585870311,0.0713299337308965,0.0527699347677928,0.0966465767712845,0.125743845411352,0.154679812727681,0.208255775071597,0.278340664732669,1,0.979866434231585,0.990274840436183,0.984441482665532,0.915540468545987,0.780853509661576,0.648110996979425,0.842390409436724,0.857730795765953,0.839524482921165,0.850598414129689,0.928670066269103,0.947230065232207,0.903353423228715,0.874256154588648,0.845320187272319,0.791744224928403,0.721659335267331,0,1e+05,2013.3565768415,98204.8511746156,3347723.1055884,33.477231055884,2023,"Males","B'Tselem historical average",41.476718944116
0,1,0.0188367,0.00650933,0.00465047,0.0165778,0.0511116,0.0692467,0.0447362,0.033935,0.0479966,0.0224242,0.0162262,0.0556719,0.0283478,0.048208,0.0310517,0.0516315,0.0463747,0.238219,0.111702306985,0.0185267001891419,0.025702705219665,0.0229851209613077,0.0795904150437205,0.226602907129854,0.295139848612681,0.201180834840969,0.156405913328033,0.214272161886943,0.106169106788863,0.0779681817242643,0.244350814698032,0.13235879815421,0.215114411166244,0.144074133102827,0.228644370465745,0.207783729678228,1,0.981473299810858,0.974297294780335,0.977014879038692,0.92040958495628,0.773397092870146,0.704860151387319,0.798819165159031,0.843594086671967,0.785727838113057,0.893830893211137,0.922031818275736,0.755649185301968,0.86764120184579,0.784885588833756,0.855925866897173,0.771355629534255,0.792216270321772,0,1e+05,1852.67001891418,98354.2774962805,3185091.90857457,31.8509190857457,2023,"Males","B'Tselem historical average",43.1030309142543
0,1,0.0227141,0.0049747,0.00263836,0.0178422,0.0413314,0.113067,0.0585707,0.0298975,0.0177122,0.0190898,0.0206671,0.0577321,0.0172143,0.0176193,0.0467417,0.045203,0.055125,0.216664,0.103965149155,0.0222610296077041,0.0197027692674504,0.0131053583667488,0.0854016181228224,0.187303237431101,0.440749453775043,0.255448941679004,0.139091295017998,0.084805758606045,0.0911012389230184,0.0982586943452435,0.252252791534612,0.0825201820742961,0.084379720956383,0.209256042137996,0.203066915541899,0.242241142543257,1,0.977738970392296,0.98029723073255,0.986894641633251,0.914598381877178,0.8126967625689,0.559250546224957,0.744551058320996,0.860908704982002,0.915194241393955,0.908898761076982,0.901741305654757,0.747747208465388,0.917479817925704,0.915620279043617,0.790743957862004,0.796933084458101,0.757758857456743,0,1e+05,2226.10296077041,98005.3341655805,3085243.50220514,30.8524350220514,2023,"Males","B'Tselem historical average",44.1015149779487
0,1,0.0204988,0.00637605,0.00281556,0.0187366,0.068545,0.115697,0.0520491,0.0515977,0.023528,0.0230113,0.0225816,0.0162478,0.0121597,0.0263591,0.0365056,0.0457403,0.041993,0.220187,0.10838566954,0.0201308676520591,0.025183063061533,0.0139794003985348,0.0894911025212508,0.29258662455047,0.448701466171027,0.230280737203105,0.228511792686278,0.111104814793827,0.108797566400708,0.106874506604168,0.078067920118737,0.0590047983827628,0.123647413647322,0.16726291713096,0.205232957396942,0.190016583973049,1,0.979869132347941,0.974816936938467,0.986020599601465,0.910508897478749,0.70741337544953,0.551298533828973,0.769719262796895,0.771488207313722,0.888895185206173,0.891202433599292,0.893125493395832,0.921932079881263,0.940995201617237,0.876352586352678,0.83273708286904,0.794767042603058,0.809983416026951,0,1e+05,2013.08676520591,98205.102991683,2858755.6969611,28.587556969611,2023,"Males","B'Tselem historical average",46.366393030389
0,1,0.0176293,0.00426506,0.00299689,0.0102595,0.0453584,0.10087,0.108371,0.0454001,0.0309851,0.0223206,0.0364515,0.0161896,0.012742,0.023951,0.0268486,0.0423828,0.0495934,0.317584,0.114111613315,0.0173582066089792,0.0169159449595814,0.0148730180026948,0.0500146858268974,0.203693923815067,0.402779164254198,0.42634611336996,0.203862100614706,0.143787337427674,0.105704528739541,0.167035741657435,0.0777991569227102,0.0617431712789103,0.112989472840022,0.125799170947263,0.191611427930742,0.220614448521709,1,0.982641793391021,0.983084055040419,0.985126981997305,0.949985314173103,0.796306076184933,0.597220835745802,0.57365388663004,0.796137899385294,0.856212662572326,0.89429547126046,0.832964258342565,0.92220084307729,0.93825682872109,0.887010527159978,0.874200829052737,0.808388572069258,0.779385551478291,0,1e+05,1735.82066089792,98462.2566351427,2941704.27639958,29.4170427639958,2023,"Males","B'Tselem historical average",45.5369072360042
0,1,0.0145228,0.00367313,0.00205045,0.0129972,0.0566695,0.0650086,0.0804441,0.0350889,0.0329829,0.0239884,0.0223873,0.0280886,0.0303989,0.0197617,0.0237555,0.0707826,0.0394413,0.225254,0.12031047874,0.0143396036057526,0.0145853720646166,0.0101999637110218,0.0629408625530633,0.248186051400411,0.279601710592019,0.334873921856882,0.16129531229135,0.152351975101095,0.113155925964012,0.106003660621425,0.131227974769709,0.141259190021164,0.094156756083273,0.112118898751757,0.300701852617323,0.179506568909204,1,0.985660396394247,0.985414627935383,0.989800036288978,0.937059137446937,0.751813948599589,0.720398289407981,0.665126078143118,0.83870468770865,0.847648024898905,0.886844074035988,0.893996339378575,0.868772025230291,0.858740809978836,0.905843243916727,0.887881101248243,0.699298147382677,0.820493431090796,0,1e+05,1433.96036057526,98738.5600968997,3200595.28695441,32.0059528695441,2023,"Males","B'Tselem historical average",42.9479971304559
0,1,0.0150393,0.00431893,0.00297887,0.0168023,0.0396748,0.0737231,0.0604468,0.0694337,0.0199183,0.0303385,0.0141143,0.046488,0.0235718,0.0492257,0.0474234,0.0581379,0.0401226,0.240879,0.119279828815,0.0148427022508877,0.0171277726973287,0.0147842491096369,0.0806247950167261,0.180473386239102,0.31124975750602,0.262557151010714,0.295818983596619,0.0948675016068602,0.140998307146583,0.0681662043546915,0.208238519288312,0.111300138488917,0.219157986731391,0.211984442476634,0.253800875238656,0.182324652267346,1,0.985157297749112,0.982872227302671,0.985215750890363,0.919375204983274,0.819526613760898,0.68875024249398,0.737442848989286,0.704181016403381,0.90513249839314,0.859001692853417,0.931833795645309,0.791761480711688,0.888699861511083,0.780842013268609,0.788015557523366,0.746199124761344,0.817675347732654,0,1e+05,1484.27022508877,98692.773273275,3167928.2378599,31.679282378599,2023,"Males","B'Tselem historical average",43.274667621401
0,1,0.0227766,0.00554318,0.00204472,0.031601,0.0350664,0.0912933,0.0533693,0.0346831,0.0226794,0.0163162,0.0178078,0.0576014,0.0156602,0.0187271,0.0345726,0.0479385,0.0548739,0.224574,0.10384043353,0.0223209957107316,0.0219296005536065,0.0101716047906313,0.146436176005153,0.161200221391493,0.371644799552528,0.23543411519042,0.159578782796019,0.107312539953449,0.078383690089408,0.0852439806054363,0.251753600404195,0.0753509717793524,0.089447757262427,0.159110813705236,0.214040543512112,0.241270822529057,1,0.977679004289268,0.978070399446394,0.989828395209369,0.853563823994847,0.838799778608507,0.628355200447472,0.76456588480958,0.840421217203981,0.892687460046551,0.921616309910592,0.914756019394564,0.748246399595805,0.924649028220648,0.910552242737573,0.840889186294764,0.785959456487888,0.758729177470943,0,1e+05,2232.09957107317,97999.6826160692,3145799.11963628,31.4579911963628,2023,"Males","B'Tselem historical average",43.4959588036372
0,1,0.0150211,0.0028816,0.00282513,0.00416504,0.0315697,0.0764946,0.092553,0.0243366,0.0224876,0.0494011,0.0255727,0.0124251,0.0391065,0.0540442,0.0267421,0.0504178,0.0427547,0.240058,0.119316146005,0.0148249826726736,0.0114603517010764,0.0140265827010346,0.0206105901688083,0.146301744538599,0.321072263987881,0.375809303770356,0.114704223015408,0.106453301824716,0.219853044418449,0.120180171331479,0.0602538497293205,0.178118520222315,0.23805699973703,0.125331435543857,0.223871259084343,0.193130417362029,1,0.985175017327326,0.988539648298924,0.985973417298965,0.979389409831192,0.8536982554614,0.678927736012119,0.624190696229644,0.885295776984592,0.893546698175284,0.780146955581551,0.879819828668521,0.939746150270679,0.821881479777685,0.76194300026297,0.874668564456143,0.776128740915657,0.806869582637971,0,1e+05,1482.49826726737,98694.3877124421,3347546.65980814,33.4754665980814,2023,"Males","B'Tselem historical average",41.4784834019186
0,1,0.0158737,0.0023948,0.00619588,0.0112263,0.0391362,0.119552,0.0471864,0.0380872,0.0268513,0.0384171,0.0348792,0.0131054,0.0231825,0.0266965,0.0239766,0.0511962,0.0465157,0.224298,0.117614825335,0.0156544327816674,0.00953353816560203,0.0305068579228327,0.0545991343452498,0.178241739123306,0.460211874846021,0.211036829384793,0.173879538137613,0.125811025994298,0.175253656848695,0.16040868360685,0.063448214426633,0.109562659136425,0.125131094349262,0.113103411839238,0.226935421885202,0.208349672811057,1,0.984345567218333,0.990466461834398,0.969493142077167,0.94540086565475,0.821758260876694,0.539788125153979,0.788963170615206,0.826120461862387,0.874188974005702,0.824746343151305,0.83959131639315,0.936551785573367,0.890437340863575,0.874868905650738,0.886896588160762,0.773064578114798,0.791650327188943,0,1e+05,1565.44327816674,98618.6760595667,3117090.93172886,31.1709093172886,2023,"Males","B'Tselem historical average",43.7830406827114
0,1,0.0149511,0.00401884,0.00881625,0.0167054,0.0607785,0.0765337,0.0550035,0.0257,0.0104057,0.00596002,0.0246948,0.0544613,0.0241996,0.049387,0.0311088,0.0498018,0.066774,0.250929,0.119455827505,0.0147568248662596,0.0159471816569396,0.0431306240884505,0.0801784666097439,0.263807881661145,0.321210021452837,0.241771766590806,0.120742306788818,0.0507093346900396,0.0293625958536508,0.116294336544738,0.239674093261626,0.114095345681608,0.219797190394916,0.144319948931685,0.221438864851141,0.28610848076371,1,0.98524317513374,0.98405281834306,0.95686937591155,0.919821533390256,0.736192118338855,0.678789978547162,0.758228233409194,0.879257693211182,0.94929066530996,0.970637404146349,0.883705663455262,0.760325906738374,0.885904654318392,0.780202809605084,0.855680051068315,0.778561135148859,0.71389151923629,0,1e+05,1475.68248662596,98700.5963859486,3192228.04458808,31.9222804458808,2023,"Males","B'Tselem historical average",43.0316695541192
0,1,0.0142746,0.00267235,0.00666726,0.0260631,0.038591,0.0654138,0.073544,0.048674,0.0333852,0.0223432,0.0378532,0.0152383,0.0147196,0.0264667,0.0332667,0.0546862,0.0480639,0.260116,0.12080574943,0.0140976721527104,0.0106325720919402,0.0327897554378978,0.122343850007194,0.175977163234084,0.281099529064243,0.310611051982498,0.216968221916135,0.154067097815062,0.105805894353218,0.172903612443623,0.0733954454586679,0.0709857937748783,0.124120828191275,0.153562228530372,0.240544797708837,0.21454038140542,1,0.98590232784729,0.98936742790806,0.967210244562102,0.877656149992806,0.824022836765916,0.718900470935756,0.689388948017502,0.783031778083865,0.845932902184938,0.894194105646782,0.827096387556377,0.926604554541332,0.929014206225122,0.875879171808725,0.846437771469628,0.759455202291163,0.78545961859458,0,1e+05,1409.76721527104,98760.5407696916,3146962.66861172,31.4696266861172,2023,"Males","B'Tselem historical average",43.4843233138828
0,1,0.0142187,0.00384493,0.00341593,0.0331691,0.0505697,0.0582109,0.0619469,0.0311277,0.0344704,0.0365577,0.0252263,0.027275,0.0115927,0.0362309,0.0313948,0.0765998,0.0690134,0.300666,0.120917295085,0.0140431686318417,0.0152623546296278,0.0169350278259959,0.153146196254534,0.224470043147597,0.254079071449413,0.268199223763597,0.14440129919743,0.158677783342663,0.167481641029353,0.118648822991428,0.127669533672693,0.0563309310393503,0.166108819893318,0.145550201346887,0.321442854151429,0.294291804882334,1,0.985956831368158,0.984737645370372,0.983064972174004,0.846853803745466,0.775529956852403,0.745920928550587,0.731800776236403,0.85559870080257,0.841322216657337,0.832518358970647,0.881351177008572,0.872330466327307,0.94366906896065,0.833891180106682,0.854449798653113,0.678557145848572,0.705708195117666,0,1e+05,1404.31686318417,98765.4893333543,3128777.37293623,31.2877737293623,2023,"Males","B'Tselem historical average",43.6661762706377
0,1,0.0156524,0.00420679,0.00212944,0.0113782,0.0383568,0.110137,0.0585254,0.0297413,0.0402956,0.0457268,0.0281128,0.0261244,0.010506,0.029028,0.0297206,0.0498006,0.0480087,0.253131,0.11805641842,0.0154392681029179,0.0166867645713379,0.0105908187174756,0.0553174669926603,0.175002646246163,0.431793812250435,0.25527658882147,0.138414902174867,0.183038849354843,0.205178598190641,0.131333611141736,0.12261395967938,0.0511856099545439,0.13531983926457,0.138325228066795,0.221434119918915,0.214320391545968,1,0.984560731897082,0.983313235428662,0.989409181282524,0.94468253300734,0.824997353753837,0.568206187749565,0.74472341117853,0.861585097825133,0.816961150645158,0.79482140180936,0.868666388858264,0.87738604032062,0.948814390045456,0.86468016073543,0.861674771933205,0.778565880081085,0.785679608454032,0,1e+05,1543.9268102918,98638.3436592339,3127055.80907646,31.2705580907646,2023,"Males","B'Tselem historical average",43.6833919092354
0,1,0.0140311,0.00282222,0.00432,0.00298277,0.0617119,0.092181,0.0596675,0.0384798,0.0235395,0.0290651,0.0155979,0.0456105,0.011484,0.0443605,0.0237549,0.0516555,0.0481125,0.220738,0.121291641505,0.0138602140275959,0.0112255182358488,0.0213692125049466,0.0148034616963896,0.267317779766993,0.374581708761614,0.259611567056622,0.175514584708349,0.111156102323396,0.135481072685707,0.0750624582078013,0.204710167287351,0.055817480145036,0.199659960775091,0.112116225676682,0.228738496486813,0.214734023264247,1,0.986139785972404,0.988774481764151,0.978630787495053,0.98519653830361,0.732682220233007,0.625418291238386,0.740388432943378,0.824485415291651,0.888843897676604,0.864518927314293,0.924937541792199,0.795289832712649,0.944182519854964,0.800340039224909,0.887883774323318,0.771261503513186,0.785265976735753,0,1e+05,1386.02140275958,98782.0914083422,3175519.62957952,31.7551962957952,2023,"Males","B'Tselem historical average",43.1987537042048
0,1,0.0138137,0.00262158,0.00595878,0.0176179,0.0416846,0.0987793,0.0788082,0.0414634,0.0279331,0.0206049,0.0354311,0.0127608,0.0211767,0.0264336,0.0303957,0.0509902,0.051938,0.224825,0.121725452335,0.0136481180143901,0.0104316253193904,0.029356576547008,0.0843732991330113,0.188752788754691,0.396084199965797,0.32918483852198,0.187845243795975,0.130548910565694,0.097977460557402,0.162740327918699,0.0618314529868146,0.100559693829217,0.123975221464725,0.14124537024882,0.226125534435116,0.229845686797747,1,0.98635188198561,0.98956837468061,0.970643423452992,0.915626700866989,0.811247211245309,0.603915800034204,0.67081516147802,0.812154756204025,0.869451089434306,0.902022539442598,0.837259672081301,0.938168547013185,0.899440306170783,0.876024778535275,0.85875462975118,0.773874465564884,0.770154313202253,0,1e+05,1364.81180143902,98801.3205324433,3050119.69257191,30.5011969257191,2023,"Males","B'Tselem historical average",44.4527530742809
0,1,0.0161272,0.00540687,0.00225206,0.0172132,0.0577564,0.128487,0.0452722,0.0393618,0.0206424,0.00831141,0.0127478,0.0188954,0.017637,0.0279975,0.0257472,0.0541074,0.0683704,0.210005,0.11710897876,0.0159007955670349,0.0213961080505297,0.0111972577592269,0.0825151265587954,0.252345570700923,0.486244694760704,0.20334617791095,0.179177161054967,0.0981470246461127,0.0407111327111824,0.0617704079827924,0.0902153616392064,0.0844609074387566,0.13083020344745,0.120950648647836,0.238302216612194,0.291950131776047,1,0.984099204432965,0.97860389194947,0.988802742240773,0.917484873441205,0.747654429299077,0.513755305239296,0.79665382208905,0.820822838945033,0.901852975353887,0.959288867288818,0.938229592017208,0.909784638360794,0.915539092561243,0.86916979655255,0.879049351352164,0.761697783387806,0.708049868223953,0,1e+05,1590.07955670349,98596.1330363292,3026442.2106995,30.264422106995,2023,"Males","B'Tselem historical average",44.689527893005
0,1,0.0140663,0.00304632,0.00764193,0.011477,0.0851455,0.115524,0.0410776,0.0384405,0.0244232,0.0447553,0.0163338,0.0114688,0.0321069,0.0190432,0.0272965,0.0663018,0.0495854,0.278122,0.121221401665,0.0138945472313356,0.0121114890573099,0.0374933461825186,0.0557844059327739,0.351010160869265,0.448180880036623,0.186260195484876,0.17535104535279,0.115088901831945,0.201258085063854,0.0784649240585319,0.0557456604243141,0.148606282380587,0.0908889584653802,0.127763742506667,0.284372910419818,0.220582785828899,1,0.986105452768664,0.98788851094269,0.962506653817481,0.944215594067226,0.648989839130735,0.551819119963377,0.813739804515124,0.82464895464721,0.884911098168055,0.798741914936146,0.921535075941468,0.944254339575686,0.851393717619413,0.90911104153462,0.872236257493333,0.715627089580182,0.779417214171101,0,1e+05,1389.45472313356,98778.9769259547,2843278.11655322,28.4327811655322,2023,"Males","B'Tselem historical average",46.5211688344678
0,1,0.0167349,0.00400752,0.00313704,0.0063365,0.0530965,0.0712268,0.0751857,0.0433451,0.0203266,0.0213268,0.0144445,0.0108442,0.0247739,0.0291305,0.037094,0.0578353,0.0557007,0.218101,0.115896343795,0.0164909106075151,0.0159026198656718,0.015563144483077,0.0311884361852799,0.234371706689414,0.302303689009199,0.316447654043461,0.195536614704888,0.0967181234782667,0.101236379931208,0.0697053525864139,0.0527898410151585,0.11664511402419,0.135765227593937,0.169730080943687,0.252646748732568,0.244461770631469,1,0.983509089392485,0.984097380134328,0.984436855516923,0.96881156381472,0.765628293310586,0.697696310990801,0.683552345956539,0.804463385295112,0.903281876521733,0.898763620068792,0.930294647413586,0.947210158984842,0.88335488597581,0.864234772406063,0.830269919056313,0.747353251267432,0.755538229368531,0,1e+05,1649.09106075151,98542.0325637746,3320975.90008588,33.2097590008588,2023,"Males","B'Tselem historical average",41.7441909991412
0,1,0.016095,0.00506796,0.00295722,0.0250194,0.0588786,0.083777,0.0518839,0.0291023,0.0346317,0.0063317,0.0400092,0.060319,0.0242694,0.0349397,0.0302375,0.0706528,0.0901218,0.223138,0.11717323225,0.0158695086154867,0.0200684280190729,0.0146775878590784,0.117732978776969,0.256619506771508,0.346345526968004,0.229633762123413,0.135642712705106,0.159361132655533,0.0311651785966982,0.181856197552233,0.262074778577465,0.114405611151782,0.160664570284111,0.140561898951161,0.300233208003862,0.367752668826402,1,0.984130491384513,0.979931571980927,0.985322412140922,0.882267021223031,0.743380493228492,0.653654473031996,0.770366237876587,0.864357287294894,0.840638867344467,0.968834821403302,0.818143802447767,0.737925221422535,0.885594388848218,0.839335429715889,0.859438101048839,0.699766791996138,0.632247331173598,0,1e+05,1586.95086154867,98598.9973003209,3020409.8238314,30.204098238314,2023,"Males","B'Tselem historical average",44.749851761686
0,1,0.0147748,0.00858091,0.00319147,0.0135581,0.0559622,0.0556637,0.0763845,0.0326079,0.0315618,0.0350663,0.0183771,0.00898639,0.022909,0.0196893,0.0347347,0.0514899,0.0632185,0.210392,0.11980762534,0.0145851253124103,0.0337445225775383,0.0158310392826515,0.065568054403964,0.24546859366851,0.244319220512848,0.32068423720755,0.150750367711732,0.146267811469875,0.161199798743318,0.0878494544754003,0.0439446896998211,0.108340092076546,0.0938279817951041,0.15979722805656,0.228088823249424,0.272953260718214,1,0.98541487468759,0.966255477422462,0.984168960717348,0.934431945596036,0.75453140633149,0.755680779487153,0.67931576279245,0.849249632288268,0.853732188530125,0.838800201256682,0.9121505455246,0.956055310300179,0.891659907923454,0.906172018204896,0.84020277194344,0.771911176750576,0.727046739281786,0,1e+05,1458.51253124102,98716.2283916556,3245099.8003488,32.450998003488,2023,"Males","B'Tselem historical average",42.502951996512
0,1,0.0139749,0.00503618,0.00532342,0.00513758,0.0430653,0.0991278,0.0429362,0.0580421,0.0380145,0.0249351,0.0222798,0.0274443,0.0289155,0.0204793,0.0327533,0.0552051,0.0460727,0.240773,0.121403785795,0.0138053933188169,0.0199438384790571,0.0262675174308951,0.0253621498158724,0.194397078715034,0.39720408280204,0.193870810288254,0.253435655805438,0.17357644552863,0.117359568555292,0.105521504935827,0.128411116957227,0.134830753376831,0.0974093136094928,0.151371693757159,0.24255044594184,0.206570363978786,1,0.986194606681183,0.980056161520943,0.973732482569105,0.974637850184128,0.805602921284966,0.60279591719796,0.806129189711746,0.746564344194562,0.82642355447137,0.882640431444708,0.894478495064173,0.871588883042773,0.865169246623169,0.902590686390507,0.848628306242841,0.75744955405816,0.793429636021214,0,1e+05,1380.53933188169,98787.0633694476,3192808.77533455,31.9280877533455,2023,"Males","B'Tselem historical average",43.0258622466545
0,1,0.0150668,0.00307814,0.00316264,0.0114229,0.0393952,0.100724,0.056579,0.0403606,0.0175491,0.0273055,0.0609835,0.0374856,0.0242376,0.0201751,0.0331251,0.0812661,0.0504499,0.238498,0.11922495394,0.0148694752023378,0.0122372242212711,0.0156891521496139,0.0555287515595267,0.179315568308439,0.40231345012422,0.247838818692932,0.183307044272353,0.0840576593267714,0.127803175947887,0.264579968697361,0.171368383325074,0.114264270776565,0.0960318686185831,0.152958579403503,0.337717948552786,0.223997829725348,1,0.985130524797662,0.987762775778729,0.984310847850386,0.944471248440473,0.820684431691561,0.59768654987578,0.752161181307068,0.816692955727647,0.915942340673229,0.872196824052113,0.735420031302639,0.828631616674926,0.885735729223435,0.903968131381417,0.847041420596497,0.662282051447214,0.776002170274652,0,1e+05,1486.94752023378,98690.3337293773,3158828.95156471,31.5882895156471,2023,"Males","B'Tselem historical average",43.3656604843529
0,1,0.0159439,0.00452718,0.00372725,0.00802035,0.0278585,0.123938,0.0437659,0.046849,0.0402239,0.0236998,0.0231392,0.015121,0.0109007,0.0217049,0.0267484,0.0726059,0.0430633,0.212169,0.117474744745,0.0157226679986336,0.017946228387537,0.0184641982922877,0.0393134803202831,0.130222959226006,0.473101779218152,0.197247692984071,0.209686046069254,0.182742917865205,0.111870716011667,0.109369209943205,0.072851048248583,0.0530575878795047,0.102938808631344,0.125359110895319,0.307257696105783,0.194388928173469,1,0.984277332001366,0.982053771612463,0.981535801707712,0.960686519679717,0.869777040773994,0.526898220781848,0.802752307015929,0.790313953930746,0.817257082134796,0.888129283988333,0.890630790056795,0.927148951751417,0.946942412120495,0.897061191368656,0.874640889104681,0.692742303894217,0.805611071826531,0,1e+05,1572.26679986337,98612.4348411216,3225547.74536122,32.2554774536122,2023,"Males","B'Tselem historical average",42.6984725463878
0,1,0.0147952,0.00886607,0.00601849,0.0144277,0.0334659,0.0819942,0.0519822,0.0499573,0.020783,0.0282268,0.0491653,0.0178383,0.0111143,0.0230863,0.0327278,0.0564902,0.0992141,0.240876,0.11976691816,0.0146049958602015,0.03484637912683,0.0296463838383321,0.0696271026285164,0.154410762184522,0.340228990307352,0.230018792775468,0.222053514855743,0.0987825078484634,0.131831076429593,0.218918513963568,0.0853837477320772,0.0540691481663372,0.109132817583552,0.151262756864708,0.247497974764847,0.397481160888685,1,0.985395004139799,0.96515362087317,0.970353616161668,0.930372897371484,0.845589237815478,0.659771009692648,0.769981207224532,0.777946485144257,0.901217492151537,0.868168923570407,0.781081486036432,0.914616252267923,0.945930851833663,0.890867182416448,0.848737243135292,0.752502025235153,0.602518839111315,0,1e+05,1460.49958602015,98714.4199483714,3232843.95674195,32.3284395674195,2023,"Males","B'Tselem historical average",42.6255104325805
0,1,0.0208847,0.00234557,0.00308434,0.00452824,0.056036,0.0829454,0.0824186,0.0350671,0.0123831,0.0293743,0.0218514,0.0311186,0.0196707,0.0238923,0.0275687,0.0543168,0.080734,0.22896,0.107615625385,0.0205025895491616,0.0093384719208333,0.0153036954995572,0.022387757156336,0.245752528309169,0.343498043464127,0.341689147143166,0.161203179923281,0.0600562923165377,0.136823745622409,0.103597617549687,0.144362131441325,0.0937434993674803,0.112728162318589,0.128955650869673,0.239114204009185,0.335878053143734,1,0.979497410450838,0.990661528079167,0.984696304500443,0.977612242843664,0.754247471690831,0.656501956535873,0.658310852856834,0.838796820076719,0.939943707683462,0.863176254377591,0.896402382450313,0.855637868558675,0.90625650063252,0.887271837681411,0.871044349130327,0.760885795990815,0.664121946856266,0,1e+05,2050.25895491616,98170.3809447183,3207584.10886067,32.0758410886067,2023,"Males","B'Tselem historical average",42.8781089113933
0,1,0.0145142,0.00120059,0.00193829,0.0255612,0.0169018,0.0966285,0.0935367,0.0390874,0.013412,0.0512434,0.0119027,0.0152006,0.0134527,0.0249315,0.0469126,0.0503551,0.0450231,0.25636,0.12032763961,0.0143312226668927,0.00479085629168952,0.00964471436647651,0.120129372696571,0.081082883307292,0.389137957245708,0.379046583567139,0.178039269630602,0.0648844252222964,0.22712088420573,0.0577937459501965,0.0732205107603409,0.065074916671242,0.117343618912695,0.209940825118826,0.223623980276897,0.202340507717465,1,0.985668777333107,0.99520914370831,0.990355285633523,0.879870627303429,0.918917116692708,0.610862042754292,0.620953416432861,0.821960730369398,0.935115574777704,0.77287911579427,0.942206254049804,0.926779489239659,0.934925083328758,0.882656381087305,0.790059174881174,0.776376019723103,0.797659492282535,0,1e+05,1433.12226668929,98739.321952934,3183620.97789269,31.8362097789269,2023,"Males","B'Tselem historical average",43.1177402210731
0,1,0.0178823,0.00238286,0.00595106,0.0131011,0.0251608,0.124197,0.0645106,0.0559633,0.0193516,0.0473224,0.0178494,0.0162172,0.0220458,0.0235158,0.0290807,0.0436187,0.0535275,0.211163,0.113606764465,0.0176032748947605,0.00948623127787441,0.0293191006817423,0.0634280567154142,0.11835898323646,0.473856202916079,0.277757278305382,0.245472826431426,0.0922929589394675,0.211580730140051,0.0854346087370235,0.0779266210046101,0.104471126119488,0.111050402369876,0.135548860622256,0.196649510040943,0.236049633153447,1,0.98239672510524,0.990513768722126,0.970680899318258,0.936571943284586,0.88164101676354,0.526143797083921,0.722242721694618,0.754527173568574,0.907707041060532,0.788419269859949,0.914565391262977,0.92207337899539,0.895528873880512,0.888949597630124,0.864451139377744,0.803350489959057,0.763950366846553,0,1e+05,1760.32748947604,98439.6576210021,3063850.1773157,30.638501773157,2023,"Males","B'Tselem historical average",44.315448226843
0,1,0.0156821,0.00366622,0.0059279,0.010191,0.064331,0.0828263,0.0508846,0.0349011,0.0432959,0.0340346,0.00846047,0.0316123,0.0253707,0.0372138,0.037061,0.0538388,0.0417269,0.237997,0.117997153555,0.0154681498592248,0.0145581333606212,0.0292066645332829,0.0496890472974785,0.27709112680394,0.343089429883998,0.22571008191453,0.160501318575649,0.195336343061147,0.156828971699491,0.0414261384951156,0.146484703980864,0.119287482659243,0.170231589213332,0.169591887631246,0.237259573222915,0.188926234739157,1,0.984531850140775,0.985441866639379,0.970793335466717,0.950310952702522,0.72290887319606,0.656910570116002,0.77428991808547,0.839498681424351,0.804663656938853,0.843171028300509,0.958573861504884,0.853515296019136,0.880712517340757,0.829768410786668,0.830408112368754,0.762740426777085,0.811073765260843,0,1e+05,1546.81498592248,98635.7047794926,3104957.38967399,31.0495738967399,2023,"Males","B'Tselem historical average",43.9043761032601
0,1,0.0205829,0.00312337,0.00163304,0.0177904,0.0377057,0.115982,0.0759742,0.0228092,0.0245695,0.028902,0.0391648,0.0194134,0.0260599,0.0204262,0.0295322,0.0683729,0.0472451,0.22261,0.108217852195,0.0202119012000112,0.0124159209698409,0.00813200029559321,0.0851642354635243,0.17228790943321,0.449558317925819,0.319236630893019,0.10789358415096,0.115738412674486,0.134772045828651,0.178360378609579,0.092574057004378,0.122329747530805,0.0971690156322323,0.137508666404987,0.291959248709735,0.211271627123472,1,0.979788098799989,0.987584079030159,0.991867999704407,0.914835764536476,0.82771209056679,0.550441682074181,0.680763369106981,0.89210641584904,0.884261587325514,0.865227954171349,0.821639621390421,0.907425942995622,0.877670252469195,0.902830984367768,0.862491333595013,0.708040751290265,0.788728372876528,0,1e+05,2021.19012000112,98197.5387336632,3049087.26678073,30.4908726678073,2023,"Males","B'Tselem historical average",44.4630773321927
0,1,0.0138589,0.00103578,0.00597037,0.0144671,0.0536227,0.0843497,0.0431888,0.0367667,0.0217039,0.0342933,0.024661,0.0342368,0.0130086,0.0311277,0.0378487,0.0509988,0.100996,0.290423,0.121635257995,0.0136922222627265,0.00413455502120028,0.0294128362126527,0.0698106074040618,0.236419826432848,0.348300824796629,0.19490023213583,0.168358530996067,0.102934310069222,0.157926912526627,0.116144406950485,0.157687234246384,0.0629943299001522,0.14440129919743,0.17288483441883,0.226159360069251,0.403180863719471,1,0.986307777737274,0.9958654449788,0.970587163787347,0.930189392595938,0.763580173567152,0.651699175203371,0.80509976786417,0.831641469003933,0.897065689930778,0.842073087473373,0.883855593049515,0.842312765753616,0.937005670099848,0.85559870080257,0.82711516558117,0.773840639930749,0.596819136280529,0,1e+05,1369.22222627264,98797.3234724725,3240968.66259645,32.4096866259645,2023,"Males","B'Tselem historical average",42.5442633740355
0,1,0.0157828,0.00241851,0.00431613,0.0198894,0.0393101,0.0914882,0.0737939,0.0237306,0.0207147,0.0402122,0.0228196,0.034206,0.0286768,0.0295821,0.0282435,0.0437744,0.0425561,0.225587,0.11779621174,0.0155660636410372,0.00962747172670848,0.0213502736089208,0.0947363758170604,0.178962878385906,0.372290524981068,0.311502110938955,0.112007959774442,0.0984738588882205,0.182694618640737,0.10794012387316,0.157556551498597,0.133792171631402,0.137725012285195,0.131903928489282,0.197282222678911,0.19231957259204,1,0.984433936358963,0.990372528273291,0.978649726391079,0.90526362418294,0.821037121614094,0.627709475018932,0.688497889061045,0.887992040225558,0.90152614111178,0.817305381359263,0.89205987612684,0.842443448501403,0.866207828368598,0.862274987714805,0.868096071510718,0.802717777321089,0.80768042740796,0,1e+05,1556.60636410372,98626.7559687581,3150956.12696346,31.5095612696346,2023,"Males","B'Tselem historical average",43.4443887303654
0,1,0.0204831,0.0098958,0.0027198,0.0158436,0.0417355,0.0760025,0.0890239,0.029905,0.0219913,0.0269754,0.0211737,0.0100881,0.0256971,0.0488912,0.02655,0.0725777,0.0517167,0.218331,0.108416998105,0.0201157386604418,0.0388149892585897,0.0135071580786443,0.0761998020409596,0.188961493925664,0.319336558106312,0.364088135569652,0.139123759900443,0.104226319357769,0.126355757263767,0.100546164207309,0.0491996719729248,0.12072950461725,0.217830957702,0.124487164459032,0.307156685556682,0.228978472569201,1,0.979884261339558,0.96118501074141,0.986492841921356,0.92380019795904,0.811038506074336,0.680663441893688,0.635911864430348,0.860876240099557,0.895773680642231,0.873644242736233,0.899453835792691,0.950800328027075,0.87927049538275,0.782169042298,0.875512835540968,0.692843314443318,0.771021527430799,0,1e+05,2011.57386604419,98206.5149339788,3136905.0551868,31.369050551868,2023,"Males","B'Tselem historical average",43.584899448132
0,1,0.015903,0.000867016,0.00699683,0.0127098,0.0622455,0.0741476,0.0528253,0.0490213,0.0287318,0.0234525,0.0379072,0.0282457,0.0236122,0.0330033,0.0255651,0.0637618,0.0553318,0.212794,0.11755635865,0.0156829138097857,0.00346206067600187,0.0343827247991096,0.0615919466899017,0.269317927378417,0.312761680118174,0.233314260488537,0.218347325616847,0.134031578716578,0.110768031833559,0.17312891863847,0.131913525343045,0.111480264260567,0.152439022982042,0.12014660036737,0.274976507336309,0.243039471435995,1,0.984317086190214,0.996537939323998,0.96561727520089,0.938408053310098,0.730682072621583,0.687238319881826,0.766685739511463,0.781652674383153,0.865968421283422,0.889231968166441,0.82687108136153,0.868086474656955,0.888519735739433,0.847560977017958,0.87985339963263,0.725023492663691,0.756960528564005,0,1e+05,1568.29138097857,98616.0712430714,3130073.70862301,31.3007370862301,2023,"Males","B'Tselem historical average",43.6532129137699
0,1,0.0189354,0.00289714,0.00886098,0.00944579,0.0262896,0.11489,0.0784267,0.0340024,0.0215623,0.0408784,0.0183228,0.0291762,0.0332665,0.0180688,0.0301266,0.0446125,0.0853038,0.237896,0.11150535607,0.0186221017328729,0.0115217994677798,0.043344708511925,0.046139392470002,0.123341503053323,0.446270077103847,0.327852521608848,0.156692221056842,0.102297098198772,0.185440702016701,0.0876012495613435,0.13596373703854,0.153561376196867,0.0864393611769163,0.140082478042511,0.20068036773595,0.351548040629395,1,0.981377898267127,0.98847820053222,0.956655291488075,0.953860607529998,0.876658496946677,0.553729922896153,0.672147478391152,0.843307778943158,0.897702901801228,0.814559297983299,0.912398750438656,0.86403626296146,0.846438623803133,0.913560638823084,0.859917521957489,0.79931963226405,0.648451959370605,0,1e+05,1862.2101732873,98345.4362351623,3086813.18881607,30.8681318881607,2023,"Males","B'Tselem historical average",44.0858181118393
0,1,0.0163549,0.00536807,0.00501419,0.011148,0.0441282,0.0584948,0.0738083,0.050451,0.0370352,0.0166606,0.0299761,0.0235117,0.0213506,0.0254229,0.0261159,0.0510276,0.0522233,0.211028,0.116654614795,0.0161219852686723,0.0212441993021047,0.0247605645619478,0.0542286475916215,0.198718298004945,0.255160145763921,0.311553427831467,0.224002166717357,0.16948383105068,0.0799720443929664,0.139431470725931,0.111032115523609,0.101343631645475,0.119518248782564,0.122576510287459,0.226272627218379,0.230962447091957,1,0.983878014731328,0.978755800697895,0.975239435438052,0.945771352408379,0.801281701995055,0.744839854236079,0.688446572168533,0.775997833282643,0.83051616894932,0.920027955607034,0.860568529274069,0.888967884476391,0.898656368354525,0.880481751217436,0.877423489712541,0.773727372781621,0.769037552908043,0,1e+05,1612.19852686723,98575.8718712575,3280322.28823249,32.8032228823249,2023,"Males","B'Tselem historical average",42.1507271176751
0,1,0.0150283,0.00235995,0.00806038,0.00318919,0.0328028,0.089657,0.069405,0.0468092,0.0239313,0.0516493,0.010187,0.0176063,0.0167697,0.0309082,0.0386827,0.0764283,0.0459511,0.223884,0.119301778765,0.0148319926873225,0.00939545439480197,0.0395058201925901,0.0158198189787777,0.151583122844861,0.366203281072261,0.29571478786975,0.209526571968527,0.112901783850355,0.228714181556354,0.049670028547955,0.0843200880829623,0.0804746602260193,0.14345607718767,0.176358447688956,0.320838623566232,0.206081339411429,1,0.985168007312678,0.990604545605198,0.96049417980741,0.984180181021222,0.848416877155139,0.633796718927739,0.70428521213025,0.790473428031473,0.887098216149645,0.771285818443646,0.950329971452045,0.915679911917038,0.919525339773981,0.85654392281233,0.823641552311044,0.679161376433768,0.793918660588571,0,1e+05,1483.19926873225,98693.7490422905,3275928.64851803,32.7592864851803,2023,"Males","B'Tselem historical average",42.1946635148197
0,1,0.0213741,0.00381887,0.0084201,0.0111647,0.0590442,0.0713698,0.0936362,0.0290166,0.0319724,0.0120935,0.0214673,0.039568,0.0256269,0.0290525,0.0244037,0.0569914,0.0622325,0.231661,0.106639052155,0.0209736133367522,0.015159694197242,0.0412325446274559,0.0543076776775827,0.25724843054329,0.302818721097533,0.379373311762792,0.135270290240517,0.148029827831593,0.0586929907897116,0.101869350243779,0.18003130346158,0.120419550550024,0.135426317292173,0.115002296162828,0.249420010967384,0.269269253027427,1,0.979026386663248,0.984840305802758,0.958767455372544,0.945692322322417,0.74275156945671,0.697181278902467,0.620626688237208,0.864729709759482,0.851970172168407,0.941307009210288,0.898130649756221,0.81996869653842,0.879580449449976,0.864573682707827,0.884997703837172,0.750579989032616,0.730730746972573,0,1e+05,2097.36133367522,98126.2992909744,3038563.66429221,30.3856366429221,2023,"Males","B'Tselem historical average",44.5683133570779
0,1,0.0139095,0.00199657,0.00438083,0.0210898,0.0469855,0.122268,0.045685,0.055576,0.024094,0.0313471,0.0214997,0.031394,0.0234035,0.0283772,0.0292003,0.0459456,0.0526001,0.225998,0.121534288225,0.0137415912380736,0.0079545165019753,0.0216668530009199,0.100167707695603,0.210232770414253,0.468219381620164,0.205010265097546,0.243981245719704,0.113625752781223,0.14534512924742,0.102015256475865,0.145546762356454,0.110549393191129,0.132486976431052,0.136068404425626,0.206059214397451,0.232435211569772,1,0.986258408761926,0.992045483498025,0.97833314699908,0.899832292304397,0.789767229585747,0.531780618379836,0.794989734902454,0.756018754280296,0.886374247218777,0.85465487075258,0.897984743524135,0.854453237643546,0.889450606808871,0.867513023568948,0.863931595574374,0.793940785602549,0.767564788430228,0,1e+05,1374.15912380736,98792.8483272125,2951023.81477094,29.5102381477094,2023,"Males","B'Tselem historical average",45.4437118522906
0,1,0.0150643,0.00197821,0.00466901,0.0286358,0.0702495,0.0971628,0.0660318,0.0291238,0.026105,0.0160325,0.0227324,0.0249822,0.0321788,0.0290187,0.0297853,0.0509335,0.0588982,0.255899,0.119229942565,0.0148670413541838,0.00788165685518501,0.0230756983343004,0.133613664560916,0.298775437294458,0.390869147892803,0.283378945385272,0.13573612090497,0.122528484763145,0.0770733055710792,0.107549835309524,0.117568218151254,0.148914291955089,0.135279417890176,0.138605485110822,0.225902488947927,0.256693968291878,1,0.985132958645816,0.992118343144815,0.9769243016657,0.866386335439084,0.701224562705542,0.609130852107197,0.716621054614728,0.86426387909503,0.877471515236855,0.922926694428921,0.892450164690476,0.882431781848746,0.851085708044911,0.864720582109824,0.861394514889178,0.774097511052073,0.743306031708122,0,1e+05,1486.70413541837,98690.5555132587,2884664.07630038,28.8466407630038,2023,"Males","B'Tselem historical average",46.1073092369962
0,1,0.0165389,0.00483994,0.00466769,0.0374831,0.0447119,0.116072,0.0414295,0.0469367,0.0256388,0.00808685,0.0186176,0.0174984,0.0122949,0.019565,0.0300234,0.0810626,0.0835586,0.28703,0.116287451995,0.0163006555926962,0.0191741564663049,0.0230692497342696,0.171357933597892,0.201082543552354,0.449828706072021,0.187706077640937,0.21003734980815,0.120472099817968,0.0396329849883671,0.0889480040972955,0.0838249919041606,0.0596412907363152,0.0932632607581662,0.139636122127307,0.337014766893124,0.345598651332021,1,0.983699344407304,0.980825843533695,0.97693075026573,0.828642066402108,0.798917456447646,0.550171293927979,0.812293922359063,0.78996265019185,0.879527900182032,0.960367015011633,0.911051995902704,0.916175008095839,0.940358709263685,0.906736739241834,0.860363877872693,0.662985233106876,0.654401348667979,0,1e+05,1630.06555926963,98559.4906112026,2940430.8579798,29.404308579798,2023,"Males","B'Tselem historical average",45.549641420202
0,1,0.0168555,0.00793236,0.00465524,0.0337956,0.0249745,0.0908249,0.074411,0.0443972,0.048751,0.010158,0.0335136,0.0119779,0.0280607,0.0429818,0.0411418,0.0754133,0.0556054,0.221264,0.115655692525,0.0166079409448766,0.0312339225640201,0.0230084256415412,0.155813475286517,0.117534110870182,0.370090840949593,0.313698459774331,0.199808639658396,0.217274167634167,0.0495321315200484,0.154613834491006,0.0581482647491528,0.131106172559172,0.194056730998881,0.186524151644664,0.317253640148477,0.244094560775619,1,0.983392059055123,0.96876607743598,0.976991574358459,0.844186524713483,0.882465889129818,0.629909159050407,0.686301540225669,0.800191360341604,0.782725832365833,0.950467868479952,0.845386165508994,0.941851735250847,0.868893827440828,0.805943269001119,0.813475848355336,0.682746359851523,0.755905439224381,0,1e+05,1660.79409448766,98531.2861966517,2955506.65004882,29.5550665004882,2023,"Males","B'Tselem historical average",45.3988834995118
0,1,0.0152899,0.00829785,0.00244919,0.0152228,0.0639089,0.0875982,0.0722411,0.0385763,0.0151085,0.0161918,0.0118471,0.0390409,0.0246499,0.0249623,0.0371106,0.0423985,0.0623673,0.228596,0.118779769045,0.0150866262793652,0.0326495577347022,0.0121714246710249,0.0733235265500835,0.275523491789013,0.359304853873538,0.305950075078175,0.175916026470195,0.0727930167654963,0.0778093177232228,0.0575315450806865,0.177846300879941,0.116095164510812,0.117480068231935,0.169799588479437,0.191675604686725,0.26977383564971,1,0.984913373720635,0.967350442265298,0.987828575328975,0.926676473449917,0.724476508210987,0.640695146126462,0.694049924921825,0.824083973529805,0.927206983234504,0.922190682276777,0.942468454919314,0.822153699120059,0.883904835489188,0.882519931768065,0.830200411520563,0.808324395313275,0.73022616435029,0,1e+05,1508.66262793652,98670.5359705766,3039750.60008279,30.3975060008279,2023,"Males","B'Tselem historical average",44.5564439991721
0,1,0.0156574,0.00108848,0.00445887,0.0329979,0.0551918,0.0686599,0.0671395,0.0379487,0.0185526,0.0157101,0.0245932,0.0293389,0.0186968,0.0332844,0.0372655,0.0570663,0.103074,0.218443,0.11804644117,0.0154441304633921,0.00434446227939625,0.0220485707236437,0.152415981694138,0.242499095985473,0.293005226177874,0.287449466379957,0.173302032863666,0.088651223287109,0.0755819981280224,0.115843588639667,0.136670122367202,0.0893094955585999,0.153637656929259,0.170447931519866,0.24970688059916,0.409776692892099,1,0.984555869536608,0.995655537720604,0.977951429276356,0.847584018305862,0.757500904014528,0.706994773822126,0.712550533620043,0.826697967136333,0.911348776712891,0.924418001871978,0.884156411360333,0.863329877632798,0.9106905044414,0.84636234307074,0.829552068480134,0.75029311940084,0.590223307107901,0,1e+05,1544.41304633921,98637.8994174777,3097359.99312585,30.9735999312585,2023,"Males","B'Tselem historical average",43.9803500687415
0,1,0.0216245,0.00236495,0.00357799,0.0069419,0.0368132,0.104346,0.0557355,0.053395,0.0338817,0.0104915,0.0338164,0.0224861,0.0232873,0.0207685,0.0294815,0.0509328,0.0597896,0.217879,0.106139391475,0.0212144399646973,0.00941526672989427,0.0177313435750052,0.0341174010343983,0.168553514408447,0.41378736026458,0.244595823674039,0.235534136900495,0.156179437851378,0.051116770992822,0.155901897669152,0.106446578952538,0.11003070491366,0.0987169904591242,0.137288800565333,0.22589973494942,0.26007373807498,1,0.978785560035303,0.990584733270106,0.982268656424995,0.965882598965602,0.831446485591553,0.58621263973542,0.755404176325961,0.764465863099505,0.843820562148623,0.948883229007178,0.844098102330848,0.893553421047462,0.88996929508634,0.901283009540876,0.862711199434667,0.77410026505058,0.73992626192502,0,1e+05,2121.44399646972,98103.7247783639,3222483.42140706,32.2248342140706,2023,"Males","B'Tselem historical average",42.7291157859294
0,1,0.0170378,0.00279173,0.00151818,0.00533254,0.0594369,0.0891725,0.0852481,0.0263187,0.0175441,0.0162415,0.0207915,0.0229722,0.0303012,0.0291715,0.0268805,0.0601239,0.0676945,0.22466,0.11529192199,0.0167847947440137,0.0111049161449016,0.00756219805539067,0.0263119264986719,0.258738033449207,0.364585090126694,0.351358820364263,0.123469601497659,0.0840347163329574,0.0780388308229717,0.0988209124946678,0.108622741636448,0.140837162434128,0.135943323356747,0.125939226551693,0.261337870082384,0.289481702265047,1,0.983215205255986,0.988895083855098,0.992437801944609,0.973688073501328,0.741261966550793,0.635414909873306,0.648641179635737,0.876530398502341,0.915965283667043,0.921961169177028,0.901179087505332,0.891377258363552,0.859162837565872,0.864056676643253,0.874060773448307,0.738662129917616,0.710518297734953,0,1e+05,1678.47947440138,98515.0356502231,3199676.56211855,31.9967656211855,2023,"Males","B'Tselem historical average",42.9571843788145
0,1,0.0186399,0.00211221,0.00445995,0.0301338,0.0530583,0.0672996,0.0435276,0.0413771,0.02919,0.0317093,0.0199862,0.0137981,0.0470664,0.0242603,0.0592334,0.0500105,0.105112,0.237261,0.112095011545,0.0183364237486422,0.00841329869273643,0.022053852303547,0.140113611160062,0.234222836222182,0.288036197762635,0.19627910416398,0.187490923294389,0.136023672499359,0.146901167058481,0.0951755081476487,0.0666900113847792,0.210556642145328,0.114365166856291,0.257966428400025,0.222263702735825,0.416192844359271,1,0.981663576251358,0.991586701307264,0.977946147696453,0.859886388839938,0.765777163777818,0.711963802237366,0.80372089583602,0.812509076705611,0.863976327500641,0.853098832941519,0.904824491852351,0.933309988615221,0.789443357854672,0.885634833143709,0.742033571599975,0.777736297264175,0.583807155640729,0,1e+05,1833.64237486423,98371.8997883156,3148141.09393015,31.4814109393015,2023,"Males","B'Tselem historical average",43.4725390606985
0,1,0.0152602,0.00109901,0.00250785,0.0223277,0.0615577,0.111877,0.0397678,0.0559875,0.02113,0.0250876,0.0148398,0.0228604,0.0220224,0.0184879,0.026372,0.0576214,0.0603301,0.231508,0.11883903391,0.0150577234222655,0.00438639860813136,0.0124611234290213,0.105736374857723,0.266738914766236,0.437124543591527,0.180858171062092,0.24556594204885,0.100349060860067,0.118034965028385,0.0715447264221032,0.108122680676649,0.104366024173124,0.0883557206791403,0.123704183201524,0.251830006201633,0.26211668539598,1,0.984942276577734,0.995613601391869,0.987538876570979,0.894263625142277,0.733261085233764,0.562875456408473,0.819141828937908,0.75443405795115,0.899650939139933,0.881965034971615,0.928455273577897,0.891877319323351,0.895633975826876,0.91164427932086,0.876295816798476,0.748169993798367,0.73788331460402,0,1e+05,1505.77234222656,98673.172188212,3002231.02315028,30.0223102315028,2023,"Males","B'Tselem historical average",44.9316397684972
0,1,0.0188584,0.00162651,0.00557543,0.00844808,0.0494627,0.103425,0.0911728,0.0279409,0.0242137,0.0135127,0.0145329,0.0179332,0.0326876,0.0268108,0.0511802,0.0638714,0.0713158,0.267405,0.11165900572,0.0185476765284864,0.00648494434634246,0.027493923879955,0.0413667264637405,0.220097018061788,0.410885434771813,0.371245313258389,0.130582984706533,0.114158029313999,0.065355671059196,0.0701169919203035,0.085818499224278,0.151090994981136,0.125633184539848,0.226872544495525,0.275384082743622,0.302624270181479,1,0.981452323471514,0.993515055653657,0.972506076120045,0.95863327353626,0.779902981938212,0.589114565228187,0.628754686741611,0.869417015293467,0.885841970686001,0.934644328940804,0.929883008079696,0.914181500775722,0.848909005018864,0.874366815460152,0.773127455504475,0.724615917256378,0.697375729818521,0,1e+05,1854.76765284865,98352.33385911,3071201.49993578,30.7120149993578,2023,"Males","B'Tselem historical average",44.2419350006423
0,1,0.0172043,0.00345672,0.00467652,0.00471785,0.0426485,0.112371,0.0666858,0.0467297,0.0448531,0.0350021,0.0214502,0.0246367,0.0195091,0.0326885,0.0605291,0.0603972,0.0546978,0.257236,0.114959679565,0.0169462676691493,0.0137319450220071,0.0231123861596912,0.0233142669640096,0.192696914142937,0.438631382338189,0.285784568546975,0.209207939387061,0.201653534616259,0.160928418506485,0.10179233513236,0.116036602582867,0.0930091862131239,0.15109484074571,0.262867645063037,0.26236997097289,0.240589683961523,1,0.983053732330851,0.986268054977993,0.976887613840309,0.97668573303599,0.807303085857063,0.561368617661811,0.714215431453025,0.790792060612939,0.798346465383741,0.839071581493515,0.89820766486764,0.883963397417133,0.906990813786876,0.84890515925429,0.737132354936963,0.73763002902711,0.759410316038477,0,1e+05,1694.62676691492,98500.1869831919,3019929.492087,30.19929492087,2023,"Males","B'Tselem historical average",44.75465507913
0,1,0.0140263,0.00503105,0.00269924,0.00895905,0.0685805,0.0926792,0.068649,0.0374762,0.0155816,0.0260781,0.0358681,0.0148344,0.0149487,0.025919,0.0347547,0.0462343,0.0425129,0.216988,0.121301219665,0.0138555320540957,0.0199237254818293,0.0134057367478518,0.043813922200768,0.292715979431496,0.376225340952084,0.29296552430497,0.171329091731162,0.0749869580366407,0.122409952541565,0.164582358745685,0.0715196232520736,0.0720508342356537,0.121708587783123,0.159881882818058,0.207219839443091,0.192143099105133,1,0.986144467945904,0.980076274518171,0.986594263252148,0.956186077799232,0.707284020568504,0.623774659047916,0.70703447569503,0.828670908268838,0.925013041963359,0.877590047458435,0.835417641254315,0.928480376747926,0.927949165764346,0.878291412216877,0.840118117181942,0.792780160556909,0.807856900894867,0,1e+05,1385.55320540957,98782.5160883174,3072655.06137824,30.7265506137824,2023,"Males","B'Tselem historical average",44.2273993862176
0,1,0.0140503,0.0016073,0.00131236,0.0100995,0.0374483,0.126332,0.0572509,0.025903,0.0254066,0.0139755,0.0216878,0.0473021,0.014706,0.0388037,0.0413034,0.0442061,0.0449291,0.258938,0.121253328865,0.0138789415064284,0.00640859891791846,0.00654034179261262,0.0492539005777866,0.171212460992533,0.480046814558112,0.250413503833453,0.121638025559811,0.119446195710175,0.0675184884129616,0.102861880282048,0.211499565953301,0.0709225330716218,0.17686131634715,0.187188224699832,0.199034187058665,0.201960716887252,1,0.986121058493572,0.993591401082082,0.993459658207387,0.950746099422213,0.828787539007467,0.519953185441888,0.749586496166547,0.87836197444019,0.880553804289825,0.932481511587038,0.897138119717952,0.788500434046699,0.929077466928378,0.82313868365285,0.812811775300168,0.800965812941335,0.798039283112748,0,1e+05,1387.89415064284,98780.3926352349,3199464.14160149,31.9946414160149,2023,"Males","B'Tselem historical average",42.9593085839851
0,1,0.0188426,0.00531935,0.00468639,0.00783851,0.0505953,0.0771288,0.0844932,0.0193473,0.036386,0.0137436,0.016981,0.04391,0.0279063,0.0208756,0.0465196,0.0537815,0.0580664,0.242154,0.11169053383,0.0185324035189334,0.0210534189913764,0.0231606009779573,0.0384392832349255,0.224570917628302,0.323303896138737,0.348790034617617,0.0922733972533029,0.166760620184882,0.0664353478821183,0.0814473561145472,0.197832894055101,0.130431825845985,0.0992008089801357,0.208365321477489,0.237036988065842,0.253528309432868,1,0.981467596481067,0.978946581008624,0.976839399022043,0.961560716765074,0.775429082371698,0.676696103861264,0.651209965382383,0.907726602746697,0.833239379815118,0.933564652117882,0.918552643885453,0.802167105944899,0.869568174154015,0.900799191019864,0.791634678522511,0.762963011934158,0.746471690567132,0,1e+05,1853.24035189334,98353.7490523249,3191953.11266385,31.9195311266385,2023,"Males","B'Tselem historical average",43.0344188733615
0,1,0.0137178,0.00481113,0.00446959,0.00329775,0.0560938,0.0808823,0.0689041,0.0299213,0.0239556,0.0232477,0.0243246,0.0305806,0.01998,0.0252987,0.0271358,0.0452367,0.0527729,0.248669,0.12191681599,0.013554530669663,0.0190611090528056,0.0221009940450653,0.016353922133213,0.245974841140134,0.336391254159282,0.293894209924801,0.139194313005659,0.113009947268063,0.109853875165772,0.114650906405144,0.142043557001871,0.0951473879708558,0.1189690916055,0.12705935676663,0.203202925544997,0.23310979963686,1,0.986445469330337,0.980938890947194,0.977899005954935,0.983646077866787,0.754025158859866,0.663608745840718,0.706105790075199,0.860805686994341,0.886990052731937,0.890146124834228,0.885349093594856,0.857956442998129,0.904852612029144,0.8810309083945,0.87294064323337,0.796797074455003,0.76689020036314,0,1e+05,1355.45306696629,98809.7994551821,3278670.12265289,32.7867012265289,2023,"Males","B'Tselem historical average",42.1672487734711
0,1,0.0170415,0.00274227,0.00845162,0.00727659,0.0516261,0.0944419,0.0643893,0.0674851,0.0197261,0.0476079,0.0328864,0.00710265,0.0221993,0.0287901,0.0391759,0.073217,0.0553006,0.23753,0.115284538825,0.0167883835800219,0.0109092477941033,0.0413837016976454,0.0357329155599147,0.228623190732334,0.382014145645828,0.277307422888512,0.288715512002415,0.0939951077619428,0.212721446605388,0.151940093290064,0.0348936564279304,0.105160288044059,0.134285283172349,0.178406419842255,0.309443659040144,0.242919073684506,1,0.983211616419978,0.989090752205897,0.958616298302355,0.964267084440085,0.771376809267666,0.617985854354172,0.722692577111488,0.711284487997585,0.906004892238057,0.787278553394612,0.848059906709936,0.96510634357207,0.894839711955941,0.865714716827651,0.821593580157745,0.690556340959856,0.757080926315494,0,1e+05,1678.83835800219,98514.7057478618,2988816.5097636,29.888165097636,2023,"Males","B'Tselem historical average",45.065784902364
0,1,0.0164411,0.00223402,0.00212487,0.00630794,0.078967,0.102794,0.0525133,0.03805,0.0406922,0.0169167,0.00960248,0.0166646,0.031719,0.040731,0.0303912,0.067698,0.051532,0.21255,0.116482607005,0.0162056960940291,0.00889633083796275,0.0105682098199994,0.0310500454409038,0.329738792025338,0.408891116441326,0.232096161593482,0.173724460678005,0.18467401964455,0.0811514626303048,0.0468868254899238,0.0799904767527647,0.146942803073295,0.184833832882189,0.141225935846272,0.289494502862959,0.228254032936758,1,0.983794303905971,0.991103669162037,0.989431790180001,0.968949954559096,0.670261207974662,0.591108883558674,0.767903838406518,0.826275539321995,0.81532598035545,0.918848537369695,0.953113174510076,0.920009523247235,0.853057196926705,0.815166167117811,0.858774064153728,0.710505497137041,0.771745967063242,0,1e+05,1620.56960940291,98568.1985635334,3021688.47903644,30.2168847903644,2023,"Males","B'Tselem historical average",44.7370652096356
0,1,0.0186858,0.00278093,0.00327306,0.0178664,0.0401955,0.0959654,0.0697275,0.0430567,0.0210503,0.0176701,0.0374084,0.0317966,0.0248373,0.0216059,0.0342748,0.0528984,0.10603,0.215753,0.11200342039,0.0183808085942194,0.0110621936277496,0.0162324753356944,0.085512498731652,0.182625674274271,0.386984253337027,0.296884896030145,0.194362030864221,0.0999894786917383,0.0846127122817745,0.171045640641561,0.147275823848544,0.116926173855262,0.10249334746027,0.157848440664759,0.233599412141884,0.419066063276881,1,0.981619191405781,0.98893780637225,0.983767524664306,0.914487501268348,0.817374325725729,0.613015746662973,0.703115103969855,0.805637969135779,0.900010521308262,0.915387287718225,0.828954359358439,0.852724176151456,0.883073826144738,0.89750665253973,0.842151559335241,0.766400587858116,0.580933936723119,0,1e+05,1838.08085942194,98367.7904837867,3106331.75038368,31.0633175038368,2023,"Males","B'Tselem historical average",43.8906324961632
0,1,0.0203767,0.00163713,0.00205207,0.00709115,0.0601204,0.0952592,0.0598461,0.0252196,0.0325631,0.021229,0.0152195,0.030342,0.0196357,0.0244349,0.0336407,0.0510824,0.0418696,0.223685,0.108629313985,0.0200131964491912,0.00652714841901755,0.0102079812696898,0.0348381437425009,0.261324644593024,0.384684221918543,0.26028751793263,0.1186191793605,0.150558843322512,0.100795529272676,0.0733082140891745,0.141013426530527,0.0935845067519279,0.115140861413611,0.155154716796648,0.22648810948953,0.189511113686029,1,0.979986803550809,0.993472851580982,0.98979201873031,0.965161856257499,0.738675355406976,0.615315778081457,0.73971248206737,0.8813808206395,0.849441156677488,0.899204470727324,0.926691785910825,0.858986573469473,0.906415493248072,0.884859138586389,0.844845283203352,0.77351189051047,0.810488886313971,0,1e+05,2001.31964491912,98216.0823351732,3225347.81004418,32.2534781004418,2023,"Males","B'Tselem historical average",42.7004718995582
0,1,0.0173632,0.00218318,0.00179748,0.00677535,0.03103,0.102438,0.0774476,0.030331,0.0395258,0.0499741,0.0229031,0.0249588,0.0478288,0.0263265,0.0243942,0.0542004,0.0758987,0.21964,0.11464260256,0.0171003229333317,0.00869475556708212,0.0089471939943476,0.0333124905429987,0.143980697399253,0.407763743984332,0.324423455055591,0.140965907638539,0.179856563596494,0.222119895345088,0.108313701176463,0.11746456362358,0.213603055453334,0.123503934191283,0.114960100774233,0.238662933806311,0.318969982477363,1,0.982899677066668,0.991305244432918,0.991052806005652,0.966687509457001,0.856019302600747,0.592236256015668,0.675576544944409,0.859034092361461,0.820143436403506,0.777880104654912,0.891686298823537,0.88253543637642,0.786396944546666,0.876496065808717,0.885039899225767,0.761337066193689,0.681030017522637,0,1e+05,1710.03229333318,98486.0102592362,3170258.80411106,31.7025880411106,2023,"Males","B'Tselem historical average",43.2513619588894
0,1,0.0141061,0.00371708,0.00442499,0.0123455,0.0617301,0.109869,0.0389397,0.034549,0.0262293,0.0177251,0.0280389,0.0200403,0.012098,0.0369364,0.0241942,0.0497166,0.0465287,0.212196,0.121141982755,0.0139333644708399,0.0147586021899436,0.0218828712834981,0.0598793972530317,0.26738607684446,0.430969523544283,0.177426193165029,0.159010836522464,0.123076006271742,0.0848649027793637,0.131010989889003,0.095420844142812,0.0587141893433115,0.169069914980762,0.11407133808053,0.221101911737303,0.208401833969463,1,0.98606663552916,0.985241397810056,0.978117128716502,0.940120602746968,0.73261392315554,0.569030476455717,0.822573806834971,0.840989163477536,0.876923993728258,0.915135097220636,0.868989010110997,0.904579155857188,0.941285810656688,0.830930085019238,0.88592866191947,0.778898088262697,0.791598166030537,0,1e+05,1393.33644708399,98775.4550927606,3128133.58451294,31.2813358451294,2023,"Males","B'Tselem historical average",43.6726141548706
0,1,0.019023,0.00457612,0.00191896,0.014841,0.0347313,0.127537,0.0798701,0.0293481,0.0370665,0.0509348,0.0145338,0.0151977,0.0300616,0.0256483,0.0274769,0.0519713,0.0452391,0.292678,0.11133055465,0.0187067592629252,0.0181384723478392,0.00954898967692393,0.0715503048155799,0.159782835972473,0.483518691579927,0.332882169570473,0.13671004949131,0.169614921299162,0.225907603493898,0.0701211819156846,0.0732070529292431,0.139801367990074,0.120514048805082,0.128553847003195,0.229976106889973,0.203212610931969,1,0.981293240737075,0.981861527652161,0.990451010323076,0.92844969518442,0.840217164027527,0.516481308420073,0.667117830429527,0.86328995050869,0.830385078700838,0.774092396506102,0.929878818084315,0.926792947070757,0.860198632009926,0.879485951194918,0.871446152996805,0.770023893110027,0.796787389068031,0,1e+05,1870.67592629252,98337.587462152,2942465.67695127,29.4246567695127,2023,"Males","B'Tselem historical average",45.5292932304873
0,1,0.0151941,0.00201662,0.00182435,0.0294625,0.0549288,0.0821766,0.0885502,0.0380761,0.0217633,0.0236553,0.00798849,0.00888521,0.0116895,0.0340327,0.0421862,0.0471638,0.0743157,0.224054,0.118970933155,0.0149933918040748,0.00803407664072954,0.00908033572380569,0.137206391710568,0.24148306284412,0.34085685618091,0.362501949646116,0.173833267781557,0.103201487659073,0.111672390266332,0.0391603694506186,0.0434606573321642,0.0567879433407944,0.156820903125502,0.190807401949676,0.210946413819723,0.313359646328384,1,0.985006608195925,0.99196592335927,0.990919664276194,0.862793608289432,0.75851693715588,0.65914314381909,0.637498050353884,0.826166732218443,0.896798512340927,0.888327609733668,0.960839630549381,0.956539342667836,0.943212056659206,0.843179096874498,0.809192598050324,0.789053586180277,0.686640353671616,0,1e+05,1499.33918040748,98679.0386010014,3028748.4924016,30.287484924016,2023,"Males","B'Tselem historical average",44.666465075984
0,1,0.0147943,0.00175815,0.00589678,0.00455676,0.0417762,0.0922399,0.0655115,0.0346102,0.0293541,0.0259497,0.0153506,0.0351742,0.0128469,0.0426354,0.0278903,0.0471985,0.0401837,0.220572,0.119768714065,0.0146041192342432,0.00700795791757443,0.0290555643235209,0.022527172701304,0.189128341454338,0.374776201604136,0.281460286158344,0.159270076956316,0.136736087998228,0.121843964205163,0.073916349224005,0.161655723156382,0.0622356616944441,0.19264342616971,0.130361917528862,0.2110852339621,0.182576955939077,1,0.985395880765757,0.992992042082426,0.970944435676479,0.977472827298696,0.810871658545662,0.625223798395864,0.718539713841656,0.840729923043684,0.863263912001772,0.878156035794837,0.926083650775995,0.838344276843618,0.937764338305556,0.80735657383029,0.869638082471138,0.7889147660379,0.817423044060923,0,1e+05,1460.41192342433,98714.4997346494,3303268.32281396,33.0326832281396,2023,"Males","B'Tselem historical average",41.9212667718604
0,1,0.0153454,0.00183777,0.00515478,0.00605574,0.0445111,0.0962554,0.0664422,0.0479166,0.0232473,0.0344379,0.0203414,0.0147099,0.0226808,0.040451,0.0323754,0.0568403,0.0418373,0.24749,0.11866902157,0.0151406323886958,0.00732415975784366,0.0254459789416776,0.0298271365404168,0.20026991451957,0.387926861853795,0.284889317475992,0.213953222541875,0.109852088837897,0.158540035296184,0.0967851370338491,0.0709406744328988,0.107318808897873,0.183679909910524,0.149755975941277,0.248841006364806,0.189378760009623,1,0.984859367611304,0.992675840242156,0.974554021058322,0.970172863459583,0.79973008548043,0.612073138146205,0.715110682524008,0.786046777458125,0.890147911162103,0.841459964703816,0.903214862966151,0.929059325567101,0.892681191102127,0.816320090089476,0.850244024058723,0.751158993635194,0.810621239990376,0,1e+05,1514.06323886958,98665.6091642822,3189108.46413106,31.8910846413106,2023,"Males","B'Tselem historical average",43.0628653586895
0,1,0.0176962,0.00498791,0.00760324,0.0129728,0.0526245,0.109898,0.0562602,0.0361707,0.0366053,0.00924448,0.0412227,0.0353694,0.0456458,0.0249804,0.023778,0.0486128,0.085734,0.231769,0.11397811771,0.0174230206190978,0.0197545719460888,0.037307063604303,0.0628264137492832,0.232530497133938,0.431058760771762,0.246614541439293,0.165855707409966,0.167681427596046,0.0451782758316007,0.186856659913463,0.162479953804746,0.204852373791024,0.117560245131305,0.112219133602971,0.216724979759829,0.353008024968398,1,0.982576979380902,0.980245428053911,0.962692936395697,0.937173586250717,0.767469502866062,0.568941239228238,0.753385458560707,0.834144292590034,0.832318572403954,0.954821724168399,0.813143340086537,0.837520046195254,0.795147626208976,0.882439754868695,0.887780866397029,0.783275020240171,0.646991975031602,0,1e+05,1742.30206190978,98456.282247589,2943415.58660071,29.4341558660071,2023,"Males","B'Tselem historical average",45.5197941339929
0,1,0.0142296,0.00127653,0.00269762,0.00534049,0.0716979,0.0816961,0.062695,0.0380758,0.0232443,0.00869136,0.0350533,0.0123981,0.0123928,0.0198066,0.0342386,0.0440386,0.0803309,0.242229,0.12089554468,0.0140537967731656,0.00509311696679675,0.0133977449382492,0.0263506367202546,0.303999233407653,0.339201832856857,0.270999254368428,0.17383201719885,0.109838691271211,0.0425326339171937,0.161144852826079,0.0601268531547551,0.0601019222450052,0.0943605936638443,0.157694870976463,0.198354827710924,0.334481500149168,1,0.985946203226834,0.994906883033203,0.986602255061751,0.973649363279745,0.696000766592347,0.660798167143143,0.729000745631571,0.82616798280115,0.890161308728789,0.957467366082806,0.838855147173921,0.939873146845245,0.939898077754995,0.905639406336156,0.842305129023537,0.801645172289076,0.665518499850832,0,1e+05,1405.37967731657,98764.5244642548,3248685.95553945,32.4868595553945,2023,"Males","B'Tselem historical average",42.4670904446055
0,1,0.0172889,0.00368128,0.00597465,0.00951447,0.0594771,0.0726251,0.0668276,0.0464688,0.0390349,0.0199134,0.0250189,0.017664,0.0124941,0.0272794,0.0386696,0.0430055,0.0424223,0.243991,0.114790864495,0.0170282940123783,0.0146174977954313,0.0294336111872995,0.04646707599856,0.258890377779437,0.307326462348276,0.286305265584126,0.208161466153962,0.17782139870885,0.0948452704771984,0.117730764443652,0.0845847379711921,0.0605783209990155,0.127688814391707,0.176303988240808,0.194153345725956,0.191772883057658,1,0.982971705987622,0.985382502204569,0.9705663888127,0.95353292400144,0.741109622220563,0.692673537651724,0.713694734415874,0.791838533846038,0.82217860129115,0.905154729522802,0.882269235556348,0.915415262028808,0.939421679000984,0.872311185608293,0.823696011759192,0.805846654274044,0.808227116942342,0,1e+05,1702.82940123783,98492.6398578178,3150970.84153752,31.5097084153752,2023,"Males","B'Tselem historical average",43.4442415846249
0,1,0.0150181,0.00303094,0.00984012,0.01457,0.0510546,0.0806679,0.0789806,0.0167126,0.0195211,0.0119429,0.0134335,0.0652798,0.0351653,0.0323304,0.0285632,0.0634539,0.0893899,0.241205,0.119322132355,0.0148220618055663,0.0120507100418117,0.0480193105545646,0.0702896977591239,0.226378802034166,0.335649208112295,0.329786216811286,0.0802116374690854,0.0930637338622539,0.0579832787505259,0.0649850580564952,0.280604487880196,0.161618125342255,0.149563389481748,0.133297492645192,0.273830471595988,0.365311584893763,1,0.985177938194434,0.987949289958188,0.951980689445435,0.929710302240876,0.773621197965834,0.664350791887705,0.670213783188714,0.919788362530915,0.906936266137746,0.942016721249474,0.935014941943505,0.719395512119804,0.838381874657745,0.850436610518252,0.866702507354808,0.726169528404012,0.634688415106237,0,1e+05,1482.20618055662,98694.6538214972,3129932.59695228,31.2993259695228,2023,"Males","B'Tselem historical average",43.6546240304772
0,1,0.0178735,0.00251317,0.0066291,0.00348607,0.0446027,0.11905,0.078813,0.0594209,0.0315179,0.0224654,0.0286556,0.0307347,0.0170386,0.0343967,0.0401444,0.0454274,0.0673813,0.213896,0.113624324425,0.0175947527431601,0.0100024045140946,0.03260514311445,0.0172797539206248,0.200640706860305,0.458722666409787,0.329201588093891,0.258677391472613,0.146079224059998,0.106353798441245,0.133699874677947,0.14270826102471,0.0817123402965577,0.158365383530768,0.18241468027311,0.203972184917228,0.288335455440772,1,0.98240524725684,0.989997595485905,0.96739485688555,0.982720246079375,0.799359293139695,0.541277333590213,0.67079841190611,0.741322608527387,0.853920775940002,0.893646201558755,0.866300125322053,0.85729173897529,0.918287659703442,0.841634616469232,0.81758531972689,0.796027815082772,0.711664544559228,0,1e+05,1759.47527431602,98440.4439150706,2939787.46142164,29.3978746142164,2023,"Males","B'Tselem historical average",45.5560753857836
0,1,0.0171085,0.00251348,0.00799708,0.0234902,0.0543279,0.0814712,0.0617953,0.0262961,0.0336585,0.0208371,0.0285084,0.0270366,0.0233555,0.0284473,0.0468006,0.0469453,0.0829598,0.21602,0.115150843675,0.0168533662953556,0.0100036321413706,0.0392016531098703,0.110936215289043,0.239157225431236,0.338426057467196,0.267630701308567,0.123370117624815,0.155230440542501,0.0990269156402798,0.133058768509555,0.126624275296309,0.110335167489261,0.132792527809138,0.209492109007911,0.210071791783021,0.343547433968624,1,0.983146633704644,0.989996367858629,0.96079834689013,0.889063784710957,0.760842774568764,0.661573942532804,0.732369298691433,0.876629882375185,0.844769559457499,0.90097308435972,0.866941231490445,0.87337572470369,0.889664832510739,0.867207472190862,0.790507890992089,0.789928208216979,0.656452566031376,0,1e+05,1685.33662953557,98508.7313052318,3059367.50192622,30.5936750192622,2023,"Males","B'Tselem historical average",44.3602749807378
0,1,0.013802,0.00207932,0.00162549,0.00903658,0.0641395,0.080308,0.0533919,0.0313928,0.0288622,0.00964894,0.0405675,0.0564541,0.0165987,0.0335342,0.025244,0.0588948,0.080072,0.275306,0.1217487991,0.0136367010498892,0.0082828346724179,0.00809455595061957,0.0441847034805542,0.276380269294038,0.334402091990972,0.235522072626353,0.145541603846888,0.134598945768594,0.0471083362256473,0.184160202466137,0.247359373045395,0.0796867585040472,0.154701520664344,0.118727130776684,0.25668105195352,0.333583295838958,1,0.986363298950111,0.991717165327582,0.99190544404938,0.955815296519446,0.723619730705962,0.665597908009028,0.764477927373647,0.854458396153111,0.865401054231406,0.952891663774353,0.815839797533863,0.752640626954605,0.920313241495953,0.845298479335656,0.881272869223316,0.74331894804648,0.666416704161042,0,1e+05,1363.67010498892,98802.355092662,3223687.26334593,32.2368726334593,2023,"Males","B'Tselem historical average",42.7170773665407
0,1,0.0169255,0.00986486,0.0038684,0.0149963,0.0604407,0.0504667,0.0545552,0.0326372,0.0221606,0.0444016,0.027606,0.0196932,0.0279629,0.0261403,0.0345793,0.0619979,0.0495533,0.215358,0.115516011025,0.0166758568571906,0.0386959791659304,0.0191567352137478,0.0722719696537054,0.262534133059914,0.224064065112915,0.240037733590992,0.150875606628371,0.104986585673793,0.199826463271059,0.129118861755915,0.0938456949028481,0.130679084565508,0.122684008060256,0.159139195079011,0.26839039744553,0.220455727941492,1,0.983324143142809,0.96130402083407,0.980843264786252,0.927728030346295,0.737465866940086,0.775935934887085,0.759962266409008,0.849124393371629,0.895013414326207,0.800173536728941,0.870881138244085,0.906154305097152,0.869320915434492,0.877315991939744,0.840860804920989,0.73160960255447,0.779544272058508,0,1e+05,1667.58568571907,98525.0471607376,3261055.84285788,32.6105584285788,2023,"Males","B'Tselem historical average",42.3433915714212
0,1,0.0168671,0.00260153,0.00341902,0.00545052,0.0638698,0.0908529,0.0638586,0.0439569,0.0219829,0.0318325,0.0393493,0.0229565,0.0213352,0.032562,0.026569,0.0507029,0.0399105,0.216635,0.115632545305,0.0166191961984931,0.0103522565878381,0.0169502171712182,0.0268862400275131,0.27537813412298,0.370183816780954,0.275336492629435,0.198023276583831,0.104188582049178,0.147429848378712,0.179125356521565,0.108552534362281,0.101274234860985,0.150554140215738,0.124570702512372,0.224994780375276,0.181448271864391,1,0.983380803801507,0.989647743412162,0.983049782828782,0.973113759972487,0.72462186587702,0.629816183219046,0.724663507370565,0.801976723416169,0.895811417950822,0.852570151621288,0.820874643478435,0.891447465637719,0.898725765139015,0.849445859784262,0.875429297487628,0.775005219624724,0.818551728135609,0,1e+05,1661.9196198493,98530.2523758862,3093620.09427484,30.9362009427484,2023,"Males","B'Tselem historical average",44.0177490572516
0,1,0.0167494,0.00214234,0.00303861,0.00567196,0.041526,0.144063,0.0476459,0.0417774,0.0269684,0.0282267,0.00944598,0.0329238,0.0391204,0.0275836,0.0316973,0.0548651,0.0906964,0.247313,0.11586740977,0.0165049828192601,0.0085327996838506,0.0150785057540765,0.027963283437189,0.188102172918469,0.529582052078528,0.212873166044858,0.189133260325223,0.126325039511121,0.1318306401726,0.0461402991427587,0.152099745959913,0.17817619040245,0.129020851127125,0.146849655997385,0.241236797459291,0.369664012207956,1,0.98349501718074,0.991467200316149,0.984921494245923,0.972036716562811,0.811897827081531,0.470417947921472,0.787126833955142,0.810866739674777,0.873674960488879,0.8681693598274,0.953859700857241,0.847900254040087,0.82182380959755,0.870979148872875,0.853150344002615,0.758763202540709,0.630335987792044,0,1e+05,1650.498281926,98540.7406788306,3039184.86918182,30.3918486918182,2023,"Males","B'Tselem historical average",44.5621013081818
0,1,0.0154286,0.00120235,0.00523994,0.00701034,0.045287,0.0796939,0.0884949,0.0479095,0.0328783,0.0253393,0.00885694,0.049864,0.0425182,0.047309,0.0287955,0.0629094,0.0763202,0.273054,0.11850300013,0.0152215824508521,0.00479786257985422,0.0258609257517904,0.0344479700442008,0.203405893277819,0.332269807892074,0.362316576897732,0.213924911170672,0.151905512473136,0.119148642037075,0.0433253743962375,0.221684775843366,0.192164751641853,0.211527154606771,0.134308778893435,0.271800054179068,0.320457540956693,1,0.984778417549148,0.995202137420146,0.97413907424821,0.965552029955799,0.796594106722181,0.667730192107926,0.637683423102268,0.786075088829328,0.848094487526864,0.880851357962925,0.956674625603762,0.778315224156634,0.807835248358147,0.788472845393229,0.865691221106565,0.728199945820932,0.679542459043307,0,1e+05,1522.1582450852,98658.22207363,3105561.37688986,31.0556137688986,2023,"Males","B'Tselem historical average",43.8983362311014
0,1,0.0154822,0.0062561,0.00154034,0.0138142,0.0492753,0.13333,0.050852,0.0399359,0.0314569,0.0140624,0.0573047,0.0138364,0.0261928,0.0264797,0.0576217,0.0472634,0.0436599,0.211756,0.11839604401,0.0152737263315926,0.0247151589877139,0.00767215567930236,0.0667652294193868,0.219354591716927,0.499990624941406,0.225581787371466,0.18155326719188,0.145817114061683,0.0679240616873206,0.250619335423406,0.066868936613599,0.122915262763707,0.124178008941574,0.251831152237754,0.211344813816646,0.196816976246895,1,0.984726273668407,0.975284841012286,0.992327844320698,0.933234770580613,0.780645408283073,0.500009375058594,0.774418212628534,0.81844673280812,0.854182885938317,0.932075938312679,0.749380664576594,0.933131063386401,0.877084737236293,0.875821991058426,0.748168847762245,0.788655186183354,0.803183023753105,0,1e+05,1527.37263315926,98653.4622443359,2918548.98402772,29.1854898402772,2023,"Males","B'Tselem historical average",45.7684601597228
0,1,0.0157273,0.00201498,0.000907943,0.0136561,0.0576376,0.131466,0.0391168,0.023672,0.0383642,0.0158779,0.0301058,0.025808,0.0110806,0.0381778,0.0262892,0.0463686,0.0468042,0.313424,0.117906959215,0.0155121015172098,0.00802756921715762,0.00452943383064875,0.0660263441056472,0.251891890002045,0.494729672265018,0.178161254591034,0.11174682301403,0.175033453917998,0.0763584696373623,0.139992532070016,0.121218953143201,0.0539096225898279,0.17425711663165,0.123339742128114,0.207759237544935,0.209506535524957,1,0.98448789848279,0.991972430782842,0.995470566169351,0.933973655894353,0.748108109997955,0.505270327734982,0.821838745408966,0.88825317698597,0.824966546082002,0.923641530362638,0.860007467929984,0.878781046856799,0.946090377410172,0.82574288336835,0.876660257871886,0.792240762455065,0.790493464475043,0,1e+05,1551.21015172098,98631.6883203719,3054004.06172291,30.5400406172291,2023,"Males","B'Tselem historical average",44.4139093827709
0,1,0.0157923,0.00743986,0.00428217,0.0153122,0.0625917,0.0908139,0.0667308,0.0332422,0.0149211,0.0175846,0.026146,0.0127386,0.0280602,0.0483852,0.0228048,0.0564131,0.0749978,0.226763,0.117777254965,0.0155752998410727,0.0293231201821631,0.021184065574794,0.0737382624444936,0.270613156267179,0.370054311827762,0.28594984517842,0.153457811819809,0.0719225896200506,0.0842205387842368,0.122709118471134,0.0617272045793633,0.131103989579036,0.215819790662136,0.107873893579259,0.247201931758751,0.315781673094065,1,0.984424700158927,0.970676879817837,0.978815934425206,0.926261737555506,0.729386843732821,0.629945688172238,0.71405015482158,0.846542188180191,0.928077410379949,0.915779461215763,0.877290881528866,0.938272795420637,0.868896010420964,0.784180209337864,0.892126106420741,0.752798068241249,0.684218326905935,0,1e+05,1557.52998410727,98625.9116219466,3048119.69882183,30.4811969882183,2023,"Males","B'Tselem historical average",44.4727530117817
0,1,0.0144893,0.00771931,0.00681319,0.00735351,0.0406893,0.0858797,0.0577931,0.0246195,0.0366722,0.0457781,0.0106883,0.0159086,0.0154404,0.0318956,0.047424,0.0679255,0.06347,0.229474,0.120377326315,0.0143069561724464,0.0304077857507527,0.0334954232924454,0.0361038253972575,0.184662073710435,0.35350190592445,0.252485675297421,0.115960289152995,0.16796214643387,0.205385145658793,0.0520506671361225,0.0765004618803266,0.0743326840625033,0.147700509104515,0.211986840223144,0.290326130975978,0.273890435195374,1,0.985693043827554,0.969592214249247,0.966504576707555,0.963896174602742,0.815337926289565,0.64649809407555,0.747514324702579,0.884039710847005,0.83203785356613,0.794614854341207,0.947949332863878,0.923499538119673,0.925667315937497,0.852299490895485,0.788013159776856,0.709673869024022,0.726109564804626,0,1e+05,1430.69561724464,98741.5276959299,3268325.8939964,32.683258939964,2023,"Males","B'Tselem historical average",42.270691060036
0,1,0.0155597,0.00134706,0.00125286,0.0136994,0.0335997,0.1243,0.0551254,0.0403224,0.0212246,0.014244,0.015019,0.0272792,0.0189887,0.0246338,0.0246102,0.0433462,0.0486799,0.220106,0.118241396635,0.0153491117320657,0.00537376243913747,0.00624474053593039,0.066228764170313,0.154980273279709,0.474156017547206,0.2422426874,0.183149437775594,0.100775690688531,0.0687710624656,0.0723774092270474,0.127687938004003,0.0906406306423061,0.116023736216947,0.115919024083736,0.195541091814929,0.216991668224942,1,0.984650888267934,0.994626237560863,0.99375525946407,0.933771235829687,0.845019726720291,0.525843982452794,0.7577573126,0.816850562224406,0.89922430931147,0.9312289375344,0.927622590772953,0.872312061995997,0.909359369357694,0.883976263783053,0.884080975916264,0.804458908185071,0.783008331775058,0,1e+05,1534.91117320656,98646.578867624,3247031.41913911,32.4703141913911,2023,"Males","B'Tselem historical average",42.4836358086089
0,1,0.0200676,0.00349902,0.00518448,0.0123845,0.0237833,0.0926085,0.0739971,0.0503746,0.0295069,0.0331814,0.0176322,0.0211052,0.0291716,0.0487237,0.0458941,0.0706132,0.067327,0.29078,0.10924610758,0.0197151852901058,0.0138988155329478,0.0255907136423389,0.06006287821196,0.112242742930172,0.375992294083435,0.312225960876132,0.223700892545894,0.137398956803721,0.153198636875914,0.0844388914456309,0.100237185387404,0.135943757695057,0.217165707984668,0.205852017328778,0.30009018021594,0.288136572464249,1,0.980284814709894,0.986101184467052,0.974409286357661,0.93993712178804,0.887757257069828,0.624007705916565,0.687774039123868,0.776299107454106,0.862601043196279,0.846801363124086,0.915561108554369,0.899762814612596,0.864056242304943,0.782834292015332,0.794147982671222,0.69990981978406,0.711863427535751,0,1e+05,1971.51852901059,98243.8621963057,3174025.78400707,31.7402578400707,2023,"Males","B'Tselem historical average",43.2136921599293
0,1,0.0168764,0.00321102,0.000939816,0.012758,0.025534,0.131821,0.0773401,0.0390743,0.0286778,0.0253451,0.00940731,0.0282633,0.0412554,0.0292445,0.0262989,0.0516058,0.0463475,0.289129,0.11561398762,0.0166282196300584,0.0127621211475059,0.00468806520328228,0.061818305157017,0.120009211954861,0.495734467048123,0.324046104653684,0.177984910526533,0.133796525035819,0.119174289300617,0.0459557500328951,0.131990296623596,0.186991026058831,0.1362603364749,0.12338244363286,0.228543566092375,0.207674513691686,1,0.983371780369942,0.987237878852494,0.995311934796718,0.938181694842983,0.879990788045139,0.504265532951877,0.675953895346316,0.822015089473467,0.866203474964181,0.880825710699383,0.954044249967105,0.868009703376404,0.813008973941169,0.8637396635251,0.87661755636714,0.771456433907625,0.792325486308314,0,1e+05,1662.82196300583,98529.4235148394,3065918.79041463,30.6591879041463,2023,"Males","B'Tselem historical average",44.2947620958537
0,1,0.0140552,0.00294874,0.00569824,0.00632199,0.053388,0.106365,0.0683073,0.0426314,0.0461346,0.0227652,0.039167,0.0208458,0.0226477,0.0256823,0.0256024,0.0504693,0.0498548,0.24488,0.12124355116,0.013883720808689,0.0117258072860467,0.0280910264732724,0.0311181287530119,0.235506894756809,0.420111974563803,0.291719988135995,0.192627093333189,0.206819197614352,0.10769665998999,0.178369504083868,0.0990662138008743,0.107170582023752,0.120664166680174,0.120311351627716,0.224074315386198,0.22164840744169,1,0.986116279191311,0.988274192713953,0.971908973526728,0.968881871246988,0.764493105243191,0.579888025436197,0.708280011864005,0.807372906666811,0.793180802385648,0.89230334001001,0.821630495916132,0.900933786199126,0.892829417976248,0.879335833319826,0.879688648372284,0.775925684613802,0.77835159255831,0,1e+05,1388.37208086891,98779.959080547,2995258.45482737,29.9525845482737,2023,"Males","B'Tselem historical average",45.0013654517263
0,1,0.0150379,0.00261052,0.00163745,0.00831933,0.0564103,0.0704226,0.0588926,0.0252395,0.0260259,0.0498571,0.0429477,0.00900204,0.0168039,0.0375562,0.0254496,0.0515373,0.0526753,0.210433,0.119282622445,0.0148413392276786,0.0103878446475812,0.00815387110937986,0.0407491362213981,0.247191178639045,0.299401431818964,0.256672694220826,0.118707222635715,0.122179895635453,0.221657499681566,0.193917701796397,0.0440195359416789,0.0806321629907973,0.17166343431998,0.119636262438606,0.228274829122644,0.2327288455986,1,0.985158660772321,0.989612155352419,0.99184612889062,0.959250863778602,0.752808821360955,0.700598568181036,0.743327305779174,0.881292777364285,0.877820104364547,0.778342500318434,0.806082298203603,0.955980464058321,0.919367837009203,0.82833656568002,0.880363737561394,0.771725170877356,0.7672711544014,0,1e+05,1484.13392276785,98692.8974635995,3330903.88417908,33.3090388417908,2023,"Males","B'Tselem historical average",41.6449111582092
0,1,0.0196337,0.00405164,0.00540067,0.0174369,0.0460213,0.0999606,0.0396863,0.0382536,0.0328015,0.0382123,0.0334788,0.0292234,0.0243826,0.0227397,0.0280531,0.044085,0.0456184,0.289476,0.110111933335,0.019296554548272,0.0160762893262286,0.026643616548537,0.0835426863317546,0.206363687115391,0.399873910064113,0.180520975977646,0.17457289569327,0.151577570780138,0.174400855475759,0.154465685519107,0.136168717735333,0.114908575422272,0.107582514724782,0.131072990710732,0.198543071709245,0.204741994495739,1,0.980703445451728,0.983923710673771,0.973356383451463,0.916457313668245,0.793636312884609,0.600126089935887,0.819479024022354,0.82542710430673,0.848422429219862,0.825599144524241,0.845534314480893,0.863831282264667,0.885091424577728,0.892417485275218,0.868927009289268,0.801456928290755,0.795258005504261,0,1e+05,1929.6554548272,98282.8226379743,3093119.818761,30.93119818761,2023,"Males","B'Tselem historical average",44.02275181239
0,1,0.0139781,0.0016002,0.000961833,0.00727861,0.0445619,0.139248,0.0356857,0.064652,0.0412751,0.0315962,0.020465,0.0532726,0.0228354,0.0273626,0.0344937,0.0540003,0.0620594,0.254643,0.121397400355,0.0138085149354437,0.00638038023110836,0.00479762870597212,0.0357426578331722,0.200475569318918,0.516452541316797,0.163813960384745,0.278281380473989,0.187071964858203,0.146415561582794,0.0973446065665394,0.235057667284544,0.108010824070075,0.128053320529218,0.158776525413372,0.237886626947163,0.26862087428586,1,0.986191485064556,0.993619619768892,0.995202371294028,0.964257342166828,0.799524430681082,0.483547458683203,0.836186039615255,0.721718619526011,0.812928035141797,0.853584438417206,0.902655393433461,0.764942332715456,0.891989175929925,0.871946679470782,0.841223474586628,0.762113373052837,0.73137912571414,0,1e+05,1380.85149354437,98786.7802880482,2973686.55805049,29.7368655805049,2023,"Males","B'Tselem historical average",45.2170844194951
0,1,0.0210105,0.00306624,0.00503253,0.0134738,0.0657634,0.0812301,0.0920801,0.0260381,0.0276679,0.0254041,0.043092,0.0279948,0.0094041,0.032234,0.0275232,0.0591464,0.0825423,0.230461,0.107364597775,0.0206237082072631,0.0121902038188848,0.0248500040231336,0.0651736579198005,0.282389728347054,0.337593596078051,0.374248420125098,0.122233668772816,0.129389650240292,0.119435144137069,0.194505881397091,0.13081841181248,0.0459404290284343,0.149150691523573,0.128756521283523,0.257636344311967,0.342114256097341,1,0.979376291792737,0.987809796181115,0.975149995976866,0.9348263420802,0.717610271652946,0.662406403921949,0.625751579874902,0.877766331227184,0.870610349759708,0.880564855862931,0.805494118602909,0.86918158818752,0.954059570971566,0.850849308476427,0.871243478716477,0.742363655688033,0.657885743902659,0,1e+05,2062.37082072631,98159.0547929039,2950215.73713901,29.5021573713901,2023,"Males","B'Tselem historical average",45.4517926286099
0,1,0.0138913,0.00167975,0.00113057,0.0123735,0.0524499,0.0603622,0.0710332,0.0333242,0.0433652,0.0312623,0.0380046,0.0196293,0.0392238,0.0517415,0.0318917,0.0446693,0.050705,0.226201,0.121570605415,0.0137238345486828,0.0066965030978428,0.00563691767496055,0.0600111306861377,0.231848432279463,0.262237864012293,0.301605916525629,0.153807241783404,0.195618420209795,0.144980444615725,0.173535163785951,0.0935554309482202,0.178605075590166,0.229075699266063,0.147683782763133,0.200910204504786,0.225003050776006,1,0.986276165451317,0.993303496902157,0.99436308232504,0.939988869313862,0.768151567720537,0.737762135987707,0.698394083474371,0.846192758216596,0.804381579790205,0.855019555384275,0.826464836214049,0.90644456905178,0.821394924409834,0.770924300733937,0.852316217236867,0.799089795495214,0.774996949223994,0,1e+05,1372.38345486828,98794.4580326016,3250686.16843274,32.5068616843274,2023,"Males","B'Tselem historical average",42.4470883156726
0,1,0.0138748,0.00153353,0.0053236,0.0199244,0.0688316,0.0955316,0.0413225,0.0361319,0.0346709,0.0191538,0.0421681,0.0590909,0.0147755,0.0217455,0.0276098,0.0565798,0.0700781,0.292825,0.12160353034,0.0137077359355821,0.00611536381226595,0.0262683939449862,0.0948951763698418,0.293630378157104,0.385572181471373,0.187266681395125,0.165692534758407,0.159527127304818,0.0913927059709348,0.190733343269223,0.257425708067836,0.0712457703022478,0.103121432238163,0.129135487540276,0.247841888756358,0.29815513634862,1,0.986292264064418,0.993884636187734,0.973731606055014,0.905104823630158,0.706369621842896,0.614427818528627,0.812733318604875,0.834307465241593,0.840472872695182,0.908607294029065,0.809266656730777,0.742574291932164,0.928754229697752,0.896878567761837,0.870864512459724,0.752158111243642,0.70184486365138,0,1e+05,1370.77359355822,98795.9173147153,2962677.2026998,29.626772026998,2023,"Males","B'Tselem historical average",45.327177973002
0,1,0.0191761,0.00372597,0.00315564,0.0114952,0.0760935,0.0901674,0.0634409,0.0340289,0.0279195,0.0120987,0.0337526,0.016042,0.0240068,0.0193011,0.0303365,0.0723123,0.0596913,0.230153,0.111025051255,0.0188546828541451,0.0147936386920849,0.0156546985179223,0.0558703965441152,0.319657798310626,0.367904515885797,0.273782050742608,0.156804765765598,0.130489496272079,0.0587174868544841,0.155630652127503,0.0771172141274198,0.11323780656348,0.0920631975446761,0.140989667388195,0.306205449233484,0.259701673710162,1,0.981145317145855,0.985206361307915,0.984345301482078,0.944129603455885,0.680342201689374,0.632095484114203,0.726217949257392,0.843195234234402,0.869510503727921,0.941282513145516,0.844369347872497,0.92288278587258,0.88676219343652,0.907936802455324,0.859010332611805,0.693794550766516,0.740298326289838,0,1e+05,1885.46828541451,98323.8659276133,3021283.85718363,30.2128385718363,2023,"Males","B'Tselem historical average",44.7411114281637
0,1,0.0262334,0.0107138,0.00261649,0.028804,0.0609817,0.0760492,0.0696137,0.0406588,0.0317976,0.0183521,0.0276444,0.0351876,0.0196082,0.0621537,0.0289646,0.0499842,0.0619628,0.253484,0.113846393014,0.0256374116538825,0.0419561797625206,0.0129974308801907,0.134345761699984,0.26457319238486,0.319501429684159,0.296472185543139,0.184536425915016,0.147280114572198,0.0877351876565219,0.129286856088844,0.161712328200528,0.0934595653755098,0.268974152971187,0.135044243744122,0.222159800277432,0.268258829498825,1,0.974362588346118,0.958043820237479,0.987002569119809,0.865654238300016,0.73542680761514,0.680498570315841,0.703527814456861,0.815463574084984,0.852719885427802,0.912264812343478,0.870713143911156,0.838287671799472,0.90654043462449,0.731025847028813,0.864955756255878,0.777840199722568,0.731741170501174,0,1e+05,2563.74116538824,97728.1315189127,2844754.64836621,28.4475464836621,2023,"Males","B'Tselem historical average",46.5064035163379
0,1,0.0163422,0.00401073,0.0032928,0.00588915,0.048551,0.0928089,0.0884113,0.0553966,0.0231391,0.0284152,0.0294771,0.0260307,0.0129023,0.0421082,0.0406578,0.0433621,0.0684233,0.220525,0.11667995701,0.016109650861833,0.0159152564073388,0.0163295749391013,0.0290185140450293,0.216479285521602,0.376652694381128,0.362036259193839,0.243289475591166,0.109368763132502,0.132652622969493,0.137269717058255,0.122201052647145,0.0624956557519781,0.190488210804504,0.184532306020681,0.195605803924151,0.292143025336272,1,0.983890349138167,0.984084743592661,0.983670425060899,0.970981485954971,0.783520714478398,0.623347305618872,0.637963740806161,0.756710524408834,0.890631236867498,0.867347377030507,0.862730282941745,0.877798947352855,0.937504344248022,0.809511789195496,0.815467693979319,0.804394196075849,0.707856974663728,0,1e+05,1610.96508618331,98577.0022508172,3039677.59369733,30.3967759369733,2023,"Males","B'Tselem historical average",44.5571740630267
0,1,0.0173128,0.0064855,0.00630906,0.0201834,0.0341316,0.0814078,0.0468609,0.0371752,0.0474219,0.0252515,0.0407858,0.0163976,0.0247866,0.0403422,0.028967,0.0507894,0.0441789,0.213971,0.11474317324,0.017051464575164,0.0256098150884872,0.0310554728954358,0.0960694782326003,0.157240799794348,0.338207233036108,0.209733722507384,0.170070031419898,0.211978448082224,0.118760310075332,0.185059500555599,0.0787593396311602,0.11670142137252,0.183231132514667,0.135054677865663,0.225335378338532,0.198923902058382,1,0.982948535424836,0.974390184911513,0.968944527104564,0.9039305217674,0.842759200205652,0.661792766963892,0.790266277492616,0.829929968580102,0.788021551917776,0.881239689924668,0.814940499444401,0.92124066036884,0.88329857862748,0.816768867485333,0.864945322134337,0.774664621661468,0.801076097941618,0,1e+05,1705.1464575164,98490.507457858,3190912.32015351,31.9091232015351,2023,"Males","B'Tselem historical average",43.0448267984649
0,1,0.0151614,0.00594431,0.00128211,0.0145683,0.0808458,0.117202,0.044356,0.0518765,0.0249168,0.0164387,0.0231642,0.0156436,0.0176787,0.0266348,0.0325925,0.0431273,0.0480631,0.218404,0.11903618437,0.0149615637079853,0.0234978826029292,0.00639006807455234,0.0702817846902428,0.336264973095325,0.453215571478842,0.199641728704012,0.229604770329946,0.117278488400553,0.0789489545520145,0.109480905993465,0.0752741050265179,0.0846521500856998,0.124859950477551,0.150684535677341,0.194649709011383,0.214537193533679,1,0.985038436292015,0.976502117397071,0.993609931925448,0.929718215309757,0.663735026904675,0.546784428521158,0.800358271295988,0.770395229670054,0.882721511599447,0.921051045447985,0.890519094006535,0.924725894973482,0.9153478499143,0.875140049522449,0.849315464322659,0.805350290988617,0.785462806466321,0,1e+05,1496.15637079853,98681.9403748022,2879001.62997086,28.7900162997086,2023,"Males","B'Tselem historical average",46.1639337002914
0,1,0.0138973,0.00349407,0.00345535,0.00386542,0.0490124,0.123782,0.0728338,0.0216778,0.0114696,0.00657287,0.039922,0.0425507,0.0117146,0.0215727,0.0282604,0.0509414,0.0474463,0.22075,0.121558632715,0.0137296884682459,0.0138792895813053,0.0171287851307462,0.0191421191742536,0.218312010982325,0.472647017270544,0.308073576804366,0.102816890052073,0.0557494405419015,0.0323330477018794,0.181495810620974,0.192297515290338,0.0569064104114841,0.102343913635774,0.131977647244527,0.225933569195465,0.212075951907525,1,0.986270311531754,0.986120710418695,0.982871214869254,0.980857880825746,0.781687989017675,0.527352982729456,0.691926423195634,0.897183109947927,0.944250559458099,0.967666952298121,0.818504189379026,0.807702484709662,0.943093589588516,0.897656086364226,0.868022352755473,0.774066430804535,0.787924048092475,0,1e+05,1372.96884682459,98793.9273689557,3148831.48081247,31.4883148081247,2023,"Males","B'Tselem historical average",43.4656351918753
0,1,0.0140891,0.0040599,0.004494,0.0155818,0.0805908,0.0925211,0.0392416,0.0420883,0.0163985,0.0249568,0.0241637,0.0238175,0.0285279,0.0333536,0.0267618,0.0576731,0.0689995,0.220436,0.121175905405,0.0139167845921946,0.0161087997676467,0.0222203543192235,0.0749878844549978,0.335382200408331,0.37570410689004,0.178678886517124,0.190406758106921,0.0787634921835693,0.117455703732709,0.113935728116291,0.112395075710654,0.133143722964129,0.153932493003404,0.125417973211286,0.252027484245851,0.294241251856345,1,0.986083215407805,0.983891200232353,0.977779645680776,0.925012115545002,0.664617799591669,0.62429589310996,0.821321113482876,0.809593241893079,0.921236507816431,0.882544296267291,0.886064271883709,0.887604924289346,0.866856277035871,0.846067506996596,0.874582026788714,0.747972515754149,0.705758748143655,0,1e+05,1391.67845921946,98776.9594381091,3011941.36761437,30.1194136761437,2023,"Males","B'Tselem historical average",44.8345363238563
0,1,0.0161004,0.00169932,0.00296505,0.0122228,0.0513349,0.0847218,0.0467263,0.0437379,0.0299455,0.014206,0.0286176,0.0449052,0.0203132,0.03065,0.0400595,0.0442373,0.0594493,0.215626,0.11716245682,0.0158747556269419,0.00677425674007292,0.0147161645904527,0.0593019114905823,0.227480303428784,0.349568762948149,0.20919430980446,0.197133938750781,0.139299050693634,0.0685938880653588,0.133534413892477,0.201864127459063,0.0966574449719876,0.142342969929177,0.182064016343244,0.199160673811046,0.258785028076003,1,0.984125244373058,0.993225743259927,0.985283835409547,0.940698088509418,0.772519696571216,0.650431237051851,0.79080569019554,0.80286606124922,0.860700949306366,0.931406111934641,0.866465586107523,0.798135872540937,0.903342555028012,0.857657030070823,0.817935983656755,0.800839326188953,0.741214971923997,0,1e+05,1587.47556269419,98598.5169743728,3261473.70926967,32.6147370926967,2023,"Males","B'Tselem historical average",42.3392129073033
0,1,0.0186551,0.00358242,0.00279651,0.0223284,0.0529629,0.0888846,0.0577944,0.0289499,0.0321069,0.0234151,0.0311255,0.0104596,0.0145432,0.0204966,0.0375408,0.0436364,0.0485626,0.225373,0.112064680705,0.0183511224256446,0.0142277405156439,0.0138854728408645,0.105739514557865,0.233850940110106,0.363622008138526,0.252490637718592,0.134980332201966,0.148606282380587,0.110601157115086,0.14439183022113,0.0509653081570025,0.0701649430023216,0.0974875896737334,0.1715990828741,0.196721459285126,0.21652540804784,1,0.981648877574355,0.985772259484356,0.986114527159136,0.894260485442135,0.766149059889894,0.636377991861474,0.747509362281408,0.865019667798034,0.851393717619413,0.889398842884914,0.85560816977887,0.949034691842997,0.929835056997678,0.902512410326267,0.8284009171259,0.803278540714874,0.78347459195216,0,1e+05,1835.11224256446,98370.5390249564,3145332.59969696,31.4533259969696,2023,"Males","B'Tselem historical average",43.5006240030304
0,1,0.0148332,0.00314186,0.00320912,0.0152702,0.0529077,0.104164,0.0554268,0.0510372,0.022146,0.0129625,0.0371092,0.0173158,0.0168322,0.0296849,0.0248721,0.0445717,0.0460256,0.248642,0.11969109106,0.0146420076205932,0.012488962854333,0.0159178939206534,0.073543442317797,0.233635683385379,0.413214747582136,0.243405965569,0.226310379720342,0.10492104627309,0.0627780972848624,0.169793726601957,0.0829865535884335,0.0807624746840575,0.138170552421088,0.117080410787152,0.20051523747463,0.206380979029006,1,0.985357992379407,0.987511037145667,0.984082106079347,0.926456557682203,0.766364316614621,0.586785252417864,0.756594034431,0.773689620279658,0.89507895372691,0.937221902715138,0.830206273398043,0.917013446411566,0.919237525315942,0.861829447578912,0.882919589212848,0.79948476252537,0.793619020970994,0,1e+05,1464.20076205932,98711.0510246824,3086106.21685305,30.8610621685305,2023,"Males","B'Tselem historical average",44.0928878314695
0,1,0.0147099,0.00127592,0.00781806,0.0130421,0.0653853,0.0704774,0.0678854,0.0361554,0.0129435,0.0538,0.0281299,0.0267015,0.0155175,0.0206736,0.0436485,0.0627473,0.0498188,0.209791,0.119937130045,0.0145219046960052,0.00509068937522473,0.0383409209489153,0.0631514317789881,0.280994264322487,0.299599513175341,0.290179603808967,0.165791367021938,0.0626889635022709,0.237108858527986,0.13140824782385,0.125153063675661,0.0746899950062272,0.0982880789286516,0.196770641622816,0.27119466715419,0.221506082004576,1,0.985478095303995,0.994909310624775,0.961659079051085,0.936848568221012,0.719005735677513,0.700400486824659,0.709820396191033,0.834208632978062,0.937311036497729,0.762891141472014,0.86859175217615,0.874846936324339,0.925310004993773,0.901711921071348,0.803229358377184,0.72880533284581,0.778493917995424,0,1e+05,1452.19046960052,98721.9810876021,3099050.78373155,30.9905078373155,2023,"Males","B'Tselem historical average",43.9634421626845
0,1,0.0149212,0.00890324,0.00495319,0.00667162,0.058424,0.0995318,0.0544899,0.0367836,0.0280079,0.0274697,0.0125874,0.0493235,0.0223022,0.0390782,0.0385223,0.0604626,0.047719,0.257981,0.11951549146,0.0147277090456348,0.0349899128172185,0.0244630249733309,0.0328108462547743,0.254890668900407,0.398500355733108,0.239784866506384,0.168429400737573,0.130875621688291,0.128522325675948,0.0610168899971255,0.219545605782916,0.10562199297091,0.178001094110343,0.175691407255686,0.262616768441129,0.213164953910824,1,0.985272290954365,0.965010087182782,0.975536975026669,0.967189153745226,0.745109331099593,0.601499644266892,0.760215133493616,0.831570599262426,0.869124378311709,0.871477674324052,0.938983110002874,0.780454394217084,0.89437800702909,0.821998905889657,0.824308592744314,0.737383231558871,0.786835046089176,0,1e+05,1472.77090456348,98703.2480339034,3039606.0378071,30.396060378071,2023,"Males","B'Tselem historical average",44.557889621929
0,1,0.017823,0.00243744,0.00452633,0.0229583,0.0352284,0.11418,0.0619773,0.0400657,0.0208489,0.0303369,0.0169374,0.0135981,0.0272627,0.0463478,0.0276102,0.0553797,0.0395346,0.230049,0.11372509465,0.0175458444783941,0.00970246166368493,0.0223784197186868,0.108560583868433,0.161884656424075,0.444124625617488,0.268313183353381,0.182089628889504,0.0990802162011116,0.140991395346297,0.0812467291252835,0.0657551376565801,0.127615633192413,0.20767571835237,0.129137237605651,0.243224280748571,0.1798930050103,1,0.982454155521606,0.990297538336315,0.977621580281313,0.891439416131567,0.838115343575925,0.555875374382512,0.731686816646619,0.817910371110496,0.900919783798888,0.859008604653703,0.918753270874716,0.93424486234342,0.872384366807587,0.79232428164763,0.870862762394349,0.756775719251429,0.8201069949897,0,1e+05,1754.58444783941,98444.9558345625,3054313.00840508,30.5431300840508,2023,"Males","B'Tselem historical average",44.4108199159492
0,1,0.0171995,0.00363478,0.00200218,0.00995467,0.0855497,0.0986965,0.0384939,0.068099,0.0374745,0.01844,0.052197,0.0117651,0.0364859,0.0309156,0.0307068,0.0700718,0.0703071,0.232493,0.114969257725,0.0169416133010869,0.014434189791261,0.00996104050978032,0.0485647352181645,0.352382876562379,0.395817897258152,0.175573251988226,0.290959818329029,0.171321985624305,0.088136889398719,0.230859558997517,0.057144716732914,0.167180199864417,0.143487959127031,0.142587950782296,0.298132327869913,0.298983791654432,1,0.983058386698913,0.985565810208739,0.99003895949022,0.951435264781835,0.647617123437621,0.604182102741848,0.824426748011774,0.709040181670971,0.828678014375695,0.911863110601281,0.769140441002483,0.942855283267086,0.832819800135583,0.856512040872969,0.857412049217704,0.701867672130087,0.701016208345568,0,1e+05,1694.16133010869,98500.6151404803,2847240.53518004,28.4724053518004,2023,"Males","B'Tselem historical average",46.4815446481996
0,1,0.0143435,0.0024078,0.00144059,0.0311798,0.0368016,0.097208,0.0818393,0.0430086,0.0273019,0.0197638,0.02888,0.0233616,0.0257775,0.0505856,0.0258311,0.0791232,0.0593336,0.2517,0.120668262925,0.0141648431567881,0.00958504227044246,0.00717710184712513,0.14462551353287,0.168504877271512,0.391015430162025,0.339695412972748,0.194165982330817,0.127787402770734,0.0941662906615578,0.134676366349562,0.110362394699944,0.121084369183435,0.224532697005852,0.121320871115332,0.330283317526682,0.258346439276378,1,0.985835156843212,0.990414957729558,0.992822898152875,0.85537448646713,0.831495122728488,0.608984569837975,0.660304587027252,0.805834017669183,0.872212597229266,0.905833709338442,0.865323633650438,0.889637605300056,0.878915630816565,0.775467302994148,0.878679128884668,0.669716682473318,0.741653560723622,0,1e+05,1416.48431567881,98754.4403861547,2969693.34600387,29.6969334600387,2023,"Males","B'Tselem historical average",45.2570165399613
0,1,0.0160532,0.0013727,0.00324864,0.00550423,0.0593901,0.13006,0.0602261,0.0444705,0.0197302,0.0137903,0.0224919,0.0584967,0.0338066,0.0236064,0.0268141,0.0535593,0.0548693,0.254287,0.11725664206,0.0158288910691842,0.00547576682974562,0.0161123420031869,0.0271475836392631,0.258560643775301,0.490736897709693,0.26172396567687,0.20010551881396,0.0940137259601525,0.0666535682445915,0.106472573793722,0.255167376340986,0.155860238179871,0.111454406732287,0.125647676588004,0.236173307437418,0.241253036861358,1,0.984171108930816,0.994524233170254,0.983887657996813,0.972852416360737,0.741439356224699,0.509263102290307,0.73827603432313,0.79989448118604,0.905986274039847,0.933346431755408,0.893527426206278,0.744832623659014,0.844139761820129,0.888545593267713,0.874352323411996,0.763826692562582,0.758746963138642,0,1e+05,1582.88910691842,98602.7151545122,2956164.55861567,29.5616455861567,2023,"Males","B'Tselem historical average",45.3923044138433
0,1,0.01423,0.00250815,0.00727053,0.00888406,0.0454061,0.0973181,0.0606484,0.0300497,0.0131924,0.0470716,0.0213106,0.00954961,0.045658,0.0346883,0.0591547,0.063861,0.0971756,0.212529,0.1208947465,0.0140541867926252,0.00998252466154031,0.0357036881602997,0.0434551545002757,0.203886296123919,0.391371639198332,0.263317532417349,0.139749894023877,0.0638559663730504,0.21057745560219,0.101163369732449,0.0466346921927236,0.204901516409444,0.159600799009313,0.257667840490362,0.275345415975907,0.390910575659787,1,0.985945813207375,0.99001747533846,0.9642963118397,0.956544845499724,0.796113703876081,0.608628360801668,0.736682467582651,0.860250105976123,0.93614403362695,0.78942254439781,0.898836630267551,0.953365307807276,0.795098483590556,0.840399200990687,0.742332159509638,0.724654584024093,0.609089424340213,0,1e+05,1405.41867926251,98764.4890556933,3172973.00495345,31.7297300495345,2023,"Males","B'Tselem historical average",43.2242199504656
0,1,0.0141631,0.00219308,0.00235526,0.0104989,0.0707303,0.109924,0.0607242,0.039585,0.0298127,0.0185842,0.00844854,0.0199414,0.013216,0.0234918,0.0269605,0.0442325,0.0546284,0.270513,0.121028242105,0.0139889520271667,0.00873401122930647,0.0117073652771434,0.0511519032085104,0.300513053865451,0.431138757932555,0.263603257653928,0.180101686818249,0.138724146587572,0.0887955159320395,0.0413689323017289,0.0949722985159358,0.0639665453419035,0.110943352386044,0.126290371123324,0.199141215467126,0.24032110620454,1,0.986011047972833,0.991265988770693,0.988292634722857,0.94884809679149,0.699486946134549,0.568861242067445,0.736396742346072,0.819898313181751,0.861275853412428,0.91120448406796,0.958631067698271,0.905027701484064,0.936033454658097,0.889056647613956,0.873709628876676,0.800858784532874,0.75967889379546,0,1e+05,1398.89520271667,98770.4106245572,3035176.416478,30.3517641647801,2023,"Males","B'Tselem historical average",44.60218583522
0,1,0.0154882,0.00435383,0.00697751,0.00725145,0.0568053,0.0686224,0.0797062,0.025002,0.0347494,0.0151911,0.0275902,0.0159466,0.0209884,0.0321091,0.0367428,0.048909,0.0662355,0.214616,0.11838407131,0.0152795630092801,0.0172649824033259,0.0342894131914071,0.0356116595778849,0.248706834180777,0.292868629412508,0.332312569652008,0.117655916913332,0.159859450064796,0.0731764240611131,0.129049730325905,0.0766761887223023,0.0997101107773991,0.148615708394014,0.168258297560944,0.217901623714383,0.284128943420224,1,0.98472043699072,0.982735017596674,0.965710586808593,0.964388340422115,0.751293165819223,0.707131370587492,0.667687430347992,0.882344083086668,0.840140549935204,0.926823575938887,0.870950269674095,0.923323811277698,0.900289889222601,0.851384291605986,0.831741702439056,0.782098376285617,0.715871056579776,0,1e+05,1527.95630092801,98652.9293867596,3232764.01439776,32.3276401439776,2023,"Males","B'Tselem historical average",42.6263098560224
0,1,0.0137843,0.00215249,0.00444417,0.0131237,0.0472064,0.102639,0.0581544,0.0683216,0.0187933,0.0377697,0.0599861,0.0258636,0.0225202,0.0202531,0.027525,0.0433162,0.0954994,0.211385,0.121784118565,0.013619428763361,0.00857305317753179,0.0219766797479118,0.0635339972022907,0.211116835537237,0.408400462359666,0.253863762958514,0.29177214973642,0.0897497643825725,0.172555112882413,0.260817011644482,0.121464243480776,0.1065994004547,0.0963852497459269,0.128764399742705,0.195418980853847,0.385467267972474,1,0.986380571236639,0.991426946822468,0.978023320252088,0.936466002797709,0.788883164462763,0.591599537640334,0.746136237041486,0.70822785026358,0.910250235617427,0.827444887117587,0.739182988355518,0.878535756519224,0.8934005995453,0.903614750254073,0.871235600257295,0.804581019146154,0.614532732027526,0,1e+05,1361.94287633609,98803.9201363944,2977714.07464104,29.7771407464104,2023,"Males","B'Tselem historical average",45.1768092535897
0,1,0.0185982,0.00877596,0.00369454,0.0201173,0.0392469,0.0940596,0.0695869,0.0174006,0.0186721,0.0239408,0.0239341,0.0405819,0.0188375,0.0440002,0.024132,0.0485661,0.0461996,0.21279,0.11217822181,0.0182960969152828,0.0344983281049678,0.0183036411639355,0.0957699194962931,0.178700862772168,0.380762159059352,0.296374962759821,0.0833760181465959,0.089196772366728,0.112944071436389,0.112914247756904,0.184219551461374,0.0899513534485332,0.198199009820266,0.113794762008054,0.216539323858847,0.207080418718439,1,0.981703903084717,0.965501671895032,0.981696358836065,0.904230080503707,0.821299137227832,0.619237840940648,0.703625037240179,0.916623981853404,0.910803227633272,0.887055928563611,0.887085752243096,0.815780448538626,0.910048646551467,0.801800990179734,0.886205237991946,0.783460676141153,0.792919581281561,0,1e+05,1829.60969152828,98375.6326702737,3143926.17432459,31.4392617432459,2023,"Males","B'Tselem historical average",43.5146882567541
0,1,0.0145879,0.00515758,0.00335872,0.00859668,0.0268127,0.0917954,0.110111,0.0651191,0.0278881,0.0130493,0.0172028,0.0209666,0.0193812,0.0218948,0.0229688,0.0448345,0.0759795,0.218428,0.120180574945,0.0144030410330126,0.0204196876546918,0.0166537616938094,0.0420790496878242,0.125641528473731,0.373307273715858,0.43171388188061,0.280010431736732,0.130352304726399,0.0631851936318498,0.0824673276401788,0.0996117031612484,0.0924276052431535,0.103792699033029,0.108607537955518,0.201578339809525,0.319255346081081,1,0.985596958966987,0.979580312345308,0.983346238306191,0.957920950312176,0.874358471526269,0.626692726284142,0.56828611811939,0.719989568263268,0.869647695273601,0.93681480636815,0.917532672359821,0.900388296838752,0.907572394756846,0.896207300966971,0.891392462044482,0.798421660190475,0.680744653918919,0,1e+05,1440.30410330126,98732.7924719291,3112413.46351076,31.1241346351076,2023,"Males","B'Tselem historical average",43.8298153648924
0,1,0.0144857,0.00155405,0.00154796,0.0103021,0.0444947,0.0958813,0.0762237,0.05512,0.0360437,0.0114655,0.0234747,0.0338601,0.0268536,0.0358096,0.0301668,0.0467349,0.0459097,0.236114,0.120384509935,0.0143034476710131,0.00619693929298348,0.00770996321336062,0.0502171448793462,0.200203511987882,0.386710690643103,0.320117205422578,0.242221831604852,0.165321503326387,0.0557300672838914,0.110867071869937,0.156087642076328,0.125821124619776,0.164335985255947,0.140256291280499,0.209228784229752,0.205914784988979,1,0.985696552328987,0.993803060707017,0.992290036786639,0.949782855120654,0.799796488012118,0.613289309356897,0.679882794577422,0.757778168395149,0.834678496673613,0.944269932716109,0.889132928130063,0.843912357923672,0.874178875380224,0.835664014744053,0.859743708719501,0.790771215770248,0.794085215011021,0,1e+05,1430.34476710131,98741.8465867243,3115533.98653903,31.1553398653903,2023,"Males","B'Tselem historical average",43.7986101346097
0,1,0.016104,0.00246812,0.00775798,0.0201194,0.0430069,0.106255,0.0798664,0.0553316,0.0192617,0.0294349,0.0121083,0.00884332,0.0164004,0.0232873,0.0358764,0.0507847,0.0428478,0.218145,0.1171552732,0.0158782536051657,0.00982398644514999,0.0380518855817365,0.0957794379407378,0.194159052601664,0.419768693642532,0.332869315292756,0.243038699708081,0.0918838997218205,0.13708666901549,0.0587627087345729,0.043260190725386,0.0787722586241512,0.11003070491366,0.164617308943545,0.225316875217815,0.193510275990984,1,0.984121746394834,0.99017601355485,0.961948114418263,0.904220562059262,0.805840947398336,0.580231306357468,0.667130684707244,0.756961300291919,0.90811610027818,0.86291333098451,0.941237291265427,0.956739809274614,0.921227741375849,0.88996929508634,0.835382691056455,0.774683124782185,0.806489724009016,0,1e+05,1587.82536051657,98598.1967533886,2963640.62001884,29.6364062001884,2023,"Males","B'Tselem historical average",45.3175437998116
0,1,0.0180233,0.00153797,0.00230139,0.0236845,0.0335687,0.103565,0.0503235,0.0368998,0.0197528,0.0333529,0.028523,0.046453,0.0283641,0.0221656,0.0237942,0.0459552,0.0449372,0.232156,0.113325406015,0.0177398037057385,0.00613301521318516,0.0114411237803578,0.111802532308829,0.154848355058841,0.411327236801604,0.22349932881584,0.168916534180148,0.0941163465735071,0.153929511029002,0.13312237616184,0.208098052874547,0.132429865154433,0.105009029631974,0.112291296105515,0.20609783224862,0.201993449862138,1,0.982260196294262,0.993866984786815,0.988558876219642,0.888197467691171,0.845151644941159,0.588672763198395,0.77650067118416,0.831083465819852,0.905883653426493,0.846070488970998,0.86687762383816,0.791901947125453,0.867570134845567,0.894990970368026,0.887708703894485,0.79390216775138,0.798006550137862,0,1e+05,1773.98037057384,98427.0566751841,3169469.22726866,31.6946922726866,2023,"Males","B'Tselem historical average",43.2592577273134
0,1,0.0151626,0.00592355,0.00240595,0.0109182,0.0451128,0.0850647,0.082011,0.0234271,0.0210948,0.0161956,0.0202615,0.032044,0.0224872,0.0286624,0.0239111,0.05558,0.0406407,0.228417,0.11903378983,0.0149627317457113,0.0234167790766016,0.0119578251762927,0.0531405033897257,0.202702775566104,0.350735479205145,0.34028683992689,0.110654703017355,0.100190265944866,0.0778268679438226,0.0964232983511457,0.148336743479831,0.10645150906347,0.133729480355637,0.112811860788736,0.243996663593661,0.184461852933694,1,0.985037268254289,0.976583220923398,0.988042174823707,0.946859496610274,0.797297224433896,0.649264520794855,0.65971316007311,0.889345296982645,0.899809734055134,0.922173132056177,0.903576701648854,0.851663256520169,0.89354849093653,0.866270519644364,0.887188139211264,0.756003336406339,0.815538147066306,0,1e+05,1496.27317457112,98681.833892019,3263535.17311397,32.6353517311397,2023,"Males","B'Tselem historical average",42.3185982688603
0,1,0.0147805,0.00252415,0.0043066,0.0194271,0.0464529,0.12356,0.0502697,0.0568203,0.0302251,0.024879,0.0452055,0.0188199,0.0241046,0.0423238,0.0453074,0.0568955,0.0456982,0.251159,0.119796251275,0.0145906774529357,0.0100458853569525,0.0213036344200169,0.0926363604068502,0.208097651510383,0.471999388799756,0.223287065507628,0.248764339062866,0.140508306000742,0.11711098924635,0.20307700601183,0.0898710877873759,0.113672900506149,0.19137021340475,0.203488197142019,0.249052573290829,0.205063426327501,1,0.985409322547064,0.989954114643048,0.978696365579983,0.90736363959315,0.791902348489617,0.528000611200244,0.776712934492372,0.751235660937134,0.859491693999258,0.88288901075365,0.79692299398817,0.910128912212624,0.886327099493851,0.80862978659525,0.796511802857981,0.750947426709171,0.794936573672499,0,1e+05,1459.06774529358,98715.7231009489,2885894.35010974,28.8589435010974,2023,"Males","B'Tselem historical average",46.0950064989026
0,1,0.0209532,0.00375704,0.00202994,0.0254748,0.037395,0.0852028,0.0742045,0.033496,0.0168906,0.0226999,0.0357661,0.0153228,0.0153637,0.0320998,0.0299906,0.0502286,0.0462488,0.211635,0.10747893706,0.0205685441118635,0.0149160793862057,0.0100984518715198,0.119747632527238,0.170989608934716,0.351204898240488,0.312964132563061,0.15453891154705,0.0810313305217244,0.107404331063244,0.164152741573977,0.0737874251064473,0.073977095254111,0.148575861409795,0.139494212199057,0.223124874785831,0.207278092400473,1,0.979431455888137,0.985083920613794,0.98990154812848,0.880252367472762,0.829010391065284,0.648795101759512,0.687035867436939,0.84546108845295,0.918968669478276,0.892595668936756,0.835847258426023,0.926212574893553,0.926022904745889,0.851424138590205,0.860505787800943,0.776875125214169,0.792721907599527,0,1e+05,2056.85441118634,98164.2141146151,3183064.97355489,31.8306497355489,2023,"Males","B'Tselem historical average",43.1233002644511
0,1,0.014626,0.00203002,0.00381664,0.0106907,0.0520284,0.133768,0.0483679,0.0515529,0.0357542,0.0252894,0.00920595,0.0169509,0.0131773,0.0412604,0.0376471,0.0466932,0.0884268,0.259027,0.1201045483,0.014440164456889,0.00808724545994281,0.0189028366934062,0.0520620505894095,0.230199695417368,0.501221504473854,0.215750949164737,0.228336037704552,0.164102606469427,0.118927958232676,0.0449942137938121,0.0813088543519153,0.0637852079482585,0.187011569585669,0.172043182737873,0.20906161096699,0.362088239220288,1,0.985559835543111,0.991912754540057,0.981097163306594,0.94793794941059,0.769800304582632,0.498778495526146,0.784249050835263,0.771663962295448,0.835897393530573,0.881072041767324,0.955005786206188,0.918691145648085,0.936214792051741,0.812988430414331,0.827956817262127,0.79093838903301,0.637911760779712,0,1e+05,1444.0164456889,98729.4164972583,2966030.69075984,29.6603069075984,2023,"Males","B'Tselem historical average",45.2936430924016
0,1,0.0151321,0.00262775,0.00861588,0.023225,0.0333482,0.0983572,0.0675294,0.0368411,0.0347676,0.0283182,0.0104857,0.0152009,0.0181721,0.0221632,0.0528031,0.0498653,0.0468281,0.214887,0.119094651055,0.0149330433117004,0.0104560482384827,0.0421710482715454,0.109752495717408,0.153909488951379,0.394725710795389,0.288877662025105,0.168670484530874,0.159936481007324,0.132229730139882,0.0510892340463992,0.0732219029390351,0.0869120632390348,0.104998256598396,0.23322764353866,0.2216899147367,0.209602305674151,1,0.9850669566883,0.989543951761517,0.957828951728455,0.890247504282592,0.846090511048621,0.605274289204611,0.711122337974895,0.831329515469126,0.840063518992676,0.867770269860118,0.948910765953601,0.926778097060965,0.913087936760965,0.895001743401604,0.76677235646134,0.7783100852633,0.790397694325849,0,1e+05,1493.30433117005,98684.5402270696,3097464.40929361,30.9746440929361,2023,"Males","B'Tselem historical average",43.9793059070639
0,1,0.0151136,0.00163463,0.00804313,0.00687459,0.059449,0.0933196,0.0360164,0.0373447,0.0231966,0.0362943,0.0211769,0.0212388,0.0201075,0.0342526,0.0272804,0.0626523,0.0474746,0.224713,0.11913156688,0.014915034752986,0.00651721353448027,0.0394229404131862,0.0337921815171599,0.258783891139169,0.378333234681938,0.165206629842364,0.170779250325887,0.109625644440433,0.166375311343742,0.100560595797158,0.100839713720578,0.0957254988306564,0.157754265604858,0.127693196317921,0.270839678090869,0.212189027041982,1,0.985084965247014,0.99348278646552,0.960577059586814,0.96620781848284,0.741216108860831,0.621666765318062,0.834793370157636,0.829220749674113,0.890374355559567,0.833624688656258,0.899439404202842,0.899160286279422,0.904274501169344,0.842245734395142,0.872306803682079,0.729160321909131,0.787810972958018,0,1e+05,1491.50347529861,98686.1816707207,3236828.94840189,32.3682894840189,2023,"Males","B'Tselem historical average",42.5856605159811
0,1,0.0169105,0.00447424,0.00161447,0.0110513,0.0478384,0.0974816,0.0472506,0.0585235,0.0275189,0.0423523,0.0176703,0.00977939,0.023677,0.0348712,0.0297942,0.0649488,0.0979299,0.213381,0.115545942775,0.0166613041985003,0.0177382298053514,0.00803989955839988,0.0537709040209823,0.213641349200962,0.391900323549655,0.211293623753663,0.255269359149531,0.128737700251381,0.191486740319876,0.0846136294584508,0.0477300237086106,0.111769107126419,0.16037484202219,0.138644030096265,0.279380439308586,0.3933481399691,1,0.9833386958015,0.982261770194649,0.9919601004416,0.946229095979018,0.786358650799038,0.608099676450345,0.788706376246337,0.744730640850469,0.871262299748619,0.808513259680124,0.915386370541549,0.952269976291389,0.888230892873581,0.83962515797781,0.861355969903735,0.720619560691414,0.6066518600309,0,1e+05,1666.13041985003,98526.3841902976,3140343.8704927,31.403438704927,2023,"Males","B'Tselem historical average",43.550511295073
0,1,0.0228487,0.00277799,0.00368253,0.00656044,0.0477634,0.133132,0.0417696,0.03943,0.0219448,0.0310176,0.0228098,0.018016,0.0245382,0.0299845,0.0302842,0.0728093,0.0598571,0.225458,0.103696561585,0.0223901635918635,0.0110505632913644,0.0182446835140475,0.0322728891182821,0.213342135601079,0.4994335361599,0.189101287186805,0.179459754682202,0.10401739753636,0.143927301344539,0.107896269197166,0.0861976575059328,0.115599491400303,0.139467818025999,0.140763709194993,0.307985904676579,0.260329132680565,1,0.977609836408136,0.988949436708636,0.981755316485952,0.967727110881718,0.786657864398921,0.5005664638401,0.810898712813195,0.820540245317798,0.89598260246364,0.856072698655461,0.892103730802834,0.913802342494067,0.884400508599697,0.860532181974001,0.859236290805008,0.692014095323421,0.739670867319435,0,1e+05,2239.01635918635,97993.1619385938,3071229.52263814,30.7122952263814,2023,"Males","B'Tselem historical average",44.2416547736186
0,1,0.0149391,0.0077356,0.00470072,0.00934619,0.0411303,0.119029,0.0384888,0.0538518,0.0185584,0.0371599,0.0155212,0.028384,0.0352035,0.0406387,0.0234862,0.0456662,0.0536359,0.217893,0.119479772905,0.0147451397812531,0.030470977414229,0.0232305986507758,0.0456639892019027,0.186476875426603,0.45866030607153,0.175552032343814,0.23731006465106,0.0886777090126491,0.170005986367917,0.0747071388896644,0.132516620602077,0.16177948936532,0.184453612449383,0.110918372310597,0.204934545182022,0.236471143487541,1,0.985254860218747,0.969529022585771,0.976769401349224,0.954336010798097,0.813523124573397,0.54133969392847,0.824447967656186,0.76268993534894,0.911322290987351,0.829994013632083,0.925292861110336,0.867483379397923,0.83822051063468,0.815546387550617,0.889081627689403,0.795065454817978,0.763528856512458,0,1e+05,1474.51397812531,98701.6606171264,3082041.75437611,30.8204175437611,2023,"Males","B'Tselem historical average",44.1335324562389
0,1,0.0158452,0.00236724,0.00813365,0.00825215,0.0520863,0.0618482,0.0644679,0.0413467,0.0241206,0.0208478,0.0411293,0.0105231,0.0120338,0.0189794,0.0383502,0.0485844,0.0413355,0.208497,0.11767169566,0.0156267278983275,0.00942434064769032,0.0398577769806533,0.040426731371776,0.230426358861129,0.267829126539846,0.277598947096236,0.187366077507773,0.113744062419981,0.0990752476310913,0.186472764334629,0.0512667862052099,0.0584117128255012,0.0905982489831242,0.174975168255883,0.216612080134753,0.187320077356116,1,0.984373272101672,0.99057565935231,0.960142223019347,0.959573268628224,0.769573641138871,0.732170873460154,0.722401052903764,0.812633922492227,0.886255937580019,0.900924752368909,0.813527235665371,0.94873321379479,0.941588287174499,0.909401751016876,0.825024831744117,0.783387919865247,0.812679922643884,0,1e+05,1562.67278983275,98621.2095671086,3360280.45536668,33.6028045536668,2023,"Males","B'Tselem historical average",41.3511454463332
0,1,0.0149432,0.00297737,0.0020779,0.030796,0.0416844,0.0703965,0.0804853,0.0510015,0.04741,0.0313106,0.0366689,0.0158589,0.0211038,0.0185986,0.0226879,0.0472298,0.0572913,0.211819,0.11947159156,0.0147491322145776,0.0118389819406786,0.0103358080610747,0.142972543849061,0.188751968600204,0.299307073925933,0.335016700823105,0.226169979479004,0.211930891128942,0.145188177614925,0.167948301333115,0.0762705811995367,0.100230869443591,0.0888612623166919,0.107350600762406,0.211210433651783,0.250568073348432,1,0.985250867785422,0.988161018059321,0.989664191938925,0.857027456150939,0.811248031399796,0.700692926074067,0.664983299176895,0.773830020520996,0.788069108871058,0.854811822385075,0.832051698666885,0.923729418800463,0.899769130556409,0.911138737683308,0.892649399237593,0.788789566348217,0.749431926651568,0,1e+05,1474.91322145775,98701.2970085227,3010209.59185964,30.1020959185964,2023,"Males","B'Tselem historical average",44.8518540814036
0,1,0.0202488,0.00233387,0.00270678,0.00877296,0.0718093,0.0768686,0.0587302,0.0225217,0.0366767,0.0309952,0.0129968,0.0144557,0.0214151,0.0442166,0.0294107,0.0450444,0.0691207,0.23201,0.10888453204,0.0198899061576188,0.00929210686112008,0.0134429323489413,0.0429233871046656,0.304399680125,0.322389018694039,0.256055520216458,0.106606122241769,0.167981025779484,0.143830836167085,0.0629389864521953,0.069757515700713,0.10163423190104,0.199076756699322,0.136981682105267,0.202426544407704,0.294681944326908,1,0.980110093842381,0.99070789313888,0.986557067651059,0.957076612895334,0.695600319875,0.677610981305961,0.743944479783542,0.893393877758231,0.832018974220516,0.856169163832915,0.937061013547805,0.930242484299287,0.89836576809896,0.800923243300678,0.863018317894733,0.797573455592296,0.705318055673092,0,1e+05,1988.99061576188,98227.5796966673,3200955.00345616,32.0095500345616,2023,"Males","B'Tselem historical average",42.9443999654384
0,1,0.01523,0.00203175,0.00425501,0.00596279,0.0653179,0.0921946,0.0569804,0.0366364,0.012679,0.0418568,0.0165748,0.011283,0.0170236,0.0327069,0.0355407,0.0461272,0.0949716,0.250512,0.1188992965,0.0150283323478709,0.00809410958569851,0.0210511182038288,0.0293760420751863,0.280745271136142,0.374626621259152,0.249377872661497,0.16781193688845,0.0614472750006664,0.189458666246621,0.0795765850454708,0.0548673297948128,0.0816433410483244,0.151173461758987,0.163202658213113,0.206789453770136,0.383745653285966,1,0.984971667652129,0.991905890414301,0.978948881796171,0.970623957924814,0.719254728863858,0.625373378740848,0.750622127338503,0.83218806311155,0.938552724999334,0.810541333753379,0.920423414954529,0.945132670205187,0.918356658951676,0.848826538241013,0.836797341786887,0.793210546229864,0.616254346714034,0,1e+05,1502.83323478709,98675.8525795859,3189957.19806688,31.8995719806688,2023,"Males","B'Tselem historical average",43.0543780193313
0,1,0.0167635,0.00143584,0.00199118,0.022309,0.0349908,0.0967814,0.0811186,0.0402669,0.0155747,0.0175074,0.00977003,0.0217909,0.0147491,0.0373637,0.0320157,0.0457051,0.0700527,0.229771,0.115839273925,0.016518666465121,0.00572691413521618,0.00990658551264732,0.105652496158026,0.160880643912469,0.389633750377933,0.337208330752542,0.18292040578113,0.0749549960572672,0.0838662979386713,0.0476854298007104,0.103325605175455,0.0711229994230247,0.170858715526689,0.148215446799734,0.205091213899056,0.298063174618506,1,0.983481333534879,0.994273085864784,0.990093414487353,0.894347503841973,0.839119356087531,0.610366249622067,0.662791669247458,0.81707959421887,0.925045003942733,0.916133702061329,0.95231457019929,0.896674394824545,0.928877000576975,0.829141284473311,0.851784553200266,0.794908786100944,0.701936825381494,0,1e+05,1651.86664651211,98539.4843864408,3194577.78065854,31.9457778065854,2023,"Males","B'Tselem historical average",43.0081721934146
0,1,0.0160698,0.00256174,0.00571595,0.0148987,0.041851,0.10764,0.0464396,0.0468448,0.012476,0.0127902,0.021944,0.0462206,0.0166836,0.0241965,0.0374662,0.0750827,0.0551007,0.211363,0.11722351759,0.015845021862027,0.0101947275174588,0.0281771027242089,0.0718184944903419,0.189434900000226,0.424080056733118,0.208044268474392,0.209669218484807,0.060493216575025,0.0619694944308271,0.104013802779516,0.207164796963654,0.0800780256290384,0.114081563614976,0.171287290309514,0.316082652557123,0.242147287402546,1,0.984154978137973,0.989805272482541,0.971822897275791,0.928181505509658,0.810565099999774,0.575919943266882,0.791955731525608,0.790330781515193,0.939506783424975,0.938030505569173,0.895986197220484,0.792835203036346,0.919921974370962,0.885918436385024,0.828712709690486,0.683917347442877,0.757852712597454,0,1e+05,1584.50218620269,98601.238733693,3185442.0044438,31.854420044438,2023,"Males","B'Tselem historical average",43.099529955562
0,1,0.0141366,0.00287583,0.00667475,0.0160845,0.0380347,0.108573,0.0596471,0.0381545,0.0297317,0.0427726,0.0192946,0.021511,0.0344734,0.0215293,0.0499984,0.0522156,0.0614183,0.216917,0.12108112153,0.0139631094180564,0.01143753518637,0.0328259868605071,0.0773136225934876,0.173660671175137,0.426971152617225,0.259534325355256,0.174160028026644,0.138373315256938,0.19320346380964,0.0920336202755771,0.102066138250247,0.158690497508018,0.102148533921604,0.222215901212093,0.230932325200634,0.266215275813725,1,0.986036890581944,0.98856246481363,0.967174013139493,0.922686377406512,0.826339328824862,0.573028847382775,0.740465674644744,0.825839971973356,0.861626684743062,0.80679653619036,0.907966379724423,0.897933861749753,0.841309502491982,0.897851466078396,0.777784098787907,0.769067674799366,0.733784724186275,0,1e+05,1396.31094180564,98772.7559530328,3053465.01609679,30.5346501609679,2023,"Males","B'Tselem historical average",44.4192998390321
0,1,0.0149867,0.002675,0.00146188,0.0183606,0.0621453,0.0998608,0.0433028,0.0292981,0.0238857,0.0206594,0.017925,0.015493,0.0234965,0.0265023,0.0570625,0.0475562,0.0649997,0.215937,0.119384789485,0.0147914890864808,0.0106430596309743,0.00728278361073784,0.0877740399071997,0.268942689669245,0.39955443595497,0.195364432618066,0.136493033628614,0.112698777052399,0.0982238837406225,0.0857809415564994,0.0745764669922237,0.110964317296601,0.124277407179281,0.24969232872966,0.212514986944656,0.279568782517494,1,0.985208510913519,0.989356940369026,0.992717216389262,0.9122259600928,0.731057310330755,0.60044556404503,0.804635567381934,0.863506966371386,0.887301222947601,0.901776116259378,0.914219058443501,0.925423533007776,0.889035682703399,0.875722592820719,0.75030767127034,0.787485013055344,0.720431217482506,0,1e+05,1479.14890864809,98697.4389724278,3173303.30084439,31.7330330084439,2023,"Males","B'Tselem historical average",43.2209169915561
0,1,0.0144191,0.00621603,0.00369858,0.017394,0.0663131,0.0544274,0.07882,0.0652333,0.0331926,0.0399905,0.0127043,0.0194705,0.0114466,0.0252194,0.0288248,0.0459879,0.0485351,0.224854,0.120517406905,0.0142385361754643,0.0245588034815887,0.0183234729237839,0.0833457117256118,0.284414484602727,0.239542774049276,0.329226013950963,0.28043263455131,0.153246385095221,0.181778924772239,0.0615661140433962,0.0928337034427928,0.055640756297415,0.118618294461636,0.134436254619602,0.206229361827978,0.216416061975975,1,0.985761463824536,0.975441196518411,0.981676527076216,0.916654288274388,0.715585515397273,0.760457225950724,0.670773986049037,0.71956736544869,0.846753614904779,0.818221075227761,0.938433885956604,0.907166296557207,0.944359243702585,0.881381705538364,0.865563745380398,0.793770638172022,0.783583938024025,0,1e+05,1423.85361754643,98747.7455282526,3013025.77907325,30.1302577907325,2023,"Males","B'Tselem historical average",44.8236922092675
0,1,0.0151968,0.00259024,0.00179783,0.00776615,0.0536014,0.105833,0.0679279,0.0288858,0.0318387,0.0592471,0.0264727,0.0317126,0.0154334,0.0274697,0.0570156,0.0564097,0.0503173,0.226783,0.11896554544,0.0149960197255285,0.0103075618818225,0.00894892837027019,0.0380911951617367,0.236337013069184,0.418450358122147,0.290334899885217,0.134701591892294,0.147456446122128,0.258018395761236,0.124147219739974,0.146915332098252,0.0743002368129284,0.128522325675948,0.249512708100117,0.247188874381942,0.223474869830673,1,0.985003980274471,0.989692438118178,0.99105107162973,0.961908804838263,0.763662986930816,0.581549641877853,0.709665100114783,0.865298408107706,0.852543553877872,0.741981604238764,0.875852780260026,0.853084667901748,0.925699763187072,0.871477674324052,0.750487291899883,0.752811125618058,0.776525130169327,0,1e+05,1499.60197255286,98678.7989940548,3031372.70167195,30.3137270167195,2023,"Males","B'Tselem historical average",44.6402229832805
0,1,0.0145105,0.00706959,0.0102012,0.0137079,0.0649572,0.0731172,0.0788855,0.0256105,0.0109505,0.0108216,0.0258383,0.0277039,0.0431613,0.0266109,0.0231859,0.0486901,0.0980121,0.220386,0.120335022775,0.0143276168730513,0.0278841016673865,0.0497375434299071,0.0662684952354064,0.279411524329551,0.309087050734998,0.32945453558314,0.12034712489471,0.0532935231858825,0.0526827216485209,0.12135263549568,0.129547100225179,0.194788218195045,0.124754899605237,0.10957784746609,0.217032201067062,0.393613327868941,1,0.985672383126949,0.972115898332613,0.950262456570093,0.933731504764594,0.720588475670449,0.690912949265002,0.67054546441686,0.87965287510529,0.946706476814118,0.947317278351479,0.87864736450432,0.870452899774821,0.805211781804955,0.875245100394763,0.89042215253391,0.782967798932938,0.606386672131059,0,1e+05,1432.76168730513,98739.6497229679,3067265.35522145,30.6726535522145,2023,"Males","B'Tselem historical average",44.2812964477855
0,1,0.0158899,0.00187814,0.0047034,0.011456,0.0755437,0.0965385,0.0568234,0.0440739,0.0154747,0.0307556,0.0359064,0.0536827,0.0441343,0.0195883,0.0230747,0.0726515,0.0428189,0.234961,0.117582499045,0.015670180163784,0.00748444632396223,0.0232436890819301,0.055685176543786,0.317715070139716,0.388845980724556,0.248776222934289,0.198498042780717,0.0744916597809686,0.142798375691459,0.164743623860535,0.23665306171031,0.198743037860395,0.0933691430385452,0.109080973170932,0.307421006809457,0.193392377786946,1,0.984329819836216,0.992515553676038,0.97675631091807,0.944314823456214,0.682284929860284,0.611154019275444,0.751223777065711,0.801501957219283,0.925508340219031,0.857201624308541,0.835256376139465,0.76334693828969,0.801256962139605,0.906630856961455,0.890919026829068,0.692578993190543,0.806607622213054,0,1e+05,1567.01801637841,98617.2358780359,2917007.86566162,29.1700786566162,2023,"Males","B'Tselem historical average",45.7838713433838
0,1,0.0144057,0.00388539,0.0025331,0.0259836,0.0453484,0.113096,0.0527235,0.033377,0.03392,0.0228994,0.0254712,0.0377482,0.0114521,0.046373,0.0359459,0.0758764,0.0422853,0.23286,0.120544145935,0.0142254749373091,0.015421721197354,0.0125857972921978,0.121993428855008,0.203653588965403,0.440837582050922,0.232917001215974,0.154032170604347,0.156342182890855,0.10829715057529,0.119731723322284,0.172465357938651,0.055666747113455,0.207776904069018,0.164909911986786,0.318891207885073,0.191212776006799,1,0.985774525062691,0.984578278802646,0.987414202707802,0.878006571144992,0.796346411034597,0.559162417949078,0.767082998784026,0.845967829395653,0.843657817109145,0.89170284942471,0.880268276677716,0.827534642061349,0.944333252886545,0.792223095930982,0.835090088013214,0.681108792114927,0.808787223993201,0,1e+05,1422.5474937309,98748.9322789529,2975256.35967387,29.7525635967387,2023,"Males","B'Tselem historical average",45.2013864032613
0,1,0.0160905,0.00809101,0.00121699,0.0107973,0.0377291,0.098531,0.0641772,0.0378147,0.0194227,0.0178066,0.0197286,0.0335878,0.0354175,0.0221087,0.0326761,0.0460768,0.0821996,0.220196,0.117182211775,0.0158651360654983,0.0318486642776852,0.00606649284717479,0.0525675314808544,0.172385614755793,0.395285348353462,0.276520259935214,0.17274294353296,0.0926163509986465,0.0852384811537204,0.0940064603651026,0.154929635935328,0.162682942233603,0.104753585983895,0.15104185324773,0.206586847825307,0.340935994140186,1,0.984134863934502,0.968151335722315,0.993933507152825,0.947432468519146,0.827614385244207,0.604714651646538,0.723479740064786,0.82725705646704,0.907383649001353,0.91476151884628,0.905993539634897,0.845070364064672,0.837317057766397,0.895246414016105,0.84895814675227,0.793413152174693,0.659064005859814,0,1e+05,1586.51360654984,98599.3975668768,3231822.0418612,32.318220418612,2023,"Males","B'Tselem historical average",42.635729581388
0,1,0.0189274,0.00373481,0.00451174,0.00462975,0.0637609,0.0819496,0.0499299,0.0579343,0.0279509,0.0171709,0.0217334,0.0420712,0.0180751,0.0204138,0.0380834,0.0527295,0.0805188,0.24367,0.11152131967,0.0186143697502245,0.0148284769122864,0.0223070905185595,0.0228838833526205,0.274973159660506,0.340075393775615,0.221945240803067,0.253024505917115,0.130626667685475,0.0823206987831606,0.103067008683685,0.190336760232288,0.0864681967426427,0.0971128921077281,0.173863698099494,0.232940420273033,0.335132777323177,1,0.981385630249776,0.985171523087714,0.97769290948144,0.97711611664738,0.725026840339494,0.659924606224385,0.778054759196933,0.746975494082885,0.869373332314525,0.917679301216839,0.896932991316315,0.809663239767712,0.913531803257357,0.902887107892272,0.826136301900506,0.767059579726967,0.664867222676824,0,1e+05,1861.43697502244,98346.1529329146,3153762.54756509,31.5376254756509,2023,"Males","B'Tselem historical average",43.4163245243491
0,1,0.0164962,0.00527748,0.000923017,0.0207992,0.0273595,0.118106,0.0666378,0.0399996,0.0422341,0.030331,0.0163607,0.0642037,0.0177638,0.0380658,0.0341041,0.0442933,0.0962591,0.23997,0.11637265771,0.0162591979095691,0.0208894328716174,0.00460446001283084,0.0988557012465803,0.128039741716283,0.455914426777532,0.285608238338171,0.181816528924117,0.191003362246376,0.140965907638539,0.078589069525534,0.276618648235678,0.0850423133837829,0.173790330128487,0.157124063099151,0.199387656757372,0.387938881120769,1,0.983740802090431,0.979110567128383,0.995395539987169,0.90114429875342,0.871960258283717,0.544085573222468,0.714391761661828,0.818183471075883,0.808996637753624,0.859034092361461,0.921410930474466,0.723381351764322,0.914957686616217,0.826209669871512,0.842875936900849,0.800612343242628,0.612061118879231,0,1e+05,1625.9197909569,98563.29281634,2979770.9227287,29.797709227287,2023,"Males","B'Tselem historical average",45.156240772713
0,1,0.0183767,0.0066793,0.00140451,0.0157625,0.0278747,0.123297,0.0533889,0.0515032,0.0135138,0.0207783,0.0109824,0.0431297,0.0331851,0.0270873,0.0363917,0.0447324,0.0530002,0.22841,0.112620213985,0.0180818374494902,0.0263650005042637,0.00699797817418643,0.0758245392501729,0.130293751885774,0.471231442182929,0.235510397365264,0.228141018712603,0.0653608174624402,0.098761271672042,0.0534446243926747,0.194659486827446,0.153214411114325,0.126846665775358,0.166784565334309,0.201165464895294,0.233996364681517,1,0.98191816255051,0.973634999495736,0.993002021825814,0.924175460749827,0.869706248114226,0.528768557817071,0.764489602634736,0.771858981287397,0.93463918253756,0.901238728327958,0.946555375607325,0.805340513172554,0.846785588885675,0.873153334224642,0.833215434665691,0.798834535104706,0.766003635318483,0,1e+05,1808.18374494903,98395.4542953313,3123329.66413983,31.2332966413983,2023,"Males","B'Tselem historical average",43.7206533586017
0,1,0.023493,0.00147372,0.00303439,0.00776188,0.0556533,0.0744573,0.0717337,0.0424205,0.035321,0.0414849,0.0438275,0.0648628,0.0205779,0.0490869,0.0245297,0.0534367,0.0454244,0.229405,0.10491211353,0.0230091565596324,0.00587755625559002,0.0150577224936066,0.0380706504492279,0.24427914820325,0.313863017810033,0.30412794337144,0.191765526235787,0.16227565405758,0.187933494441146,0.197497901774901,0.279062123275943,0.0978553556903489,0.218607579067659,0.115561761638821,0.235696404812403,0.203960088401084,1,0.976990843440368,0.99412244374441,0.984942277506393,0.961929349550772,0.75572085179675,0.686136982189967,0.69587205662856,0.808234473764213,0.83772434594242,0.812066505558854,0.802502098225099,0.720937876724057,0.902144644309651,0.781392420932341,0.884438238361179,0.764303595187597,0.796039911598916,0,1e+05,2300.91565596322,97940.4782685581,3055500.46472763,30.5550046472763,2023,"Males","B'Tselem historical average",44.3989453527238
0,1,0.0148728,0.00256153,0.00482211,0.00800233,0.0625435,0.119744,0.0641366,0.0195893,0.0131586,0.0201903,0.0248141,0.0345806,0.0216932,0.0335705,0.0344244,0.0514651,0.0528806,0.215754,0.11961207124,0.0146805749940682,0.0101938960588567,0.0238233529290186,0.0392268838268644,0.270432943063733,0.460780692033001,0.276369499841211,0.0933736870792463,0.0636975727964999,0.0961007429252889,0.116823335195324,0.159144701811356,0.102886174119004,0.154856015342372,0.158482810818177,0.227991488157113,0.233529985607686,1,0.985319425005932,0.989806103941143,0.976176647070981,0.960773116173136,0.729567056936266,0.539219307966999,0.72363050015879,0.906626312920754,0.9363024272035,0.903899257074711,0.883176664804676,0.840855298188644,0.897113825880996,0.845143984657628,0.841517189181823,0.772008511842887,0.766470014392314,0,1e+05,1468.05749940683,98707.5398987966,3049308.19193139,30.4930819193139,2023,"Males","B'Tselem historical average",44.4608680806862
0,1,0.0202264,0.00525329,0.00533435,0.00875446,0.0473513,0.110097,0.0779255,0.0265882,0.020488,0.0173565,0.0181282,0.0193483,0.0410321,0.031574,0.03671,0.0529741,0.0808609,0.22341,0.10892923012,0.0198683103857756,0.0207946790410806,0.0263207399027494,0.0428348109033477,0.211696266446526,0.431670839075705,0.32609894219915,0.124655112354256,0.0974486786781073,0.0831734979567827,0.0867112048410033,0.092277946518443,0.186073077220456,0.146320213914647,0.168120720844496,0.23389460898537,0.336317217723462,1,0.980131689614224,0.979205320958919,0.973679260097251,0.957165189096652,0.788303733553473,0.568329160924295,0.67390105780085,0.875344887645744,0.902551321321893,0.916826502043217,0.913288795158997,0.907722053481557,0.813926922779544,0.853679786085353,0.831879279155504,0.76610539101463,0.663682782276538,0,1e+05,1986.83103857757,98229.5929368332,3059996.03614851,30.5999603614851,2023,"Males","B'Tselem historical average",44.3539896385149
0,1,0.0185297,0.00160175,0.00262563,0.0076905,0.0540408,0.0937744,0.0698675,0.0396713,0.0151684,0.0124866,0.0434459,0.0630614,0.0287741,0.0212186,0.0358891,0.0544685,0.0559366,0.233013,0.112314910135,0.0182298456830795,0.00638654071681369,0.0130425378036664,0.0377271484128279,0.238043805754901,0.379826900706071,0.297392349971002,0.180458901911496,0.0730710718831202,0.0605430576411452,0.195946788548502,0.272367336167515,0.134215662746421,0.100748637405851,0.164670784380706,0.239701981545476,0.245370079962872,1,0.98177015431692,0.993613459283186,0.986957462196334,0.962272851587172,0.761956194245099,0.620173099293929,0.702607650028997,0.819541098088504,0.92692892811688,0.939456942358855,0.804053211451498,0.727632663832485,0.865784337253579,0.899251362594149,0.835329215619294,0.760298018454524,0.754629920037128,0,1e+05,1822.98456830795,98381.7637796591,3120737.98771763,31.2073798771764,2023,"Males","B'Tselem historical average",43.7465701228237
0,1,0.014254,0.00900686,0.00350877,0.00569405,0.0466674,0.101144,0.0666383,0.0343246,0.0416093,0.0176407,0.0252931,0.0210407,0.015482,0.0262799,0.0252412,0.0457438,0.0498653,0.284601,0.1208468557,0.0140775874321928,0.0353899356091193,0.0173912948657845,0.0280706606369997,0.208958164397044,0.403652443209936,0.285610075298148,0.158059663210419,0.188443948078086,0.0844778777547303,0.118944323338422,0.0999461572242303,0.0745254908756577,0.123298799685371,0.118714743538491,0.20524704998701,0.2216899147367,1,0.985922412567807,0.964610064390881,0.982608705134215,0.971929339363,0.791041835602956,0.596347556790064,0.714389924701851,0.841940336789581,0.811556051921914,0.91552212224527,0.881055676661578,0.90005384277577,0.925474509124342,0.876701200314629,0.881285256461509,0.79475295001299,0.7783100852633,0,1e+05,1407.75874321928,98762.364474483,3130903.45853327,31.3090345853327,2023,"Males","B'Tselem historical average",43.6449154146673
0,1,0.0139973,0.00488497,0.00250535,0.00968476,0.0604666,0.0745772,0.0747487,0.0352035,0.0281353,0.0307397,0.0334687,0.0186366,0.0217247,0.0385314,0.0238817,0.0549064,0.0415907,0.217647,0.121359087715,0.013827244247789,0.0193508236143373,0.0124487786311412,0.0472790835568304,0.262631860812489,0.314289013462931,0.314897966018654,0.16177948936532,0.131431816063754,0.14272982035322,0.154422683806236,0.0890347380042739,0.103027875768244,0.175729263628557,0.112680967354807,0.241396471889602,0.188367644517876,1,0.986172755752211,0.980649176385663,0.987551221368859,0.95272091644317,0.737368139187511,0.685710986537069,0.685102033981346,0.83822051063468,0.868568183936246,0.85727017964678,0.845577316193764,0.910965261995726,0.896972124231756,0.824270736371443,0.887319032645193,0.758603528110398,0.811632355482124,0,1e+05,1382.72442477891,98785.0817499735,3145726.47627247,31.4572647627247,2023,"Males","B'Tselem historical average",43.4966852372753
0,1,0.0141344,0.00275912,0.00216063,0.013106,0.0560552,0.0838881,0.0523391,0.0225776,0.0325294,0.0355522,0.0114866,0.0510155,0.018895,0.030603,0.0235542,0.0436808,0.0488015,0.232007,0.12108551152,0.0139609639369935,0.01097591228181,0.0107451094852323,0.0634510270971615,0.245826382420374,0.346725203616291,0.231415325360996,0.106856586813878,0.15041474637331,0.163251155659414,0.0558297645658449,0.226225041046261,0.0902135379987825,0.14214020803385,0.111221657110235,0.196901916873572,0.217474763341923,1,0.986039036063007,0.98902408771819,0.989254890514768,0.936548972902838,0.754173617579626,0.653274796383709,0.768584674639004,0.893143413186122,0.84958525362669,0.836748844340586,0.944170235434155,0.773774958953739,0.909786462001217,0.85785979196615,0.888778342889765,0.803098083126428,0.782525236658077,0,1e+05,1396.09639369934,98772.950652263,3256912.01649712,32.5691201649712,2023,"Males","B'Tselem historical average",42.3848298350288
0,1,0.0182708,0.00187586,0.00213756,0.0100823,0.0585601,0.0769795,0.0954853,0.0265586,0.0171118,0.0196562,0.0164645,0.0378586,0.0268595,0.0278133,0.0290651,0.0641164,0.0730977,0.230884,0.11283153214,0.017979367441306,0.00747539441327184,0.0106309890575752,0.0491720808237761,0.255408614923104,0.322779071217945,0.385421323296574,0.124524977341917,0.0820489854278877,0.0936776342158176,0.0790679637760241,0.172926145563887,0.12584702929184,0.130025410617201,0.135481072685707,0.276294481298226,0.309017355189002,1,0.982020632558694,0.992524605586728,0.989369010942425,0.950827919176224,0.744591385076896,0.677220928782055,0.614578676703426,0.875475022658083,0.917951014572112,0.906322365784182,0.920932036223976,0.827073854436112,0.87415297070816,0.869974589382799,0.864518927314293,0.723705518701774,0.690982644810998,0,1e+05,1797.9367441306,98404.9272134005,3158365.05351645,31.5836505351645,2023,"Males","B'Tselem historical average",43.3702994648355
0,1,0.013975,0.00559496,0.0039861,0.0125007,0.0470135,0.0834763,0.0659407,0.0174935,0.0188115,0.0240026,0.0271141,0.0230018,0.016875,0.0227892,0.0300366,0.0433768,0.0968332,0.246286,0.12140358625,0.0138054908696158,0.0221321826467574,0.0197338472784088,0.0606093516932214,0.210344877727406,0.345317030017811,0.283043314310169,0.0838025023144073,0.0898327767981538,0.113219117052584,0.126964199964365,0.108755092767927,0.0809595202398801,0.10780407824987,0.139693226111452,0.195665627971513,0.389801647715974,1,0.986194509130384,0.977867817353243,0.980266152721591,0.939390648306779,0.789655122272594,0.65468296998219,0.716956685689831,0.916197497685593,0.910167223201846,0.886780882947416,0.873035800035635,0.891244907232073,0.91904047976012,0.89219592175013,0.860306773888548,0.804334372028487,0.610198352284026,0,1e+05,1380.54908696158,98787.0545231897,3330305.16366661,33.3030516366661,2023,"Males","B'Tselem historical average",41.6508983633339
0,1,0.0143968,0.00519515,0.00200556,0.0112582,0.0371212,0.132155,0.0576663,0.0278307,0.0366096,0.0259258,0.0225674,0.0165582,0.0287787,0.0245385,0.0369224,0.0488766,0.0601697,0.216237,0.12056190544,0.0142167997567855,0.0205669037004809,0.00997777244672934,0.0547500329476713,0.169843970047666,0.496678599280285,0.252001512892691,0.130101463031989,0.167699473396829,0.121738575122709,0.106810889813081,0.0795000554544359,0.13423567915104,0.115600823011341,0.169011247763905,0.217772991508134,0.261510916516233,1,0.985783200243215,0.979433096299519,0.990022227553271,0.945249967052329,0.830156029952334,0.503321400719715,0.747998487107309,0.869898536968011,0.832300526603171,0.878261424877291,0.893189110186919,0.920499944545564,0.86576432084896,0.88439917698866,0.830988752236095,0.782227008491866,0.738489083483767,0,1e+05,1421.67997567855,98749.7204711152,3076745.31735322,30.7674531735322,2023,"Males","B'Tselem historical average",44.1864968264678
0,1,0.0148983,0.00425091,0.00316072,0.00434425,0.0521637,0.0827597,0.0729268,0.0433801,0.0210386,0.0172076,0.0120058,0.0484978,0.0362368,0.0299118,0.0266318,0.070576,0.046368,0.223775,0.119561187265,0.0147054085449043,0.0168602967915318,0.0156797021297114,0.0214878782126863,0.230729269067818,0.342860847746819,0.308406290360369,0.19567905731448,0.099936680389874,0.0824893889756562,0.0582797620810192,0.216267727511707,0.166133622839705,0.139153193748113,0.124846764821563,0.29995579885077,0.207756828446484,1,0.985294591455096,0.983139703208468,0.984320297870289,0.978512121787314,0.769270730932182,0.657139152253181,0.691593709639631,0.80432094268552,0.900063319610126,0.917510611024344,0.941720237918981,0.783732272488293,0.833866377160295,0.860846806251887,0.875153235178437,0.70004420114923,0.792243171553516,0,1e+05,1470.54085449043,98705.2787559941,3220547.14866532,32.2054714866532,2023,"Males","B'Tselem historical average",42.7484785133468
0,1,0.0161535,0.00298979,0.00241994,0.011655,0.0486225,0.116444,0.0612044,0.0383915,0.0326983,0.0156974,0.0242071,0.0292459,0.0193226,0.021477,0.0265986,0.0580133,0.0529933,0.237468,0.117056498425,0.0159263484194412,0.0118880743086256,0.0120269388241547,0.0566250865409141,0.216763537272428,0.450945310624192,0.265411171272434,0.175147100251716,0.151136715813305,0.0755232051006333,0.114128688558018,0.136266415124757,0.0921610235174541,0.101913034400454,0.124700831179474,0.253325831367779,0.23396946489054,1,0.984073651580559,0.988111925691374,0.987973061175845,0.943374913459086,0.783236462727572,0.549054689375808,0.734588828727566,0.824852899748284,0.848863284186695,0.924476794899367,0.885871311441982,0.863733584875243,0.907838976482546,0.898086965599546,0.875299168820526,0.746674168632221,0.76603053510946,0,1e+05,1592.63484194412,98593.7934159235,3072738.87836325,30.7273887836325,2023,"Males","B'Tselem historical average",44.2265612163675
0,1,0.0162002,0.00278148,0.00194773,0.00894393,0.0654697,0.0856671,0.0887291,0.0323305,0.0158675,0.0163702,0.0226261,0.0290712,0.0244174,0.0286033,0.0252056,0.0703159,0.0613794,0.212944,0.11696331091,0.0159717186398194,0.0110643693558482,0.00969145913574384,0.0437415955776627,0.281305958261086,0.352781154004461,0.363101358196187,0.149563817496105,0.0763103632767648,0.0786329088873315,0.107073841393137,0.135507580093933,0.115063143028537,0.133472140788463,0.11855723442965,0.299015619076455,0.266069096279548,1,0.984028281360181,0.988935630644152,0.990308540864256,0.956258404422337,0.718694041738914,0.647218845995539,0.636898641803813,0.850436182503895,0.923689636723235,0.921367091112668,0.892926158606863,0.864492419906067,0.884936856971463,0.866527859211537,0.88144276557035,0.700984380923545,0.733930903720452,0,1e+05,1597.17186398194,98589.6386453217,3096377.22094458,30.9637722094458,2023,"Males","B'Tselem historical average",43.9901777905542
0,1,0.0161112,0.0010645,0.00486738,0.0115565,0.0430267,0.0968317,0.0513617,0.0349936,0.0323649,0.0120159,0.0270943,0.0284255,0.0189696,0.0238345,0.0251224,0.0598569,0.0592962,0.232081,0.11714090596,0.0158852494910206,0.004248953976983,0.0240443179196111,0.0561599683154075,0.194239760267271,0.389796786316171,0.227585548352906,0.160892482096288,0.149711042686398,0.0583273606673917,0.12687736642704,0.132697516837817,0.0905535867041427,0.112470787536173,0.118189020385658,0.260328376066555,0.258204618283365,1,0.98411475050898,0.995751046023017,0.975955682080389,0.943840031684593,0.80576023973273,0.610203213683829,0.772414451647094,0.839107517903712,0.850288957313602,0.941672639332608,0.87312263357296,0.867302483162183,0.909446413295857,0.887529212463827,0.881810979614342,0.739671623933445,0.741795381716635,0,1e+05,1588.52494910205,98597.5563025758,3295994.47291699,32.9599447291699,2023,"Males","B'Tselem historical average",41.9940052708302
0,1,0.0137982,0.00603614,0.00225092,0.0274379,0.0621585,0.0919534,0.0583133,0.0231953,0.0309863,0.0126347,0.0293981,0.0196277,0.0221282,0.0236425,0.0319797,0.0577329,0.0419426,0.219137,0.12175638181,0.0136329929229271,0.0238565569644887,0.0111916213889579,0.128383093778067,0.268992131487358,0.373829716391837,0.25446915897924,0.109619837460388,0.143792505701457,0.0612391541477244,0.136927014814458,0.0935481618587143,0.104841135939272,0.111615336043952,0.148061124168566,0.252255846149578,0.189810169917994,1,0.986367007077073,0.976143443035511,0.988808378611042,0.871616906221933,0.731007868512642,0.626170283608163,0.74553084102076,0.890380162539612,0.856207494298543,0.938760845852276,0.863072985185542,0.906451838141286,0.895158864060728,0.888384663956048,0.851938875831434,0.747744153850422,0.810189830082006,0,1e+05,1363.29929229271,98802.691096861,3031043.65582654,30.3104365582654,2023,"Males","B'Tselem historical average",44.6435134417346
0,1,0.0147386,0.00269698,0.00244332,0.0224945,0.0496048,0.0980046,0.0564126,0.0438102,0.0380534,0.0203907,0.0301557,0.013145,0.0172517,0.0312252,0.0229836,0.0645556,0.0729581,0.219512,0.11987986063,0.014549862979511,0.0107300425795277,0.0121424303924339,0.106484226421882,0.220659565912108,0.393589135522041,0.24720001156848,0.197427639112395,0.173738635517953,0.0970083305839068,0.140208301319731,0.0636338331578502,0.0826920537411831,0.144820849987431,0.108673716900608,0.277924106393293,0.308518238719244,1,0.985450137020489,0.989269957420472,0.987857569607566,0.893515773578118,0.779340434087892,0.606410864477959,0.75279998843152,0.802572360887605,0.826261364482047,0.902991669416093,0.859791698680269,0.93636616684215,0.917307946258817,0.855179150012569,0.891326283099392,0.722075893606707,0.691481761280756,0,1e+05,1454.98629795109,98719.4372566658,3057380.82469046,30.5738082469046,2023,"Males","B'Tselem historical average",44.3801417530954
0,1,0.0164507,0.00230822,0.00141337,0.00364106,0.0325716,0.128098,0.0548639,0.0483818,0.0432464,0.01992,0.0343125,0.0321605,0.0165876,0.0198659,0.0246141,0.0712406,0.0471122,0.208995,0.116463450685,0.0162150180415181,0.00919045282595614,0.00704196773515541,0.0180410783779034,0.150595184704682,0.485129653965741,0.241232157575046,0.215806261538715,0.195134805381386,0.0948752143265384,0.15800834652468,0.148835907029911,0.0796355916498715,0.0946297377329285,0.115936329010271,0.302353405033437,0.210739944022999,1,0.983784981958482,0.990809547174044,0.992958032264845,0.981958921622097,0.849404815295318,0.514870346034259,0.758767842424954,0.784193738461285,0.804865194618614,0.905124785673462,0.84199165347532,0.851164092970089,0.920364408350129,0.905370262267072,0.884063670989729,0.697646594966563,0.789260055977001,0,1e+05,1621.50180415182,98567.3438912517,3148076.14888798,31.4807614888798,2023,"Males","B'Tselem historical average",43.4731885111202
0,1,0.0150927,0.00494773,0.00135716,0.00716166,0.0257587,0.123026,0.0520322,0.047668,0.0261916,0.0332885,0.0216025,0.050181,0.0595052,0.0332912,0.0260058,0.0541531,0.0521676,0.226507,0.119173271785,0.0148946892039493,0.0195969986834083,0.00676285431160615,0.0351784595828595,0.121001402907328,0.470439328063997,0.230214573209608,0.212961391030853,0.12290997757816,0.153655128165183,0.102478045078006,0.222936996452538,0.258996851395806,0.153666633432666,0.122091295470625,0.238479490726806,0.230744529240927,1,0.985105310796051,0.980403001316592,0.993237145688394,0.96482154041714,0.878998597092672,0.529560671936003,0.769785426790392,0.787038608969147,0.87709002242184,0.846344871834817,0.897521954921994,0.777063003547462,0.741003148604194,0.846333366567334,0.877908704529375,0.761520509273194,0.769255470759073,0,1e+05,1489.46892039494,98688.0359640706,3145167.88605755,31.4516788605755,2023,"Males","B'Tselem historical average",43.5022711394245
0,1,0.0228674,0.00663539,0.00181286,0.00844051,0.044885,0.0940546,0.0594659,0.0327623,0.0310942,0.015633,0.0108467,0.0416359,0.0212776,0.0257225,0.0581751,0.0665959,0.0942341,0.217231,0.10365924667,0.0224081015340417,0.0261939459065424,0.00902340457694659,0.0413304253292603,0.201782483113614,0.3807457718236,0.25884793626687,0.151410139007025,0.144257102044054,0.0752250182252131,0.0528016897786936,0.188553059205558,0.101014627884321,0.120841628055834,0.25394265205595,0.28545428710368,0.381333865874491,1,0.977591898465958,0.973806054093458,0.990976595423053,0.95866957467074,0.798217516886386,0.6192542281764,0.74115206373313,0.848589860992975,0.855742897955946,0.924774981774787,0.947198310221306,0.811446940794442,0.898985372115679,0.879158371944166,0.74605734794405,0.71454571289632,0.618666134125509,0,1e+05,2240.81015340418,97991.4705390282,3221530.66591911,32.2153066591911,2023,"Males","B'Tselem historical average",42.7386433408089
0,1,0.0179224,0.00465312,0.0040829,0.0132084,0.0518622,0.0968721,0.069433,0.031707,0.0216239,0.0170175,0.0327517,0.01357,0.0376069,0.0197682,0.0228418,0.0522129,0.0467089,0.217329,0.11352674692,0.0176421069985843,0.0184408648855673,0.0202082295489366,0.0639309365443684,0.229548742957477,0.389927709766759,0.29581644238901,0.146891294326939,0.102574355960371,0.0816152799342953,0.15136485887866,0.0656237154532485,0.171875260650598,0.0941862675638602,0.10803946062097,0.230921762736092,0.209124555163329,1,0.982357893001416,0.981559135114433,0.979791770451063,0.936069063455632,0.770451257042523,0.610072290233241,0.70418355761099,0.853108705673061,0.897425644039629,0.918384720065705,0.84863514112134,0.934376284546751,0.828124739349402,0.90581373243614,0.89196053937903,0.769078237263908,0.790875444836671,0,1e+05,1764.21069985842,98436.074401778,3119515.87107336,31.1951587107336,2023,"Males","B'Tselem historical average",43.7587912892665
0,1,0.0148478,0.00591601,0.00402426,0.00245532,0.0526385,0.0779716,0.0968544,0.0222359,0.0345178,0.0222063,0.0183644,0.03296,0.0331981,0.0228971,0.0227281,0.0446881,0.0664449,0.260895,0.11966195749,0.0146562272346005,0.0233873207531029,0.0199208829687603,0.0122017022908282,0.232585164540798,0.32626038869255,0.389870352360772,0.105324535407814,0.158878646628516,0.105191703676615,0.0877914086380199,0.152254249815225,0.153269831977564,0.108286862217783,0.107530585262726,0.200986264305251,0.284899245334229,1,0.9853437727654,0.976612679246897,0.98007911703124,0.987798297709172,0.767414835459202,0.67373961130745,0.610129647639228,0.894675464592186,0.841121353371484,0.894808296323385,0.91220859136198,0.847745750184775,0.846730168022436,0.891713137782217,0.892469414737274,0.799013735694749,0.715100754665771,0,1e+05,1465.62272346005,98709.756560571,3171864.05789042,31.7186405789042,2023,"Males","B'Tselem historical average",43.2353094210958
0,1,0.0139938,0.00194057,0.00498512,0.0115666,0.0446716,0.116282,0.0683396,0.0202145,0.035984,0.0268936,0.0121175,0.0208804,0.0222576,0.0396038,0.0498273,0.0463352,0.0763218,0.221577,0.12136607179,0.0138238300997261,0.00773226997769875,0.024618781055462,0.056207670884858,0.200919510038419,0.450459245141221,0.291837803166762,0.0962103877900453,0.16507027780836,0.125996735486313,0.0588060443926793,0.0992224869582903,0.105421903596288,0.180179516191625,0.221539688676076,0.207625121209351,0.320463182663485,1,0.986176169900274,0.992267730022301,0.975381218944538,0.943792329115142,0.799080489961581,0.549540754858779,0.708162196833238,0.903789612209955,0.83492972219164,0.874003264513687,0.941193955607321,0.90077751304171,0.894578096403712,0.819820483808375,0.778460311323924,0.792374878790649,0.679536817336515,0,1e+05,1382.3830099726,98785.391385657,3093089.40571958,30.9308940571958,2023,"Males","B'Tselem historical average",44.0230559428042
0,1,0.0167192,0.00137033,0.00153111,0.01449,0.0293087,0.118577,0.0514951,0.0313738,0.0421686,0.0119551,0.0192519,0.0163863,0.017945,0.0207728,0.038507,0.045269,0.0415371,0.219799,0.11592767236,0.0164756733675236,0.00546633862438569,0.0076263580174398,0.0699172477019952,0.136539045213852,0.457316849763873,0.2281092308643,0.145459923620767,0.190735389170556,0.0580407913386677,0.0918392975678822,0.0787072005010731,0.0858725430379595,0.0987364202248815,0.175627755087148,0.203333265958331,0.188147723033919,1,0.983524326632476,0.994533661375614,0.99237364198256,0.930082752298005,0.863460954786148,0.542683150236127,0.7718907691357,0.854540076379233,0.809264610829444,0.941959208661332,0.908160702432118,0.921292799498927,0.91412745696204,0.901263579775119,0.824372244912852,0.796666734041669,0.81185227696608,0,1e+05,1647.56733675237,98543.4313096537,3299478.01798134,32.9947801798134,2023,"Males","B'Tselem historical average",41.9591698201866
0,1,0.0149794,0.00572517,0.00197721,0.0089997,0.0725481,0.0978265,0.0697669,0.0208578,0.032754,0.0120174,0.0090614,0.0315864,0.0100644,0.0311403,0.0334517,0.0579833,0.0524767,0.263213,0.11939935627,0.014784381160684,0.0226414279518656,0.0098374233703448,0.044008345238395,0.307050647330928,0.393014433743483,0.297027738650807,0.0991204154942596,0.15137468400061,0.0583344295653533,0.0443033735277882,0.146373472380038,0.0490869239075618,0.144455528745515,0.154350300160318,0.253211416224129,0.231953159135045,1,0.985215618839316,0.977358572048134,0.990162576629655,0.955991654761605,0.692949352669072,0.606985566256517,0.702972261349193,0.90087958450574,0.84862531599939,0.941665570434647,0.955696626472212,0.853626527619962,0.950913076092438,0.855544471254485,0.845649699839682,0.746788583775871,0.768046840864955,0,1e+05,1478.4381160684,98698.0864432752,3071118.79783738,30.7111879783738,2023,"Males","B'Tselem historical average",44.2427620216262
0,1,0.0152133,0.00454079,0.00620545,0.00893163,0.0527226,0.0712034,0.0843515,0.048384,0.0210359,0.0170814,0.0436508,0.0705489,0.0498466,0.0259551,0.0283585,0.0567293,0.0834821,0.215221,0.118932620515,0.0150120789588667,0.0179996943359129,0.030553258209608,0.0436827544985943,0.232913488303875,0.30221938126932,0.34830696302169,0.215815015700828,0.0999244957496498,0.0819091908677778,0.196779990028193,0.299857889371328,0.221615990873333,0.121867774326449,0.132405450107795,0.248415418060545,0.345336880103731,1,0.984987921041133,0.982000305664087,0.969446741790392,0.956317245501406,0.767086511696125,0.69778061873068,0.65169303697831,0.784184984299172,0.90007550425035,0.918090809132222,0.803220009971807,0.700142110628672,0.778384009126667,0.878132225673551,0.867594549892205,0.751584581939455,0.654663119896269,0,1e+05,1501.20789588666,98677.334693109,3027598.13888154,30.2759813888154,2023,"Males","B'Tselem historical average",44.6779686111846
0,1,0.0147875,0.00231766,0.0045824,0.0127659,0.0707248,0.0852468,0.0586643,0.0500063,0.0218198,0.0246564,0.031007,0.0553253,0.0443602,0.0224172,0.0249632,0.0724087,0.0575832,0.251487,0.119782283125,0.0145974957908075,0.00922786588868884,0.0226524930397368,0.0618554003613186,0.300493196874267,0.351354403573604,0.255804953644746,0.222247110762672,0.103455551398962,0.11612400048604,0.143881653894252,0.24301438993177,0.199658745315174,0.106137723558605,0.117484055089947,0.306551085955868,0.251684065324077,1,0.985402504209193,0.990772134111311,0.977347506960263,0.938144599638681,0.699506803125733,0.648645596426396,0.744195046355254,0.777752889237328,0.896544448601038,0.88387599951396,0.856118346105748,0.75698561006823,0.800341254684826,0.893862276441395,0.882515944910053,0.693448914044132,0.748315934675923,0,1e+05,1459.74957908074,98715.1025582923,2964965.06999761,29.6496506999761,2023,"Males","B'Tselem historical average",45.3042993000239
0,1,0.0189175,0.00784831,0.00465979,0.0209188,0.0436515,0.0783334,0.0765951,0.0412773,0.0237202,0.0503938,0.0280329,0.0272662,0.0324414,0.0269515,0.029112,0.0481341,0.0513257,0.221883,0.111541074625,0.0186048012592052,0.030908087495654,0.0230306549608005,0.0993958929845851,0.196782835175808,0.327526365501552,0.321426300857898,0.187081003260308,0.11196161995581,0.223776615042214,0.130984791122365,0.127630971043345,0.150038363579435,0.126250873928303,0.135684856168087,0.214820072830878,0.227444171692416,1,0.981395198740795,0.969091912504346,0.9769693450392,0.900604107015415,0.803217164824192,0.672473634498448,0.678573699142102,0.812918996739692,0.88803838004419,0.776223384957786,0.869015208877635,0.872369028956655,0.849961636420565,0.873749126071697,0.864315143831913,0.785179927169122,0.772555828307584,0,1e+05,1860.48012592051,98347.0398266431,2996088.03314416,29.9608803314416,2023,"Males","B'Tselem historical average",44.9930696685584
0,1,0.0182661,0.00395,0.00254176,0.0275603,0.0425167,0.104266,0.0353536,0.0542249,0.0258093,0.030643,0.0420685,0.0163921,0.0201681,0.0426235,0.0234779,0.0474373,0.0419765,0.231142,0.112840910755,0.0179748191938472,0.0156761583490426,0.0126285531220413,0.128918891674461,0.192158623618046,0.413535713294174,0.162413265906151,0.238757936872241,0.1212246890803,0.142312774153998,0.190325707441268,0.07873396253195,0.0960001485119884,0.192594835113816,0.110881347054947,0.212039988619635,0.189949013126263,1,0.982025180806153,0.984323841650957,0.987371446877959,0.871081108325539,0.807841376381954,0.586464286705826,0.837586734093849,0.761242063127759,0.8787753109197,0.857687225846002,0.809674292558732,0.92126603746805,0.903999851488012,0.807405164886184,0.889118652945053,0.787960011380365,0.810050986873736,0,1e+05,1797.48191938472,98405.3475774643,3035390.52408478,30.3539052408478,2023,"Males","B'Tselem historical average",44.6000447591522
0,1,0.0160945,0.00248717,0.00231703,0.0192756,0.0669273,0.0856378,0.0524734,0.0271329,0.0295329,0.051597,0.0239416,0.0237267,0.0294737,0.0346892,0.0291942,0.0444506,0.0410499,0.267684,0.117174229975,0.0158690227784146,0.00989943683537233,0.0115184286382309,0.0919471583846043,0.286671179860334,0.352681772300262,0.231940264333771,0.127046640518677,0.137511701664762,0.228509046782862,0.112947632409747,0.111990582609026,0.137254970444057,0.159604609454295,0.136041912961545,0.200024929654724,0.186146284127941,1,0.984130977221585,0.990100563164628,0.988481571361769,0.908052841615396,0.713328820139666,0.647318227699738,0.768059735666229,0.872953359481323,0.862488298335238,0.771490953217138,0.887052367590253,0.888009417390974,0.862745029555943,0.840395390545705,0.863958087038455,0.799975070345276,0.813853715872059,0,1e+05,1586.90227784147,98599.0417746102,3043634.22379443,30.4363422379443,2023,"Males","B'Tselem historical average",44.5176077620557
0,1,0.0187681,0.00675361,0.00217479,0.0249716,0.0411563,0.135056,0.0572693,0.0489497,0.019089,0.0218941,0.0127533,0.0162371,0.0139973,0.0248207,0.0301322,0.0758805,0.0478907,0.21936,0.111839194855,0.018460382212566,0.0266544129799095,0.0108151483090226,0.117521264950411,0.186583757276049,0.504829401034658,0.250483905217341,0.218063181688283,0.0910975950215825,0.103789552875947,0.0617962351845521,0.0780185139671596,0.0676202477649009,0.116852592164177,0.140106692779569,0.318905691659986,0.213849941514749,1,0.981539617787434,0.97334558702009,0.989184851690977,0.882478735049589,0.813416242723951,0.495170598965342,0.749516094782659,0.781936818311717,0.908902404978417,0.896210447124053,0.938203764815448,0.92198148603284,0.932379752235099,0.883147407835823,0.859893307220431,0.681094308340014,0.786150058485251,0,1e+05,1846.0382212566,98360.4212070803,2901254.83422611,29.0125483422611,2023,"Males","B'Tselem historical average",45.9414016577389
0,1,0.0146065,0.00238342,0.00652412,0.0312072,0.0376429,0.0866259,0.0469311,0.0388932,0.0138386,0.0094566,0.0228906,0.0512098,0.0295025,0.0243079,0.0287329,0.0732889,0.0609456,0.312782,0.120143459575,0.0144211646067885,0.00948845007663668,0.0320970868837992,0.144743408737145,0.172025640082359,0.35602667264525,0.210014921763108,0.177233094520489,0.0668792132971646,0.0461909760399515,0.108257785819784,0.226988864160309,0.137379875553693,0.114576702437075,0.134036366231749,0.309700481038114,0.264437278498808,1,0.985578835393211,0.990511549923363,0.967902913116201,0.855256591262855,0.827974359917641,0.64397332735475,0.789985078236892,0.822766905479511,0.933120786702835,0.953809023960049,0.891742214180216,0.773011135839691,0.862620124446307,0.885423297562925,0.865963633768251,0.690299518961886,0.735562721501192,0,1e+05,1442.11646067885,98731.1444000172,3192887.88361277,31.9288788361277,2023,"Males","B'Tselem historical average",43.0250711638723
0,1,0.0141726,0.00382956,0.00281362,0.0268122,0.0561401,0.129538,0.0703046,0.043898,0.0135978,0.014537,0.0211364,0.0140337,0.018529,0.0242198,0.0312114,0.0459945,0.048287,0.268906,0.12100928533,0.0139982160504626,0.0152018075318963,0.0139698354787507,0.125639332708859,0.246152881537931,0.489249119043392,0.298974749555926,0.197784175643954,0.0657537346668672,0.0701360795296922,0.100377929810864,0.0677901339915084,0.0885434462128072,0.114185146473597,0.144761478940492,0.206255906743245,0.215428955111346,1,0.986001783949537,0.984798192468104,0.986030164521249,0.874360667291141,0.753847118462069,0.510750880956607,0.701025250444074,0.802215824356046,0.934246265333133,0.929863920470308,0.899622070189136,0.932209866008492,0.911456553787193,0.885814853526403,0.855238521059508,0.793744093256755,0.784571044888654,0,1e+05,1399.82160504627,98769.5698069699,2841420.30767369,28.4142030767369,2023,"Males","B'Tselem historical average",46.5397469232631
0,1,0.0190923,0.00177957,0.00260176,0.0094198,0.0544418,0.128512,0.0545806,0.0470685,0.0201588,0.0117889,0.015353,0.0116579,0.013805,0.0256539,0.0263118,0.0608255,0.0428566,0.226377,0.111192269965,0.0187737215138243,0.00709303489578103,0.0129247323707676,0.0460153612502375,0.239598558055179,0.486316299346089,0.24013607267886,0.210565047638114,0.0959580044497461,0.0572570071704215,0.0739274785543863,0.0566387770039151,0.0667222484020251,0.120538775751849,0.123439229221429,0.263984957429656,0.193546172734018,1,0.981226278486176,0.992906965104219,0.987075267629232,0.953984638749762,0.760401441944821,0.513683700653911,0.75986392732114,0.789434952361886,0.904041995550254,0.942742992829578,0.926072521445614,0.943361222996085,0.933277751597975,0.879461224248151,0.876560770778571,0.736015042570344,0.806453827265982,0,1e+05,1877.37215138243,98331.3771196989,3085389.19771246,30.8538919771246,2023,"Males","B'Tselem historical average",44.1000580228754
0,1,0.0209985,0.0035311,0.00301228,0.0203093,0.0434646,0.0682935,0.0742827,0.0322021,0.035591,0.0163605,0.0285294,0.0136316,0.0232986,0.0209643,0.0348102,0.0642837,0.0556833,0.222378,0.107388543175,0.020612156019107,0.0140253501720152,0.0149488248844427,0.0966397840828171,0.196022861802272,0.29166964734723,0.313242291991675,0.149014083920462,0.163414762931282,0.0785881465700997,0.133150257601929,0.0659117920390995,0.110081157839879,0.099601320111943,0.160116758990474,0.276915601387686,0.244394736432079,1,0.979387843980893,0.985974649827985,0.985051175115557,0.903360215917183,0.803977138197728,0.70833035265277,0.686757708008325,0.850985916079538,0.836585237068718,0.9214118534299,0.866849742398071,0.9340882079609,0.88991884216012,0.900398679888057,0.839883241009525,0.723084398612314,0.755605263567921,0,1e+05,2061.21560191071,98160.1353387481,3249970.12704496,32.4997012704496,2023,"Males","B'Tselem historical average",42.4542487295504
0,1,0.0140148,0.00176252,0.00135877,0.0299672,0.063437,0.0621094,0.0683573,0.0344724,0.0368858,0.0197021,0.0258336,0.0111302,0.0155619,0.0202662,0.0544299,0.0580746,0.0450364,0.208531,0.12132416734,0.013844314657038,0.00702531548191364,0.0067708499305995,0.13939295834659,0.27376752395687,0.268808208618998,0.291902357452313,0.158686259472408,0.168857857133374,0.0938861158902946,0.121331900535796,0.0541444048624985,0.0748957014586756,0.0964445867880881,0.239552459026134,0.253559573047709,0.202394231123566,1,0.986155685342962,0.992974684518086,0.9932291500694,0.86060704165341,0.72623247604313,0.731191791381002,0.708097642547687,0.841313740527592,0.831142142866626,0.906113884109705,0.878668099464204,0.945855595137502,0.925104298541324,0.903555413211912,0.760447540973866,0.746440426952291,0.797605768876434,0,1e+05,1384.43146570379,98783.533529112,3121300.73822022,31.2130073822022,2023,"Males","B'Tselem historical average",43.7409426177978
0,1,0.0142562,0.0034524,0.0018358,0.00879564,0.0544882,0.099717,0.0604609,0.0205678,0.0136837,0.0331636,0.0176632,0.044687,0.0153638,0.0206188,0.0265405,0.0441401,0.0432262,0.228616,0.12084246571,0.0140797324388471,0.0137149013491643,0.00913706543817151,0.0430319658008094,0.23977828247246,0.399093887140121,0.262610354103899,0.0978096753959766,0.0661553742629937,0.153122746232601,0.0845810691485388,0.200981814174914,0.0739775589495281,0.0980403158394251,0.124445392641496,0.198766560371378,0.195052548788858,1,0.985920267561153,0.986285098650836,0.990862934561829,0.956968034199191,0.76022171752754,0.600906112859879,0.737389645896101,0.902190324604023,0.933844625737006,0.846877253767399,0.915418930851461,0.799018185825086,0.926022441050472,0.901959684160575,0.875554607358504,0.801233439628622,0.804947451211142,0,1e+05,1407.97324388471,98762.16971456,3258990.22650684,32.5899022650684,2023,"Males","B'Tselem historical average",42.3640477349317
0,1,0.0180408,0.00963233,0.00662779,0.015286,0.03811,0.0792835,0.0768953,0.030267,0.0253071,0.067847,0.0293246,0.00885545,0.0263119,0.0227417,0.0359065,0.0477569,0.097191,0.236184,0.11329048564,0.0177567462359394,0.0378010947617864,0.0325988049168996,0.073616736417794,0.173974572595923,0.330841766929177,0.322482943321102,0.140689385892946,0.119006242783156,0.290039264973378,0.136608058331621,0.0433182436482136,0.123439669406367,0.107591467792271,0.164744044881184,0.213316199035682,0.390960415614925,1,0.982243253764061,0.962198905238214,0.9674011950831,0.926383263582206,0.826025427404077,0.669158233070823,0.677517056678898,0.859310614107054,0.880993757216844,0.709960735026622,0.863391941668379,0.956681756351786,0.876560330593633,0.892408532207729,0.835255955118816,0.786683800964318,0.609039584385075,0,1e+05,1775.67462359394,98425.4924168516,3057596.02747308,30.5759602747308,2023,"Males","B'Tselem historical average",44.3779897252692
0,1,0.0152153,0.00698672,0.00265435,0.0130756,0.0501974,0.0832253,0.0610289,0.0248235,0.0207774,0.0292933,0.0361345,0.0304624,0.0265089,0.020495,0.0306423,0.045422,0.0510051,0.209886,0.118928629615,0.0150140254991243,0.0275617475739798,0.0131842608927483,0.0633085081762273,0.223001732129062,0.344457543924128,0.264750864859014,0.116865003936929,0.0987572051160543,0.136472197446361,0.165703469915817,0.14153338363583,0.124306432995888,0.0974803505392454,0.142309754522489,0.20395041107085,0.226184138494221,1,0.984985974500876,0.97243825242602,0.986815739107252,0.936691491823773,0.776998267870938,0.655542456075872,0.735249135140986,0.883134996063071,0.901242794883946,0.863527802553639,0.834296530084183,0.85846661636417,0.875693567004112,0.902519649460755,0.857690245477511,0.79604958892915,0.773815861505779,0,1e+05,1501.40254991244,98677.1571978491,3231040.0955781,32.310400955781,2023,"Males","B'Tselem historical average",42.643549044219
0,1,0.0199915,0.00239743,0.000823214,0.0108299,0.06214,0.0915234,0.0527585,0.053155,0.0256427,0.0309472,0.00801454,0.0255731,0.0217775,0.0321498,0.0315715,0.0664438,0.0679547,0.221568,0.109397961325,0.0196417883555882,0.00954395805726952,0.00410761638171985,0.0527220633162289,0.26892283723547,0.372407091910578,0.233053603631958,0.234599640299677,0.12048932120767,0.143624091303993,0.0392855607547711,0.120181938191112,0.103265347250624,0.1487900723314,0.146309475950103,0.284895200665118,0.290432813261626,1,0.980358211644412,0.99045604194273,0.99589238361828,0.947277936683771,0.73107716276453,0.627592908089422,0.766946396368042,0.765400359700323,0.87951067879233,0.856375908696007,0.960714439245229,0.879818061808888,0.896734652749376,0.8512099276686,0.853690524049897,0.715104799334882,0.709567186738374,0,1e+05,1964.17883555882,98250.698324729,3126094.97003363,31.2609497003363,2023,"Males","B'Tselem historical average",43.6930002996638
0,1,0.015976,0.00661264,0.0073973,0.0298099,0.0384676,0.12535,0.05611,0.0258951,0.0246447,0.0226736,0.0333096,0.0575223,0.021213,0.027626,0.0362418,0.0508253,0.0590747,0.215333,0.1174106908,0.0157538665929259,0.0261053099662101,0.036314919121948,0.138712021291273,0.175463819903683,0.47720567240887,0.246037140163557,0.121603183506925,0.116072095095029,0.10728656816986,0.153745035881965,0.251451350021627,0.100723386979984,0.129206362569161,0.166154641760602,0.225476697958167,0.257364215453389,1,0.984246133407074,0.97389469003379,0.963685080878052,0.861287978708727,0.824536180096317,0.52279432759113,0.753962859836443,0.878396816493075,0.883927904904971,0.89271343183014,0.846254964118035,0.748548649978373,0.899276613020016,0.870793637430839,0.833845358239398,0.774523302041833,0.742635784546611,0,1e+05,1575.38665929259,98609.580576652,2843168.05145409,28.4316805145409,2023,"Males","B'Tselem historical average",46.5222694854591
0,1,0.0226141,0.00918912,0.00583036,0.0101819,0.0417467,0.104772,0.0471808,0.0265401,0.0256596,0.0140354,0.0289553,0.0676145,0.0363298,0.0248249,0.0256737,0.0519099,0.0469286,0.249593,0.104164694155,0.0221650687510126,0.0360931514011925,0.0287329907994069,0.0496457791043437,0.189007410808049,0.4151260371019,0.211014426379666,0.124443633787304,0.120563943583088,0.0677980675082372,0.13500381042034,0.289189064924206,0.166524495920288,0.116871209761951,0.120626197953973,0.229735617652988,0.210004909061537,1,0.977834931248987,0.963906848598807,0.971267009200593,0.950354220895656,0.810992589191951,0.584873962898101,0.788985573620334,0.875556366212696,0.879436056416912,0.932201932491763,0.86499618957966,0.710810935075794,0.833475504079712,0.883128790238049,0.879373802046027,0.770264382347012,0.789995090938463,0,1e+05,2216.50687510126,98014.3748856361,3121963.61017902,31.2196361017902,2023,"Males","B'Tselem historical average",43.7343138982098
0,1,0.0166296,0.00553755,0.00205296,0.0129822,0.0717391,0.0860749,0.0911646,0.0387621,0.0250876,0.0269427,0.0242677,0.0207997,0.0167197,0.0364938,0.0303414,0.07241,0.0591273,0.24236,0.11610646468,0.0163887057584189,0.0219075714553746,0.0102123859503484,0.0628705062833217,0.30414735602794,0.354163113544847,0.371218121175671,0.176688460557555,0.118034965028385,0.126212252838613,0.114398055755835,0.0988579602124241,0.0802443464995775,0.167213371644683,0.141010834653603,0.306555746068034,0.257563860829012,1,0.983611294241581,0.978092428544625,0.989787614049652,0.937129493716678,0.69585264397206,0.645836886455153,0.628781878824329,0.823311539442445,0.881965034971615,0.873787747161387,0.885601944244165,0.901142039787576,0.919755653500422,0.832786628355317,0.858989165346397,0.693444253931966,0.742436139170988,0,1e+05,1638.87057584189,98551.4128927872,2905042.38688545,29.0504238688545,2023,"Males","B'Tselem historical average",45.9035261311455
0,1,0.017502,0.000776305,0.00293665,0.0125381,0.042178,0.0658467,0.0998514,0.0617228,0.0188055,0.0250318,0.0317736,0.0158757,0.0125121,0.0411319,0.0242807,0.0565584,0.0453009,0.233568,0.1143656341,0.0172348533501261,0.00310040627820839,0.0145762367359733,0.0607851735391228,0.190773851254472,0.282696861435318,0.399524338633442,0.267358683608433,0.089805410864948,0.117787892576508,0.147177131719031,0.0763482934925027,0.0606629478262577,0.186483453134992,0.114455830774296,0.247759760854252,0.20346197369015,1,0.982765146649874,0.996899593721792,0.985423763264027,0.939214826460877,0.809226148745528,0.717303138564682,0.600475661366558,0.732641316391567,0.910194589135052,0.882212107423492,0.852822868280969,0.923651706507497,0.939337052173742,0.813516546865008,0.885544169225704,0.752240239145748,0.79653802630985,0,1e+05,1723.48533501261,98473.6221581882,3178561.49691975,31.7856149691975,2023,"Males","B'Tselem historical average",43.1683350308025
0,1,0.0145148,0.00491395,0.00775436,0.00743508,0.0383868,0.100616,0.0534805,0.0396588,0.0291729,0.0327797,0.0128429,0.0312149,0.0091371,0.0373893,0.0234067,0.0595433,0.0954136,0.216235,0.12032644234,0.0143318073878898,0.0194645047933415,0.0380344676142764,0.036497004627093,0.175127535774344,0.401968774469853,0.235866812354666,0.180407170287505,0.135949404074675,0.151484461956048,0.062216886859384,0.144776537174388,0.044665223466657,0.170965773511149,0.110563673177586,0.25914119518226,0.385187649269217,1,0.98566819261211,0.980535495206659,0.961965532385724,0.963502995372907,0.824872464225656,0.598031225530147,0.764133187645334,0.819592829712495,0.864050595925325,0.848515538043952,0.937783113140616,0.855223462825612,0.955334776533343,0.829034226488851,0.889436326822414,0.74085880481774,0.614812350730783,0,1e+05,1433.18073878897,98739.2688007397,3217824.0078178,32.178240078178,2023,"Males","B'Tselem historical average",42.775709921822
0,1,0.0168756,0.00327641,0.00144765,0.0234945,0.0427451,0.0752474,0.076504,0.0382244,0.0253015,0.0344447,0.0083204,0.0205768,0.0181983,0.0212664,0.0357981,0.0658358,0.0436875,0.212007,0.11561558398,0.0166274434270817,0.0130203201854822,0.00721214833366194,0.110955396114944,0.193091239180287,0.316666224791551,0.321105384215033,0.174451262868978,0.118981475494443,0.158568858130851,0.0407542704209733,0.0978503807152463,0.0870319176333333,0.100964140505865,0.164287545081082,0.282656678597909,0.196929144949993,1,0.983372556572918,0.986979679814518,0.992787851666338,0.889044603885056,0.806908760819713,0.683333775208449,0.678894615784967,0.825548737131022,0.881018524505557,0.841431141869149,0.959245729579027,0.902149619284754,0.912968082366667,0.899035859494135,0.835712454918918,0.71734332140209,0.803070855050007,0,1e+05,1662.74434270817,98529.4948154835,3206047.44869838,32.0604744869838,2023,"Males","B'Tselem historical average",42.8934755130162
0,1,0.0142493,0.00212588,0.00307928,0.0305201,0.0457849,0.113227,0.0602294,0.0426104,0.0232509,0.017041,0.0343566,0.0381508,0.0281218,0.0276364,0.0301727,0.0465285,0.0449423,0.239069,0.120856234315,0.0140730048887347,0.0084675181450516,0.0152787808889606,0.141782462653892,0.205412520702249,0.441235554637616,0.261736429702231,0.192541341098176,0.10986816566722,0.0817233797156634,0.158195362980556,0.174144609572777,0.131372894349225,0.129251859757495,0.140281798449785,0.208401031513106,0.20201405890157,1,0.985926995111265,0.991532481854948,0.984721219111039,0.858217537346108,0.794587479297751,0.558764445362384,0.738263570297769,0.807458658901824,0.89013183433278,0.918276620284337,0.841804637019444,0.825855390427223,0.868627105650775,0.870748140242505,0.859718201550215,0.791598968486894,0.79798594109843,0,1e+05,1407.30048887346,98762.7805487615,2918088.12730943,29.1808812730943,2023,"Males","B'Tselem historical average",45.7730687269057
0,1,0.0159303,0.00281733,0.00526603,0.009276,0.0626717,0.088657,0.0502666,0.0415611,0.0279439,0.0170342,0.0272315,0.0161036,0.0124656,0.0394646,0.0463219,0.0512906,0.0546184,0.20877,0.117501882865,0.0157094493386926,0.01120617700269,0.0259880158225944,0.0453288245584886,0.270912182439514,0.362859838291481,0.223274833176611,0.188246201941249,0.130596089814576,0.0816921010315221,0.127478896101996,0.077401877801586,0.0604443134166825,0.179603089759676,0.207571710014678,0.227306307731648,0.240282399480531,1,0.984290550661307,0.98879382299731,0.974011984177406,0.954671175441511,0.729087817560486,0.63714016170852,0.776725166823389,0.811753798058751,0.869403910185424,0.918307898968478,0.872521103898004,0.922598122198414,0.939555686583317,0.820396910240324,0.792428289985322,0.772693692268352,0.759717600519469,0,1e+05,1570.94493386925,98613.6440537376,3176808.96724393,31.7680896724393,2023,"Males","B'Tselem historical average",43.1858603275607
0,1,0.0160948,0.00192277,0.00550579,0.00789362,0.0568232,0.105792,0.0561046,0.0450549,0.0184939,0.0171793,0.0140486,0.0366237,0.0163682,0.0278928,0.0468597,0.0564086,0.0716426,0.253127,0.11717363134,0.0158693142807123,0.00766161694557113,0.0271551732960459,0.0387043072652129,0.248775456237774,0.418322156143237,0.246016374314138,0.20246895383019,0.08838312816507,0.0823593116916396,0.0678596667154532,0.167758644342943,0.0786236797142529,0.130372841048038,0.209728914914457,0.247184649894853,0.303800377658846,1,0.984130685719288,0.992338383054429,0.972844826703954,0.961295692734787,0.751224543762226,0.581677843856763,0.753983625685862,0.79753104616981,0.91161687183493,0.91764068830836,0.932140333284547,0.832241355657057,0.921376320285747,0.869627158951962,0.790271085085543,0.752815350105147,0.696199622341154,0,1e+05,1586.93142807123,98599.0150900435,3114703.969078,31.14703969078,2023,"Males","B'Tselem historical average",43.80691030922
0,1,0.0191772,0.00810653,0.00426628,0.028382,0.0648396,0.0880347,0.0445758,0.027785,0.0196154,0.043202,0.0241916,0.0235281,0.0141409,0.0283337,0.0507979,0.0458682,0.0643403,0.216217,0.11102285626,0.0188557455068031,0.0319087810188151,0.0211062866781766,0.13250790182594,0.278976231801249,0.360772297543597,0.200531832816811,0.129901702958262,0.093492278882043,0.194953993889919,0.114059778647196,0.111105260784349,0.0682902847798901,0.132297318655992,0.225368840449345,0.205747797218999,0.277125633937007,1,0.981144254493197,0.968091218981185,0.978893713321823,0.86749209817406,0.721023768198751,0.639227702456403,0.799468167183189,0.870098297041738,0.906507721117957,0.805046006110081,0.885940221352804,0.888894739215651,0.93170971522011,0.867702681344008,0.774631159550655,0.794252202781001,0.722874366062993,0,1e+05,1885.57455068031,98323.7673216274,2965085.36914406,29.6508536914406,2023,"Males","B'Tselem historical average",45.3030963085594
0,1,0.0217616,0.00222014,0.00613567,0.00876338,0.0487018,0.129238,0.0462624,0.0198758,0.0293501,0.0212246,0.0431468,0.0355497,0.0214161,0.0204741,0.0421041,0.0756585,0.0902187,0.211807,0.10586581528,0.0213462491565026,0.00884130214292083,0.030214878688198,0.0428775199970213,0.217078692352025,0.488392745796787,0.207332726216683,0.0946746633171047,0.136718729074478,0.100775690688531,0.194729150701303,0.163240612954159,0.101638736631087,0.0973857842849298,0.19047142969269,0.318121088974548,0.368075310060591,1,0.978653750843497,0.991158697857079,0.969785121311802,0.957122480002979,0.782921307647975,0.511607254203213,0.792667273783317,0.905325336682895,0.863281270925522,0.89922430931147,0.805270849298697,0.836759387045841,0.898361263368913,0.90261421571507,0.80952857030731,0.681878911025452,0.631924689939409,0,1e+05,2134.62491565026,98091.3588913621,3034759.9387669,30.347599387669,2023,"Males","B'Tselem historical average",44.606350612331
0,1,0.0172307,0.00298495,0.00354197,0.00610337,0.0490064,0.0913689,0.0690492,0.0333378,0.0227716,0.017069,0.0438366,0.0175573,0.0161109,0.0286621,0.0244597,0.0457795,0.046243,0.224619,0.114906999685,0.0169718659427623,0.0118689435936403,0.0175544070422217,0.030058209071252,0.218288202573505,0.371895331593025,0.294421992405061,0.153865183235804,0.107725306051778,0.0818521635508753,0.197534858549295,0.084095284647161,0.0774356067096536,0.133728174242603,0.115250988491958,0.205390781765424,0.207254791671802,1,0.983028134057238,0.98813105640636,0.982445592957778,0.969941790928748,0.781711797426496,0.628104668406975,0.705578007594939,0.846134816764196,0.892274693948222,0.918147836449125,0.802465141450705,0.915904715352839,0.922564393290346,0.866271825757397,0.884749011508042,0.794609218234576,0.792745208328198,0,1e+05,1697.18659427622,98497.8320251777,3255166.32863668,32.5516632863668,2023,"Males","B'Tselem historical average",42.4022867136332
0,1,0.0194758,0.00353856,0.00388125,0.0127254,0.0549939,0.108169,0.0668217,0.0393165,0.0258709,0.0219865,0.04215,0.0243458,0.0187745,0.0240204,0.0234463,0.0472865,0.0977123,0.244195,0.11042701489,0.0191441252438491,0.0140547726871205,0.0192197582829111,0.0616652137232165,0.241734669409854,0.42572057720955,0.286283606781776,0.178989407409009,0.121496444110175,0.104204755365397,0.190659278525387,0.11474509704114,0.0896640077177574,0.113298322439203,0.11074037014847,0.211437188468688,0.392645711186965,1,0.980855874756151,0.98594522731288,0.980780241717089,0.938334786276784,0.758265330590146,0.57427942279045,0.713716393218224,0.821010592590991,0.878503555889825,0.895795244634603,0.809340721474613,0.88525490295886,0.910335992282243,0.886701677560797,0.88925962985153,0.788562811531312,0.607354288813035,0,1e+05,1914.41252438491,98296.990335951,2978576.50903751,29.7857650903751,2023,"Males","B'Tselem historical average",45.1681849096249
0,1,0.0150693,0.003815,0.00113866,0.0240632,0.0531155,0.066457,0.093038,0.0383196,0.0116213,0.0260167,0.0143214,0.0505259,0.0167554,0.0421344,0.0315129,0.047133,0.046155,0.221932,0.119219965315,0.0148719090391867,0.0151444478628068,0.00567713917177666,0.113488744130592,0.234445742862471,0.284943735435421,0.37740701528077,0.174847759488738,0.0564659797731556,0.12213934336377,0.0691318382299345,0.224297426629634,0.0804087961427734,0.190595438852982,0.146057742422069,0.210823177891142,0.206901189048649,1,0.985128090960813,0.984855552137193,0.994322860828223,0.886511255869408,0.765554257137529,0.715056264564579,0.62259298471923,0.825152240511262,0.943534020226844,0.87786065663623,0.930868161770065,0.775702573370366,0.919591203857227,0.809404561147018,0.853942257577931,0.789176822108858,0.793098810951351,0,1e+05,1487.19090391867,98690.1119440633,3088967.08801885,30.8896708801885,2023,"Males","B'Tselem historical average",44.0642791198115
0,1,0.0154194,0.00176508,0.00203947,0.00812111,0.060947,0.0913961,0.0569639,0.0254998,0.0246245,0.0380442,0.0116715,0.0538341,0.0189818,0.0210248,0.0253515,0.0458554,0.0530147,0.259007,0.11852135827,0.0152126318585208,0.00703548361715407,0.0101456207769849,0.0397975493107916,0.264442549794228,0.371985451247985,0.249314661398854,0.119858105691237,0.115982473926964,0.17370027956083,0.0567029779812302,0.237241317917715,0.090609186365613,0.0998744016979522,0.119202588917636,0.205696286284746,0.234052890557415,1,0.984787368141479,0.992964516382846,0.989854379223015,0.960202450689208,0.735557450205772,0.628014548752015,0.750685338601146,0.880141894308763,0.884017526073036,0.82629972043917,0.94329702201877,0.762758682082285,0.909390813634387,0.900125598302048,0.880797411082364,0.794303713715254,0.765947109442585,0,1e+05,1521.26318585208,98659.0389932213,3211900.0233119,32.119000233119,2023,"Males","B'Tselem historical average",42.834949766881
0,1,0.0137716,0.00421108,0.00208933,0.019374,0.0527001,0.0996446,0.0713245,0.0367529,0.0343996,0.0377268,0.0462716,0.0194259,0.0213417,0.0367116,0.0513857,0.0460062,0.055047,0.211438,0.12180946078,0.0136070353062938,0.0167036392774233,0.0103923672881347,0.0923948551889244,0.23282566096186,0.398861911046372,0.302655601395641,0.168300656961866,0.15837767806416,0.172376011704104,0.207369682498281,0.0926309033371568,0.101303526330292,0.168127432383294,0.227679786931664,0.206302961707707,0.241939843576598,1,0.986392964693706,0.983296360722577,0.989607632711865,0.907605144811076,0.76717433903814,0.601138088953628,0.697344398604359,0.831699343038134,0.84162232193584,0.827623988295896,0.792630317501719,0.907369096662843,0.898696473669708,0.831872567616706,0.772320213068336,0.793697038292293,0.758060156423402,0,1e+05,1360.70353062938,98805.043032718,2927410.8189528,29.274108189528,2023,"Males","B'Tselem historical average",45.679841810472
0,1,0.014797,0.00945294,0.00369166,0.00336703,0.0493269,0.068098,0.0850309,0.0454874,0.0147491,0.0264644,0.0299419,0.023273,0.0308989,0.0192551,0.0397163,0.0449439,0.0658514,0.301049,0.11976332635,0.0146067491077268,0.0371101597725592,0.0182895034294243,0.0166946217691615,0.219559078256833,0.290956167298301,0.350620548092915,0.204214081026759,0.0711229994230247,0.124110711234044,0.139283470627078,0.109966853543694,0.143416007792083,0.0918538617657841,0.180645111404785,0.202020524385209,0.282714187399673,1,0.985393250892273,0.962889840227441,0.981710496570576,0.983305378230839,0.780440921743167,0.709043832701699,0.649379451907085,0.795785918973241,0.928877000576975,0.875889288765956,0.860716529372922,0.890033146456306,0.856583992207917,0.908146138234216,0.819354888595215,0.797979475614791,0.717285812600327,0,1e+05,1460.67491077268,98714.2603752575,3215960.31992514,32.1596031992514,2023,"Males","B'Tselem historical average",42.7943468007486
0,1,0.0169352,0.00277996,0.00394058,0.00580674,0.0588617,0.0761417,0.0987307,0.0514242,0.0170361,0.0219145,0.0260872,0.00864831,0.0215966,0.0321621,0.02411,0.0470942,0.0682839,0.23478,0.11549665516,0.0166852673583304,0.0110583564229569,0.0195106913992152,0.0286182531123066,0.256555297598383,0.319827899971794,0.395927902573473,0.22783094038822,0.0817008407665428,0.103881236601255,0.122450052477521,0.0423264199966959,0.102451490358319,0.148842760621535,0.11369691825234,0.210667908463138,0.291634625918166,1,0.98331473264167,0.988941643577043,0.980489308600785,0.971381746887693,0.743444702401617,0.680172100028206,0.604072097426527,0.77216905961178,0.918299159233457,0.896118763398746,0.877549947522479,0.957673580003304,0.897548509641681,0.851157239378465,0.88630308174766,0.789332091536862,0.708365374081834,0,1e+05,1668.52673583305,98524.1825212007,3102043.94094186,31.0204394094186,2023,"Males","B'Tselem historical average",43.9335105905814
0,1,0.0215256,0.00192702,0.00386327,0.00831347,0.0524727,0.0888135,0.063147,0.05441,0.0152275,0.0345538,0.0313541,0.015068,0.0154695,0.0266631,0.0252247,0.0443875,0.0519386,0.216249,0.10633674148,0.0211193350012108,0.00767848680471516,0.0191315739111408,0.04072101760444,0.231937529048714,0.363383990008459,0.272686641606229,0.23947536365837,0.073345334786352,0.159031171744442,0.145375226525029,0.0726049707517804,0.0744675601939492,0.12498432604085,0.11864174400029,0.199769345447385,0.229848036879346,1,0.978880664998789,0.992321513195285,0.980868426088859,0.95927898239556,0.768062470951286,0.636616009991541,0.727313358393771,0.76052463634163,0.926654665213648,0.840968828255558,0.854624773474971,0.92739502924822,0.925532439806051,0.87501567395915,0.88135825599971,0.800230654552615,0.770151963120654,0,1e+05,2111.93350012107,98112.6426265043,3172886.46449943,31.7288646449943,2023,"Males","B'Tselem historical average",43.2250853550057
0,1,0.0163513,0.00421254,0.00578671,0.00934586,0.0319039,0.120939,0.0537423,0.0320421,0.0491783,0.00809491,0.0375982,0.0112928,0.0114997,0.0489772,0.0448328,0.0509778,0.0782445,0.213945,0.116661798415,0.0161184889311459,0.0167093821188977,0.0285209439215,0.0456624136860698,0.14773610518451,0.464311560470612,0.236884681018278,0.148328600384083,0.218970061554621,0.0396717028399104,0.171838915242339,0.0549136770689883,0.055891656786141,0.218172325899845,0.201571466852264,0.226076760319466,0.327215472420488,1,0.983881511068854,0.983290617881102,0.9714790560785,0.95433758631393,0.85226389481549,0.535688439529388,0.763115318981722,0.851671399615917,0.781029938445379,0.96032829716009,0.828161084757661,0.945086322931012,0.944108343213859,0.781827674100155,0.798428533147736,0.773923239680534,0.672784527579512,0,1e+05,1611.84889311458,98576.1922975294,3137357.74900106,31.3735774900106,2023,"Males","B'Tselem historical average",43.5803725099894
0,1,0.0205419,0.00163348,0.00369067,0.0108284,0.0449674,0.123431,0.0582996,0.0387866,0.0253625,0.0303802,0.00679244,0.013177,0.0201235,0.050151,0.0370814,0.0538385,0.0547028,0.211071,0.108299665645,0.0201723977703036,0.00651264345434041,0.018284643536597,0.0527149534939649,0.202115480819494,0.471622811793723,0.254416979635156,0.176790266612517,0.119251226894707,0.141178427818008,0.0333951142258199,0.0637838020993424,0.0957980212961189,0.222818565325857,0.169677318687091,0.237258408001965,0.240609030777906,1,0.979827602229696,0.99348735654566,0.981715356463403,0.947285046506035,0.797884519180506,0.528377188206277,0.745583020364844,0.823209733387483,0.880748773105293,0.858821572181992,0.96660488577418,0.936216197900658,0.904201978703881,0.777181434674143,0.830322681312909,0.762741591998034,0.759390969222094,0,1e+05,2017.23977703035,98201.2266163478,3082111.00956907,30.8211100956907,2023,"Males","B'Tselem historical average",44.1328399043093
0,1,0.0179972,0.0031718,0.00648542,0.0185729,0.0232639,0.0842999,0.0721057,0.0470242,0.049639,0.0378954,0.0178549,0.0417661,0.0218938,0.0347038,0.0332363,0.0541556,0.0838868,0.217219,0.11337748726,0.0177145340919776,0.0126072248087035,0.0319097299972038,0.0887439201152296,0.109926218607351,0.348130982475941,0.305464221253842,0.210387715027509,0.220794904356606,0.173079689807201,0.085459809134702,0.189086939898738,0.103788204519716,0.159666421135495,0.153432664806712,0.238489187406255,0.346720761963335,1,0.982285465908022,0.987392775191297,0.968090270002796,0.91125607988477,0.890073781392649,0.651869017524059,0.694535778746158,0.789612284972491,0.779205095643394,0.826920310192799,0.914540190865298,0.810913060101262,0.896211795480284,0.840333578864505,0.846567335193288,0.761510812593745,0.653279238036665,0,1e+05,1771.45340919775,98429.3895271353,3114872.10268964,31.1487210268964,2023,"Males","B'Tselem historical average",43.8052289731036
0,1,0.0155857,0.00483099,0.00182115,0.0174673,0.047055,0.097867,0.0688068,0.0481954,0.0291244,0.0225783,0.031036,0.0164108,0.0156496,0.0332273,0.0278787,0.0578312,0.0630816,0.24451,0.118189514935,0.0153743998800438,0.019139038988078,0.0090644805531018,0.0836822428966293,0.210511010949436,0.393145157240789,0.293540110766311,0.21506423314474,0.135738727511183,0.106859722801668,0.144006533097004,0.0788202419341669,0.0753018888987262,0.153394303636913,0.130311230729644,0.252631100720091,0.272442696924257,1,0.984625600119956,0.980860961011922,0.990935519446898,0.916317757103371,0.789488989050564,0.606854842759211,0.706459889233689,0.78493576685526,0.864261272488817,0.893140277198332,0.855993466902996,0.921179758065833,0.924698111101274,0.846605696363087,0.869688769270356,0.747368899279909,0.727557303075743,0,1e+05,1537.43998800438,98644.2692984195,3046790.37889733,30.4679037889733,2023,"Males","B'Tselem historical average",44.4860462110267
0,1,0.0138321,0.00336581,0.00521605,0.0126143,0.0502693,0.0678632,0.0761101,0.0444888,0.0445692,0.0222992,0.0448876,0.0410925,0.0245215,0.0282541,0.0272232,0.0512769,0.0440612,0.239291,0.121688736055,0.0136660724001466,0.0133732165877535,0.0257445380063302,0.061143300171613,0.2232854871518,0.290098473228927,0.319716384928612,0.200179622073717,0.200505118213318,0.105608535370183,0.20179299220747,0.18632146318516,0.115525362084135,0.131950166968629,0.127442517166671,0.227252491762818,0.198446520434571,1,0.986333927599853,0.986626783412246,0.97425546199367,0.938856699828387,0.7767145128482,0.709901526771073,0.680283615071388,0.799820377926283,0.799494881786682,0.894391464629817,0.79820700779253,0.81367853681484,0.884474637915865,0.868049833031371,0.872557482833329,0.772747508237182,0.801553479565429,0,1e+05,1366.60724001467,98799.6934677063,3095570.54783409,30.9557054783409,2023,"Males","B'Tselem historical average",43.9982445216591
0,1,0.0147561,0.00515087,0.00200652,0.00733315,0.0508984,0.121361,0.0586859,0.0423799,0.0287381,0.0229334,0.0256687,0.0650579,0.0365797,0.019463,0.0231473,0.0530456,0.0532879,0.269598,0.119844940255,0.0145669099830342,0.0203933925720053,0.00998252466154031,0.036005662686673,0.225764385058807,0.465554577346599,0.255887089618408,0.191599573127079,0.134058997789093,0.1084492262848,0.120604122407873,0.279784087099692,0.167573984772998,0.0927996033023175,0.109405400908856,0.234173337076886,0.235117240058691,1,0.985433090016966,0.979606607427995,0.99001747533846,0.963994337313327,0.774235614941193,0.534445422653401,0.744112910381592,0.808400426872921,0.865941002210907,0.8915507737152,0.879395877592127,0.720215912900308,0.832426015227002,0.907200396697682,0.890594599091144,0.765826662923114,0.764882759941309,0,1e+05,1456.69099830343,98717.8860473582,2977188.95185876,29.7718895185876,2023,"Males","B'Tselem historical average",45.1820604814124
0,1,0.0142206,0.0021021,0.00690281,0.0191638,0.0468303,0.082317,0.0659531,0.0260579,0.0182469,0.0378502,0.0236156,0.0282541,0.0178157,0.0214948,0.0337574,0.0458038,0.0569916,0.225596,0.12091350373,0.0140450212590494,0.0083731974034763,0.0339285442634323,0.091438239657146,0.209611120821484,0.341339824223488,0.283089006168217,0.122320933375487,0.0872542031991152,0.172891093803314,0.111495421792776,0.131950166968629,0.0852801845406958,0.101993191849579,0.15565106209139,0.205488602833803,0.249420777099623,1,0.985954978740951,0.991626802596524,0.966071455736568,0.908561760342854,0.790388879178516,0.658660175776512,0.716910993831783,0.877679066624513,0.912745796800885,0.827108906196686,0.888504578207224,0.868049833031371,0.914719815459304,0.898006808150421,0.84434893790861,0.794511397166197,0.750579222900377,0,1e+05,1404.50212590494,98765.3211471345,3201872.78568933,32.0187278568933,2023,"Males","B'Tselem historical average",42.9352221431067
0,1,0.0139846,0.00590362,0.00501241,0.0118282,0.031555,0.110601,0.0530692,0.0254096,0.0267826,0.0489875,0.0307348,0.0210075,0.0128152,0.0372192,0.0343717,0.0430604,0.0605048,0.223401,0.12138442993,0.0138148556624223,0.0233389118662563,0.0247518835287047,0.0574423995248504,0.146238602263906,0.433218893029978,0.234265317527654,0.119459457426443,0.125509334260581,0.218213201926557,0.142708692216185,0.0997963219182556,0.0620868611427099,0.170254188288163,0.158259389366296,0.194377109757496,0.262775979750917,1,0.986185144337578,0.976661088133744,0.975248116471295,0.94255760047515,0.853761397736094,0.566781106970022,0.765734682472346,0.880540542573557,0.874490665739419,0.781786798073443,0.857291307783815,0.900203678081744,0.93791313885729,0.829745811711837,0.841740610633704,0.805622890242504,0.737224020249083,0,1e+05,1381.48556624223,98786.2052716726,3190623.98972399,31.9062398972399,2023,"Males","B'Tselem historical average",43.0477101027601
0,1,0.0165092,0.00385711,0.00651535,0.00356494,0.0385519,0.12803,0.0637314,0.0231632,0.0330608,0.0260031,0.0193388,0.0214163,0.0131308,0.021667,0.0243013,0.0540102,0.0554193,0.250273,0.11634671686,0.0162718200376632,0.0153103327250855,0.0320546321313574,0.017667243343785,0.175814538712522,0.48493456811166,0.274863423093627,0.109476438404852,0.152684334393693,0.122079393318969,0.0922347276235827,0.101639637574531,0.0635672769979871,0.102768298206879,0.114547374707549,0.237925051023083,0.243377037380717,1,0.983728179962337,0.984689667274914,0.967945367868643,0.982332756656215,0.824185461287478,0.51506543188834,0.725136576906373,0.890523561595148,0.847315665606307,0.877920606681031,0.907765272376417,0.898360362425469,0.936432723002013,0.897231701793121,0.885452625292451,0.762074948976917,0.756622962619283,0,1e+05,1627.18200376631,98562.1352801056,3145440.22768384,31.4544022768384,2023,"Males","B'Tselem historical average",43.4995477231616
0,1,0.0220177,0.00250695,0.00580217,0.0240108,0.0339699,0.114769,0.0769097,0.025805,0.0297193,0.0352589,0.0203918,0.0188143,0.0397263,0.0329223,0.0469103,0.04387,0.0601656,0.291784,0.105354780535,0.0215923727919238,0.00997777244672934,0.0285960521108105,0.113255605753438,0.15655417576196,0.4459048621809,0.322533594934219,0.121205716231608,0.138319596071203,0.162013459115942,0.0970133099646568,0.0898455472986476,0.180686486116477,0.152093343308949,0.209931612674848,0.197670489107171,0.26149542686372,1,0.978407627208076,0.990022227553271,0.97140394788919,0.886744394246562,0.84344582423804,0.5540951378191,0.677466405065781,0.878794283768392,0.861680403928797,0.837986540884058,0.902986690035343,0.910154452701352,0.819313513883523,0.84790665669105,0.790068387325152,0.802329510892829,0.73850457313628,0,1e+05,2159.23727919238,98068.2486904799,2939722.98549549,29.397229854955,2023,"Males","B'Tselem historical average",45.5567201450451
0,1,0.0143035,0.00297053,0.00259422,0.0126909,0.0505589,0.110758,0.0429229,0.0394475,0.0376055,0.0366385,0.015785,0.0212438,0.0149587,0.0333043,0.0293487,0.0536635,0.0564864,0.282422,0.120748080925,0.014125847970579,0.0118119445288375,0.0128875173617743,0.0615031734404611,0.224427483287979,0.433700500041115,0.193816576203217,0.179532253568401,0.171869412061777,0.167820748742953,0.0759286650552569,0.100862256014213,0.0720972954657897,0.153722453250522,0.136712653374751,0.23657843313381,0.247483386142501,1,0.985874152029421,0.988188055471163,0.987112482638226,0.938496826559539,0.775572516712021,0.566299499958885,0.806183423796783,0.820467746431599,0.828130587938223,0.832179251257047,0.924071334944743,0.899137743985787,0.92790270453421,0.846277546749478,0.863287346625249,0.76342156686619,0.752516613857499,0,1e+05,1412.58479705791,98757.9821063307,3116624.3417598,31.166243417598,2023,"Males","B'Tselem historical average",43.787706582402
0,1,0.0162996,0.00764845,0.0018509,0.0180726,0.0800651,0.0650178,0.078639,0.0338554,0.0247255,0.0465705,0.0242603,0.0517258,0.0136607,0.0255138,0.0223801,0.0737753,0.0512296,0.237337,0.11676496318,0.016068275041805,0.0301328606440146,0.00921187435439363,0.086456754161837,0.333559344347256,0.279635747276771,0.328594201475434,0.156067666784832,0.116430494519401,0.208569531574522,0.114365166856291,0.229014149734197,0.0660478503275752,0.11991996499291,0.105971375071884,0.31143582200254,0.227066664066364,1,0.983931724958195,0.969867139355985,0.990788125645606,0.913543245838163,0.666440655652744,0.720364252723229,0.671405798524566,0.843932333215168,0.883569505480599,0.791430468425478,0.885634833143709,0.770985850265803,0.933952149672425,0.88008003500709,0.894028624928116,0.68856417799746,0.772933335933636,0,1e+05,1606.8275041805,98580.7936501817,2893612.76800396,28.9361276800396,2023,"Males","B'Tselem historical average",46.0178223199604
0,1,0.0184998,0.00438401,0.00318289,0.00879578,0.0591764,0.087859,0.0463927,0.0304962,0.0352028,0.0318436,0.0134592,0.0250991,0.0304176,0.020567,0.0262834,0.066891,0.0564445,0.247679,0.11237457409,0.0182009245678235,0.0173836200715403,0.0157888148477729,0.0430326360022601,0.257750180540638,0.360181937814,0.207855997645123,0.141679299375929,0.161776532687749,0.147477466379032,0.0651053356655264,0.1180858769167,0.141339945206702,0.0978060570610628,0.123314208341212,0.286537971389468,0.247322511280123,1,0.981799075432176,0.98261637992846,0.984211185152227,0.95696736399774,0.742249819459363,0.639818062186,0.792144002354877,0.85832070062407,0.838223467312251,0.852522533620968,0.934894664334474,0.8819141230833,0.858660054793298,0.902193942938937,0.876685791658788,0.713462028610532,0.752677488719877,0,1e+05,1820.09245678235,98384.439657853,3223735.30767479,32.2373530767479,2023,"Males","B'Tselem historical average",42.7165969232521
0,1,0.0141153,0.00252136,0.00182711,0.0195375,0.0563982,0.126262,0.0468531,0.0266506,0.0113492,0.0206662,0.022587,0.033055,0.0278045,0.0255096,0.0256815,0.0535279,0.0496926,0.219579,0.121123624615,0.0139423368938228,0.0100348371261273,0.00909401060570553,0.0931382772696124,0.247144708283249,0.47984464012222,0.209702472691809,0.124929391872413,0.0551803674347732,0.0982546256390459,0.106898697782942,0.152659592892358,0.12998694497136,0.119901407629816,0.120660634770362,0.236051188912523,0.221006972318424,1,0.986057663106177,0.989965162873873,0.990905989394295,0.906861722730388,0.752855291716751,0.52015535987778,0.790297527308191,0.875070608127587,0.944819632565227,0.901745374360954,0.893101302217058,0.847340407107642,0.87001305502864,0.880098592370184,0.879339365229638,0.763948811087477,0.778993027681576,0,1e+05,1394.23368938228,98774.640948636,3053881.3218964,30.538813218964,2023,"Males","B'Tselem historical average",44.4151367810361
0,1,0.0148019,0.0016826,0.00556472,0.0111155,0.0528654,0.0859547,0.0929826,0.0165057,0.0276859,0.0285747,0.00776105,0.0374913,0.0438955,0.0254769,0.0269419,0.0484042,0.0547316,0.210799,0.119753548645,0.0146115218074391,0.00670782682118136,0.0274418346842398,0.0540748281200782,0.23347069570782,0.353756018822331,0.377224672838352,0.079257978942425,0.129468378546031,0.133347582113457,0.0380666569305725,0.171392208256484,0.197774025643423,0.119756912772468,0.126208741751512,0.215895390810345,0.240720460157156,1,0.985388478192561,0.993292173178819,0.97255816531576,0.945925171879922,0.76652930429218,0.64624398117767,0.622775327161648,0.920742021057575,0.870531621453969,0.866652417886543,0.961933343069428,0.828607791743516,0.802225974356577,0.880243087227532,0.873791258248488,0.784104609189655,0.759279539842844,0,1e+05,1461.15218074391,98713.8259780106,3116447.92385937,31.1644792385937,2023,"Males","B'Tselem historical average",43.7894707614063
0,1,0.0140118,0.00152038,0.00509177,0.0146014,0.0804891,0.0789461,0.05573,0.0227879,0.0429618,0.0138392,0.0205044,0.00962946,0.0123591,0.0449741,0.0278314,0.0467836,0.045667,0.270258,0.12133015369,0.013841388340355,0.00606308361785816,0.0251388469333751,0.0704358451273922,0.335029868523552,0.329665906038279,0.24457463849209,0.107798260073195,0.193975191540219,0.0668820160100831,0.0975228796654684,0.0470154661239453,0.0599433842978123,0.202142551667614,0.130104522482455,0.209423980647454,0.204937767436225,1,0.986158611659645,0.993936916382142,0.974861153066625,0.929564154872608,0.664970131476448,0.670334093961721,0.75542536150791,0.892201739926805,0.806024808459781,0.933117983989917,0.902477120334532,0.952984533876055,0.940056615702188,0.797857448332386,0.869895477517545,0.790576019352546,0.795062232563775,0,1e+05,1384.1388340355,98783.7989434263,3110614.657813,31.10614657813,2023,"Males","B'Tselem historical average",43.84780342187
0,1,0.0142563,0.00524248,0.00112936,0.0139977,0.0353816,0.0928867,0.0731253,0.0302288,0.0321946,0.0393891,0.0218707,0.0227988,0.0135038,0.037075,0.0244642,0.0467687,0.0424838,0.219321,0.120842266165,0.0140798299389422,0.0207523326225459,0.00563090171210604,0.0676221148088504,0.16253144368067,0.376908932620823,0.309115999503726,0.140524297769001,0.148981963217495,0.17929029190756,0.103684375331114,0.107847042139192,0.0653140309714203,0.169650517645713,0.115270969848576,0.209364263879721,0.192024205179941,1,0.985920170061058,0.979247667377454,0.994369098287894,0.93237788519115,0.83746855631933,0.623091067379177,0.690884000496274,0.859475702230999,0.851018036782505,0.82070970809244,0.896315624668885,0.892152957860808,0.93468596902858,0.830349482354287,0.884729030151424,0.790635736120279,0.807975794820059,0,1e+05,1407.98299389421,98762.1608618097,3221188.34333267,32.2118834333267,2023,"Males","B'Tselem historical average",42.7420665666733
0,1,0.0199284,0.001631,0.00614406,0.00835416,0.0383602,0.136134,0.0587744,0.0555265,0.0342736,0.023843,0.0406019,0.0519616,0.0182871,0.0197247,0.0269871,0.051391,0.0457331,0.226436,0.10952387422,0.0195809215784446,0.00650278790585111,0.0302555699078795,0.0409162477982347,0.175016801251573,0.507835727635255,0.256223538192192,0.243790427121144,0.157843350367142,0.112508641171377,0.184301974185767,0.229938118636628,0.087438030003794,0.0939887502451011,0.126407097544633,0.227700596600287,0.205203966230015,1,0.980419078421555,0.993497212094149,0.96974443009212,0.959083752201765,0.824983198748427,0.492164272364745,0.743776461807808,0.756209572878856,0.842156649632858,0.887491358828623,0.815698025814233,0.770061881363373,0.912561969996206,0.906011249754899,0.873592902455367,0.772299403399713,0.794796033769985,0,1e+05,1958.09215784445,98256.3656813625,2908222.92204234,29.0822292204234,2023,"Males","B'Tselem historical average",45.8717207795766
0,1,0.0144243,0.00511271,0.00342483,0.0168493,0.0256474,0.124788,0.0888732,0.0193483,0.0325483,0.0313624,0.0257918,0.0289641,0.028407,0.0253089,0.0308873,0.0634492,0.0947461,0.27493,0.120507030565,0.0142436046283788,0.0202438382514667,0.0169787764426895,0.0808412056827252,0.120510074770808,0.475574898816284,0.363583849554445,0.092277946518443,0.15049556315445,0.145410912031276,0.121147471604667,0.135042069954106,0.132616880676553,0.119014203558872,0.143366026336817,0.273812965908669,0.383008981778735,1,0.985756395371621,0.979756161748533,0.983021223557311,0.919158794317275,0.879489925229192,0.524425101183716,0.636416150445555,0.907722053481557,0.84950443684555,0.854589087968724,0.878852528395333,0.864957930045894,0.867383119323447,0.880985796441128,0.856633973663183,0.726187034091331,0.616991018221265,0,1e+05,1424.36046283788,98747.2849869929,2992623.4200851,29.926234200851,2023,"Males","B'Tselem historical average",45.027715799149
0,1,0.015367,0.00482036,0.00250234,0.0124554,0.0461975,0.103247,0.0742844,0.0352128,0.0220825,0.0182335,0.0405391,0.0310233,0.0158075,0.0235024,0.0340464,0.049865,0.0601855,0.294353,0.11862591985,0.0151616494749633,0.0190973280079274,0.0124339152910266,0.060396348308205,0.207071980457085,0.410323360099514,0.313248337917081,0.161818770036175,0.104635942025552,0.0871929197445924,0.184043141687083,0.14395184668671,0.0760327795915177,0.110990634291565,0.156879080208936,0.221688728840875,0.261570605766588,1,0.984838350525037,0.980902671992073,0.987566084708973,0.939603651691795,0.792928019542915,0.589676639900486,0.686751662082919,0.838181229963825,0.895364057974448,0.912807080255408,0.815956858312917,0.85604815331329,0.923967220408482,0.889009365708435,0.843120919791064,0.778311271159125,0.738429394233412,0,1e+05,1516.16494749632,98663.6915140448,3078308.6542947,30.783086542947,2023,"Males","B'Tselem historical average",44.170863457053
0,1,0.0158644,0.0103655,0.00223739,0.0232025,0.0508844,0.0931923,0.0632658,0.0292206,0.0452045,0.00886655,0.0176501,0.0638055,0.0413118,0.0215737,0.034674,0.0602581,0.043905,0.225018,0.11763338302,0.0156453924027468,0.0406199086732939,0.0111247241336764,0.109651998747644,0.225709294888002,0.377914659251574,0.27312959428475,0.136156559121347,0.203072969837457,0.0433713640795511,0.0845209901781419,0.27513903996395,0.187222730051632,0.102348414998374,0.159540253155238,0.261844821416505,0.197812595037226,1,0.984354607597253,0.959380091326706,0.988875275866324,0.890348001252356,0.774290705111998,0.622085340748426,0.72687040571525,0.863843440878653,0.796927030162543,0.956628635920449,0.915479009821858,0.72486096003605,0.812777269948368,0.897651585001626,0.840459746844762,0.738155178583495,0.802187404962774,0,1e+05,1564.53924027468,98619.5028034264,2941963.57069892,29.4196357069892,2023,"Males","B'Tselem historical average",45.5343142930108
0,1,0.014159,0.00519261,0.00168252,0.0162695,0.0564611,0.0878315,0.0450819,0.0636315,0.0320915,0.024483,0.0225999,0.0206085,0.0447813,0.0229143,0.0270223,0.0483676,0.0869478,0.245823,0.12103642345,0.0139849538194819,0.0205569515357717,0.0083773623009535,0.0781681098423017,0.247386250438427,0.36008949811564,0.202577997442718,0.274491703001198,0.148540297599004,0.11535444293411,0.106956485318619,0.0979937400218968,0.201363231772559,0.108363798528449,0.126561540228695,0.215749755334685,0.357113431870932,1,0.986015046180518,0.979443048464228,0.991622637699046,0.921831890157698,0.752613749561573,0.63991050188436,0.797422002557282,0.725508296998802,0.851459702400996,0.88464555706589,0.893043514681381,0.902006259978103,0.798636768227441,0.891636201471551,0.873438459771305,0.784250244665315,0.642886568129068,0,1e+05,1398.49538194819,98770.7734972942,3069059.95297329,30.6905995297329,2023,"Males","B'Tselem historical average",44.2633504702671
0,1,0.0165947,0.00711146,0.00475709,0.0217466,0.0366912,0.103545,0.0378061,0.03792,0.0256905,0.0153288,0.0422987,0.0299779,0.0385899,0.0315107,0.0236671,0.0451305,0.0534681,0.213444,0.116176105885,0.016354827145911,0.0280469307477295,0.0235059007860739,0.103126379679172,0.168041856579661,0.411264137266779,0.172707049993136,0.173182316404823,0.120700367990359,0.0738152519160723,0.191267575509492,0.139439259552642,0.17597258851606,0.146048290343669,0.11172498407358,0.202774242609752,0.235818572464083,1,0.983645172854089,0.97195306925227,0.976494099213926,0.896873620320828,0.831958143420339,0.588735862733222,0.827292950006864,0.826817683595177,0.879299632009641,0.926184748083928,0.808732424490508,0.860560740447358,0.82402741148394,0.853951709656331,0.88827501592642,0.797225757390248,0.764181427535917,0,1e+05,1635.4827145911,98554.5212984323,3137931.49812739,31.3793149812739,2023,"Males","B'Tselem historical average",43.5746350187261
0,1,0.0211007,0.00340087,0.0040439,0.0118301,0.0364442,0.117846,0.067571,0.0511994,0.0357105,0.050292,0.034515,0.0170722,0.0243917,0.0296473,0.0392146,0.0468866,0.0581675,0.225425,0.107184608185,0.0207105336408487,0.0135115777610794,0.0200171318017671,0.0574513616173271,0.167005083353153,0.455139172649784,0.289029901341187,0.22694799682801,0.163918473390015,0.223375054409139,0.158866782504632,0.0818668806024472,0.114948996410627,0.138007616945341,0.178566923777124,0.20983667892481,0.253913688771028,1,0.979289466359151,0.986488422238921,0.979982868198233,0.942548638382673,0.832994916646847,0.544860827350216,0.710970098658813,0.77305200317199,0.836081526609985,0.776624945590861,0.841133217495368,0.918133119397553,0.885051003589373,0.861992383054659,0.821433076222876,0.79016332107519,0.746086311228972,0,1e+05,2071.05336408487,98150.9316792748,2942783.94270457,29.4278394270457,2023,"Males","B'Tselem historical average",45.5261105729543
0,1,0.017961,0.00642771,0.00280119,0.0111214,0.0442421,0.127026,0.0624798,0.0241508,0.0126089,0.0314175,0.0262788,0.0460377,0.0427543,0.0551938,0.0577499,0.0600321,0.0568023,0.296989,0.11344972255,0.0176794837542036,0.0253845114438939,0.0139085487806032,0.0541027540770196,0.199180131734475,0.482048323991606,0.270194719855873,0.113878365901939,0.0611179254737355,0.145647777385016,0.123293956912706,0.206429635880554,0.19312878497171,0.242506817975113,0.252320754193502,0.260990917807692,0.24869533275117,1,0.982320516245796,0.974615488556106,0.986091451219397,0.94589724592298,0.800819868265525,0.517951676008394,0.729805280144127,0.886121634098061,0.938882074526264,0.854352222614984,0.876706043087294,0.793570364119445,0.80687121502829,0.757493182024887,0.747679245806498,0.739009082192308,0.75130466724883,0,1e+05,1767.94837542035,98432.6248772538,2969324.41668255,29.6932441668255,2023,"Males","B'Tselem historical average",45.2607058331745
0,1,0.018964,0.00407771,0.000895116,0.0224718,0.0433243,0.061684,0.0910431,0.0370913,0.0265243,0.0420344,0.0383686,0.0116013,0.0298939,0.0263132,0.0273583,0.0524492,0.0745963,0.221105,0.1114482862,0.0186497426109681,0.0161788943216712,0.00446558695416983,0.106382485174158,0.195451952442039,0.267213072144584,0.370815107675884,0.169718775001928,0.12437415640797,0.190186103163012,0.175051771500057,0.056371542072389,0.139075711472063,0.123445391791762,0.128034485348711,0.23184569671026,0.314356854446611,1,0.981350257389032,0.983821105678329,0.99553441304583,0.893617514825842,0.804548047557961,0.732786927855416,0.629184892324116,0.830281224998072,0.87562584359203,0.809813896836988,0.824948228499943,0.943628457927611,0.860924288527937,0.876554608208237,0.871965514651289,0.76815430328974,0.685643145553389,0,1e+05,1864.97426109682,98342.8739241095,3127817.92835608,31.2781792835608,2023,"Males","B'Tselem historical average",43.6757707164392
0,1,0.0143524,0.00225545,0.00603828,0.0166084,0.0470446,0.109953,0.0451843,0.048922,0.0359447,0.0135593,0.00767691,0.0349857,0.0208713,0.0372691,0.0407337,0.0530058,0.0459977,0.257818,0.12065050342,0.0141735191931747,0.00898128631555914,0.0297424173898087,0.0797314696487157,0.210469380460026,0.431227975911506,0.202991435232554,0.217953230182526,0.164904860639434,0.0655736674281052,0.0376617356131354,0.160859081114621,0.0991813887048131,0.170462994069327,0.184844952859289,0.23401819579352,0.206268776722391,1,0.985826480806825,0.991018713684441,0.970257582610191,0.920268530351284,0.789530619539974,0.568772024088494,0.797008564767446,0.782046769817474,0.835095139360566,0.934426332571895,0.962338264386865,0.83914091888538,0.900818611295187,0.829537005930673,0.815155047140711,0.76598180420648,0.793731223277609,0,1e+05,1417.35191931747,98753.6523032715,3075826.03368841,30.7582603368841,2023,"Males","B'Tselem historical average",44.1956896631159
0,1,0.0155574,0.00192206,0.00485367,0.0100257,0.0553305,0.0595526,0.0720511,0.0339432,0.0228959,0.0230134,0.0187287,0.0411417,0.0144255,0.0233811,0.0353896,0.0550728,0.0854989,0.253856,0.11824598617,0.0153468746446152,0.00765879865889935,0.0239774039840123,0.0489027882886365,0.243034455192437,0.259176425070819,0.305268222020879,0.156440750771069,0.108281494334658,0.108806955051542,0.0894550576542759,0.186523740557739,0.0696168551404294,0.110449427241792,0.162565205967253,0.242039515435772,0.352210478746708,1,0.984653125355385,0.992341201341101,0.976022596015988,0.951097211711363,0.756965544807563,0.740823574929181,0.694731777979121,0.843559249228931,0.891718505665342,0.891193044948458,0.910544942345724,0.813476259442261,0.930383144859571,0.889550572758208,0.837434794032747,0.757960484564228,0.647789521253292,0,1e+05,1534.68746446153,98646.7831682365,3335526.09042608,33.3552609042608,2023,"Males","B'Tselem historical average",41.5986890957392
0,1,0.0153336,0.00771533,0.00361302,0.0106245,0.049016,0.139082,0.0549348,0.0539121,0.0299448,0.0108703,0.0284816,0.023268,0.0383171,0.018852,0.033778,0.0499336,0.0416879,0.282371,0.11869256788,0.0151291504754969,0.0303923460416293,0.0179033867638859,0.0517480082167528,0.218326295722201,0.515995711227606,0.241506255401873,0.237544229378331,0.139296021256682,0.0529135350011914,0.132941997976109,0.109944526871864,0.174837349489673,0.0900174763400915,0.155738649724052,0.221959862521937,0.188766321196483,1,0.984870849524503,0.969607653958371,0.982096613236114,0.948251991783247,0.781673704277799,0.484004288772394,0.758493744598127,0.762455770621669,0.860703978743318,0.947086464998809,0.867058002023891,0.890055473128136,0.825162650510327,0.909982523659909,0.844261350275948,0.778040137478063,0.811233678803517,0,1e+05,1512.91504754969,98666.6567244283,2867676.26041657,28.6767626041657,2023,"Males","B'Tselem historical average",46.2771873958343
0,1,0.0209266,0.00168929,0.00363042,0.0129017,0.0522359,0.0936451,0.0887033,0.0466999,0.0188421,0.0555611,0.0143634,0.0266937,0.0268078,0.0233403,0.0390087,0.0471066,0.0639937,0.23452,0.10753201603,0.0205429335880256,0.00673440726629823,0.017988832457177,0.0624928403055739,0.231011735247025,0.379402530279344,0.363014941785742,0.209088473044207,0.089972330861678,0.243923811756535,0.0693275516129079,0.125118791301582,0.125620009756148,0.110267319222857,0.177712651252697,0.210717533581477,0.275838659016275,1,0.979457066411974,0.993265592733702,0.982011167542823,0.937507159694426,0.768988264752975,0.620597469720656,0.636985058214258,0.790911526955793,0.910027669138322,0.756076188243465,0.930672448387092,0.874881208698418,0.874379990243852,0.889732680777143,0.822287348747303,0.789282466418523,0.724161340983725,0,1e+05,2054.29335880256,98166.6089475865,2959138.96892198,29.5913896892198,2023,"Males","B'Tselem historical average",45.3625603107802
0,1,0.014828,0.00181702,0.00229675,0.00445338,0.0662114,0.0658709,0.107856,0.0227951,0.0206325,0.0256736,0.0224174,0.00979771,0.0292164,0.0328545,0.0272015,0.0454203,0.0600637,0.224045,0.1197014674,0.0146369430074969,0.00724176314306757,0.0114181881906826,0.0220217222563451,0.284040244404148,0.282786067985787,0.424750322926184,0.10783048337126,0.0981022626639644,0.120625756448133,0.106138620236761,0.0478172999063367,0.136138320902929,0.151803897152507,0.12734739929518,0.20394355623217,0.26111036363008,1,0.985363056992503,0.992758236856932,0.988581811809317,0.977978277743655,0.715959755595852,0.717213932014213,0.575249677073816,0.89216951662874,0.901897737336036,0.879374243551867,0.893861379763239,0.952182700093663,0.863861679097071,0.848196102847493,0.87265260070482,0.79605644376783,0.73888963636992,0,1e+05,1463.69430074969,98711.5120548751,3196771.74809597,31.9677174809597,2023,"Males","B'Tselem historical average",42.9862325190403
0,1,0.0142273,0.00296496,0.00920434,0.0204031,0.0634146,0.0634087,0.0322163,0.0430523,0.0248934,0.0336659,0.0223282,0.0233734,0.014947,0.025865,0.032799,0.0763517,0.0437882,0.239388,0.120900134215,0.0140515541556741,0.0117899266779936,0.0449865218927052,0.0970644602763396,0.27368408332409,0.273662104315262,0.149074896064771,0.194344098879523,0.117174801962092,0.155261919371572,0.105738617501744,0.110415061503628,0.0720429356038241,0.121470419029505,0.151566893638849,0.320568605087376,0.197338279837093,1,0.985948445844326,0.988210073322006,0.955013478107295,0.90293553972366,0.72631591667591,0.726337895684738,0.850925103935229,0.805655901120477,0.882825198037908,0.844738080628428,0.894261382498256,0.889584938496372,0.927957064396176,0.878529580970495,0.848433106361151,0.679431394912624,0.802661720162906,0,1e+05,1405.15541556741,98764.7280627676,3233097.75576624,32.3309775576624,2023,"Males","B'Tselem historical average",42.6229724423376
0,1,0.0162701,0.00391606,0.00220238,0.0123377,0.0817571,0.0965623,0.0512727,0.0201885,0.0235196,0.0203404,0.0266084,0.0518694,0.0291989,0.0369433,0.024957,0.0460613,0.0613799,0.227997,0.116823828955,0.0160396208397783,0.0155425092028224,0.0109516010322962,0.0598426968962576,0.339412122831194,0.388923202587067,0.227235992782191,0.0960925870174933,0.111067350838072,0.0967806092395592,0.124743910340256,0.229576952986859,0.136062324484056,0.169098828154591,0.117456589725549,0.206524529251921,0.266070975350248,1,0.983960379160222,0.984457490797178,0.989048398967704,0.940157303103742,0.660587877168806,0.611076797412933,0.772764007217809,0.903907412982507,0.888932649161928,0.903219390760441,0.875256089659744,0.770423047013141,0.863937675515944,0.830901171845409,0.882543410274451,0.793475470748079,0.733929024649752,0,1e+05,1603.96208397784,98583.4189081711,3002079.5021755,30.020795021755,2023,"Males","B'Tselem historical average",44.933154978245
0,1,0.0174324,0.00706159,0.0078523,0.00505816,0.0377851,0.12546,0.03682,0.0298491,0.0250429,0.0377381,0.0126948,0.0380099,0.0286352,0.0228941,0.0261439,0.0533999,0.0587337,0.213753,0.11450451742,0.017167398687071,0.0278529872475649,0.0385056060735712,0.0249749813705765,0.172619397051202,0.477524454763445,0.168582024632572,0.138881761064522,0.117837046566358,0.17242319094454,0.0615214923958334,0.173557264344938,0.133611052008794,0.10827344245285,0.122699867345279,0.235553205900575,0.256068825987714,1,0.982832601312929,0.972147012752435,0.961494393926429,0.975025018629423,0.827380602948798,0.522475545236555,0.831417975367428,0.861118238935478,0.882162953433642,0.82757680905546,0.938478507604167,0.826442735655062,0.866388947991206,0.89172655754715,0.877300132654721,0.764446794099425,0.743931174012286,0,1e+05,1716.7398687071,98479.8346014949,3158788.74563626,31.5878874563626,2023,"Males","B'Tselem historical average",43.3660625436374
0,1,0.0145332,0.00443196,0.00262704,0.00657546,0.035798,0.130484,0.0729673,0.0436421,0.0209954,0.0278592,0.0112934,0.0130911,0.0348637,0.0178938,0.0276613,0.0426558,0.0660591,0.248437,0.12028972606,0.0143497385162523,0.017572082466781,0.0130494961292217,0.0323455822936288,0.164287123850958,0.49194320658116,0.308551140850541,0.196744628158599,0.0997417073915772,0.13022601827891,0.0549165145854517,0.0633811766944386,0.160343114405732,0.0856380257376396,0.129360781534359,0.192726719044458,0.283479498630109,1,0.985650261483748,0.982427917533219,0.986950503870778,0.967654417706371,0.835712876149042,0.50805679341884,0.691448859149459,0.803255371841401,0.900258292608423,0.86977398172109,0.945083485414548,0.936618823305561,0.839656885594268,0.91436197426236,0.870639218465641,0.807273280955542,0.716520501369891,0,1e+05,1434.97385162523,98737.63875989,3090139.94334065,30.9013994334065,2023,"Males","B'Tselem historical average",44.0525505665935
0,1,0.0214613,0.00748216,0.00136884,0.0212186,0.0545889,0.0852132,0.0527953,0.0567243,0.0183662,0.0149018,0.0230985,0.0378283,0.023512,0.0453712,0.031464,0.0581955,0.080991,0.220179,0.106465048915,0.0210574926422898,0.029487381388934,0.00682085834067238,0.100748637405851,0.240168204722993,0.351240238311736,0.23319720853993,0.2483962425472,0.0877996358214406,0.0718329011828823,0.109187340536542,0.172799702531792,0.111033453597537,0.2037455497796,0.145847625757885,0.25402039085936,0.336767216018595,1,0.97894250735771,0.970512618611066,0.993179141659328,0.899251362594149,0.759831795277007,0.648759761688264,0.76680279146007,0.7516037574528,0.912200364178559,0.928167098817118,0.890812659463458,0.827200297468208,0.888966546402463,0.7962544502204,0.854152374242115,0.74597960914064,0.663232783981405,0,1e+05,2105.74926422899,98118.4394341899,3039182.84894287,30.3918284894287,2023,"Males","B'Tselem historical average",44.5621215105713
0,1,0.014686,0.00339366,0.00887498,0.0150911,0.0463211,0.103433,0.052065,0.0381744,0.0168187,0.012571,0.0318968,0.0102831,0.0105018,0.0399781,0.0286201,0.0627534,0.0724469,0.217627,0.1199848213,0.0144986212268714,0.0134831257111979,0.043411704966638,0.0727122311222765,0.207568497209744,0.410910687221537,0.230342981650869,0.174242949839151,0.0807003140694024,0.0609398139956517,0.147705655610322,0.0501268514350213,0.0511656708935259,0.181727681445963,0.133545300372054,0.271217456208858,0.30668801086429,1,0.985501378773129,0.986516874288802,0.956588295033362,0.927287768877723,0.792431502790256,0.589089312778463,0.769657018349131,0.825757050160849,0.919299685930598,0.939060186004348,0.852294344389678,0.949873148564979,0.948834329106474,0.818272318554037,0.866454699627946,0.728782543791142,0.69331198913571,0,1e+05,1449.86212268713,98724.0993250131,3168264.94151677,31.6826494151677,2023,"Males","B'Tselem historical average",43.2713005848323
0,1,0.0157959,0.00202812,0.00136626,0.023847,0.0632401,0.0738542,0.0451908,0.0490836,0.0246612,0.0420501,0.0246178,0.0128223,0.0167051,0.0236801,0.0277012,0.0607618,0.0474942,0.236915,0.117770071345,0.0155787998320059,0.0080797067702104,0.0068080460973476,0.112526454121416,0.273033789605002,0.311716979611028,0.203017672422701,0.21859448886577,0.116145294178041,0.190250381121959,0.115952746210828,0.0621201906970626,0.0801770844657289,0.111782923011961,0.129535292395719,0.263744954551354,0.212267332179948,1,0.984421200167994,0.99192029322979,0.993191953902652,0.887473545878584,0.726966210394998,0.688283020388972,0.7969823275773,0.78140551113423,0.883854705821959,0.809749618878041,0.884047253789172,0.937879809302937,0.919822915534271,0.888217076988039,0.870464707604281,0.736255045448646,0.787732667820052,0,1e+05,1557.87998320059,98625.5916535679,3143558.49668926,31.4355849668926,2023,"Males","B'Tselem historical average",43.5183650331074
0,1,0.0190504,0.00258437,0.00239505,0.00952389,0.0306405,0.12133,0.0901301,0.028658,0.0311139,0.00881048,0.0175812,0.0120499,0.0114202,0.0280167,0.0269913,0.0438862,0.0464061,0.221783,0.11127587932,0.018733236011263,0.0102843230082941,0.0119039734708466,0.0465120117900814,0.142301989710675,0.465463334164541,0.367780309758572,0.133710323847916,0.144341901293371,0.0431030046000778,0.0842049402607206,0.0584875763833458,0.0555159907073109,0.130914050783533,0.126425526702769,0.19773626663771,0.207909793347358,1,0.981266763988737,0.989715676991706,0.988096026529153,0.953487988209919,0.857698010289325,0.534536665835459,0.632219690241428,0.866289676152084,0.85565809870663,0.956896995399922,0.91579505973928,0.941512423616654,0.944484009292689,0.869085949216468,0.873574473297231,0.80226373336229,0.792090206652642,0,1e+05,1873.32360112629,98335.1321298399,3177890.307411,31.77890307411,2023,"Males","B'Tselem historical average",43.1750469258901
0,1,0.0161212,0.00368902,0.00137539,0.00896463,0.0567781,0.10476,0.0651994,0.0415678,0.0277632,0.0248536,0.0305264,0.0279051,0.0128713,0.0193503,0.0295345,0.056079,0.0539859,0.244561,0.11712095146,0.0158949658430021,0.0146480064226931,0.00685338480767343,0.0438406128177882,0.248602549027635,0.415088358823996,0.280307326277721,0.188273692058162,0.129806397558275,0.116998420161675,0.14180965441376,0.130426582903546,0.062350180310426,0.092287044983633,0.137518639364242,0.245917922114371,0.23783073439065,1,0.984105034156998,0.985351993577307,0.993146615192327,0.956159387182212,0.751397450972365,0.584911641176004,0.719692673722279,0.811726307941838,0.870193602441725,0.883001579838326,0.85819034558624,0.869573417096454,0.937649819689574,0.907712955016367,0.862481360635758,0.754082077885629,0.76216926560935,0,1e+05,1589.49658430021,98596.6667679954,3071513.44040037,30.7151344040037,2023,"Males","B'Tselem historical average",44.2388155959963
0,1,0.0149606,0.00350628,0.00775884,0.0158713,0.0593062,0.0787682,0.0807093,0.0296367,0.0299436,0.0220215,0.0404507,0.0163648,0.0103727,0.0185115,0.0294217,0.0621612,0.0658771,0.244617,0.11943687073,0.0147660753739103,0.0139274529008854,0.0380560235064432,0.0763279408797866,0.258242540597101,0.329045245695098,0.335792546555683,0.137961677854802,0.139290827913243,0.104361981557812,0.18367867277768,0.0786079899165347,0.0505525830543796,0.0884635189236138,0.137029404895002,0.26900224423859,0.282808921065234,1,0.98523392462609,0.986072547099115,0.961943976493557,0.923672059120213,0.741757459402899,0.670954754304902,0.664207453444317,0.862038322145198,0.860709172086757,0.895638018442188,0.81632132722232,0.921392010083465,0.94944741694562,0.911536481076386,0.862970595104998,0.73099775576141,0.717191078934766,0,1e+05,1476.60753739103,98699.7538461713,3040204.85039671,30.4020485039671,2023,"Males","B'Tselem historical average",44.5519014960329
0,1,0.0155908,0.00184088,0.00428625,0.0103743,0.0573109,0.120267,0.0714779,0.0402264,0.0162085,0.0122796,0.0199386,0.0161995,0.044525,0.0319789,0.0253042,0.0473445,0.0606136,0.229333,0.11817933814,0.0153793601038157,0.00733650873559763,0.0212040355070201,0.0505601837152083,0.250643052680354,0.462327996970786,0.30320784919081,0.182753237879418,0.0778864439337495,0.0595692825936573,0.0949595964743417,0.0778448796790962,0.200326190877903,0.148057694484615,0.118993416947211,0.21166908277625,0.263186323634387,1,0.984620639896184,0.992663491264402,0.97879596449298,0.949439816284792,0.749356947319646,0.537672003029214,0.69679215080919,0.817246762120582,0.92211355606625,0.940430717406343,0.905040403525658,0.922155120320904,0.799673809122097,0.851942305515385,0.881006583052789,0.78833091722375,0.736813676365613,0,1e+05,1537.93601038157,98643.816249427,2995224.15899361,29.9522415899361,2023,"Males","B'Tselem historical average",45.0017084100639
0,1,0.0189121,0.00161137,0.00600717,0.0220888,0.033686,0.0803094,0.0593237,0.0446641,0.025014,0.0351777,0.0363018,0.0200938,0.0310612,0.031313,0.0429524,0.0436917,0.0626399,0.217918,0.111551850055,0.0185995820065297,0.00642477462183523,0.0295914478554652,0.104664231791983,0.155347417255803,0.334406946855506,0.258308900672881,0.200889165552155,0.117709063701431,0.161670508392319,0.16640683123471,0.0956633970794142,0.14411503517366,0.145198498538185,0.193936865451006,0.196946212877095,0.270793331919707,1,0.98140041799347,0.993575225378165,0.970408552144535,0.895335768208017,0.844652582744197,0.665593053144494,0.741691099327119,0.799110834447845,0.882290936298569,0.838329491607681,0.83359316876529,0.904336602920586,0.85588496482634,0.854801501461815,0.806063134548994,0.803053787122905,0.729206668080293,0,1e+05,1859.95820065297,98347.5235776548,3185683.88308434,31.8568388308434,2023,"Males","B'Tselem historical average",43.0971111691566
0,1,0.0166458,0.00266732,0.00396183,0.00691157,0.0570166,0.0837969,0.056182,0.0229989,0.0131862,0.0278268,0.040372,0.0554755,0.0303637,0.0193686,0.028136,0.0434285,0.0895835,0.21795,0.11607413839,0.016404430894399,0.010612665251443,0.0196148730190672,0.0339708698870371,0.249516538348935,0.346413546676302,0.24631397117817,0.108742126752575,0.0638269138707924,0.130084417338979,0.183354073374329,0.243593782761093,0.141107161222008,0.092370291910267,0.131434871162434,0.195875998047036,0.365958003078127,1,0.983595569105601,0.989387334748557,0.980385126980933,0.966029130112963,0.750483461651065,0.653586453323698,0.75368602882183,0.891257873247425,0.936173086129208,0.869915582661021,0.816645926625671,0.756406217238907,0.858892838777992,0.907629708089733,0.868565128837566,0.804124001952964,0.634041996921873,0,1e+05,1640.4430894399,98549.9699287447,3264142.94107177,32.6414294107177,2023,"Males","B'Tselem historical average",42.3125205892823
0,1,0.0158352,0.00126308,0.00203503,0.00699742,0.0267435,0.132399,0.0788655,0.0451628,0.0212912,0.0237384,0.0186883,0.0155708,0.0329788,0.0220872,0.042805,0.0490327,0.101694,0.249097,0.11769165016,0.0156170065374363,0.00503958919136833,0.010123645195793,0.0343855742377925,0.125337585692576,0.497367575821893,0.329384764615534,0.202904645221928,0.101075930377848,0.112042713145658,0.0892707056777082,0.0749369301211731,0.1523344791939,0.1046570471694,0.19333566694143,0.218392558047554,0.405402496342392,1,0.984382993462564,0.994960410808632,0.989876354804207,0.965614425762208,0.874662414307424,0.502632424178107,0.670615235384466,0.797095354778072,0.898924069622152,0.887957286854342,0.910729294322292,0.925063069878827,0.8476655208061,0.8953429528306,0.80666433305857,0.781607441952446,0.594597503657608,0,1e+05,1561.70065374364,98622.0984732514,3119864.26556659,31.1986426556659,2023,"Males","B'Tselem historical average",43.7553073443341
0,1,0.0202216,0.00115871,0.00281744,0.010285,0.0579098,0.103358,0.0560591,0.0309044,0.0191957,0.0213486,0.00957149,0.0114688,0.0192077,0.0171659,0.0340793,0.0445545,0.0540387,0.212827,0.10893880828,0.0198636826001253,0.00462412396264648,0.0139886694081567,0.050135881155782,0.252931035762938,0.410673913993619,0.24584138327686,0.143439704955438,0.0915834775976948,0.101334619362684,0.0467390442630663,0.0557456604243141,0.0916381068382093,0.0822977141707891,0.157018775140856,0.200445614654671,0.23803565643193,1,0.980136317399875,0.995375876037354,0.986011330591843,0.949864118844218,0.747068964237062,0.589326086006381,0.75415861672314,0.856560295044562,0.908416522402305,0.898665380637315,0.953260955736934,0.944254339575686,0.908361893161791,0.917702285829211,0.842981224859144,0.799554385345329,0.76196434356807,0,1e+05,1986.36826001253,98230.0243310385,3261814.9048175,32.618149048175,2023,"Males","B'Tselem historical average",42.335800951825
0,1,0.0149457,0.00182649,0.00178051,0.0221116,0.0631143,0.081662,0.0784421,0.0135034,0.0237449,0.0244529,0.0215974,0.00930875,0.0440522,0.0321975,0.0461914,0.0571629,0.0467435,0.297151,0.119466602935,0.0147515666102253,0.00727936861204756,0.0088630979138336,0.104766606745704,0.272564677877578,0.3390842541035,0.327906344362254,0.0653121594647106,0.112071673310994,0.115220793638116,0.102455091041833,0.0454852235628972,0.198410006751459,0.148994383354832,0.2070474688665,0.250076723198667,0.209263257327751,1,0.985248433389775,0.992720631387952,0.991136902086166,0.895233393254296,0.727435322122422,0.6609157458965,0.672093655637746,0.934687840535289,0.887928326689006,0.884779206361884,0.897544908958167,0.954514776437103,0.801589993248542,0.851005616645168,0.7929525311335,0.749923276801333,0.790736742672249,0,1e+05,1475.15666102254,98701.0752940668,3097547.61909506,30.9754761909506,2023,"Males","B'Tselem historical average",43.9784738090494
0,1,0.0140013,0.00551289,0.00409109,0.00977348,0.0677512,0.092708,0.0539789,0.0457301,0.021324,0.0412297,0.014493,0.00937847,0.0189491,0.0260512,0.0291477,0.0550011,0.0570447,0.286805,0.121351105915,0.0138311461042642,0.0218110758758298,0.0202483553893752,0.0477018668948513,0.289689048365883,0.376320254592984,0.23780356311714,0.205191886300701,0.101223761285851,0.186885424983858,0.069931217173752,0.0458180910197842,0.0904601537513746,0.122291405352221,0.135839945081845,0.241762492442326,0.249624161487924,1,0.986168853895736,0.97818892412417,0.979751644610625,0.952298133105149,0.710310951634117,0.623679745407016,0.76219643688286,0.794808113699299,0.898776238714149,0.813114575016142,0.930068782826248,0.954181908980216,0.909539846248625,0.877708594647779,0.864160054918155,0.758237507557674,0.750375838512076,0,1e+05,1383.11461042643,98784.727877156,3067269.11033468,30.6726911033468,2023,"Males","B'Tselem historical average",44.2812588966532
0,1,0.0159966,0.00531512,0.00239028,0.00289373,0.06113,0.0499634,0.0993684,0.0340907,0.0178019,0.0250193,0.0475197,0.0206552,0.0389226,0.0457294,0.0345466,0.0779399,0.0832041,0.222252,0.11736958453,0.0157738871356449,0.021036853201622,0.011880406256334,0.0143647308683607,0.265131307874135,0.222077617868475,0.397976323692088,0.157067175131833,0.085216941330329,0.117732535910722,0.212369198495619,0.0982048956009577,0.177355187452184,0.20518906762713,0.159000668743007,0.326149375685102,0.344384908985665,1,0.984226112864355,0.978963146798378,0.988119593743666,0.985635269131639,0.734868692125865,0.777922382131525,0.602023676307912,0.842932824868167,0.914783058669671,0.882267464089278,0.787630801504381,0.901795104399042,0.822644812547816,0.79481093237287,0.840999331256993,0.673850624314898,0.655615091014335,0,1e+05,1577.38871356449,98607.7487443889,3197391.53134292,31.9739153134292,2023,"Males","B'Tselem historical average",42.9800346865708
0,1,0.0141621,0.00338288,0.00331475,0.0077854,0.0526663,0.0883133,0.054022,0.0291042,0.021192,0.0347738,0.0345329,0.0328172,0.025392,0.0375995,0.0241614,0.0530818,0.0472613,0.286812,0.121030237555,0.0139879768573549,0.013440584232821,0.0164375342087042,0.0381838094252516,0.23269370836751,0.361707534896141,0.237970847227667,0.135650967760278,0.10062869190298,0.159962720844724,0.158942625518114,0.151644620407877,0.119381652687404,0.171844346257251,0.113925501000327,0.234314421810808,0.211336415647855,1,0.986012023142645,0.986559415767179,0.983562465791296,0.961816190574748,0.76730629163249,0.638292465103859,0.762029152772333,0.864349032239722,0.89937130809702,0.840037279155276,0.841057374481886,0.848355379592123,0.880618347312596,0.828155653742749,0.886074498999673,0.765685578189192,0.788663584352145,0,1e+05,1398.7976857355,98770.4991304605,3248222.98332659,32.4822298332659,2023,"Males","B'Tselem historical average",42.4717201667341
0,1,0.0154729,0.00235376,0.00480914,0.0185092,0.0669564,0.0878217,0.0422472,0.0308582,0.020574,0.00805021,0.0301945,0.00782158,0.020655,0.0384916,0.0277982,0.0723937,0.0535337,0.217975,0.118414601695,0.0152646793522941,0.00937092617760042,0.0237600366434414,0.0884530136971899,0.286777951860174,0.360056553449754,0.191056947336241,0.143240629979887,0.097837717024828,0.0394569580052416,0.140376039210171,0.0383578524706809,0.0982039913943731,0.175563682405775,0.129959406093808,0.30649731357552,0.236073747110744,1,0.984735320647706,0.9906290738224,0.976239963356559,0.91154698630281,0.713222048139826,0.639943446550246,0.808943052663759,0.856759370020113,0.902162282975172,0.960543041994758,0.859623960789829,0.961642147529319,0.901796008605627,0.824436317594225,0.870040593906192,0.69350268642448,0.763926252889256,0,1e+05,1526.46793522942,98654.288157321,3210865.72586181,32.1086572586181,2023,"Males","B'Tselem historical average",42.8452927413819
0,1,0.0137375,0.00300156,0.00582285,0.0091763,0.0449025,0.110623,0.0401568,0.0495942,0.0302751,0.0244745,0.012211,0.0570292,0.0204604,0.0241458,0.0309663,0.0654685,0.0860833,0.245014,0.121877505625,0.0135737569497436,0.0119345951929056,0.0286965112979715,0.044852548889073,0.201853215030259,0.433286397204983,0.182465884884659,0.220617614729016,0.14072438772311,0.115316703359095,0.0592463568415205,0.249564798047915,0.0973237907779187,0.113856131547218,0.14370636404749,0.281301527385849,0.354191555233434,1,0.986426243050256,0.988065404807094,0.971303488702028,0.955147451110927,0.798146784969741,0.566713602795017,0.817534115115341,0.779382385270984,0.85927561227689,0.884683296640905,0.94075364315848,0.750435201952085,0.902676209222081,0.886143868452782,0.85629363595251,0.718698472614151,0.645808444766566,0,1e+05,1357.37569497435,98808.0578689251,3127755.12953625,31.2775512953625,2023,"Males","B'Tselem historical average",43.6763987046375
0,1,0.0171201,0.00376663,0.00144706,0.00174753,0.0446781,0.134254,0.0572972,0.0228851,0.0222299,0.012391,0.0188993,0.0189995,0.0235299,0.02062,0.0321924,0.0516185,0.065354,0.215961,0.115127696455,0.0168646162034798,0.0149538686196821,0.00720921956683404,0.00869964278311804,0.200945807765213,0.502584912794289,0.250590644333707,0.108233182015635,0.105297611561853,0.0600934549978055,0.0902331419508221,0.09068984569194,0.111113288577737,0.0980457419999049,0.148972540933158,0.228593381360595,0.280878642925601,1,0.98313538379652,0.985046131380318,0.992790780433166,0.991300357216882,0.799054192234787,0.497415087205711,0.749409355666293,0.891766817984365,0.894702388438147,0.939906545002195,0.909766858049178,0.90931015430806,0.888886711422263,0.901954258000095,0.851027459066842,0.771406618639405,0.719121357074399,0,1e+05,1686.46162034798,98507.6968211624,3234353.4372646,32.343534372646,2023,"Males","B'Tselem historical average",42.610415627354
0,1,0.0139664,0.00419251,0.00776128,0.0193337,0.0316569,0.102522,0.0811685,0.0465746,0.0152906,0.039272,0.0102495,0.0263806,0.0307942,0.0402227,0.0350727,0.0504915,0.0543222,0.234177,0.12142074712,0.0137971014350713,0.016630592152192,0.0380677635699005,0.092211525093261,0.146676214373036,0.408029897198531,0.337380772016456,0.208585978692026,0.0736380741581919,0.178804931796245,0.0499671541342524,0.123742027662609,0.142964784576951,0.182737964216748,0.161226847834856,0.224161832132238,0.239135133612225,1,0.986202898564929,0.983369407847808,0.9619322364301,0.907788474906739,0.853323785626964,0.59197010280147,0.662619227983544,0.791414021307974,0.926361925841808,0.821195068203755,0.950032845865748,0.87625797233739,0.857035215423049,0.817262035783252,0.838773152165144,0.775838167867762,0.760864866387775,0,1e+05,1379.71014350712,98787.8152929265,3010851.62840053,30.1085162840053,2023,"Males","B'Tselem historical average",44.8454337159947
0,1,0.0179051,0.00711165,0.00151109,0.0110927,0.0536011,0.0550159,0.0540991,0.0559969,0.0419977,0.0154686,0.0149182,0.033013,0.0129266,0.0219447,0.0338663,0.0512773,0.0525317,0.223297,0.113561268205,0.0176253543565738,0.0280476695812451,0.0075270150072318,0.0539669033286166,0.236335846628238,0.241819681466076,0.238270016390695,0.245602108259947,0.19003583050319,0.0744633890503398,0.0719091136517993,0.152480410518853,0.0626096744554601,0.1040169481925,0.156113991798856,0.227254063078289,0.232168044802165,1,0.982374645643426,0.971952330418755,0.992472984992768,0.946033096671383,0.763664153371762,0.758180318533924,0.761729983609305,0.754397891740053,0.80996416949681,0.92553661094966,0.928090886348201,0.847519589481147,0.93739032554454,0.8959830518075,0.843886008201144,0.772745936921711,0.767831955197835,0,1e+05,1762.53543565738,98437.6203236721,3338034.87967311,33.3803487967311,2023,"Males","B'Tselem historical average",41.5736012032689
0,1,0.0138923,0.00158869,0.00289662,0.00486242,0.0650316,0.0955837,0.0511507,0.043819,0.0230605,0.019472,0.015354,0.0162357,0.0283781,0.0444942,0.0260782,0.0506522,0.0493761,0.237214,0.121568609965,0.0137248102064458,0.00633463246549678,0.0143789739412557,0.024020110337729,0.279686799778768,0.385741903940747,0.226756602616376,0.197463380341986,0.109017504588587,0.0928405233245604,0.0739321157374192,0.0780120494229591,0.132490899978314,0.200201487443481,0.122410393209509,0.224795085877757,0.219754010059725,1,0.986275189793554,0.993665367534503,0.985621026058744,0.975979889662271,0.720313200221232,0.614258096059253,0.773243397383624,0.802536619658014,0.890982495411413,0.90715947667544,0.926067884262581,0.921987950577041,0.867509100021686,0.799798512556519,0.877589606790491,0.775204914122243,0.780245989940275,0,1e+05,1372.48102064458,98794.3695892385,3216472.95017405,32.1647295017405,2023,"Males","B'Tselem historical average",42.7892204982595
0,1,0.0215456,0.00193821,0.00596225,0.0180607,0.0233576,0.121411,0.0545384,0.0299522,0.0205631,0.0394332,0.0161033,0.0114202,0.018918,0.0304349,0.0331818,0.043352,0.0992905,0.298339,0.10629683248,0.0211385690119814,0.00772290278518545,0.0293734208045206,0.0864022856011101,0.110344540879861,0.465701720907307,0.239972684376061,0.139328046233977,0.0977884174812293,0.179473012052799,0.0774004916567593,0.0555159907073109,0.0903183916661495,0.141414648301055,0.153200342211977,0.195564698027752,0.397726373724315,1,0.978861430988019,0.992277097214814,0.970626579195479,0.91359771439889,0.889655459120139,0.534298279092693,0.760027315623939,0.860671953766023,0.902211582518771,0.820526987947201,0.922599508343241,0.944484009292689,0.909681608333851,0.858585351698945,0.846799657788023,0.804435301972248,0.602273626275685,0,1e+05,2113.85690119815,98110.8393917152,3189655.48401813,31.8965548401813,2023,"Males","B'Tselem historical average",43.0573951598187
0,1,0.0138343,0.00109554,0.00192508,0.0228305,0.0448496,0.0772111,0.0462205,0.0386828,0.0161626,0.0385679,0.0243146,0.013862,0.0200856,0.0267468,0.0522025,0.057931,0.0418944,0.240052,0.121684346065,0.0136682190793824,0.00437257932888407,0.00957929771389235,0.107988898624863,0.201639385536145,0.323593059759088,0.207164395181306,0.176358863397425,0.0776744474395344,0.175881089336452,0.114606473592943,0.066988513079239,0.0956262247503842,0.125352082312041,0.230881076508865,0.253011916642464,0.18961272195348,1,0.986331780920618,0.995627420671116,0.990420702286108,0.892011101375137,0.798360614463855,0.676406940240912,0.792835604818694,0.823641136602575,0.922325552560466,0.824118910663548,0.885393526407057,0.933011486920761,0.904373775249616,0.874647917687959,0.769118923491135,0.746988083357536,0.81038727804652,0,1e+05,1366.82190793823,98799.4989221166,3345794.78594891,33.4579478594891,2023,"Males","B'Tselem historical average",41.496002140511
0,1,0.0143806,0.00425488,0.00478272,0.0143107,0.0290328,0.124804,0.0477931,0.0219547,0.0310008,0.0340813,0.0244331,0.0605402,0.0140585,0.0219313,0.0324905,0.0577143,0.0686957,0.30033,0.12059423173,0.0142010086119131,0.0168759100556449,0.0236310482819029,0.0690819715735075,0.135340701223776,0.475621374837082,0.213460636173268,0.104061881524249,0.143854953401479,0.15702726655122,0.115132867818273,0.262909513653748,0.0679058635434365,0.103956734188717,0.150248386958789,0.252184823589737,0.293135610162415,1,0.985798991388087,0.983124089944355,0.976368951718097,0.930918028426493,0.864659298776224,0.524378625162918,0.786539363826732,0.895938118475751,0.856145046598521,0.84297273344878,0.884867132181727,0.737090486346252,0.932094136456563,0.896043265811283,0.849751613041211,0.747815176410263,0.706864389837585,0,1e+05,1420.10086119131,98751.1551111432,3130326.85092176,31.3032685092176,2023,"Males","B'Tselem historical average",43.6506814907824
0,1,0.01498,0.00404118,0.00361834,0.0105358,0.0506391,0.116335,0.044427,0.02534,0.0360358,0.013566,0.0179128,0.0329326,0.0102083,0.032106,0.0421438,0.0439138,0.0400233,0.240737,0.119398159,0.0147849653773977,0.016035118400445,0.0179295123209713,0.0513270706233171,0.224743480980678,0.450618300134603,0.199929347226879,0.119151737433583,0.165288263027944,0.0656050062142439,0.0857250603475175,0.152137307285245,0.0497712991180334,0.14860242625652,0.190633906887307,0.197848321002861,0.181914457711671,1,0.985215034622602,0.983964881599555,0.982070487679029,0.948672929376683,0.775256519019322,0.549381699865398,0.800070652773121,0.880848262566417,0.834711736972056,0.934394993785756,0.914274939652483,0.847862692714755,0.950228700881967,0.85139757374348,0.809366093112693,0.802151678997139,0.818085542288329,0,1e+05,1478.49653773977,98698.0332269542,3176653.83067471,31.7665383067471,2023,"Males","B'Tselem historical average",43.1874116932529
0,1,0.0144358,0.0093535,0.00557862,0.0234083,0.0369671,0.113748,0.0438644,0.0390846,0.0304795,0.0216872,0.0324114,0.0123718,0.038207,0.0230607,0.0239289,0.0615048,0.0395141,0.271047,0.12048408289,0.0142548135336574,0.0367269489656987,0.0275094382440573,0.110570813089871,0.169198550646033,0.442816322399309,0.197647750078628,0.178027651163352,0.141607207776445,0.102859180928423,0.149910016248415,0.06000313309494,0.174378775327642,0.109018398541864,0.11289110037084,0.266540239668146,0.179808110820563,1,0.985745186466343,0.963273051034301,0.972490561755943,0.889429186910129,0.830801449353967,0.557183677600691,0.802352249921372,0.821972348836648,0.858392792223555,0.897140819071577,0.850089983751585,0.93999686690506,0.825621224672358,0.890981601458136,0.88710889962916,0.733459760331854,0.820191889179437,0,1e+05,1425.48135336574,98746.2664601713,3013332.69283821,30.1333269283821,2023,"Males","B'Tselem historical average",44.8206230716179
0,1,0.0136794,0.00301612,0.00392468,0.0173085,0.0654741,0.0940088,0.0532632,0.039992,0.022434,0.0210269,0.027051,0.0399543,0.0280549,0.0374783,0.0506089,0.0480304,0.0774694,0.276987,0.12199344127,0.0135170520551238,0.0119921405302081,0.0194327318647625,0.0829530191692717,0.281322204608162,0.380595649308271,0.235021065023589,0.181785123365879,0.106213041563889,0.0998838791535648,0.126687444825091,0.18162931922702,0.131080849676058,0.171337869786913,0.224624502534238,0.214406879533175,0.324499957484186,1,0.986482947944876,0.988007859469792,0.980567268135238,0.917046980830728,0.718677795391838,0.619404350691729,0.764978934976411,0.818214876634121,0.893786958436111,0.900116120846435,0.873312555174909,0.81837068077298,0.868919150323942,0.828662130213087,0.775375497465763,0.785593120466826,0.675500042515814,0,1e+05,1351.70520551238,98813.1939640906,3002423.47991965,30.0242347991965,2023,"Males","B'Tselem historical average",44.9297152008035
0,1,0.0190567,0.00244756,0.00264936,0.01374,0.0550921,0.0871884,0.0682699,0.0173322,0.0185895,0.0393107,0.0261719,0.0470054,0.0141999,0.0215076,0.0286966,0.0481148,0.0426972,0.210832,0.111263307985,0.018739323536016,0.00974254905327832,0.0131596384506857,0.0664185237105428,0.242114068778605,0.357924778176163,0.291583550426794,0.0830618869092775,0.0888197147802322,0.178965365514657,0.122823208193689,0.210312448127025,0.0685654438834968,0.102050828976749,0.133878365258787,0.214743186344214,0.19289573098723,1,0.981260676463984,0.990257450946722,0.986840361549314,0.933581476289457,0.757885931221395,0.642075221823837,0.708416449573205,0.916938113090722,0.911180285219768,0.821034634485343,0.877176791806311,0.789687551872975,0.931434556116503,0.897949171023251,0.866121634741213,0.785256813655786,0.80710426901277,0,1e+05,1873.9323536016,98334.5675590002,3185914.05580062,31.8591405580062,2023,"Males","B'Tselem historical average",43.0948094419939
0,1,0.0138289,0.0021476,0.00458293,0.0271297,0.042977,0.0901227,0.0605268,0.0330734,0.0326183,0.0281295,0.0267806,0.0663541,0.0162699,0.0511821,0.0244093,0.0500711,0.0712826,0.221022,0.121695121495,0.0136629499420649,0.00855366031820126,0.0226550833471892,0.127032608596405,0.194037162200295,0.367755666081167,0.262858969336855,0.152738080888829,0.150794823057647,0.13140650200465,0.125500549931276,0.284565312066518,0.0781699565594342,0.226880011418893,0.115027168349044,0.222503066737678,0.302504696757317,1,0.986337050057935,0.991446339681799,0.977344916652811,0.872967391403595,0.805962837799705,0.632244333918833,0.737141030663145,0.847261919111171,0.849205176942353,0.86859349799535,0.874499450068724,0.715434687933482,0.921830043440566,0.773119988581107,0.884972831650956,0.777496933262322,0.697495303242683,0,1e+05,1366.29499420649,98799.9764411115,3025269.35092296,30.2526935092297,2023,"Males","B'Tselem historical average",44.7012564907704
0,1,0.0201807,0.00156013,0.0125724,0.00962528,0.0567933,0.0921651,0.063655,0.0489765,0.0363726,0.036732,0.0154711,0.0125152,0.0464888,0.0252373,0.0422184,0.047641,0.109208,0.226514,0.109020422185,0.0198242482884227,0.00622110852391716,0.0609463938935324,0.0469955369942011,0.248660827555921,0.37452919762088,0.274579159073018,0.218169547849386,0.166704325615311,0.168213000192338,0.0744749755157459,0.0606775217010185,0.208241729691764,0.118697489613446,0.190939137765412,0.212853603669012,0.428932774033401,1,0.980175751711577,0.993778891476083,0.939053606106468,0.953004463005799,0.751339172444079,0.62547080237912,0.725420840926982,0.781830452150614,0.833295674384689,0.831786999807662,0.925525024484254,0.939322478298981,0.791758270308236,0.881302510386554,0.809060862234588,0.787146396330988,0.571067225966599,0,1e+05,1982.42482884227,98233.6999629481,2944202.74858223,29.4420274858223,2023,"Males","B'Tselem historical average",45.5119225141777
0,1,0.0143073,0.00516475,0.00175971,0.0067514,0.0421008,0.077863,0.0764615,0.04594,0.0354511,0.0340412,0.0412237,0.0424733,0.0337793,0.0277663,0.0318238,0.047935,0.0488866,0.216403,0.120740498215,0.0141295526373365,0.0204477846088825,0.00876001229690255,0.0331966896733484,0.190457922718077,0.325880011635134,0.320955628104264,0.20603668654976,0.162824712120374,0.156856998828683,0.186860769265114,0.19198130147062,0.155744176819871,0.129819950753484,0.147392524450945,0.214026588679161,0.217812694787503,1,0.985870447362663,0.979552215391117,0.991239987703097,0.966803310326652,0.809542077281923,0.674119988364866,0.679044371895736,0.79396331345024,0.837175287879626,0.843143001171317,0.813139230734886,0.80801869852938,0.844255823180129,0.870180049246516,0.852607475549055,0.785973411320839,0.782187305212497,0,1e+05,1412.95526373365,98757.6456587651,3162948.07950633,31.6294807950633,2023,"Males","B'Tselem historical average",43.3244692049367
0,1,0.0149337,0.00136742,0.00269545,0.00661461,0.0677392,0.130765,0.0538508,0.0446678,0.0242807,0.0182317,0.0154658,0.0223551,0.0141583,0.0245334,0.0355088,0.0560141,0.055083,0.237328,0.119490548335,0.0147398814080613,0.00545476209842275,0.0133870397592026,0.0325350336034409,0.289645169786924,0.492741608809925,0.237306180797742,0.200904135626641,0.114455830774296,0.0871846873395776,0.0744504120435424,0.105859263922704,0.0683714415478333,0.115578185367747,0.163068117108081,0.24566828087114,0.242078917472197,1,0.985260118591939,0.994545237901577,0.986612960240797,0.967464966396559,0.710354830213076,0.507258391190075,0.762693819202258,0.799095864373359,0.885544169225704,0.912815312660422,0.925549587956458,0.894140736077296,0.931628558452167,0.884421814632253,0.836931882891919,0.75433171912886,0.757921082527803,0,1e+05,1473.98814080613,98702.1395103781,2979292.79571556,29.7929279571556,2023,"Males","B'Tselem historical average",45.1610220428444
0,1,0.0145576,0.00195379,0.00702935,0.00999276,0.0306622,0.117494,0.0746019,0.0270421,0.0351847,0.0121401,0.028714,0.0129337,0.0315106,0.0249298,0.0351477,0.0493738,0.0774308,0.230463,0.12024103708,0.0143735158090444,0.00778474050370254,0.0345397696750861,0.0487460315152882,0.142395594505392,0.45408835657998,0.314376743961623,0.126648403049723,0.161700078150725,0.0589124911650189,0.133954104601203,0.0626429860289921,0.146047860701452,0.117336087043083,0.161543770080825,0.219744898345208,0.324364494289015,1,0.985626484190956,0.992215259496297,0.965460230324914,0.951253968484712,0.857604405494608,0.54591164342002,0.685623256038377,0.873351596950277,0.838299921849275,0.941087508834981,0.866045895398797,0.937357013971008,0.853952139298548,0.882663912956917,0.838456229919175,0.780255101654792,0.675635505710985,0,1e+05,1437.35158090445,98735.4770638321,3151097.60519152,31.5109760519152,2023,"Males","B'Tselem historical average",43.4429739480848
0,1,0.0157499,0.00604661,0.00248736,0.0299313,0.0596948,0.0639305,0.0548367,0.0577069,0.0316664,0.0249439,0.0108265,0.038357,0.0153961,0.0447679,0.0278635,0.0549844,0.0644971,0.212658,0.117861862045,0.0155340759570957,0.0238974429647894,0.0123599409432386,0.139237594471489,0.259714923901684,0.275603781169809,0.241126980298643,0.252156565697393,0.146717001832897,0.117398555432847,0.0527059476445653,0.175003478899618,0.0741273208872207,0.201309042311732,0.130244809384301,0.241697957116771,0.277707223575777,1,0.984465924042904,0.976102557035211,0.987640059056761,0.860762405528511,0.740285076098316,0.724396218830191,0.758873019701356,0.747843434302607,0.853282998167103,0.882601444567153,0.947294052355435,0.824996521100382,0.925872679112779,0.798690957688268,0.869755190615699,0.758302042883229,0.722292776424223,0,1e+05,1553.40759570956,98629.6799160356,3026133.11753995,30.2613311753995,2023,"Males","B'Tselem historical average",44.6926188246005
0,1,0.0159948,0.00413968,0.00398542,0.0335461,0.0503817,0.11246,0.0533977,0.0296323,0.0156338,0.0177625,0.0223877,0.0268578,0.0347273,0.018604,0.0241302,0.0489197,0.0961113,0.228941,0.11737317634,0.0157721377985425,0.0164227501394058,0.019730514036868,0.154752170530423,0.223728894846305,0.43890254849159,0.235544644359687,0.137942608132582,0.0752287229768128,0.0850363543879597,0.106005454230793,0.125839565307229,0.159765903820625,0.0888859160447583,0.113786756991131,0.217944100025016,0.387458620676449,1,0.984227862201458,0.983577249860594,0.980269485963132,0.845247829469577,0.776271105153695,0.56109745150841,0.764455355640313,0.862057391867418,0.924771277023187,0.91496364561204,0.893994545769207,0.874160434692771,0.840234096179375,0.911114083955242,0.886213243008869,0.782055899974984,0.612541379323551,0,1e+05,1577.21377985425,98607.9088112545,2956601.51555507,29.5660151555507,2023,"Males","B'Tselem historical average",45.3879348444493
0,1,0.0154817,0.00175153,0.00339951,0.0255673,0.0416061,0.0950594,0.0558093,0.0278587,0.0376761,0.00878094,0.00800726,0.060151,0.0190506,0.0240716,0.0249223,0.0484167,0.0582389,0.244013,0.118397041735,0.0152732399388415,0.00698166281625489,0.0168543090198597,0.120156318401343,0.188430821041648,0.384032299962388,0.244880040841641,0.130223833242143,0.172164301409193,0.0429615920937997,0.0392505760804354,0.261440266347351,0.0909226713909967,0.113526112099938,0.117302857487122,0.215945124256077,0.254185753326485,1,0.984726760061159,0.993018337183745,0.98314569098014,0.879843681598657,0.811569178958352,0.615967700037612,0.755119959158359,0.869776166757857,0.827835698590807,0.9570384079062,0.960749423919565,0.738559733652649,0.909077328609003,0.886473887900062,0.882697142512878,0.784054875743923,0.745814246673515,0,1e+05,1527.32399388414,98653.5066487626,3176924.79781893,31.7692479781893,2023,"Males","B'Tselem historical average",43.1847020218108
0,1,0.0140559,0.00657037,0.00842229,0.00788534,0.0545802,0.124457,0.0563216,0.024787,0.018226,0.0488773,0.0165569,0.0379991,0.0352775,0.0259409,0.0369498,0.0448777,0.0851289,0.232128,0.121242154345,0.0138844035626228,0.0259406013028358,0.0412430477288593,0.0386644933107917,0.240134524116976,0.474612789990409,0.246850466863721,0.116703194777618,0.0871586175895329,0.217775770795271,0.0794940619156711,0.173512228678095,0.162091998782386,0.121805161232462,0.16912606436712,0.20175297615502,0.3509537362132,1,0.986115596437377,0.974059398697164,0.958756952271141,0.961335506689208,0.759865475883023,0.525387210009591,0.753149533136279,0.883296805222382,0.912841382410467,0.782224229204729,0.920505938084329,0.826487771321905,0.837908001217614,0.878194838767538,0.83087393563288,0.79824702384498,0.6490462637868,0,1e+05,1388.44035626228,98779.8971437105,2925763.7776576,29.257637776576,2023,"Males","B'Tselem historical average",45.696312223424
0,1,0.0146763,0.0016424,0.00262415,0.0182846,0.045123,0.0753496,0.0885731,0.032224,0.0380686,0.0258679,0.0245356,0.012372,0.0154735,0.0332979,0.0264025,0.06656,0.0605342,0.211373,0.120004177165,0.0144891711563386,0.00654809083123755,0.0130352339768988,0.0874265990189455,0.202743960658065,0.317028140972455,0.362578701119648,0.149107869993337,0.173802002700034,0.121483211108421,0.115587950692474,0.0600040739914446,0.0744860983913535,0.153695182921496,0.123838392129502,0.285322359396433,0.262886882233719,1,0.985510828843661,0.993451909168762,0.986964766023101,0.912573400981055,0.797256039341935,0.682971859027545,0.637421298880352,0.850892130006663,0.826197997299966,0.878516788891579,0.884412049307526,0.939995926008555,0.925513901608647,0.846304817078504,0.876161607870498,0.714677640603567,0.737113117766281,0,1e+05,1448.91711563386,98724.9589906081,3167339.85608174,31.6733985608174,2023,"Males","B'Tselem historical average",43.2805514391826
0,1,0.0147223,0.00558676,0.00118767,0.010765,0.07336,0.0753572,0.0607708,0.0543151,0.0354698,0.0260054,0.0503719,0.0264179,0.0258203,0.0226949,0.0286109,0.051434,0.0509831,0.234079,0.119912386465,0.014533984415698,0.0221001040454461,0.00592077019714988,0.0524143975265663,0.309954368767957,0.317055048287898,0.263778867931735,0.239107614957108,0.162903604337201,0.122089532198418,0.223690243552051,0.123906149343168,0.121273222530725,0.107381943808643,0.13350523750096,0.227869411696948,0.226097607648712,1,0.985466015584302,0.977899895954554,0.99407922980285,0.947585602473434,0.690045631232043,0.682944951712102,0.736221132068265,0.760892385042892,0.837096395662799,0.877910467801582,0.776309756447949,0.876093850656832,0.878726777469275,0.892618056191357,0.86649476249904,0.772130588303052,0.773902392351288,0,1e+05,1453.39844156979,98720.8820340434,2988037.71479235,29.8803771479235,2023,"Males","B'Tselem historical average",45.0735728520765
0,1,0.0148376,0.00660745,0.00680837,0.015864,0.0324199,0.0880346,0.0526658,0.0308339,0.0286648,0.0193779,0.058036,0.0273597,0.0211938,0.0424511,0.0267713,0.0422884,0.0614216,0.212217,0.11968231108,0.0146462930242746,0.0260850881683639,0.0334721234963774,0.0762941730950503,0.149946383133616,0.360771961660095,0.232691756258149,0.143135904579468,0.133739929194093,0.0924125949412213,0.253412395532229,0.128040617774676,0.100636808993865,0.191890584066804,0.125459701718461,0.191225453798924,0.266227675514107,1,0.985353706975725,0.973914911831636,0.966527876503623,0.92370582690495,0.850053616866384,0.639228038339905,0.767308243741851,0.856864095420532,0.866260070805907,0.907587405058779,0.746587604467771,0.871959382225324,0.899363191006135,0.808109415933196,0.874540298281539,0.808774546201076,0.733772324485893,0,1e+05,1464.62930242745,98710.6609173626,3229454.3449283,32.294543449283,2023,"Males","B'Tselem historical average",42.659406550717
0,1,0.021021,0.00167826,0.00309976,0.0280301,0.0536778,0.102291,0.0436346,0.0374346,0.0208472,0.0210723,0.0154636,0.0317322,0.0185745,0.0263474,0.0390141,0.0566654,0.058886,0.236934,0.10734364555,0.0206338161537212,0.00669058292460191,0.0153796171945128,0.130972564779907,0.23663401647601,0.407297761656092,0.196714142675075,0.171155185255122,0.0990725374910419,0.100088749604284,0.074440215701207,0.146999459387092,0.088751225886909,0.123595922011017,0.177735065912462,0.248170323392138,0.256647620541921,1,0.979366183846279,0.993309417075398,0.984620382805487,0.869027435220093,0.76336598352399,0.592702238343908,0.803285857324925,0.828844814744878,0.900927462508958,0.899911250395716,0.925559784298793,0.853000540612908,0.911248774113091,0.876404077988983,0.822264934087538,0.751829676607862,0.743352379458079,0,1e+05,2063.38161537211,98158.1092893828,3067657.05537684,30.6765705537684,2023,"Males","B'Tselem historical average",44.2773794462316
0,1,0.0153453,0.00465031,0.00595938,0.01247,0.0536394,0.112768,0.0653419,0.0358125,0.0392135,0.0164686,0.0396376,0.0310413,0.0233496,0.0184076,0.0477947,0.0469267,0.0411385,0.244616,0.118669221115,0.0151405350854058,0.0184298311438667,0.0293594891193301,0.0604650035154072,0.236484749781434,0.439840239640539,0.280833941667406,0.164348200200774,0.178562362040329,0.0790868747367749,0.180319426727832,0.144029354031737,0.110308832227549,0.087988841502879,0.213467019596257,0.209997299333425,0.186510585677741,1,0.984859464914594,0.981570168856133,0.97064051088067,0.939534996484593,0.763515250218566,0.560159760359461,0.719166058332594,0.835651799799226,0.821437637959671,0.920913125263225,0.819680573272168,0.855970645968263,0.889691167772451,0.912011158497121,0.786532980403743,0.790002700666575,0.813489414322259,0,1e+05,1514.05350854059,98665.6180420444,2927215.85064952,29.2721585064952,2023,"Males","B'Tselem historical average",45.6817914935048
0,1,0.0140737,0.00435112,0.00469294,0.0147425,0.0648905,0.0853318,0.0565725,0.0324952,0.0336538,0.012005,0.0153992,0.0180687,0.0366545,0.0228743,0.038721,0.042548,0.0420998,0.241967,0.121206635335,0.0139017647230767,0.0172543286906947,0.0231925963423034,0.0710923042610777,0.279164663506783,0.351643143927515,0.247813874028769,0.15026848852889,0.155210446674283,0.0582759917962161,0.0741416930990719,0.086438903462517,0.167887883899055,0.108184867228867,0.17651765016947,0.192286486437629,0.190453829655657,1,0.986098235276923,0.982745671309305,0.976807403657697,0.928907695738922,0.720835336493217,0.648356856072485,0.752186125971231,0.84973151147111,0.844789553325717,0.941724008203784,0.925858306900928,0.913561096537483,0.832112116100945,0.891815132771133,0.82348234983053,0.807713513562371,0.809546170344343,0,1e+05,1390.17647230766,98778.3221404226,3137459.39298033,31.3745939298033,2023,"Males","B'Tselem historical average",43.5793560701967
0,1,0.0220847,0.00118436,0.00352625,0.0166958,0.0336914,0.133647,0.0725519,0.0458658,0.0214,0.0283721,0.0154733,0.0199263,0.012632,0.0261112,0.0268729,0.0645536,0.0528545,0.235352,0.105221085385,0.0216567427545998,0.00472624484930056,0.0174771777548549,0.080134237014148,0.155370385486085,0.500881668968438,0.307064261089628,0.20573813914411,0.1015662078785,0.132464742685156,0.074485171489961,0.0949037962137642,0.061226468136257,0.122555802335165,0.125905860971732,0.277916692497916,0.233428176158126,1,0.9783432572454,0.995273755150699,0.982522822245145,0.919865762985852,0.844629614513915,0.499118331031562,0.692935738910372,0.79426186085589,0.8984337921215,0.867535257314844,0.925514828510039,0.905096203786236,0.938773531863743,0.877444197664835,0.874094139028268,0.722083307502084,0.766571823841874,0,1e+05,2165.67427545998,98062.2003223943,2985651.1540729,29.856511540729,2023,"Males","B'Tselem historical average",45.097438459271
0,1,0.0141907,0.00292987,0.00296142,0.00808285,0.0534043,0.074766,0.10205,0.0500576,0.0252708,0.0238003,0.0284928,0.0196116,0.0138671,0.0302292,0.036106,0.0427772,0.0964183,0.226354,0.120973167685,0.0140158660024189,0.0116512069565484,0.0146982805450705,0.0396137696058533,0.235570328733098,0.314959369457796,0.406533213823324,0.222449748654394,0.118845686089898,0.112318466976073,0.132990799378659,0.093475013560159,0.0670123331861846,0.140526026592337,0.165583596648521,0.193222234568537,0.388455864741489,1,0.985984133997581,0.988348793043452,0.98530171945493,0.960386230394147,0.764429671266902,0.685040630542204,0.593466786176676,0.777550251345606,0.881154313910102,0.887681533023927,0.867009200621341,0.906524986439841,0.932987666813815,0.859473973407663,0.834416403351479,0.806777765431463,0.611544135258511,0,1e+05,1401.58660024189,98767.9677705742,3086538.95916336,30.8653895916336,2023,"Males","B'Tselem historical average",44.0885604083664
0,1,0.0142158,0.0042376,0.00417543,0.0107348,0.0491267,0.131829,0.0423227,0.0322209,0.0208047,0.0201031,0.0490002,0.0121307,0.0150395,0.0271991,0.0346991,0.0555528,0.0599832,0.255121,0.12092308189,0.0140403409251324,0.0168079492683608,0.0206614736576145,0.052271197862952,0.218765439685505,0.495757094855677,0.19136571557372,0.149094594916627,0.0988805495756107,0.0957055541841991,0.218263599882584,0.0588682182618281,0.0724726200759205,0.127336878752788,0.159646523307732,0.243891816711477,0.260806046829536,1,0.985959659074868,0.983192050731639,0.979338526342385,0.947728802137048,0.781234560314495,0.504242905144323,0.80863428442628,0.850905405083373,0.901119450424389,0.904294445815801,0.781736400117416,0.941131781738172,0.92752737992408,0.872663121247212,0.840353476692268,0.756108183288523,0.739193953170464,0,1e+05,1404.03409251323,98765.7460370321,3060650.24303545,30.6065024303545,2023,"Males","B'Tselem historical average",44.3474475696455
0,1,0.0152282,0.00960251,0.00309675,0.0026323,0.0906937,0.0814163,0.0704394,0.0520609,0.0112792,0.0263774,0.0176954,0.0653803,0.0111806,0.0565319,0.0331869,0.0479359,0.0823375,0.220954,0.11890288831,0.0150265805098532,0.0376862743474321,0.0153647976571381,0.013075453708011,0.369655041424009,0.33823657404205,0.299462162395412,0.230326931614745,0.0548493578085155,0.123727946181012,0.0847287281593238,0.280975795494567,0.0543829159255082,0.247658049744169,0.153222084970714,0.214030177085605,0.341410319537668,1,0.984973419490147,0.962313725652568,0.984635202342862,0.986924546291989,0.630344958575991,0.66176342595795,0.700537837604588,0.769673068385255,0.945150642191484,0.876272053818988,0.915271271840676,0.719024204505433,0.945617084074492,0.752341950255831,0.846777915029286,0.785969822914395,0.658589680462332,0,1e+05,1502.65805098532,98676.0123314191,2867671.02831869,28.6767102831869,2023,"Males","B'Tselem historical average",46.2772397168131
0,1,0.0144814,0.00236035,0.00149868,0.0135471,0.0496133,0.110655,0.066928,0.0147831,0.0239486,0.0338229,0.0232039,0.0109256,0.0356734,0.0286256,0.0259928,0.0471275,0.0956199,0.215733,0.12039309037,0.0142992569303108,0.00939703939612272,0.00746542927613112,0.0655166001647696,0.220693204582694,0.433384574712869,0.286673748415173,0.0712811105370494,0.112978790353359,0.155929527924874,0.109658252204198,0.053175562680933,0.163762120891475,0.133569250180111,0.122033987428895,0.210801169688735,0.385859809099675,1,0.985700743069689,0.990602960603877,0.992534570723869,0.93448339983523,0.779306795417306,0.566615425287131,0.713326251584827,0.928718889462951,0.887021209646641,0.844070472075126,0.890341747795802,0.946824437319067,0.836237879108525,0.866430749819889,0.877966012571105,0.789198830311265,0.614140190900325,0,1e+05,1429.92569303108,98742.2274801524,3151641.46238114,31.5164146238114,2023,"Males","B'Tselem historical average",43.4375353761886
0,1,0.0168359,0.00942029,0.00408714,0.0192849,0.0597564,0.077787,0.0595227,0.030117,0.0234557,0.0306537,0.0139514,0.0404168,0.0143461,0.0226716,0.0295059,0.0736923,0.0533369,0.232455,0.115694803345,0.0165889228907388,0.0369843533322946,0.0202290030808701,0.091989480183999,0.259948094251651,0.325613714898061,0.259063154007408,0.140040965597733,0.110782308515389,0.142358930156643,0.067405980508823,0.183538865910656,0.0692469411441305,0.107277612217144,0.137394620190316,0.31113995308769,0.23530800162087,1,0.983411077109261,0.963015646667705,0.97977099691913,0.908010519816001,0.740051905748349,0.674386285101939,0.740936845992592,0.859959034402267,0.889217691484611,0.857641069843357,0.932594019491177,0.816461134089344,0.93075305885587,0.892722387782856,0.862605379809684,0.68886004691231,0.76469199837913,0,1e+05,1658.89228907388,98533.0329280811,3083841.87839619,30.8384187839619,2023,"Males","B'Tselem historical average",44.1155312160381
0,1,0.0149335,0.00285171,0.00165733,0.0156588,0.0497984,0.0940778,0.0501331,0.0507682,0.0188261,0.0292071,0.00907088,0.052003,0.0148482,0.0276065,0.0463958,0.051895,0.0445622,0.292043,0.119490947425,0.0147396866524862,0.011342150949432,0.00825245738699702,0.0753444892782253,0.221425420810745,0.380821805796577,0.222747893900715,0.225251914398576,0.0898993639603645,0.136097935006201,0.0443486957565887,0.230100242697504,0.0715837744987203,0.129121049376003,0.207868443206679,0.229677248033282,0.200476783676165,1,0.985260313347514,0.988657849050568,0.991747542613003,0.924655510721775,0.778574579189255,0.619178194203423,0.777252106099285,0.774748085601424,0.910100636039636,0.863902064993799,0.955651304243411,0.769899757302496,0.92841622550128,0.870878950623997,0.792131556793321,0.770322751966718,0.799523216323835,0,1e+05,1473.96866524863,98702.1572470367,3166522.01596551,31.6652201596551,2023,"Males","B'Tselem historical average",43.2887298403449
0,1,0.0176082,0.00377759,0.00426474,0.0241558,0.0388364,0.105092,0.0822476,0.0415604,0.0213531,0.0186065,0.0300191,0.0157034,0.0138949,0.0594109,0.0316786,0.0495402,0.0620544,0.212603,0.11415371731,0.0173377628271294,0.0149970545533794,0.0210987483103275,0.113900599732457,0.1769971679651,0.416130130748458,0.341101127304729,0.188243329791349,0.101354896878651,0.0888973295923499,0.13961751931484,0.0755509817817223,0.0671421658010282,0.25863948809225,0.146769378885124,0.220403870443622,0.268602138622638,1,0.982662237172871,0.985002945446621,0.978901251689672,0.886099400267543,0.8230028320349,0.583869869251542,0.658898872695271,0.811756670208651,0.898645103121349,0.91110267040765,0.86038248068516,0.924449018218278,0.932857834198972,0.74136051190775,0.853230621114876,0.779596129556378,0.731397861377362,0,1e+05,1733.77628271293,98464.1407249427,2965667.46519625,29.6566746519625,2023,"Males","B'Tselem historical average",45.2972753480375
0,1,0.0226557,0.00325923,0.00974772,0.0173052,0.0390166,0.0901732,0.0647743,0.043012,0.0128743,0.0452673,0.0185076,0.0466538,0.019785,0.0245109,0.0322572,0.0567017,0.0405246,0.220428,0.104081683435,0.0222049907233883,0.0129524897138995,0.0475791299094965,0.0829378593892432,0.177745442883025,0.367923827740888,0.27873443088398,0.194179841629572,0.0623642595337128,0.203326406408016,0.0884457056454889,0.208903629612017,0.0942625391569494,0.115478306917443,0.149250029843343,0.248309563988923,0.183983368919693,1,0.977795009276612,0.9870475102861,0.952420870090503,0.917062140610757,0.822254557116975,0.632076172259112,0.72126556911602,0.805820158370428,0.937635740466287,0.796673593591984,0.911554294354511,0.791096370387983,0.905737460843051,0.884521693082557,0.850749970156657,0.751690436011077,0.816016631080307,0,1e+05,2220.49907233883,98010.614209176,3068974.54298194,30.6897454298194,2023,"Males","B'Tselem historical average",44.2642045701806
0,1,0.0137348,0.00127251,0.00228949,0.00591635,0.0589067,0.0785419,0.0882582,0.0284294,0.0291732,0.0101958,0.0167099,0.0162247,0.044703,0.0402138,0.0331012,0.0628538,0.0996582,0.241576,0.12188289334,0.0135711219171315,0.00507711863154036,0.0113823008401239,0.0291505873069661,0.256726258300434,0.328255059797272,0.361522653382985,0.132714514923579,0.135950707080498,0.0497118693072918,0.0801991985311604,0.0779612550624699,0.201046541174672,0.182701223814428,0.152856653364156,0.271592455328227,0.398905491794191,1,0.986428878082868,0.99492288136846,0.988617699159876,0.970849412693034,0.743273741699566,0.671744940202728,0.638477346617015,0.867285485076421,0.864049292919502,0.950288130692708,0.91980080146884,0.92203874493753,0.798953458825328,0.817298776185572,0.847143346635844,0.728407544671773,0.60109450820581,0,1e+05,1357.11219171315,98808.2965687998,3215405.72478162,32.1540572478162,2023,"Males","B'Tselem historical average",42.7998927521838
0,1,0.0152669,0.002456,0.00269701,0.0144334,0.0739656,0.102911,0.0640581,0.021842,0.0411128,0.0234379,0.0344537,0.034296,0.0138825,0.0318228,0.0234745,0.0677789,0.0491154,0.216268,0.118825664395,0.0150642437348897,0.00977598038435206,0.0133947356599444,0.0696536524324536,0.312113790536697,0.409261280823048,0.276077930759101,0.103555359589609,0.186404928625966,0.110702891734538,0.15860700461292,0.15793836461768,0.0670842570053095,0.147388234247937,0.110866179663711,0.289790326156225,0.218720622806521,1,0.98493575626511,0.990224019615648,0.986605264340056,0.930346347567546,0.687886209463303,0.590738719176952,0.723922069240899,0.896444640410391,0.813595071374034,0.889297108265462,0.84139299538708,0.84206163538232,0.93291574299469,0.852611765752063,0.889133820336289,0.710209673843775,0.781279377193479,0,1e+05,1506.42437348898,98672.5775035517,2928198.38332751,29.2819838332751,2023,"Males","B'Tselem historical average",45.6719661667249
0,1,0.0220138,0.00196656,0.00484586,0.0217377,0.034793,0.13017,0.0661395,0.0455177,0.0165854,0.0241606,0.0221794,0.0145167,0.0137928,0.0254942,0.0305115,0.0588544,0.0563455,0.240189,0.10536256279,0.0215886256274085,0.00783542234367166,0.0239392839536509,0.103086349643392,0.160043974948999,0.49105004055303,0.283775565040079,0.204336213802504,0.0796254501477968,0.113921943716602,0.105070972198075,0.070041568892158,0.0666652488878492,0.11983336083077,0.141745342458912,0.256527560812319,0.246942283861679,1,0.978411374372592,0.992164577656328,0.976060716046349,0.896913650356608,0.839956025051001,0.50894995944697,0.716224434959921,0.795663786197496,0.920374549852203,0.886078056283398,0.894929027801925,0.929958431107842,0.933334751112151,0.88016663916923,0.858254657541088,0.743472439187681,0.753057716138321,0,1e+05,2158.86256274085,98068.6007295809,2973556.41794044,29.7355641794044,2023,"Males","B'Tselem historical average",45.2183858205956
0,1,0.0147237,0.00225506,0.00436728,0.020862,0.0421414,0.081594,0.0678372,0.0412494,0.0298799,0.0187028,0.0122501,0.0253302,0.0220855,0.0227155,0.0248332,0.0480376,0.0494454,0.21654,0.119909592835,0.0145353482375673,0.00897974029370655,0.0216005607575371,0.0991393853567202,0.190624085417018,0.338849736500039,0.290003445643057,0.186966373212066,0.139015106312251,0.0893368757027658,0.0594304282764273,0.119108400955305,0.104649413448223,0.107474175893716,0.116908000598823,0.214435574157169,0.220028506243473,1,0.985464651762433,0.991020259706293,0.978399439242463,0.90086061464328,0.809375914582982,0.661150263499961,0.709996554356943,0.813033626787934,0.860984893687749,0.910663124297234,0.940569571723573,0.880891599044695,0.895350586551777,0.892525824106284,0.883091999401177,0.785564425842831,0.779971493756528,0,1e+05,1453.53482375672,98720.7579451314,3230039.50994914,32.3003950994914,2023,"Males","B'Tselem historical average",42.6535549005086
0,1,0.015828,0.00371252,0.00273074,0.0263517,0.0524045,0.0934821,0.0413255,0.0295368,0.0197865,0.0440739,0.0176456,0.0100537,0.0335661,0.0218968,0.0275456,0.05672,0.0493249,0.216813,0.1177060174,0.0156100070452786,0.0147406302309103,0.0135611202661113,0.123614846616068,0.231670993546704,0.37886723753506,0.187279003819177,0.137528612216695,0.0942693488237473,0.198498042780717,0.0845003514941855,0.0490360165022289,0.15483729009256,0.103801687995737,0.128854559607209,0.248379751269925,0.219551153296868,1,0.984389992954721,0.98525936976909,0.986438879733889,0.876385153383932,0.768329006453296,0.62113276246494,0.812720996180823,0.862471387783305,0.905730651176253,0.801501957219283,0.915499648505814,0.950963983497771,0.84516270990744,0.896198312004263,0.871145440392791,0.751620248730075,0.780448846703132,0,1e+05,1561.00070452786,98622.7384715607,3158505.96624404,31.5850596624404,2023,"Males","B'Tselem historical average",43.3688903375596
0,1,0.0175532,0.00391686,0.0011185,0.0143928,0.0399177,0.0865677,0.0664833,0.054577,0.0319314,0.0184015,0.040746,0.0100176,0.0160597,0.0312388,0.0225445,0.0757142,0.0523596,0.327362,0.11426346706,0.0172844695283482,0.0155456596550471,0.00557690557777814,0.0694645273759583,0.181478035550741,0.355830031463248,0.285040429100034,0.240122135523795,0.147854034228584,0.0879609657231153,0.184895608808702,0.0488642438763604,0.0771990173525578,0.144879356866775,0.106708287529479,0.318318015312555,0.231495473954792,1,0.982715530471652,0.984454340344953,0.994423094422222,0.930535472624042,0.81852196444926,0.644169968536752,0.714959570899966,0.759877864476205,0.852145965771417,0.912039034276885,0.815104391191298,0.95113575612364,0.922800982647442,0.855120643133225,0.893291712470521,0.681681984687445,0.768504526045208,0,1e+05,1728.44695283481,98469.0513886254,3181258.75146457,31.8125875146457,2023,"Males","B'Tselem historical average",43.1413624853543
0,1,0.0237712,0.0054191,0.00256718,0.00640136,0.0451596,0.131359,0.0530489,0.030538,0.0211376,0.0288934,0.024007,0.0157511,0.0112674,0.0236183,0.0522796,0.046745,0.0486473,0.228423,0.105819103952,0.0232764417063235,0.0214439857931764,0.0127540451757642,0.0315026504832563,0.202891726922209,0.494426555304418,0.234186199326386,0.141859719699539,0.100383342641455,0.134734645019019,0.113238696530953,0.0757717778738288,0.0547935479447192,0.111507458483262,0.23118265780725,0.209269269941465,0.216862109724053,1,0.976723558293676,0.978556014206824,0.987245954824236,0.968497349516744,0.79710827307779,0.505573444695582,0.765813800673614,0.858140280300461,0.899616657358545,0.865265354980981,0.886761303469046,0.924228222126171,0.945206452055281,0.888492541516738,0.76881734219275,0.790730730058534,0.783137890275947,0,1e+05,2327.64417063235,97918.6650498231,3095811.10277766,30.9581110277766,2023,"Males","B'Tselem historical average",43.9958389722234
0,1,0.0156411,0.00559366,0.00288034,0.00312094,0.0466294,0.110095,0.0618108,0.0343194,0.022191,0.0200959,0.0184126,0.0367167,0.0177289,0.0197573,0.0367732,0.0505833,0.0635575,0.237101,0.118078967005,0.0154282790013087,0.0221270970842475,0.0142987369401048,0.0154838892765035,0.208805779467272,0.431664689910703,0.267688845735093,0.158037610109058,0.105123036729821,0.0956729165888075,0.088011689896528,0.168148825085004,0.084882324397474,0.0941367785622787,0.168385789237984,0.224523634142677,0.274216251489837,1,0.984571720998691,0.977872902915753,0.985701263059895,0.984516110723497,0.791194220532728,0.568335310089297,0.732311154264907,0.841962389890942,0.894876963270179,0.904327083411193,0.911988310103472,0.831851174914996,0.915117675602526,0.905863221437721,0.831614210762016,0.775476365857323,0.725783748510163,0,1e+05,1542.82790013087,98639.3476245831,3206820.74150036,32.0682074150036,2023,"Males","B'Tselem historical average",42.8857425849964
0,1,0.0173569,0.00230901,0.00572023,0.0151707,0.0353095,0.113812,0.046753,0.041796,0.0408351,0.0258976,0.0260211,0.0099126,0.0144646,0.021199,0.035821,0.0485799,0.0904142,0.215236,0.114655173895,0.017094215891904,0.00919358384592783,0.028197903762403,0.073081746857377,0.162227105082706,0.443010283917075,0.209301336532715,0.189209499406966,0.185262471159851,0.121614209612827,0.122158738147007,0.0483644562279862,0.0697989647366747,0.10066025797782,0.164384001688767,0.216594189797626,0.368725864789396,1,0.982905784108096,0.990806416154072,0.971802096237597,0.926918253142623,0.837772894917294,0.556989716082925,0.790698663467285,0.810790500593034,0.814737528840149,0.878385790387173,0.877841261852993,0.951635543772014,0.930201035263325,0.89933974202218,0.835615998311233,0.783405810202374,0.631274135210604,0,1e+05,1709.4215891904,98486.5724403781,3147168.96268163,31.4716896268163,2023,"Males","B'Tselem historical average",43.4822603731837
0,1,0.020179,0.00774727,0.00199642,0.0161942,0.0512431,0.07608,0.0905667,0.0319881,0.0265474,0.0111436,0.0151275,0.0162282,0.0184634,0.0212245,0.0250144,0.0491953,0.043984,0.236062,0.10902381445,0.0198226091427567,0.0305162448239259,0.00993252626478614,0.077820402110361,0.227119705542312,0.319610149554697,0.369232970766259,0.148097135083119,0.12447573235706,0.054207824224918,0.0728812232386435,0.0779774171956633,0.088243798621337,0.100775239806801,0.117710835209348,0.219037465440979,0.198133266063642,1,0.980177390857243,0.969483755176074,0.990067473735214,0.922179597889639,0.772880294457688,0.680389850445303,0.630767029233741,0.851902864916881,0.87552426764294,0.945792175775082,0.927118776761356,0.922022582804337,0.911756201378663,0.899224760193199,0.882289164790652,0.780962534559021,0.801866733936358,0,1e+05,1982.26091427567,98233.8527318338,3160677.4383028,31.606774383028,2023,"Males","B'Tselem historical average",43.347175616972
0,1,0.0165186,0.0025413,0.00334328,0.00903646,0.0493062,0.0763626,0.0743859,0.0325433,0.0181282,0.0487866,0.0399287,0.0256744,0.0326217,0.0296682,0.0273572,0.0718811,0.0513523,0.21783,0.11632795963,0.0162809466157785,0.0101137956223697,0.016577839105191,0.0441841296983648,0.219477051507413,0.320607033381714,0.313609236699489,0.15047418374068,0.0867112048410033,0.217415582372557,0.181523505968126,0.120629288489042,0.150809356072522,0.13809818832299,0.128029666985838,0.304657677537837,0.22754863551155,1,0.983719053384221,0.98988620437763,0.983422160894809,0.955815870301635,0.780522948492587,0.679392966618286,0.686390763300511,0.84952581625932,0.913288795158997,0.782584417627443,0.818476494031874,0.879370711510958,0.849190643927477,0.86190181167701,0.871970333014162,0.695342322462163,0.77245136448845,0,1e+05,1628.09466157785,98561.298268488,3193181.95816321,31.9318195816321,2023,"Males","B'Tselem historical average",43.0221304183679
0,1,0.0145429,0.000918229,0.0070709,0.0280333,0.0386413,0.104721,0.0625928,0.0403413,0.0229747,0.013991,0.0214478,0.0171637,0.0337293,0.0276115,0.055887,0.0451773,0.0544313,0.225871,0.120270370195,0.0143591910933283,0.00366618320851725,0.0347403855200654,0.130986537729658,0.176186328099976,0.41496589204729,0.270617268578326,0.18322741927682,0.108633920657666,0.0675908413467926,0.101781525493786,0.0822876007667973,0.155531572342473,0.129142925295508,0.245179178173539,0.202963178940166,0.239557882566628,1,0.985640808906672,0.996333816791483,0.965259614479935,0.869013462270342,0.823813671900024,0.58503410795271,0.729382731421674,0.81677258072318,0.891366079342334,0.932409158653207,0.898218474506214,0.917712399233203,0.844468427657527,0.870857074704492,0.754820821826461,0.797036821059834,0.760442117433372,0,1e+05,1435.91910933283,98736.7794135167,3044047.46566323,30.4404746566323,2023,"Males","B'Tselem historical average",44.5134753433677
0,1,0.0176706,0.00626572,0.00786645,0.017082,0.0409077,0.11931,0.0659674,0.0314448,0.0273745,0.0233334,0.0198824,0.0313993,0.0129036,0.0254891,0.0388532,0.0591725,0.0398321,0.226056,0.11402920123,0.017398219810613,0.0247526931114356,0.0385736556659661,0.0819119501680725,0.185561286409831,0.459494329013499,0.283141696178746,0.145765112941447,0.12810544382035,0.110236518072989,0.0947046125296035,0.145569545430417,0.0625017558577837,0.119810824766134,0.177066955419261,0.257735382672089,0.181124115315822,1,0.982601780189387,0.975247306888564,0.961426344334034,0.918088049831927,0.814438713590169,0.540505670986501,0.716858303821254,0.854234887058553,0.87189455617965,0.889763481927011,0.905295387470397,0.854430454569583,0.937498244142216,0.880189175233866,0.822933044580739,0.742264617327911,0.818875884684178,0,1e+05,1739.82198106129,98458.5685297215,2964834.54524464,29.6483454524464,2023,"Males","B'Tselem historical average",45.3056045475536
0,1,0.0240458,0.00482326,0.0035298,0.0147785,0.050105,0.101608,0.0473735,0.0431616,0.0399508,0.0401652,0.0161861,0.00962854,0.0142658,0.0579565,0.0291375,0.056685,0.0528236,0.238997,0.106714357618,0.0235401627674369,0.0191087074712049,0.0174946187369557,0.0712597205496428,0.222636940269493,0.405129104798967,0.211785007381975,0.19478944024031,0.181614853297232,0.182500570240446,0.0777829917914125,0.047011079843216,0.0688726899493031,0.253109192685331,0.135795636596662,0.248245508391999,0.23330762795932,1,0.976459837232563,0.980891292528795,0.982505381263044,0.928740279450357,0.777363059730507,0.594870895201034,0.788214992618025,0.80521055975969,0.818385146702768,0.817499429759554,0.922217008208587,0.952988920156784,0.931127310050697,0.746890807314669,0.864204363403338,0.751754491608001,0.76669237204068,0,1e+05,2354.01627674369,97897.1910580513,3043327.62753085,30.4332762753085,2023,"Males","B'Tselem historical average",44.5206737246915
0,1,0.0176853,0.00536392,0.00644478,0.0112244,0.0869803,0.067184,0.0630125,0.0408471,0.0230349,0.0293156,0.0129331,0.0301197,0.031735,0.0345334,0.0361436,0.0515016,0.0483918,0.276033,0.113999868115,0.017412461046144,0.0212279499494147,0.0317129426536121,0.0545901459154661,0.357223074526834,0.287612589472242,0.272184876218245,0.185311868899671,0.108903071590547,0.136568994930536,0.0626401710107521,0.140052641160124,0.147011476947665,0.158944743948336,0.16574174194004,0.228134739721853,0.215846052492485,1,0.982587538953856,0.978772050050585,0.968287057346388,0.945409854084534,0.642776925473166,0.712387410527758,0.727815123781755,0.814688131100329,0.891096928409453,0.863431005069464,0.937359828989248,0.859947358839876,0.852988523052335,0.841055256051664,0.83425825805996,0.771865260278147,0.784153947507515,0,1e+05,1741.2461046144,98457.2557216674,2970985.42221454,29.7098542221454,2023,"Males","B'Tselem historical average",45.2440957778546
0,1,0.014578,0.00193866,0.00289618,0.0195307,0.0766256,0.0706273,0.0986189,0.0331733,0.0266077,0.012971,0.0224219,0.027291,0.0307185,0.0191905,0.0327725,0.0623564,0.0423636,0.232424,0.1202003299,0.0143933943599803,0.00772468890919859,0.014376805458915,0.0931073697348013,0.32153371535226,0.300141109536145,0.39556823858863,0.153164103143015,0.12474083332298,0.0628179702690988,0.106158795270794,0.127739643474822,0.142638405362203,0.0915598039554809,0.151453708357162,0.269733045762966,0.191532938062716,1,0.98560660564002,0.992275311090801,0.985623194541085,0.906892630265199,0.67846628464774,0.699858890463855,0.60443176141137,0.846835896856985,0.87525916667702,0.937182029730901,0.893841204729206,0.872260356525178,0.857361594637797,0.908440196044519,0.848546291642838,0.730266954237034,0.808467061937284,0,1e+05,1439.33943599803,98733.669639047,2941659.12584073,29.4165912584073,2023,"Males","B'Tselem historical average",45.5373587415927
0,1,0.0144204,0.00177596,0.00693322,0.015418,0.0602994,0.0930729,0.0609327,0.0290835,0.0149533,0.0423363,0.0187541,0.00949772,0.0112067,0.0331013,0.023894,0.0677069,0.0598778,0.210385,0.12051481282,0.0142398032932674,0.00707869703442947,0.0340754682058152,0.0742288490147273,0.262000776016654,0.377521863399915,0.264388705769844,0.135561027166041,0.0720722066796432,0.191421323549526,0.0895709439024,0.046387169139794,0.0545064076047399,0.152857079856375,0.112735731102587,0.289527052091812,0.260407438671751,1,0.985760196706733,0.992921302965571,0.965924531794185,0.925771150985273,0.737999223983346,0.622478136600085,0.735611294230156,0.864438972833959,0.927927793320357,0.808578676450474,0.9104290560976,0.953612830860206,0.94549359239526,0.847142920143625,0.887264268897413,0.710472947908188,0.739592561328249,0,1e+05,1423.98032932673,98747.6303935214,3123353.867957,31.23353867957,2023,"Males","B'Tselem historical average",43.72041132043
0,1,0.0137179,0.00233197,0.00551622,0.00991734,0.0672591,0.0634469,0.087262,0.03801,0.0154897,0.0124749,0.049854,0.0505411,0.0262909,0.0230845,0.0274427,0.0558802,0.039488,0.275788,0.121916616445,0.0135546282667572,0.00928457728860061,0.0272059154625184,0.0483870235887069,0.287887812136778,0.273804399166334,0.358172810520829,0.173557681331476,0.074561174440666,0.0604880442422072,0.221645244901679,0.224357333881415,0.123347226037431,0.109124772947248,0.128404111241109,0.245153002916117,0.1797000145624,1,0.986445371733243,0.990715422711399,0.972794084537482,0.951612976411293,0.712112187863222,0.726195600833666,0.641827189479171,0.826442318668524,0.925438825559334,0.939511955757793,0.778354755098321,0.775642666118585,0.876652773962569,0.890875227052752,0.871595888758891,0.754846997083883,0.8202999854376,0,1e+05,1355.46282667572,98809.7906148696,3085063.6571071,30.850636571071,2023,"Males","B'Tselem historical average",44.103313428929
0,1,0.022003,0.00382872,0.00611343,0.0276752,0.0367468,0.0830269,0.0429546,0.0574266,0.0135574,0.019131,0.0356407,0.0106823,0.0181729,0.0340496,0.0281321,0.0491238,0.0395872,0.236565,0.10538411365,0.0215782487170267,0.0151984984103328,0.0301070072959665,0.129421579740887,0.168275073795618,0.343777541167997,0.193945835532581,0.251085529350501,0.0655647801248388,0.0912888810419654,0.163624289466067,0.0520222079208186,0.0869157231374869,0.156892668487657,0.131417849771134,0.218753938223715,0.180110794854809,1,0.978421751282973,0.984801501589667,0.969892992704033,0.870578420259112,0.831724926204382,0.656222458832003,0.80605416446742,0.748914470649499,0.934435219875161,0.908711118958035,0.836375710533933,0.947977792079181,0.913084276862513,0.843107331512343,0.868582150228866,0.781246061776285,0.819889205145191,0,1e+05,2157.82487170267,98069.5755898136,3210593.18251689,32.1059318251689,2023,"Males","B'Tselem historical average",42.8480181748311
0,1,0.0211009,0.0061829,0.00536168,0.0145938,0.0538951,0.0571024,0.0604528,0.0559243,0.0314198,0.0458664,0.0114736,0.0121487,0.024057,0.0407285,0.0280772,0.0514779,0.0446468,0.230379,0.107184209095,0.0207107261417394,0.0244295095705525,0.0264538078685681,0.0704004739096436,0.237478219086304,0.249845111292349,0.262579791023097,0.245322743271197,0.145657663371037,0.20574055367258,0.055768340909356,0.0589529943925578,0.113461162060761,0.184823536485614,0.131178208042848,0.228041726959393,0.20081916703325,1,0.979289273858261,0.975570490429448,0.973546192131432,0.929599526090356,0.762521780913696,0.750154888707651,0.737420208976903,0.754677256728803,0.854342336628963,0.79425944632742,0.944231659090644,0.941047005607442,0.886538837939239,0.815176463514386,0.868821791957152,0.771958273040607,0.79918083296675,0,1e+05,2071.07261417394,98150.9136659546,3170099.63150398,31.7009963150398,2023,"Males","B'Tselem historical average",43.2529536849602
0,1,0.018018,0.00126178,0.00222462,0.0285135,0.0690752,0.0949539,0.0424956,0.0419066,0.0213763,0.0182839,0.021662,0.014328,0.0116052,0.0344214,0.0276512,0.0504901,0.0445515,0.210975,0.1133359819,0.0177346724289931,0.00503441535079734,0.0110615804671529,0.13308098811356,0.294516529545796,0.38368785456585,0.192072418347211,0.189662702480569,0.101459431866481,0.0874233983187017,0.102745801139301,0.0691625958178062,0.0563899581443577,0.158470093784514,0.129316601941021,0.22415631331299,0.200433470587772,1,0.982265327571007,0.994965584649203,0.988938419532847,0.86691901188644,0.705483470454204,0.61631214543415,0.807927581652789,0.81033729751943,0.898540568133519,0.912576601681298,0.897254198860699,0.930837404182194,0.943610041855642,0.841529906215486,0.870683398058979,0.77584368668701,0.799566529412228,0,1e+05,1773.46724289931,98427.5304084422,3048288.32214365,30.4828832214365,2023,"Males","B'Tselem historical average",44.4710667785635
0,1,0.0215006,0.00202756,0.00417518,0.0247831,0.0451933,0.0786214,0.0726672,0.0265522,0.0212967,0.0198704,0.019218,0.0300399,0.0196354,0.0289024,0.031349,0.0455818,0.0423447,0.236948,0.10638662773,0.0210952914470063,0.00807748482971732,0.0206602493502941,0.116685903935444,0.203027763445676,0.328532740073887,0.307477227106091,0.12449683766723,0.101100720703485,0.0946501587156418,0.0916849944420326,0.139707501559739,0.0935831438434412,0.134773785364689,0.145353298605074,0.204594532361959,0.191455667944026,1,0.978904708552994,0.991922515170283,0.979339750649706,0.883314096064556,0.796972236554324,0.671467259926113,0.692522772893909,0.87550316233277,0.898899279296515,0.905349841284358,0.908315005557967,0.860292498440261,0.906416856156559,0.865226214635311,0.854646701394926,0.795405467638041,0.808544332055974,0,1e+05,2109.52914470063,98114.8965471022,3199464.84977507,31.9946484977507,2023,"Males","B'Tselem historical average",42.9593015022493
0,1,0.0155168,0.00281792,0.00364793,0.00265541,0.0418639,0.108399,0.0757638,0.0537106,0.0419615,0.0163704,0.0258768,0.0203033,0.0261092,0.0483491,0.028973,0.0542792,0.0650873,0.219167,0.11832700144,0.0153073836098903,0.0112085106274653,0.0180748108877952,0.0131894912327143,0.189487758560951,0.42643278212585,0.31849333639928,0.236761495102825,0.189887580705559,0.0786338317997629,0.121522468469755,0.0966126128441057,0.122546990302016,0.215676132727823,0.135080762658722,0.238968458164054,0.279892828722694,1,0.98469261639011,0.988791489372535,0.981925189112205,0.986810508767286,0.810512241439049,0.57356721787415,0.681506663600719,0.763238504897175,0.810112419294441,0.921366168200237,0.878477531530245,0.903387387155894,0.877453009697984,0.784323867272177,0.864919237341278,0.761031541835946,0.720107171277306,0,1e+05,1530.73836098902,98650.389319256,3076303.15373726,30.7630315373726,2023,"Males","B'Tselem historical average",44.1909184626274
0,1,0.0168593,0.00324651,0.00451578,0.00877719,0.0546705,0.10377,0.0653893,0.0577972,0.0325103,0.0456843,0.0331751,0.0174805,0.0140251,0.0256123,0.0242791,0.0528716,0.0486915,0.224887,0.115648109815,0.0166116280376976,0.0129022653331466,0.0223268422309755,0.0429436388072436,0.240484042839815,0.411973718165036,0.281009039099094,0.252501325914619,0.150333067212503,0.205007445853489,0.153171777417492,0.0837428334976125,0.0677499987319609,0.120355074324685,0.114448720193854,0.233494880226537,0.217037764254504,1,0.983388371962302,0.987097734666853,0.977673157769025,0.957056361192756,0.759515957160185,0.588026281834964,0.718990960900906,0.747498674085381,0.849666932787497,0.794992554146511,0.846828222582508,0.916257166502388,0.932250001268039,0.879644925675315,0.885551279806146,0.766505119773463,0.782962235745496,0,1e+05,1661.16280376977,98530.9475345812,2956991.05094219,29.5699105094219,2023,"Males","B'Tselem historical average",45.3840394905781
0,1,0.0148639,0.0026435,0.00309859,0.0160566,0.0436918,0.0863033,0.0705195,0.0477976,0.017207,0.0376571,0.0226368,0.0202579,0.0139132,0.0224411,0.0300587,0.045051,0.0496138,0.268621,0.119629830745,0.0146719073211925,0.0105183892758983,0.0153738568026249,0.0771846907367892,0.196946619252373,0.354936106746551,0.29975165747647,0.213478589434155,0.0824866313364829,0.172084949610094,0.107121765071096,0.096406991992298,0.0672276216366137,0.106244870586692,0.139788824176793,0.202453201992581,0.220695183288413,1,0.985328092678807,0.989481610724102,0.984626143197375,0.922815309263211,0.803053380747627,0.645063893253449,0.70024834252353,0.786521410565845,0.917513368663517,0.827915050389906,0.892878234928904,0.903593008007702,0.932772378363386,0.893755129413308,0.860211175823207,0.797546798007419,0.779304816711587,0,1e+05,1467.19073211926,98708.3290468348,3184355.66463822,31.8435566463822,2023,"Males","B'Tselem historical average",43.1103933536179
0,1,0.0146115,0.00605211,0.00864873,0.0173123,0.0592096,0.0944556,0.0663759,0.0309211,0.0277038,0.0250491,0.0116177,0.0188598,0.010149,0.0418126,0.0316856,0.0531157,0.0505578,0.238555,0.120133482325,0.0144260364286851,0.023918920128601,0.0423284320496971,0.0829704755886658,0.257876141962189,0.382058975568282,0.284645497333803,0.143511654453681,0.129546662900821,0.11786450083061,0.0564489816642967,0.0900530440018355,0.0494893319257148,0.18927753531701,0.146799429955505,0.234446522157586,0.224423148372972,1,0.985573963571315,0.976081079871399,0.957671567950303,0.917029524411334,0.742123858037811,0.617941024431718,0.715354502666197,0.856488345546319,0.870453337099179,0.88213549916939,0.943551018335703,0.909946955998165,0.950510668074285,0.81072246468299,0.853200570044495,0.765553477842414,0.775576851627028,0,1e+05,1442.60364286852,98730.701356364,3001354.24343946,30.0135424343946,2023,"Males","B'Tselem historical average",44.9404075656054
0,1,0.0144301,0.00119108,0.00368023,0.0101746,0.0523747,0.101777,0.0772816,0.0278272,0.0251733,0.0349754,0.019402,0.0204142,0.017047,0.0186089,0.0254562,0.0440159,0.0559571,0.227958,0.120495456955,0.0142492578452186,0.004752997599239,0.0182333923065789,0.0496110680671109,0.231554505590167,0.405666262104481,0.323840684409372,0.130086165629488,0.118414303061834,0.160815531177165,0.092522210194515,0.0971147025956783,0.0817509777075485,0.0889082864697812,0.119665432070328,0.198262719871068,0.245448968773597,1,0.985750742154781,0.995247002400761,0.981766607693421,0.950388931932889,0.768445494409833,0.594333737895519,0.676159315590628,0.869913834370512,0.881585696938166,0.839184468822835,0.907477789805485,0.902885297404322,0.918249022292451,0.911091713530219,0.880334567929672,0.801737280128932,0.754551031226403,0,1e+05,1424.92578452185,98746.7712990111,3133576.30134751,31.3357630134751,2023,"Males","B'Tselem historical average",43.6181869865249
0,1,0.0160016,0.00277479,0.000905908,0.0169576,0.0387231,0.110159,0.0649278,0.0546507,0.0308025,0.0497187,0.0205968,0.011183,0.0167459,0.0200045,0.0563022,0.0609141,0.0533782,0.247391,0.11735960728,0.0157787463745196,0.0110379042672366,0.00451930481403631,0.0813396853780816,0.176526378483376,0.431861439276775,0.279302721841972,0.240407416066884,0.143000562902954,0.221110218454336,0.0979408307433628,0.0543942721367372,0.0803650377844149,0.095258503182704,0.246775930512717,0.264318665885899,0.235468754342401,1,0.98422125362548,0.988962095732763,0.995480695185964,0.918660314621918,0.823473621516624,0.568138560723225,0.720697278158028,0.759592583933116,0.856999437097046,0.778889781545664,0.902059169256637,0.945605727863263,0.919634962215585,0.904741496817296,0.753224069487283,0.735681334114101,0.764531245657599,0,1e+05,1577.87463745195,98607.3041103365,3023345.92226565,30.2334592226565,2023,"Males","B'Tselem historical average",44.7204907773435
0,1,0.0167945,0.00161686,0.00539153,0.00524688,0.0818741,0.106353,0.0339637,0.050933,0.0208176,0.0393958,0.0212656,0.0190304,0.0148276,0.0376869,0.026847,0.0568581,0.0916834,0.226601,0.115777414975,0.0165487498043215,0.00644659352159734,0.0265991250483206,0.0258947336004166,0.339815316905391,0.420074532983907,0.15652783861876,0.225900521807009,0.0989388276535962,0.179318054473894,0.100960534161821,0.0908306414045377,0.0714880109230919,0.172209403571366,0.125792145663434,0.248909234617926,0.372936731238028,1,0.983451250195678,0.993553406478403,0.973400874951679,0.974105266399583,0.660184683094609,0.579925467016093,0.84347216138124,0.774099478192991,0.901061172346404,0.820681945526107,0.899039465838179,0.909169358595462,0.928511989076908,0.827790596428634,0.874207854336566,0.751090765382074,0.627063268761972,0,1e+05,1654.87498043216,98536.7221669091,2991054.08913289,29.9105408913289,2023,"Males","B'Tselem historical average",45.0434091086711
0,1,0.0157397,0.00574113,0.00169314,0.013412,0.0625176,0.110542,0.0689647,0.0492627,0.0181224,0.0235939,0.0116151,0.0141899,0.0181855,0.0349039,0.0370658,0.047796,0.0456712,0.2385,0.117882215635,0.0155241584042065,0.0227038287354639,0.00843001700253084,0.0648844252222964,0.270336090994159,0.43303783038418,0.294114674302778,0.219304651821752,0.0866846645862551,0.111398676893128,0.0564367050674283,0.0685188122646158,0.0869733646910283,0.160513161643296,0.169611989773622,0.213472206093846,0.204954684081,1,0.984475841595793,0.977296171264536,0.991569982997469,0.935115574777704,0.729663909005841,0.56696216961582,0.705885325697222,0.780695348178248,0.913315335413745,0.888601323106872,0.943563294932572,0.931481187735384,0.913026635308972,0.839486838356704,0.830388010226378,0.786527793906154,0.795045315919,0,1e+05,1552.41584042065,98630.586378435,2962256.36317162,29.6225636317162,2023,"Males","B'Tselem historical average",45.3313863682838
0,1,0.015257,0.00199838,0.00488958,0.0182093,0.0686599,0.138515,0.0434223,0.0235469,0.0313497,0.0431973,0.0119431,0.0291152,0.0441398,0.0286157,0.0289344,0.0595126,0.0465162,0.21399,0.11884541935,0.0150546092144298,0.00796169899990514,0.0241526591027608,0.0870822337045111,0.293005226177874,0.514433209845594,0.195850772502871,0.111189103261056,0.145356308350278,0.194934851814305,0.0579842216073045,0.135698758748234,0.198765343704842,0.133526140083063,0.134912937735934,0.25902488854495,0.20835167906562,1,0.98494539078557,0.992038301000095,0.975847340897239,0.912917766295489,0.706994773822126,0.485566790154406,0.804149227497129,0.888810896738944,0.854643691649722,0.805065148185695,0.942015778392695,0.864301241251766,0.801234656295158,0.866473859916937,0.865087062264067,0.74097511145505,0.79164832093438,0,1e+05,1505.46092144298,98673.456213081,2807450.19262048,28.0745019262048,2023,"Males","B'Tselem historical average",46.8794480737952
0,1,0.0176966,0.00435203,0.00201366,0.0208349,0.0460892,0.116068,0.0493015,0.0400622,0.0276541,0.016503,0.0156491,0.0264777,0.0281066,0.0322525,0.0336278,0.0516745,0.0583267,0.216088,0.11397731953,0.0174234081222355,0.0172579061494012,0.0100178685470538,0.0990169779169931,0.206636699565916,0.44981669082369,0.219458426023505,0.182075170282746,0.12932928738436,0.0792455276432583,0.0752995736066793,0.124169212129966,0.131306548415745,0.149229906131254,0.155099834466333,0.228813005826098,0.254520192692243,1,0.982576591877764,0.982742093850599,0.989982131452946,0.900983022083007,0.793363300434084,0.55018330917631,0.780541573976495,0.817924829717254,0.87067071261564,0.920754472356742,0.924700426393321,0.875830787870034,0.868693451584255,0.850770093868746,0.844900165533667,0.771186994173902,0.745479807307757,0,1e+05,1742.34081222356,98456.2465232614,3053372.60772461,30.5337260772461,2023,"Males","B'Tselem historical average",44.4202239227539
0,1,0.0179049,0.0075384,0.00724372,0.00556325,0.0636968,0.0956062,0.100307,0.0323511,0.013934,0.0136301,0.021051,0.0146622,0.0248068,0.0274637,0.0523819,0.0513198,0.068552,0.213431,0.113561667295,0.0176251606812139,0.0297057326105769,0.035574373006906,0.0274346849720728,0.274734697328082,0.385815189559775,0.400981797176534,0.149651984232259,0.0673247425918142,0.0659047782064216,0.0999926374714702,0.0707187681925191,0.116790974155781,0.128496057092099,0.231582651737393,0.227420999477532,0.292612132698185,1,0.982374839318786,0.970294267389423,0.964425626993094,0.972565315027927,0.725265302671918,0.614184810440225,0.599018202823467,0.85034801576774,0.932675257408186,0.934095221793578,0.90000736252853,0.929281231807481,0.883209025844219,0.871503942907901,0.768417348262607,0.772579000522468,0.707387867301815,0,1e+05,1762.51606812139,98437.6381952087,2944969.37001489,29.4496937001489,2023,"Males","B'Tselem historical average",45.5042562998511
0,1,0.0147317,0.00417623,0.0056102,0.00388261,0.0374051,0.0631593,0.0942103,0.0360327,0.031431,0.0272201,0.0161291,0.0138713,0.0421907,0.0233279,0.0277709,0.0703882,0.0436442,0.22196,0.119893629235,0.0145431414374659,0.0165665485657664,0.0276630124193129,0.0192264281940735,0.171031842107008,0.272732513413851,0.38125591473913,0.165275219037471,0.145705802318331,0.127428929490911,0.0775196928068717,0.0670319493040469,0.190825813387753,0.110211965712631,0.129840061584367,0.299277065198489,0.196753163909277,1,0.985456858562534,0.983433451434234,0.972336987580687,0.980773571805927,0.828968157892992,0.727267486586149,0.61874408526087,0.834724780962529,0.854294197681669,0.872571070509089,0.922480307193128,0.932968050695953,0.809174186612247,0.889788034287369,0.870159938415633,0.700722934801511,0.803246836090723,0,1e+05,1454.3141437466,98720.048856995,3349675.51868035,33.4967551868035,2023,"Males","B'Tselem historical average",41.4571948131966
0,1,0.0172166,0.00181236,0.009671,0.00765405,0.0460891,0.125331,0.0911521,0.0413972,0.034949,0.00868497,0.014457,0.0122751,0.015505,0.0348913,0.0405271,0.0480278,0.0508965,0.243665,0.11493513553,0.0169581942956104,0.00722325771330144,0.0472134957075312,0.0375516936480822,0.206636297546835,0.477150596481076,0.371176668083064,0.187573459913203,0.160703898617999,0.0425020279067273,0.0697635701653006,0.0595481027110296,0.0746320742229335,0.160459866637939,0.18399367484997,0.214396517358967,0.225756908736262,1,0.98304180570439,0.992776742286699,0.952786504292469,0.962448306351918,0.793363702453165,0.522849403518924,0.628823331916936,0.812426540086797,0.839296101382001,0.957497972093273,0.930236429834699,0.94045189728897,0.925367925777067,0.839540133362061,0.81600632515003,0.785603482641033,0.774243091263738,0,1e+05,1695.81942956104,98499.08980641,2915105.37584065,29.1510537584065,2023,"Males","B'Tselem historical average",45.8028962415935
0,1,0.0142406,0.00654301,0.00469552,0.0185539,0.06541,0.0835916,0.0704439,0.0284488,0.0141601,0.0254245,0.011627,0.0277168,0.0286728,0.0256891,0.0283569,0.0534874,0.0471269,0.219866,0.12087359473,0.0140645222031728,0.0258339760724366,0.0232051988121835,0.0886571598066581,0.281085494510217,0.345711546685261,0.299478428777586,0.132799064905772,0.0683798366863442,0.119525321179199,0.0564928928374475,0.129603513352761,0.133774757810619,0.120694187377596,0.132398474262934,0.235893654377167,0.210798768761173,1,0.985935477796827,0.974166023927563,0.976794801187816,0.911342840193342,0.718914505489783,0.654288453314739,0.700521571222414,0.867200935094228,0.931620163313656,0.880474678820801,0.943507107162552,0.87039648664724,0.866225242189381,0.879305812622404,0.867601525737066,0.764106345622833,0.789201231238827,0,1e+05,1406.45222031728,98763.5507153685,3063150.79093,30.6315079093,2023,"Males","B'Tselem historical average",44.3224420907
0,1,0.0140168,0.00762439,0.00727675,0.0324456,0.0360623,0.0942876,0.045929,0.0221865,0.0326827,0.0210163,0.0528827,0.0148299,0.0201493,0.0251485,0.0451419,0.0554581,0.0762359,0.268373,0.12132017644,0.0138462655258176,0.0300394943592052,0.0357336872286473,0.150056330784728,0.165399760538804,0.381509064763106,0.205992433773089,0.105102839621826,0.151070056648902,0.0998360396022672,0.233538176662522,0.0714987034444721,0.0959149521372522,0.118304545352977,0.202820269222017,0.243526682256831,0.320160239914715,1,0.986153734474182,0.969960505640795,0.964266312771353,0.849943669215272,0.834600239461196,0.618490935236894,0.794007566226911,0.894897160378174,0.848929943351098,0.900163960397733,0.766461823337478,0.928501296555528,0.904085047862748,0.881695454647023,0.797179730777983,0.756473317743169,0.679839760085285,0,1e+05,1384.62655258176,98783.356585081,3059904.06344461,30.5990406344461,2023,"Males","B'Tselem historical average",44.3549093655539
0,1,0.0173537,0.00526402,0.0038353,0.00763503,0.0632655,0.0570925,0.0653284,0.0471697,0.0291711,0.0071651,0.0302407,0.0191759,0.0132106,0.029441,0.0288229,0.0488969,0.0672919,0.228436,0.114661559335,0.0170911138748854,0.0208367102806964,0.0189943771631653,0.0374601270160712,0.273128476003501,0.249807205324962,0.280784065619034,0.210970018764688,0.135941586001481,0.0351950596944581,0.140575728888504,0.0914933325126755,0.0639412444888877,0.137113130790958,0.13442798880377,0.217853587315929,0.288007988154727,1,0.982908886125115,0.979163289719304,0.981005622836835,0.962539872983929,0.726871523996499,0.750192794675038,0.719215934380966,0.789029981235312,0.86405841399852,0.964804940305542,0.859424271111496,0.908506667487325,0.936058755511112,0.862886869209042,0.86557201119623,0.782146412684071,0.711992011845273,0,1e+05,1709.11138748853,98486.8579892781,3305115.35595328,33.0511535595328,2023,"Males","B'Tselem historical average",41.9027964404672
0,1,0.0142914,0.00341778,0.00580492,0.0167213,0.0710537,0.119727,0.040284,0.018639,0.0436015,0.025974,0.0153351,0.0364531,0.0164425,0.0241795,0.0284604,0.0497373,0.0709713,0.249166,0.12077222587,0.0141140513581848,0.0135783046836367,0.0286094116355218,0.0802517173948152,0.301679829709436,0.460730344969571,0.182990978550208,0.0890456933061659,0.196579587760637,0.121951104997019,0.0738444692008935,0.167042461148747,0.078966483968375,0.114005980958533,0.13284961690742,0.2211837888474,0.301382695718402,1,0.985885948641815,0.986421695316363,0.971390588364478,0.919748282605185,0.698320170290563,0.539269655030429,0.817009021449791,0.910954306693834,0.803420412239363,0.878048895002981,0.926155530799107,0.832957538851253,0.921033516031625,0.885994019041467,0.86715038309258,0.7788162111526,0.698617304281598,0,1e+05,1411.40513581848,98759.0534040387,2924008.63738262,29.2400863738262,2023,"Males","B'Tselem historical average",45.7138636261738
0,1,0.0179549,0.00153074,0.00338203,0.0133975,0.0400607,0.0885142,0.0617833,0.0347274,0.0290223,0.044709,0.0387102,0.0276416,0.0414329,0.0214179,0.0341831,0.0480898,0.0471909,0.218003,0.113461894795,0.0176735772460061,0.00610427189368293,0.0167683721557948,0.0648165506564505,0.182068973666587,0.362381277760196,0.267585683587951,0.159766327128219,0.135295065081699,0.201070812598801,0.176472760378035,0.129274607521813,0.187720036272783,0.101646845091298,0.157459376009799,0.214643582603309,0.211054831393036,1,0.982326422753994,0.993895728106317,0.983231627844205,0.93518344934355,0.817931026333413,0.637618722239804,0.732414316412049,0.840233672871781,0.864704934918301,0.7989291874012,0.823527239621965,0.870725392478187,0.812279963727217,0.898353154908702,0.842540623990201,0.785356417396691,0.788945168606964,0,1e+05,1767.35772460062,98433.1700316131,3184194.8770103,31.841948770103,2023,"Males","B'Tselem historical average",43.112001229897
0,1,0.0202642,0.00196288,0.00489823,0.0122008,0.0603362,0.10655,0.0411814,0.0357906,0.0321394,0.0104968,0.0286946,0.0481689,0.0340764,0.0224916,0.0274821,0.0593476,0.0399768,0.244485,0.10885380211,0.0199047527145595,0.00782081734808757,0.0241948699059514,0.0591983324632072,0.26213971440873,0.420688974434903,0.186686927418064,0.164255952285341,0.148745520542677,0.0511419333841336,0.133869659193281,0.214958690797153,0.157006462456839,0.106471229250475,0.128576611745849,0.258399521408189,0.181722308994474,1,0.98009524728544,0.992179182651912,0.975805130094049,0.940801667536793,0.73786028559127,0.579311025565097,0.813313072581936,0.835744047714659,0.851254479457323,0.948858066615866,0.866130340806719,0.785041309202847,0.842993537543161,0.893528770749525,0.871423388254151,0.741600478591812,0.818277691005526,0,1e+05,1990.47527145594,98226.195529848,3067298.81604989,30.6729881604989,2023,"Males","B'Tselem historical average",44.2809618395011
0,1,0.0185041,0.00365801,0.00334096,0.00541402,0.0577504,0.100049,0.0941661,0.0475939,0.0366583,0.0213431,0.0135901,0.0236222,0.0246967,0.0290396,0.0325891,0.0776565,0.0426162,0.253718,0.112365993655,0.0182050838925479,0.014525769182148,0.0165664305455117,0.026708597793436,0.252322663180633,0.400156784635106,0.381111128424228,0.212665543475905,0.167903827775631,0.101309835143853,0.0657177239010315,0.111524844543086,0.116302763831224,0.135370254866917,0.150670000700434,0.325156257687271,0.192565025862135,1,0.981794916107452,0.985474230817852,0.983433569454488,0.973291402206564,0.747677336819367,0.599843215364894,0.618888871575772,0.787334456524095,0.832096172224369,0.898690164856147,0.934282276098969,0.888475155456914,0.883697236168776,0.864629745133083,0.849329999299566,0.674843742312729,0.807434974137865,0,1e+05,1820.5083892548,98384.0548448611,2946302.7513474,29.463027513474,2023,"Males","B'Tselem historical average",45.490922486526
0,1,0.0176819,0.00339597,0.0018441,0.0150665,0.0589683,0.0754088,0.063377,0.0275543,0.0193929,0.0273235,0.0428223,0.0104645,0.0101429,0.0422316,0.0252343,0.0548768,0.0458529,0.264362,0.114006652645,0.0174091671900082,0.013492241505231,0.00917818626676365,0.0725980053798608,0.256960230150971,0.317237712049083,0.27354400412623,0.128892634222133,0.0924808216829613,0.127882037847205,0.19340624896262,0.0509885751386539,0.0494603222437838,0.190993135723453,0.118684217148052,0.241282035047732,0.205686225210153,1,0.982590832809992,0.986507758494769,0.990821813733236,0.927401994620139,0.743039769849029,0.682762287950917,0.72645599587377,0.871107365777867,0.907519178317039,0.872117962152795,0.80659375103738,0.949011424861346,0.950539677756216,0.809006864276546,0.881315782851948,0.758717964952268,0.794313774789847,0,1e+05,1740.91671900082,98457.5593686662,3238182.05174082,32.3818205174082,2023,"Males","B'Tselem historical average",42.5721294825918
0,1,0.0178789,0.00227336,0.0103646,0.00710046,0.0528663,0.107793,0.0402891,0.0601372,0.0281378,0.0279843,0.0188278,0.0185386,0.0290143,0.0346944,0.0364417,0.0434285,0.0529938,0.241548,0.113613548995,0.017599982262052,0.00905228180925224,0.0505141037994018,0.0348830851235098,0.233474206404848,0.424554887523066,0.183012025507786,0.261388125107033,0.131442727084598,0.13077255403995,0.0899071169583299,0.0885872892010438,0.135260293188362,0.15962662504969,0.16699458369812,0.195875998047036,0.233971414178296,1,0.982400017737948,0.990947718190748,0.949485896200598,0.96511691487649,0.766525793595152,0.575445112476934,0.816987974492214,0.738611874892967,0.868557272915403,0.86922744596005,0.91009288304167,0.911412710798956,0.864739706811638,0.84037337495031,0.83300541630188,0.804124001952964,0.766028585821704,0,1e+05,1759.99822620519,98439.9614184989,3044335.79246657,30.4433579246657,2023,"Males","B'Tselem historical average",44.5105920753343
0,1,0.0146264,0.00544643,0.00533609,0.00607174,0.0672591,0.0800549,0.0780889,0.0468326,0.0222785,0.0199525,0.0490198,0.0531238,0.0168487,0.0267261,0.0300001,0.0481099,0.0403568,0.211696,0.12010375012,0.0144405541902166,0.0215509683192341,0.0263292123827414,0.0299047651038213,0.287887812136778,0.333523936533092,0.326671043816328,0.209620336564521,0.105515672713624,0.095022651371286,0.218341373810242,0.234478083031613,0.0808384433008907,0.125261145263906,0.139535316387136,0.214723664886672,0.183291367363919,1,0.985559445809783,0.978449031680766,0.973670787617259,0.970095234896179,0.712112187863222,0.666476063466908,0.673328956183672,0.790379663435479,0.894484327286376,0.904977348628714,0.781658626189758,0.765521916968387,0.919161556699109,0.874738854736094,0.860464683612864,0.785276335113328,0.816708632636081,0,1e+05,1444.05541902166,98729.381052184,2980769.09230462,29.8076909230462,2023,"Males","B'Tselem historical average",45.1462590769538
0,1,0.0169253,0.00369864,0.00408735,0.0164645,0.0383728,0.112256,0.0696185,0.0397965,0.0266993,0.034004,0.0161655,0.0198031,0.0320036,0.025107,0.0279758,0.0508469,0.0444455,0.245139,0.115516410115,0.0166756628244365,0.0146859241073194,0.0202300319473005,0.0790679637760241,0.17506925612173,0.438280859570215,0.296489597407257,0.180976883626859,0.125143397235477,0.156699016598925,0.0776878429374852,0.0943447058871171,0.148163580118314,0.118120849574342,0.13073542943316,0.225561715074452,0.200004274989847,1,0.983324337175564,0.985314075892681,0.9797699680527,0.920932036223976,0.82493074387827,0.561719140429785,0.703510402592743,0.819023116373141,0.874856602764523,0.843300983401075,0.922312157062515,0.905655294112883,0.851836419881686,0.881879150425658,0.86926457056684,0.774438284925548,0.799995725010153,0,1e+05,1667.56628244364,98525.0649881331,3041736.55271315,30.4173655271315,2023,"Males","B'Tselem historical average",44.5365844728685
0,1,0.014655,0.0014462,0.00391033,0.0114825,0.0354686,0.0850913,0.0501339,0.0349006,0.0256231,0.0432216,0.019274,0.0112256,0.0139218,0.0241374,0.0489699,0.0477628,0.0495569,0.21198,0.12004668025,0.0144684193742145,0.00576811630041269,0.0193623668897005,0.0558103929085684,0.1628985419385,0.35082591668826,0.22275105252015,0.160499203726093,0.120402769492539,0.195033816041456,0.0919398770255251,0.0545958228281508,0.0672677785997259,0.113818776651151,0.218143354376318,0.213339741488127,0.220469978327549,1,0.985531580625785,0.994231883699587,0.9806376331103,0.944189607091432,0.8371014580615,0.64917408331174,0.77724894747985,0.839500796273907,0.879597230507461,0.804966183958544,0.908060122974475,0.945404177171849,0.932732221400274,0.886181223348849,0.781856645623682,0.786660258511873,0.779530021672451,0,1e+05,1446.84193742146,98726.8466340125,3446901.75661681,34.4690175661681,2023,"Males","B'Tselem historical average",40.4849324338319
0,1,0.0141423,0.00239502,0.00346634,0.00401505,0.0653307,0.123528,0.0476293,0.044272,0.0136695,0.0349177,0.025834,0.0244859,0.0188307,0.0457588,0.026049,0.0640207,0.0475827,0.218132,0.121069747465,0.0139686681238607,0.00953440979570219,0.0171827964632688,0.0198757447278264,0.280792563224391,0.471905991656607,0.212806891774064,0.199301328915619,0.0660889913324526,0.16057152882028,0.121333665231052,0.115367318443322,0.0899203425154842,0.205307444294986,0.122281709380846,0.275938982894513,0.212620818454333,1,0.986031331876139,0.990465590204298,0.982817203536731,0.980124255272174,0.719207436775609,0.528094008343393,0.787193108225936,0.800698671084381,0.933911008667547,0.83942847117972,0.878666334768948,0.884632681556678,0.910079657484516,0.794692555705014,0.877718290619154,0.724061017105487,0.787379181545667,0,1e+05,1396.86681238607,98772.2514998317,3017973.20613402,30.1797320613402,2023,"Males","B'Tselem historical average",44.7742179386598
0,1,0.0155798,0.00551805,0.00970004,0.0151845,0.0508846,0.0830897,0.0964219,0.0322741,0.0201297,0.0254945,0.0211918,0.0159642,0.0190313,0.0204851,0.0296778,0.0493416,0.114339,0.221516,0.11820128809,0.0153686615231476,0.0218312679438449,0.0473519114130426,0.0731457942191965,0.22571008191453,0.343992844393081,0.388467551491987,0.149322385958354,0.0958261222665286,0.119834686464807,0.10062778999971,0.0767575671175548,0.0908347419393253,0.0974355571695644,0.138139787533822,0.219617324547738,0.444605600586384,1,0.984631338476852,0.978168732056155,0.952648088586957,0.926854205780803,0.77428991808547,0.656007155606919,0.611532448508013,0.850677614041646,0.904173877733471,0.880165313535193,0.89937221000029,0.923242432882445,0.909165258060675,0.902564442830436,0.861860212466178,0.780382675452262,0.555394399413616,0,1e+05,1536.86615231476,98644.7934065108,3002110.19305551,30.0211019305551,2023,"Males","B'Tselem historical average",44.9328480694449
0,1,0.0216223,0.00463119,0.0080017,0.0177977,0.0588766,0.0836323,0.06254,0.046266,0.0181549,0.0159847,0.0183449,0.0109023,0.0145578,0.0294423,0.0252174,0.0595307,0.0482772,0.211355,0.106143781465,0.0212123245809647,0.0183547513184827,0.0392238561751091,0.0851976925674794,0.25661190829953,0.345850763069381,0.270419855580058,0.207347187551819,0.0868333720350999,0.0768523457713709,0.0877022762796917,0.0530651690194969,0.0702329084147011,0.137118770088554,0.11860944542721,0.259093462090781,0.215389941759251,1,0.978787675419035,0.981645248681517,0.960776143824891,0.91480230743252,0.74338809170047,0.654149236930619,0.729580144419942,0.792652812448181,0.9131666279649,0.923147654228629,0.912297723720308,0.946934830980503,0.929767091585299,0.862881229911446,0.88139055457279,0.740906537909219,0.784610058240749,0,1e+05,2121.23245809648,98103.9231763722,3091782.30201502,30.9178230201502,2023,"Males","B'Tselem historical average",44.0361269798498
0,1,0.0141056,0.00268232,0.00622834,0.00849873,0.0355269,0.138989,0.0515231,0.0379795,0.0171966,0.0174421,0.0296697,0.0124201,0.050486,0.052499,0.0540615,0.0463492,0.072275,0.222841,0.12114298048,0.0139328768347851,0.0106720284095132,0.0306642318455674,0.0416095785658868,0.16314445789686,0.51573965331389,0.22821910994144,0.173430491609767,0.0824388309971845,0.083566559290498,0.138104688322216,0.0602303330996719,0.224140150859294,0.23204029180175,0.238124130762022,0.207681340080816,0.306071674342279,1,0.986067123165215,0.989327971590487,0.969335768154433,0.958390421434113,0.83685554210314,0.48426034668611,0.77178089005856,0.826569508390233,0.917561169002815,0.916433440709502,0.861895311677784,0.939769666900328,0.775859849140706,0.76795970819825,0.761875869237978,0.792318659919184,0.69392832565772,0,1e+05,1393.28768347851,98775.4993391641,3055556.81207139,30.5555681207139,2023,"Males","B'Tselem historical average",44.3983818792861
0,1,0.0150382,0.0021135,0.00846542,0.01564,0.0580613,0.0783952,0.0610799,0.0221823,0.0300745,0.0304463,0.0197344,0.0103916,0.0271091,0.0203517,0.0277839,0.0488098,0.0618069,0.237722,0.11928202381,0.014841631304379,0.00841841535828055,0.0414498735290738,0.07525743431816,0.253508864424914,0.327742418820256,0.264942800586189,0.105083988599238,0.139857164282002,0.141463871335402,0.094032797883614,0.050642362075637,0.126942273063252,0.0968317720613477,0.129896894202891,0.217507728218056,0.267674216214613,1,0.985158368695621,0.991581584641719,0.958550126470926,0.92474256568184,0.746491135575086,0.672257581179744,0.735057199413811,0.894916011400762,0.860142835717998,0.858536128664598,0.905967202116386,0.949357637924363,0.873057726936748,0.903168227938652,0.870103105797109,0.782492271781944,0.732325783785387,0,1e+05,1484.1631304379,98692.8708514249,3204143.19180058,32.0414319180058,2023,"Males","B'Tselem historical average",42.9125180819942
0,1,0.0184036,0.00214527,0.00619006,0.00657589,0.0265295,0.132473,0.0576919,0.0328066,0.0588035,0.0362089,0.0102908,0.0148487,0.0313975,0.0294214,0.0272167,0.0637249,0.0684013,0.235678,0.11256653638,0.0181078629171801,0.0085444198249642,0.0304786384974561,0.0323476633107782,0.124397022949175,0.497576402934985,0.252099283382555,0.151599351765893,0.256334138689003,0.166016328415124,0.0501634450492187,0.0715860987391307,0.145561807845433,0.137028103396803,0.127414026652048,0.274839241972989,0.292062810244122,1,0.98189213708282,0.991455580175036,0.969521361502544,0.967652336689222,0.875602977050825,0.502423597065015,0.747900716617445,0.848400648234107,0.743665861310997,0.833983671584876,0.949836554950781,0.928413901260869,0.854438192154567,0.862971896603197,0.872585973347952,0.725160758027011,0.707937189755878,0,1e+05,1810.78629171802,98393.0476492651,3077936.40342364,30.7793640342364,2023,"Males","B'Tselem historical average",44.1745859657636
0,1,0.0152325,0.00206341,0.00388145,0.0119024,0.0589161,0.0909781,0.0500769,0.0374702,0.0279454,0.0393678,0.0130763,0.0200419,0.0212435,0.026837,0.0332397,0.0464218,0.0901593,0.298532,0.118894307875,0.0150307654465008,0.00821971870047252,0.0192207391550169,0.0577923313872413,0.256761965858247,0.37059942184794,0.222525972783762,0.171304011107499,0.130602642299695,0.179202026183985,0.0633117900978585,0.0954280989586991,0.100860903491686,0.125748236446231,0.153447156389407,0.207972818531712,0.367877545116455,1,0.984969234553499,0.991780281299527,0.980779260844983,0.942207668612759,0.743238034141753,0.62940057815206,0.777474027216238,0.8286959888925,0.869397357700305,0.820797973816015,0.936688209902142,0.904571901041301,0.899139096508314,0.874251763553769,0.846552843610592,0.792027181468288,0.632122454883545,0,1e+05,1503.07654465007,98675.6307008092,3169785.34156603,31.6978534156603,2023,"Males","B'Tselem historical average",43.2560965843397
0,1,0.0197558,0.00146651,0.000845833,0.0262553,0.0390338,0.112321,0.0534286,0.054989,0.028895,0.0153951,0.0303838,0.0190337,0.0288923,0.061549,0.0374978,0.056635,0.048561,0.230114,0.10986828889,0.0194143927764929,0.00584888510301516,0.00422024095233641,0.123190491707669,0.177816833236985,0.438479000470408,0.235664887481734,0.241715733786971,0.134741603422749,0.0741226846440894,0.141193976167319,0.0908456766126448,0.134729861086338,0.266706243540772,0.171419376280292,0.248053697154182,0.216519046461908,1,0.980585607223507,0.994151114896985,0.995779759047664,0.876809508292331,0.822183166763015,0.561520999529592,0.764335112518266,0.758284266213029,0.865258396577251,0.92587731535591,0.858806023832681,0.909154323387355,0.865270138913662,0.733293756459228,0.828580623719708,0.751946302845818,0.783480953538092,0,1e+05,1941.43927764929,98271.8633337699,2996414.87997887,29.9641487997887,2023,"Males","B'Tselem historical average",44.9898012002113
0,1,0.0141769,0.00121932,0.00517037,0.00747433,0.0352408,0.0878754,0.0803419,0.0448893,0.019404,0.0284145,0.00677204,0.0109444,0.0131038,0.0449441,0.0480795,0.0508744,0.0531795,0.245344,0.121000704895,0.0140024091864639,0.00486541500435378,0.0255219551222366,0.0366861392225616,0.161937024286326,0.360237060528159,0.334519641113965,0.201799863471655,0.0925313063299349,0.13264957185156,0.03329648714302,0.0532646265528865,0.0634407139319464,0.202021332567394,0.214602542629154,0.225669942671396,0.234695082191494,1,0.985997590813536,0.995134584995646,0.974478044877763,0.963313860777438,0.838062975713674,0.63976293947184,0.665480358886035,0.798200136528345,0.907468693670065,0.86735042814844,0.96670351285698,0.946735373447114,0.936559286068054,0.797978667432606,0.785397457370846,0.774330057328604,0.765304917808506,0,1e+05,1400.24091864639,98769.1892195327,3321776.46387433,33.2177646387433,2023,"Males","B'Tselem historical average",41.7361853612567
0,1,0.0179721,0.00173769,0.00170172,0.0181633,0.037883,0.101399,0.0788636,0.0324583,0.0235275,0.0274582,0.0267477,0.0583233,0.0479575,0.0552398,0.0233581,0.0609301,0.0563873,0.224908,0.113427573055,0.0176902314880888,0.00692668713008186,0.008472555208377,0.0868718034318172,0.173027954956004,0.404464308863799,0.32937813607048,0.150110658068073,0.111102584838057,0.128471976909087,0.12535603589662,0.254507244122217,0.214116294514547,0.242684405010282,0.110346772625822,0.264378915588285,0.247102844448126,1,0.982309768511911,0.993073312869918,0.991527444791623,0.913128196568183,0.826972045043996,0.595535691136201,0.67062186392952,0.849889341931927,0.888897415161943,0.871528023090913,0.87464396410338,0.745492755877783,0.785883705485453,0.757315594989718,0.889653227374178,0.735621084411715,0.752897155551874,0,1e+05,1769.02314880888,98431.6328536386,3033945.95477735,30.3394595477735,2023,"Males","B'Tselem historical average",44.6144904522265
0,1,0.0175824,0.00203164,0.00287793,0.0162706,0.0434042,0.0978932,0.100147,0.021466,0.0239405,0.0124841,0.0308953,0.0261399,0.0112958,0.0200622,0.0288525,0.0505746,0.052936,0.221688,0.11420519992,0.0173127641126949,0.0080936731398045,0.014286858552912,0.078173188305876,0.195777126152616,0.393229712717506,0.400470261743048,0.10186349551328,0.112942736067915,0.0605313029035543,0.143400496593952,0.122682245900935,0.0549278645685174,0.0955201396364634,0.134556753196029,0.224489352040705,0.233746048006782,1,0.982687235887305,0.991906326860196,0.985713141447088,0.921826811694124,0.804222873847384,0.606770287282494,0.599529738256952,0.89813650448672,0.887057263932085,0.939468697096446,0.856599503406048,0.877317754099065,0.945072135431483,0.904479860363537,0.865443246803971,0.775510647959295,0.766253951993218,0,1e+05,1731.27641126949,98466.4443573963,3102995.47114264,31.0299547114264,2023,"Males","B'Tselem historical average",43.9239952885736
0,1,0.0138892,0.00119964,0.00484857,0.00650975,0.0408028,0.125115,0.0444162,0.0381024,0.0318151,0.0173939,0.0211903,0.0157333,0.0225156,0.0340816,0.0271146,0.0547175,0.0552562,0.210558,0.12157479586,0.0137217856615183,0.00478707446797049,0.0239525114291499,0.0320275220951035,0.185129495547669,0.476524189939347,0.199885602730054,0.173942895542229,0.14735519901921,0.0833452525300442,0.100621025697885,0.0756893902893995,0.106578786676752,0.157028540256026,0.126966392626241,0.240665907953839,0.242747709970781,1,0.986278214338482,0.99521292553203,0.97604748857085,0.967972477904896,0.814870504452331,0.523475810060653,0.800114397269946,0.826057104457771,0.85264480098079,0.916654747469956,0.899378974302115,0.9243106097106,0.893421213323248,0.842971459743974,0.873033607373759,0.75933409204616,0.757252290029219,0,1e+05,1372.17856615182,98794.6437629116,3220203.61048956,32.2020361048956,2023,"Males","B'Tselem historical average",42.7519138951044
0,1,0.0144342,0.00321348,0.00309961,0.0095611,0.0647644,0.0961579,0.0626813,0.030678,0.0178798,0.0136044,0.0125474,0.0494529,0.0176446,0.0214948,0.0407669,0.0652153,0.0539329,0.234398,0.12048727561,0.0142532540480849,0.0127718359214066,0.0153788786846011,0.0466894927277029,0.278697766007896,0.387610073325447,0.270948058631287,0.142463743214188,0.0855738899080549,0.0657845999704065,0.0608288889955433,0.220058208546435,0.0844957650595746,0.101993191849579,0.184981676255635,0.28036610145883,0.23762498818658,1,0.985746745951915,0.987228164078593,0.984621121315399,0.953310507272297,0.721302233992104,0.612389926674553,0.729051941368713,0.857536256785812,0.914426110091945,0.934215400029593,0.939171111004457,0.779941791453565,0.915504234940425,0.898006808150421,0.815018323744365,0.71963389854117,0.76237501181342,0,1e+05,1425.32540480849,98746.4081700746,3144579.64189169,31.4457964189169,2023,"Males","B'Tselem historical average",43.5081535810831
0,1,0.0146758,0.00213972,0.00876847,0.0111526,0.040154,0.0829026,0.0967315,0.0481641,0.0307639,0.0287722,0.016604,0.0413549,0.0124074,0.0287525,0.0238644,0.0433132,0.0574107,0.225037,0.12000517489,0.0144886840346949,0.00852240886261696,0.0429018901580154,0.0542504169984575,0.1824543228052,0.343351226520628,0.389471978322293,0.214939572357536,0.142834160429878,0.1342073949757,0.0797111885627599,0.187399754709872,0.0601705982967328,0.134121666929056,0.11260393654197,0.195406768848751,0.251024735538543,1,0.985511315965305,0.991477591137383,0.957098109841985,0.945749583001542,0.8175456771948,0.656648773479372,0.610528021677707,0.785060427642464,0.857165839570122,0.8657926050243,0.92028881143724,0.812600245290128,0.939829401703267,0.865878333070944,0.88739606345803,0.804593231151249,0.748975264461457,0,1e+05,1448.86840346949,98725.0033026815,3057086.80177474,30.5708680177474,2023,"Males","B'Tselem historical average",44.3830819822526
0,1,0.017526,0.00278536,0.00392048,0.0189168,0.0333659,0.0676619,0.0842059,0.0392601,0.0196057,0.0191329,0.0388489,0.0159811,0.0162746,0.0425912,0.0277954,0.0458097,0.0484253,0.22934,0.1143177433,0.0172581115293185,0.0110797179933799,0.0194121377554315,0.0903129213247117,0.153984888981805,0.289362464635242,0.347810301361466,0.178755593781452,0.0934482062564927,0.0912975335508141,0.17704909366299,0.0768357023912865,0.0781916552198957,0.192462931933577,0.129947166332317,0.205512352019258,0.215979339256728,1,0.982741888470681,0.98892028200662,0.980587862244569,0.909687078675288,0.846015111018195,0.710637535364758,0.652189698638534,0.821244406218548,0.906551793743507,0.908702466449186,0.82295090633701,0.923164297608713,0.921808344780104,0.807537068066423,0.870052833667683,0.794487647980742,0.784020660743272,0,1e+05,1725.81115293186,98471.4796834333,3298095.68937131,32.9809568937131,2023,"Males","B'Tselem historical average",41.9729931062869
0,1,0.0140254,0.00270311,0.00315415,0.0229715,0.0692366,0.0922547,0.0600092,0.047023,0.0260832,0.0132099,0.0158668,0.0124125,0.0468273,0.0274826,0.0328187,0.0529836,0.0428007,0.283757,0.12130301557,0.0138546541794425,0.0107542998888549,0.0156473646618793,0.108619611486826,0.295103152652628,0.374825065154279,0.260904347130449,0.210382910946417,0.122432426343024,0.0639379647002649,0.0763071252622234,0.0601945867305186,0.209599100144508,0.128578800634225,0.151651026168694,0.233931647856567,0.193318122577494,1,0.986145345820557,0.989245700111145,0.984352635338121,0.891380388513174,0.704896847347372,0.625174934845721,0.739095652869551,0.789617089053583,0.877567573656976,0.936062035299735,0.923692874737777,0.939805413269481,0.790400899855492,0.871421199365775,0.848348973831306,0.766068352143433,0.806681877422506,0,1e+05,1385.46541794426,98782.5957152203,2963163.48028835,29.6316348028835,2023,"Males","B'Tselem historical average",45.3223151971165
0,1,0.0142254,0.0012532,0.00731651,0.00628146,0.0425445,0.0774718,0.0748203,0.0348334,0.0257378,0.0379169,0.0174713,0.0118201,0.019035,0.0287793,0.0324104,0.0458837,0.0432634,0.249726,0.12090392557,0.0140497015514211,0.00500026732996418,0.0359254281148584,0.0309217161915289,0.192272189576415,0.324508379343031,0.315152069109092,0.160214923692614,0.120909160520865,0.173169384419738,0.0837006040894308,0.0574041917817999,0.0908515995083943,0.134238289954762,0.149905737697336,0.205810169781941,0.195204025416942,1,0.985950298448579,0.994999732670036,0.964074571885142,0.969078283808471,0.807727810423585,0.675491620656969,0.684847930890908,0.839785076307386,0.879090839479135,0.826830615580262,0.916299395910569,0.9425958082182,0.909148400491606,0.865761710045238,0.850094262302664,0.794189830218059,0.804795974583058,0,1e+05,1404.9701551421,98764.8962519233,3332525.86419646,33.3252586419646,2023,"Males","B'Tselem historical average",41.6286913580355
0,1,0.0165388,0.00325744,0.00428497,0.023833,0.0463541,0.0706278,0.0952961,0.0338003,0.0416205,0.0196808,0.0257739,0.0298647,0.0134757,0.0206529,0.0315386,0.0511615,0.0816767,0.232926,0.11628765154,0.0163005585059766,0.0129454221282849,0.021197770473634,0.112464107325291,0.20770101585266,0.300142915484381,0.384804564380781,0.155833456085669,0.188489891207496,0.0937893751632193,0.121068482591347,0.138949301954778,0.0651825488172582,0.0981944971733227,0.146168152744621,0.226799050894192,0.339134942587009,1,0.983699441494023,0.987054577871715,0.978802229526366,0.887535892674709,0.79229898414734,0.699857084515619,0.615195435619219,0.844166543914331,0.811510108792504,0.906210624836781,0.878931517408653,0.861050698045222,0.934817451182742,0.901805502826677,0.853831847255379,0.773200949105808,0.660865057412991,0,1e+05,1630.05585059765,98559.4995161474,3036684.94030215,30.3668494030215,2023,"Males","B'Tselem historical average",44.5871005969785
0,1,0.0148338,0.00177935,0.00140777,0.00264208,0.032046,0.0816056,0.0850525,0.0231299,0.0340539,0.0361824,0.0248592,0.0615459,0.0396797,0.0363474,0.0306921,0.0570813,0.0602172,0.303285,0.11968989379,0.0146425919958828,0.00709216112620019,0.00701416417524753,0.0131237152361224,0.14834531508219,0.338889747129186,0.350693997041557,0.109327655644283,0.156910927421687,0.165904905837558,0.117023239699176,0.266694601772001,0.180493663910342,0.166598448850618,0.142524555244919,0.249764319826692,0.261690349687061,1,0.985357408004117,0.9929078388738,0.992985835824752,0.986876284763878,0.85165468491781,0.661110252870814,0.649306002958443,0.890672344355717,0.843089072578313,0.834095094162442,0.882976760300824,0.733305398227999,0.819506336089658,0.833401551149382,0.857475444755081,0.750235680173308,0.738309650312939,0,1e+05,1464.25919958828,98710.9978284915,3326429.98982624,33.2642998982624,2023,"Males","B'Tselem historical average",41.6896501017376
0,1,0.0143039,0.00222408,0.00201528,0.0332084,0.0537632,0.0634539,0.0710686,0.0421785,0.0360261,0.0521875,0.0281223,0.0442862,0.0123855,0.030208,0.0237902,0.0493256,0.0456957,0.236862,0.120747282745,0.0141262379367274,0.00885692298943531,0.0100258875732286,0.153313739992115,0.236965888816017,0.273830471595988,0.301733547937604,0.190775897064195,0.165247447343175,0.230822391154112,0.131375076701214,0.19935888172984,0.0600675823955983,0.140434394525439,0.112273478716591,0.219553927040881,0.205053358154454,1,0.985873762063273,0.991143077010565,0.989974112426771,0.846686260007885,0.763034111183983,0.726169528404012,0.698266452062396,0.809224102935805,0.834752552656825,0.769177608845888,0.868624923298786,0.80064111827016,0.939932417604402,0.859565605474561,0.887726521283409,0.780446072959119,0.794946641845546,0,1e+05,1412.62379367274,98757.9466909542,2980436.861033,29.80436861033,2023,"Males","B'Tselem historical average",45.14958138967
0,1,0.0167885,0.00158845,0.0079037,0.00685016,0.0444374,0.113421,0.046823,0.0315774,0.01583,0.0163952,0.0514983,0.01471,0.0140957,0.0501984,0.0582551,0.0478553,0.0720606,0.235814,0.115789387675,0.0165429273590467,0.0063336785366569,0.0387527742454898,0.0336741172720689,0.199971469547792,0.44182454554839,0.209581870226018,0.146334817346784,0.0761368828607845,0.0787482660703101,0.228121789162883,0.0709411395915218,0.0680794318801185,0.223005679273849,0.254247470459139,0.21370875816363,0.30530232770962,1,0.983457072640953,0.993666321463343,0.96124722575451,0.966325882727931,0.800028530452208,0.55817545445161,0.790418129773982,0.853665182653216,0.923863117139216,0.92125173392969,0.771878210837117,0.929058860408478,0.931920568119881,0.776994320726151,0.74575252954086,0.78629124183637,0.69469767229038,0,1e+05,1654.29273590467,98537.2568070209,3189234.29641645,31.8923429641645,2023,"Males","B'Tselem historical average",43.0616070358355
0,1,0.0140972,0.00106299,0.00177518,0.0194469,0.0415602,0.0585794,0.0708843,0.0466134,0.0170168,0.0532994,0.0239036,0.0456657,0.0173348,0.0285105,0.0382096,0.0546105,0.0711502,0.237421,0.12115974226,0.0139246844816916,0.00424293959527923,0.0088366832416079,0.092726397548772,0.188242509175419,0.255482038661135,0.301068861289281,0.208741609633746,0.0816120597539475,0.235162014333132,0.11277847133169,0.20493253126727,0.0830738294529955,0.133067917822317,0.174389607165156,0.240251819964563,0.302027676099893,1,0.986075315518308,0.995757060404721,0.991163316758392,0.907273602451228,0.811757490824581,0.744517961338865,0.698931138710719,0.791258390366254,0.918387940246052,0.764837985666868,0.88722152866831,0.79506746873273,0.916926170547004,0.866932082177683,0.825610392834844,0.759748180035437,0.697972323900107,0,1e+05,1392.46844816917,98776.2426701162,3273184.39022315,32.7318439022315,2023,"Males","B'Tselem historical average",42.2221060977685
0,1,0.0215519,0.00265118,0.00125743,0.00302201,0.0718745,0.0514851,0.0921708,0.0430032,0.0321182,0.0218748,0.0140421,0.0180905,0.0238107,0.0256699,0.038657,0.0698887,0.0590659,0.219305,0.106284261145,0.021144627572085,0.0105487865362218,0.00626744780775773,0.0149967491849887,0.304633965175062,0.228069985033836,0.374548022759579,0.19414397006613,0.148654696793609,0.103702804718367,0.0678293342633515,0.0865386800226267,0.112364789279742,0.120609420586234,0.176251604328667,0.297469166634567,0.257330810238791,1,0.978855372427915,0.989451213463778,0.993732552192242,0.985003250815011,0.695366034824938,0.771930014966164,0.625451977240421,0.80585602993387,0.851345303206391,0.896297195281633,0.932170665736649,0.913461319977373,0.887635210720258,0.879390579413766,0.823748395671333,0.702530833365433,0.742669189761209,0,1e+05,2114.4627572085,98110.27135466,3207666.88483008,32.0766688483008,2023,"Males","B'Tselem historical average",42.8772811516992
0,1,0.0228295,0.00427459,0.00103081,0.0166106,0.0525224,0.10992,0.058914,0.0293719,0.0435593,0.0395945,0.0189745,0.0197464,0.0155781,0.0277103,0.0245242,0.0456932,0.0799999,0.233119,0.103734874225,0.0223717453494184,0.0169534221424879,0.0051408020246624,0.0797416100310458,0.232131713258835,0.431126451208033,0.256753988764779,0.136813331286933,0.196408011285075,0.180141016322998,0.0905759181048011,0.0940872869904304,0.0749707455710491,0.129575088558774,0.115537347458637,0.205043289868457,0.333332986111039,1,0.977628254650582,0.983046577857512,0.994859197975338,0.920258389968954,0.767868286741165,0.568873548791967,0.743246011235221,0.863186668713067,0.803591988714925,0.819858983677002,0.909424081895199,0.90591271300957,0.925029254428951,0.870424911441225,0.884462652541363,0.794956710131543,0.666667013888961,0,1e+05,2237.17453494185,97994.8984840597,2996811.24907156,29.9681124907156,2023,"Males","B'Tselem historical average",44.9858375092844
0,1,0.0195034,0.00412763,0.00656353,0.0317776,0.0426735,0.104396,0.0468463,0.0433391,0.0272489,0.0161397,0.0384416,0.0225331,0.0108071,0.0268864,0.0400391,0.0458356,0.0516625,0.224046,0.11037194047,0.0191707723027011,0.0163753373327306,0.0322878444114257,0.147194296322922,0.192798981642226,0.413944599084846,0.209675228372709,0.19551219371357,0.127555155788581,0.0775686626390128,0.17535562318904,0.106657206263841,0.0526139884145138,0.125965127959101,0.181979737709672,0.205616599481962,0.228765948025351,1,0.980829227697299,0.98362466266727,0.967712155588574,0.852805703677078,0.807201018357774,0.586055400915154,0.790324771627291,0.80448780628643,0.872444844211419,0.922431337360987,0.82464437681096,0.893342793736159,0.947386011585486,0.874034872040899,0.818020262290328,0.794383400518038,0.771234051974649,0,1e+05,1917.07723027011,98294.5143036657,2976387.56144602,29.7638756144602,2023,"Males","B'Tselem historical average",45.1900743855398
0,1,0.0224077,0.00195725,0.00829021,0.00603159,0.040749,0.0934827,0.0642114,0.0593942,0.0167694,0.0313297,0.0265011,0.030971,0.0517678,0.0319052,0.0251394,0.0758432,0.0861712,0.240386,0.104576555035,0.0219669468328923,0.00779847287791938,0.0406093988881095,0.0297099543412373,0.184907963489424,0.378869208586238,0.276647234428108,0.258576185768127,0.080473278508451,0.145270311782379,0.124272129661565,0.143726608054834,0.229178794947316,0.147741680350225,0.118264268143578,0.318773915441053,0.354489118236539,1,0.978033053167108,0.992201527122081,0.95939060111189,0.970290045658763,0.815092036510576,0.621130791413762,0.723352765571892,0.741423814231873,0.919526721491549,0.854729688217621,0.875727870338435,0.856273391945166,0.770821205052684,0.852258319649775,0.881735731856422,0.681226084558947,0.645510881763461,0,1e+05,2196.69468328923,98033.0280791529,3096307.81128001,30.9630781128001,2023,"Males","B'Tselem historical average",43.9908718871999
0,1,0.0154887,0.00233633,0.00156476,0.0157578,0.0361018,0.133548,0.0511581,0.0332841,0.0155595,0.0284431,0.0117841,0.0136705,0.040588,0.0220277,0.0326769,0.0585513,0.0557076,0.210793,0.118383073585,0.0152800493961436,0.00930185559145205,0.00779331333755482,0.075802787103453,0.165565929789788,0.500603507088397,0.226785687766661,0.153636378533161,0.074884583314784,0.132774223695048,0.057234361404435,0.0660936663358881,0.184244691185416,0.104389830335781,0.151045271887637,0.255375134690492,0.244488351741336,1,0.984719950603856,0.990698144408548,0.992206686662445,0.924197212896547,0.834434070210212,0.499396492911603,0.773214312233339,0.846363621466839,0.925115416685216,0.867225776304952,0.942765638595565,0.933906333664112,0.815755308814584,0.895610169664219,0.848954728112363,0.744624865309508,0.755511648258664,0,1e+05,1528.00493961436,98652.8849815903,3150761.20342258,31.5076120342258,2023,"Males","B'Tselem historical average",43.4463379657742
0,1,0.0142717,0.00187938,0.00648741,0.013152,0.0416435,0.0803591,0.077378,0.0340772,0.0222353,0.0202092,0.0151717,0.024968,0.0221245,0.0246456,0.0333325,0.0488276,0.0554092,0.223278,0.120811536235,0.0140948447383416,0.00748936925840627,0.0319193649810704,0.0636666408488885,0.188584231399307,0.334579276212317,0.32417916200579,0.157009859075759,0.105321843057651,0.0961863757385607,0.0730863881136407,0.117505318047477,0.10482452451824,0.116076087918961,0.153842603543468,0.217578419865445,0.243338079248289,1,0.985905155261658,0.992510630741594,0.96808063501893,0.936333359151111,0.811415768600693,0.665420723787683,0.67582083799421,0.842990140924241,0.894678156942349,0.903813624261439,0.926913611886359,0.882494681952523,0.89517547548176,0.883923912081039,0.846157396456532,0.782421580134555,0.756661920751711,0,1e+05,1409.48447383415,98760.7975107491,3285594.68266554,32.8559468266554,2023,"Males","B'Tselem historical average",42.0980031733446
0,1,0.0143528,0.00506604,0.00175148,0.00721334,0.0377267,0.104424,0.0618543,0.0450146,0.0318106,0.0236461,0.0228041,0.0156406,0.0180972,0.0348443,0.0262694,0.049025,0.0797719,0.239288,0.12064970524,0.0141739091240388,0.0200609013427234,0.00871922114636641,0.0354278177625517,0.172375594177828,0.414032639208285,0.267852004409183,0.202306171527856,0.147335892171244,0.111631382892466,0.107870760950521,0.0752602127896072,0.0865693432053599,0.160261040560955,0.123252572199647,0.21836200656979,0.332540942893904,1,0.985826090875961,0.979939098657277,0.991280778853634,0.964572182237448,0.827624405822172,0.585967360791715,0.732147995590817,0.797693828472144,0.852664107828756,0.888368617107534,0.892129239049479,0.924739787210393,0.91343065679464,0.839738959439045,0.876747427800354,0.78163799343021,0.667459057106096,0,1e+05,1417.39091240388,98753.6168833875,3226709.84894799,32.2670984894799,2023,"Males","B'Tselem historical average",42.6868515105201
0,1,0.0143102,0.00466798,0.00755266,0.0198855,0.0632624,0.113149,0.0667432,0.0301609,0.02099,0.020354,0.0138214,0.0357531,0.018265,0.0230762,0.0509519,0.0426723,0.0564602,0.243003,0.12073471141,0.0141323798654963,0.0184992120958417,0.0370634803365042,0.0947186792589885,0.273116920345791,0.440998618335026,0.28599538247156,0.14023078341151,0.0997173329532768,0.0968421853961185,0.0667988654042541,0.164097971993774,0.0873369753625094,0.109087677349849,0.22597487669971,0.192794082665665,0.247382794819789,1,0.985867620134504,0.981500787904158,0.962936519663496,0.905281320741012,0.726883079654209,0.559001381664974,0.71400461752844,0.85976921658849,0.900282667046723,0.903157814603881,0.933201134595746,0.835902028006226,0.912663024637491,0.890912322650151,0.77402512330029,0.807205917334335,0.752617205180211,0,1e+05,1413.23798654963,98757.3888939101,2876102.30576629,28.7610230576629,2023,"Males","B'Tselem historical average",46.1929269423371
0,1,0.0180403,0.007324,0.00452822,0.0138523,0.0583182,0.122814,0.0824206,0.0301729,0.0218224,0.0180571,0.00755196,0.0153212,0.0208587,0.0303619,0.0294791,0.0453543,0.0792187,0.280558,0.113291483365,0.0177562621714177,0.0288730673100425,0.0223876593825766,0.0669432065497763,0.254487820906959,0.469819094362431,0.341696022101875,0.140282663087331,0.103467241189657,0.0863858071062541,0.0370601088509058,0.0737800044880926,0.0991244804966608,0.141099386353671,0.137278391428128,0.203677386745789,0.330616063187851,1,0.982243737828582,0.971126932689958,0.977612340617423,0.933056793450224,0.745512179093041,0.530180905637569,0.658303977898125,0.859717336912669,0.896532758810343,0.913614192893746,0.962939891149094,0.926219995511907,0.900875519503339,0.858900613646329,0.862721608571872,0.796322613254211,0.669383936812149,0,1e+05,1775.62621714176,98425.5371109,2882061.59649839,28.8206159649839,2023,"Males","B'Tselem historical average",46.1333340350161
0,1,0.0162183,0.00228248,0.00820381,0.0151328,0.0472767,0.120238,0.0677603,0.0277271,0.0395357,0.00771389,0.0225003,0.00914359,0.040517,0.0276243,0.0424954,0.0501231,0.0429687,0.210237,0.116927193265,0.0159893021783333,0.00908843167295025,0.0401946762819289,0.0729058267619422,0.211398000387679,0.462242281417351,0.289722321453958,0.129648553949469,0.179897560084425,0.0378397213791269,0.106510220229429,0.0446962397724476,0.183952038173328,0.129198925318323,0.192071601196306,0.222708410210451,0.194003323485384,1,0.984010697821667,0.99091156832705,0.959805323718071,0.927094173238058,0.788601999612321,0.537757718582649,0.710277678546042,0.870351446050531,0.820102439915575,0.962160278620873,0.89348977977057,0.955303760227552,0.816047961826672,0.870801074681677,0.807928398803694,0.777291589789549,0.805996676514616,0,1e+05,1598.93021783333,98588.0282047645,2981305.58924791,29.8130558924791,2023,"Males","B'Tselem historical average",45.1408941075209
0,1,0.0144697,0.00114278,0.00434342,0.0211956,0.0481679,0.0869808,0.0721995,0.0357749,0.0319743,0.0168452,0.0154073,0.0162535,0.0165088,0.0222356,0.0278498,0.0439813,0.0456419,0.212051,0.120416437135,0.0142878540482978,0.00456069625506727,0.0214838169000005,0.100644926015371,0.214954707822671,0.357224761222619,0.305800832063566,0.164189814512034,0.148037973555371,0.0808223292483637,0.0741792452852899,0.0780942382466454,0.0792722746794306,0.105323189233688,0.130184938733172,0.198122308304426,0.204836663697915,1,0.985712145951702,0.995439303744933,0.9785161831,0.899355073984629,0.785045292177329,0.642775238777381,0.694199167936434,0.835810185487966,0.851962026444629,0.919177670751636,0.92582075471471,0.921905761753355,0.92072772532057,0.894676810766311,0.869815061266828,0.801877691695574,0.795163336302085,0,1e+05,1428.78540482977,98743.2638430503,3178728.78614426,31.7872878614426,2023,"Males","B'Tselem historical average",43.1666621385574
0,1,0.0168067,0.00309979,0.00491443,0.0148669,0.0547597,0.0923659,0.0750561,0.0323147,0.0307265,0.0274267,0.0207324,0.0156942,0.0145615,0.0215118,0.0250019,0.0423794,0.0890538,0.212151,0.115753070485,0.0165605885743048,0.0123227640385221,0.0242739188129205,0.0716706972766446,0.240829167580153,0.375192108145589,0.315988364321603,0.149496188771744,0.142672902642396,0.128334051195211,0.0985538551345226,0.0755083905428558,0.0702501317657332,0.102069740396354,0.117655474010822,0.191597529179704,0.364188152714487,1,0.983439411425695,0.987677235961478,0.97572608118708,0.928329302723355,0.759170832419847,0.624807891854412,0.684011635678397,0.850503811228256,0.857327097357604,0.871665948804789,0.901446144865477,0.924491609457144,0.929749868234267,0.897930259603646,0.882344525989178,0.808402470820296,0.635811847285513,0,1e+05,1656.05885743049,98535.635040221,3080426.00749512,30.8042600749512,2023,"Males","B'Tselem historical average",44.1496899250488
0,1,0.0167529,0.00186792,0.00348082,0.0107188,0.0563454,0.0610222,0.0836069,0.0251041,0.0251668,0.0367029,0.0552163,0.0407782,0.0105707,0.0456093,0.0265093,0.0492477,0.0664482,0.22075,0.115860425695,0.0165083795027011,0.00744387088937663,0.0172539552189866,0.0521953219575048,0.246941899710176,0.264725646617451,0.345763883848638,0.118108011661144,0.118385537158593,0.168090937797757,0.242593685683048,0.185028206930379,0.0514927148966061,0.204705332675956,0.124308192107417,0.219245195913079,0.284911379227104,1,0.983491620497299,0.992556129110623,0.982746044781013,0.947804678042495,0.753058100289824,0.735274353382549,0.654236116151362,0.881891988338856,0.881614462841407,0.831909062202243,0.757406314316952,0.814971793069621,0.948507285103394,0.795294667324044,0.875691807892583,0.780754804086921,0.715088620772896,0,1e+05,1650.8379502701,98540.4288374017,3177232.44071493,31.7723244071493,2023,"Males","B'Tselem historical average",43.1816255928507
0,1,0.0145754,0.00267925,0.00543705,0.00545343,0.0577149,0.117679,0.0770348,0.0188797,0.0334509,0.0373093,0.0291132,0.018657,0.0191488,0.027763,0.0256109,0.0447514,0.0551178,0.256043,0.12020551807,0.0143908608609543,0.0106598790381739,0.0268206864666167,0.0269004013605212,0.252187114730152,0.454640810231823,0.322973502142821,0.0901437811381167,0.154346893731216,0.170631175691896,0.135690069659941,0.0891278540666942,0.0913699383130764,0.129805523151839,0.120348891440515,0.201242311997219,0.242213334657533,1,0.985609139139046,0.989340120961826,0.973179313533383,0.973099598639479,0.747812885269848,0.545359189768177,0.677026497857179,0.909856218861883,0.845653106268784,0.829368824308104,0.864309930340059,0.910872145933306,0.908630061686924,0.870194476848161,0.879651108559485,0.798757688002781,0.757786665342467,0,1e+05,1439.08608609543,98733.900002431,2985185.71776324,29.8518571776324,2023,"Males","B'Tselem historical average",45.1020928223676
0,1,0.0160736,0.0071347,0.00967294,0.0060405,0.0684631,0.127395,0.0480731,0.0357803,0.0205705,0.0376098,0.0101706,0.0265655,0.0285184,0.0276072,0.0303315,0.0497896,0.0554038,0.223314,0.11721593488,0.015848714382795,0.0281372976449847,0.0472227430984336,0.0297531896448753,0.292288122586389,0.483110382161378,0.214577041112265,0.164212563073641,0.097821887174683,0.17188737546554,0.0495920477966973,0.12455531448277,0.133102335862357,0.129124112035532,0.140968067640877,0.221390623527089,0.24331724943885,1,0.984151285617205,0.971862702355015,0.952777256901566,0.970246810355125,0.707711877413611,0.516889617838622,0.785422958887735,0.83578743692636,0.902178112825317,0.82811262453446,0.950407952203303,0.87544468551723,0.866897664137643,0.870875887964468,0.859031932359123,0.778609376472911,0.75668275056115,0,1e+05,1584.8714382795,98600.900749023,2866144.12202077,28.6614412202077,2023,"Males","B'Tselem historical average",46.2925087797923
0,1,0.0202269,0.00448643,0.0047603,0.025045,0.0519252,0.0634752,0.072299,0.047591,0.0344058,0.00972694,0.0211414,0.0495727,0.0173299,0.042327,0.0278932,0.0509684,0.0882137,0.24579,0.108928232395,0.0198687924443401,0.0177861275673956,0.0235215756090704,0.117846345681046,0.229795550237075,0.273909801430584,0.306157751763184,0.212653963104709,0.158403962378035,0.0474801095578436,0.100400483068157,0.220532518989698,0.0830513222273314,0.19138329787691,0.130374588799261,0.226039784605751,0.361373308450787,1,0.98013120755566,0.982213872432604,0.97647842439093,0.882153654318954,0.770204449762925,0.726090198569416,0.693842248236816,0.787346036895291,0.841596037621965,0.952519890442156,0.899599516931843,0.779467481010301,0.916948677772669,0.80861670212309,0.869625411200739,0.773960215394249,0.638626691549213,0,1e+05,1986.87924443402,98229.5479996445,3050993.54480322,30.5099354480322,2023,"Males","B'Tselem historical average",44.4440145519678
0,1,0.0179841,0.00432595,0.0079866,0.0170347,0.0393909,0.0897277,0.0620959,0.0356465,0.0185675,0.0246148,0.0305324,0.0225726,0.0149424,0.0216067,0.0319142,0.0449418,0.0787253,0.239977,0.113403627655,0.0177018504065261,0.0171553734246671,0.0391512858510549,0.0816944009695117,0.179297750590647,0.366439145672177,0.268757632344282,0.163648738139753,0.0887192627234556,0.115939434989077,0.141835550588063,0.106834186598942,0.0720215625108449,0.102496947984935,0.147780276730888,0.202012038428397,0.328895506462683,1,0.982298149593474,0.982844626575333,0.960848714148945,0.918305599030488,0.820702249409353,0.633560854327823,0.731242367655718,0.836351261860247,0.911280737276544,0.884060565010923,0.858164449411937,0.893165813401058,0.927978437489155,0.897503052015065,0.852219723269112,0.797987961571603,0.671104493537317,0,1e+05,1770.18504065261,98430.560364578,3193751.19825769,31.9375119825769,2023,"Males","B'Tselem historical average",43.0164380174231
0,1,0.015914,0.00423905,0.0108684,0.00683107,0.0426848,0.0950154,0.0650754,0.0200134,0.0300631,0.0319681,0.0501877,0.0216115,0.0473918,0.0510306,0.041273,0.0465511,0.0788101,0.216259,0.1175344087,0.0156936059438022,0.016813652175491,0.0529045309885112,0.0335818500784613,0.192845112368891,0.383888662857762,0.279848815912431,0.0952988642743303,0.139807856102976,0.148011392507919,0.222963443914616,0.10251855084598,0.211858152071629,0.226284425047879,0.187063337208485,0.208491704532807,0.329191468601017,1,0.984306394056198,0.983186347824509,0.947095469011489,0.966418149921539,0.807154887631109,0.616111337142238,0.720151184087569,0.90470113572567,0.860192143897023,0.851988607492081,0.777036556085384,0.89748144915402,0.788141847928371,0.773715574952121,0.812936662791515,0.791508295467193,0.670808531398983,0,1e+05,1569.36059438022,98615.0932751173,3090784.48926138,30.9078448926138,2023,"Males","B'Tselem historical average",44.0461051073862
0,1,0.013847,0.00209351,0.00219995,0.00676235,0.0432885,0.0831826,0.0612885,0.0500818,0.0228814,0.0341498,0.0397061,0.013448,0.0155639,0.0376118,0.0435455,0.0471503,0.0484847,0.265944,0.12165900385,0.0136806111027869,0.00833912392135879,0.0109395836573326,0.0332496358131474,0.195306217057289,0.344311239684542,0.265727413538382,0.222545323983329,0.108216630005481,0.157318050129241,0.180602907260099,0.065052920802616,0.0749049664804859,0.171895730416776,0.196351896254161,0.210892400161646,0.216215625638957,1,0.986319388897213,0.991660876078641,0.989060416342667,0.966750364186853,0.804693782942711,0.655688760315458,0.734272586461618,0.777454676016671,0.891783369994519,0.842681949870759,0.819397092739901,0.934947079197384,0.925095033519514,0.828104269583224,0.803648103745839,0.789107599838354,0.783784374361043,0,1e+05,1368.06111027868,98798.3758416037,3296915.26628122,32.9691526628121,2023,"Males","B'Tselem historical average",41.9847973371879
0,1,0.0148242,0.00403736,0.00991838,0.0134765,0.0339235,0.09002,0.0611458,0.0547528,0.0437148,0.0128737,0.0547957,0.0106953,0.0160137,0.0240925,0.026885,0.0522393,0.101526,0.232724,0.11970905011,0.0146332419131767,0.0160200823208819,0.0483919750073173,0.0651862923285846,0.156357053720299,0.367413574956124,0.265190748782706,0.240802475542756,0.197040080700486,0.0623614437054237,0.240968417247569,0.0520838685029997,0.0769864069380407,0.113619080742998,0.125958981927217,0.23102503475483,0.404868341820763,1,0.985366758086823,0.983979917679118,0.951608024992683,0.934813707671415,0.843642946279701,0.632586425043876,0.734809251217294,0.759197524457244,0.802959919299514,0.937638556294576,0.759031582752431,0.947916131497,0.923013593061959,0.886380919257002,0.874041018072783,0.76897496524517,0.595131658179237,0,1e+05,1463.32419131768,98711.848957628,3098884.45364708,30.9888445364708,2023,"Males","B'Tselem historical average",43.9651054635292
0,1,0.017258,0.00217824,0.00337747,0.00625029,0.0457217,0.0748476,0.0967621,0.0343125,0.0233752,0.0470626,0.017571,0.0262805,0.0225432,0.0466647,0.0538156,0.0436674,0.0757662,0.235258,0.1148525239,0.0169983355485298,0.00867516680929863,0.0167459526185238,0.030770636496038,0.205158061633526,0.315248934605545,0.389571185080343,0.15800834652468,0.110423095164762,0.210541432005272,0.0841581431660724,0.123301441187199,0.106702462612107,0.208947337902458,0.237169458255732,0.196847458253638,0.31850181875047,1,0.98300166445147,0.991324833190701,0.983254047381476,0.969229363503962,0.794841938366474,0.684751065394455,0.610428814919657,0.84199165347532,0.889576904835238,0.789458567994728,0.915841856833928,0.876698558812801,0.893297537387893,0.791052662097542,0.762830541744268,0.803152541746362,0.68149818124953,0,1e+05,1699.83355485299,98495.3966191318,3164102.72383745,31.6410272383745,2023,"Males","B'Tselem historical average",43.3129227616255
0,1,0.0187796,0.00695286,0.00320177,0.013947,0.0325264,0.0861749,0.043803,0.0434916,0.0487791,0.0210558,0.0381945,0.00999474,0.0188951,0.0391832,0.0243764,0.0636392,0.0445294,0.218665,0.11181624718,0.0184715002594546,0.027430006016733,0.0158817259160345,0.0673854382324307,0.150401917663292,0.354501641281769,0.197398395233921,0.196132688871672,0.21738579180715,0.100014297392412,0.174326697391227,0.0487554547651026,0.090213993909215,0.178436697942909,0.114881034854907,0.274520359797015,0.200344004243589,1,0.981528499740545,0.972569993983267,0.984118274083965,0.932614561767569,0.849598082336708,0.645498358718231,0.802601604766079,0.803867311128328,0.78261420819285,0.899985702607588,0.825673302608773,0.951244545234897,0.909786006090785,0.821563302057091,0.885118965145093,0.725479640202985,0.799655995756411,0,1e+05,1847.15002594546,98359.3913579342,3285191.11799016,32.8519111799016,2023,"Males","B'Tselem historical average",42.1020388200984
0,1,0.0209083,0.00198152,0.00140172,0.00684757,0.0473202,0.114356,0.0485732,0.0379428,0.0459069,0.0166425,0.010315,0.0205872,0.0251149,0.0218519,0.0260158,0.0591361,0.0508196,0.241161,0.107568532765,0.0205253135592552,0.00789479262105107,0.00698412552890904,0.0336615996010496,0.211571934377209,0.444657007986686,0.216567552408392,0.17327742344434,0.205903519322083,0.0798886335407454,0.0502784446096292,0.0978974158034291,0.118155820932176,0.10359986526077,0.122135376199662,0.257597257109602,0.225454261527227,1,0.979474686440745,0.992105207378949,0.993015874471091,0.96633840039895,0.788428065622791,0.555342992013314,0.783432447591608,0.82672257655566,0.794096480677917,0.920111366459255,0.949721555390371,0.902102584196571,0.881844179067824,0.89640013473923,0.877864623800338,0.742402742890398,0.774545738472773,0,1e+05,2052.53135592553,98168.2564304855,3202452.7423278,32.024527423278,2023,"Males","B'Tselem historical average",42.929422576722
0,1,0.0146637,0.00124213,0.0103515,0.0234483,0.0323709,0.123424,0.0587097,0.0396624,0.0266086,0.0404112,0.0213072,0.0280472,0.016467,0.0270267,0.0327692,0.0583175,0.0436575,0.227744,0.120029319835,0.0144768955532318,0.00495620749197598,0.0504518687028072,0.110749293361197,0.149736719099273,0.471602372073119,0.255977582335843,0.180422069296806,0.124744789486194,0.18351576889961,0.101148045891454,0.131047230305443,0.0790794948939532,0.126580843773937,0.151439612615685,0.254485154941716,0.196807221787077,1,0.985523104446768,0.995043792508024,0.949548131297193,0.889250706638803,0.850263280900727,0.528397627926881,0.744022417664157,0.819577930703194,0.875255210513806,0.81648423110039,0.898851954108546,0.868952769694557,0.920920505106047,0.873419156226063,0.848560387384315,0.745514845058284,0.803192778212923,0,1e+05,1447.68955532319,98726.0756373345,2943392.96711583,29.4339296711583,2023,"Males","B'Tselem historical average",45.5200203288417
0,1,0.0175238,0.00248225,0.00947959,0.0265686,0.0481977,0.0923572,0.0613395,0.0407989,0.0204885,0.0168063,0.0240966,0.00710942,0.0277869,0.0289281,0.0423223,0.0579419,0.0458877,0.234439,0.11432213329,0.017255979573319,0.00987995098334319,0.046300671542628,0.124568943893198,0.215073392835349,0.375163397630826,0.265919133306383,0.185113438350232,0.0974509409888736,0.0806432148458409,0.113637317535675,0.0349263350378874,0.129910008932017,0.134885543754303,0.191364079993254,0.253053498708024,0.205826265223284,1,0.982744020426681,0.990120049016657,0.953699328457372,0.875431056106802,0.784926607164651,0.624836602369174,0.734080866693617,0.814886561649768,0.902549059011126,0.919356785154159,0.886362682464325,0.965073664962113,0.870089991067983,0.865114456245697,0.808635920006746,0.746946501291976,0.794173734776716,0,1e+05,1725.59795733191,98471.6760823511,3033737.32973208,30.3373732973208,2023,"Males","B'Tselem historical average",44.6165767026792
0,1,0.0145448,0.0036854,0.00217468,0.0172443,0.0446247,0.0876198,0.0529875,0.0481921,0.0330551,0.0465902,0.0135851,0.0302986,0.0340077,0.0210976,0.0262515,0.0594814,0.101511,0.263957,0.12026657884,0.0143610426091497,0.0146337376465548,0.0108146042411223,0.0826580494928271,0.20072973903609,0.3593775314292,0.233946852838103,0.215051090815746,0.152660019475582,0.208648555207884,0.0656943395688094,0.140825928785267,0.156714731098089,0.100202898330458,0.12317376009234,0.258906671739052,0.404820632049945,1,0.98563895739085,0.985366262353445,0.989185395758878,0.917341950507173,0.79927026096391,0.6406224685708,0.766053147161897,0.784948909184254,0.847339980524418,0.791351444792116,0.934305660431191,0.859174071214733,0.843285268901911,0.899797101669542,0.87682623990766,0.741093328260948,0.595179367950055,0,1e+05,1436.10426091497,98736.6110854028,3132761.56233205,31.3276156233205,2023,"Males","B'Tselem historical average",43.6263343766795
0,1,0.0137587,0.00375641,0.00332911,0.00804354,0.0552139,0.0714543,0.0744171,0.0271474,0.0368881,0.0199288,0.0292432,0.0172128,0.0162968,0.0346423,0.0222155,0.0482704,0.0565033,0.234339,0.121835202085,0.0135944463794295,0.0149135968314527,0.0165081563292072,0.0394249103906902,0.242584420203337,0.303122911382927,0.313720142043784,0.127110220031774,0.168867497192073,0.094915137994822,0.136254691978813,0.0825132881829129,0.0782941401423215,0.159406021917333,0.105232991209465,0.215362870267588,0.247548265258981,1,0.98640555362057,0.985086403168547,0.983491843670793,0.96057508960931,0.757415579796663,0.696877088617073,0.686279857956216,0.872889779968226,0.831132502807927,0.905084862005178,0.863745308021187,0.917486711817087,0.921705859857679,0.840593978082667,0.894767008790535,0.784637129732412,0.752451734741019,0,1e+05,1359.44463794296,98806.1835742442,3283812.64164772,32.8381264164772,2023,"Males","B'Tselem historical average",42.1158235835228
0,1,0.015359,0.00126539,0.00107474,0.00572275,0.0752794,0.126913,0.0507941,0.033783,0.0405712,0.0190423,0.0183459,0.00861442,0.0207536,0.02323,0.0305256,0.0450053,0.0523846,0.224033,0.11864188345,0.0151538654674421,0.00504878264186562,0.00535930036381748,0.02821015089738,0.31677956166415,0.48172278915115,0.225353881073421,0.155759907603571,0.184175452231104,0.0908848581634837,0.0877068473719953,0.0421640528496278,0.0986496609892346,0.109774826926258,0.141806201535983,0.202268602194176,0.231593206311621,1,0.984846134532558,0.994951217358134,0.994640699636183,0.97178984910262,0.68322043833585,0.51827721084885,0.774646118926579,0.844240092396429,0.815824547768896,0.909115141836516,0.912293152628005,0.957835947150372,0.901350339010765,0.890225173073742,0.858193798464017,0.797731397805824,0.768406793688379,0,1e+05,1515.38654674421,98664.4017673163,2995198.25961113,29.9519825961113,2023,"Males","B'Tselem historical average",45.0019674038887
0,1,0.0166676,0.00116543,0.00197417,0.0166056,0.0626034,0.106452,0.0772839,0.0305667,0.0121382,0.0237514,0.0296194,0.00783585,0.0268366,0.02057,0.035872,0.0486355,0.0797642,0.225937,0.11603063758,0.0164255911263399,0.00465087945112256,0.00982237241761081,0.0797185635526743,0.270656895301677,0.420383372955384,0.323848761711845,0.141983576528329,0.0589035425495623,0.112100632587881,0.137886696922904,0.0384264894810007,0.125746480034749,0.0978196257460114,0.164598781293591,0.216815209674669,0.332514180924713,1,0.98357440887366,0.995349120548877,0.990177627582389,0.920281436447326,0.729343104698323,0.579616627044616,0.676151238288155,0.858016423471671,0.941096457450438,0.88789936741212,0.862113303077096,0.961573510518999,0.874253519965251,0.902180374253989,0.835401218706409,0.783184790325331,0.667485819075287,0,1e+05,1642.55911263399,98548.0280684678,3017497.77858949,30.1749777858949,2023,"Males","B'Tselem historical average",44.7789722141051
0,1,0.0158693,0.00619014,0.00113924,0.0149768,0.0685028,0.0788033,0.0751859,0.0348961,0.0243815,0.0191885,0.0383324,0.0349475,0.0275907,0.0188154,0.0389018,0.0459429,0.0583495,0.22303,0.117623605315,0.0156501556327019,0.0244577660086386,0.00568002272727046,0.072181384597886,0.292432830710937,0.329167739654259,0.316448362630289,0.160480169861261,0.114903689251299,0.0915506985520834,0.174901056823543,0.160697555452095,0.129051918107667,0.0898505642342664,0.177268810471955,0.206048352827234,0.254607019316046,1,0.984349844367298,0.975542233991361,0.99431997727273,0.927818615402114,0.707567169289063,0.670832260345741,0.683551637369711,0.839519830138739,0.885096310748701,0.908449301447917,0.825098943176457,0.839302444547905,0.870948081892333,0.910149435765734,0.822731189528045,0.793951647172766,0.745392980683954,0,1e+05,1565.01556327019,98619.0672096557,3013625.57437443,30.1362557437443,2023,"Males","B'Tselem historical average",44.8176942562557
0,1,0.0180553,0.00322772,0.00281942,0.0125246,0.0389324,0.120763,0.0718019,0.0247918,0.0237672,0.0150624,0.0398536,0.0073022,0.0370152,0.0445227,0.039602,0.0452908,0.0639242,0.271684,0.113261551615,0.0177707839082457,0.0128280691691626,0.013998431356661,0.0607217121112292,0.177395881461473,0.463792550546026,0.304373085398766,0.116724475378291,0.112171022202757,0.072578966439745,0.181213021787249,0.0358564230686699,0.169400057480838,0.200316879205494,0.18017206473128,0.203421224961306,0.275580364206049,1,0.982229216091754,0.987171930830837,0.986001568643339,0.939278287888771,0.822604118538527,0.536207449453974,0.695626914601234,0.883275524621709,0.887828977797243,0.927421033560255,0.818786978212751,0.96414357693133,0.830599942519162,0.799683120794506,0.81982793526872,0.796578775038694,0.724419635793951,0,1e+05,1777.07839082456,98424.1962650617,3080798.37665069,30.8079837665069,2023,"Males","B'Tselem historical average",44.1459662334931
0,1,0.0172349,0.00539627,0.00341065,0.00622439,0.0716003,0.0653053,0.0985179,0.0570449,0.0156561,0.0126469,0.0219361,0.0148064,0.0146229,0.036718,0.0343132,0.0454383,0.0798565,0.21008,0.114898618795,0.0169759382782401,0.0213546095225436,0.0169090726781755,0.0306450826352401,0.303648237713165,0.280698715445537,0.395243179833663,0.249624927441483,0.0753319871884474,0.0612964740556636,0.103978303823731,0.0713894481859489,0.0705359014178908,0.168154278046703,0.15801131533649,0.204016134221058,0.332834920439756,1,0.98302406172176,0.978645390477456,0.983090927321825,0.96935491736476,0.696351762286835,0.719301284554464,0.604756820166337,0.750375072558517,0.924668012811553,0.938703525944336,0.896021696176269,0.928610551814051,0.929464098582109,0.831845721953297,0.84198868466351,0.795983865778942,0.667165079560244,0,1e+05,1697.59382782401,98497.4573582679,3048078.37528862,30.4807837528862,2023,"Males","B'Tselem historical average",44.4731662471138
0,1,0.0165453,0.00166772,0.00340098,0.013303,0.0700652,0.0832763,0.0761932,0.0449551,0.0147134,0.0151783,0.0149505,0.0189075,0.0312235,0.0221953,0.0367907,0.0520129,0.0615662,0.28206,0.116274681115,0.0163068691049264,0.00664870364790463,0.0168615356363289,0.0643740790654798,0.298108432617433,0.344632252812728,0.320009609545033,0.202065781468737,0.0709569548512298,0.0731170198442452,0.0720591974223432,0.0902705251159266,0.144813536368032,0.105142335786306,0.168459172780007,0.230139007094709,0.266770833739559,1,0.983693130895074,0.993351296352095,0.983138464363671,0.93562592093452,0.701891567382567,0.655367747187272,0.679990390454967,0.797934218531263,0.92904304514877,0.926882980155755,0.927940802577657,0.909729474884073,0.855186463631968,0.894857664213695,0.831540827219993,0.769860992905291,0.733229166260441,0,1e+05,1630.68691049264,98558.9206900233,3071037.83492163,30.7103783492163,2023,"Males","B'Tselem historical average",44.2435716507837
0,1,0.0138753,0.00411467,0.00269237,0.0185195,0.0566374,0.103225,0.0694428,0.0311713,0.0318914,0.0369663,0.0461225,0.0193902,0.0216157,0.0377329,0.0517925,0.0450527,0.0543992,0.210528,0.121602532615,0.0137082237795464,0.0163243414439814,0.0133718451134299,0.088500057942342,0.248062905053331,0.410253862586318,0.295852018605888,0.144588937157923,0.147682496108976,0.169195198805949,0.206770561897237,0.0924685412296234,0.102537452945894,0.172401480446181,0.229275607718145,0.202460068212147,0.239433520129437,1,0.986291776220454,0.983675658556019,0.98662815488657,0.911499942057658,0.751937094946669,0.589746137413682,0.704147981394112,0.855411062842077,0.852317503891024,0.830804801194051,0.793229438102763,0.907531458770377,0.897462547054106,0.827598519553819,0.770724392281855,0.797539931787853,0.760566479870563,0,1e+05,1370.82237795464,98795.87309497,2916878.8637367,29.168788637367,2023,"Males","B'Tselem historical average",45.785161362633
0,1,0.0141003,0.00629279,0.00462423,0.00909875,0.0315173,0.101302,0.0646943,0.0279992,0.0164779,0.0256893,0.0448676,0.0438667,0.0151144,0.0256635,0.0325797,0.0535399,0.0911616,0.228373,0.121153556365,0.0139277078649018,0.0248583038285021,0.0228569109665034,0.0444819252075446,0.146076646289732,0.404155578872616,0.278438104362373,0.130837627733884,0.0791297689505253,0.120695070324765,0.201712149862116,0.197657089391928,0.0728204080610068,0.120581163289782,0.15062981457521,0.236097860408753,0.371208172625873,1,0.986072292135098,0.975141696171498,0.977143089033497,0.955518074792455,0.853923353710268,0.595844421127384,0.721561895637627,0.869162372266116,0.920870231049475,0.879304929675235,0.798287850137884,0.802342910608072,0.927179591938993,0.879418836710218,0.84937018542479,0.763902139591247,0.628791827374127,0,1e+05,1392.77078649017,98775.9683474944,3236123.48116361,32.3612348116361,2023,"Males","B'Tselem historical average",42.5927151883639
0,1,0.0145866,0.00659666,0.0114126,0.0116934,0.0479845,0.0781386,0.0566148,0.0284471,0.0297535,0.0132466,0.0137578,0.0634452,0.0311042,0.0204929,0.0291559,0.0519741,0.0829123,0.213989,0.12018316903,0.0144017743082633,0.0260430457634679,0.0554800703721763,0.0568063515227594,0.214223929622565,0.326844977585997,0.247976193500517,0.132791656192795,0.13846774953549,0.0641099043525101,0.0665017070373054,0.273798067171696,0.144300148316811,0.0974708490916256,0.13587556410153,0.229987072268079,0.343384502734762,1,0.985598225691737,0.973956954236532,0.944519929627824,0.943193648477241,0.785776070377435,0.673155022414003,0.752023806499483,0.867208343807205,0.86153225046451,0.93589009564749,0.933498292962695,0.726201932828304,0.855699851683189,0.902529150908374,0.86412443589847,0.770012927731921,0.656615497265238,0,1e+05,1440.17743082633,98732.9076567759,3191644.45835962,31.9164445835962,2023,"Males","B'Tselem historical average",43.0375054164038
0,1,0.0149896,0.00684301,0.00196706,0.00887895,0.0821989,0.071945,0.0425143,0.0648277,0.0202029,0.0378822,0.0402145,0.0103806,0.0187983,0.0257108,0.0338399,0.0624967,0.0551328,0.219098,0.11937900268,0.014794312756286,0.027002483471164,0.00978717012284539,0.0434307024120464,0.340933585704986,0.30488722202799,0.192148818693543,0.278932172071501,0.0961578323233847,0.173024617123053,0.18270411356282,0.0505901107411023,0.089772570710053,0.120789982307238,0.156001787756267,0.27025792832684,0.242271266759944,1,0.985205687243714,0.972997516528836,0.990212829877155,0.956569297587954,0.659066414295014,0.695112777972009,0.807851181306457,0.721067827928499,0.903842167676615,0.826975382876947,0.81729588643718,0.949409889258898,0.910227429289947,0.879210017692762,0.843998212243733,0.72974207167316,0.757728733240057,0,1e+05,1479.43127562859,98697.1817545895,3035818.3627717,30.358183627717,2023,"Males","B'Tselem historical average",44.595766372283
0,1,0.0181777,0.00276608,0.00255902,0.0222127,0.0622487,0.115851,0.0585739,0.0169596,0.0400557,0.0323168,0.0218348,0.0163664,0.0245187,0.0471326,0.0266478,0.0544445,0.0426048,0.220165,0.113017308535,0.01788926590475,0.0110034471697056,0.0127137630651029,0.105220425629073,0.269329908337222,0.44916458434703,0.255461115427633,0.0813488884774448,0.182048317974293,0.149505177684513,0.103522990516667,0.0786153733826745,0.115512932645841,0.21082157731286,0.124917086177404,0.239609017162712,0.192518472461211,1,0.98211073409525,0.988996552830294,0.987286236934897,0.894779574370927,0.730670091662778,0.55083541565297,0.744538884572367,0.918651111522555,0.817951682025707,0.850494822315487,0.896477009483333,0.921384626617326,0.884487067354159,0.78917842268714,0.875082913822596,0.760390982837288,0.807481527538789,0,1e+05,1788.92659047501,98413.2530779472,2909747.80019198,29.0974780019198,2023,"Males","B'Tselem historical average",45.8564719980802
0,1,0.01672,0.00430141,0.00386438,0.0124749,0.0355708,0.126103,0.0510264,0.0345967,0.015396,0.0190801,0.0291005,0.0160567,0.0286934,0.019628,0.0285855,0.0518763,0.0764995,0.231588,0.115926076,0.0164764497982412,0.0170588854788251,0.0191370182237909,0.0604880442422072,0.163329589586813,0.479385215442603,0.226267908042633,0.159212897842989,0.074126857263912,0.0910570556798092,0.135634892059086,0.0771851528890173,0.133864435514986,0.0935495248172191,0.13339462020997,0.229603986754782,0.321089528950188,1,0.983523550201759,0.982941114521175,0.980862981776209,0.939511955757793,0.836670410413187,0.520614784557397,0.773732091957367,0.840787102157011,0.925873142736088,0.908942944320191,0.864365107940914,0.922814847110983,0.866135564485014,0.906450475182781,0.86660537979003,0.770396013245218,0.678910471049812,0,1e+05,1647.64497982412,98543.360037328,3175645.21477616,31.7564521477616,2023,"Males","B'Tselem historical average",43.1974978522384
0,1,0.0188884,0.00234166,0.00762831,0.0259638,0.0301544,0.0730668,0.0705694,0.0329316,0.0225851,0.0460198,0.0334613,0.0295853,0.0285904,0.0225059,0.0253976,0.073431,0.0431549,0.221358,0.11159914222,0.0185766746541098,0.00932297751295403,0.0374277733555846,0.121906133807615,0.140202680711856,0.308906902788359,0.29993195477649,0.152133039029722,0.106890186142389,0.206357654974062,0.154391176328775,0.13773888445438,0.133415960786802,0.106535317021608,0.119406409439075,0.31020782331533,0.194762147501923,1,0.98142332534589,0.990677022487046,0.962572226644415,0.878093866192385,0.859797319288144,0.691093097211641,0.70006804522351,0.847866960970278,0.893109813857611,0.793642345025938,0.845608823671225,0.86226111554562,0.866584039213197,0.893464682978392,0.880593590560925,0.68979217668467,0.805237852498077,0,1e+05,1857.66746541098,98349.6466302589,3167197.20212643,31.6719720212643,2023,"Males","B'Tselem historical average",43.2819779787357
0,1,0.0142715,0.00541976,0.00152671,0.0213954,0.0403597,0.0950968,0.0597461,0.0292739,0.0115941,0.0294189,0.0130367,0.0498212,0.0347444,0.0403336,0.0339004,0.0445238,0.063516,0.251418,0.120811935325,0.0140946497436881,0.0214465694811774,0.00760452523818403,0.10154548435982,0.183303331344807,0.384154371427971,0.259909110702625,0.13638797979565,0.0563375422533996,0.137017257507762,0.0631261096168936,0.221515571075796,0.159838286588625,0.183195649843664,0.15625890181249,0.20032133262606,0.274061736811674,1,0.985905350256312,0.978553430518823,0.992395474761816,0.89845451564018,0.816696668655193,0.615845628572029,0.740090889297375,0.86361202020435,0.9436624577466,0.862982742492238,0.936873890383106,0.778484428924204,0.840161713411375,0.816804350156336,0.84374109818751,0.79967866737394,0.725938263188326,0,1e+05,1409.46497436881,98760.8152169575,3182211.55855582,31.8221155855582,2023,"Males","B'Tselem historical average",43.1318344144418
0,1,0.0151015,0.00121117,0.00428553,0.0235397,0.0310339,0.107884,0.062103,0.0276002,0.0187451,0.0274273,0.0224009,0.0185491,0.0264018,0.0287437,0.0287078,0.0450748,0.0454919,0.245211,0.119155711825,0.0149032558472259,0.00483297289643405,0.0212005114306218,0.111156994255792,0.143997490684607,0.424837167542195,0.268784232086786,0.129093484989015,0.0895298834541586,0.128336678541591,0.106064641434239,0.0886352401665659,0.123835312139864,0.134083369621524,0.133927117724473,0.202549324293355,0.204232220608276,1,0.985096744152774,0.995167027103566,0.978799488569378,0.888843005744208,0.856002509315393,0.575162832457805,0.731215767913214,0.870906515010985,0.910470116545841,0.871663321458409,0.893935358565761,0.911364759833434,0.876164687860136,0.865916630378476,0.866072882275527,0.797450675706645,0.795767779391724,0,1e+05,1490.32558472258,98687.255221176,3205310.02103822,32.0531002103822,2023,"Males","B'Tselem historical average",42.9008497896178
0,1,0.0172135,0.00423231,0.00834808,0.00867282,0.0661655,0.0733637,0.056598,0.0394399,0.0390408,0.0106237,0.0437411,0.0704595,0.0167844,0.0269707,0.0262558,0.0458937,0.0585578,0.269976,0.114941321425,0.0169551884238785,0.0167871432118263,0.040887078494406,0.0424438307397101,0.283871286056132,0.309967578840541,0.247911729792947,0.179500769047144,0.177845885849333,0.0517442125235343,0.197146939961162,0.299534816493237,0.0805423619502074,0.126335132598092,0.123192693213793,0.205850407843843,0.2553998645318,1,0.983044811576121,0.983212856788174,0.959112921505594,0.95755616926029,0.716128713943868,0.690032421159459,0.752088270207053,0.820499230952856,0.822154114150667,0.948255787476466,0.802853060038838,0.700465183506763,0.919457638049793,0.873664867401908,0.876807306786207,0.794149592156157,0.7446001354682,0,1e+05,1695.51884238786,98499.3663338572,3043575.85682963,30.4357585682963,2023,"Males","B'Tselem historical average",44.5181914317037
0,1,0.0206681,0.00275026,0.00244123,0.00812967,0.0614799,0.11371,0.0576299,0.0229721,0.021105,0.0422201,0.00895153,0.0120106,0.0245314,0.0224849,0.0247742,0.053848,0.0487157,0.278353,0.108047839855,0.0202939813380173,0.0109408595830463,0.012132106842035,0.0398386620605162,0.266446707646422,0.442701134881548,0.251862476643244,0.108622294472851,0.100236283112288,0.190946092228734,0.0437779508979952,0.0583023834823667,0.115569307711985,0.106441200620425,0.116646444157861,0.2372953059174,0.217133922436857,1,0.979706018661983,0.989059140416954,0.987867893157965,0.960161337939484,0.733553292353578,0.557298865118452,0.748137523356756,0.89137770552715,0.899763716887712,0.809053907771266,0.956222049102005,0.941697616517633,0.884430692288015,0.893558799379575,0.883353555842139,0.7627046940826,0.782866077563143,0,1e+05,2029.39813380173,98189.8739507613,3112708.43552225,31.1270843552225,2023,"Males","B'Tselem historical average",43.8268656447775
0,1,0.0148389,0.00203424,0.00455039,0.0116088,0.041616,0.104055,0.0751552,0.0292993,0.0279584,0.0368417,0.0358956,0.0439766,0.0234399,0.0238125,0.0264245,0.0451023,0.0752701,0.248691,0.119679716995,0.0146475591595754,0.00810398908249764,0.0224960356607245,0.0564069572856557,0.188471432194486,0.412871611232901,0.316339587570545,0.136498242601374,0.130659428579974,0.168672999853265,0.164698152493395,0.198103233368605,0.110711815301298,0.112372806370742,0.123935186650861,0.202660377176213,0.316746624708771,1,0.985352440840425,0.991896010917502,0.977503964339276,0.943593042714344,0.811528567805514,0.587128388767099,0.683660412429455,0.863501757398626,0.869340571420026,0.831327000146735,0.835301847506605,0.801896766631395,0.889288184698702,0.887627193629258,0.876064813349139,0.797339622823787,0.683253375291229,0,1e+05,1464.75591595753,98710.545657531,3067436.11517343,30.6743611517343,2023,"Males","B'Tselem historical average",44.2795888482657
0,1,0.0194787,0.00336448,0.00293874,0.00707233,0.0602895,0.0740735,0.0513447,0.0309273,0.0253523,0.0385644,0.0379787,0.0165468,0.0165846,0.0227039,0.0496589,0.0584459,0.044378,0.257429,0.110421228085,0.0191469251817828,0.0133679674815354,0.0145865349159527,0.0347472892593805,0.261963394776548,0.312497956540494,0.227518789962528,0.143538364823951,0.119206126309885,0.175866531802399,0.173427155247504,0.0794474954554926,0.0796217623023031,0.107422240485598,0.220873644444711,0.254974032922969,0.199730859763535,1,0.980853074818217,0.986632032518465,0.985413465084047,0.96525271074062,0.738036605223452,0.687502043459506,0.772481210037472,0.85646163517605,0.880793873690115,0.824133468197601,0.826572844752496,0.920552504544507,0.920378237697697,0.892577759514402,0.779126355555289,0.745025967077031,0.800269140236465,0,1e+05,1914.69251817829,98296.7301810841,3286936.81931717,32.8693681931717,2023,"Males","B'Tselem historical average",42.0845818068283
0,1,0.0139207,0.006258,0.00321642,0.011794,0.043057,0.0806983,0.0783366,0.051369,0.0345785,0.0277571,0.012924,0.0116381,0.0365068,0.0388182,0.0327582,0.0484562,0.0508684,0.229627,0.121511939185,0.0137525181350144,0.0247225722852775,0.0159538145792773,0.0572810677183252,0.194363253486572,0.335754463870582,0.327537554098934,0.227614213647814,0.15913580630427,0.129779727794115,0.0625974755645107,0.0565453003499919,0.167267955504931,0.176921558859683,0.15139262525817,0.21610226372163,0.225646330503535,1,0.986247481864986,0.975277427714722,0.984046185420723,0.942718932281675,0.805636746513428,0.664245536129418,0.672462445901066,0.772385786352186,0.84086419369573,0.870220272205885,0.937402524435489,0.943454699650008,0.832732044495069,0.823078441140317,0.84860737474183,0.78389773627837,0.774353669496465,0,1e+05,1375.25181350144,98791.8577012248,3135317.1055176,31.353171055176,2023,"Males","B'Tselem historical average",43.600778944824
0,1,0.0146647,0.00137576,0.00750514,0.00918383,0.0461051,0.105002,0.0733949,0.028531,0.0189835,0.0213602,0.0136674,0.00982127,0.0212171,0.0470488,0.025598,0.0462415,0.0637039,0.258608,0.120027324385,0.0144778698179224,0.00548793982381597,0.0368345783319445,0.0448885284640891,0.206700618307211,0.415847858028285,0.310078963672824,0.133157227831825,0.0906169336023972,0.101386889411957,0.0660791737516662,0.0479295279134731,0.100741873964756,0.210486193006222,0.120291918665031,0.207248765522705,0.274761113719337,1,0.985522130182078,0.994512060176184,0.963165421668056,0.955111471535911,0.79329938169279,0.584152141971715,0.689921036327176,0.866842772168175,0.909383066397603,0.898613110588043,0.933920826248334,0.952070472086527,0.899258126035244,0.789513806993778,0.879708081334969,0.792751234477295,0.725238886280663,0,1e+05,1447.78698179225,98725.9870159117,3186430.61244513,31.8643061244513,2023,"Males","B'Tselem historical average",43.0896438755487
0,1,0.0137869,0.00328119,0.00273266,0.01276,0.0419512,0.123056,0.0350871,0.0532601,0.0372768,0.0185097,0.0247173,0.0181919,0.0438738,0.0290843,0.0444624,0.0528559,0.0468096,0.29362,0.121778930395,0.0136219659707334,0.0130391918680688,0.0135705904755775,0.0618276964822173,0.189845394695161,0.470527056376373,0.16128770538129,0.235008993732296,0.170495210356461,0.088455297451887,0.116394128517958,0.0870026416102273,0.197685918835489,0.135564503292244,0.200072717062231,0.233433637499258,0.20952817486464,1,0.986378034029267,0.986960808131931,0.986429409524422,0.938172303517783,0.810154605304839,0.529472943623627,0.83871229461871,0.764991006267704,0.829504789643539,0.911544702548113,0.883605871482042,0.912997358389773,0.802314081164511,0.864435496707757,0.799927282937769,0.766566362500743,0.79047182513536,0,1e+05,1362.19659707334,98803.690247506,3081311.37736258,30.8131137736258,2023,"Males","B'Tselem historical average",44.1408362263742
0,1,0.0186687,0.00365161,0.00312539,0.00820795,0.0734276,0.0968659,0.0487436,0.0401832,0.0198962,0.0326072,0.0271976,0.0154814,0.0144345,0.0333399,0.0260592,0.0582271,0.0892763,0.272078,0.112037542585,0.0183642735146799,0.014500539370856,0.0155057958517572,0.0402145524113384,0.310195687788376,0.389907618937021,0.217244769618998,0.182574891545157,0.0947672305679356,0.150747375448213,0.127330303353764,0.0745227102825782,0.0696587759947591,0.153874129753572,0.122326662585857,0.254140796124891,0.364932043509976,1,0.98163572648532,0.985499460629144,0.984494204148243,0.959785447588662,0.689804312211624,0.610092381062979,0.782755230381001,0.817425108454843,0.905232769432064,0.849252624551787,0.872669696646236,0.925477289717422,0.930341224005241,0.846125870246428,0.877673337414143,0.745859203875109,0.635067956490024,0,1e+05,1836.42735146798,98369.3214561264,3063836.28969243,30.6383628969243,2023,"Males","B'Tselem historical average",44.3155871030757
0,1,0.0170034,0.00179907,0.00401687,0.00498325,0.0342037,0.0905055,0.0608537,0.043611,0.0263107,0.0110572,0.040754,0.0370086,0.0356027,0.0361498,0.0316624,0.0459134,0.0501102,0.265508,0.11536056547,0.0167514270749148,0.0071704796104943,0.0198846647170946,0.0246096597822256,0.157546791978051,0.369029501198254,0.264091185554114,0.196618208295105,0.123434387173486,0.053798838701767,0.184928554250217,0.169372410520068,0.163464092394285,0.165767816470396,0.146699828384404,0.205929671546089,0.222657473658673,1,0.983248572925085,0.992829520389506,0.980115335282905,0.975390340217774,0.842453208021949,0.630970498801746,0.735908814445886,0.803381791704895,0.876565612826514,0.946201161298233,0.815071445749783,0.830627589479932,0.836535907605715,0.834232183529604,0.853300171615596,0.794070328453911,0.777342526341327,0,1e+05,1675.14270749148,98518.1027024877,3333698.38958871,33.3369838958871,2023,"Males","B'Tselem historical average",41.6169661041129
0,1,0.0139056,0.00301197,0.00151524,0.0206922,0.0631123,0.0887397,0.0298184,0.0372366,0.021193,0.038822,0.0309327,0.0205299,0.029787,0.0338877,0.0316155,0.0445247,0.0458201,0.231089,0.12154207048,0.0137377862834264,0.0119757388676059,0.00754760890271562,0.0983721590274315,0.272557217763381,0.363136859968609,0.138748829738327,0.170327003732075,0.100633201406481,0.176937345894235,0.143561628068606,0.0976382416565386,0.138612847759472,0.156204935055776,0.146498445954791,0.200324976317401,0.205554213459644,1,0.986262213716574,0.988024261132394,0.992452391097284,0.901627840972569,0.727442782236619,0.636863140031391,0.861251170261673,0.829672996267925,0.899366798593519,0.823062654105765,0.856438371931394,0.902361758343461,0.861387152240528,0.843795064944224,0.853501554045209,0.799675023682598,0.794445786540356,0,1e+05,1373.77862834265,98793.1932705273,3169938.40844701,31.6993840844701,2023,"Males","B'Tselem historical average",43.2545659155299
0,1,0.0144054,0.0036458,0.00229635,0.0172862,0.045547,0.0924864,0.0758163,0.0297343,0.0357996,0.0315803,0.0187691,0.0229492,0.0221421,0.03462,0.0366128,0.0430872,0.0950917,0.222348,0.12054474457,0.0142251825178214,0.014477634877527,0.0114162109599056,0.0828505711427792,0.204454299995287,0.375589660953074,0.31867886829434,0.13838457856401,0.164293863509742,0.146347273033547,0.0896393740607891,0.108519888440503,0.10490353840567,0.159311582531867,0.167712902599282,0.194486322331135,0.384137726405028,1,0.985774817482179,0.985522365122473,0.988583789040094,0.917149428857221,0.795545700004713,0.624410339046926,0.68132113170566,0.86161542143599,0.835706136490258,0.853652726966453,0.910360625939211,0.891480111559497,0.89509646159433,0.840688417468133,0.832287097400717,0.805513677668865,0.615862273594972,0,1e+05,1422.51825178214,98748.9588475251,3095995.63695447,30.9599563695447,2023,"Males","B'Tselem historical average",43.9939936304553
0,1,0.0192979,0.00214636,0.00251167,0.0364867,0.0633607,0.0925499,0.047994,0.0274049,0.0167494,0.0191852,0.0255686,0.0126724,0.0304688,0.0429851,0.0455009,0.0496644,0.0942895,0.305245,0.110782005445,0.0189723339910138,0.00854874264148803,0.0124799859840089,0.16718355908668,0.273483271239879,0.375799081473776,0.214261798149082,0.128238585940405,0.0803811595169663,0.0915356744465215,0.120162060828736,0.0614162711148116,0.141561014410336,0.19407018430191,0.204268498671944,0.22089540555134,0.381515286082346,1,0.981027666008986,0.991451257358512,0.987520014015991,0.83281644091332,0.726516728760121,0.624200918526225,0.785738201850918,0.871761414059596,0.919618840483034,0.908464325553479,0.879837939171264,0.938583728885188,0.858438985589664,0.80592981569809,0.795731501328056,0.77910459444866,0.618484713917653,0,1e+05,1897.23339910137,98312.9459216483,2989322.61329174,29.8932261329174,2023,"Males","B'Tselem historical average",45.0607238670826
0,1,0.0160072,0.00335211,0.00533613,0.0190743,0.0379863,0.0861762,0.0603071,0.0480992,0.0178018,0.0152753,0.0183514,0.0135339,0.0159757,0.0274859,0.0282391,0.0565659,0.0478279,0.245654,0.11734843276,0.0157841886681907,0.0133191455182337,0.0263294071515411,0.0910306358562193,0.173458850196913,0.354506041225383,0.262029849202847,0.214681034913698,0.0852164830309491,0.0735671011495266,0.0877319879890446,0.0654548514644144,0.0768107367810187,0.128593247169088,0.131884734485945,0.247788544873807,0.21359946533032,1,0.984215811331809,0.986680854481766,0.973670592848459,0.908969364143781,0.826541149803087,0.645493958774617,0.737970150797153,0.785318965086302,0.914783516969051,0.926432898850473,0.912268012010955,0.934545148535586,0.923189263218981,0.871406752830912,0.868115265514055,0.752211455126193,0.78640053466968,0,1e+05,1578.41886681908,98606.806113441,3289848.88321659,32.8984888321659,2023,"Males","B'Tselem historical average",42.0554611678341
0,1,0.014198,0.00597501,0.00910091,0.0159315,0.0450399,0.0948109,0.0861997,0.0422973,0.0315656,0.0362235,0.0339076,0.00915072,0.0215972,0.02901,0.028496,0.0547059,0.0830249,0.275926,0.1209586009,0.0140229843241772,0.0236178067371351,0.0444922500905706,0.0766063642691164,0.202408368328323,0.383220741499429,0.354585574610597,0.191261850343649,0.14628413386053,0.166077710164629,0.156289495735959,0.0447303135626891,0.102454190872235,0.135241602759842,0.133004742167955,0.240621025590387,0.34377068345752,1,0.985977015675823,0.976382193262865,0.95550774990943,0.923393635730884,0.797591631671677,0.616779258500571,0.645414425389403,0.808738149656351,0.85371586613947,0.833922289835371,0.843710504264041,0.955269686437311,0.897545809127765,0.864758397240158,0.866995257832045,0.759378974409613,0.65622931654248,0,1e+05,1402.29843241771,98767.3216240118,2908680.34554812,29.0868034554812,2023,"Males","B'Tselem historical average",45.8671465445188
0,1,0.0170414,0.00218382,0.00222447,0.00511325,0.0469072,0.0796625,0.0917045,0.0492448,0.0192195,0.0144643,0.0352134,0.0141673,0.0138192,0.018356,0.0454329,0.059845,0.0449623,0.21585,0.11528473837,0.016788286584782,0.00869729335365683,0.0110608387401194,0.0252435584370543,0.209919195752496,0.332160633778959,0.373006551699242,0.219233700646062,0.0916918225416518,0.0697975676071498,0.161821304215357,0.0684134165106709,0.0667885878663919,0.0877530141793114,0.203994361440298,0.260283356348335,0.202094874105065,1,0.983211713415218,0.991302706646343,0.988939161259881,0.974756441562946,0.790080804247504,0.667839366221041,0.626993448300758,0.780766299353938,0.908308177458348,0.93020243239285,0.838178695784643,0.931586583489329,0.933211412133608,0.912246985820689,0.796005638559702,0.739716643651665,0.797905125894935,0,1e+05,1678.8286584782,98514.7146641825,3242909.11202763,32.4290911202763,2023,"Males","B'Tselem historical average",42.5248588797237
0,1,0.0142018,0.00247216,0.00747508,0.0224655,0.0620693,0.057553,0.0967164,0.0324517,0.0318051,0.0221958,0.0179846,0.0171264,0.0401625,0.0220947,0.0444159,0.0528023,0.0778933,0.208566,0.12095101819,0.014026689713916,0.00983998795077523,0.0366897529046439,0.106354246678131,0.268657969702813,0.251568670733227,0.389423018849388,0.150082425389934,0.147312294366139,0.105144579837128,0.0860538881097533,0.082116116361851,0.182489421520461,0.104690724617011,0.199884387574792,0.233224522048585,0.325986156324016,1,0.985973310286084,0.990160012049225,0.963310247095356,0.893645753321869,0.731342030297187,0.748431329266773,0.610576981150612,0.849917574610066,0.852687705633861,0.894855420162872,0.913946111890247,0.917883883638149,0.817510578479539,0.895309275382989,0.800115612425208,0.766775477951415,0.674013843675984,0,1e+05,1402.66897139161,98766.9852688817,3006521.54225781,30.0652154225781,2023,"Males","B'Tselem historical average",44.8887345774219
0,1,0.0142867,0.00493395,0.0026565,0.00555129,0.0468139,0.0593039,0.0796828,0.050834,0.0431351,0.0357517,0.0509984,0.0431731,0.0243882,0.0191974,0.0285548,0.0469314,0.0410986,0.231541,0.120781604485,0.0141094691317483,0.0195429521029434,0.013194869572452,0.0273765125984435,0.209545405816605,0.258233818611164,0.332231216128658,0.225510941943154,0.194681486526344,0.164092073536374,0.226157786812547,0.194836284061465,0.114933450081788,0.0915912169302577,0.133260903856403,0.21001612327977,0.18634654474079,1,0.985890530868252,0.980457047897057,0.986805130427548,0.972623487401557,0.790454594183395,0.741766181388837,0.667768783871342,0.774489058056846,0.805318513473656,0.835907926463626,0.773842213187452,0.805163715938535,0.885066549918212,0.908408783069742,0.866739096143597,0.78998387672023,0.81365345525921,0,1e+05,1410.94691317483,98759.4695188416,3182221.6375199,31.822216375199,2023,"Males","B'Tselem historical average",43.131733624801
0,1,0.0137745,0.00496049,0.00539803,0.0185402,0.0670207,0.0882142,0.0365003,0.0324207,0.0312061,0.0328571,0.0187434,0.0349734,0.0237086,0.0376392,0.0346077,0.0500159,0.0544501,0.297989,0.121803673975,0.0136098653338823,0.019647042088382,0.0266307658179789,0.0885945961702126,0.28701383043621,0.361374986634965,0.167240663981216,0.149949805825669,0.144738676006671,0.151814998529538,0.0895221273935303,0.160807074639507,0.111909930551327,0.172010185559246,0.159259488499628,0.222285034817659,0.239630709730287,1,0.986390134666118,0.980352957911618,0.973369234182021,0.911405403829787,0.71298616956379,0.638625013365035,0.832759336018784,0.850050194174331,0.855261323993329,0.848185001470462,0.91047787260647,0.839192925360493,0.888090069448673,0.827989814440754,0.840740511500372,0.777714965182341,0.760369290269713,0,1e+05,1360.98653338822,98804.786626609,3060745.28640947,30.6074528640947,2023,"Males","B'Tselem historical average",44.3464971359054
0,1,0.0156394,0.0051888,0.00301149,0.0124259,0.0640058,0.0929317,0.0394676,0.0358377,0.0233764,0.0180742,0.0465772,0.0172856,0.0166447,0.0228455,0.0259706,0.0522726,0.0671555,0.219826,0.11808235927,0.0154266257536034,0.0205420231010664,0.0149449337039994,0.0602576123371495,0.275883620420262,0.37705710547729,0.17961551659326,0.16445433701582,0.1104284509009,0.0864640774293176,0.208596408414939,0.0828478145423662,0.0798987722632737,0.108056015731514,0.12193611483985,0.231155281129124,0.287508120957583,1,0.984573374246397,0.979457976898934,0.985055066296001,0.93974238766285,0.724116379579738,0.62294289452271,0.82038448340674,0.83554566298418,0.8895715490991,0.913535922570683,0.791403591585061,0.917152185457634,0.920101227736726,0.891943984268486,0.87806388516015,0.768844718870876,0.712491879042417,0,1e+05,1542.66257536034,98639.4986610957,3174440.9105863,31.744409105863,2023,"Males","B'Tselem historical average",43.209540894137
0,1,0.0149572,0.00293176,0.00651382,0.0120119,0.0515866,0.0921761,0.06917,0.0323624,0.0171649,0.0185995,0.00880587,0.0101552,0.0250437,0.0292569,0.0319701,0.0525403,0.0506781,0.233899,0.11944365526,0.0147627646846588,0.0116586791019124,0.0320472253563237,0.0583085100211911,0.22846824950076,0.374565526444701,0.294861137753906,0.149700343970706,0.0822931171821982,0.0888653713155415,0.0430809371695176,0.0495188162919792,0.117840589097074,0.136314174565394,0.148019967122724,0.232201640384293,0.224897105051255,1,0.985237235315341,0.988341320898088,0.967952774643676,0.941691489978809,0.77153175049924,0.625434473555299,0.705138862246094,0.850299656029294,0.917706882817802,0.911134628684458,0.956919062830482,0.950481183708021,0.882159410902926,0.863685825434606,0.851980032877276,0.767798359615707,0.775102894948745,0,1e+05,1476.27646846588,98700.055389102,3234249.37426419,32.3424937426419,2023,"Males","B'Tselem historical average",42.6114562573581
0,1,0.0151869,0.00210704,0.00587434,0.0094957,0.0465734,0.095446,0.0839795,0.0441091,0.0343385,0.028459,0.0296266,0.0226007,0.0133265,0.0288466,0.0299189,0.0603258,0.083837,0.234911,0.118985300395,0.0149863839490357,0.00839279210265604,0.0289465946529165,0.0463775321694465,0.208581164932797,0.385293250929466,0.347037426171976,0.198640829471857,0.158118610254444,0.132843515949017,0.137917903593493,0.106960068925584,0.0644841305844169,0.134531088738957,0.139183925154256,0.262100451462855,0.346550594518402,1,0.985013616050964,0.991607207897344,0.971053405347084,0.953622467830553,0.791418835067203,0.614706749070534,0.652962573828024,0.801359170528143,0.841881389745556,0.867156484050983,0.862082096406507,0.893039931074416,0.935515869415583,0.865468911261043,0.860816074845744,0.737899548537145,0.653449405481598,0,1e+05,1498.63839490357,98679.6775446975,3037204.08789863,30.3720408789863,2023,"Males","B'Tselem historical average",44.5819091210137
0,1,0.0207998,0.00332802,0.00227011,0.0150122,0.0463469,0.111909,0.0493266,0.0368991,0.0134837,0.0165198,0.0114185,0.0161479,0.0279687,0.0313898,0.0516716,0.0474516,0.0444571,0.228791,0.10778503909,0.0204208323828963,0.0132240601268334,0.0112864960312363,0.0723458250143008,0.207672104365461,0.437222240671682,0.219557889517335,0.168913600417121,0.0652199832786637,0.0793229997709593,0.0555079560107287,0.0776065432506087,0.130704418337135,0.145528707447418,0.228801633753373,0.212097129611337,0.200051253540555,1,0.979579167617104,0.986775939873167,0.988713503968764,0.927654174985699,0.792327895634539,0.562777759328318,0.780442110482665,0.831086399582879,0.934780016721336,0.920677000229041,0.944492043989271,0.922393456749391,0.869295581662865,0.854471292552582,0.771198366246627,0.787902870388663,0.799948746459445,0,1e+05,2042.08323828963,98178.0227833744,3213217.98268966,32.1321798268966,2023,"Males","B'Tselem historical average",42.8217701731034
0,1,0.017901,0.00231901,0.00632599,0.00584878,0.0376916,0.0917673,0.0980561,0.0465163,0.0409655,0.0279749,0.0376363,0.0551393,0.0407953,0.0302974,0.0270366,0.0529941,0.0550731,0.220294,0.11356944955,0.0176213839970864,0.0092332161587912,0.0311375110413193,0.0288224594392029,0.172229030669083,0.373214323115831,0.393755241628403,0.208352080315993,0.185799115803844,0.130731498506104,0.171998072371967,0.242296369485122,0.185098616069636,0.140820743978467,0.126624275296309,0.233972583748883,0.242040674344408,1,0.982378616002914,0.990766783841209,0.968862488958681,0.971177540560797,0.827770969330917,0.626785676884169,0.606244758371597,0.791647919684007,0.814200884196156,0.869268501493896,0.828001927628033,0.757703630514878,0.814901383930364,0.859179256021533,0.87337572470369,0.766027416251117,0.757959325655593,0,1e+05,1762.13839970864,98437.9866883772,2984671.8303055,29.846718303055,2023,"Males","B'Tselem historical average",45.107231696945
0,1,0.0140294,0.00603239,0.0077379,0.00861019,0.0529715,0.0748184,0.0575966,0.0228238,0.0296153,0.0447913,0.0119088,0.0302759,0.0243884,0.0291541,0.0351477,0.0529596,0.0405091,0.230107,0.12129503377,0.0138585558333959,0.023841912570063,0.0379552648895283,0.0421437850093753,0.233884471760365,0.315145327139808,0.251735262018992,0.107958918111989,0.137868925990299,0.201403669541198,0.057822508283387,0.140727844622485,0.114934338450344,0.135867745408934,0.161543770080825,0.233838072976045,0.183919469541038,1,0.986141444166604,0.976158087429937,0.962044735110472,0.957856214990625,0.766115528239635,0.684854672860193,0.748264737981008,0.892041081888011,0.862131074009701,0.798596330458802,0.942177491716613,0.859272155377515,0.885065661549656,0.864132254591066,0.838456229919175,0.766161927023955,0.816080530458962,0,1e+05,1385.85558333959,98782.2418164419,3254379.89745466,32.5437989745466,2023,"Males","B'Tselem historical average",42.4101510254534
0,1,0.0164821,0.00451001,0.00639896,0.0108501,0.0628696,0.0907675,0.0425533,0.0660782,0.0205139,0.0299979,0.00686676,0.0431035,0.0206823,0.0307852,0.0464466,0.046527,0.0839417,0.30146,0.116400793555,0.0162455074078732,0.0178787731089815,0.0314910254691597,0.0528178038656921,0.271651454318884,0.369900207328317,0.192308135539832,0.28354984206513,0.0975658592973978,0.139525797684128,0.0337543425764248,0.194552739935478,0.0983274076422992,0.142925987243759,0.208072365205604,0.208395013067519,0.346908315609091,1,0.983754492592127,0.982121226891018,0.96850897453084,0.947182196134308,0.728348545681116,0.630099792671683,0.807691864460168,0.71645015793487,0.902434140702602,0.860474202315872,0.966245657423575,0.805447260064522,0.901672592357701,0.857074012756241,0.791927634794396,0.791604986932481,0.653091684390909,0,1e+05,1624.55074078732,98564.5482546107,3029517.10688722,30.2951710688722,2023,"Males","B'Tselem historical average",44.6587789311278
0,1,0.0140389,0.0048112,0.00790155,0.0138608,0.0426679,0.0983799,0.0474658,0.0412868,0.0263157,0.0256367,0.0450332,0.0261753,0.0156536,0.0387404,0.0321808,0.0437767,0.0516911,0.234634,0.121276076995,0.0138678221459874,0.0190613837410897,0.0387424367472985,0.0669829082628749,0.192776119524366,0.394798827159763,0.21215386740171,0.187120031689142,0.123456396280972,0.120462826631256,0.202381305484624,0.122838184193218,0.075320411034573,0.176598279985158,0.148922858211193,0.197291565780718,0.228878098328703,1,0.986132177854013,0.98093861625891,0.961257563252702,0.933017091737125,0.807223880475634,0.605201172840237,0.78784613259829,0.812879968310858,0.876543603719028,0.879537173368744,0.797618694515375,0.877161815806782,0.924679588965427,0.823401720014842,0.851077141788807,0.802708434219282,0.771121901671297,0,1e+05,1386.78221459873,98781.4012920342,3123693.30645257,31.2369330645257,2023,"Males","B'Tselem historical average",43.7170169354743
0,1,0.023606,0.00606914,0.00533963,0.00737834,0.0453768,0.115354,0.0659712,0.0257981,0.0194313,0.023448,0.0187449,0.0287036,0.0205106,0.044539,0.0360499,0.0434081,0.0493326,0.257098,0.10528051726,0.0231177361185763,0.0239854182770362,0.0263464492726754,0.0362235262679896,0.203768135205965,0.447668980933494,0.283155697176134,0.121175270627088,0.092655459904876,0.110747954884661,0.0895289709797062,0.133908835848358,0.0975509297506413,0.200382868544717,0.165347589805662,0.195792995211409,0.219581664005683,1,0.976882263881424,0.976014581722964,0.973653550727325,0.96377647373201,0.796231864794035,0.552331019066506,0.716844302823866,0.878824729372912,0.907344540095124,0.889252045115339,0.910471029020294,0.866091164151642,0.902449070249359,0.799617131455283,0.834652410194338,0.804207004788591,0.780418335994317,0,1e+05,2311.77361185763,97931.6111097868,3086005.94837572,30.8600594837572,2023,"Males","B'Tselem historical average",44.0938905162428
0,1,0.0142303,0.00340663,0.00306837,0.0117802,0.0550411,0.12731,0.061107,0.0410807,0.0179817,0.0208916,0.024625,0.0220385,0.0203118,0.0231909,0.0464522,0.0507806,0.0425187,0.219816,0.120894147865,0.0140544793070305,0.0135343072458144,0.0152250597088529,0.0572159613308265,0.241917048811635,0.482865866378411,0.265044772688335,0.186272942797089,0.0860406089548897,0.0992730669844682,0.115984692375626,0.104438339156262,0.0966511052033276,0.109600182801662,0.208094841956205,0.225300733882514,0.192166794307224,1,0.98594552069297,0.986465692754186,0.984774940291147,0.942784038669173,0.758082951188365,0.517134133621589,0.734955227311665,0.813727057202911,0.91395939104511,0.900726933015532,0.884015307624374,0.895561660843738,0.903348894796672,0.890399817198338,0.791905158043795,0.774699266117486,0.807833205692776,0,1e+05,1405.44793070306,98764.4624992479,2983724.78893685,29.8372478893685,2023,"Males","B'Tselem historical average",45.1167021106315
0,1,0.0144013,0.00798786,0.00290971,0.0243019,0.0315346,0.118532,0.0309566,0.0340605,0.0315616,0.0438758,0.047662,0.0135591,0.0382235,0.0182349,0.0240043,0.0637839,0.0433491,0.223536,0.120552925915,0.01422118610188,0.0314490192738071,0.0144434841245201,0.11455004090248,0.146150969122754,0.457182970385627,0.143664582466077,0.156938952058526,0.14626695238872,0.197694039639016,0.21293743940741,0.0655727319263438,0.174447513654562,0.0871993226772801,0.113226681899217,0.275058707298809,0.195552894998546,1,0.98577881389812,0.968550980726193,0.98555651587548,0.88544995909752,0.853849030877246,0.542817029614373,0.856335417533923,0.843061047941474,0.85373304761128,0.802305960360984,0.78706256059259,0.934427268073656,0.825552486345438,0.91280067732272,0.886773318100783,0.724941292701191,0.804447105001454,0,1e+05,1422.118610188,98749.3219492683,3056048.72126474,30.5604872126474,2023,"Males","B'Tselem historical average",44.3934627873526
0,1,0.0180139,0.00665433,0.00550024,0.0101026,0.0353205,0.131478,0.0706035,0.0280124,0.035336,0.0141179,0.0169883,0.0190542,0.00986332,0.0264208,0.0238129,0.0478917,0.0392023,0.213084,0.113344163245,0.0177307029155291,0.026267731689967,0.0271281713668036,0.0492686464314052,0.162273543285924,0.494763659079021,0.300055141961333,0.130895273127601,0.16233897495268,0.0681829981268619,0.0814809432303017,0.0909390718432126,0.0481298009297343,0.123918908270891,0.112374587937271,0.213853929420885,0.178515913964931,1,0.982269297084471,0.973732268310033,0.972871828633196,0.950731353568595,0.837726456714076,0.505236340920979,0.699944858038667,0.869104726872399,0.83766102504732,0.931817001873138,0.918519056769698,0.909060928156787,0.951870199070266,0.876081091729109,0.887625412062729,0.786146070579115,0.821484086035069,0,1e+05,1773.07029155291,98427.8968770177,3057516.82825885,30.5751682825885,2023,"Males","B'Tselem historical average",44.3787817174115
0,1,0.0161859,0.00543499,0.00336948,0.00742436,0.0641064,0.0760322,0.0725765,0.0421342,0.027343,0.0291376,0.0133169,0.0352482,0.0136419,0.0237272,0.0236965,0.0514783,0.0408097,0.266178,0.116991845845,0.0159578262521662,0.0215061881647727,0.0167066680404278,0.0364453416580197,0.276257340989049,0.319441415937829,0.307152386968036,0.190594620366396,0.127967464074526,0.135796071003799,0.064439174880098,0.161968274653405,0.0659599523162426,0.111992810468622,0.111856010139333,0.228043296876063,0.185157903739414,1,0.984042173747834,0.978493811835227,0.983293331959572,0.96355465834198,0.723742659010951,0.680558584062171,0.692847613031964,0.809405379633604,0.872032535925474,0.864203928996201,0.935560825119902,0.838031725346595,0.934040047683757,0.888007189531378,0.888143989860667,0.771956703123937,0.814842096260586,0,1e+05,1595.78262521663,98590.9109296749,3134424.36443599,31.3442436443599,2023,"Males","B'Tselem historical average",43.6097063556401
0,1,0.0172718,0.00448389,0.00166693,0.0145754,0.02029,0.113448,0.0720049,0.0426258,0.0139724,0.0474038,0.0246782,0.0097689,0.0243597,0.0299386,0.0232307,0.0483349,0.0463745,0.209227,0.11482498669,0.0170117152717834,0.0177761474206837,0.00830006094850776,0.0703148329592156,0.0965523804991791,0.441906483227123,0.305102341098578,0.192604226866125,0.0675040171760243,0.211906112554252,0.116220705465927,0.0476800459966581,0.114806849000977,0.139269188670196,0.109777953253391,0.215619618280888,0.207782926668078,1,0.982988284728217,0.982223852579316,0.991699939051492,0.929685167040784,0.903447619500821,0.558093516772877,0.694897658901422,0.807395773133875,0.932495982823976,0.788093887445748,0.883779294534073,0.952319954003342,0.885193150999023,0.860730811329804,0.890222046746609,0.784380381719112,0.792217073331922,0,1e+05,1701.17152717835,98494.1654707873,3201710.76073454,32.0171076073454,2023,"Males","B'Tselem historical average",42.9368423926546
0,1,0.0147925,0.00323572,0.00573313,0.0197937,0.0343969,0.0976681,0.051096,0.0455487,0.0245981,0.0116423,0.0378456,0.0232895,0.0241106,0.0198603,0.0323263,0.0431491,0.0474016,0.28255,0.119772305875,0.0146023659779358,0.012859659485221,0.0282605958256354,0.0943020345469692,0.158366231434893,0.392502955282848,0.226541578732687,0.204461150935913,0.115865332416702,0.0565651294825629,0.172871898221656,0.110040527818432,0.113699586853052,0.0946043243431208,0.149545840722621,0.194738520285836,0.211897319991703,1,0.985397634022064,0.987140340514779,0.971739404174365,0.905697965453031,0.841633768565107,0.607497044717152,0.773458421267313,0.795538849064087,0.884134667583298,0.943434870517437,0.827128101778344,0.889959472181568,0.886300413146948,0.905395675656879,0.850454159277379,0.805261479714164,0.788102680008297,0,1e+05,1460.23659779357,98714.6593066472,3208997.18819328,32.0899718819328,2023,"Males","B'Tselem historical average",42.8639781180672
0,1,0.0138869,0.00655066,0.00282679,0.0134971,0.0310357,0.0788624,0.0815261,0.0461295,0.0331081,0.0151999,0.0366696,0.0391358,0.0238857,0.0200472,0.0297643,0.0455761,0.0674069,0.258442,0.121579385395,0.0137195416331301,0.0258637902080712,0.0140347666549189,0.0652826827564208,0.144005241329198,0.329373949593871,0.33861549768538,0.206798698584155,0.152886080865262,0.0732172623355641,0.167951238190156,0.178240079720214,0.112698777052399,0.095452130141565,0.138514529941179,0.2045715647675,0.288429203762289,1,0.98628045836687,0.974136209791929,0.985965233345081,0.934717317243579,0.855994758670802,0.670626050406129,0.66138450231462,0.793201301415845,0.847113919134738,0.926782737664436,0.832048761809844,0.821759920279786,0.887301222947601,0.904547869858435,0.861485470058821,0.7954284352325,0.711570796237711,0,1e+05,1371.954163313,98794.8471806527,3201055.81519176,32.0105581519176,2023,"Males","B'Tselem historical average",42.9433918480824
0,1,0.0141908,0.00204405,0.00879272,0.00516139,0.0445218,0.0713186,0.104456,0.0351663,0.0297579,0.042134,0.0373553,0.0217617,0.0250251,0.0217849,0.0330284,0.0726967,0.042303,0.220839,0.12097296814,0.0140159635143249,0.0081429109656812,0.0430179872087742,0.0254781927764637,0.200313235481364,0.302634353916862,0.414133244524795,0.161622349892443,0.138486808503113,0.190593801879068,0.170823584394656,0.103194291942583,0.117758221808547,0.103298624488454,0.152546114758293,0.30758285386803,0.191285159720825,1,0.985984036485675,0.991857089034319,0.956982012791226,0.974521807223536,0.799686764518636,0.697365646083138,0.585866755475205,0.838377650107557,0.861513191496887,0.809406198120932,0.829176415605344,0.896805708057417,0.882241778191453,0.896701375511546,0.847453885241707,0.69241714613197,0.808714840279175,0,1e+05,1401.59635143248,98767.9589193345,3100660.46222186,31.0066046222186,2023,"Males","B'Tselem historical average",43.9473453777814
0,1,0.0141699,0.00178096,0.00212041,0.0117954,0.0445622,0.097327,0.0583654,0.0509489,0.0114698,0.0303547,0.0206136,0.0365914,0.0155989,0.0259942,0.0261258,0.0522553,0.0443498,0.238707,0.121014673045,0.0139955831340759,0.00709855551314661,0.0105461446236962,0.0572876724703578,0.200476783676165,0.391400426681037,0.254667564349316,0.225963074751929,0.0557503855690017,0.14106828622994,0.0980168021195701,0.167623091064093,0.0750670899273314,0.122040159232215,0.122620127671218,0.23108761798922,0.19961660835675,1,0.986004416865924,0.992901444486853,0.989453855376304,0.942712327529642,0.799523216323835,0.608599573318963,0.745332435650684,0.774036925248071,0.944249614430998,0.85893171377006,0.90198319788043,0.832376908935907,0.924932910072669,0.877959840767785,0.877379872328782,0.76891238201078,0.80038339164325,0,1e+05,1399.55831340759,98769.8087782969,3234978.74497865,32.3497874497865,2023,"Males","B'Tselem historical average",42.6041625502135
0,1,0.0151486,0.00429369,0.00506991,0.0142243,0.0723819,0.0832033,0.0994479,0.0276276,0.0179977,0.0238595,0.0442957,0.0267461,0.0161279,0.0210126,0.0304348,0.0713642,0.0649507,0.254964,0.11906172613,0.0149491044767843,0.0170285295459477,0.0250322715898596,0.0686792155844068,0.306455010236421,0.344382167919797,0.398231327031308,0.129213362280639,0.0861138709614909,0.112582117423344,0.199397383319262,0.125349007290283,0.0775141488950873,0.0998193403237813,0.141414216508517,0.302798557887935,0.279387470542576,1,0.985050895523216,0.982971470454052,0.97496772841014,0.931320784415593,0.693544989763579,0.655617832080203,0.601768672968692,0.870786637719361,0.913886129038509,0.887417882576656,0.800602616680738,0.874650992709717,0.922485851104913,0.900180659676219,0.858585783491484,0.697201442112065,0.720612529457424,0,1e+05,1494.91044767843,98683.0761706319,2884615.07780734,28.8461507780734,2023,"Males","B'Tselem historical average",46.1077992219266
0,1,0.0138083,0.00593379,0.00608706,0.0184039,0.0353228,0.117555,0.0578637,0.0189538,0.0241023,0.0330056,0.0189772,0.0414002,0.0364938,0.0249837,0.0358156,0.0558757,0.0400775,0.218211,0.121736227765,0.0136428486767841,0.023456784730666,0.029979088720532,0.0879719333400095,0.162283252795397,0.454270560616746,0.25275513214959,0.090481575772794,0.113662670539632,0.15244883668941,0.0905882229391003,0.187585778166843,0.167213371644683,0.117574862282953,0.164361257375826,0.245135680625223,0.182138373354693,1,0.986357151323216,0.976543215269334,0.970020911279468,0.91202806665999,0.837716747204603,0.545729439383254,0.74724486785041,0.909518424227206,0.886337329460368,0.84755116331059,0.9094117770609,0.812414221833157,0.832786628355317,0.882425137717047,0.835638742624174,0.754864319374777,0.817861626645307,0,1e+05,1364.28486767841,98801.7980257096,3066942.02823019,30.6694202823019,2023,"Males","B'Tselem historical average",44.2845297176981
0,1,0.0169504,0.00439326,0.00462958,0.00989267,0.0555611,0.103602,0.0501785,0.0337606,0.0241333,0.0198179,0.0265845,0.00792096,0.0110461,0.0282074,0.033241,0.0480839,0.0927939,0.240067,0.11546632432,0.0167000133660094,0.0174199790060636,0.022883052692292,0.0482695628589796,0.243923811756535,0.411443957728524,0.222927127794864,0.15566466848303,0.113800543366908,0.0944118866775333,0.124638846465354,0.0388357587705226,0.0537462829595026,0.131746438758415,0.153452697228563,0.214620074499441,0.37660328181822,1,0.98329998663399,0.982580020993936,0.977116947307708,0.95173043714102,0.756076188243465,0.588556042271476,0.777072872205136,0.84433533151697,0.886199456633092,0.905588113322467,0.875361153534645,0.961164241229477,0.946253717040497,0.868253561241585,0.846547302771437,0.785379925500559,0.62339671818178,0,1e+05,1670.00133660095,98522.8275793458,3186280.82173519,31.8628082173519,2023,"Males","B'Tselem historical average",43.0911417826481
0,1,0.0147719,0.00365477,0.00263446,0.0082342,0.0545595,0.0984349,0.0585689,0.0406442,0.023347,0.0217179,0.024635,0.00866354,0.0184421,0.0272874,0.0317575,0.0437812,0.0583736,0.281323,0.119813412145,0.0145823005166288,0.0145129966703184,0.0130861128975399,0.0403405692124766,0.240054382319586,0.394975953730367,0.255442093870736,0.184476273601241,0.110297226624967,0.102997287997498,0.116029060251746,0.0423993782268905,0.0881464843045191,0.127723869227129,0.147108040972073,0.197309845482413,0.254698787190187,1,0.985417699483371,0.985487003329682,0.98691388710246,0.959659430787523,0.759945617680414,0.605024046269633,0.744557906129264,0.815523726398759,0.889702773375033,0.897002712002502,0.883970939748254,0.95760062177311,0.911853515695481,0.872276130772871,0.852891959027927,0.802690154517587,0.745301212809813,0,1e+05,1458.23005166287,98716.4854665192,3209387.72768509,32.0938772768509,2023,"Males","B'Tselem historical average",42.8600727231491
0,1,0.0142911,0.0067286,0.00302319,0.00751053,0.0665065,0.10061,0.0794094,0.0258622,0.0253256,0.0292909,0.0505588,0.055563,0.0137194,0.0254437,0.0323099,0.0535338,0.0452542,0.21625,0.120772824505,0.0141137588768367,0.0265570169120117,0.0150025610188833,0.036860544437956,0.285125716361937,0.401949621461817,0.331280112571844,0.121458067891445,0.119088058654358,0.136461779180504,0.224427089205671,0.243931135759489,0.0663222464307934,0.119610185789565,0.149475642357485,0.236074136040136,0.203273545763297,1,0.985886241123163,0.973442983087988,0.984997438981117,0.963139455562044,0.714874283638063,0.598050378538183,0.668719887428156,0.878541932108555,0.880911941345642,0.863538220819496,0.775572910794329,0.756068864240511,0.933677753569207,0.880389814210435,0.850524357642515,0.763925863959864,0.796726454236703,0,1e+05,1411.37588768367,98759.0799647101,2909774.56969132,29.0977456969132,2023,"Males","B'Tselem historical average",45.8562043030868
0,1,0.0157374,0.002237,0.00667161,0.0173831,0.0532064,0.10419,0.0580592,0.0294513,0.0210715,0.0293663,0.0246037,0.0230911,0.0415709,0.0250842,0.0263823,0.0638489,0.0491815,0.255878,0.11788680517,0.0155219220671951,0.00890814495945141,0.0328107978818585,0.0832956581136131,0.234799861608309,0.413296574703981,0.253500857531079,0.137157810443233,0.100085139934667,0.136789030718061,0.115890181833083,0.109154269612384,0.188286411083701,0.118019912290318,0.123749508363738,0.275300426496646,0.218982749734795,1,0.984478077932805,0.991091855040549,0.967189202118141,0.916704341886387,0.765200138391691,0.586703425296019,0.746499142468921,0.862842189556767,0.899914860065333,0.863210969281939,0.884109818166917,0.890845730387616,0.811713588916299,0.881980087709682,0.876250491636262,0.724699573503354,0.781017250265205,0,1e+05,1552.19220671951,98630.7907735404,3040879.10833143,30.4087910833143,2023,"Males","B'Tselem historical average",44.5451589166857
0,1,0.0144913,0.0099988,0.00275446,0.00505834,0.0385013,0.0963336,0.0713253,0.0351149,0.0140722,0.0460444,0.037428,0.021065,0.0234093,0.0245605,0.0270556,0.0435931,0.0565643,0.266828,0.120373335415,0.0143089053298014,0.0392110726535043,0.0136781104795214,0.0249758590330469,0.175604040398512,0.38818085255562,0.302658482368759,0.161405182860895,0.0679697888435881,0.206456576968571,0.171127591283594,0.100055810860556,0.110575275507647,0.115698469358313,0.126707623082334,0.196545437699549,0.247782404362321,1,0.985691094670199,0.960788927346496,0.986321889520479,0.975024140966953,0.824395959601488,0.61181914744438,0.697341517631241,0.838594817139105,0.932030211156412,0.793543423031429,0.828872408716406,0.899944189139444,0.889424724492353,0.884301530641687,0.873292376917666,0.80345456230045,0.752217595637679,0,1e+05,1430.89053298015,98741.3505330884,3179447.51862411,31.7944751862411,2023,"Males","B'Tselem historical average",43.159474813759
0,1,0.0143462,0.00516104,0.00857215,0.0324963,0.0517693,0.106971,0.0543604,0.0297036,0.0249948,0.0158253,0.0442699,0.0417633,0.0244117,0.0383264,0.0227452,0.0640183,0.0437448,0.222716,0.12066287521,0.0141674752278703,0.0204332463960404,0.0419614993337162,0.150273193088588,0.229184674567307,0.42200046945486,0.239283176967007,0.138251576202759,0.117624027399865,0.0761151377754071,0.199292817271663,0.189075461904599,0.115037827656495,0.17487607408543,0.107607135456535,0.27593006568922,0.197161972376916,1,0.98583252477213,0.97956675360396,0.958038500666284,0.849726806911412,0.770815325432693,0.57799953054514,0.760716823032993,0.861748423797241,0.882375972600135,0.923884862224593,0.800707182728337,0.810924538095401,0.884962172343505,0.82512392591457,0.892392864543465,0.72406993431078,0.802838027623084,0,1e+05,1416.74752278703,98754.2013067591,2841459.13685544,28.4145913685544,2023,"Males","B'Tselem historical average",46.5393586314456
0,1,0.0144527,0.00535824,0.0031155,0.0166389,0.0350182,0.0971761,0.0573865,0.0266449,0.0211017,0.0185215,0.0346251,0.0295572,0.0325965,0.0190881,0.0433625,0.0452476,0.0778163,0.224418,0.120450359785,0.0142712853179048,0.0212057094389121,0.0154571084465866,0.0798720426729237,0.160996482446022,0.390912193888644,0.250932198479841,0.124904340823012,0.100221395449128,0.0885091924787615,0.15933318163171,0.137617062407521,0.15070163535766,0.0910934956158383,0.19560743184189,0.203246912504413,0.325716389332051,1,0.985728714682095,0.978794290561088,0.984542891553413,0.920127957327076,0.839003517553978,0.609087806111356,0.749067801520159,0.875095659176988,0.899778604550872,0.911490807521238,0.84066681836829,0.862382937592479,0.84929836464234,0.908906504384162,0.80439256815811,0.796753087495587,0.674283610667949,0,1e+05,1427.12853179048,98744.7696133231,3264096.86591155,32.6409686591155,2023,"Males","B'Tselem historical average",42.3129813408845
0,1,0.015676,0.0015605,0.00318919,0.00451539,0.0711575,0.137457,0.0535258,0.037028,0.0206242,0.0164676,0.026395,0.061316,0.0334953,0.0229367,0.0340855,0.0466172,0.0575276,0.265962,0.1180093258,0.0154622180464954,0.00622257932991135,0.0158198189787777,0.0223249355234667,0.302053984071144,0.511508827682959,0.236043021146757,0.169453673448841,0.0980647333177692,0.0790822623416563,0.123805391714256,0.265830797110874,0.154535931531438,0.108463985272501,0.157045098258292,0.20875685038552,0.251471605210265,1,0.984537781953505,0.993777420670089,0.984180181021222,0.977675064476533,0.697946015928856,0.488491172317041,0.763956978853243,0.830546326551159,0.901935266682231,0.920917737658344,0.876194608285744,0.734169202889126,0.845464068468562,0.891536014727499,0.842954901741708,0.79124314961448,0.748528394789735,0,1e+05,1546.22180464954,98636.2467880544,2880979.39219183,28.8097939219183,2023,"Males","B'Tselem historical average",46.1441560780817
0,1,0.0174757,0.00106338,0.00236438,0.0156575,0.0354645,0.109471,0.0373504,0.0353595,0.0384274,0.0432735,0.0186925,0.0089972,0.0232375,0.0369894,0.0266984,0.0513769,0.0853824,0.288234,0.114418114435,0.0172093650551268,0.00424449298210538,0.0117524319622925,0.0753384697737921,0.162881245199092,0.429743793071637,0.170803090611098,0.162438168915574,0.175296525718967,0.195245147747384,0.0892898726392281,0.0439963892173345,0.109808322750229,0.169291978249358,0.125139442753945,0.227645233949721,0.351814981342546,1,0.982790634944873,0.995755507017895,0.988247568037708,0.924661530226208,0.837118754800908,0.570256206928363,0.829196909388902,0.837561831084426,0.824703474281033,0.804754852252616,0.910710127360772,0.956003610782665,0.890191677249771,0.830708021750642,0.874860557246055,0.772354766050279,0.648185018657454,0,1e+05,1720.93650551268,98475.9698045104,3245902.90224911,32.4590290224911,2023,"Males","B'Tselem historical average",42.4949209775089
0,1,0.0179143,0.00133313,0.00529446,0.029935,0.0667012,0.0492197,0.0728255,0.0285769,0.0200548,0.0100159,0.0266401,0.0272322,0.0195957,0.0198984,0.0254756,0.0715072,0.0485416,0.237662,0.113542910065,0.0176342633441136,0.00531833992299691,0.0261264859134763,0.139253608103551,0.285841133470409,0.219134200926629,0.308043876652169,0.133357164140204,0.0954865888926873,0.048856154114999,0.124883244683282,0.127481964140343,0.0934027684268452,0.0947772127733756,0.119751167869556,0.303313289807664,0.216441908621185,1,0.982365736655886,0.994681660077003,0.973873514086524,0.86074639189645,0.714158866529591,0.780865799073371,0.691956123347831,0.866642835859796,0.904513411107313,0.951143845885001,0.875116755316718,0.872518035859657,0.906597231573155,0.905222787226624,0.880248832130444,0.696686710192336,0.783558091378815,0,1e+05,1763.42633441136,98436.798223283,3183916.71108816,31.8391671108816,2023,"Males","B'Tselem historical average",43.1147828891184
0,1,0.0144952,0.00123007,0.00670273,0.0268782,0.0283816,0.12264,0.0673268,0.0313579,0.0379768,0.0125694,0.0168284,0.0179264,0.0270726,0.0389165,0.0231184,0.0446173,0.0862102,0.2245,0.12036555316,0.0143127061658774,0.00490820512823582,0.0329613228807193,0.125929129198914,0.132506158060944,0.469309658656054,0.288135839844837,0.145391564638088,0.173419231338281,0.0609322940576785,0.0807449780293281,0.0857873539455751,0.126782191130969,0.177329856590035,0.10927626877016,0.200699792833072,0.354621108318995,1,0.985687293834123,0.995091794871764,0.967038677119281,0.874070870801086,0.867493841939056,0.530690341343946,0.711864160155163,0.854608435361912,0.826580768661719,0.939067705942321,0.919255021970672,0.914212646054425,0.873217808869031,0.822670143409965,0.89072373122984,0.799300207166928,0.645378891681005,0,1e+05,1431.27061658775,98741.0050628995,3015627.37552175,30.1562737552175,2023,"Males","B'Tselem historical average",44.7976762447826
0,1,0.0210025,0.00195041,0.00316103,0.00780516,0.036781,0.121138,0.0575964,0.0381425,0.0196824,0.0352335,0.0510527,0.0142228,0.0200749,0.0283246,0.0527631,0.0576652,0.0598241,0.221382,0.107380561375,0.020616006778044,0.00777132545822604,0.015681227920268,0.0382788682713088,0.168418498057379,0.464897973281549,0.25173449791126,0.17411002128303,0.0937966424134059,0.161906195180288,0.22637133088883,0.0686722218091327,0.0955777172118591,0.132257638249122,0.233071555522082,0.251997311571865,0.260204282463664,1,0.979383993221956,0.992228674541774,0.984318772079732,0.961721131728691,0.831581501942621,0.535102026718451,0.74826550208874,0.82588997871697,0.906203357586594,0.838093804819712,0.77362866911117,0.931327778190867,0.904422282788141,0.867742361750878,0.766928444477918,0.748002688428135,0.739795717536336,0,1e+05,2061.6006778044,98159.7751603093,3112669.37144896,31.1266937144896,2023,"Males","B'Tselem historical average",43.8272562855104
0,1,0.0160948,0.00158106,0.00433873,0.0277347,0.0393863,0.103804,0.0480773,0.0281167,0.0387223,0.0170516,0.0107625,0.0556837,0.033598,0.0245761,0.0475076,0.0524411,0.0504582,0.301601,0.11717363134,0.0158693142807123,0.00630430503097545,0.0214608677234555,0.129681786397035,0.179278689390179,0.412080888599535,0.214593776564892,0.131350634067767,0.176523053421264,0.0817721356302194,0.0524025440491768,0.244396277505647,0.15497303954354,0.115767703363425,0.212320863377516,0.231814041650946,0.224030553778353,1,0.984130685719288,0.993695694969025,0.978539132276544,0.870318213602965,0.820721310609821,0.587919111400465,0.785406223435108,0.868649365932233,0.823476946578736,0.918227864369781,0.947597455950823,0.755603722494353,0.84502696045646,0.884232296636575,0.787679136622484,0.768185958349054,0.775969446221647,0,1e+05,1586.93142807123,98599.0150900435,3082643.8934379,30.826438934379,2023,"Males","B'Tselem historical average",44.127511065621
0,1,0.0150457,0.00345046,0.00264044,0.0260632,0.0434031,0.109717,0.0834476,0.0248719,0.0134515,0.0325424,0.0159531,0.0083726,0.0153164,0.0221305,0.0373387,0.0430335,0.0510157,0.221862,0.119267057935,0.0148489331689852,0.0137072473823939,0.0131156224645493,0.122344290706168,0.195772650213767,0.430501631297367,0.345218799307309,0.11707952444019,0.0650693007523252,0.150470335393709,0.0767062440453022,0.0410047099144262,0.0737577422899746,0.10485146181098,0.170754154617462,0.194267476387226,0.226225827615314,1,0.985151066831015,0.986292752617606,0.986884377535451,0.877655709293832,0.804227349786233,0.569498368702633,0.654781200692691,0.88292047555981,0.934930699247675,0.849529664606291,0.923293755954698,0.958995290085574,0.926242257710025,0.89514853818902,0.829245845382538,0.805732523612774,0.773774172384686,0,1e+05,1484.89331689852,98692.2055403553,3036583.58006752,30.3658358006752,2023,"Males","B'Tselem historical average",44.5881141993248
0,1,0.0152798,0.00122707,0.00160866,0.0139051,0.0507542,0.119816,0.0520197,0.0479364,0.022639,0.0216595,0.0135007,0.0239839,0.0190359,0.0344774,0.0365502,0.0506887,0.0468822,0.227366,0.11879992309,0.0150767975408046,0.00489626388295429,0.00801108223114511,0.067189797854629,0.225196792398163,0.460993890145744,0.230165632161607,0.21403217063851,0.10713161823684,0.102734552405436,0.065299526699713,0.113135899735815,0.0908556999531544,0.158707449455369,0.167450158080331,0.22493885469061,0.209819052985328,1,0.984923202459195,0.995103736117046,0.991988917768855,0.932810202145371,0.774803207601837,0.539006109854256,0.769834367838393,0.78596782936149,0.89286838176316,0.897265447594564,0.934700473300287,0.886864100264185,0.909144300046846,0.841292550544631,0.832549841919669,0.77506114530939,0.790180947014672,0,1e+05,1507.67975408045,98671.4324847487,3087734.07231786,30.8773407231786,2023,"Males","B'Tselem historical average",44.0766092768214
0,1,0.0207888,0.00111824,0.00164727,0.00707628,0.0379456,0.130071,0.0870924,0.028108,0.0380978,0.0214867,0.0110931,0.0481767,0.0097422,0.0204742,0.0253596,0.0496642,0.0590719,0.288619,0.10780698904,0.0204102386080166,0.00446297863753672,0.00820257037972647,0.0347663587767875,0.17328910257347,0.490768217842515,0.357601145080482,0.131312659422389,0.173923722054756,0.101956716546453,0.0539687968491809,0.214989757388102,0.0475528271191007,0.0973862367774289,0.119238404399478,0.220894614247699,0.25735358666039,1,0.979589761391983,0.995537021362463,0.991797429620274,0.965233641223213,0.82671089742653,0.509231782157485,0.642398854919518,0.868687340577611,0.826076277945244,0.898043283453547,0.946031203150819,0.785010242611898,0.952447172880899,0.902613763222571,0.880761595600522,0.779105385752301,0.74264641333961,0,1e+05,2041.02386080167,98179.0127761902,3033453.55342521,30.3345355342521,2023,"Males","B'Tselem historical average",44.6194144657479
0,1,0.0149266,0.00538774,0.00194148,0.0091521,0.0415439,0.0981472,0.0412122,0.0565549,0.0254676,0.0175604,0.0466638,0.0241855,0.0144891,0.0240236,0.0291429,0.0461605,0.0512156,0.253607,0.11950471603,0.0147329675408602,0.0213212136883257,0.00966051077883278,0.044736908352664,0.188175626477911,0.394048987929672,0.186813510596488,0.247746327988157,0.119715813848105,0.084109508468715,0.208943729041843,0.114032657881988,0.0699130568210358,0.113312560904629,0.135819094292367,0.20692329329916,0.227011654738888,1,0.98526703245914,0.978678786311674,0.990339489221167,0.955263091647336,0.811824373522089,0.605951012070328,0.813186489403511,0.752253672011843,0.880284186151895,0.915890491531285,0.791056270958157,0.885967342118012,0.930086943178964,0.886687439095371,0.864180905707633,0.79307670670084,0.772988345261112,0,1e+05,1473.29675408603,98702.769156139,3253070.17866961,32.5307017866961,2023,"Males","B'Tselem historical average",42.4232482133039
0,1,0.0225212,0.00625851,0.00444024,0.00825285,0.045665,0.086155,0.0733306,0.0240028,0.0358658,0.0148006,0.0321088,0.0345616,0.0374785,0.0201111,0.044073,0.0532789,0.0696024,0.212079,0.10435007146,0.02207590447661,0.0247245621609403,0.0219574590302884,0.0404300913024857,0.204929711779027,0.354434285361664,0.309849394904956,0.113220007037689,0.164572673515564,0.0713624811535953,0.148614423034199,0.159064215522034,0.171338705787827,0.0957418168670145,0.198494391687853,0.235082197737419,0.296431193707698,1,0.97792409552339,0.97527543783906,0.978042540969712,0.959569908697514,0.795070288220973,0.645565714638336,0.690150605095043,0.886779992962311,0.835427326484436,0.928637518846405,0.851385576965801,0.840935784477966,0.828661294212173,0.904258183132986,0.801505608312147,0.76491780226258,0.703568806292302,0,1e+05,2207.590447661,98022.7717733068,3161284.82373013,31.6128482373013,2023,"Males","B'Tselem historical average",43.3411017626987
0,1,0.0190404,0.0044579,0.00856219,0.0162202,0.0367719,0.0981481,0.0722663,0.0277064,0.0189525,0.0162573,0.0256928,0.016355,0.0158996,0.0220546,0.0299922,0.0455035,0.0980185,0.237884,0.11129583382,0.0187235731240344,0.0176740219550531,0.0419137659312038,0.0779404747775336,0.168380337654506,0.394051889387915,0.306040469116683,0.129558033267681,0.0904756505809131,0.078111783264822,0.120710521765931,0.0785627649481813,0.0764588376617818,0.10451064862224,0.13950113513687,0.204278978728562,0.393633971428772,1,0.981276426875966,0.982325978044947,0.958086234068796,0.922059525222466,0.831619662345494,0.605948110612085,0.693959530883317,0.870441966732319,0.909524349419087,0.921888216735178,0.879289478234069,0.921437235051819,0.923541162338218,0.89548935137776,0.86049886486313,0.795721021271438,0.606366028571228,0,1e+05,1872.35731240344,98336.0282558895,3180357.92527292,31.8035792527292,2023,"Males","B'Tselem historical average",43.1503707472708
0,1,0.0176418,0.00552776,0.00492958,0.011774,0.0686195,0.0911966,0.067496,0.0305005,0.0193366,0.0114983,0.042057,0.0486433,0.018055,0.0219864,0.027432,0.0444733,0.0511179,0.230512,0.11408667019,0.0173703174707849,0.021869263915398,0.024347838456257,0.0571867092142777,0.292858065018635,0.371324231478801,0.28875541181101,0.141697860978094,0.0922247187581527,0.0558850425384503,0.190278629226548,0.216846211678632,0.0863761945198598,0.104204306110339,0.12835725916637,0.200116857413032,0.22662767316482,1,0.982629682529215,0.978130736084602,0.975652161543743,0.942813290785722,0.707141934981365,0.628675768521199,0.71124458818899,0.858302139021906,0.907775281241847,0.94411495746155,0.809721370773452,0.783153788321368,0.91362380548014,0.895795693889661,0.87164274083363,0.799883142586968,0.77337232683518,0,1e+05,1737.03174707849,98461.14042096,3003468.12996861,30.0346812996861,2023,"Males","B'Tselem historical average",44.9192687003139
0,1,0.017166,0.00154676,0.00291704,0.00928222,0.0751089,0.0842494,0.0495606,0.0394799,0.0249199,0.0413243,0.0445911,0.0257763,0.0276995,0.0268838,0.0285955,0.0603545,0.0910925,0.295309,0.1150361053,0.0169091285213258,0.00616795929456308,0.0144796060251013,0.0453585303558997,0.316175512603532,0.347958717140383,0.220484624319836,0.179666464837186,0.11729222378147,0.187274074869659,0.200593759074349,0.121079073682589,0.129527857759946,0.125953713867802,0.133438171889346,0.262208797785185,0.370978990719671,1,0.983090871478674,0.993832040705437,0.985520393974899,0.9546414696441,0.683824487396469,0.652041282859617,0.779515375680164,0.820333535162814,0.88270777621853,0.812725925130341,0.799406240925651,0.878920926317411,0.870472142240054,0.874046286132198,0.866561828110654,0.737791202214815,0.629021009280329,0,1e+05,1690.91285213258,98503.6031767785,3043949.9005819,30.439499005819,2023,"Males","B'Tselem historical average",44.514450994181
0,1,0.0153249,0.00110949,0.00400057,0.0295542,0.0651724,0.0398621,0.0624672,0.0583934,0.0412869,0.0315778,0.0288774,0.0234762,0.0155747,0.0234472,0.0277315,0.0532583,0.0445149,0.256627,0.118709928295,0.0151206848356627,0.00442813405908557,0.0198047740378188,0.137604055553409,0.280207510161824,0.18124816846007,0.270147591007535,0.254774174322754,0.187120442505771,0.146336535382496,0.134665058126168,0.110873763389773,0.0749549960572672,0.110744385604628,0.129667793931473,0.235001984519644,0.200285299772854,1,0.984879315164337,0.995571865940914,0.980195225962181,0.862395944446591,0.719792489838176,0.81875183153993,0.729852408992465,0.745225825677246,0.812879557494229,0.853663464617504,0.865334941873832,0.889126236610227,0.925045003942733,0.889255614395372,0.870332206068527,0.764998015480356,0.799714700227147,0,1e+05,1512.06848356627,98667.429057695,3089640.39116306,30.8964039116306,2023,"Males","B'Tselem historical average",44.0575460883694
0,1,0.0158916,0.00234814,0.0026493,0.0117559,0.0755169,0.122037,0.0430878,0.0202414,0.0189008,0.0299872,0.0262511,0.031501,0.0222258,0.0443,0.0245494,0.0511942,0.101884,0.240037,0.11757910678,0.0156718326392424,0.00934865609336187,0.0131593423855449,0.0571013068665197,0.317620257029771,0.467541572723772,0.194488767237554,0.096332250939579,0.0902399804440574,0.13947950078514,0.12317199885232,0.146006614121404,0.105279213160352,0.199414809813189,0.11564920360269,0.226927562455368,0.406006168756127,1,0.984328167360758,0.990651343906638,0.986840657614455,0.94289869313348,0.682379742970229,0.532458427276228,0.805511232762446,0.903667749060421,0.909760019555943,0.86052049921486,0.87682800114768,0.853993385878596,0.894720786839648,0.800585190186811,0.88435079639731,0.773072437544632,0.593993831243873,0,1e+05,1567.18326392425,98617.0847444085,2971681.1448366,29.716811448366,2023,"Males","B'Tselem historical average",45.237138551634
0,1,0.0194756,0.00567518,0.00595799,0.00982,0.05796,0.119756,0.073066,0.0236029,0.0280805,0.0126754,0.0383342,0.0237781,0.0147315,0.0231446,0.0231478,0.0470597,0.0777527,0.220561,0.11042741398,0.0191439321441117,0.0224459503826152,0.0293527416469867,0.0479234786003611,0.253122543453577,0.46081622915368,0.308904042987659,0.111438802708858,0.131192614473212,0.0614303639131385,0.174908551511609,0.112219579067441,0.0710411434868101,0.109393337407591,0.109407634873678,0.210529824092845,0.325493503228762,1,0.980856067855888,0.977554049617385,0.970647258353013,0.952076521399639,0.746877456546423,0.53918377084632,0.691095957012341,0.888561197291142,0.868807385526788,0.938569636086862,0.825091448488391,0.887780420932559,0.92895885651319,0.890606662592409,0.890592365126322,0.789470175907155,0.674506496771238,0,1e+05,1914.39321441117,98297.0082775971,2937555.08493969,29.3755508493969,2023,"Males","B'Tselem historical average",45.5783991506031
0,1,0.0152474,0.00307724,0.00360746,0.0301792,0.0503368,0.0696878,0.0628189,0.0297753,0.0373525,0.0257095,0.039043,0.0587046,0.017081,0.0189388,0.0233527,0.0586557,0.0455236,0.213466,0.11886457567,0.0150452664797126,0.0122336681341418,0.0178760818742052,0.140309898758471,0.223551795012089,0.296740941536059,0.271462120496808,0.138562174233838,0.170811873717425,0.120784243715491,0.177855016479024,0.255958191829775,0.0819073513298376,0.090413205938433,0.110322669490475,0.255772249205668,0.204359993499783,1,0.984954733520287,0.987766331865858,0.982123918125795,0.859690101241529,0.776448204987911,0.703259058463941,0.728537879503192,0.861437825766162,0.829188126282575,0.879215756284509,0.822144983520976,0.744041808170225,0.918092648670162,0.909586794061567,0.889677330509525,0.744227750794332,0.795640006500217,0,1e+05,1504.52664797126,98674.308273624,3066792.69512931,30.6679269512931,2023,"Males","B'Tselem historical average",44.2860230487069
0,1,0.0170512,0.00310007,0.00724664,0.0306503,0.0735725,0.0525249,0.0617945,0.0226239,0.0170143,0.00798882,0.0304364,0.0112776,0.0240392,0.0270581,0.0318819,0.0737115,0.0419288,0.219749,0.11526518296,0.0167977920316999,0.0123238702789288,0.035588458139274,0.142344264011891,0.310712720861114,0.232141479949501,0.267627700199981,0.107063987625877,0.0816005590215971,0.0391619554673091,0.141421125165065,0.054841790557035,0.113381970346138,0.126718589344167,0.147641751136132,0.311208404271376,0.189753643573354,1,0.9832022079683,0.987676129721071,0.964411541860726,0.857655735988109,0.689287279138886,0.767858520050499,0.732372299800019,0.892936012374123,0.918399440978403,0.960838044532691,0.858578874834935,0.945158209442965,0.886618029653862,0.873281410655834,0.852358248863868,0.688791595728624,0.810246356426646,0,1e+05,1679.77920316999,98513.8408540158,3169232.72568521,31.6923272568521,2023,"Males","B'Tselem historical average",43.2616227431479
0,1,0.0194269,0.00253116,0.00693196,0.00650918,0.0476784,0.116159,0.0665212,0.0283502,0.035832,0.021934,0.0305399,0.0482987,0.0126528,0.0251845,0.0594676,0.0506141,0.0477472,0.2274,0.110524592395,0.0190969101703791,0.0100736439905537,0.0340693810336254,0.0320247626388167,0.213002905657275,0.45008999164986,0.285179751745473,0.132369262346557,0.164430330953211,0.103968867168799,0.141867919790942,0.215475530042804,0.0613241931231292,0.118463866862503,0.258854378415366,0.224644990025834,0.213277492299226,1,0.980903089829621,0.989926356009446,0.965930618966375,0.967975237361183,0.786997094342725,0.54991000835014,0.714820248254527,0.867630737653443,0.835569669046789,0.896031132831201,0.858132080209058,0.784524469957196,0.938675806876871,0.881536133137497,0.741145621584634,0.775355009974166,0.786722507700774,0,1e+05,1909.69101703791,98301.3768042206,3010119.79484262,30.1011979484262,2023,"Males","B'Tselem historical average",44.8527520515738
0,1,0.0141798,0.0015475,0.00346522,0.0107776,0.0645867,0.0824617,0.0613812,0.0374288,0.0300201,0.0319493,0.0161631,0.0224733,0.0188865,0.0519856,0.0334556,0.0489381,0.0447902,0.213541,0.12099491809,0.0140052370965729,0.00617090106121554,0.0171772922583017,0.0524741368565374,0.278039384252713,0.341837289882285,0.266075860915009,0.171130936051764,0.139621845583497,0.147930787247485,0.0776767570214659,0.10638920850146,0.0901747848164121,0.230032107217575,0.154366906322124,0.218017138665665,0.201399221475653,1,0.985994762903427,0.993829098938784,0.982822707741698,0.947525863143463,0.721960615747287,0.658162710117715,0.733924139084991,0.828869063948236,0.860378154416503,0.852069212752515,0.922323242978534,0.89361079149854,0.909825215183588,0.769967892782425,0.845633093677876,0.781982861334335,0.798600778524347,0,1e+05,1400.52370965728,98768.9325418758,3145791.87263343,31.4579187263343,2023,"Males","B'Tselem historical average",43.4960312736657
0,1,0.0138239,0.00640382,0.00134329,0.0124376,0.0364317,0.0840829,0.0709054,0.0643874,0.014574,0.0122012,0.0404943,0.0287421,0.0176516,0.0300858,0.0474338,0.0485385,0.0422156,0.283408,0.121705098745,0.0136580710644008,0.0252913573993182,0.00669397014211948,0.0603126388088768,0.166952583875094,0.347390498610878,0.30114498580819,0.277300374644101,0.070308316488733,0.059200215816936,0.18385845174387,0.134076406305795,0.0845278696406287,0.139906037353477,0.212026002505846,0.216429581853063,0.190927683238674,1,0.986341928935599,0.974708642600682,0.99330602985788,0.939687361191123,0.833047416124906,0.652609501389122,0.69885501419181,0.722699625355899,0.929691683511267,0.940799784183064,0.81614154825613,0.865923593694204,0.915472130359371,0.860093962646523,0.787973997494154,0.783570418146937,0.809072316761326,0,1e+05,1365.80710644007,98800.4185823158,3202686.91339148,32.0268691339148,2023,"Males","B'Tselem historical average",42.9270808660852
0,1,0.013906,0.0042364,0.00383606,0.0118646,0.0536345,0.0867789,0.0576682,0.0231067,0.0103877,0.0491135,0.0357282,0.0130494,0.0254157,0.0354428,0.0292059,0.0445961,0.0573355,0.246397,0.1215412723,0.0137381765364459,0.0168032295962767,0.0189981053202629,0.0576140799670571,0.236465700911196,0.35654339167125,0.252008769672003,0.109223985344595,0.0506238369229877,0.218713087003619,0.163993058057753,0.0631856625381855,0.119486422339373,0.162789693617623,0.136092723795269,0.200613995489389,0.250737150297757,1,0.986261823463554,0.983196770403723,0.981001894679737,0.942385920032943,0.763534299088804,0.64345660832875,0.747991230327997,0.890776014655405,0.949376163077012,0.781286912996381,0.836006941942247,0.936814337461815,0.880513577660627,0.837210306382377,0.863907276204731,0.799386004510611,0.749262849702243,0,1e+05,1373.8176536446,98793.1578918876,3232739.19172206,32.3273919172206,2023,"Males","B'Tselem historical average",42.6265580827794
0,1,0.0148943,0.00250176,0.00538351,0.0205018,0.0758186,0.0639609,0.0700958,0.0223099,0.0201524,0.0397725,0.0142845,0.0560868,0.0156113,0.0285223,0.0392389,0.060708,0.0452137,0.23147,0.119569169065,0.0147015131636777,0.00995721885630809,0.0265600838080464,0.0975111164803575,0.318686995422205,0.275716768374232,0.298219214041053,0.105656533270946,0.0959290010005893,0.180877612856647,0.0689598572961335,0.245947920439706,0.075124521397758,0.133119326578803,0.178667690862535,0.263542200265678,0.203110101957779,1,0.985298486836322,0.990042781143692,0.973439916191954,0.902488883519643,0.681313004577795,0.724283231625768,0.701780785958947,0.894343466729054,0.904070998999411,0.819122387143353,0.931040142703867,0.754052079560294,0.924875478602242,0.866880673421196,0.821332309137465,0.736457799734322,0.796889898042221,0,1e+05,1470.15131636776,98705.6334549302,3035648.05770246,30.3564805770246,2023,"Males","B'Tselem historical average",44.5974694229754
0,1,0.0187475,0.00315287,0.00543633,0.0285263,0.0664113,0.100963,0.0582063,0.0363359,0.030169,0.0185358,0.0179978,0.0472417,0.0178572,0.0198721,0.0278802,0.0681692,0.0454127,0.22737,0.111880301125,0.018440465800837,0.0125324536059985,0.0268171823674509,0.133136752633386,0.284775690468906,0.403075676247547,0.254061543894093,0.166550128009178,0.140265802510176,0.0885745018705688,0.0861143288313958,0.211258028936032,0.0854703472861064,0.0946578731951944,0.130317785211842,0.291216081707212,0.203912910431157,1,0.981559534199163,0.987467546394001,0.973182817632549,0.866863247366614,0.715224309531094,0.596924323752453,0.745938456105907,0.833449871990822,0.859734197489824,0.911425498129431,0.913885671168604,0.788741971063968,0.914529652713894,0.905342126804806,0.869682214788158,0.708783918292788,0.796087089568843,0,1e+05,1844.0465800837,98362.2659065846,2850902.86531627,28.5090286531627,2023,"Males","B'Tselem historical average",46.4449213468373
0,1,0.0148998,0.00384949,0.00241276,0.0165685,0.0363251,0.121939,0.0496322,0.0308397,0.0350005,0.0333206,0.048385,0.0118643,0.023993,0.0231555,0.0362863,0.0495404,0.0668187,0.274682,0.11955819409,0.0147068693054075,0.0152803171439153,0.0119914686601886,0.079547541400754,0.166504746117058,0.467253836176258,0.220767996598108,0.143160901838897,0.160921654113041,0.153791903731325,0.215818994837026,0.0576126651423782,0.113176396780136,0.109442037265261,0.166341688932245,0.220404662183866,0.286272593621464,1,0.985293130694592,0.984719682856085,0.988008531339811,0.920452458599246,0.833495253882942,0.532746163823742,0.779232003401892,0.856839098161103,0.839078345886959,0.846208096268675,0.784181005162974,0.942387334857622,0.886823603219864,0.890557962734739,0.833658311067755,0.779595337816134,0.713727406378536,0,1e+05,1470.68693054076,98705.1457429465,3070351.08145699,30.7035108145699,2023,"Males","B'Tselem historical average",44.2504391854301
0,1,0.0203772,0.00349214,0.00122356,0.0167652,0.040398,0.101896,0.0449345,0.0499006,0.0265265,0.0223727,0.017099,0.0154945,0.019022,0.0303756,0.0372549,0.0473446,0.0558317,0.237533,0.10862831626,0.0200136783692855,0.0138716763284527,0.00609914333046644,0.0804539342536277,0.183461323620907,0.406044280089899,0.201982539002932,0.221829444103875,0.124383830781909,0.10593819155452,0.081990127044179,0.0745834180717194,0.0907923688970985,0.141158560104244,0.170403579239478,0.211669482542094,0.244966289093102,1,0.979986321630715,0.986128323671547,0.993900856669534,0.919546065746372,0.816538676379093,0.593955719910101,0.798017460997068,0.778170555896125,0.875616169218091,0.89406180844548,0.918009872955821,0.925416581928281,0.909207631102901,0.858841439895756,0.829596420760522,0.788330517457906,0.755033710906898,0,1e+05,2001.36783692855,98216.0373814139,3231997.45424178,32.3199745424178,2023,"Males","B'Tselem historical average",42.6339754575822
0,1,0.0157625,0.00511104,0.00315373,0.0188596,0.0261351,0.0861878,0.0733903,0.0320356,0.0138077,0.0252645,0.0377094,0.0175991,0.01693,0.0222855,0.0402319,0.0429094,0.0429881,0.273178,0.117836719375,0.0155463267913748,0.0202372927742779,0.0156452973906505,0.0900521320270563,0.122661099731048,0.354545301218994,0.310062542472881,0.148300741883308,0.0667348625943887,0.118817818087332,0.172303359260733,0.0842870590477805,0.0812126735902909,0.105547076563131,0.182775941498106,0.193761523237032,0.194082414403457,1,0.984453673208625,0.979762707225722,0.98435470260935,0.909947867972944,0.877338900268952,0.645454698781006,0.689937457527119,0.851699258116692,0.933265137405611,0.881182181912669,0.827696640739267,0.91571294095222,0.918787326409709,0.894452923436869,0.817224058501894,0.806238476762968,0.805917585596543,0,1e+05,1554.63267913747,98628.5601356053,3324969.39841304,33.2496939841304,2023,"Males","B'Tselem historical average",41.7042560158697
0,1,0.0172687,0.00267988,0.00552997,0.0150518,0.0852537,0.0703253,0.0582942,0.0529471,0.0333617,0.0501367,0.0261368,0.0114588,0.0128795,0.0230861,0.0245437,0.0505199,0.0496431,0.234091,0.114831172585,0.0170087097120153,0.0106623722437429,0.0272728055092944,0.0725297420707488,0.351377846268869,0.299049615234392,0.254396411737264,0.233789332131721,0.153966998006515,0.222762107599758,0.122668589054031,0.055698407714211,0.0623886630360674,0.109131923738454,0.11562390397031,0.224273777917468,0.220811127758883,1,0.982991290287985,0.989337627756257,0.972727194490706,0.927470257929251,0.648622153731131,0.700950384765608,0.745603588262736,0.766210667868279,0.846033001993485,0.777237892400242,0.877331410945968,0.944301592285789,0.937611336963933,0.890868076261546,0.88437609602969,0.775726222082532,0.779188872241117,0,1e+05,1700.87097120153,98494.4420368373,2919197.05534368,29.1919705534368,2023,"Males","B'Tselem historical average",45.7619794465632
0,1,0.0176355,0.00245383,0.00230403,0.0205506,0.0495795,0.0942601,0.0612125,0.0528597,0.0332866,0.0279275,0.0387146,0.0538237,0.0160104,0.0328082,0.0221561,0.0514357,0.0521456,0.29575,0.114099241525,0.017364213632089,0.0097673849953537,0.0114541731038588,0.0977318781616291,0.220559433870984,0.381419013996881,0.265441634821259,0.233448460969258,0.153647031779889,0.13052444631392,0.176491049078376,0.237200921855778,0.0769711526442608,0.151606184910545,0.10496638565687,0.227876085121314,0.230658442767109,1,0.982635786367911,0.990232615004646,0.988545826896141,0.902268121838371,0.779440566129016,0.618580986003119,0.734558365178741,0.766551539030742,0.846352968220111,0.86947555368608,0.823508950921624,0.762799078144222,0.923028847355739,0.848393815089455,0.89503361434313,0.772123914878686,0.769341557232891,0,1e+05,1736.42136320891,98461.702997301,2966176.46586412,29.6617646586412,2023,"Males","B'Tselem historical average",45.2921853413588
0,1,0.013851,0.00533446,0.00373328,0.0100631,0.0553738,0.0684182,0.0839981,0.0515552,0.0274428,0.027525,0.0208588,0.0341193,0.0147892,0.0203333,0.0387112,0.0464427,0.0497746,0.271135,0.12165102205,0.0136845140421423,0.0211125914508185,0.0184937937244113,0.0490807390374798,0.243201519279326,0.292124430690353,0.347100949363231,0.228345061689025,0.128404549099903,0.128764399742705,0.099124932162521,0.157188588482475,0.0713094747886396,0.0967484612806076,0.176476916933053,0.208056711421197,0.221331306836802,1,0.986315485957858,0.978887408549181,0.981506206275589,0.95091926096252,0.756798480720674,0.707875569309647,0.652899050636769,0.771654938310975,0.871595450900097,0.871235600257295,0.900875067837479,0.842811411517525,0.92869052521136,0.903251538719392,0.823523083066947,0.791943288578803,0.778668693163198,0,1e+05,1368.45140421423,98798.0221077342,3115807.10410265,31.1580710410265,2023,"Males","B'Tselem historical average",43.7958789589735
0,1,0.0158791,0.00477695,0.00685153,0.0107846,0.032571,0.126177,0.0576889,0.0431109,0.0364788,0.0239165,0.0306306,0.0127552,0.0150687,0.0212677,0.0357699,0.0449769,0.0853177,0.242898,0.117604049905,0.0156596819619412,0.0189269735870467,0.0336807385239525,0.0525073237896455,0.150592619477496,0.479599070274831,0.252087826469027,0.194582891100174,0.167150386227235,0.112835900466247,0.142259282085388,0.0618051571488379,0.0726082212414475,0.100970000785724,0.164168750526367,0.202153864616343,0.351595253995476,1,0.984340318038059,0.981073026412953,0.966319261476048,0.947492676210354,0.849407380522504,0.520400929725169,0.747912173530973,0.805417108899826,0.832849613772765,0.887164099533753,0.857740717914612,0.938194842851162,0.927391778758552,0.899029999214276,0.835831249473633,0.797846135383657,0.648404746004524,0,1e+05,1565.96819619412,98618.1960057007,3047521.80536778,30.4752180536778,2023,"Males","B'Tselem historical average",44.4787319463223
0,1,0.0152321,0.00328548,0.00103115,0.00324535,0.0462498,0.112959,0.0425968,0.0660577,0.0232524,0.0188718,0.0205244,0.022088,0.02658,0.0238072,0.0429257,0.0582928,0.0723355,0.264082,0.118895106055,0.0150303761514802,0.0130561287005538,0.0051424932950969,0.0160961558515182,0.207282109706268,0.44042116426459,0.192485801975975,0.283474342340015,0.109874864265389,0.0901077608948609,0.0976133608418441,0.1046606394875,0.124619063247222,0.112349200296739,0.193827994175998,0.254391079240171,0.306288644406359,1,0.98496962384852,0.986943871299446,0.994857506704903,0.983903844148482,0.792717890293732,0.55957883573541,0.807514198024025,0.716525657659985,0.890125135734611,0.909892239105139,0.902386639158156,0.8953393605125,0.875380936752778,0.887650799703261,0.806172005824002,0.745608920759829,0.69371135559364,0,1e+05,1503.03761514802,98675.6662015097,3201900.74881686,32.0190074881686,2023,"Males","B'Tselem historical average",42.9349425118314
0,1,0.0167756,0.00340701,0.00758692,0.016936,0.0347997,0.110573,0.0959166,0.040536,0.0170475,0.0186832,0.0288178,0.0282523,0.0147291,0.0232138,0.0531702,0.0580774,0.0497511,0.262918,0.11581512898,0.0165304088798259,0.0135358067421429,0.0372284763210753,0.0812402862789493,0.160072327556804,0.433132970211899,0.386825526711548,0.18403036301233,0.081753277504361,0.089247430993171,0.13440580125172,0.131942315312726,0.0710299807754026,0.10970247189482,0.234658854443651,0.253570248172034,0.221238369400319,1,0.983469591120174,0.986464193257857,0.962771523678925,0.918759713721051,0.839927672443196,0.566867029788101,0.613174473288452,0.81596963698767,0.918246722495639,0.910752569006829,0.86559419874828,0.868057684687274,0.928970019224597,0.89029752810518,0.76534114555635,0.746429751827966,0.778761630599681,0,1e+05,1653.0408879826,98538.4062556683,2951234.90967134,29.5123490967134,2023,"Males","B'Tselem historical average",45.4416009032866
0,1,0.0155892,0.00363859,0.000755893,0.00671872,0.0532118,0.109204,0.0417974,0.0437027,0.0229269,0.0167503,0.0105877,0.0464633,0.011233,0.0214285,0.0243418,0.047276,0.0564363,0.222358,0.11818253086,0.0153778039602557,0.0144492104943745,0.00377233629350523,0.0330386562978955,0.234820893895525,0.428920432675313,0.189215237572697,0.196990913059578,0.108420154877829,0.080385305061568,0.0515733910197505,0.208139392420385,0.0546308297242682,0.101694593507558,0.114727325943379,0.211395201173325,0.247291023961065,1,0.984622196039744,0.985550789505625,0.996227663706495,0.966961343702105,0.765179106104475,0.571079567324687,0.810784762427303,0.803009086940422,0.891579845122171,0.919614694938432,0.94842660898025,0.791860607579615,0.945369170275732,0.898305406492442,0.885272674056621,0.788604798826675,0.752708976038935,0,1e+05,1537.78039602557,98643.9583830836,3264531.07077118,32.6453107077118,2023,"Males","B'Tselem historical average",42.3086392922882
0,1,0.0149883,0.00227022,0.00393847,0.00779444,0.06935,0.084236,0.091563,0.0325893,0.0130728,0.0289206,0.0298124,0.0557525,0.019332,0.052383,0.0608413,0.0742704,0.0715479,0.278979,0.119381596765,0.0147930469751505,0.0090398351707971,0.0195003461789614,0.0382272990284026,0.295515074038564,0.347913001098638,0.372538209751344,0.1506708557054,0.0632953803784708,0.134852930822161,0.138722847456239,0.244661301912771,0.0922037907910677,0.231586951764324,0.264044476916457,0.313198546651868,0.303459733359008,1,0.98520695302485,0.990960164829203,0.980499653821039,0.961772700971597,0.704484925961436,0.652086998901362,0.627461790248656,0.8493291442946,0.936704619621529,0.865147069177838,0.861277152543761,0.755338698087229,0.907796209208932,0.768413048235676,0.735955523083543,0.686801453348132,0.696540266640992,0,1e+05,1479.30469751505,98697.2970593763,2954751.91190091,29.5475191190091,2023,"Males","B'Tselem historical average",45.4064308809909
0,1,0.0186476,0.00746384,0.00136375,0.0106212,0.0515266,0.137557,0.060586,0.0272465,0.0202871,0.0219014,0.0516176,0.0149722,0.0116821,0.0257029,0.0470843,0.0429617,0.0632463,0.237809,0.11207964658,0.018343869841868,0.0294162437268437,0.00679558131495433,0.0517323508869001,0.228232843867892,0.51178572690896,0.26308224739788,0.127544637580413,0.0965392466245098,0.103822362286544,0.228589851236976,0.0721600145744703,0.0567530140368017,0.120755108785963,0.210628286432782,0.193974783824425,0.273056902990914,1,0.981656130158132,0.970583756273156,0.993204418685046,0.9482676491131,0.771767156132108,0.48821427309104,0.73691775260212,0.872455362419587,0.90346075337549,0.896177637713456,0.771410148763024,0.92783998542553,0.943246985963198,0.879244891214037,0.789371713567218,0.806025216175575,0.726943097009086,0,1e+05,1834.3869841868,98371.2104606918,2929475.21835535,29.2947521835535,2023,"Males","B'Tselem historical average",45.6591978164465
0,1,0.0144801,0.00121367,0.00293672,0.0108194,0.0472985,0.125985,0.0480011,0.0261701,0.020001,0.0127739,0.0257339,0.0403916,0.0106469,0.0424611,0.0319177,0.068987,0.0762287,0.220626,0.120395684455,0.0142979899556215,0.004842924575461,0.0145765816528213,0.0526722934700747,0.211485171535339,0.47904407920378,0.214290098841275,0.122815279626609,0.0952426303746896,0.0618929636781783,0.120891946824061,0.183434924735168,0.051854281622484,0.191931448888953,0.147795286000088,0.294195787942949,0.32013484277617,1,0.985702010044378,0.995157075424539,0.985423418347179,0.947327706529925,0.788514828464661,0.52095592079622,0.785709901158725,0.877184720373391,0.90475736962531,0.938107036321822,0.879108053175939,0.816565075264832,0.948145718377516,0.808068551111047,0.852204713999912,0.705804212057051,0.67986515722383,0,1e+05,1429.79899556216,98742.3426331416,3166148.79773957,31.6614879773957,2023,"Males","B'Tselem historical average",43.2924620226043
0,1,0.0139162,0.00350266,0.00233712,0.00893393,0.0502844,0.120107,0.0311496,0.0586071,0.0298069,0.033334,0.0354547,0.010335,0.0289704,0.0285726,0.0234199,0.0442003,0.0655737,0.21375,0.12152091871,0.0137481278910743,0.0139131737655567,0.0116177199856677,0.043693757571058,0.223345068139158,0.461854964459236,0.144495553283593,0.255587408044926,0.13869902972707,0.153848994078471,0.16283990045348,0.0503734753311319,0.135069459337987,0.13333843554161,0.1106225758402,0.199010671537142,0.281689880678397,1,0.986251872108926,0.986086826234443,0.988382280014332,0.956306242428942,0.776654931860842,0.538145035540764,0.855504446716407,0.744412591955074,0.86130097027293,0.846151005921529,0.83716009954652,0.949626524668868,0.864930540662013,0.86666156445839,0.8893774241598,0.800989328462858,0.718310119321603,0,1e+05,1374.81278910743,98792.2557240792,3088272.73213954,30.8827273213954,2023,"Males","B'Tselem historical average",44.0712226786046
0,1,0.014061,0.00117047,0.00711074,0.0123972,0.0604405,0.0798105,0.0698727,0.0472692,0.0228356,0.0187165,0.0158661,0.0469242,0.0149139,0.0480281,0.0253536,0.0597533,0.0554883,0.21963,0.12123197755,0.0138893778860587,0.00467094559661506,0.0349327065161681,0.060122619649212,0.262533378362677,0.332675087352194,0.297411192435738,0.211368008349334,0.108011718975413,0.0893993907572307,0.0763038872367812,0.209987286434702,0.0718891316969617,0.214397713000591,0.119211874543909,0.259936361522582,0.243643140778808,1,0.986110622113941,0.995329054403385,0.965067293483832,0.939877380350788,0.737466621637323,0.667324912647806,0.702588807564262,0.788631991650666,0.891988281024587,0.910600609242769,0.923696112763219,0.790012713565298,0.928110868303038,0.785602286999409,0.880788125456091,0.740063638477418,0.756356859221192,0,1e+05,1388.93778860586,98779.4458862007,3085027.4539202,30.850274539202,2023,"Males","B'Tselem historical average",44.103675460798
0,1,0.0141551,0.00305293,0.00442242,0.0169648,0.054718,0.140712,0.055546,0.0396976,0.0304524,0.0228861,0.0242,0.00671489,0.0108949,0.0259368,0.0459293,0.0675938,0.0594583,0.222323,0.121044205705,0.0139811506181951,0.0121376094559274,0.0218703008601749,0.081372816122608,0.240667842486992,0.520469307135777,0.2438656030346,0.18056773564377,0.141490208905793,0.108237655482174,0.114097123998114,0.0330201335879294,0.0530301057521035,0.121787082027193,0.205993640695958,0.289113328705385,0.258819135490642,1,0.986018849381805,0.987862390544073,0.978129699139825,0.918627183877392,0.759332157513008,0.479530692864223,0.7561343969654,0.81943226435623,0.858509791094207,0.891762344517826,0.885902876001886,0.966979866412071,0.946969894247896,0.878212917972807,0.794006359304042,0.710886671294615,0.741180864509358,0,1e+05,1398.11506181951,98771.1186653226,2871041.22170535,28.7104122170535,2023,"Males","B'Tselem historical average",46.2435377829465
0,1,0.020914,0.00855293,0.00812707,0.00229795,0.0537805,0.103357,0.0688341,0.0262798,0.0437058,0.020056,0.0185973,0.0137498,0.0223173,0.0263836,0.0333276,0.0594137,0.0558466,0.215215,0.1075571587,0.0205308018312431,0.0336363414522064,0.0398261747254354,0.0114241198594226,0.237033103009054,0.410670756540587,0.293639477162604,0.123298359434343,0.197003509983417,0.095492029634144,0.0888553270649381,0.0664643221579805,0.105689726658131,0.123755228859647,0.153821727487471,0.258650101205079,0.245023654887412,1,0.979469198168757,0.966363658547794,0.960173825274565,0.988575880140577,0.762966896990946,0.589329243459414,0.706360522837396,0.876701640565657,0.802996490016583,0.904507970365856,0.911144672935062,0.93353567784202,0.894310273341869,0.876244771140353,0.846178272512529,0.74134989879492,0.754976345112588,0,1e+05,2053.08018312432,98167.7432879558,3047358.70235875,30.4735870235875,2023,"Males","B'Tselem historical average",44.4803629764126
0,1,0.0156115,0.00271412,0.00376008,0.0121817,0.0638757,0.0752874,0.0574442,0.034747,0.0228812,0.0339276,0.0254803,0.0224202,0.0140248,0.0220911,0.0289742,0.0437207,0.0579688,0.219039,0.118138032325,0.0153994922928314,0.0107978665886687,0.0186253182830754,0.0591083980681335,0.275400069458262,0.316807893497703,0.251152818201652,0.159849291656987,0.108215735293979,0.156374473529686,0.119771937737188,0.106151173641791,0.0677485986346712,0.104674559591519,0.135085979529771,0.197064054032187,0.2531561101979,1,0.984600507707169,0.989202133411331,0.981374681716925,0.940891601931866,0.724599930541738,0.683192106502297,0.748847181798348,0.840150708343013,0.891784264706021,0.843625526470314,0.880228062262812,0.893848826358209,0.932251401365329,0.89532544040848,0.864914020470229,0.802935945967813,0.7468438898021,0,1e+05,1539.94922928313,98641.9773425448,3227590.91903138,32.2759091903138,2023,"Males","B'Tselem historical average",42.6780408096862
0,1,0.015111,0.00489235,0.00640569,0.00832333,0.0583496,0.0717616,0.0546814,0.0423961,0.0364576,0.0178099,0.026662,0.0421683,0.044472,0.0293254,0.0279375,0.0687964,0.0673186,0.23858,0.11913675505,0.0149125037707848,0.0193797747183137,0.0315236235988723,0.0407683293531134,0.254607400115545,0.304228237313084,0.2405262234171,0.191665794522149,0.167061359453931,0.0852536045699252,0.124979491963193,0.190734161630311,0.200111593081229,0.13661153055468,0.130568132028626,0.293502253856898,0.288105801909019,1,0.985087496229215,0.980620225281686,0.968476376401128,0.959231670646887,0.745392599884455,0.695771762686916,0.7594737765829,0.808334205477851,0.832938640546069,0.914746395430075,0.875020508036807,0.809265838369689,0.799888406918771,0.86338846944532,0.869431867971374,0.706497746143102,0.711894198090981,0,1e+05,1491.25037707848,98686.4123538137,3158827.23383932,31.5882723383932,2023,"Males","B'Tselem historical average",43.3656776616068
0,1,0.0137541,0.00487534,0.00214148,0.0114463,0.059629,0.086835,0.0671901,0.0253219,0.0485684,0.0293079,0.0408655,0.033569,0.0117166,0.0253829,0.0294095,0.0574618,0.0538118,0.256716,0.121844381155,0.0135899572322795,0.0193130446814851,0.0106503810549461,0.0556393385965556,0.259465786536533,0.356732773937782,0.28763494774397,0.11907169604951,0.216548468416411,0.136535572720651,0.185387606877835,0.15484963177718,0.0569158493973767,0.119341421575714,0.136976475834838,0.251220101875173,0.237154697167416,1,0.986410042767721,0.980686955318515,0.989349618945054,0.944360661403444,0.740534213463467,0.643267226062218,0.71236505225603,0.88092830395049,0.783451531583589,0.863464427279349,0.814612393122165,0.84515036822282,0.943084150602623,0.880658578424286,0.863023524165162,0.748779898124827,0.762845302832584,0,1e+05,1358.99572322794,98806.5902696611,3058180.58524745,30.5818058524745,2023,"Males","B'Tselem historical average",44.3721441475255
0,1,0.0143615,0.00915742,0.00198323,0.011157,0.0742142,0.108092,0.042394,0.0263613,0.0257646,0.0345073,0.0517998,0.0200526,0.021791,0.0500925,0.0319319,0.0527808,0.061773,0.228789,0.120632344825,0.0141823900489185,0.035970879104541,0.00986722754578593,0.0542712394535421,0.312998640698655,0.425481999322957,0.19165721054083,0.123657095519692,0.121027440984995,0.158834155375525,0.229304218372828,0.0954766141192794,0.103326054847069,0.222587579219827,0.147856178254026,0.233140627871146,0.267547041511738,1,0.985817609951081,0.964029120895459,0.990132772454214,0.945728760546458,0.687001359301345,0.574518000677043,0.80834278945917,0.876342904480308,0.878972559015005,0.841165844624475,0.770695781627172,0.904523385880721,0.896673945152931,0.777412420780173,0.852143821745974,0.766859372128853,0.732452958488262,0,1e+05,1418.23900489185,98752.8464917905,2921939.03488477,29.2193903488477,2023,"Males","B'Tselem historical average",45.7345596511524
0,1,0.0138282,0.00517016,0.00136782,0.0298315,0.0496865,0.0814048,0.098806,0.0358841,0.0421886,0.0153974,0.0114606,0.0114586,0.0187552,0.0331018,0.0284228,0.0533515,0.0391777,0.227859,0.12169651831,0.0136622669019017,0.020468984153775,0.00681579305485926,0.138805555200119,0.220982840267609,0.338196877139572,0.396170054089165,0.164649731430901,0.190817221429951,0.0741333479699199,0.0557069133715355,0.0556974626365812,0.0895759622805878,0.152859212314518,0.132685748751,0.235364832806332,0.17841388576879,1,0.986337733098098,0.979531015846225,0.993184206945141,0.861194444799881,0.779017159732391,0.661803122860428,0.603829945910835,0.835350268569099,0.809182778570049,0.92586665203008,0.944293086628465,0.944302537363419,0.910424037719412,0.847140787685482,0.867314251249,0.764635167193668,0.82158611423121,0,1e+05,1366.22669019017,98800.0383412282,2957028.46600275,29.5702846600275,2023,"Males","B'Tselem historical average",45.3836653399725
0,1,0.0198592,0.00461122,0.00158243,0.0107527,0.0558143,0.0735341,0.0736137,0.0243225,0.0310049,0.0319748,0.0306146,0.0183147,0.0311939,0.0337052,0.0295136,0.0481638,0.0550051,0.216112,0.10966195936,0.0195141622675403,0.018276327664692,0.0078809722825772,0.0523560770263957,0.244899293418394,0.31057573256076,0.310859673189352,0.114641575688303,0.143872610264988,0.148040117154982,0.142190255509219,0.0875642189958899,0.144686184104181,0.155429079476105,0.137428011592648,0.214938377441462,0.241777949302107,1,0.98048583773246,0.981723672335308,0.992119027717423,0.947643922973604,0.755100706581606,0.68942426743924,0.689140326810648,0.885358424311697,0.856127389735012,0.851959882845018,0.857809744490781,0.91243578100411,0.855313815895819,0.844570920523895,0.862571988407352,0.785061622558538,0.758222050697893,0,1e+05,1951.41622675402,98262.5799001987,3204728.44135705,32.0472844135705,2023,"Males","B'Tselem historical average",42.9066655864296
0,1,0.0222465,0.00198325,0.00753027,0.0243412,0.0506846,0.102135,0.0555252,0.0355505,0.0270621,0.0132587,0.0169342,0.0283126,0.022185,0.0316729,0.0285177,0.0427516,0.0706674,0.235784,0.104898221575,0.0218121570958294,0.00790165807325244,0.0369556352218941,0.114724660249818,0.2249227064781,0.406802951397533,0.243785415164737,0.163243986633008,0.126736135096043,0.0641665862085904,0.081232002555799,0.132205309860135,0.105096107156815,0.146744908007892,0.133099286213848,0.193117766259907,0.300285934398686,1,0.978187842904171,0.992098341926748,0.963044364778106,0.885275339750182,0.7750772935219,0.593197048602467,0.756214584835263,0.836756013366992,0.873263864903957,0.93583341379141,0.918767997444201,0.867794690139865,0.894903892843185,0.853255091992108,0.866900713786152,0.806882233740093,0.699714065601314,0,1e+05,2181.21570958295,98047.5899392238,3022015.72747182,30.2201572747182,2023,"Males","B'Tselem historical average",44.7337927252818
0,1,0.0201385,0.0026175,0.00797277,0.00595277,0.0575592,0.0966,0.0432437,0.0326599,0.0277508,0.0194774,0.0322335,0.0143024,0.0327327,0.025543,0.0431651,0.0439487,0.067671,0.255643,0.109104630175,0.0197835573339224,0.0104154749884355,0.0390848144105304,0.02932740180588,0.251592362256075,0.389045509464358,0.195123811122414,0.150972623069529,0.129752182812984,0.0928650744950741,0.14914855049412,0.0690432881875654,0.151283690832701,0.120048972724261,0.194803697312807,0.197989992987929,0.289395750431393,1,0.980216442666078,0.989584525011564,0.96091518558947,0.97067259819412,0.748407637743925,0.610954490535642,0.804876188877586,0.849027376930471,0.870247817187016,0.907134925504926,0.85085144950588,0.930956711812435,0.848716309167299,0.87995102727574,0.805196302687193,0.802010007012071,0.710604249568607,0,1e+05,1978.35573339225,98237.4920372541,3196045.95751452,31.9604595751452,2023,"Males","B'Tselem historical average",42.9934904248548
0,1,0.0147912,0.00191326,0.00163688,0.0323367,0.0593048,0.0975706,0.0701908,0.0241599,0.0348173,0.0140565,0.0152258,0.0300668,0.0199967,0.0379546,0.0319478,0.0450134,0.11045,0.224562,0.11977489996,0.0146010997336282,0.00762386711998802,0.00815104429652974,0.149590353999556,0.258237231572585,0.392187962874012,0.298563051425081,0.113918831082335,0.160146801886677,0.0678965310289779,0.0733374467578845,0.139823859921296,0.0952231291341099,0.17332664161993,0.147924355674459,0.202301323960132,0.432755411891468,1,0.985398900266372,0.992376132880012,0.99184895570347,0.850409646000444,0.741762768427415,0.607812037125988,0.701436948574919,0.886081168917665,0.839853198113323,0.932103468971022,0.926662553242116,0.860176140078704,0.90477687086589,0.82667335838007,0.852075644325541,0.797698676039868,0.567244588108532,0,1e+05,1460.10997336282,98714.7745526273,2945241.89883453,29.4524189883453,2023,"Males","B'Tselem historical average",45.5015310116547
0,1,0.0177041,0.00133633,0.00452834,0.0138968,0.0352673,0.0824351,0.0769562,0.031911,0.0281467,0.0327405,0.0275132,0.0128864,0.0151046,0.0366561,0.0282035,0.046708,0.0968201,0.237876,0.113962353655,0.0174306737519705,0.00533107185748936,0.022388246024988,0.0671510386163894,0.162048929473912,0.3417458638478,0.322697136550484,0.147766553757603,0.131481569284547,0.151317013313984,0.128712750857751,0.062421043657529,0.0727749102274463,0.167894597144068,0.131729423043016,0.209120947016843,0.38975919049974,1,0.98256932624803,0.994668928142511,0.977611753975012,0.932848961383611,0.837951070526088,0.6582541361522,0.677302863449516,0.852233446242397,0.868518430715453,0.848682986686016,0.871287249142249,0.937578956342471,0.927225089772554,0.832105402855932,0.868270576956984,0.790879052983157,0.61024080950026,0,1e+05,1743.06737519705,98455.5766854597,3274800.69464179,32.7480069464179,2023,"Males","B'Tselem historical average",42.2059430535821
0,1,0.0150491,0.00480543,0.00354492,0.025062,0.0423881,0.110977,0.0312337,0.028385,0.0187594,0.0109659,0.0341365,0.0237688,0.0408765,0.0311205,0.0450912,0.0433683,0.0481044,0.233416,0.119260273405,0.0148522433140922,0.0190387413225725,0.0175688991451063,0.1179216208459,0.191633093204813,0.434371801470516,0.14485741721948,0.132520979959616,0.0895951231184303,0.0533664715247664,0.157261598598597,0.112178149972343,0.185432881997566,0.144370309461044,0.202615553846043,0.195631036319015,0.214701752538025,1,0.985147756685908,0.980961258677427,0.982431100854894,0.8820783791541,0.808366906795187,0.565628198529484,0.85514258278052,0.867479020040384,0.91040487688157,0.946633528475234,0.842738401401403,0.887821850027657,0.814567118002434,0.855629690538956,0.797384446153957,0.804368963680985,0.785298247461975,0,1e+05,1485.22433140922,98691.9039284224,3180047.52583358,31.8004752583358,2023,"Males","B'Tselem historical average",43.1534747416642
0,1,0.0161066,0.00180681,0.0053007,0.0142132,0.0653136,0.0733539,0.0670786,0.0310833,0.0412802,0.0131334,0.0254071,0.0174458,0.0222548,0.0238121,0.049213,0.0433071,0.0417906,0.248339,0.11715008503,0.0158807799081377,0.00720121753628652,0.0261568756234569,0.0686274604479046,0.280729383366401,0.30993258954875,0.287226175637248,0.14421017933193,0.187092917379932,0.0635794636792862,0.119448406009209,0.0835835454566797,0.10540934052141,0.112371024800849,0.219107639360392,0.195381937262002,0.189187366141335,1,0.984119220091862,0.992798782463713,0.973843124376543,0.931372539552095,0.719270616633599,0.69006741045125,0.712773824362752,0.85578982066807,0.812907082620068,0.936420536320714,0.880551593990791,0.91641645454332,0.89459065947859,0.887628975199151,0.780892360639608,0.804618062737998,0.810812633858665,0,1e+05,1588.07799081376,98597.9654808443,3141825.85187668,31.4182585187668,2023,"Males","B'Tselem historical average",43.5356914812332
0,1,0.0159869,0.00360413,0.00627414,0.011495,0.050754,0.0747347,0.0540518,0.0448805,0.0300127,0.0530245,0.0164375,0.0371943,0.0161175,0.0185508,0.0231037,0.047513,0.106479,0.210895,0.117388940395,0.0157644600828324,0.0143133456828482,0.0308862385383426,0.0558694516336772,0.225196004916207,0.314848272098079,0.238086491453178,0.201764294007042,0.139589830718953,0.234091092203623,0.0789434188803842,0.170149976795214,0.077466100320222,0.0886430034299301,0.109210578872272,0.212342434744912,0.42046758108431,1,0.984235539917168,0.985686654317152,0.969113761461657,0.944130548366323,0.774803995083793,0.685151727901921,0.761913508546822,0.798235705992958,0.860410169281047,0.765908907796377,0.921056581119616,0.829850023204786,0.922533899679778,0.91135699657007,0.890789421127728,0.787657565255088,0.57953241891569,0,1e+05,1576.44600828324,98608.6113182191,3184757.24627072,31.8475724627072,2023,"Males","B'Tselem historical average",43.1063775372928
0,1,0.0156918,0.00298947,0.00303795,0.0277174,0.0365393,0.0985496,0.0352236,0.0478209,0.0352216,0.0355965,0.0126176,0.0208175,0.0226163,0.0224585,0.0299948,0.044588,0.0507563,0.214529,0.11797779769,0.0154775822749716,0.0118868094793316,0.0150752553202496,0.129606137136343,0.167404400932516,0.395345217406653,0.161864384192401,0.21357154165873,0.16185593729723,0.163437952325145,0.0611588066044686,0.0989383758992913,0.107029946549624,0.10632286958364,0.139512384800932,0.200581212268437,0.225205060916509,1,0.984522417725028,0.988113190520668,0.98492474467975,0.870393862863657,0.832595599067484,0.604654782593347,0.838135615807599,0.78642845834127,0.83814406270277,0.836562047674855,0.938841193395531,0.901061624100709,0.892970053450376,0.89367713041636,0.860487615199067,0.799418787731563,0.774794939083492,0,1e+05,1547.75822749715,98634.8428795395,3177132.97734293,31.7713297734293,2023,"Males","B'Tselem historical average",43.1826202265707
0,1,0.0140134,0.0060557,0.00797319,0.0245773,0.0311943,0.117998,0.0685621,0.0409779,0.0185951,0.0208386,0.0402643,0.0286923,0.014212,0.0252367,0.0307171,0.0594525,0.0539698,0.226703,0.12132696097,0.0138429490446039,0.0239329386073509,0.0390868331323438,0.115773028845395,0.144687905197263,0.455592492635107,0.292648935968146,0.185850129904469,0.088845282708756,0.0990336913011306,0.18290967493844,0.133859647117525,0.0686218651318648,0.118694835135349,0.142632368206417,0.258797155309852,0.237768239208864,1,0.986157050955396,0.976067061392649,0.960913166867656,0.884226971154605,0.855312094802737,0.544407507364893,0.707351064031854,0.814149870095531,0.911154717291244,0.900966308698869,0.81709032506156,0.866140352882475,0.931378134868135,0.881305164864651,0.857367631793583,0.741202844690148,0.762231760791136,0,1e+05,1384.29490446039,98783.657389384,2936967.67982941,29.3696767982941,2023,"Males","B'Tselem historical average",45.5842732017059
0,1,0.0144336,0.00325588,0.00448846,0.0152648,0.0491762,0.0671376,0.0640342,0.0459998,0.0126441,0.0506964,0.0217373,0.0275165,0.0166087,0.0499247,0.0301898,0.0528762,0.0534242,0.224973,0.12048847288,0.0142526692398042,0.0129392626271947,0.0221932660328554,0.0735183911566788,0.218961734838133,0.287442500881967,0.275989140455596,0.20627722254584,0.0612833189666349,0.224969181027406,0.103084550500987,0.128727195324625,0.0797328524344307,0.221924690953842,0.140355722055707,0.233512823151228,0.235647766484453,1,0.985747330760196,0.987060737372805,0.977806733967145,0.926481608843321,0.781038265161867,0.712557499118033,0.724010859544404,0.79372277745416,0.938716681033365,0.775030818972594,0.896915449499013,0.871272804675375,0.920267147565569,0.778075309046158,0.859644277944293,0.766487176848772,0.764352233515547,0,1e+05,1425.26692398042,98746.4613111364,3223595.68136734,32.2359568136734,2023,"Males","B'Tselem historical average",42.7179931863266
0,1,0.0139258,0.00200348,0.00122843,0.00688729,0.0712828,0.0952784,0.0417713,0.0269157,0.0441236,0.0280465,0.0279027,0.0310442,0.0125045,0.0319241,0.0401104,0.0451776,0.0399491,0.220745,0.12150176239,0.0137574937007204,0.00798193669892488,0.00612334474902489,0.0338535519258908,0.302505417129588,0.384746841372448,0.189108255787553,0.126093746376627,0.198699641271034,0.131044173939046,0.130416096930447,0.144041840720743,0.0606272174000526,0.14782273089184,0.18227426572969,0.202964389942351,0.181607826905431,1,0.98624250629928,0.992018063301075,0.993876655250975,0.966146448074109,0.697494582870412,0.615253158627552,0.810891744212447,0.873906253623373,0.801300358728966,0.868955826060954,0.869583903069553,0.855958159279257,0.939372782599947,0.85217726910816,0.81772573427031,0.797035610057649,0.818392173094569,0,1e+05,1375.74937007204,98791.4066029986,3162541.38086786,31.6254138086786,2023,"Males","B'Tselem historical average",43.3285361913214
0,1,0.015236,0.00520886,0.00589692,0.00616624,0.0407191,0.11292,0.0751307,0.0446093,0.0231008,0.0198779,0.0342371,0.0321547,0.0224387,0.0233971,0.0253525,0.0538264,0.0425238,0.231875,0.1188873238,0.0150341717655785,0.0206206201530195,0.0290562441321309,0.030363134070424,0.184784820989152,0.440302581299228,0.316252770027279,0.200667417438187,0.109197619101642,0.09468419271412,0.157688507039127,0.148811062334854,0.106234111600097,0.110520832570653,0.119207010655868,0.237211409472873,0.192187629230337,1,0.984965828234422,0.97937937984698,0.970943755867869,0.969636865929576,0.815215179010848,0.559697418700772,0.683747229972721,0.799332582561813,0.890802380898358,0.90531580728588,0.842311492960873,0.851188937665146,0.893765888399903,0.889479167429347,0.880792989344132,0.762788590527127,0.807812370769663,0,1e+05,1503.41717655784,98675.3200681181,3048921.53670504,30.4892153670504,2023,"Males","B'Tselem historical average",44.4647346329496
0,1,0.0183864,0.00169161,0.0040065,0.00564318,0.0621571,0.0950491,0.064131,0.0378329,0.03848,0.0243247,0.0418955,0.0280817,0.0458334,0.0249472,0.0388657,0.0585344,0.0444419,0.248697,0.11260085812,0.0180912222503872,0.0067436248335905,0.0198338393070409,0.0278233692971246,0.268986887792052,0.383998678110919,0.276348703275584,0.17281889963043,0.175515416894727,0.114651350722689,0.189617228507645,0.131197853120094,0.205607744955851,0.117413175095635,0.177118877141686,0.255310833821846,0.199989694941004,1,0.981908777749613,0.99325637516641,0.980166160692959,0.972176630702875,0.731013112207948,0.616001321889081,0.723651296724416,0.82718110036957,0.824484583105273,0.88534864927731,0.810382771492355,0.868802146879906,0.794392255044149,0.882586824904365,0.822881122858314,0.744689166178154,0.800010305058996,0,1e+05,1809.12222503872,98394.5864899446,3024977.24510143,30.2497724510143,2023,"Males","B'Tselem historical average",44.7041775489857
0,1,0.0143726,0.00484769,0.00505107,0.0211977,0.050209,0.116976,0.0501487,0.0369192,0.0364116,0.0112136,0.0179703,0.0311184,0.0446192,0.0214018,0.0410612,0.0459829,0.0873099,0.221509,0.12061019533,0.0141932103410266,0.0192045644499235,0.0249404106005695,0.100654395786112,0.223047517930561,0.452539382872706,0.222809484954638,0.168997837586446,0.166868158408255,0.0545390522103355,0.0859884063532744,0.144361270592951,0.200707481818149,0.101574316958304,0.186192755109722,0.20620925152063,0.358334193497813,1,0.985806789658973,0.980795435550077,0.97505958939943,0.899345604213888,0.776952482069439,0.547460617127294,0.777190515045362,0.831002162413554,0.833131841591745,0.945460947789664,0.914011593646726,0.855638729407049,0.799292518181851,0.898425683041696,0.813807244890278,0.79379074847937,0.641665806502187,0,1e+05,1419.32103410266,98751.8635530564,2950996.74333078,29.5099674333078,2023,"Males","B'Tselem historical average",45.4439825666922
0,1,0.0168632,0.00121763,0.00602332,0.0288698,0.0454527,0.0935586,0.0339586,0.0359196,0.0273829,0.0290507,0.0274054,0.0453853,0.0117406,0.0289665,0.0333134,0.0502679,0.0625634,0.210695,0.11564032756,0.0166154121319411,0.00485868783187056,0.0296698229057385,0.13463200253317,0.204074192389001,0.379118507913751,0.156506173630388,0.164799196916129,0.128142234984132,0.135418494830564,0.128240775619587,0.203802415571416,0.0570291100756156,0.13505250409997,0.15376122686259,0.223279962884318,0.270507350992318,1,0.983384587868059,0.995141312168129,0.970330177094262,0.86536799746683,0.795925807610999,0.620881492086249,0.843493826369612,0.835200803083871,0.871857765015868,0.864581505169436,0.871759224380413,0.796197584428584,0.942970889924384,0.86494749590003,0.84623877313741,0.776720037115682,0.729492649007682,0,1e+05,1661.54121319411,98530.5999569541,3132750.05941223,31.3275005941223,2023,"Males","B'Tselem historical average",43.6264494058777
0,1,0.015965,0.00670672,0.00363265,0.00439743,0.0637124,0.102049,0.0566366,0.0231337,0.0195137,0.0246819,0.00693378,0.0150717,0.0156309,0.032365,0.0562826,0.0593322,0.0705621,0.228289,0.11743264075,0.0157431756964451,0.0264718020712257,0.0179997827232262,0.0217480610596363,0.274792737912551,0.406530039896504,0.248059835764369,0.109344635040887,0.0930300965141305,0.116237117710927,0.0340781736035775,0.0726221517872695,0.0752152931844095,0.149711470632452,0.246700619309174,0.258341130885229,0.299905581006205,1,0.984256824303555,0.973528197928774,0.982000217276774,0.978251938940364,0.725207262087449,0.593469960103496,0.751940164235631,0.890655364959113,0.90696990348587,0.883762882289073,0.965921826396423,0.92737784821273,0.92478470681559,0.850288529367548,0.753299380690826,0.741658869114771,0.700094418993795,0,1e+05,1574.31756964451,98610.558699938,3197022.67624081,31.9702267624081,2023,"Males","B'Tselem historical average",42.9837232375919
0,1,0.015336,0.00400548,0.00177138,0.0139392,0.0628162,0.104426,0.0595856,0.0151525,0.0265342,0.0249347,0.0237615,0.0167714,0.0155862,0.04899,0.0280789,0.0590966,0.0488865,0.242681,0.1186877788,0.0151314858003,0.0158945890826425,0.00881785058955668,0.0673490213055444,0.271452036467176,0.414038927414527,0.259301422847017,0.0729972720867633,0.124417690304787,0.117357796386127,0.112145629086172,0.0804824899213334,0.0750082654332603,0.218223123009421,0.131185629565017,0.257447343326002,0.217812297763466,1,0.9848685141997,0.984105410917357,0.991182149410443,0.932650978694456,0.728547963532824,0.585961072585473,0.740698577152983,0.927002727913237,0.875582309695213,0.882642203613873,0.887854370913828,0.919517510078667,0.92499173456674,0.781776876990579,0.868814370434983,0.742552656673998,0.782187702236534,0,1e+05,1513.14858003,98666.4436639281,3107393.62512058,31.0739362512058,2023,"Males","B'Tselem historical average",43.8800137487943
0,1,0.0138611,0.00526235,0.00421514,0.0184914,0.0491834,0.118524,0.0339491,0.0383445,0.0289419,0.00772058,0.0271049,0.0262042,0.0147736,0.0232206,0.0320406,0.0463745,0.0448326,0.255633,0.121630868005,0.0136943688357943,0.0208301687232385,0.0208559234075201,0.0883717084747739,0.218990283256238,0.457159167174518,0.156465815921729,0.174951436598383,0.134945548569631,0.0378719170859612,0.126923854069574,0.122965470542055,0.0712369350411887,0.109732843817149,0.14832217157369,0.207782926668078,0.201570658265604,1,0.986305631164206,0.979169831276761,0.97914407659248,0.911628291525226,0.781009716743762,0.542840832825482,0.843534184078271,0.825048563401617,0.865054451430369,0.962128082914039,0.873076145930426,0.877034529457945,0.928763064958811,0.890267156182851,0.85167782842631,0.792217073331922,0.798429341734396,0,1e+05,1369.43688357942,98797.1289132484,3115407.66570275,31.1540766570275,2023,"Males","B'Tselem historical average",43.7998733429725
0,1,0.0151719,0.00259664,0.0053752,0.0116662,0.0597769,0.0929082,0.0610487,0.0411471,0.0339497,0.0426945,0.0189409,0.0168501,0.02193,0.0288585,0.0296864,0.0621566,0.0475252,0.261153,0.119015232145,0.0149717839497408,0.010332898365576,0.0265196292225079,0.05667795898716,0.260025677671062,0.376979729694089,0.264825386125153,0.186545938984978,0.156468364881921,0.192884709432803,0.090422778009977,0.0808448888461344,0.103950892328111,0.134582851919689,0.138177051915071,0.268985015036029,0.212391168139805,1,0.985028216050259,0.989667101634424,0.973480370777492,0.94332204101284,0.739974322328938,0.623020270305911,0.735174613874847,0.813454061015022,0.843531635118079,0.807115290567197,0.909577221990023,0.919155111153866,0.896049107671889,0.865417148080311,0.861822948084929,0.731014984963971,0.787608831860195,0,1e+05,1497.17839497409,98681.0086392662,3036820.98323636,30.3682098323636,2023,"Males","B'Tselem historical average",44.5857401676364
0,1,0.0153471,0.00172799,0.0061747,0.0193037,0.0425289,0.127916,0.0499921,0.0247652,0.0280267,0.0177656,0.013847,0.0176923,0.018943,0.0198158,0.025632,0.0449702,0.0696561,0.276423,0.118665629305,0.0151422865418542,0.00688815467520558,0.0304041586046595,0.0920750281955537,0.19220846367322,0.484607399662067,0.222191011797763,0.116606539330435,0.130957718291873,0.0850505642398512,0.066918450538484,0.084714513530654,0.0904323499855589,0.0944023545564507,0.12044207202466,0.202126794108909,0.296625978029456,1,0.984857713458146,0.993111845324794,0.96959584139534,0.907924971804446,0.80779153632678,0.515392600337933,0.777808988202237,0.883393460669565,0.869042281708127,0.914949435760149,0.933081549461516,0.915285486469346,0.909567650014441,0.905597645443549,0.87955792797534,0.797873205891091,0.703374021970544,0,1e+05,1514.22865418541,98665.4582419752,3105443.33177864,31.0544333177864,2023,"Males","B'Tselem historical average",43.8995166822136
0,1,0.0207959,0.00474463,0.00501253,0.0199064,0.0442676,0.121209,0.0602631,0.031915,0.0147187,0.0130898,0.0227508,0.0200214,0.0375086,0.0243688,0.0426183,0.0479992,0.0796499,0.226857,0.107792821345,0.0204170764337196,0.0188001207660198,0.0247524687692996,0.0948135108205067,0.199283494902622,0.465107087559885,0.261863703607784,0.147783707442437,0.0709816075330097,0.0633750821250004,0.107632203179746,0.0953351424475039,0.171464515211815,0.114847274351932,0.192573601227062,0.21428252550451,0.332116821039679,1,0.97958292356628,0.98119987923398,0.9752475312307,0.905186489179493,0.800716505097378,0.534892912440115,0.738136296392216,0.852216292557563,0.92901839246699,0.936624917875,0.892367796820254,0.904664857552496,0.828535484788185,0.885152725648068,0.807426398772938,0.78571747449549,0.667883178960321,0,1e+05,2041.70764337196,98178.3737838688,3008869.6999395,30.088696999395,2023,"Males","B'Tselem historical average",44.865253000605
0,1,0.0163712,0.00577314,0.00345995,0.00605646,0.0658747,0.101579,0.0565767,0.0303336,0.0241812,0.0422073,0.0249649,0.0281085,0.017855,0.0235281,0.0232622,0.048739,0.0494426,0.212699,0.11662208896,0.016137815613286,0.0228289703166127,0.0171513925979518,0.0298306299572232,0.282800074784057,0.405036893490357,0.247829992200653,0.140977139595886,0.1140135394968,0.190893727896396,0.117491585775672,0.131314841915075,0.0854602673176102,0.111105260784349,0.109918627271701,0.217226494688449,0.220017417129573,1,0.983862184386714,0.977171029683387,0.982848607402048,0.970169370042777,0.717199925215943,0.594963106509643,0.752170007799347,0.859022860404114,0.8859864605032,0.809106272103604,0.882508414224328,0.868685158084925,0.91453973268239,0.888894739215651,0.890081372728299,0.782773505311551,0.779982582870427,0,1e+05,1613.78156132861,98574.4210154787,3062319.71358818,30.6231971358818,2023,"Males","B'Tselem historical average",44.3307528641182
0,1,0.0147913,0.00380146,0.00358089,0.00559744,0.0618371,0.107663,0.0426901,0.0333523,0.0416729,0.0272611,0.0126263,0.0430692,0.0233518,0.0326268,0.0240472,0.0665241,0.061774,0.227822,0.119774700415,0.0146011971371449,0.0150911035470203,0.0177455875078723,0.0276009631618977,0.267787494768177,0.424151454803679,0.192866748093079,0.153926955043275,0.188704808467986,0.127608621519722,0.0611996860112892,0.194412972059444,0.110318652241469,0.150831155166532,0.113417562950539,0.285190411384964,0.267550793245181,1,0.985398802862855,0.98490889645298,0.982254412492128,0.972399036838102,0.732212505231823,0.575848545196321,0.807133251906921,0.846073044956725,0.811295191532014,0.872391378480278,0.938800313988711,0.805587027940556,0.889681347758531,0.849168844833468,0.88658243704946,0.714809588615036,0.732449206754819,0,1e+05,1460.11971371449,98714.7656875657,3095625.61338696,30.9562561338696,2023,"Males","B'Tselem historical average",43.9976938661304
0,1,0.0149006,0.0049351,0.00321747,0.0120014,0.0436665,0.0847527,0.0724465,0.029401,0.0246303,0.0255786,0.0166025,0.0088338,0.0363163,0.029213,0.0281797,0.0664658,0.0702409,0.219838,0.11955659773,0.0147076483760129,0.0195474626343069,0.0159589811423597,0.0582590253334091,0.196843800467243,0.349673967777797,0.30668657721033,0.136939597252917,0.116008207610244,0.120206232174268,0.0797042744582666,0.0432146265793092,0.166467766617933,0.136123556369448,0.13162557683141,0.284976090422921,0.298744324451574,1,0.985292351623987,0.980452537365693,0.98404101885764,0.941740974666591,0.803156199532757,0.650326032222203,0.69331342278967,0.863060402747083,0.883991792389756,0.879793767825732,0.920295725541733,0.956785373420691,0.833532233382067,0.863876443630552,0.86837442316859,0.715023909577079,0.701255675548426,0,1e+05,1470.7648376013,98705.0748024432,3271021.90134592,32.7102190134592,2023,"Males","B'Tselem historical average",42.2437309865408
0,1,0.0191819,0.00703569,0.0082006,0.00665638,0.0493183,0.0934359,0.0512896,0.0480525,0.0366268,0.0368755,0.0273402,0.0236049,0.0271381,0.0184007,0.0274224,0.049245,0.0588484,0.229531,0.111013477645,0.018860285906779,0.0277522475784693,0.0401792648026485,0.0327371231701812,0.219525000428427,0.378715452199566,0.227302379669286,0.214494953158391,0.167771653045576,0.168814685190632,0.127955198223804,0.111447719325249,0.127069441943952,0.0879573098228564,0.128315221663628,0.219234493427862,0.256504762793114,1,0.981139714093221,0.972247752421531,0.959820735197351,0.967262876829819,0.780474999571573,0.621284547800434,0.772697620330714,0.785505046841609,0.832228346954424,0.831185314809368,0.872044801776196,0.888552280674751,0.872930558056048,0.912042690177144,0.871684778336372,0.780765506572138,0.743495237206886,0,1e+05,1886.0285906779,98323.3460021112,3069533.95358334,30.6953395358334,2023,"Males","B'Tselem historical average",44.2586104641666
0,1,0.0167601,0.00539331,0.00243561,0.00955084,0.0338299,0.0967251,0.054775,0.0378502,0.0314814,0.0213115,0.0355254,0.0467899,0.0209833,0.0246459,0.0387117,0.0463214,0.0726205,0.283169,0.115846058455,0.0165153668956773,0.0213430209434312,0.0121043463325723,0.0466405587154943,0.155959282658941,0.389451227650868,0.240888351382552,0.172891093803314,0.145922396654873,0.101167426001901,0.163138131553292,0.209449228820974,0.0996870897254119,0.116077418856511,0.176478995203456,0.207569702012944,0.307309987611625,1,0.983484633104323,0.978656979056569,0.987895653667428,0.953359441284506,0.844040717341059,0.610548772349132,0.759111648617448,0.827108906196686,0.854077603345127,0.898832573998099,0.836861868446708,0.790550771179026,0.900312910274588,0.883922581143489,0.823521004796544,0.792430297987056,0.692690012388375,0,1e+05,1651.53668956773,98539.7873263125,3249790.3774417,32.497903774417,2023,"Males","B'Tselem historical average",42.456046225583
0,1,0.0160726,0.00272532,0.00502977,0.0308893,0.0582369,0.101056,0.0551671,0.0390412,0.0313882,0.0159818,0.0478332,0.0186076,0.0124437,0.0266235,0.0469615,0.0595352,0.0413391,0.255038,0.11721793033,0.015847742669345,0.0108421831627657,0.0248365447310206,0.143374644021098,0.254178133624769,0.403372078170903,0.24240372381923,0.177847545970629,0.145521829294357,0.0768389386266419,0.213620606958126,0.0889023515101016,0.0603413265859074,0.124810283540405,0.210136667252101,0.259110509923941,0.187334863373764,1,0.984152257330655,0.989157816837234,0.975163455268979,0.856625355978902,0.745821866375231,0.596627921829097,0.75759627618077,0.822152454029371,0.854478170705643,0.923161061373358,0.786379393041874,0.911097648489898,0.939658673414093,0.875189716459595,0.789863332747899,0.740889490076059,0.812665136626236,0,1e+05,1584.7742669345,98600.9896926758,2883706.3953922,28.837063953922,2023,"Males","B'Tselem historical average",46.116886046078
0,1,0.0175837,0.00538105,0.00417138,0.00955247,0.0642417,0.107505,0.0351239,0.0211658,0.0238744,0.0360944,0.0180252,0.035391,0.0334085,0.0208036,0.0271263,0.0420978,0.0633538,0.218871,0.114202605835,0.0173140237669091,0.0212950208560452,0.0206416396925482,0.0466483329962581,0.27675971374394,0.423660850632013,0.161443211921938,0.10051053528088,0.112648463790217,0.165534801639278,0.0862397769321084,0.162571114239844,0.15416633499343,0.0988755799617684,0.127017699448617,0.190445643475267,0.273457560939394,1,0.982685976233091,0.978704979143955,0.979358360307452,0.953351667003742,0.72324028625606,0.576339149367987,0.838556788078062,0.89948946471912,0.887351536209783,0.834465198360722,0.913760223067892,0.837428885760156,0.84583366500657,0.901124420038232,0.872982300551383,0.809554356524733,0.726542439060605,0,1e+05,1731.40237669091,98466.3282864761,3132169.80896216,31.3216980896216,2023,"Males","B'Tselem historical average",43.6322519103785
0,1,0.0144532,0.00152987,0.00593051,0.0215754,0.0678826,0.0973106,0.0606896,0.027847,0.0213635,0.0206784,0.0170587,0.0107562,0.0172031,0.0195778,0.0484572,0.0550684,0.0825652,0.276051,0.12044936206,0.0142717726409492,0.00610081309813112,0.0292193360878442,0.102356067265784,0.290169371547478,0.391347379283691,0.263472845924892,0.130172701923819,0.101401758813946,0.0983097777304468,0.0818047915077662,0.0523726726462072,0.0824687064885184,0.093321429303457,0.216106241576677,0.242022517933568,0.342192930613314,1,0.985728227359051,0.993899186901869,0.970780663912156,0.897643932734215,0.709830628452522,0.608652620716309,0.736527154075108,0.869827298076181,0.898598241186054,0.901690222269553,0.918195208492234,0.947627327353793,0.917531293511482,0.906678570696543,0.783893758423323,0.757977482066432,0.657807069386686,0,1e+05,1427.17726409492,98744.7253269119,3028080.46434292,30.2808046434292,2023,"Males","B'Tselem historical average",44.6731453565708
0,1,0.0163207,0.00798789,0.00260264,0.00663189,0.064029,0.0770906,0.0891381,0.0287427,0.0232195,0.0211362,0.0167762,0.0263973,0.0284297,0.0192202,0.0254877,0.0497174,0.0717296,0.217135,0.116722859185,0.0160887691112993,0.0314491355295891,0.0129290756762052,0.0326186418876296,0.275969820851714,0.323169645346188,0.364470075015624,0.134079017555284,0.109727930778237,0.100377027669433,0.0805045969515534,0.123815511965015,0.132715822455819,0.0916950089714188,0.119804638300943,0.221105076210082,0.304113203835418,1,0.983911230888701,0.968550864470411,0.987070924323795,0.96738135811237,0.724030179148286,0.676830354653812,0.635529924984376,0.865920982444716,0.890272069221763,0.899622972330567,0.919495403048447,0.876184488034985,0.86728417754418,0.908304991028581,0.880195361699057,0.778894923789918,0.695886796164582,0,1e+05,1608.87691112993,98578.9158020139,3114299.40477827,31.1429940477827,2023,"Males","B'Tselem historical average",43.8109559522173
0,1,0.0139442,0.00638698,0.00321833,0.0127395,0.0505215,0.110537,0.0790087,0.026161,0.0268127,0.0375329,0.0349101,0.010767,0.0147468,0.0245173,0.0250449,0.070638,0.051621,0.21366,0.12146504611,0.0137754443718789,0.0252256880696261,0.0159632127835061,0.0617314310842553,0.224280084302303,0.43302248416863,0.329884196257813,0.122775195290043,0.125641528473731,0.171566069660133,0.160539385036126,0.0524238802045929,0.0711123027350663,0.115506717865208,0.117845902868144,0.300179755990804,0.228603187185715,1,0.986224555628121,0.974774311930374,0.984036787216494,0.938268568915745,0.775719915697697,0.56697751583137,0.670115803742187,0.877224804709957,0.874358471526269,0.828433930339867,0.839460614963874,0.947576119795407,0.928887697264934,0.884493282134792,0.882154097131856,0.699820244009196,0.771396812814285,0,1e+05,1377.54443718788,98789.7790613937,2984083.85765017,29.8408385765017,2023,"Males","B'Tselem historical average",45.1131114234983
0,1,0.014111,0.00143588,0.00412636,0.00859934,0.0705314,0.0945951,0.0425639,0.0328172,0.0229261,0.0278647,0.0146879,0.0249825,0.0171134,0.0226831,0.0274298,0.0756952,0.0801874,0.214243,0.12113220505,0.0139381432803305,0.00572707322020913,0.0204211375867687,0.0420917958408841,0.299794657699784,0.382515314041728,0.192351432188662,0.151644620407877,0.10841657679675,0.130250053346303,0.0708383340820892,0.117569546981346,0.0820563424718554,0.107329107787844,0.128347625738776,0.318250846340262,0.333983773834965,1,0.98606185671967,0.994272926779791,0.979578862413231,0.957908204159116,0.700205342300216,0.617484685958272,0.807648567811338,0.848355379592123,0.89158342320325,0.869749946653697,0.929161665917911,0.882430453018654,0.917943657528145,0.892670892212156,0.871652374261224,0.681749153659738,0.666016226165035,0,1e+05,1393.81432803306,98775.0214749519,3202083.81528336,32.0208381528336,2023,"Males","B'Tselem historical average",42.9331118471664
0,1,0.0164837,0.0067966,0.00215791,0.00561485,0.069155,0.0474959,0.0667647,0.0539627,0.0281348,0.00797411,0.0291678,0.0266784,0.0103593,0.0480275,0.0505601,0.0458464,0.0468996,0.207983,0.116397600835,0.0162470609581621,0.0268218058290052,0.0107316551351682,0.0276856234430273,0.294806620413296,0.212274123628842,0.286074332527717,0.237740677813397,0.131429633844294,0.0390912550798873,0.135927252696964,0.12505156108207,0.0504889251931174,0.214395321715743,0.224432212262027,0.205660065888162,0.209888753536589,1,0.983752939041838,0.973178194170995,0.989268344864832,0.972314376556973,0.705193379586704,0.787725876371158,0.713925667472283,0.762259322186603,0.868570366155706,0.960908744920113,0.864072747303036,0.87494843891793,0.949511074806883,0.785604678284257,0.775567787737973,0.794339934111838,0.790111246463411,0,1e+05,1624.7060958162,98564.4057957988,3274333.82607671,32.7433382607671,2023,"Males","B'Tselem historical average",42.2106117392329
0,1,0.0147426,0.00382584,0.00253195,0.0094712,0.0392038,0.0961791,0.0764581,0.0482068,0.0122072,0.0474813,0.0147133,0.0106941,0.0126159,0.0246765,0.0290825,0.0563209,0.0712839,0.221949,0.11987187883,0.0145537594862395,0.0151871527669164,0.0125801194166078,0.0462606405529864,0.178522134826702,0.387678965115621,0.320943646461252,0.215109632428602,0.0592284656842481,0.21221579538631,0.0709564897002339,0.0520781769204866,0.0611508184730642,0.116213164608826,0.13555668199006,0.24684777751797,0.302509379166146,1,0.98544624051376,0.984812847233084,0.987419880583392,0.953739359447014,0.821477865173298,0.612321034884379,0.679056353538748,0.784890367571398,0.940771534315752,0.78778420461369,0.929043510299766,0.947921823079513,0.938849181526936,0.883786835391174,0.86444331800994,0.75315222248203,0.697490620833854,0,1e+05,1455.37594862394,98719.0827007416,3207029.3566917,32.070293566917,2023,"Males","B'Tselem historical average",42.883656433083
0,1,0.0138829,0.00325704,0.00449826,0.0150637,0.0580952,0.0506901,0.098302,0.0663373,0.0216755,0.0294013,0.0149912,0.0290071,0.0346723,0.0263336,0.0247199,0.0527653,0.085586,0.231395,0.121587367195,0.0137156389523716,0.0129438427726714,0.0222411834354986,0.0725850032175784,0.253638108410654,0.224944368647104,0.394547884616156,0.284503512800713,0.102806541997342,0.136940898874782,0.0722482789996511,0.135228997375568,0.159533055131417,0.12353518465352,0.116405659353376,0.233080141079716,0.35250604424345,1,0.986284361047628,0.987056157227329,0.977758816564501,0.927414996782422,0.746361891589346,0.775055631352896,0.605452115383843,0.715496487199287,0.897193458002658,0.863059101125218,0.927751721000349,0.864771002624432,0.840466944868583,0.87646481534648,0.883594340646624,0.766919858920284,0.64749395575655,0,1e+05,1371.56389523717,98795.2009477244,3052177.22759921,30.5217722759921,2023,"Males","B'Tselem historical average",44.4321777240079
0,1,0.0164967,0.00104054,0.00450111,0.0164828,0.0535812,0.0666139,0.0664478,0.0459774,0.0368236,0.0267091,0.036267,0.0185415,0.0284195,0.0261655,0.0283894,0.0444862,0.0498607,0.25259,0.116371659985,0.0162596833817163,0.00415351620050545,0.0222551181627165,0.0791523683571086,0.236258469266363,0.285520427059717,0.284909908461354,0.206187129661727,0.168597117921284,0.125186456065737,0.166260569788684,0.0886005330415263,0.132671365332344,0.122795017428675,0.132540160891002,0.200169094113608,0.221671730826898,1,0.983740316618284,0.995846483799495,0.977744881837283,0.920847631642891,0.763741530733637,0.714479572940283,0.715090091538646,0.793812870338273,0.831402882078715,0.874813543934263,0.833739430211315,0.911399466958474,0.867328634667656,0.877204982571325,0.867459839108998,0.799830905886392,0.778328269173102,0,1e+05,1625.96833817162,98563.2482964245,3166215.82391425,31.6621582391425,2023,"Males","B'Tselem historical average",43.2917917608575
0,1,0.0139676,0.00116786,0.00492324,0.00648215,0.0735206,0.0882723,0.0610407,0.0191977,0.0182541,0.00889845,0.0143416,0.0573071,0.00944011,0.0178596,0.0397399,0.0513534,0.0621435,0.221149,0.12141835258,0.0137982720618436,0.00466055425022666,0.0243169051003346,0.0318938974319045,0.310527567332868,0.36156996823289,0.264795277293306,0.0915925826883115,0.0872871300006384,0.043524009445377,0.069225971999915,0.250628516373352,0.0461122873379455,0.085481343494322,0.180742752704496,0.227552955178802,0.268935947384308,1,0.986201727938156,0.995339445749773,0.975683094899665,0.968106102568096,0.689472432667132,0.63843003176711,0.735204722706694,0.908407417311689,0.912712869999362,0.956475990554623,0.930774028000085,0.749371483626648,0.953887712662055,0.914518656505678,0.819257247295504,0.772447044821198,0.731064052615692,0,1e+05,1379.82720618436,98787.7091400356,3231039.590025,32.31039590025,2023,"Males","B'Tselem historical average",42.64355409975
0,1,0.0160252,0.00157614,0.00741984,0.0100129,0.0569086,0.108636,0.0657199,0.0561881,0.0339359,0.0256615,0.00993578,0.0191724,0.0195902,0.0354848,0.0367211,0.0492009,0.0544901,0.215779,0.11731251466,0.0158016813694762,0.0062847487123291,0.0364235575763812,0.0488418779018904,0.249102774603061,0.427165989037347,0.282229297051726,0.246337420901597,0.156409737014153,0.120572332710381,0.0484748123230424,0.0914773968896807,0.0933777766973585,0.162966881966948,0.168167281132054,0.219059667957032,0.239785641095373,1,0.984198318630524,0.993715251287671,0.963576442423619,0.95115812209811,0.750897225396939,0.572834010962653,0.717770702948274,0.753662579098403,0.843590262985846,0.879427667289619,0.951525187676958,0.908522603110319,0.906622223302642,0.837033118033052,0.831832718867946,0.780940332042968,0.760214358904627,0,1e+05,1580.16813694763,98605.2053607833,2955093.14395173,29.5509314395173,2023,"Males","B'Tselem historical average",45.4030185604827
0,1,0.0164445,0.00763714,0.00330164,0.031315,0.0408967,0.0764032,0.0926146,0.0171602,0.0307309,0.0235186,0.0246066,0.0306881,0.0290678,0.0199691,0.0240778,0.043407,0.0680649,0.24781,0.116475822475,0.0162089976362586,0.030088972607481,0.0163730551653596,0.145207099219828,0.18551601769757,0.320750154490986,0.376012404017258,0.0822715110406026,0.142691875600288,0.11106289074435,0.115903050023245,0.142507304009561,0.135492805565927,0.0950979488729052,0.113553692270616,0.195788519351296,0.290835309376969,1,0.983791002363741,0.969911027392519,0.98362694483464,0.854792900780172,0.81448398230243,0.679249845509014,0.623987595982742,0.917728488959397,0.857308124399712,0.88893710925565,0.884096949976755,0.857492695990439,0.864507194434073,0.904902051127095,0.886446307729384,0.804211480648704,0.709164690623031,0,1e+05,1620.89976362586,98567.895869492,3024935.95731536,30.2493595731536,2023,"Males","B'Tselem historical average",44.7045904268464
0,1,0.0147344,0.00169591,0.00794456,0.0139123,0.0685646,0.0697469,0.0625853,0.0263257,0.0182613,0.0256991,0.0457475,0.00709903,0.0162521,0.0333958,0.0411744,0.0477401,0.0436034,0.214506,0.11988824152,0.0145457716163357,0.0067607088923647,0.0389492140794818,0.0672234190672758,0.292658045443467,0.296955232700844,0.270589229705311,0.12350041294719,0.0873200556685498,0.120738333719756,0.2052619476273,0.0348761823382384,0.0780877742118298,0.154112245665509,0.186658156048946,0.213249159501237,0.196587311999863,1,0.985454228383664,0.993239291107635,0.961050785920518,0.932776580932724,0.707341954556533,0.703044767299156,0.72941077029469,0.87649958705281,0.91267994433145,0.879261666280243,0.7947380523727,0.965123817661762,0.92191222578817,0.84588775433449,0.813341843951054,0.786750840498763,0.803412688000137,0,1e+05,1454.57716163357,98719.8095364298,3179182.57745974,31.7918257745974,2023,"Males","B'Tselem historical average",43.1621242254026
0,1,0.014657,0.00321481,0.00711408,0.0251005,0.0330966,0.11222,0.0845724,0.0420446,0.0178932,0.0219111,0.0293321,0.012779,0.0355198,0.0226628,0.030465,0.054981,0.0579749,0.210746,0.12004268935,0.0144703679332159,0.012777088178307,0.0349488281024326,0.11809207469763,0.15283703450916,0.438171098356175,0.349059913441211,0.190227863885228,0.0856352771473669,0.10386595659607,0.136640609914796,0.061916909532704,0.163114512818935,0.107238205018279,0.141544608737063,0.241684817607768,0.253179377297752,1,0.985529632066784,0.987222911821693,0.965051171897567,0.88190792530237,0.84716296549084,0.561828901643825,0.650940086558789,0.809772136114772,0.914364722852633,0.89613404340393,0.863359390085204,0.938083090467296,0.836885487181065,0.892761794981721,0.858455391262937,0.758315182392232,0.746820622702248,0,1e+05,1447.0367933216,98726.6693949371,2942825.78122454,29.4282578122454,2023,"Males","B'Tselem historical average",45.5256921877546
0,1,0.0210993,0.00248632,0.00246551,0.00952319,0.053381,0.0859195,0.0732982,0.0633425,0.0192005,0.0171417,0.0303383,0.0347758,0.0396702,0.027001,0.0435383,0.0485272,0.0518099,0.229593,0.107187401815,0.0207091861325447,0.00989607040446395,0.0122520312361673,0.0465086726834688,0.235479651771909,0.353636764937402,0.309733694317874,0.273415454010802,0.0916053296692156,0.0821864608597031,0.140997443174358,0.159971185148759,0.180454349646621,0.12646808789675,0.196322617460544,0.216384647352491,0.229343801452779,1,0.979290813867455,0.990103929595536,0.987747968763833,0.953491327316531,0.764520348228091,0.646363235062598,0.690266305682126,0.726584545989198,0.908394670330784,0.917813539140297,0.859002556825642,0.840028814851241,0.819545650353379,0.87353191210325,0.803677382539456,0.78361535264751,0.770656198547221,0,1e+05,2070.91861325447,98151.0577722706,3062468.17434514,30.6246817434514,2023,"Males","B'Tselem historical average",44.3292682565486
0,1,0.0151107,0.00196966,0.00807344,0.0145833,0.0743738,0.0548614,0.0624706,0.0342462,0.012414,0.0211509,0.0350845,0.0401779,0.0129662,0.0234142,0.054119,0.0670065,0.0988005,0.273103,0.119137353685,0.01491221173359,0.00784772529877602,0.0395685639330019,0.0703516036463601,0.313566221405988,0.241222491070906,0.270160308568804,0.157727114249935,0.06020164203931,0.10044333278167,0.161276717511196,0.182553008681263,0.0627954539620918,0.110597141050064,0.238347217359327,0.286961744643811,0.396152369534513,1,0.98508778826641,0.992152274701224,0.960431436066998,0.92964839635364,0.686433778594012,0.758777508929094,0.729839691431196,0.842272885750065,0.93979835796069,0.89955666721833,0.838723282488804,0.817446991318737,0.937204546037908,0.889402858949936,0.761652782640673,0.713038255356189,0.603847630465487,0,1e+05,1491.22117335901,98686.438970994,3161662.66326601,31.6166266326601,2023,"Males","B'Tselem historical average",43.3373233673399
