"x","n","X1","X2","X3","X4","X5","X6","X7","X8","X9","X10","X11","X12","X13","X14","X15","X16","X17","X18","ax","X1.1","X2.1","X3.1","X4.1","X5.1","X6.1","X7.1","X8.1","X9.1","X10.1","X11.1","X12.1","X13.1","X14.1","X15.1","X16.1","X17.1","X18.1","X1.2","X2.2","X3.2","X4.2","X5.2","X6.2","X7.2","X8.2","X9.2","X10.2","X11.2","X12.2","X13.2","X14.2","X15.2","X16.2","X17.2","X18.2","lx","dx","Lx","Tx","ex","year","sex","scenario","bmmr_lss"
0,1,0.0242765,0.0125692,0.0140557,0.0139451,0.00904511,0.00998819,0.0118196,0.0176222,0.0162185,0.015305,0.0167436,0.019404,0.0278486,0.0340094,0.0449383,0.0614216,0.0705618,0.200406,0.140884426085,0.0237805257632215,0.0490439144607206,0.0678927979979505,0.0673765675689844,0.0442254889686861,0.0487242815457684,0.05740183322989,0.0843930231678297,0.0779326243307301,0.0737048675070129,0.0803544433555788,0.0925313063299349,0.130179694405918,0.156721951183546,0.201997894989036,0.266227675514107,0.299904497135127,1,0.976219474236778,0.950956085539279,0.932107202002049,0.932623432431016,0.955774511031314,0.951275718454232,0.94259816677011,0.91560697683217,0.92206737566927,0.926295132492987,0.919645556644421,0.907468693670065,0.869820305594082,0.843278048816454,0.798002105010964,0.733772324485893,0.700095502864873,0,100000,2378.05257632215,97956.9779960929,4691411.50116734,46.9141150116734,2025,"Females","GMoH report",31.4424749883266
0,1,0.0222204,0.0112625,0.0134071,0.0129708,0.00844152,0.0100715,0.0104493,0.0149662,0.0157769,0.0146182,0.0163017,0.0202876,0.0227336,0.0279046,0.0371448,0.0558557,0.0717153,0.200336,0.132904928156,0.0218003679648578,0.0440576025036063,0.0648614888326785,0.0628170321000904,0.0413352687552431,0.0491207021214593,0.0509163982007035,0.0721321399188657,0.0758911810636906,0.070514029533677,0.0783167592157322,0.0965415110985906,0.107555207345714,0.130424398335517,0.169942774110546,0.245058688527971,0.304061793204503,1,0.978199632035142,0.955942397496394,0.935138511167321,0.93718296789991,0.958664731244757,0.950879297878541,0.949083601799297,0.927867860081134,0.924108818936309,0.929485970466323,0.921683240784268,0.903458488901409,0.892444792654286,0.869575601664483,0.830057225889454,0.754941311472029,0.695938206795497,0,100000,2180.03679648577,98109.7008373286,4871337.69345361,48.7133769345361,2025,"Females","GMoH report",29.6432130654639
0,1,0.0219927,0.0115678,0.0137419,0.012925,0.00895225,0.00950086,0.011077,0.0155876,0.0156578,0.0141706,0.0149332,0.0182839,0.0229897,0.0302132,0.0418929,0.055531,0.0667172,0.196919,0.132021249503,0.0215807409994938,0.0452248949210642,0.066427403170914,0.0626021674638252,0.0437813950161663,0.0464021491920676,0.05389257973567,0.0750147501994766,0.0753398588935418,0.0684288068733029,0.0719788149032182,0.0874233983187017,0.108700992009971,0.140456871151327,0.189606576616189,0.24380777598012,0.285899898268159,1,0.978419259000506,0.954775105078936,0.933572596829086,0.937397832536175,0.956218604983834,0.953597850807932,0.94610742026433,0.924985249800523,0.924660141106458,0.931571193126697,0.928021185096782,0.912576601681298,0.891299007990029,0.859543128848673,0.810393423383811,0.75619222401988,0.714100101731841,0,100000,2158.07409994939,98126.837539246,4857452.05419995,48.5745205419995,2025,"Females","GMoH report",29.7820694580005
0,1,0.0231779,0.010929,0.013006,0.0126233,0.00870693,0.00990011,0.010669,0.0157054,0.0141514,0.0143423,0.0167812,0.0164366,0.022327,0.0284084,0.0384817,0.0564743,0.0661329,0.193172,0.136620880331,0.0227231793034794,0.0427808951928742,0.0629821358527479,0.0611855898588374,0.0426072051188366,0.0483049882567731,0.0519591203621408,0.0755602404972368,0.0683392595075134,0.0692292338967081,0.0805276245665592,0.0789392671057251,0.105733235147173,0.132622983116111,0.17552249044829,0.247436931279592,0.28375126492895,1,0.977276820696521,0.957219104807126,0.937017864147252,0.938814410141163,0.957392794881163,0.951695011743227,0.948040879637859,0.924439759502763,0.931660740492487,0.930770766103292,0.919472375433441,0.921060732894275,0.894266764852827,0.867377016883889,0.82447750955171,0.752563068720408,0.71624873507105,0,100000,2272.31793034794,98038.1281456881,4912393.19296188,49.1239319296188,2025,"Females","GMoH report",29.2326580703812
0,1,0.0211695,0.0108065,0.0124828,0.0136512,0.00866428,0.00914007,0.00960099,0.0162378,0.0149838,0.0150028,0.0157653,0.020031,0.0228081,0.0282112,0.0371135,0.0557527,0.0704145,0.187859,0.128826500855,0.0207861553338733,0.0423115210945828,0.060525190383696,0.0660034347778998,0.0424029230056515,0.0446794174914229,0.0468797206764564,0.0780217462229524,0.0722139032897188,0.0723021627805885,0.0758374977421156,0.0953786744311729,0.107888661546456,0.131763017875291,0.169811730820485,0.244662072215919,0.299372149455427,1,0.979213844666127,0.957688478905417,0.939474809616304,0.9339965652221,0.957597076994348,0.955320582508577,0.953120279323544,0.921978253777048,0.927786096710281,0.927697837219412,0.924162502257884,0.904621325568827,0.892111338453544,0.868236982124709,0.830188269179515,0.755337927784081,0.700627850544573,0,100000,2078.61553338733,98189.1652324018,4912508.44702648,49.1250844702648,2025,"Females","GMoH report",29.2315055297352
0,1,0.0231611,0.0118559,0.0137277,0.0135019,0.00881949,0.00908262,0.0111185,0.016981,0.0149877,0.0152306,0.0173695,0.019976,0.0252629,0.0353242,0.0413322,0.060505,0.069521,0.219708,0.136555681379,0.0227069981794447,0.0463251473705783,0.0663610389152092,0.0653051412823012,0.0431461327834443,0.0444048197403253,0.0540890278593642,0.0814473561145472,0.0722320203707242,0.0733597186719861,0.0832332022344709,0.0951292454806941,0.118810740367899,0.162289162881365,0.187306523294697,0.262776734237413,0.296135849088752,1,0.977293001820555,0.953674852629422,0.933638961084791,0.934694858717699,0.956853867216556,0.955595180259675,0.945910972140636,0.918552643885453,0.927767979629276,0.926640281328014,0.916766797765529,0.904870754519306,0.8811892596321,0.837710837118635,0.812693476705303,0.737223265762587,0.703864150911248,0,100000,2270.69981794446,98039.3771429021,4767445.26558522,47.6744526558522,2025,"Females","GMoH report",30.6821373441478
0,1,0.0234431,0.0126246,0.0136779,0.0126987,0.00928389,0.00866866,0.0107703,0.0167606,0.0150678,0.0146511,0.0159017,0.019512,0.0251243,0.0305312,0.0421274,0.0618959,0.0680763,0.197628,0.137650092359,0.022978561829622,0.0492547567947383,0.0661282606588363,0.0615398110049777,0.0453665058744433,0.0424239040008598,0.0524395264214574,0.0804327472414619,0.0726040420384332,0.0706671223107813,0.0764685501405741,0.0930223688476134,0.118197430727907,0.141830371410945,0.190566791381851,0.268008007864976,0.290876936089266,1,0.977021438170378,0.950745243205262,0.933871739341164,0.938460188995022,0.954633494125557,0.95757609599914,0.947560473578543,0.919567252758538,0.927395957961567,0.929332877689219,0.923531449859426,0.906977631152387,0.881802569272093,0.858169628589055,0.809433208618149,0.731991992135024,0.709123063910734,0,100000,2297.8561829622,98018.4439328502,4806268.35793225,48.0626835793225,2025,"Females","GMoH report",30.2939064206775
0,1,0.0226899,0.0119246,0.014237,0.0136779,0.00932298,0.00957409,0.0105729,0.0169514,0.0162402,0.015546,0.0182097,0.0217765,0.02691,0.0344568,0.0429742,0.0608874,0.0701786,0.20225,0.134727006011,0.022253007642124,0.0465873294621903,0.0687384275185462,0.0661282606588363,0.0455531717276172,0.0467514436765275,0.0515031557124204,0.0813111552089764,0.0780328281602786,0.0748220413624485,0.0870840633299515,0.103260850237033,0.126068726429458,0.158620143590801,0.19402574687194,0.26421811488012,0.2985189032423,1,0.977746992357876,0.95341267053781,0.931261572481454,0.933871739341164,0.954446828272383,0.953248556323472,0.94849684428758,0.918688844791024,0.921967171839721,0.925177958637552,0.912915936670049,0.896739149762967,0.873931273570542,0.841379856409199,0.80597425312806,0.73578188511988,0.7014810967577,0,100000,2225.3007642124,98074.5073452239,4718625.62765594,47.1862562765594,2025,"Females","GMoH report",31.1703337234406
0,1,0.0256984,0.0122475,0.0143588,0.0142119,0.00903672,0.0105482,0.0107345,0.0169776,0.0161256,0.0177663,0.0182503,0.0200145,0.0282869,0.0330337,0.0455213,0.0571785,0.0743264,0.200887,0.146402663576,0.0251467781178556,0.0478186813991284,0.0693061182723765,0.0686213988540648,0.0441853728926831,0.0513859274014598,0.0522697752441054,0.0814317123989394,0.0775035229747942,0.0850537728868987,0.087269752107769,0.0953038526050886,0.132093230028749,0.152568726175353,0.204350723523208,0.250136434674859,0.313397694077327,1,0.974853221882144,0.952181318600872,0.930693881727623,0.931378601145935,0.955814627107317,0.94861407259854,0.947730224755895,0.918568287601061,0.922496477025206,0.914946227113101,0.912730247892231,0.904696147394911,0.867906769971251,0.847431273824647,0.795649276476792,0.749863565325141,0.686602305922673,0,100000,2514.67781178556,97853.4777178953,4665540.26465892,46.6554026465892,2025,"Females","GMoH report",31.7011873534108
0,1,0.0239764,0.0130204,0.0147804,0.0151604,0.00947997,0.0103265,0.0109713,0.0179204,0.0168924,0.0164243,0.0187848,0.0215905,0.0264979,0.0384889,0.0462989,0.0632813,0.0793446,0.209425,0.139719770996,0.0234918472248448,0.050759774854957,0.0712685556019523,0.0730339406166869,0.0463024845879519,0.0503330884064276,0.053392049517813,0.0857598719756202,0.081039615977648,0.0788825243867853,0.0897109923760366,0.102424034697177,0.124258056135798,0.175552448420017,0.207479337278223,0.273187370178766,0.331054527369245,1,0.976508152775155,0.949240225145043,0.928731444398048,0.926966059383313,0.953697515412048,0.949666911593572,0.946607950482187,0.91424012802438,0.918960384022352,0.921117475613215,0.910289007623963,0.897575965302823,0.875741943864202,0.824447551579983,0.792520662721777,0.726812629821234,0.668945472630755,0,100000,2349.18472248448,97979.0428289683,4592838.43201627,45.9283843201627,2025,"Females","GMoH report",32.4282056798373
0,1,0.0225327,0.0124559,0.0130488,0.0134932,0.00915433,0.00974445,0.0107569,0.0164659,0.015752,0.0168407,0.0165551,0.0200089,0.0270893,0.0329821,0.039828,0.0607451,0.0698966,0.201647,0.134116930103,0.0221014849238955,0.048612573296551,0.0631828490967653,0.0652644348202099,0.044747565056931,0.0475635484507478,0.0523759917362313,0.0790744212191202,0.0757759433508438,0.0808016107832081,0.0794857631079298,0.0952784571945975,0.126855437492815,0.152348561291564,0.181107160071664,0.263682022879896,0.297497789939319,1,0.977898515076104,0.951387426703449,0.936817150903235,0.93473556517979,0.955252434943069,0.952436451549252,0.947624008263769,0.92092557878088,0.924224056649156,0.919198389216792,0.92051423689207,0.904721542805403,0.873144562507185,0.847651438708436,0.818892839928336,0.736317977120104,0.702502210060681,0,100000,2210.14849238955,98086.2698384815,4762264.65063506,47.6226465063506,2025,"Females","GMoH report",30.7339434936494
0,1,0.0251269,0.0138387,0.0165924,0.0155477,0.0103438,0.0108439,0.0115159,0.0180489,0.0176659,0.0183565,0.0242188,0.0253353,0.0322966,0.0435827,0.0466973,0.0644299,0.0772414,0.218761,0.144184734941,0.0245979461453029,0.0538639849431349,0.0796577181916905,0.0748299172393446,0.0504152859139093,0.0527884191538441,0.0559681898074898,0.0863482716974019,0.0845934513686657,0.0877552996069142,0.114180701091041,0.119130953861577,0.14941870928432,0.196503154879575,0.209078049050218,0.27745801896045,0.323699494637305,1,0.975402053854697,0.946136015056865,0.92034228180831,0.925170082760655,0.949584714086091,0.947211580846156,0.94403181019251,0.913651728302598,0.915406548631334,0.912244700393086,0.885819298908959,0.880869046138423,0.85058129071568,0.803496845120425,0.790921950949782,0.72254198103955,0.676300505362695,0,100000,2459.79461453028,97894.8702199751,4412190.45411252,44.1219045411252,2025,"Females","GMoH report",34.2346854588748
0,1,0.0262317,0.0140752,0.0151785,0.0156634,0.0104123,0.0100505,0.0119118,0.0176571,0.0189819,0.0176601,0.0190748,0.0252536,0.0278958,0.0380694,0.0468363,0.064475,0.0765228,0.224392,0.148472342213,0.0256585641883122,0.0547593036972023,0.0731179480633029,0.0753657887608098,0.0507406819922307,0.0490207913415543,0.0578366533806509,0.0845530939136435,0.0906096420871641,0.0845668523280055,0.0910329134560226,0.118769600069229,0.130385949102562,0.173805337693069,0.209635161691205,0.277625275849077,0.321171620749311,1,0.974341435811688,0.945240696302798,0.926882051936697,0.92463421123919,0.949259318007769,0.950979208658446,0.942163346619349,0.915446906086356,0.909390357912836,0.915433147671995,0.908967086543977,0.881230399930771,0.869614050897438,0.826194662306931,0.790364838308795,0.722374724150923,0.678828379250689,0,100000,2565.85641883123,97815.1022934549,4480298.61456428,44.8029861456428,2025,"Females","GMoH report",33.5536038543572
0,1,0.0232559,0.0129678,0.0145852,0.013904,0.00922791,0.00952266,0.0114764,0.0170394,0.0160675,0.0164307,0.0171048,0.0227174,0.0257922,0.0358701,0.0484422,0.0645769,0.0718384,0.203243,0.136923589751,0.0227983011917203,0.0505598986914968,0.0703604470202988,0.0671846611774711,0.0450991233711308,0.0465061444951544,0.0557815709479329,0.0817160201170441,0.0772350640220637,0.0789120494718569,0.0820167976968858,0.10748268228372,0.12114923664642,0.164590780601835,0.216046571888194,0.278003060419061,0.304504253998827,1,0.97720169880828,0.949440101308503,0.929639552979701,0.932815338822529,0.954900876628869,0.953493855504846,0.944218429052067,0.918283979882956,0.922764935977936,0.921087950528143,0.917983202303114,0.89251731771628,0.878850763353579,0.835409219398165,0.783953428111806,0.721996939580939,0.695495746001173,0,100000,2279.83011917204,98032.3324047675,4661093.59682125,46.6109359682125,2025,"Females","GMoH report",31.7456540317875
0,1,0.0226331,0.0118548,0.0135545,0.013875,0.00869708,0.00960486,0.00987842,0.0156316,0.0161704,0.0147377,0.0168286,0.0194547,0.0229303,0.0310757,0.0422065,0.0622194,0.0683426,0.196703,0.134506571459,0.0221982626870264,0.0463209488315827,0.0655512151360945,0.0670492298399275,0.0425600300349589,0.0468981740109236,0.048201708204106,0.0752185348755965,0.0777104762856753,0.0710699798933157,0.0807458989138461,0.0927618643920309,0.108435361571398,0.144177461174453,0.190890455024971,0.26922020148873,0.291848744914513,1,0.977801737312974,0.953679051168417,0.934448784863905,0.932950770160072,0.957439969965041,0.953101825989076,0.951798291795894,0.924781465124404,0.922289523714325,0.928930020106684,0.919254101086154,0.907238135607969,0.891564638428602,0.855822538825547,0.809109544975029,0.73077979851127,0.708151255085486,0,100000,2219.82626870264,98078.7549519352,4814630.99638827,48.1463099638827,2025,"Females","GMoH report",30.2102800361173
0,1,0.02442,0.0127664,0.0153269,0.0143166,0.0095957,0.011086,0.0117547,0.01768,0.0168179,0.0172144,0.0192773,0.0233617,0.0298624,0.0370205,0.0454176,0.0725818,0.0812566,0.210467,0.1414413338,0.0239185241595976,0.0497942142854914,0.0738064401800124,0.0691094684596273,0.0468544957869431,0.0539351863113801,0.0570956445670201,0.0846581114728979,0.0806966303510478,0.0825206416652925,0.0919548947677349,0.110362841041124,0.13893934431111,0.169422258223584,0.203932669027897,0.30717137223651,0.337685135123342,1,0.976081475840403,0.950205785714509,0.926193559819988,0.930890531540373,0.953145504213057,0.94606481368862,0.94290435543298,0.915341888527102,0.919303369648952,0.917479358334708,0.908045105232265,0.889637158958876,0.86106065568889,0.830577741776416,0.796067330972103,0.69282862776349,0.662314864876658,0,100000,2391.85241595974,97946.4543800064,4550374.06439427,45.5037406439427,2025,"Females","GMoH report",32.8528493560573
0,1,0.0231524,0.0120275,0.0143436,0.0146289,0.0089229,0.0102327,0.0108311,0.0159796,0.0149952,0.0155154,0.0187186,0.0195058,0.0257148,0.0332926,0.0423768,0.0638866,0.0792433,0.197658,0.136521917636,0.022698618525905,0.0469798985406057,0.0692352916757976,0.0705638222516568,0.0436409895361693,0.0498872956738944,0.0527277511366593,0.0768287675645633,0.0722668599540428,0.0746802645581849,0.0894089729952288,0.0929941850625188,0.120807639292785,0.153672599070466,0.191586900578873,0.275440592593104,0.330701754202928,1,0.977301381474095,0.953020101459394,0.930764708324202,0.929436177748343,0.956359010463831,0.950112704326106,0.947272248863341,0.923171232435437,0.927733140045957,0.925319735441815,0.910591027004771,0.907005814937481,0.879192360707215,0.846327400929534,0.808413099421127,0.724559407406896,0.669298245797072,0,100000,2269.8618525905,98040.024040294,4720141.80296469,47.2014180296469,2025,"Females","GMoH report",31.1551719703531
0,1,0.0230845,0.0119893,0.0149277,0.0149165,0.00943806,0.0099122,0.0113032,0.016567,0.0160301,0.0154244,0.0185858,0.0235339,0.0288852,0.0318827,0.0449913,0.0643395,0.071598,0.217479,0.136258405205,0.0226332153494266,0.046834181886223,0.0719532583628425,0.071901213858692,0.0461025044911555,0.0483625517854799,0.0549628595158025,0.0795406261177674,0.0770622125658696,0.0742585173138602,0.0888028213092752,0.111131127874298,0.13469898238503,0.147645182360859,0.202212043246688,0.277122665635812,0.303639964546075,1,0.977366784650573,0.953165818113777,0.928046741637158,0.928098786141308,0.953897495508845,0.95163744821452,0.945037140484198,0.920459373882233,0.92293778743413,0.92574148268614,0.911197178690725,0.888868872125702,0.86530101761497,0.852354817639141,0.797787956753312,0.722877334364188,0.696360035453925,0,100000,2263.32153494266,98045.0750478748,4648838.93966443,46.4883893966443,2025,"Females","GMoH report",31.8682006033557
0,1,0.0237723,0.0108941,0.0130767,0.0131816,0.00822859,0.00913374,0.0106435,0.0156229,0.0141687,0.0155786,0.0177369,0.0175387,0.0228275,0.0320165,0.0392929,0.0558109,0.0658254,0.204587,0.138927681347,0.0232954498413431,0.0426471943989958,0.0633136654766536,0.0638053582250517,0.0403136389834921,0.0446491653316102,0.0518381515840382,0.0751782445096264,0.0684199457853768,0.0749730616542815,0.0849190004521985,0.0840099372824603,0.10797547463209,0.148218875899416,0.178891577806061,0.244886201712157,0.282618337256835,1,0.976704550158657,0.957352805601004,0.936686334523346,0.936194641774948,0.959686361016508,0.95535083466839,0.948161848415962,0.924821755490374,0.931580054214623,0.925026938345718,0.915080999547802,0.91599006271754,0.89202452536791,0.851781124100584,0.821108422193939,0.755113798287843,0.717381662743165,0,100000,2329.54498413431,97994.093299105,4879309.65664705,48.7930965664705,2025,"Females","GMoH report",29.5634934335295
0,1,0.0230542,0.0107956,0.0131048,0.0125044,0.00885526,0.00952983,0.0100787,0.0134773,0.0142066,0.0146645,0.0143048,0.0165833,0.0226666,0.0296975,0.0366782,0.0517787,0.064983,0.196143,0.136140814238,0.0226040276243621,0.0422697454715742,0.0634454017479342,0.0606267472540899,0.0433173343544608,0.0465403460353547,0.0491549548903662,0.065190035825425,0.068596685808483,0.070729469245619,0.0690544739042367,0.0796157695231662,0.107255221964546,0.138225146760221,0.167987318808221,0.229221519296948,0.279506992728766,1,0.977395972375638,0.957730254528426,0.936554598252066,0.93937325274591,0.956682665645539,0.953459653964645,0.950845045109634,0.934809964174575,0.931403314191517,0.929270530754381,0.930945526095763,0.920384230476834,0.892744778035454,0.861774853239779,0.832012681191779,0.770778480703052,0.720493007271234,0,100000,2260.40276243621,98047.3303101477,4967817.80747449,49.6781780747449,2025,"Females","GMoH report",28.678411925255
0,1,0.0223172,0.0117631,0.0141981,0.0137375,0.00858896,0.00946403,0.0115215,0.0169889,0.015654,0.0161002,0.0165588,0.01945,0.0245342,0.0364805,0.0459447,0.0594125,0.0738871,0.205688,0.133280598308,0.0218937153326817,0.0459708798856346,0.0685570503582706,0.0664068400858032,0.0420420561534506,0.0462264292177264,0.055994644265245,0.0814837037628579,0.0753222632285507,0.077386168043178,0.0795028216904792,0.0927404935033973,0.115581736406631,0.167157524792058,0.206055593888659,0.258645552743994,0.311834190042312,1,0.978106284667318,0.954029120114365,0.931442949641729,0.933593159914197,0.957957943846549,0.953773570782274,0.944005355734755,0.918516296237142,0.924677736771449,0.922613831956822,0.920497178309521,0.907259506496603,0.884418263593369,0.832842475207942,0.793944406111341,0.741354447256006,0.688165809957688,0,100000,2189.37153326817,98102.4292146043,4742573.60251551,47.4257360251551,2025,"Females","GMoH report",30.9308539748449
0,1,0.0228877,0.0118739,0.0131624,0.0131243,0.00861366,0.00903773,0.0100115,0.0154797,0.0149591,0.0150546,0.0164591,0.0197044,0.0225689,0.0305272,0.0404281,0.0590921,0.0712278,0.194375,0.135494646053,0.0224436184637128,0.0463938481723721,0.0637153816513797,0.0635368096236411,0.0421604113773387,0.0441902022094637,0.0488352155976113,0.0745148318919071,0.0720991538684174,0.0725427449786124,0.0790430560888212,0.0938965614847021,0.106817610098613,0.141813107278704,0.183585470591,0.257430262903674,0.302307291717509,1,0.977556381536287,0.953606151827628,0.93628461834862,0.936463190376359,0.957839588622661,0.955809797790536,0.951164784402389,0.925485168108093,0.927900846131583,0.927457255021388,0.920956943911179,0.906103438515298,0.893182389901387,0.858186892721296,0.816414529409,0.742569737096326,0.697692708282491,0,100000,2244.36184637128,98059.7371676177,4863336.72870688,48.6333672870688,2025,"Females","GMoH report",29.7232227129312
0,1,0.0228239,0.0130505,0.0157669,0.0152003,0.0090535,0.00969555,0.0115316,0.0179667,0.0169883,0.017243,0.0200394,0.0243024,0.0305931,0.0344084,0.0444228,0.0640267,0.0772251,0.214128,0.135247045271,0.0223821428637416,0.0508741342226545,0.0758449025162898,0.0732191185796349,0.0442656033990664,0.0473305116445614,0.0560423549491704,0.0859719207295701,0.0814809432303017,0.0826520756489624,0.0954167632845871,0.114552262725829,0.142097492969581,0.158414984608953,0.19991233573075,0.27596127550419,0.323642239270315,1,0.977617857136258,0.949125865777345,0.92415509748371,0.926780881420365,0.955734396600934,0.952669488355439,0.94395764505083,0.91402807927043,0.918519056769698,0.917347924351038,0.904583236715413,0.88544773727417,0.857902507030419,0.841585015391047,0.80008766426925,0.72403872449581,0.676357760729685,0,100000,2238.21428637416,98064.4975825413,4558968.18564356,45.5896818564356,2025,"Females","GMoH report",32.7669081435644
0,1,0.0225776,0.0115826,0.0133703,0.0133301,0.00854219,0.00932355,0.0106982,0.0161826,0.01491,0.0154791,0.017196,0.0181372,0.0228049,0.0316806,0.0399191,0.057978,0.0698062,0.204063,0.134291182064,0.0221447666421786,0.0452814462415258,0.064689214488801,0.0645009884351515,0.0418179086962842,0.0455558933757904,0.0520976230234269,0.0777668263882248,0.0718710081704466,0.0745120512680421,0.0824360732125907,0.0867523865372418,0.107874341096804,0.146777965004682,0.18148382282106,0.253191201324081,0.297170194859072,1,0.977855233357821,0.954718553758474,0.935310785511199,0.935499011564848,0.958182091303716,0.95444410662421,0.947902376976573,0.922233173611775,0.928128991829553,0.925487948731958,0.917563926787409,0.913247613462758,0.892125658903196,0.853222034995318,0.81851617717894,0.746808798675919,0.702829805140928,0,100000,2214.47666421786,98082.9080246731,4838316.26439833,48.3831626439833,2025,"Females","GMoH report",29.9734273560167
0,1,0.0226408,0.0118645,0.0134832,0.0131436,0.00907538,0.00922384,0.010171,0.0168252,0.0143086,0.0156265,0.0154388,0.0188912,0.02428,0.0297875,0.0389532,0.0590096,0.0716125,0.189314,0.134536454312,0.0222056843440844,0.0463579716897734,0.0652176436672639,0.0636272714862338,0.0443702087375681,0.0450796805972985,0.0495939498404324,0.0807302437568554,0.0690721843572641,0.0751949165897747,0.0743252676447169,0.0901962132410516,0.114452719901952,0.138615013233284,0.177482246398933,0.257117062475382,0.303692120119802,1,0.977794315655916,0.953642028310227,0.934782356332736,0.936372728513766,0.955629791262432,0.954920319402702,0.950406050159568,0.919269756243145,0.930927815642736,0.924805083410225,0.925674732355283,0.909803786758948,0.885547280098049,0.861384986766716,0.822517753601067,0.742882937524618,0.696307879880198,0,100000,2220.56843440844,98078.178969314,4843073.69636854,48.4307369636854,2025,"Females","GMoH report",29.9258530363146
0,1,0.0218782,0.0125599,0.0142801,0.0136525,0.00846381,0.00942581,0.0110644,0.0165978,0.0150826,0.0153271,0.0171878,0.0191689,0.0239558,0.0301435,0.0412922,0.0597804,0.0672888,0.209235,0.131576887598,0.0214702747729169,0.049008515882729,0.0689393480401303,0.0660095128157088,0.0414421537124672,0.0460440439746581,0.0538329273953181,0.0796826099417712,0.0726727644088189,0.0738073677349732,0.082398382694796,0.0914614610005656,0.113010837450508,0.140155552739958,0.187142215520691,0.260038922929294,0.287996630777369,1,0.978529725227083,0.950991484117271,0.93106065195987,0.933990487184291,0.958557846287533,0.953955956025342,0.946167072604682,0.920317390058229,0.927327235591181,0.926192632265027,0.917601617305204,0.908538538999434,0.886989162549492,0.859844447260042,0.812857784479309,0.739961077070706,0.712003369222631,0,100000,2147.02747729169,98135.4717157577,4779669.13104185,47.7966913104185,2025,"Females","GMoH report",30.5598986895815
0,1,0.022602,0.0134097,0.0153013,0.0157244,0.0102599,0.0101435,0.0110459,0.0173876,0.0182035,0.017664,0.0200016,0.0258744,0.0276556,0.0358644,0.0453604,0.0629696,0.0716098,0.210936,0.13438587578,0.0221682861180745,0.0522378131928555,0.0736877057692813,0.0756481938515035,0.0500165870464064,0.0494631756933854,0.0537453359831591,0.0833163227656979,0.0870557037423168,0.0845847379711921,0.0952453514462802,0.121511882376588,0.129335848753062,0.164566778108054,0.203701990567639,0.272024772252865,0.303682408635274,1,0.977831713881925,0.947762186807144,0.926312294230719,0.924351806148496,0.949983412953594,0.950536824306615,0.946254664016841,0.916683677234302,0.912944296257683,0.915415262028808,0.90475464855372,0.878488117623412,0.870664151246938,0.835433221891946,0.796298009432361,0.727975227747135,0.696317591364726,0,100000,2216.82861180745,98081.0818426445,4530758.31505639,45.3075831505639,2025,"Females","GMoH report",33.0490068494361
0,1,0.0242961,0.0133691,0.0148049,0.0163775,0.00944682,0.0103164,0.0119364,0.0184201,0.0168212,0.0186249,0.0225026,0.0220788,0.0304955,0.0350917,0.0450002,0.0721534,0.0729421,0.219336,0.140960491529,0.0237993758534736,0.0520837736435637,0.0713824740257408,0.078666594616664,0.0461443075806524,0.0502850970616822,0.0579526354068249,0.0880459614631324,0.0807118255981222,0.0889813291087081,0.106520527921012,0.104619327007184,0.141676277684668,0.16130714513745,0.202247998989663,0.30563541425308,0.308461014572397,1,0.976200624146526,0.947916226356436,0.928617525974259,0.921333405383336,0.953855692419348,0.949714902938318,0.942047364593175,0.911954038536868,0.919288174401878,0.911018670891292,0.893479472078988,0.895380672992816,0.858323722315332,0.83869285486255,0.797752001010337,0.69436458574692,0.691538985427603,0,100000,2379.93758534736,97955.5395864915,4502285.36945714,45.0228536945714,2025,"Females","GMoH report",33.3337363054286
0,1,0.0213267,0.012013,0.0128272,0.0126274,0.00889985,0.00881539,0.0100644,0.0150121,0.0146723,0.0145147,0.0156405,0.0181259,0.0234633,0.0290823,0.0378733,0.0587326,0.0662563,0.195668,0.129436576763,0.0209379606928483,0.046924589805337,0.0621431921152482,0.0612048545491647,0.0435307080694698,0.0431265075417048,0.0490869239075618,0.0723453605328616,0.0707657588896099,0.0700322569983646,0.0752597497115897,0.0867006803453218,0.110816214769969,0.135555812952434,0.172987482908869,0.256064644195769,0.284205489555852,1,0.979062039307152,0.953075410194663,0.937856807884752,0.938795145450835,0.95646929193053,0.956873492458295,0.950913076092438,0.927654639467138,0.92923424111039,0.929967743001635,0.92474025028841,0.913299319654678,0.889183785230031,0.864444187047566,0.827012517091131,0.743935355804231,0.715794510444148,0,100000,2093.79606928483,98177.2177263632,4916386.67324192,49.1638667324192,2025,"Females","GMoH report",29.1927232675808
0,1,0.0249341,0.0145551,0.0176462,0.016203,0.0102464,0.0103605,0.012504,0.0190152,0.0186409,0.0190074,0.0243545,0.0298349,0.0334053,0.0439568,0.0535368,0.0749623,0.0898301,0.234033,0.143436499349,0.0244127022934392,0.0565735331357128,0.0845031033444097,0.0778610437695067,0.0499524188390197,0.0504946260665927,0.0606248666679596,0.0907613852671693,0.0890543661644144,0.0907258439827077,0.114783748021996,0.138820277273902,0.154152706485131,0.198022870693725,0.236085803842158,0.315655789943749,0.366780644962406,1,0.975587297706561,0.943426466864287,0.91549689665559,0.922138956230493,0.95004758116098,0.949505373933407,0.93937513333204,0.909238614732831,0.910945633835586,0.909274156017292,0.885216251978004,0.861179722726098,0.845847293514869,0.801977129306275,0.763914196157842,0.684344210056251,0.633219355037594,0,100000,2441.27022934392,97908.8970263181,4304794.82868061,43.0479482868061,2025,"Females","GMoH report",35.3086417131939
0,1,0.0242807,0.012167,0.0146474,0.0136944,0.00943511,0.00924924,0.0114392,0.0162972,0.015911,0.0167181,0.0193312,0.0186502,0.0292118,0.0349156,0.0453614,0.059696,0.0745346,0.210763,0.140900725823,0.0237845651090312,0.04751184672187,0.0706499064024036,0.0662053921928844,0.0460884265641019,0.0452010124685876,0.055605785739424,0.0782959866172533,0.0765115613676965,0.0802369755477384,0.092200151097748,0.0890968163875235,0.136118345301783,0.160562647097506,0.203706023916756,0.259719466778045,0.314137683532455,1,0.976215434890969,0.95248815327813,0.929350093597596,0.933794607807116,0.953911573435898,0.954798987531412,0.944394214260576,0.921704013382747,0.923488438632304,0.919763024452262,0.907799848902252,0.910903183612476,0.863881654698217,0.839437352902494,0.796293976083244,0.740280533221955,0.685862316467545,0,100000,2378.45651090312,97956.6697378216,4683035.78985659,46.8303578985659,2025,"Females","GMoH report",31.5262321014341
0,1,0.0223518,0.0112664,0.0138728,0.0136485,0.00867697,0.00991387,0.0105766,0.0156424,0.014474,0.0162113,0.0173523,0.017933,0.0243729,0.0303234,0.0415833,0.0582047,0.0670868,0.192838,0.133414877102,0.0219270782533793,0.0440725226613757,0.0670389549639406,0.0659908110388409,0.0424637091735314,0.0483705028083095,0.0515207150139584,0.0752685481558186,0.0698427404372771,0.0778993746685878,0.0831542080875078,0.0858175832011351,0.114865487405063,0.140933074985,0.188337285400059,0.254055447270619,0.28725624444964,1,0.978072921746621,0.955927477338624,0.932961045036059,0.934009188961159,0.957536290826469,0.951629497191691,0.948479284986042,0.924731451844181,0.930157259562723,0.922100625331412,0.916845791912492,0.914182416798865,0.885134512594937,0.859066925015,0.811662714599941,0.745944552729381,0.71274375555036,0,100000,2192.70782533793,98099.8320197001,4824406.61458375,48.2440661458375,2025,"Females","GMoH report",30.1125238541625
0,1,0.022959,0.0114751,0.0138473,0.0136692,0.00911888,0.0100326,0.0104256,0.015492,0.0156076,0.0149683,0.0172474,0.0187012,0.0258634,0.0298146,0.0411535,0.0584894,0.0729414,0.19717,0.13577135351,0.0225123145825694,0.0448706105145686,0.0669198518390721,0.0660875888270144,0.0445781431548698,0.0489356212164594,0.0508038484928815,0.0745718329113437,0.0751073849467623,0.0721418961400184,0.0826722946625911,0.0893295744077161,0.121463361256215,0.138732374377231,0.186572247528355,0.255139595375596,0.308458510927569,1,0.977487685417431,0.955129389485431,0.933080148160928,0.933912411172986,0.95542185684513,0.951064378783541,0.949196151507118,0.925428167088656,0.924892615053238,0.927858103859982,0.917327705337409,0.910670425592284,0.878536638743785,0.861267625622768,0.813427752471645,0.744860404624404,0.691541489072431,0,100000,2251.23145825694,98054.4212838949,4799575.13362869,47.9957513362869,2025,"Females","GMoH report",30.3608386637131
0,1,0.0240073,0.0130923,0.0156007,0.0154589,0.0099337,0.010543,0.011742,0.0188292,0.0182126,0.0188165,0.0218386,0.0233194,0.0316054,0.0405239,0.0546245,0.0664216,0.0769012,0.231577,0.139839690497,0.0235215764681406,0.0510329233161363,0.0750754269663165,0.074418432244441,0.0484649103013487,0.0513612459596193,0.0570357165409407,0.089913501732926,0.0870973280097252,0.0898555811435318,0.103540074331747,0.110174019900812,0.146455072156187,0.183980483238253,0.240306010784725,0.284813567810753,0.322503696782478,1,0.976478423531859,0.948967076683864,0.924924573033683,0.925581567755559,0.951535089698651,0.948638754040381,0.942964283459059,0.910086498267074,0.912902671990275,0.910144418856468,0.896459925668253,0.889825980099187,0.853544927843813,0.816019516761747,0.759693989215275,0.715186432189247,0.677496303217522,0,100000,2352.15764681406,97976.7673505166,4455784.15162199,44.5578415162199,2025,"Females","GMoH report",33.7987484837801
0,1,0.0223245,0.0119033,0.0133713,0.0143488,0.00874773,0.00964218,0.0102995,0.016138,0.0152163,0.0153425,0.018907,0.0212866,0.0250511,0.0314176,0.0443579,0.0647598,0.0736835,0.203267,0.133308928805,0.0219007544608227,0.0465060490916937,0.0646938962622707,0.0692595224120355,0.0428025863287363,0.0470761092034028,0.0502047894282104,0.0775608091546554,0.0732933654097876,0.0738787867844008,0.0902682456965389,0.101055196153877,0.117873356874032,0.145648207212687,0.199649426734621,0.278680729271335,0.311108577773978,1,0.978099245539177,0.953493950908306,0.935306103737729,0.930740477587965,0.957197413671264,0.952923890796597,0.94979521057179,0.922439190845345,0.926706634590212,0.926121213215599,0.909731754303461,0.898944803846123,0.882126643125968,0.854351792787313,0.800350573265379,0.721319270728665,0.688891422226022,0,100000,2190.07544608226,98101.8811656371,4760483.48389119,47.6048348389119,2025,"Females","GMoH report",30.7517551610881
0,1,0.0218664,0.0122292,0.0149773,0.0142417,0.0085511,0.0100997,0.0104952,0.0168752,0.0163143,0.014892,0.0183626,0.0207014,0.0257187,0.0364827,0.0417691,0.0645619,0.0670104,0.212044,0.131531093096,0.0214588894974271,0.0477489373897466,0.0721837073979709,0.0687603396760876,0.0418606142536393,0.0492548519299088,0.0511343372589984,0.0809604409185291,0.0783749201024322,0.0717873567096979,0.0877831813838044,0.098413744285139,0.120824854534226,0.167166762852228,0.189099237588143,0.277947459746484,0.286976050212158,1,0.978541110502573,0.952251062610253,0.927816292602029,0.931239660323912,0.958139385746361,0.950745148070091,0.948865662741002,0.919039559081471,0.921625079897568,0.928212643290302,0.912216818616196,0.901586255714861,0.879175145465773,0.832833237147772,0.810900762411857,0.722052540253516,0.713023949787842,0,100000,2145.88894974272,98136.3621694796,4702805.98364916,47.0280598364916,2025,"Females","GMoH report",31.3285301635084
0,1,0.0220649,0.0120107,0.0127124,0.012479,0.00869587,0.00926843,0.0101728,0.0161481,0.0149469,0.0142101,0.0156834,0.016578,0.0217431,0.0309399,0.0395137,0.0568228,0.0689392,0.199793,0.132301449761,0.0216503885512256,0.046915816407743,0.0616041582467597,0.0605073227970394,0.0425542347663068,0.0452926701431625,0.0496025089913324,0.0776074671493153,0.0720424709764069,0.0686130058151648,0.075458389726412,0.0795913370365214,0.103110637731832,0.143592644821238,0.179806454269799,0.24877392284273,0.294021911582568,1,0.978349611448774,0.953084183592257,0.93839584175324,0.939492677202961,0.957445765233693,0.954707329856837,0.950397491008668,0.922392532850685,0.927957529023593,0.931386994184835,0.924541610273588,0.920408662963479,0.896889362268168,0.856407355178762,0.820193545730201,0.75122607715727,0.705978088417432,0,100000,2165.03885512256,98121.398924199,4905433.78134036,49.0543378134036,2025,"Females","GMoH report",29.3022521865964
0,1,0.0228756,0.012582,0.0147074,0.0140948,0.00952107,0.0100873,0.0103523,0.0175454,0.0155352,0.0178087,0.0181904,0.0221028,0.0294452,0.0336383,0.0423906,0.0602879,0.0765497,0.19461,0.135447687284,0.0224319597034402,0.0490926329836007,0.0709290453944154,0.068075233014276,0.0464985598909477,0.049195866343581,0.0504556694333138,0.0840406815642083,0.0747720048746773,0.0852481051734921,0.0869957799126905,0.104727094916215,0.137131349937082,0.155144506377781,0.191643312493529,0.261957353213065,0.321266386276185,1,0.97756804029656,0.950907367016399,0.929070954605585,0.931924766985724,0.953501440109052,0.950804133656419,0.949544330566686,0.915959318435792,0.925227995125323,0.914751894826508,0.91300422008731,0.895272905083785,0.862868650062918,0.844855493622219,0.80835668750647,0.738042646786935,0.678733613723815,0,100000,2243.19597034401,98060.6397359639,4658552.37127175,46.5855237127175,2025,"Females","GMoH report",31.7710662872825
0,1,0.0266077,0.0141708,0.0163356,0.0161885,0.0100612,0.0105312,0.0121589,0.0179692,0.0192008,0.0180417,0.0251988,0.0297491,0.0319603,0.0441261,0.0516906,0.0701069,0.0783407,0.218686,0.149931556853,0.0260191884691958,0.0551209831441225,0.0784732316909724,0.0777940764821709,0.0490716995414343,0.0513052357530926,0.0590010309130775,0.0859833691094942,0.0916066954070698,0.086315312563316,0.118527145419978,0.138448690177594,0.147977950751493,0.198709780848277,0.228876137781039,0.298259395894849,0.327551889270555,1,0.973980811530804,0.944879016855877,0.921526768309028,0.922205923517829,0.950928300458566,0.948694764246907,0.940998969086922,0.914016630890506,0.90839330459293,0.913684687436684,0.881472854580022,0.861551309822406,0.852022049248507,0.801290219151723,0.771123862218961,0.701740604105151,0.672448110729445,0,100000,2601.91884691958,97788.1908966042,4354625.01142902,43.5462501142902,2025,"Females","GMoH report",34.8103398857098
0,1,0.0205415,0.0114084,0.0130538,0.0119715,0.00806413,0.00866202,0.0099336,0.0153602,0.0150447,0.0135757,0.0148402,0.0169126,0.0235406,0.0282623,0.0382237,0.0569921,0.066463,0.191768,0.126389301935,0.0201793755730785,0.044615614448257,0.0632062941921852,0.058118097975224,0.0395238366087213,0.0423920970194392,0.0484644342400818,0.0739608657738512,0.0724967696250548,0.0656503754935312,0.0715465858901813,0.0811325922987216,0.111161007941151,0.131985934788096,0.174448346814652,0.249422692427287,0.28496579578659,1,0.979820624426922,0.955384385551743,0.936793705807815,0.941881902024776,0.960476163391279,0.957607902980561,0.951535565759918,0.926039134226149,0.927503230374945,0.934349624506469,0.928453414109819,0.918867407701278,0.888838992058849,0.868014065211904,0.825551653185348,0.750577307572713,0.71503420421341,0,100000,2017.93755730784,98237.1081619087,4974128.5427649,49.741285427649,2025,"Females","GMoH report",28.615304572351
0,1,0.0248944,0.0142693,0.016777,0.0159484,0.00969959,0.0106009,0.0115028,0.0198282,0.0181005,0.0199365,0.0226062,0.0248531,0.0317479,0.0391495,0.0502489,0.06984,0.0827888,0.221907,0.143282428016,0.0243745524653836,0.0554934933895529,0.0805082814070834,0.0766845118288711,0.0473497666912481,0.0516360290491326,0.0559063024601534,0.0944586380810055,0.0865844456057814,0.0949500698319865,0.106984705856185,0.116996204099723,0.147066841552675,0.178296912554836,0.223204987285921,0.297292695385663,0.342960731483415,1,0.975625447534616,0.944506506610447,0.919491718592917,0.923315488171129,0.952650233308752,0.948363970950867,0.944093697539847,0.905541361918994,0.913415554394219,0.905049930168013,0.893015294143815,0.883003795900277,0.852933158447325,0.821703087445164,0.776795012714079,0.702707304614337,0.657039268516585,0,100000,2437.45524653836,97911.789259366,4387995.34478826,43.8799534478826,2025,"Females","GMoH report",34.4766365521174
0,1,0.0239023,0.0136182,0.0156564,0.0150143,0.00896421,0.01035,0.0113406,0.0170772,0.0184888,0.018173,0.0189469,0.0238806,0.0289696,0.0340608,0.050458,0.0621786,0.0722249,0.220584,0.139432197047,0.023420549833929,0.0530284947067686,0.0753333763175546,0.0723555790728175,0.0438386038719623,0.0504447422931644,0.0551397066081004,0.0818898755434246,0.0883598318521308,0.0869161806238088,0.0904501262570507,0.112676069629042,0.135065981365579,0.156940225885406,0.224029765261134,0.269067412467821,0.3058919595303,1,0.976579450166071,0.946971505293231,0.924666623682445,0.927644420927182,0.956161396128038,0.949555257706836,0.9448602933919,0.918110124456575,0.911640168147869,0.913083819376191,0.909549873742949,0.887323930370958,0.864934018634421,0.843059774114594,0.775970234738866,0.730932587532179,0.6941080404697,0,100000,2342.05498339291,97984.5028885464,4541669.38448106,45.4166938448107,2025,"Females","GMoH report",32.9398961551893
0,1,0.0254388,0.0121441,0.0149924,0.0141719,0.00945644,0.0106729,0.0116587,0.0185065,0.0176626,0.0175579,0.019726,0.0220018,0.0296707,0.0351411,0.0467263,0.0652755,0.0777208,0.217391,0.145395184532,0.0248975247987788,0.0474245432096162,0.0722538533235789,0.0684348696760934,0.0461902125657127,0.051977620144889,0.0566425536494188,0.0884406813275301,0.0845783175223254,0.0840980376613639,0.0939946536550035,0.104273488880853,0.13810902162982,0.161515885307088,0.20919430980446,0.280588597508358,0.325381687378904,1,0.975102475201221,0.952575456790384,0.927746146676421,0.931565130323907,0.953809787434287,0.948022379855111,0.943357446350581,0.91155931867247,0.915421682477675,0.915901962338636,0.906005346344997,0.895726511119147,0.86189097837018,0.838484114692912,0.79080569019554,0.719411402491642,0.674618312621096,0,100000,2489.75247987788,97872.245541373,4569090.06520949,45.6909006520949,2025,"Females","GMoH report",32.6656893479051
0,1,0.0220731,0.0113726,0.014054,0.0132643,0.00914811,0.00995192,0.010137,0.0163634,0.0155841,0.0162092,0.0167779,0.0193412,0.0238762,0.0291258,0.0414063,0.0628004,0.0735196,0.212848,0.132333273059,0.0216582982271509,0.0444787225596366,0.0678848652591208,0.0641928180101693,0.0447178406861026,0.0485516447880034,0.0494322628780139,0.0786015293371127,0.0749985382020149,0.0778896766337697,0.0805124264026475,0.0922456462660955,0.11265647847178,0.135744809564002,0.187610824766207,0.271393023860826,0.310523999428957,1,0.978341701772849,0.955521277440363,0.932115134740879,0.935807181989831,0.955282159313897,0.951448355211997,0.950567737121986,0.921398470662887,0.925001461797985,0.92211032336623,0.919487573597352,0.907754353733905,0.88734352152822,0.864255190435998,0.812389175233793,0.728606976139174,0.689476000571043,0,100000,2165.8298227151,98120.7815266136,4792631.66003035,47.9263166003035,2025,"Females","GMoH report",30.4302733996965
0,1,0.0256493,0.0124796,0.0145968,0.0140857,0.0094625,0.0099511,0.011027,0.0176701,0.0158179,0.0149802,0.0188174,0.0209571,0.0279467,0.0335456,0.0450981,0.0603925,0.0670634,0.204794,0.146212111877,0.0250996414047606,0.0487028166584582,0.0704144363873527,0.0680327767899254,0.0462191287358427,0.0485477414257457,0.0536558425602211,0.0846127122817745,0.0760808998362023,0.0721971795280835,0.0898596858678746,0.099568815919722,0.130608321082976,0.154750042440749,0.20264341726015,0.262352232062859,0.28717043553402,1,0.974900358595239,0.951297183341542,0.929585563612647,0.931967223210075,0.953780871264157,0.951452258574254,0.946344157439779,0.915387287718225,0.923919100163798,0.927802820471917,0.910140314132125,0.900431184080278,0.869391678917024,0.845249957559251,0.79735658273985,0.737647767937141,0.71282956446598,0,100000,2509.96414047605,97857.0230172385,4664984.05688021,46.6498405688021,2025,"Females","GMoH report",31.7067494311979
0,1,0.0218007,0.0106106,0.0119068,0.0128866,0.00846959,0.00849852,0.00969608,0.0155904,0.0142991,0.0133871,0.0138495,0.017844,0.0215364,0.0305368,0.0351582,0.0586896,0.0628668,0.195222,0.131276118623,0.0213954952361471,0.0415604376407384,0.057813078104076,0.0624219822101274,0.0414698680506424,0.0416085718009456,0.0473330376995552,0.0750277196008378,0.0690279076155367,0.0647678652768797,0.0669301279813072,0.0854098658829611,0.102180499714853,0.141854540657152,0.161588130477606,0.255901158430451,0.271640999095204,1,0.978604504763853,0.958439562359262,0.942186921895924,0.937578017789873,0.958530131949358,0.958391428199054,0.952666962300445,0.924972280399162,0.930972092384463,0.93523213472312,0.933069872018693,0.914590134117039,0.897819500285147,0.858145459342848,0.838411869522394,0.74409884156955,0.728359000904796,0,100000,2139.54952361471,98141.3222334471,5002843.602677,50.02843602677,2025,"Females","GMoH report",28.32815397323
0,1,0.0244888,0.0131967,0.015825,0.0159567,0.00983534,0.01042,0.0118062,0.0176537,0.0166547,0.0177429,0.0209095,0.0237503,0.0297178,0.0363995,0.0474585,0.069091,0.0723684,0.218261,0.141708339032,0.0239846772733817,0.051429403189849,0.0761137497745446,0.07672288966616,0.0479965441730818,0.0507772525705375,0.0573386219051583,0.0845375008050928,0.0799448560162648,0.0849465065713864,0.0993538991160808,0.112095731849629,0.138313097572407,0.166817331367245,0.212124699832498,0.294573973919773,0.306406609756283,1,0.976015322726618,0.948570596810151,0.923886250225455,0.92327711033384,0.952003455826918,0.949222747429463,0.942661378094842,0.915462499194907,0.920055143983735,0.915053493428614,0.900646100883919,0.887904268150371,0.861686902427593,0.833182668632755,0.787875300167502,0.705426026080227,0.693593390243717,0,100000,2398.46772733817,97941.4151505248,4501424.45234628,45.0142445234628,2025,"Females","GMoH report",33.3423454765372
0,1,0.0248669,0.0136955,0.0159777,0.0145533,0.00962671,0.010922,0.0117439,0.0191637,0.017042,0.018283,0.0219929,0.0250737,0.0294572,0.0354243,0.0514904,0.0664014,0.0735843,0.219967,0.143175703541,0.0243481251116518,0.0533214715721668,0.0768199833789167,0.0702119606815336,0.047002354900148,0.053158506967259,0.0570446823863086,0.0914377843310382,0.0817279794361239,0.0874192831169328,0.104233507246212,0.117973424373232,0.137183402676681,0.162711635524246,0.228090785540512,0.284739282515018,0.31075481176213,1,0.975651874888348,0.946678528427833,0.923180016621083,0.929788039318466,0.952997645099852,0.946841493032741,0.942955317613691,0.908562215668962,0.918272020563876,0.912580716883067,0.895766492753788,0.882026575626768,0.862816597323319,0.837288364475754,0.771909214459488,0.715260717484982,0.68924518823787,0,100000,2434.81251116519,97913.7934831113,4476054.40080035,44.7605440080035,2025,"Females","GMoH report",33.5960459919965
0,1,0.0221099,0.0110238,0.0125146,0.0126808,0.00841516,0.00918408,0.00992815,0.0152201,0.0134296,0.0149905,0.0171241,0.0172425,0.0230636,0.0276828,0.0363287,0.0568819,0.0637377,0.19683,0.132476089811,0.0216937942204604,0.0431439788127285,0.0606747009681597,0.0614557304337881,0.0412088522864822,0.04488972298238,0.0484384885497617,0.0733109981910799,0.0649668045055313,0.0722450272958056,0.0821055412525913,0.0826497780067946,0.109031360769397,0.129454820254637,0.166519873664052,0.249000452852258,0.274886859532878,1,0.97830620577954,0.956856021187272,0.93932529903184,0.938544269566212,0.958791147713518,0.95511027701762,0.951561511450238,0.92668900180892,0.935033195494469,0.927754972704194,0.917894458747409,0.917350221993205,0.890968639230603,0.870545179745363,0.833480126335948,0.750999547147742,0.725113140467122,0,100000,2169.37942204604,98118.0114811031,4953919.54653158,49.5391954653158,2025,"Females","GMoH report",28.8173945346842
0,1,0.0235218,0.0117422,0.0136988,0.0138001,0.00901736,0.00938767,0.0104823,0.0160184,0.0141489,0.0156014,0.0161202,0.0191425,0.0247766,0.0304385,0.042303,0.0574926,0.068587,0.205372,0.137955518402,0.0230543310663682,0.0458910756236245,0.066225959562851,0.0666993555583964,0.044092798408361,0.0458620065426006,0.0510730913367032,0.0770081323326084,0.0683275990833249,0.075078669128641,0.0774785747002909,0.0913412502907722,0.116657085159587,0.141430192698841,0.191285159720825,0.251337835846962,0.292739662005135,1,0.976945668933632,0.954108924376375,0.933774040437149,0.933300644441604,0.955907201591639,0.954137993457399,0.948926908663297,0.922991867667392,0.931672400916675,0.924921330871359,0.922521425299709,0.908658749709228,0.883342914840413,0.858569807301159,0.808714840279175,0.748662164153038,0.707260337994865,0,100000,2305.43310663682,98012.6141127304,4811415.95305668,48.1141595305668,2025,"Females","GMoH report",30.2424304694332
0,1,0.0216624,0.0106084,0.0129733,0.0126835,0.00871945,0.00918294,0.0104581,0.0163452,0.015789,0.0149667,0.0162611,0.0187355,0.0246865,0.0296652,0.0369269,0.0576507,0.0683633,0.19253,0.130739391536,0.0212620302090515,0.0415519995362395,0.0628287591473831,0.0614684134451705,0.0426671644816512,0.0448842759671261,0.050958185500542,0.0785175378508026,0.0759471751296932,0.0721344628376205,0.0781293279626657,0.0894860836972265,0.116257521724849,0.138085188188385,0.169030105493619,0.25194192863684,0.291924239153666,1,0.978737969790949,0.95844800046376,0.937171240852617,0.93853158655483,0.957332835518349,0.955115724032874,0.949041814499458,0.921482462149197,0.924052824870307,0.92786553716238,0.921870672037334,0.910513916302773,0.883742478275151,0.861914811811615,0.830969894506381,0.74805807136316,0.708075760846334,0,100000,2126.20302090514,98151.77546833,4889836.02454954,48.8983602454954,2025,"Females","GMoH report",29.4582297545046
0,1,0.0260606,0.0143247,0.0160003,0.0162079,0.00993397,0.0104205,0.011894,0.0191689,0.0173617,0.0182369,0.0209969,0.0252661,0.0290768,0.0390987,0.0485187,0.0666922,0.0759092,0.234252,0.147808321934,0.0254944042984867,0.0557029440740451,0.0769244637563963,0.0778836730393632,0.0484661956656093,0.050779627235969,0.0577527227879017,0.0914614610005656,0.0831973801141792,0.0872084696496172,0.0997484779579137,0.118824895753506,0.135531914100226,0.178086156939203,0.216350845572325,0.285808076500957,0.319007071096755,1,0.974505595701513,0.944297055925955,0.923075536243604,0.922116326960637,0.951533804334391,0.949220372764031,0.942247277212098,0.908538538999434,0.916802619885821,0.912791530350383,0.900251522042086,0.881175104246494,0.864468085899774,0.821913843060797,0.783649154427675,0.714191923499043,0.680992928903245,0,100000,2549.44042984868,97827.3880819579,4428102.80060292,44.2810280060292,2025,"Females","GMoH report",34.0755619939708
0,1,0.0221976,0.0116392,0.0134594,0.0137802,0.00894662,0.00916539,0.0108571,0.0154254,0.0158719,0.015464,0.0167362,0.0188109,0.0235975,0.0325179,0.0410973,0.058248,0.065609,0.191553,0.132816443864,0.0217783794006452,0.0454976866510619,0.0651062716194141,0.0666063770088564,0.04375446360212,0.0448004167703432,0.0528509790873761,0.0742631529030242,0.0763307162614257,0.0744420695896636,0.0803203561389675,0.0898300402401179,0.111414727424029,0.150365568685134,0.186341199549396,0.254220422129502,0.281820153820051,1,0.978221620599355,0.954502313348938,0.934893728380586,0.933393622991144,0.95624553639788,0.955199583229657,0.947149020912624,0.925736847096976,0.923669283738574,0.925557930410336,0.919679643861032,0.910169959759882,0.888585272575971,0.849634431314866,0.813658800450604,0.745779577870498,0.718179846179949,0,100000,2177.83794006452,98111.4147504469,4821253.69214176,48.2125369214176,2025,"Females","GMoH report",30.1440530785824
0,1,0.023994,0.0111945,0.0143869,0.0138761,0.00915955,0.00998438,0.0112392,0.016154,0.0155067,0.0142075,0.0187814,0.0198846,0.02466,0.0332012,0.0440178,0.0604565,0.067922,0.208181,0.13978807466,0.0235087805344184,0.0437974195731762,0.0694370406014283,0.0670543672369581,0.0447725098925346,0.0487061482683804,0.0546601588564514,0.0776347217616555,0.0746399516542092,0.0686008824079719,0.0896954831327275,0.0947145953912099,0.11613997080017,0.153283047230709,0.19827042969899,0.262593752069957,0.290313342822094,1,0.976491219465582,0.956202580426824,0.930562959398572,0.932945632763042,0.955227490107465,0.95129385173162,0.945339841143549,0.922365278238344,0.925360048345791,0.931399117592028,0.910304516867273,0.90528540460879,0.88386002919983,0.846716952769291,0.80172957030101,0.737406247930043,0.709686657177906,0,100000,2350.87805344185,97977.7466634092,4746738.97719377,47.4673897719377,2025,"Females","GMoH report",30.8892002280623
0,1,0.023321,0.0113367,0.0152102,0.0145849,0.00956623,0.00965861,0.0117317,0.0174533,0.0160225,0.0166045,0.0196898,0.0211203,0.0251327,0.0334683,0.0421001,0.063978,0.0758128,0.206491,0.13717623569,0.0228609930858618,0.0443414290427423,0.073265059480716,0.0703590507034868,0.0467139588144267,0.0471544342739434,0.0569871107811228,0.0836179759508429,0.0770270838716656,0.0797134932531934,0.0938302527247505,0.100305304683721,0.118234612392789,0.154420980726849,0.190455057576327,0.275780317170211,0.318666500775095,1,0.977139006914138,0.955658570957258,0.926734940519284,0.929640949296513,0.953286041185573,0.952845565726057,0.943012889218877,0.916382024049157,0.922972916128334,0.920286506746807,0.906169747275249,0.899694695316279,0.881765387607211,0.845579019273151,0.809544942423673,0.724219682829789,0.681333499224905,0,100000,2286.09930858618,98027.4991889792,4658105.78684093,46.5810578684093,2025,"Females","GMoH report",31.7755321315907
0,1,0.0225081,0.0116393,0.0155109,0.0135676,0.00925079,0.0104238,0.0114965,0.0155474,0.0166224,0.0164306,0.0184695,0.0233262,0.0263161,0.0320332,0.0423291,0.0607186,0.0676841,0.210214,0.134021460209,0.0220777704404326,0.0454980686589165,0.0746594132668962,0.0656124899532749,0.0452084160912677,0.0507952998827066,0.0558765384395736,0.0748285273833984,0.0797959975267772,0.0789115881493819,0.0882716661548811,0.110204376672174,0.123458156987268,0.148290455455738,0.191391884458879,0.263582151881865,0.289443665072214,1,0.977922229559567,0.954501931341083,0.925340586733104,0.934387510046725,0.954791583908732,0.949204700117293,0.944123461560426,0.925171472616602,0.920204002473223,0.921088411850618,0.911728333845119,0.889795623327826,0.876541843012732,0.851709544544262,0.808608115541121,0.736417848118135,0.710556334927786,0,100000,2207.77704404327,98088.1124592153,4683568.27089653,46.8356827089653,2025,"Females","GMoH report",31.5209072910347
0,1,0.0225683,0.0109269,0.0128139,0.0118145,0.0082248,0.00905873,0.009997,0.0148248,0.0131021,0.0153316,0.0155688,0.0186656,0.0201616,0.0266632,0.033581,0.0534447,0.0660481,0.195126,0.134255089787,0.0221358020476562,0.042772850675899,0.0620807584240744,0.0573777756732704,0.040295445058703,0.0442906083436968,0.048766210484467,0.0714749937805069,0.0634327445926806,0.0738282374854213,0.0749276654070277,0.0891671061582323,0.0959706931809094,0.12498476550122,0.154900699061998,0.235727531934986,0.283438984087694,1,0.977864197952344,0.957227149324101,0.937919241575926,0.94262222432673,0.959704554941297,0.955709391656303,0.951233789515533,0.928525006219493,0.936567255407319,0.926171762514579,0.925072334592972,0.910832893841768,0.904029306819091,0.87501523449878,0.845099300938002,0.764272468065014,0.716561015912306,0,100000,2213.58020476562,98083.6042043759,5000144.76728067,50.0014476728067,2025,"Females","GMoH report",28.3551423271933
0,1,0.0230265,0.0119419,0.0150115,0.0133256,0.00918278,0.00971489,0.0108978,0.0164574,0.0149559,0.0149247,0.0181775,0.0207763,0.0249968,0.0330627,0.042064,0.0599962,0.0749453,0.202365,0.136033313585,0.0225773434196824,0.0466533409357585,0.0723425736395257,0.0644799160758491,0.0448835114713283,0.0474226845892762,0.0530438469127846,0.0790352146462039,0.0720842865470765,0.07193931814616,0.0869367672818361,0.0987522348573339,0.117632885706434,0.152692439224159,0.190307285822867,0.26085519836903,0.315595501208244,1,0.977422656580318,0.953346659064241,0.927657426360474,0.935520083924151,0.955116488528672,0.952577315410724,0.946956153087215,0.920964785353796,0.927915713452924,0.92806068185384,0.913063232718164,0.901247765142666,0.882367114293566,0.847307560775841,0.809692714177133,0.73914480163097,0.684404498791756,0,100000,2257.73434196823,98049.3927417644,4739830.75178025,47.3983075178025,2025,"Females","GMoH report",30.9582824821975
0,1,0.0241269,0.0121012,0.0145837,0.0141522,0.00919391,0.0102536,0.0106341,0.016678,0.0148471,0.0151449,0.0177392,0.0214928,0.0270207,0.032489,0.0405324,0.0617524,0.0715684,0.199467,0.140303844941,0.0236366335984533,0.0472609710736862,0.0703534654160306,0.0683429908135222,0.0449366902845646,0.0499866424085005,0.0517935553817864,0.0800522225795458,0.071578661150096,0.07296199471558,0.0849295445579443,0.101984185732236,0.126554520659069,0.150241971472107,0.184015523035309,0.267469752187536,0.303533485280184,1,0.976363366401547,0.952739028926314,0.929646534583969,0.931657009186478,0.955063309715435,0.9500133575915,0.948206444618214,0.919947777420454,0.928421338849904,0.92703800528442,0.915070455442056,0.898015814267764,0.873445479340931,0.849758028527893,0.815984476964691,0.732530247812464,0.696466514719816,0,100000,2363.66335984532,97967.9676976871,4715354.34637199,47.1535434637199,2025,"Females","GMoH report",31.2030465362801
0,1,0.0242092,0.0142078,0.0171399,0.0173372,0.00962425,0.0107558,0.0126257,0.0201713,0.0189252,0.0185939,0.0233927,0.0302606,0.0307724,0.045856,0.052177,0.0771704,0.0874873,0.231722,0.140623242188,0.0237157970215659,0.0552609275860848,0.0821781853042588,0.0830848532074304,0.046990626165321,0.0523707760182571,0.0611968667971966,0.0960146492632886,0.0903512130566507,0.0888398039245197,0.110501196643211,0.140661729193889,0.142870806021927,0.205698700925859,0.23078130908914,0.323450071504854,0.358931607038789,1,0.976284202978434,0.944739072413915,0.917821814695741,0.91691514679257,0.953009373834679,0.947629223981743,0.938803133202803,0.903985350736711,0.909648786943349,0.91116019607548,0.889498803356789,0.859338270806111,0.857129193978073,0.79430129907414,0.76921869091086,0.676549928495146,0.641068392961212,0,100000,2371.5797021566,97961.9195246679,4304990.04444211,43.0499004444211,2025,"Females","GMoH report",35.3066895555789
0,1,0.0261192,0.0153482,0.0176691,0.0163095,0.00998908,0.011224,0.0131277,0.01974,0.0182365,0.0181286,0.0234883,0.0311961,0.0377922,0.047754,0.0568841,0.0803139,0.0900172,0.232419,0.148035742088,0.0255506313852252,0.0595643877285299,0.0846081263852174,0.0783527639892916,0.0487285173546573,0.0545882536038753,0.0635527465236536,0.0940582265211798,0.0872066402621483,0.0867130351762592,0.110927739916309,0.144695650076612,0.172649033034394,0.213304627094342,0.249008884310047,0.334422551585536,0.367404246218296,1,0.974449368614775,0.94043561227147,0.915391873614783,0.921647236010708,0.951271482645343,0.945411746396125,0.936447253476346,0.90594177347882,0.912793359737852,0.913286964823741,0.889072260083691,0.855304349923388,0.827350966965606,0.786695372905658,0.750991115689953,0.665577448414464,0.632595753781704,0,100000,2555.06313852251,97823.1775292704,4248643.20023336,42.4864320023336,2025,"Females","GMoH report",35.8701579976664
0,1,0.0240081,0.0126769,0.0154459,0.015623,0.00999098,0.0108141,0.0115952,0.0174328,0.0173922,0.017779,0.0206834,0.0242288,0.0299987,0.0375738,0.0456788,0.0700898,0.0748626,0.207958,0.139842795209,0.0235223461412175,0.049453759278017,0.074358177562951,0.0751787076268638,0.0487375600311987,0.0526471705815355,0.056342736747173,0.0835238630026198,0.0833374461717301,0.0851119850447246,0.0983323801224389,0.114225153973516,0.139529259041946,0.171736973283135,0.204985294342024,0.298197493329998,0.315302152664792,1,0.976477653858783,0.950546240721983,0.925641822437049,0.924821292373136,0.951262439968801,0.947352829418464,0.943657263252827,0.91647613699738,0.91666255382827,0.914888014955275,0.901667619877561,0.885774846026484,0.860470740958054,0.828263026716865,0.795014705657976,0.701802506670002,0.684697847335208,0,100000,2352.23461412174,97976.7084493044,4515116.31310892,45.1511631310892,2025,"Females","GMoH report",33.2054268689107
0,1,0.0245648,0.0140352,0.0161477,0.0159505,0.00974177,0.010743,0.0118648,0.0193435,0.0172988,0.0198078,0.0211201,0.0244485,0.030164,0.0399577,0.0468679,0.0751491,0.0722899,0.230771,0.142003286672,0.0240577464813406,0.0546079334644787,0.0776056193510141,0.0766942220288231,0.0475507781400954,0.0523100819733994,0.0576150231823647,0.0922561098478932,0.0829084579203199,0.0943660408405942,0.100304402473309,0.115201255275964,0.140244185938386,0.181643371624136,0.209761766284846,0.316317972611124,0.306125115104092,1,0.975942253518659,0.945392066535521,0.922394380648986,0.923305777971177,0.952449221859905,0.947689918026601,0.942384976817635,0.907743890152107,0.91709154207968,0.905633959159406,0.899695597526691,0.884798744724036,0.859755814061614,0.818356628375864,0.790238233715154,0.683682027388876,0.693874884895908,0,100000,2405.77464813406,97935.8532588932,4424194.80099565,44.2419480099565,2025,"Females","GMoH report",34.1146419900435
0,1,0.023043,0.0132614,0.0152373,0.0148616,0.0094925,0.0098399,0.0108301,0.0165535,0.0168815,0.0160595,0.020884,0.0248191,0.0290334,0.0338059,0.048141,0.0622968,0.0725685,0.209522,0.13609734827,0.0225932384623472,0.0516750334235148,0.0733908056911072,0.0716460622048413,0.0463622654871579,0.0480182627411338,0.0527230112886081,0.0794783863297271,0.0809894418437853,0.0771980930612088,0.0992387451174195,0.116845499649145,0.135343308935854,0.155857262430041,0.214847559138753,0.269509977140227,0.307123729152493,1,0.977406761537653,0.948324966576485,0.926609194308893,0.928353937795159,0.953637734512842,0.951981737258866,0.947276988711392,0.920521613670273,0.919010558156215,0.922801906938791,0.900761254882581,0.883154500350855,0.864656691064146,0.844142737569959,0.785152440861247,0.730490022859773,0.692876270847507,0,100000,2259.32384623472,98048.164138121,4591484.91658784,45.9148491658784,2025,"Females","GMoH report",32.4417408341216
0,1,0.021496,0.0128629,0.0146488,0.015,0.00992252,0.00982327,0.0112998,0.0166679,0.0161373,0.0162768,0.0214445,0.0204686,0.0268585,0.0303759,0.0404944,0.0648046,0.070833,0.214442,0.13009361144,0.0211014139468195,0.0501611639289954,0.0706564205660308,0.072289156626506,0.0484116852130983,0.0479390543148026,0.0549467809126092,0.0800056831831778,0.0775575753483285,0.0782018118713318,0.101766662039723,0.0973608968660205,0.125842638719857,0.141159855837653,0.183858864040042,0.278846637920537,0.300883752838055,1,0.97889858605318,0.949838836071005,0.929343579433969,0.927710843373494,0.951588314786902,0.952060945685197,0.945053219087391,0.919994316816822,0.922442424651671,0.921798188128668,0.898233337960277,0.90263910313398,0.874157361280143,0.858840144162347,0.816141135959958,0.721153362079463,0.699116247161945,0,100000,2110.14139468195,98164.3745200013,4646704.31224966,46.4670431224966,2025,"Females","GMoH report",31.8895468775034
0,1,0.0259032,0.0121511,0.0150598,0.0141235,0.00989479,0.0106767,0.0119002,0.0191049,0.0179906,0.0175913,0.0201151,0.0224767,0.0310685,0.0359231,0.0472315,0.0676109,0.0751269,0.220375,0.147197469848,0.0253433572674996,0.047451230701252,0.0725668927706321,0.0682091211921081,0.0482796573237733,0.0519956452362649,0.0577819578626085,0.0911700149532969,0.0860813616382761,0.08425127630772,0.0957599476905258,0.106404447866592,0.144146463961064,0.164813931631519,0.211217233133176,0.289175893889557,0.316239303647089,1,0.9746566427325,0.952548769298748,0.927433107229368,0.931790878807892,0.951720342676227,0.948004354763735,0.942218042137392,0.908829985046703,0.913918638361724,0.91574872369228,0.904240052309474,0.893595552133408,0.855853536038936,0.835186068368481,0.788782766866824,0.710824106110443,0.683760696352911,0,100000,2534.33572674995,97838.712079973,4535878.24994961,45.3587824994961,2025,"Females","GMoH report",32.9978075005039
0,1,0.023353,0.0125286,0.0140295,0.0146872,0.0089609,0.00992602,0.0106042,0.0171546,0.0169546,0.0165491,0.0161619,0.0216688,0.0257437,0.0330582,0.0392697,0.0646661,0.0715137,0.210084,0.13730042417,0.0228918073824284,0.0488893692956842,0.0677705332591035,0.0708350776199507,0.0438227713211703,0.0484283481199852,0.0516516879272058,0.0822457669171094,0.0813258805634954,0.0794580998974671,0.077671214015507,0.1027763970206,0.120935201155061,0.152673243457808,0.178795396085822,0.278333624940576,0.30333667929479,1,0.977108192617572,0.951110630704316,0.932229466740896,0.929164922380049,0.95617722867883,0.951571651880015,0.948348312072794,0.917754233082891,0.918674119436505,0.920541900102533,0.922328785984493,0.8972236029794,0.879064798844939,0.847326756542192,0.821204603914178,0.721666375059424,0.69666332070521,0,100000,2289.18073824284,98025.1247481197,4695219.59991934,46.9521959991934,2025,"Females","GMoH report",31.4043940008066
0,1,0.0224335,0.012065,0.0129536,0.0135171,0.00909858,0.0109043,0.0102489,0.0165077,0.0154112,0.0146866,0.0177606,0.0199235,0.0228822,0.0338671,0.0403286,0.0595601,0.0721533,0.197934,0.133731945815,0.0220058509591691,0.0471229238475584,0.0627363461657678,0.0653762565078929,0.044481112596382,0.0530746453614625,0.0499643021590064,0.0792672020229158,0.0741973254452456,0.0708322863579387,0.0850276450196596,0.0948910932586531,0.10822020884303,0.156117391708198,0.183175019746617,0.25920483523265,0.305635055394085,1,0.977994149040831,0.952877076152442,0.937263653834232,0.934623743492107,0.955518887403618,0.946925354638537,0.950035697840994,0.920732797977084,0.925802674554754,0.929167713642061,0.91497235498034,0.905108906741347,0.89177979115697,0.843882608291802,0.816824980253383,0.74079516476735,0.694364944605915,0,100000,2200.5850959169,98093.7034308915,4787178.756309,47.87178756309,2025,"Females","GMoH report",30.48480243691
0,1,0.0241015,0.0124823,0.0139564,0.0136748,0.0090976,0.00986538,0.0117698,0.0170444,0.0168076,0.0155035,0.0163854,0.0193129,0.0273065,0.0334586,0.0453113,0.0617206,0.0683645,0.198002,0.140205270335,0.0236121999022669,0.0487130970181799,0.0674293234746461,0.0661137685931074,0.0444764281188645,0.0481396111084083,0.0571668927638695,0.0817390186752298,0.0806492012141813,0.0746251234947479,0.078703047705323,0.0921168893206004,0.127807557338819,0.154379680089402,0.20350393084568,0.267350427942786,0.29192861542666,1,0.976387800097733,0.95128690298182,0.932570676525354,0.933886231406893,0.955523571881135,0.951860388891592,0.94283310723613,0.91826098132477,0.919350798785819,0.925374876505252,0.921296952294677,0.9078831106794,0.872192442661181,0.845620319910598,0.79649606915432,0.732649572057214,0.70807138457334,0,100000,2361.21999022669,97969.8354968234,4708266.76079547,47.0826676079547,2025,"Females","GMoH report",31.2739223920453
0,1,0.0212171,0.0116899,0.0133029,0.0126974,0.00833922,0.00909105,0.0100533,0.0149134,0.0157601,0.0156244,0.0172308,0.0199465,0.0222187,0.0307262,0.0381526,0.0563443,0.0622507,0.192601,0.129011231219,0.0208321253278074,0.0456913454809251,0.0643736107344033,0.0615337048403988,0.0408445703550102,0.0444451180244593,0.0490341133701399,0.0718868081869614,0.0758134318324438,0.0751851912447874,0.0825960116079637,0.0949954339421807,0.105247351668697,0.142671609017515,0.174152110474752,0.246937674032523,0.269337396352239,1,0.979167874672193,0.954308654519075,0.935626389265597,0.938466295159601,0.95915542964499,0.955554881975541,0.95096588662986,0.928113191813039,0.924186568167556,0.924814808755213,0.917403988392036,0.905004566057819,0.894752648331303,0.857328390982485,0.825847889525248,0.753062325967477,0.730662603647761,0,100000,2083.21253278074,98185.5452809642,4885974.1162041,48.859741162041,2025,"Females","GMoH report",29.496848837959
0,1,0.0241582,0.0131174,0.0152008,0.014429,0.00933782,0.00973258,0.0110844,0.0170949,0.0162221,0.0175318,0.0196874,0.0243704,0.0257797,0.0345691,0.0452081,0.0606436,0.0746731,0.212224,0.140425316798,0.0236667417165532,0.0511282603162551,0.0732214388796939,0.0696331579112466,0.0456240276063424,0.0475069861420344,0.0539276119453815,0.0819712732042516,0.0779492487304254,0.0839782742296515,0.0938193522130995,0.114854381926732,0.121094077524128,0.159095987266467,0.203087499980346,0.263299435832822,0.314629584023194,1,0.976333258283447,0.948871739683745,0.926778561120306,0.930366842088753,0.954375972393658,0.952493013857966,0.946072388054618,0.918028726795748,0.922050751269575,0.916021725770348,0.9061806477869,0.885145618073268,0.878905922475872,0.840904012733533,0.796912500019654,0.736700564167178,0.685370415976806,0,100000,2366.67417165531,97965.666798657,4609729.00607568,46.0972900607568,2025,"Females","GMoH report",32.2592999392432
0,1,0.0230432,0.0107201,0.0120453,0.0117749,0.00841274,0.00896599,0.00980223,0.0147751,0.0140761,0.0147341,0.0156482,0.0163063,0.0209288,0.0282087,0.0367387,0.0589242,0.0671965,0.192184,0.136098124448,0.0225934311273747,0.0419803332588633,0.0584659016860525,0.0571909555439149,0.0411972457078592,0.0438471179473873,0.0478388319165564,0.0712439102540148,0.0679879857832896,0.0710532362783769,0.0752954060669576,0.0783379929633541,0.0994410456115143,0.13175211059467,0.168241101601484,0.256792733963474,0.287658404975209,1,0.977406568872625,0.958019666741137,0.941534098313948,0.942809044456085,0.958802754292141,0.956152882052613,0.952161168083444,0.928756089745985,0.93201201421671,0.928946763721623,0.924704593933042,0.921662007036646,0.900558954388486,0.86824788940533,0.831758898398516,0.743207266036526,0.712341595024792,0,100000,2259.34311273746,98048.1492473906,5006685.63112976,50.0668563112976,2025,"Females","GMoH report",28.2897336887024
0,1,0.0225053,0.0128857,0.0153341,0.0143488,0.00947588,0.0102652,0.0112903,0.0168022,0.0155949,0.0174821,0.0196623,0.0217845,0.0254935,0.037274,0.0440518,0.061504,0.07127,0.21192,0.134010593717,0.0220750711809016,0.0502478427454694,0.0738398315958165,0.0692595224120355,0.0462829703180563,0.0500417778549095,0.0549018539946116,0.0806243345164685,0.0750485629154737,0.0837501775525226,0.0937053435583802,0.103296825748694,0.119830267677415,0.170483495474234,0.198408383886745,0.266537234780197,0.302459312071636,1,0.977924928819098,0.949752157254531,0.926160168404184,0.930740477587965,0.953717029681944,0.949958222145091,0.945098146005388,0.919375665483532,0.924951437084526,0.916249822447477,0.90629465644162,0.896703174251306,0.880169732322585,0.829516504525766,0.801591616113255,0.733462765219803,0.697540687928364,0,100000,2207.50711809017,98088.3222214396,4625577.0864108,46.255770864108,2025,"Females","GMoH report",32.100819135892
0,1,0.0239833,0.0123338,0.014193,0.0143299,0.00914339,0.00966027,0.0117426,0.0181371,0.0177897,0.0168133,0.0190311,0.0241462,0.0260519,0.0337783,0.042185,0.0627416,0.0750241,0.224123,0.139746549137,0.0234984858986892,0.0481475163262701,0.0685332683072867,0.0691714500932711,0.0446952839687817,0.0471623474739203,0.0570385478694699,0.0867519289725786,0.0851610271866444,0.0806754486960949,0.0908338307108947,0.113857910314887,0.122294490413022,0.155739925210643,0.190802492169567,0.271173371920744,0.315874920872436,1,0.976501514101311,0.95185248367373,0.931466731692713,0.930828549906729,0.955304716031218,0.95283765252608,0.94296145213053,0.913248071027421,0.914838972813356,0.919324551303905,0.909166169289105,0.886142089685113,0.877705509586978,0.844260074789357,0.809197507830433,0.728826628079256,0.684125079127564,0,100000,2349.84858986893,97978.5346415597,4628372.23461045,46.2837223461045,2025,"Females","GMoH report",32.0728676538955
0,1,0.0220941,0.0115987,0.0133717,0.0128955,0.00917658,0.00887162,0.0107415,0.0156113,0.0151854,0.0140149,0.0181228,0.0204294,0.0223203,0.0307651,0.0397723,0.059588,0.0773331,0.196198,0.132414771749,0.0216785543110307,0.0453429611920437,0.0646957689653162,0.0624637468802639,0.0448538867987019,0.0433956262359319,0.0523029691423925,0.075124521397758,0.0731499710731639,0.0677023942858095,0.0866864949722904,0.0971834985850181,0.105703183105335,0.142839334012899,0.180876785554706,0.259310512894157,0.324021527105495,1,0.978321445688969,0.954657038807956,0.935304231034684,0.937536253119736,0.955146113201298,0.956604373764068,0.947697030857607,0.924875478602242,0.926850028926836,0.932297605714191,0.91331350502771,0.902816501414982,0.894296816894665,0.857160665987101,0.819123214445294,0.740689487105843,0.675978472894505,0,100000,2167.85543110307,98119.2006509913,4842960.8323651,48.429608323651,2025,"Females","GMoH report",29.926981676349
0,1,0.0229589,0.0113351,0.0129378,0.013326,0.00874515,0.00973022,0.0107602,0.0146565,0.0144555,0.0141121,0.0166365,0.0184263,0.0222094,0.0279113,0.0390912,0.0565201,0.0719434,0.203534,0.135770965421,0.0225122182391825,0.0443353096628806,0.0626622217680241,0.0644817891930341,0.042790232495725,0.0474957400017992,0.0523916387225442,0.070692247679706,0.0697565842412515,0.0681559413501803,0.0798609819350921,0.0880742916972475,0.105205615981075,0.130453671122964,0.178055037313433,0.24761275571437,0.304881475193847,1,0.977487781760818,0.955664690337119,0.937337778231976,0.935518210806966,0.957209767504275,0.952504259998201,0.947608361277456,0.929307752320294,0.930243415758749,0.93184405864982,0.920139018064908,0.911925708302752,0.894794384018925,0.869546328877036,0.821944962686567,0.75238724428563,0.695118524806153,0,100000,2251.22182391825,98054.428736492,4888780.02809921,48.8878002809921,2025,"Females","GMoH report",29.4687897190079
0,1,0.0250104,0.0136333,0.0164178,0.0165097,0.0101512,0.0117623,0.0116846,0.018781,0.0180478,0.0202714,0.0221993,0.02616,0.0317375,0.0410466,0.0508694,0.069953,0.0814873,0.231331,0.143732611256,0.0244860174911392,0.0530857325644579,0.0788525370433252,0.0792764250148316,0.0494997942222283,0.0571315052397949,0.0567648146177924,0.0896936584993111,0.0863432363476138,0.0964681393975417,0.105160288044059,0.122770790313497,0.147022206780741,0.186132712507023,0.225650265908487,0.297702110636596,0.338481617272148,1,0.975513982508861,0.946914267435542,0.921147462956675,0.920723574985168,0.950500205777772,0.942868494760205,0.943235185382208,0.910306341500689,0.913656763652386,0.903531860602458,0.894839711955941,0.877229209686503,0.852977793219259,0.813867287492977,0.774349734091513,0.702297889363404,0.661518382727852,0,100000,2448.60174911392,97903.3421742122,4371539.36380034,43.7153936380034,2025,"Females","GMoH report",34.6411963619966
0,1,0.0212416,0.0117869,0.013072,0.0127042,0.00864583,0.00987308,0.00991756,0.0146049,0.0142658,0.0141811,0.0171085,0.0180289,0.0236211,0.0286742,0.0391386,0.0544474,0.0670078,0.18912,0.129106313024,0.0208557851732011,0.0460617495289543,0.0632916295464229,0.0615656443525411,0.0423145392184719,0.0481762793496953,0.0483880710062775,0.0704521340678801,0.0688726899493031,0.0684777745773528,0.0820338113464482,0.0862567157438158,0.111519940815035,0.133780852684859,0.178251695478375,0.23962025088052,0.286966513193142,1,0.979144214826799,0.953938250471046,0.936708370453577,0.938434355647459,0.957685460781528,0.951823720650305,0.951611928993722,0.92954786593212,0.931127310050697,0.931522225422647,0.917966188653552,0.913743284256184,0.888480059184965,0.86621914731514,0.821748304521625,0.76037974911948,0.713033486806858,0,100000,2085.57851732011,98183.6828355731,4912623.84617583,49.1262384617583,2025,"Females","GMoH report",29.2303515382417
0,1,0.0228795,0.0115539,0.01416,0.0132452,0.00915663,0.0097981,0.011149,0.016295,0.0162037,0.0168396,0.0169071,0.0208088,0.0259575,0.0294527,0.0428189,0.0611337,0.0735444,0.194314,0.135462822755,0.0224357175063858,0.0451717795524577,0.0683793702916747,0.0641033459069821,0.0447585561548887,0.0478191577754997,0.0542333801128058,0.0782858309612174,0.0778642765549658,0.0807965462014646,0.0811072778563858,0.0988990724528575,0.121878356408797,0.137163883240226,0.193392377786946,0.265145227945821,0.310612478998801,1,0.977564282493614,0.954828220447542,0.931620629708325,0.935896654093018,0.955241443845111,0.9521808422245,0.945766619887194,0.921714169038783,0.922135723445034,0.919203453798535,0.918892722143614,0.901100927547143,0.878121643591203,0.862836116759774,0.806607622213054,0.734854772054179,0.689387521001199,0,100000,2243.57175063857,98060.3488117563,4753296.22410566,47.5329622410566,2025,"Females","GMoH report",30.8236277589434
0,1,0.0247065,0.0122348,0.0148787,0.0144989,0.00952063,0.0106652,0.0115372,0.0160883,0.0160133,0.0160298,0.0200294,0.0232415,0.0273533,0.0344029,0.0443406,0.0611516,0.0771329,0.20398,0.142553208785,0.0241939627743019,0.0477702803479967,0.0717255429116992,0.0699586898783085,0.0464964609963606,0.0519410945948184,0.0560688073884937,0.0773311818669258,0.0769845579456234,0.0770608259312194,0.0953714192387485,0.109826186704281,0.128012583499414,0.158391668195585,0.199579331710854,0.265212567841031,0.323318303977781,1,0.975806037225698,0.952229719652003,0.928274457088301,0.930041310121692,0.953503539003639,0.948058905405182,0.943931192611506,0.922668818133074,0.923015442054377,0.922939174068781,0.904628580761252,0.890173813295719,0.871987416500586,0.841608331804415,0.800420668289146,0.734787432158969,0.676681696022219,0,100000,2419.39627743019,97925.49642524,4629479.29189101,46.2947929189101,2025,"Females","GMoH report",32.0617970810899
0,1,0.0252972,0.0120168,0.0146888,0.0145458,0.00940977,0.0108391,0.0107784,0.0171577,0.0170541,0.0169314,0.0189486,0.0242621,0.0277247,0.03872,0.0474044,0.0698209,0.0674159,0.219681,0.144845650508,0.0247615334834338,0.0469390848112796,0.0708425209458273,0.0701770467822856,0.0459674912008084,0.0527656690904055,0.0524779297061384,0.0822600182137355,0.0817836343054774,0.081219116622063,0.0904578747846395,0.114373166964478,0.129638059246988,0.176513493800146,0.211908510510849,0.297223473881217,0.28846215971686,1,0.975238466516566,0.95306091518872,0.929157479054173,0.929822953217714,0.954032508799192,0.947234330909595,0.947522070293862,0.917739981786264,0.918216365694523,0.918780883377937,0.909542125215361,0.885626833035522,0.870361940753012,0.823486506199854,0.788091489489151,0.702776526118783,0.71153784028314,0,100000,2476.15334834337,97882.506694155,4594043.87110019,45.9404387110019,2025,"Females","GMoH report",32.4161512889981
0,1,0.021811,0.0113643,0.0134589,0.0129462,0.00829726,0.00945651,0.00973491,0.0158606,0.014565,0.0146636,0.0162601,0.0176053,0.0226501,0.029627,0.035385,0.0587953,0.0675596,0.199231,0.13131609179,0.0214054341351268,0.0444469823176941,0.0651039317329969,0.0627016303818754,0.040643231355508,0.0461905465857656,0.0475180891957681,0.0762784452290022,0.0702664238418583,0.0707252818911523,0.0781247109679741,0.0843155007850715,0.107181330372334,0.137919637266745,0.16254579280407,0.256302974332998,0.288988184607909,1,0.978594565864873,0.955553017682306,0.934896068267003,0.937298369618125,0.959356768644492,0.953809453414234,0.952481910804232,0.923721554770998,0.929733576158142,0.929274718108848,0.921875289032026,0.915684499214929,0.892818669627666,0.862080362733255,0.83745420719593,0.743697025667002,0.711011815392091,0,100000,2140.54341351267,98140.5443818566,4904880.6003319,49.048806003319,2025,"Females","GMoH report",29.307783996681
0,1,0.023235,0.0117922,0.0135993,0.013578,0.00896928,0.00991296,0.0103009,0.0163783,0.0154899,0.0163943,0.0172804,0.0202768,0.0241383,0.0300784,0.0416727,0.0591899,0.0683778,0.204092,0.13684247915,0.0227781731457803,0.0460819840552474,0.0657607495950791,0.0656611328455576,0.0438628544422701,0.0483661702230639,0.0502114423828951,0.078670286131626,0.0745621012688876,0.0787441134520814,0.082823923673386,0.0964925972597108,0.113822779032217,0.139874032269465,0.188703988270047,0.257801401990767,0.291977117617445,1,0.97722182685422,0.953918015944753,0.934239250404921,0.934338867154442,0.95613714555773,0.951633829776936,0.949788557617105,0.921329713868374,0.925437898731112,0.921255886547919,0.917176076326614,0.903507402740289,0.886177220967783,0.860125967730535,0.811296011729953,0.742198598009233,0.708022882382555,0,100000,2277.81731457803,98033.8848537996,4782050.79997372,47.8205079997372,2025,"Females","GMoH report",30.5360820002628
0,1,0.0237377,0.0123296,0.0141271,0.0131067,0.00885833,0.00956386,0.0101427,0.0162615,0.0157552,0.0153283,0.0147217,0.0185356,0.0269416,0.0306268,0.0405401,0.0646502,0.0718979,0.200619,0.138793402553,0.0232621503746443,0.0481315153370018,0.0682259142181229,0.0634543085357851,0.0433320265237105,0.0467026558446832,0.0494593710920614,0.0781311747543311,0.0757907537897301,0.0738129330459783,0.0709955616019128,0.0885735884832736,0.126207425090457,0.142242888737998,0.184047263801865,0.278274710739391,0.304718033286438,1,0.976737849625356,0.951868484662998,0.931774085781877,0.936545691464215,0.95666797347629,0.953297344155317,0.950540628907939,0.921868825245669,0.92420924621027,0.926187066954022,0.929004438398087,0.911426411516726,0.873792574909543,0.857757111262002,0.815952736198135,0.721725289260609,0.695281966713562,0,100000,2326.21503746443,97996.6482626552,4791056.25121878,47.9105625121878,2025,"Females","GMoH report",30.4460274878122
0,1,0.0220603,0.0113587,0.0123356,0.011839,0.00825373,0.00988229,0.0102854,0.0145179,0.0137542,0.0143987,0.0152747,0.0186089,0.0205473,0.0284035,0.0372729,0.0512839,0.0609485,0.19927,0.132283597667,0.021645951377222,0.044425566632581,0.0598328157937369,0.0574933408443591,0.0404343151990308,0.048220136566525,0.0501377821389696,0.0700471559853025,0.0664848840205127,0.0694920133678026,0.0735643177877198,0.0889082864697812,0.0977169512204692,0.132601624403162,0.170478893158026,0.227279989381407,0.264448197575217,1,0.978354048622778,0.955574433367419,0.940167184206263,0.942506659155641,0.959565684800969,0.951779863433475,0.94986221786103,0.929952844014698,0.933515115979487,0.930507986632197,0.92643568221228,0.911091713530219,0.902283048779531,0.867398375596838,0.829521106841974,0.772720010618593,0.735551802424783,0,100000,2164.59513772221,98121.7452945882,4984264.79466034,49.8426479466034,2025,"Females","GMoH report",28.5139420533966
0,1,0.0230452,0.013994,0.015117,0.0151748,0.00899566,0.010689,0.011288,0.0185913,0.0174873,0.0161906,0.019993,0.0225526,0.0251691,0.0363632,0.0445249,0.0651922,0.0777981,0.213876,0.136105886228,0.0225953577748093,0.0544519974941342,0.0728324785542389,0.0731007758659726,0.0439890242356117,0.0520539873237413,0.0548909766392406,0.0888279331175779,0.0837740453422176,0.0778037754817144,0.0952063486772399,0.106744580438033,0.118395715963366,0.1666648333315,0.200325786024585,0.280280709779743,0.32565261352023,1,0.977404642225191,0.945548002505866,0.927167521445761,0.926899224134027,0.956010975764388,0.947946012676259,0.945109023360759,0.911172066882422,0.916225954657782,0.922196224518286,0.90479365132276,0.893255419561967,0.881604284036634,0.8333351666685,0.799674213975415,0.719719290220257,0.67434738647977,0,100000,2259.53577748092,98048.000341977,4561440.48021607,45.6144048021607,2025,"Females","GMoH report",32.7421851978393
0,1,0.0227003,0.0123226,0.013909,0.0139861,0.00930736,0.0096393,0.0100155,0.0153608,0.0162513,0.0163332,0.0176561,0.0207412,0.025557,0.0314549,0.0409244,0.0599747,0.0740909,0.198812,0.134767367267,0.0222630309119278,0.0481048464385526,0.0672080094900087,0.0675679690694929,0.0454785860679368,0.0470623790246688,0.0488542506319883,0.0739636479898922,0.0780840804581271,0.0784621548317549,0.0845485077316002,0.0985936247745645,0.120110819467192,0.145808519036404,0.185630008228168,0.260773907782319,0.312559890940746,1,0.977736969088072,0.951895153561447,0.932791990509991,0.932432030930507,0.954521413932063,0.952937620975331,0.951145749368012,0.926036352010108,0.921915919541873,0.921537845168245,0.9154514922684,0.901406375225436,0.879889180532808,0.854191480963596,0.814369991771832,0.739226092217681,0.687440109059254,0,100000,2226.30309119278,98073.7299151457,4753574.74827503,47.5357474827503,2025,"Females","GMoH report",30.8208425172497
0,1,0.0229842,0.0126057,0.0153338,0.0144533,0.00977089,0.0100215,0.0111699,0.0175246,0.0176688,0.0177891,0.018072,0.0228253,0.0275365,0.0335961,0.0452067,0.0597244,0.0808383,0.206761,0.135869151938,0.0225365927039162,0.0491828319505616,0.0738384403099387,0.0697463381278421,0.0476895271892057,0.0488828024871866,0.0543322845373652,0.0839452334066065,0.0846067506119681,0.0851582772264762,0.0864540079220804,0.107965630249656,0.128814732777201,0.154964954712462,0.203081849397145,0.259826974596084,0.336239022557063,1,0.977463407296084,0.950817168049438,0.926161559690061,0.930253661872158,0.952310472810794,0.951117197512813,0.945667715462635,0.916054766593394,0.915393249388032,0.914841722773524,0.91354599207792,0.892034369750344,0.871185267222799,0.845035045287538,0.796918150602855,0.740173025403916,0.663760977442937,0,100000,2253.65927039161,98052.5435034337,4602988.72383101,46.0298872383101,2025,"Females","GMoH report",32.3267027616899
0,1,0.0216886,0.0112727,0.012754,0.012666,0.00885685,0.00923369,0.0108441,0.0151278,0.0148799,0.0134391,0.0153933,0.0185168,0.0228695,0.0267734,0.0391939,0.0555619,0.0669301,0.195352,0.130841070854,0.0212873162008043,0.0440966239738597,0.0617995222335822,0.0613862057935473,0.0433249436813887,0.045126734311635,0.0527893670616178,0.0728826159076795,0.07173112025914,0.0650112676812619,0.0741143393502014,0.0884877261796898,0.108163393198138,0.125468925664064,0.178481076353747,0.243926895554698,0.286681454033484,1,0.978712683799196,0.95590337602614,0.938200477766418,0.938613794206453,0.956675056318611,0.954873265688365,0.947210632938382,0.92711738409232,0.92826887974086,0.934988732318738,0.925885660649799,0.91151227382031,0.891836606801862,0.874531074335936,0.821518923646253,0.756073104445302,0.713318545966516,0,100000,2128.73162008042,98149.7939046517,4928599.29740999,49.2859929740999,2025,"Females","GMoH report",29.0705970259001
0,1,0.0243864,0.0133494,0.0157247,0.0154426,0.00970591,0.0108321,0.011462,0.0182107,0.0179823,0.0161691,0.0196425,0.0250268,0.030929,0.0399623,0.0448197,0.066454,0.0711458,0.222079,0.141310935896,0.0238862146632402,0.0520090215358195,0.0756495825242041,0.0743428815436838,0.0473798876857793,0.0527324909616362,0.055713528831338,0.0870886373782402,0.0860433563813587,0.0777044715717721,0.093615398821616,0.117765750300922,0.14354568850089,0.181662383345118,0.201518502890047,0.284932705047014,0.302011818846735,1,0.97611378533676,0.947990978464181,0.924350417475796,0.925657118456316,0.952620112314221,0.947267509038364,0.944286471168662,0.91291136262176,0.913956643618641,0.922295528428228,0.906384601178384,0.882234249699078,0.85645431149911,0.818337616654882,0.798481497109953,0.715067294952986,0.697988181153265,0,100000,2388.62146632402,97948.9168685835,4500377.58682222,45.0037758682222,2025,"Females","GMoH report",33.3528141317778
0,1,0.0252167,0.0142926,0.0167855,0.0146451,0.00964896,0.0110907,0.0127158,0.0185267,0.0180193,0.0190989,0.0218441,0.0247147,0.0335435,0.0400422,0.0458605,0.0687616,0.0767492,0.222752,0.144533238863,0.0246842109988157,0.0555815891576118,0.0805474278735704,0.0706392044666632,0.0471084315702889,0.0539574356705223,0.0616201269735736,0.0885329418648798,0.0862127657742119,0.0911426873227298,0.103564800361081,0.116382597541361,0.154741104410515,0.181992545260432,0.205716810527059,0.293375566599312,0.321968867488399,1,0.975315789001184,0.944418410842388,0.91945257212643,0.929360795533337,0.952891568429711,0.946042564329478,0.938379873026426,0.91146705813512,0.913787234225788,0.90885731267727,0.896435199638919,0.883617402458639,0.845258895589485,0.818007454739568,0.794283189472941,0.706624433400688,0.678031132511602,0,100000,2468.42109988157,97888.3477965621,4412625.94469369,44.1262594469369,2025,"Females","GMoH report",34.2303305530631
0,1,0.0216951,0.0115629,0.0145647,0.0138978,0.00854708,0.0090721,0.0104983,0.0167142,0.0157711,0.0162773,0.0148982,0.0197234,0.0236417,0.0285503,0.0433418,0.0598429,0.0642062,0.192796,0.130866296639,0.0212935893022039,0.0452061711277342,0.0702650273889697,0.0671557084864911,0.0418413466570364,0.0443545282115304,0.0511490546976687,0.0802190086154971,0.0758643397773438,0.0782041201862316,0.0718161708100927,0.0939828467986298,0.111611770040579,0.133241302129528,0.195523183241463,0.260275411450302,0.276627929570954,1,0.978706410697796,0.954793828872266,0.92973497261103,0.932844291513509,0.958158653342964,0.95564547178847,0.948850945302331,0.919780991384503,0.924135660222656,0.921795879813768,0.928183829189907,0.90601715320137,0.888388229959421,0.866758697870472,0.804476816758537,0.739724588549698,0.723372070429046,0,100000,2129.35893022038,98149.3023871927,4805359.98154041,48.0535998154041,2025,"Females","GMoH report",30.3029901845959
0,1,0.0227858,0.0121182,0.0134409,0.0139848,0.00882534,0.00989075,0.00971194,0.0156538,0.0148198,0.0150235,0.0169146,0.0185669,0.0240891,0.0310651,0.0405313,0.0611086,0.0670878,0.20481,0.135099183362,0.0223454284294598,0.0473257931469727,0.0650196920527214,0.0675619008234119,0.0431741339712455,0.0482604206120777,0.0474086256797886,0.0753213371320074,0.0714517484459517,0.0723983099752183,0.0811417973848841,0.0887165229739858,0.113603957281618,0.144131826028134,0.184010988549508,0.265050792806727,0.287259911305755,1,0.97765457157054,0.952674206853027,0.934980307947279,0.932438099176588,0.956825866028755,0.951739579387922,0.952591374320211,0.924678662867993,0.928548251554048,0.927601690024782,0.918858202615116,0.911283477026014,0.886396042718382,0.855868173971866,0.815989011450492,0.734949207193273,0.712740088694245,0,100000,2234.54284294597,98067.3420703234,4816787.79444197,48.1678779444197,2025,"Females","GMoH report",30.1887120555803
0,1,0.0227991,0.0109551,0.0130655,0.0123491,0.00857037,0.00873674,0.0103598,0.0152763,0.0137425,0.0144596,0.013849,0.0184347,0.0230012,0.0292555,0.0384255,0.0537689,0.0660649,0.197814,0.135150799199,0.0223582449682003,0.0428808715286333,0.0632611534974478,0.0598963354109419,0.0419529688361885,0.0427499617479946,0.0504913005611173,0.0735717400679981,0.0664302071940881,0.0697756789805327,0.0669277925040292,0.088112673255827,0.108752410158647,0.136308096227072,0.175288618020622,0.236988035098924,0.28350086007335,1,0.9776417550318,0.957119128471367,0.936738846502552,0.940103664589058,0.958047031163812,0.957250038252005,0.949508699438883,0.926428259932002,0.933569792805912,0.930224321019467,0.933072207495971,0.911887326744173,0.891247589841353,0.863691903772928,0.824711381979378,0.763011964901076,0.71649913992665,0,100000,2235.82449682003,98066.3489707939,4954162.4847861,49.541624847861,2025,"Females","GMoH report",28.814965152139
0,1,0.0216389,0.0110176,0.013623,0.0128387,0.00883527,0.00928304,0.0104202,0.0163057,0.013056,0.0148483,0.0140575,0.0183725,0.0222112,0.0305626,0.0379642,0.056805,0.0653504,0.19853,0.130648190621,0.0212393492514862,0.0431202369546568,0.0658715787081473,0.0621971728910105,0.0432216623580446,0.0453624464869104,0.0507782024374044,0.0783352233707105,0.0632166098543539,0.0715842393472506,0.0679011972974768,0.0878284304059182,0.105213693999591,0.141965883706574,0.17336668156895,0.248705684044614,0.280865343620635,1,0.978760650748514,0.956879763045343,0.934128421291853,0.93780282710899,0.956778337641955,0.95463755351309,0.949221797562596,0.921664776629289,0.936783390145646,0.928415760652749,0.932098802702523,0.912171569594082,0.894786306000409,0.858034116293426,0.82663331843105,0.751294315955386,0.719134656379365,0,100000,2123.93492514861,98153.5533298188,4911691.83949596,49.1169183949596,2025,"Females","GMoH report",29.2396716050404
0,1,0.020923,0.0111804,0.0128409,0.0129131,0.00869355,0.00924199,0.0102019,0.0149296,0.015077,0.0149898,0.0154628,0.0164366,0.0221979,0.029368,0.0393776,0.0558276,0.0678665,0.186744,0.12786986147,0.0205480478753899,0.0437434612125191,0.0622074993054225,0.0625463323880981,0.0425431230808512,0.0451663818759165,0.0497408715074211,0.07196208706248,0.0726467619261005,0.0722417755809902,0.0744365079135846,0.0789392671057251,0.105154004792539,0.136796407743474,0.179242637767606,0.244950503216567,0.290110533667189,1,0.97945195212461,0.956256538787481,0.937792500694578,0.937453667611902,0.957456876919149,0.954833618124084,0.950259128492579,0.92803791293752,0.9273532380739,0.92775822441901,0.925563492086415,0.921060732894275,0.894845995207461,0.863203592256526,0.820757362232394,0.755049496783433,0.709889466332811,0,100000,2054.80478753899,98207.9428159915,4934507.97212979,49.3450797212979,2025,"Females","GMoH report",29.0115102787021
0,1,0.0255123,0.0137126,0.0178666,0.016066,0.0102444,0.0107395,0.0116186,0.0212926,0.0187534,0.0192875,0.026115,0.0260704,0.0378923,0.0416858,0.0532132,0.0729337,0.0856907,0.222916,0.145680429947,0.0249681037701149,0.0533862708448265,0.0855134150468116,0.0772281320751996,0.0499429120787511,0.0522934852869033,0.0564532312193861,0.101082240703967,0.0895677503752805,0.0920013117490982,0.122572544970255,0.122376020488633,0.173066756369089,0.188757709666011,0.234826346628916,0.308430970345315,0.352861193347948,1,0.975031896229885,0.946613729155174,0.914486584953188,0.9227718679248,0.950057087921249,0.947706514713097,0.943546768780614,0.898917759296033,0.910432249624719,0.907998688250902,0.877427455029746,0.877623979511367,0.826933243630911,0.811242290333989,0.765173653371084,0.691569029654685,0.647138806652052,0,100000,2496.8103770115,97866.9260322077,4298892.53008358,42.9889253008358,2025,"Females","GMoH report",35.3676646991642
0,1,0.0254878,0.0147013,0.0156235,0.0164482,0.00971174,0.0105122,0.0123171,0.0201387,0.0191545,0.0192315,0.0221869,0.0255457,0.0334336,0.0392924,0.0486328,0.0701728,0.0745998,0.213637,0.145585348142,0.0249445781850732,0.0571255600092714,0.0751810232097078,0.0789927774930952,0.0474076725260545,0.0512150430608396,0.0597457636367737,0.0958669125219838,0.0913958933996891,0.0917464455795903,0.105104634937749,0.120060900627124,0.154273226625716,0.178889505031273,0.216804477960595,0.298497913958442,0.314369285448498,1,0.975055421814927,0.942874439990729,0.924818976790292,0.921007222506905,0.952592327473946,0.94878495693916,0.940254236363226,0.904133087478016,0.908604106600311,0.90825355442041,0.894895365062251,0.879939099372876,0.845726773374284,0.821110494968727,0.783195522039405,0.701502086041558,0.685630714551502,0,100000,2494.45781850732,97868.6986914256,4378363.70437056,43.7836370437056,2025,"Females","GMoH report",34.5729529562944
0,1,0.0243364,0.0129382,0.0157377,0.0158105,0.00966862,0.0113172,0.0115349,0.0188754,0.0188838,0.0198244,0.0226543,0.0223303,0.0345736,0.0346133,0.0475681,0.0657045,0.0704802,0.216468,0.141116891396,0.0238381324266868,0.0504474028255256,0.0757097564161249,0.0760466606783619,0.047202150850607,0.0550290627282302,0.0560579430808906,0.0901241753514291,0.0901624746528751,0.0944413902574505,0.10720013968863,0.105748036548645,0.159115049786733,0.159283206473433,0.212562512833243,0.282172493501781,0.299609632881469,1,0.976161867573313,0.949552597174474,0.924290243583875,0.923953339321638,0.952797849149393,0.94497093727177,0.943942056919109,0.909875824648571,0.909837525347125,0.90555860974255,0.89279986031137,0.894251963451355,0.840884950213266,0.840716793526567,0.787437487166757,0.717827506498219,0.700390367118531,0,100000,2383.81324266869,97952.5830718053,4451882.78898846,44.5188278898846,2025,"Females","GMoH report",33.8377621101154
0,1,0.0236378,0.0106781,0.0128339,0.0131317,0.00894839,0.0094439,0.0103863,0.0155157,0.0142547,0.016192,0.0148671,0.0196963,0.0224473,0.0320185,0.0374959,0.0590248,0.063625,0.188828,0.138405701642,0.0231659968213501,0.0418192986932473,0.0621746421502691,0.0635714954819492,0.0437629305741979,0.046130373416236,0.0506171867823073,0.0746816546282126,0.0688209451817927,0.0778102414270337,0.0716716268896714,0.0938597743177626,0.106272664069577,0.148227448593058,0.171411434941447,0.257174775741964,0.274467511458614,1,0.97683400317865,0.958180701306753,0.937825357849731,0.936428504518051,0.956237069425802,0.953869626583764,0.949382813217693,0.925318345371787,0.931179054818207,0.922189758572966,0.928328373110329,0.906140225682237,0.893727335930423,0.851772551406942,0.828588565058552,0.742825224258036,0.725532488541386,0,100000,2316.59968213501,98004.0309222945,4888735.46661241,48.8873546661241,2025,"Females","GMoH report",29.4692353338759
0,1,0.0220866,0.0114334,0.0129813,0.0132106,0.00899531,0.00911409,0.0104154,0.0159172,0.0157896,0.0142078,0.0145476,0.0185673,0.021627,0.0283883,0.0393951,0.0543059,0.0657734,0.194033,0.132385665074,0.0216713200619331,0.0447111979780749,0.0628662847446119,0.0639412444888877,0.0439873503683942,0.0445552486349223,0.0507554053770887,0.0765402344505108,0.0759499516101413,0.0686022812704155,0.0701854262333204,0.088718349474505,0.102588306726087,0.132535365695095,0.179315153946869,0.239071955702094,0.282426604868376,1,0.978328679938067,0.955288802021925,0.937133715255388,0.936058755511112,0.956012649631606,0.955444751365078,0.949244594622911,0.923459765549489,0.924050048389859,0.931397718729585,0.92981457376668,0.911281650525495,0.897411693273913,0.867464634304905,0.820684846053131,0.760928044297906,0.717573395131624,0,100000,2167.13200619332,98119.7652057497,4898121.20117971,48.9812120117971,2025,"Females","GMoH report",29.3753779882029
0,1,0.0237084,0.0123287,0.0135089,0.0137997,0.00881362,0.00980157,0.0116302,0.0162421,0.0171579,0.0164345,0.0166259,0.0190314,0.0247491,0.0326406,0.0432831,0.0611416,0.0679344,0.196997,0.138679692476,0.0232339505009101,0.0481280865194552,0.06533789236459,0.066697486730899,0.0431180350595951,0.0478356878915813,0.0565080015994939,0.0780416012700301,0.0822609376449541,0.0789295795617318,0.0798121288186836,0.0908351975532144,0.116535149809617,0.150890138373514,0.195284232581842,0.265174948432325,0.290358648562704,1,0.97676604949909,0.951871913480545,0.93466210763541,0.933302513269101,0.956881964940405,0.952164312108419,0.943491998400506,0.92195839872997,0.917739062355046,0.921070420438268,0.920187871181316,0.909164802446786,0.883464850190383,0.849109861626486,0.804715767418158,0.734825051567675,0.709641351437295,0,100000,2323.395050091,97998.8126609559,4740904.90906917,47.4090490906917,2025,"Females","GMoH report",30.9475409093083
0,1,0.0253329,0.0147976,0.0169228,0.0159527,0.0105805,0.0107289,0.0124712,0.0202276,0.0182878,0.0193903,0.0241503,0.0287609,0.0354825,0.0459125,0.052177,0.0768386,0.0806115,0.226143,0.144984198281,0.0247958217616438,0.0574890015027265,0.0811795373148218,0.0767043945140878,0.0515392231243325,0.0522432193108398,0.0604706461929948,0.0962697357336833,0.0874412306550657,0.0924689960640482,0.113876142490056,0.134158221983394,0.16295717968001,0.205926050514395,0.23078130908914,0.322283472856434,0.335453895714106,1,0.975204178238356,0.942510998497273,0.918820462685178,0.923295605485912,0.948460776875668,0.94775678068916,0.939529353807005,0.903730264266317,0.912558769344934,0.907531003935952,0.886123857509944,0.865841778016606,0.83704282031999,0.794073949485605,0.76921869091086,0.677716527143566,0.664546104285894,0,100000,2479.58217616439,97879.9180577187,4297601.63919626,42.9760163919626,2025,"Females","GMoH report",35.3805736080374
0,1,0.025134,0.0141985,0.0155997,0.0164551,0.0104711,0.0105651,0.0119462,0.0189412,0.0188599,0.019235,0.0216932,0.023939,0.031317,0.0370102,0.0525561,0.0637949,0.0754728,0.227587,0.14421228926,0.0246047670040395,0.0552257542563815,0.0750707952869071,0.0790246055337058,0.0510199134604117,0.0514661377696253,0.057998835770302,0.0904241454409354,0.0900534999888984,0.0917623767099598,0.102886174119004,0.112936059197196,0.145215699821709,0.169379112890271,0.232263359172487,0.275099618387352,0.317464216670228,1,0.97539523299596,0.944774245743618,0.924929204713093,0.920975394466294,0.948980086539588,0.948533862230375,0.942001164229698,0.909575854559065,0.909946500011102,0.90823762329004,0.897113825880996,0.887063940802804,0.854784300178291,0.830620887109729,0.767736640827513,0.724900381612648,0.682535783329772,0,100000,2460.47670040396,97894.3542772322,4409556.63935685,44.0955663935685,2025,"Females","GMoH report",34.2610236064315
0,1,0.0249462,0.0129957,0.0150947,0.0142783,0.0093588,0.0101183,0.0114472,0.0174639,0.0168543,0.0164548,0.0192291,0.0223102,0.0270585,0.0343918,0.0469574,0.0641855,0.0729059,0.217144,0.143483458118,0.0244243294329177,0.0506659217611376,0.0727289459489606,0.0689309577643821,0.0457241911008142,0.0493433236215014,0.0556435916929317,0.0836666356060967,0.080864225222098,0.0790232217277841,0.0917355212221671,0.105657878971429,0.126720343934145,0.158344609635817,0.210120248596399,0.276551077101719,0.308331530649121,1,0.975575670567082,0.949334078238862,0.927271054051039,0.931069042235618,0.954275808899186,0.950656676378499,0.944356408307068,0.916333364393903,0.919135774777902,0.920976778272216,0.908264478777833,0.894342121028571,0.873279656065855,0.841655390364183,0.789879751403601,0.723448922898281,0.691668469350879,0,100000,2442.43294329177,97908.0157816331,4602917.45772695,46.0291745772695,2025,"Females","GMoH report",32.3274154227305
0,1,0.0248421,0.0122585,0.0147994,0.0146363,0.00920723,0.00942618,0.0107549,0.0165146,0.0160776,0.0144494,0.0157658,0.0210928,0.0262342,0.031031,0.0412509,0.059723,0.0678171,0.218999,0.143079457469,0.0243242916356335,0.0478606016298412,0.0713569016734354,0.0705982568337601,0.0450003290508821,0.0460458097721059,0.0523665085918634,0.0792990209706935,0.0772817378296741,0.0697281742958248,0.0758398117401672,0.100181242709446,0.123097583441216,0.143985003398827,0.186972536486611,0.259821675226169,0.289929974770054,1,0.975675708364366,0.952139398370159,0.928643098326565,0.92940174316624,0.954999670949118,0.953954190227894,0.947633491408137,0.920700979029307,0.922718262170326,0.930271825704175,0.924160188259833,0.899818757290554,0.876902416558784,0.856014996601173,0.813027463513389,0.740178324773831,0.710070025229946,0,100000,2432.42916356336,97915.6014814911,4718814.93600667,47.1881493600667,2025,"Females","GMoH report",31.1684406399333
0,1,0.0224066,0.0131471,0.0148226,0.0146204,0.0091728,0.0103184,0.0115142,0.0176755,0.0172575,0.0160335,0.0177178,0.0223848,0.0265849,0.032086,0.0446778,0.0591788,0.070089,0.20941,0.133627549874,0.0219799157441307,0.0512410573888072,0.0714647659023399,0.0705242674986566,0.0448358248642138,0.0502946004858666,0.0559601588474954,0.0846374757437293,0.0827187048764851,0.0770779276188095,0.0848314340447067,0.105992450485908,0.124640604953434,0.148516730465694,0.200944594040899,0.257759286796342,0.298194597193297,1,0.978020084255869,0.948758942611193,0.92853523409766,0.929475732501343,0.955164175135786,0.949705399514133,0.944039841152505,0.915362524256271,0.917281295123515,0.92292207238119,0.915168565955293,0.894007549514092,0.875359395046566,0.851483269534306,0.799055405959101,0.742240713203658,0.701805402806703,0,100000,2197.99157441307,98095.7206543194,4635238.9599006,46.352389599006,2025,"Females","GMoH report",32.004200400994
0,1,0.0259842,0.0132173,0.015224,0.0146424,0.00976934,0.00985962,0.0116243,0.0176443,0.0183092,0.0166249,0.0200448,0.0252992,0.0304085,0.0389989,0.0440961,0.0605407,0.0775362,0.221884,0.147511821938,0.0254210917203558,0.0515076167541507,0.0733290946573416,0.0706266411732134,0.0476821423486686,0.048112180458275,0.0564801446367476,0.0844943891249084,0.087539073967295,0.0798075199057954,0.0954412481716236,0.118971303026199,0.14130064810523,0.177671971387628,0.198588098386813,0.262911399578799,0.324734334276647,1,0.974578908279644,0.948492383245849,0.926670905342658,0.929373358826787,0.952317857651331,0.951887819541725,0.943519855363252,0.915505610875092,0.912460926032705,0.920192480094205,0.904558751828376,0.881028696973801,0.85869935189477,0.822328028612372,0.801411901613187,0.737088600421201,0.675265665723352,0,100000,2542.10917203558,97832.8819834967,4532208.4146842,45.322084146842,2025,"Females","GMoH report",33.034505853158
0,1,0.0236949,0.0127028,0.0147194,0.0149377,0.00963706,0.0107836,0.0116627,0.0176492,0.0161699,0.0162077,0.0192527,0.0207638,0.0297591,0.0354971,0.0448964,0.0677892,0.0712302,0.214612,0.138627300461,0.0232209570168557,0.0495522942336184,0.0709848635004777,0.0719997242959606,0.0470516998632887,0.0525025828684495,0.0566614366567581,0.0845168624769304,0.0777081667847675,0.0778827494061258,0.0918429386382008,0.09869575281904,0.138492006335642,0.16301876637066,0.20182856053679,0.289827982347604,0.302315938155067,1,0.976779042983144,0.950447705766382,0.929015136499522,0.928000275704039,0.952948300136711,0.947497417131551,0.943338563343242,0.91548313752307,0.922291833215233,0.922117250593874,0.908157061361799,0.90130424718096,0.861507993664357,0.83698123362934,0.79817143946321,0.710172017652396,0.697684061844933,0,100000,2322.09570168558,97999.8101568512,4595901.51902408,45.9590151902408,2025,"Females","GMoH report",32.3975748097592
0,1,0.0249364,0.0138617,0.01503,0.0153585,0.00997303,0.0105457,0.0116277,0.0178414,0.0171517,0.018237,0.0204746,0.0244076,0.0303205,0.0379082,0.0528149,0.0696588,0.0767896,0.213113,0.143445425396,0.0244149124248811,0.0539510922880612,0.0724284991446401,0.073952982784751,0.0486521271899276,0.0513740614016905,0.0564961978992181,0.0853979524288402,0.0822324348672198,0.0872089269959377,0.0973880467452731,0.115019617933326,0.140920546429928,0.173133090451378,0.233273684236097,0.296635770478484,0.322111052757862,1,0.975585087575119,0.946048907711939,0.92757150085536,0.926047017215249,0.951347872810072,0.94862593859831,0.943503802100782,0.91460204757116,0.91776756513278,0.912791073004062,0.902611953254727,0.884980382066674,0.859079453570072,0.826866909548622,0.766726315763903,0.703364229521516,0.677888947242138,0,100000,2441.49124248812,97908.7295073912,4488814.62892725,44.8881462892725,2025,"Females","GMoH report",33.4684437107275
0,1,0.0251582,0.0130948,0.016173,0.0158385,0.0102775,0.0109356,0.0129293,0.0199216,0.0175956,0.0179624,0.0223749,0.0270687,0.0336394,0.0375961,0.0541822,0.0723143,0.0762459,0.215762,0.144306206798,0.0246280150955233,0.0510424194515322,0.07772248560094,0.0761762078306843,0.0501002370346899,0.0532229380954096,0.0626223423719266,0.0948824732997779,0.0842710028553941,0.0859522291957363,0.105948057046003,0.126765084868079,0.155149186167124,0.171830141996238,0.238592353465195,0.306212621553063,0.320195512444307,1,0.975371984904477,0.948957580548468,0.92227751439906,0.923823792169316,0.94989976296531,0.94677706190459,0.937377657628073,0.905117526700222,0.915728997144606,0.914047770804264,0.894051942953997,0.873234915131921,0.844850813832876,0.828169858003762,0.761407646534805,0.693787378446937,0.679804487555693,0,100000,2462.80150955233,97892.5960343875,4393780.95049686,43.9378095049686,2025,"Females","GMoH report",34.4187804950314
0,1,0.0243975,0.0138895,0.0147939,0.01582,0.0090731,0.0106449,0.0112113,0.017536,0.0171149,0.0169439,0.0190936,0.0226718,0.0279891,0.0379946,0.0447029,0.0628423,0.0729426,0.211996,0.141354013775,0.0238968884931534,0.0540563681491838,0.0713313286429719,0.0760906161319802,0.044359308886358,0.0518447933969228,0.0545281707968628,0.0839975475168608,0.0820632396493149,0.0812766417736295,0.0911185472648592,0.10727850781623,0.130793517872301,0.173493463161418,0.201046136645387,0.271549510492019,0.308462802885593,1,0.976103111506847,0.945943631850816,0.928668671357028,0.92390938386802,0.955640691113642,0.948155206603077,0.945471829203137,0.916002452483139,0.917936760350685,0.918723358226371,0.908881452735141,0.89272149218377,0.869206482127699,0.826506536838582,0.798953863354613,0.728450489507981,0.691537197114407,0,100000,2389.68884931534,97948.1032612087,4557066.14460851,45.5706614460851,2025,"Females","GMoH report",32.7859285539149
0,1,0.0243969,0.012284,0.0148357,0.0149897,0.00943247,0.0100978,0.0111637,0.0173911,0.0159474,0.0164354,0.019485,0.0217896,0.0253757,0.0339588,0.0481927,0.0674123,0.075103,0.202344,0.141351685241,0.0238963115333355,0.0479577734225547,0.0715256666675506,0.0722413110494068,0.0460758278404251,0.0492458140472834,0.0543029455178071,0.0833323949648184,0.0766798878896707,0.0789337313782642,0.0928996269234895,0.103319759425078,0.119309589146724,0.156507023247368,0.215053480344504,0.288448977487328,0.316154602265193,1,0.976103688466665,0.952042226577445,0.928474333332449,0.927758688950593,0.953924172159575,0.950754185952717,0.945697054482193,0.916667605035182,0.923320112110329,0.921066268621736,0.90710037307651,0.896680240574922,0.880690410853276,0.843492976752632,0.784946519655496,0.711551022512672,0.683845397734807,0,100000,2389.63115333355,97948.1472372945,4626966.59303118,46.2696659303118,2025,"Females","GMoH report",32.0869240696882
0,1,0.0219758,0.0113131,0.013835,0.0137838,0.00920422,0.009921,0.0108215,0.0158027,0.0145004,0.015045,0.0171636,0.0185928,0.025001,0.0292111,0.0420069,0.0615265,0.0684233,0.190387,0.131955662462,0.0215644374647493,0.0442511643061756,0.0668623968489857,0.0666231979115664,0.0449859485808822,0.0484044486620593,0.0526822476428327,0.0760105694359368,0.0699656743395181,0.0724981628498115,0.0822871410640813,0.0888347816780413,0.117651487878852,0.136115305498856,0.190073503377436,0.26662174328018,0.292143025336272,1,0.978435562535251,0.955748835693824,0.933137603151014,0.933376802088434,0.955014051419118,0.951595551337941,0.947317752357167,0.923989430564063,0.930034325660482,0.927501837150189,0.917712858935919,0.911165218321959,0.882348512121148,0.863884694501144,0.809926496622564,0.73337825671982,0.707856974663728,0,100000,2156.44374647492,98128.1112166532,4812999.23529659,48.1299923529659,2025,"Females","GMoH report",30.2265976470341
0,1,0.023698,0.0133609,0.0148449,0.0145648,0.00904717,0.0102758,0.0112404,0.0167972,0.0167603,0.015328,0.0192495,0.0228144,0.0294091,0.0361476,0.0412761,0.0565567,0.0716112,0.212895,0.13863933122,0.0232239407263351,0.052052659250052,0.0715684343714964,0.0702654928734905,0.0442353384329734,0.0500921575194052,0.0546658353605336,0.080601309221847,0.080431365463553,0.073811541721242,0.0918283742735531,0.107916854298245,0.136974740404896,0.165758564302543,0.187076073233969,0.247753236345015,0.303687444233725,1,0.976776059273665,0.947947340749948,0.928431565628504,0.92973450712651,0.955764661567027,0.949907842480595,0.945334164639466,0.919398690778153,0.919568634536447,0.926188458278758,0.908171625726447,0.892083145701755,0.863025259595104,0.834241435697457,0.812923926766032,0.752246763654985,0.696312555766275,0,100000,2322.39407263351,97999.5810884257,4626246.17655246,46.2624617655246,2025,"Females","GMoH report",32.0941282344754
0,1,0.021974,0.0122352,0.0133667,0.0121879,0.00852859,0.00898294,0.0103852,0.0147653,0.0143332,0.0141687,0.0149213,0.0179418,0.0216549,0.0315199,0.0379785,0.0615231,0.0661366,0.192026,0.13194867686,0.0215627009714172,0.0477718048271575,0.0646723599167519,0.0591375923456268,0.0417527204154794,0.0439281892785063,0.0506119616399422,0.0711983379516078,0.0691868283787058,0.0684199457853768,0.0719235189902278,0.0858578873900624,0.102713854386609,0.146087816575782,0.173426321155034,0.266608973635339,0.283764887803275,1,0.978437299028583,0.952228195172843,0.935327640083248,0.940862407654373,0.958247279584521,0.956071810721494,0.949388038360058,0.928801662048392,0.930813171621294,0.931580054214623,0.928076481009772,0.914142112609938,0.897286145613391,0.853912183424217,0.826573678844966,0.733391026364661,0.716235112196725,0,100000,2156.27009714172,98128.2468891289,4918238.87547188,49.1823887547188,2025,"Females","GMoH report",29.1742012452812
0,1,0.0207122,0.0109173,0.0126462,0.0119561,0.00785377,0.00869933,0.0103295,0.0152287,0.0146919,0.0132164,0.0141079,0.0164719,0.0204331,0.027223,0.037585,0.0542852,0.0625781,0.204914,0.127051769858,0.0203443601679263,0.0427360748990101,0.0612931853001433,0.0580455053341849,0.0385126757563133,0.0425708062697338,0.0503473428062082,0.0733509027675592,0.0708569422262648,0.0639684194528581,0.0681363480387599,0.0791020954835128,0.0972002442243487,0.127441640548379,0.171783767725128,0.238991717097541,0.270562311531826,1,0.979655639832074,0.95726392510099,0.938706814699857,0.941954494665815,0.961487324243687,0.957429193730266,0.949652657193792,0.926649097232441,0.929143057773735,0.936031580547142,0.93186365196124,0.920897904516487,0.902799755775651,0.872558359451621,0.828216232274872,0.761008282902459,0.729437688468174,0,100000,2034.43601679264,98224.0426798037,5022354.58326688,50.2235458326688,2025,"Females","GMoH report",28.1330441673312
0,1,0.0222854,0.0107667,0.0125807,0.012129,0.00842144,0.00904944,0.0101412,0.014716,0.0142943,0.0150304,0.014897,0.0183346,0.0221554,0.0305216,0.0377875,0.0557125,0.0695094,0.191753,0.133157186006,0.0218630509193319,0.0421589739503378,0.0609854023709786,0.0588602112445375,0.0412389711960273,0.0442461918539725,0.0494522374245748,0.0709690486983864,0.069005535437007,0.0724303569087951,0.0718105939546442,0.0876551927571853,0.10496324339331,0.141788936954615,0.172629414955886,0.244507227692898,0.296093752329559,1,0.978136949080668,0.957841026049662,0.939014597629021,0.941139788755462,0.958761028803973,0.955753808146028,0.950547762575425,0.929030951301614,0.930994464562993,0.927569643091205,0.928189406045356,0.912344807242815,0.89503675660669,0.858211063045385,0.827370585044114,0.755492772307102,0.703906247670441,0,100000,2186.30509193319,98104.8171418592,4964300.90051895,49.6430090051895,2025,"Females","GMoH report",28.7135809948105
0,1,0.0244299,0.0129549,0.0142538,0.0151604,0.00930183,0.0105532,0.0107004,0.0163745,0.0151145,0.0150312,0.0205167,0.0238789,0.025567,0.0344726,0.0420109,0.0637966,0.0738792,0.209081,0.141479754611,0.0239280436512395,0.0505108733730782,0.0688167495385679,0.0730339406166869,0.045452178896928,0.0514096589674615,0.0521080573576261,0.078652751309218,0.0728208723135424,0.0724340724263622,0.0975785266078612,0.112668500366496,0.120154993220809,0.158687107081091,0.190089882398828,0.275105940836996,0.311806046773102,1,0.97607195634876,0.949489126626922,0.931183250461432,0.926966059383313,0.954547821103072,0.948590341032539,0.947891942642374,0.921347248690782,0.927179127686458,0.927565927573638,0.902421473392139,0.887331499633504,0.879845006779191,0.841312892918909,0.809910117601172,0.724894059163004,0.688193953226898,0,100000,2392.80436512396,97945.7290092859,4646886.29920171,46.4688629920171,2025,"Females","GMoH report",31.8877270079829
0,1,0.0248462,0.0140859,0.0162855,0.0150252,0.00958687,0.0101284,0.0123417,0.0178909,0.0183984,0.0177347,0.0212916,0.0258387,0.0303319,0.037758,0.0526382,0.0683384,0.0696951,0.224023,0.143095369118,0.0243282319002769,0.0547997912411136,0.0782419757594247,0.0724062056954614,0.0468123892740995,0.049391361339522,0.0598615177654843,0.0856247408115372,0.0879467990317363,0.0849089146771863,0.101077733332447,0.121354400151982,0.140969795639133,0.172506270587859,0.232583993131821,0.291833426428412,0.296767413583833,1,0.975671768099723,0.945200208758886,0.921758024240575,0.927593794304539,0.9531876107259,0.950608638660478,0.940138482234516,0.914375259188463,0.912053200968264,0.915091085322814,0.898922266667553,0.878645599848018,0.859030204360867,0.827493729412141,0.767416006868179,0.708166573571588,0.703232586416167,0,100000,2432.82319002769,97915.3025423482,4455538.44386058,44.5553844386058,2025,"Females","GMoH report",33.8012055613942
0,1,0.0240367,0.0143591,0.0156209,0.0150337,0.0100097,0.0106635,0.0121303,0.0195621,0.0185923,0.0188836,0.024374,0.0256902,0.0304659,0.040395,0.0477604,0.0714378,0.0775148,0.225246,0.139953788663,0.0235498614211086,0.0558329773887543,0.0751689821180792,0.0724456833264383,0.0488266497109702,0.0519330303277501,0.0588663342637025,0.0932500814539731,0.0888324988300072,0.0901615627825964,0.114870373774077,0.120699043576761,0.141548494317436,0.183448949238752,0.213330164972159,0.303063521847421,0.324659256634559,1,0.976450138578891,0.944167022611246,0.924831017881921,0.927554316673562,0.95117335028903,0.94806696967225,0.941133665736298,0.906749918546027,0.911167501169993,0.909838437217404,0.885129626225923,0.879300956423239,0.858451505682564,0.816551050761248,0.786669835027841,0.696936478152579,0.675340743365441,0,100000,2354.98614211087,97974.6030907264,4412314.86284919,44.1231486284919,2025,"Females","GMoH report",34.2334413715081
0,1,0.0232316,0.0125985,0.0154058,0.0157473,0.00943262,0.0106339,0.0108928,0.0173212,0.0181051,0.0191135,0.0222873,0.023822,0.028175,0.0367512,0.0494361,0.06808,0.0815914,0.215188,0.136829284124,0.0227748986736928,0.0491554306147989,0.0741722912872184,0.0757541901053837,0.046076543681351,0.0517926065042365,0.053020155135354,0.0830113591161915,0.0866054970389024,0.0912091831926197,0.105555151670439,0.112415117667323,0.131605068021253,0.168293527298837,0.219991674011055,0.290890446077594,0.338840768335979,1,0.977225101326307,0.950844569385201,0.925827708712782,0.924245809894616,0.953923456318649,0.948207393495764,0.946979844864646,0.916988640883808,0.913394502961098,0.90879081680738,0.894444848329561,0.887584882332677,0.868394931978747,0.831706472701163,0.780008325988945,0.709109553922406,0.661159231664021,0,100000,2277.48986736928,98034.1374407825,4516081.14762965,45.1608114762965,2025,"Females","GMoH report",33.1957785237035
0,1,0.0226663,0.0129776,0.0162521,0.0161208,0.00931411,0.0106553,0.0114735,0.0188164,0.0185745,0.0175705,0.0216134,0.0222683,0.0282407,0.0387353,0.0483516,0.0653697,0.0695348,0.211389,0.134635417007,0.0222302620083164,0.0505971410837432,0.0780877742118298,0.077481346762767,0.0455108180854063,0.0518941311606109,0.0557678684046482,0.0898551250619603,0.088751225886909,0.0841558491320627,0.102527101842588,0.105469910954718,0.131891714169158,0.176577084178091,0.215686082083793,0.280936640266867,0.296185927006901,1,0.977769737991684,0.949402858916257,0.92191222578817,0.922518653237233,0.954489181914594,0.948105868839389,0.944232131595352,0.91014487493804,0.911248774113091,0.915844150867937,0.897472898157411,0.894530089045282,0.868108285830842,0.823422915821909,0.784313917916207,0.719063359733133,0.703814072993099,0,100000,2223.02620083165,98076.2718587348,4492172.509947,44.92172509947,2025,"Females","GMoH report",33.43486490053
0,1,0.0223227,0.011896,0.0139457,0.0133656,0.00890997,0.00989787,0.0108975,0.0154412,0.0159854,0.0155492,0.0172205,0.0195101,0.0251413,0.0321058,0.0426523,0.0611759,0.0660448,0.206827,0.133301943203,0.0218990187918707,0.046478190882523,0.0673793688399227,0.0646672098500698,0.0435791281880459,0.0482943226809156,0.0530424254223985,0.0743363922499743,0.0768555819507127,0.0748368664889741,0.0825486762994627,0.0930137319697428,0.118272677813235,0.14860156933788,0.192712429145856,0.265303976205175,0.283426829352028,1,0.978100981208129,0.953521809117477,0.932620631160077,0.93533279014993,0.956420871811954,0.951705677319084,0.946957574577601,0.925663607750026,0.923144418049287,0.925163133511026,0.917451323700537,0.906986268030257,0.881727322186765,0.85139843066212,0.807287570854144,0.734696023794825,0.716573170647972,0,100000,2189.90187918708,98102.0162967325,4778310.23412958,47.7831023412958,2025,"Females","GMoH report",30.5734876587042
0,1,0.0213706,0.0109873,0.0134372,0.0135068,0.00861696,0.00937648,0.0103219,0.0148036,0.0152044,0.0146625,0.015907,0.0183396,0.0250737,0.0298156,0.0395233,0.0583513,0.0646838,0.190624,0.129606947834,0.0209803482811467,0.0430041999086866,0.0650023752095844,0.0653280671563321,0.0421762229350441,0.0458085916416107,0.0503112312552657,0.0713764297127604,0.0732381448751507,0.0707201639887861,0.0764930621509136,0.0876780491256386,0.117973424373232,0.138736704763624,0.179846210655954,0.254613873681606,0.278399203931792,1,0.979019651718853,0.956995800091313,0.934997624790416,0.934671932843668,0.957823777064956,0.954191408358389,0.949688768744734,0.92862357028724,0.926761855124849,0.929279836011214,0.923506937849086,0.912321950874361,0.882026575626768,0.861263295236376,0.820153789344046,0.745386126318394,0.721600796068208,0,100000,2098.03482811467,98173.8850624067,4884219.62446205,48.8421962446205,2025,"Females","GMoH report",29.5143937553795
0,1,0.0246584,0.0128017,0.0147789,0.0137739,0.00878912,0.00998764,0.0108726,0.0160432,0.0154268,0.0179439,0.0182177,0.0217391,0.0275104,0.0384515,0.0414703,0.0640226,0.0696373,0.204038,0.142366537976,0.0241477270330244,0.0499284616256147,0.0712615805673818,0.0665769397248111,0.0430007530533102,0.0487216639018679,0.0529244344840712,0.0771227603287351,0.0742696426903608,0.0858675051843082,0.0871206551037892,0.103092646614933,0.128700494771589,0.175396822681642,0.187873567032709,0.275946042283285,0.296557790448076,1,0.975852272966976,0.950071538374385,0.928738419432618,0.933423060275189,0.95699924694669,0.951278336098132,0.947075565515929,0.922877239671265,0.925730357309639,0.914132494815692,0.912879344896211,0.896907353385067,0.871299505228411,0.824603177318358,0.812126432967291,0.724053957716715,0.703442209551924,0,100000,2414.77270330244,97929.0101264657,4667152.98290769,46.6715298290769,2025,"Females","GMoH report",31.6850601709231
0,1,0.0261571,0.0141234,0.0171891,0.0169939,0.00991062,0.0105727,0.0120183,0.0200949,0.0186145,0.020513,0.022137,0.0270233,0.0291182,0.0419122,0.0540459,0.0708762,0.0833012,0.228042,0.148182827819,0.0255869944632021,0.0549416735359643,0.0824043581196153,0.08150670789189,0.0483550292012439,0.05150220655197,0.0583386708794245,0.0956683835009661,0.088933852028537,0.0975617876260663,0.104880643013998,0.126565927433,0.135711792228808,0.189685643437769,0.238063596653995,0.301039636320545,0.344717538462557,1,0.974413005536798,0.945058326464036,0.917595641880385,0.91849329210811,0.951644970798756,0.94849779344803,0.941661329120575,0.904331616499034,0.911066147971463,0.902438212373934,0.895119356986002,0.873434072567,0.864288207771192,0.810314356562231,0.761936403346005,0.698960363679455,0.655282461537443,0,100000,2558.69944632021,97820.4558731744,4331981.77608838,43.3198177608838,2025,"Females","GMoH report",35.0367722391162
0,1,0.0240334,0.0127145,0.015488,0.0145599,0.00924569,0.0111312,0.0122573,0.0175059,0.0182473,0.017537,0.0198726,0.0248772,0.0288566,0.0358443,0.0473884,0.0625273,0.0754815,0.212412,0.139940981726,0.0235466866339967,0.0495968028990793,0.0745532963647566,0.0702426838678801,0.0451840555730715,0.054149137793483,0.0594643199768688,0.0838594137232552,0.0872560324956073,0.084002136337618,0.0946601421478801,0.117103012352746,0.134574587402875,0.16448213272492,0.211844562800466,0.270372365047425,0.317495002434374,1,0.976453313366003,0.950403197100921,0.925446703635243,0.92975731613212,0.954815944426929,0.945850862206517,0.940535680023131,0.916140586276745,0.912743967504393,0.915997863662382,0.90533985785212,0.882896987647254,0.865425412597125,0.83551786727508,0.788155437199534,0.729627634952575,0.682504997565626,0,100000,2354.66866339967,97974.8459809959,4536743.3478495,45.367433478495,2025,"Females","GMoH report",32.989156521505
0,1,0.0236227,0.0116158,0.0136338,0.0129572,0.0088309,0.00914171,0.0105832,0.0154013,0.0154184,0.0154244,0.0170564,0.021629,0.02549,0.0301646,0.0428111,0.0598865,0.0654826,0.202024,0.138347100203,0.0231514619935703,0.0454082927071447,0.0659220789016758,0.0627532344756309,0.0432007463232354,0.0446872551810961,0.0515520362255445,0.0741514289916762,0.0742307033102049,0.0742585173138602,0.0817942129649611,0.102597307111228,0.119814801757973,0.140246779953534,0.193360554873173,0.260440347781463,0.281353588727054,1,0.97684853800643,0.954591707292855,0.934077921098324,0.937246765524369,0.956799253676765,0.955312744818904,0.948447963774456,0.925848571008324,0.925769296689795,0.92574148268614,0.918205787035039,0.897402692888772,0.880185198242027,0.859753220046466,0.806639445126827,0.739559652218537,0.718646411272946,0,100000,2315.14619935703,98005.14756387,4811296.71530317,48.1129671530317,2025,"Females","GMoH report",30.2436228469683
0,1,0.0218941,0.0136062,0.014886,0.0141538,0.00883186,0.0103331,0.0109101,0.0173531,0.0161946,0.0184779,0.019614,0.0225219,0.0262283,0.0324877,0.0425882,0.0635117,0.0717188,0.216866,0.131638593749,0.0214856156584891,0.0529830052674598,0.071759471276447,0.0683504533822942,0.0432053411884289,0.0503644478108152,0.0531021262315042,0.0831578823782548,0.0778222494957887,0.0883100397894369,0.0934859180103619,0.106607018476439,0.123071602706812,0.150236411347652,0.192450679887082,0.274045725275112,0.304074376514144,1,0.978514384341511,0.94701699473254,0.928240528723553,0.931649546617706,0.956794658811571,0.949635552189185,0.946897873768496,0.916842117621745,0.922177750504211,0.911689960210563,0.906514081989638,0.893392981523561,0.876928397293188,0.849763588652348,0.807549320112918,0.725954274724888,0.695925623485856,0,100000,2148.56156584891,98134.2720572626,4628836.44136122,46.2883644136122,2025,"Females","GMoH report",32.0682255863878
0,1,0.0253518,0.012979,0.0158428,0.0168677,0.00961539,0.010503,0.0110828,0.0183609,0.0170969,0.0176848,0.0197219,0.0227986,0.0286348,0.0362387,0.0501967,0.0706931,0.0808509,0.226769,0.145057547102,0.0248139737425721,0.0506024613093324,0.076196101026638,0.0809259148645961,0.0469483824814297,0.0511713678097359,0.0539200375204217,0.0877754111342623,0.0819804702456432,0.0846801224272466,0.0939760350841831,0.107846147078065,0.133609310303316,0.166141610086405,0.222998969117277,0.30037873935267,0.336282618998945,1,0.975186026257428,0.949397538690668,0.923803898973362,0.919074085135404,0.95305161751857,0.948828632190264,0.946079962479578,0.912224588865738,0.918019529754357,0.915319877572753,0.906023964915817,0.892153852921935,0.866390689696684,0.833858389913595,0.777001030882723,0.69962126064733,0.663717381001055,0,100000,2481.39737425721,97878.5480422379,4489274.36308714,44.8927436308714,2025,"Females","GMoH report",33.4638463691286
0,1,0.020553,0.0103525,0.0128197,0.0124055,0.00841379,0.00929487,0.0106988,0.0144512,0.0140192,0.0140185,0.0144453,0.0181128,0.0226947,0.0265375,0.0387112,0.0535425,0.0630925,0.197231,0.12643393217,0.0201904917661455,0.0405699981875273,0.0621079856411891,0.0601616612775533,0.0412022816369643,0.0454189420942413,0.0521004687620222,0.0697365576453874,0.0677224631128218,0.0677191961228786,0.0697090786166474,0.0866407342707518,0.107381048307443,0.124432201154646,0.176476916933053,0.236107972240749,0.272483359156108,1,0.979809508233854,0.959430001812473,0.937892014358811,0.939838338722447,0.958797718363036,0.954581057905759,0.947899531237978,0.930263442354613,0.932277536887178,0.932280803877121,0.930290921383353,0.913359265729248,0.892618951692557,0.875567798845354,0.823523083066947,0.763892027759251,0.727516640843892,0,100000,2019.04917661456,98236.2271500294,4989807.16201052,49.8980716201052,2025,"Females","GMoH report",28.4585183798948
0,1,0.024833,0.013245,0.0149862,0.0151637,0.01047,0.0106574,0.0112748,0.0178666,0.0178473,0.0166425,0.0223728,0.0233265,0.0276608,0.036092,0.0455252,0.0674993,0.0782418,0.218562,0.14304414137,0.0243155460953421,0.051612777523405,0.0722250523029441,0.0730492574374879,0.0510146904767705,0.0519040932904168,0.0548285477252679,0.0855134150468116,0.0854249865919919,0.0798886335407454,0.105938639988181,0.110205715919036,0.129358594474874,0.165524705796025,0.20436644212269,0.288767491202661,0.327206028414915,1,0.975684453904658,0.948387222476595,0.927774947697056,0.926950742562512,0.948985309523229,0.948095906709583,0.945171452274732,0.914486584953188,0.914575013408008,0.920111366459255,0.894061360011819,0.889794284080964,0.870641405525126,0.834475294203975,0.79563355787731,0.711232508797339,0.672793971585085,0,100000,2431.55460953421,97916.2650317809,4520151.45187472,45.2015145187472,2025,"Females","GMoH report",33.1550754812528
0,1,0.0218282,0.0112057,0.0132287,0.0131077,0.00874354,0.00912936,0.0106786,0.0165328,0.014916,0.0150076,0.0162091,0.0193664,0.0251454,0.0328654,0.0410962,0.0569276,0.0724261,0.205032,0.131382843098,0.0214220308188653,0.0438402779937704,0.0640260465935691,0.0634589962859564,0.0427825232418352,0.0446282320095532,0.0520046576568635,0.0793829441522973,0.0718988903778114,0.0723244586364201,0.0778892148201469,0.0923602844672344,0.118290824739019,0.151850436648436,0.186336676670531,0.249175580551492,0.306613457639195,1,0.978577969181135,0.95615972200623,0.935973953406431,0.936541003714044,0.957217476758165,0.955371767990447,0.947995342343136,0.920617055847703,0.928101109622189,0.92767554136358,0.922110785179853,0.907639715532766,0.881709175260981,0.848149563351564,0.813663323329469,0.750824419448508,0.693386542360805,0,100000,2142.20308188653,98139.245649505,4840426.13633459,48.4042613633459,2025,"Females","GMoH report",29.9523286366541
0,1,0.0234872,0.0130384,0.0158707,0.0148782,0.00954808,0.010958,0.0118152,0.0176964,0.0179453,0.0175723,0.0218415,0.0250021,0.0315687,0.0383288,0.047353,0.0667804,0.0783493,0.207479,0.137821239608,0.0230210205361109,0.0508281641296246,0.0763251654901391,0.0717232190074099,0.0466273947615626,0.0533290506572448,0.0573810777261257,0.084733313478402,0.0858739169934439,0.0841641076287867,0.103553111773024,0.117656359815634,0.146297449282119,0.174886067262749,0.211703062234969,0.286131979834629,0.32758195736881,1,0.976978979463889,0.949171835870375,0.923674834509861,0.92827678099259,0.953372605238437,0.946670949342755,0.942618922273874,0.915266686521598,0.914126083006556,0.915835892371213,0.896446888226976,0.882343640184366,0.853702550717881,0.825113932737251,0.788296937765031,0.713868020165371,0.67241804263119,0,100000,2302.1020536111,98015.1765051217,4496033.96720548,44.9603396720548,2025,"Females","GMoH report",33.3962503279452
0,1,0.0224844,0.0106094,0.0135245,0.0126055,0.00851303,0.00960828,0.0112268,0.0159419,0.0134676,0.0145722,0.0155887,0.018355,0.0227809,0.0282894,0.0406205,0.0556297,0.0662772,0.195114,0.133929483116,0.0220549228134277,0.0415558350472984,0.065410876501876,0.0611019484713607,0.041678132029228,0.0469144813185905,0.0546014997077039,0.0766544558266431,0.0651446449492052,0.0702999381048705,0.0750198453422819,0.0877484433077171,0.107766930814519,0.132104133326671,0.184378620604352,0.244188208099691,0.284282396823177,1,0.977945077186572,0.958444164952702,0.934589123498124,0.938898051528639,0.958321867970772,0.953085518681409,0.945398500292296,0.923345544173357,0.934855355050795,0.929700061895129,0.924980154657718,0.912251556692283,0.892233069185481,0.867895866673329,0.815621379395648,0.755811791900309,0.715717603176823,0,100000,2205.49228134277,98089.8881599138,4905629.69934715,49.0562969934715,2025,"Females","GMoH report",29.3002930065285
0,1,0.0227304,0.0123965,0.014481,0.0143467,0.00902657,0.0103377,0.0108438,0.0171471,0.0172095,0.0176333,0.019312,0.0218968,0.026452,0.0335384,0.0445261,0.0617429,0.0635475,0.216961,0.134884182056,0.0222920397757447,0.0483863570496676,0.0698753380733978,0.0692497369956126,0.0441368393256213,0.0503863037688226,0.0527879451996111,0.0822112870975251,0.0824981214473784,0.0844439368220877,0.0921127942916015,0.103801687995737,0.124056165758397,0.154719397405166,0.200330644252385,0.267434106729091,0.274179021567369,1,0.977707960224255,0.951613642950332,0.930124661926602,0.930750263004387,0.955863160674379,0.949613696231177,0.947212054800389,0.917788712902475,0.917501878552622,0.915556063177912,0.907887205708399,0.896198312004263,0.875943834241603,0.845280602594834,0.799669355747615,0.732565893270909,0.725820978432631,0,100000,2229.20397757446,98071.4803775766,4651523.73290583,46.5152373290583,2025,"Females","GMoH report",31.8413526709417
0,1,0.0212528,0.0102577,0.0133661,0.0119128,0.00842086,0.00912174,0.00994963,0.0140612,0.0133876,0.0141769,0.0148819,0.0164187,0.0214135,0.0270272,0.0364558,0.0566585,0.0673794,0.199822,0.129149778992,0.0208666008353652,0.0402059586753909,0.0646695507928686,0.0578413683672855,0.0412361895521203,0.0445918126961427,0.0485407438957806,0.0679184622949458,0.0647702059761831,0.0684581877936698,0.0717404157665109,0.0788566891928725,0.101627024288496,0.126583037333453,0.167053800178621,0.248143853667456,0.288328497148141,1,0.979133399164635,0.959794041324609,0.935330449207131,0.942158631632715,0.95876381044788,0.955408187303857,0.951459256104219,0.932081537705054,0.935229794023817,0.93154181220633,0.928259584233489,0.921143310807128,0.898372975711504,0.873416962666547,0.832946199821379,0.751856146332544,0.711671502851859,0,100000,2086.66008353652,98182.8316050836,5014431.3047687,50.144313047687,2025,"Females","GMoH report",28.212276952313
0,1,0.0240627,0.0145431,0.0165635,0.0171753,0.0104147,0.0104548,0.012589,0.0187686,0.0185862,0.0207557,0.0239401,0.0272871,0.0348559,0.0384408,0.056926,0.0753917,0.0798677,0.239638,0.140054691803,0.0235748744130365,0.0565282092015227,0.0795244902637893,0.0823409247862949,0.0507520807612398,0.0509425154730801,0.0610244092789677,0.08963709313449,0.0888046476448578,0.0986591506662893,0.112940955573677,0.12772255469449,0.160310116523658,0.175352293855864,0.249169449757729,0.317177182521277,0.332873831683191,1,0.976425125586963,0.943471790798477,0.920475509736211,0.917659075213705,0.94924791923876,0.94905748452692,0.938975590721032,0.91036290686551,0.911195352355142,0.901340849333711,0.887059044426323,0.87227744530551,0.839689883476342,0.824647706144136,0.750830550242271,0.682822817478723,0.667126168316809,0,100000,2357.48744130365,97972.6897357176,4315736.53381819,43.1573653381819,2025,"Females","GMoH report",35.1992246618181
0,1,0.0263298,0.0136668,0.0162752,0.0159956,0.00993307,0.0105747,0.0120752,0.0177528,0.0190422,0.0180419,0.0235597,0.0284364,0.0315798,0.0417319,0.0499118,0.0681016,0.0747091,0.222347,0.148853057522,0.0257526690690258,0.0532127052011148,0.0781944252263887,0.0769027364712511,0.0484619111114895,0.0515116981148619,0.0586067785685719,0.0849918899406539,0.0908844025732969,0.0863162281101488,0.111246183241701,0.132745023532081,0.146345125513289,0.188946734433261,0.221873709469278,0.290969310935916,0.314757395634505,1,0.974247330930974,0.946787294798885,0.921805574773611,0.923097263528749,0.951538088888511,0.948488301885138,0.941393221431428,0.915008110059346,0.909115597426703,0.913683771889851,0.888753816758299,0.867254976467919,0.853654874486711,0.811053265566739,0.778126290530722,0.709030689064084,0.685242604365495,0,100000,2575.26690690259,97808.0694461251,4396210.34661471,43.9621034661471,2025,"Females","GMoH report",34.3944865338529
0,1,0.0218959,0.0115488,0.0128921,0.0127231,0.00826559,0.00936024,0.0104685,0.0148264,0.0155821,0.0146768,0.015479,0.0201488,0.0249601,0.0284921,0.0402806,0.056611,0.0662754,0.194496,0.131645579351,0.0214873523414896,0.0451522904559643,0.0624477920502717,0.0616544118805078,0.0404912400283355,0.0457310656257188,0.0510075681812368,0.0714824321692158,0.0749892740808615,0.0707866946016753,0.0745115878299505,0.0959126861721371,0.117470322507925,0.132987749365741,0.18297694697427,0.247961612838937,0.284275773502098,1,0.97851264765851,0.954847709544036,0.937552207949728,0.938345588119492,0.959508759971665,0.954268934374281,0.948992431818763,0.928517567830784,0.925010725919138,0.929213305398325,0.92548841217005,0.904087313827863,0.882529677492075,0.867012250634259,0.81702305302573,0.752038387161063,0.715724226497902,0,100000,2148.73523414897,98134.1362606225,4893396.83015851,48.9339683015851,2025,"Females","GMoH report",29.4226216984149
0,1,0.0224711,0.0107417,0.0132429,0.0125769,0.0086947,0.00942214,0.0104785,0.0144487,0.0143198,0.0149836,0.0139089,0.0181268,0.0236403,0.0266656,0.0387693,0.0548051,0.0643223,0.191748,0.133877867279,0.0220421008282471,0.0420631407226001,0.0640925712214293,0.0609675432628438,0.042548631044151,0.0460265290001171,0.0510550491682268,0.0697249140846624,0.0691243816974231,0.0722129741994623,0.067207542529286,0.0867047986400298,0.111605529502269,0.124995312488281,0.176718380251307,0.241004773253422,0.277058844686116,1,0.977957899171753,0.9579368592774,0.935907428778571,0.939032456737156,0.957451368955849,0.953973470999883,0.948944950831773,0.930275085915338,0.930875618302577,0.927787025800538,0.932792457470714,0.91329520135997,0.888394470497731,0.875004687511719,0.823281619748693,0.758995226746578,0.722941155313884,0,100000,2204.21008282471,98090.8848620987,4945540.05228945,49.4554005228945,2025,"Females","GMoH report",28.9011894771055
0,1,0.0247908,0.0129134,0.0153952,0.0151914,0.0095371,0.0108404,0.0121499,0.0178254,0.0161511,0.0169742,0.0209811,0.0202774,0.0276863,0.0382184,0.0460947,0.0651814,0.0762717,0.225858,0.142880367812,0.024274988503836,0.0503531395358359,0.0741231482694071,0.0731778163035169,0.0465750233617418,0.0527718306184105,0.0589586458713201,0.085324635601378,0.0776213255233496,0.0814160684282145,0.0996771589033332,0.0964953147611554,0.129470127988668,0.174426267815318,0.206658810337805,0.280240783487904,0.320286508730206,1,0.975725011496164,0.949646860464164,0.925876851730593,0.926822183696483,0.953424976638258,0.94722816938159,0.94104135412868,0.914675364398622,0.92237867447665,0.918583931571786,0.900322841096667,0.903504685238845,0.870529872011332,0.825573732184682,0.793341189662195,0.719759216512096,0.679713491269794,0,100000,2427.49885038359,97919.3430782224,4546920.1952965,45.469201952965,2025,"Females","GMoH report",32.887388047035
0,1,0.0244995,0.0133899,0.0162398,0.0162087,0.0102886,0.0103491,0.0115982,0.0184018,0.016994,0.0190004,0.0227236,0.0257214,0.0331497,0.0328449,0.0482991,0.0723427,0.074924,0.210013,0.141749864555,0.0239949650869619,0.0521626935005928,0.0780309811795989,0.0778873675634363,0.0501529898710322,0.0504404664223706,0.0563569034072549,0.087962336682108,0.0815071679688437,0.0906939468315543,0.107510439445538,0.120836772593532,0.15306347897736,0.151762906297383,0.215477122305175,0.306314461936217,0.315519956877311,1,0.976005034913038,0.947837306499407,0.921969018820401,0.922112632436564,0.949847010128968,0.949559533577629,0.943643096592745,0.912037663317892,0.918492832031156,0.909306053168446,0.892489560554462,0.879163227406468,0.846936521022639,0.848237093702617,0.784522877694825,0.693685538063783,0.684480043122689,0,100000,2399.49650869619,97940.6317964117,4441952.0177026,44.419520177026,2025,"Females","GMoH report",33.937069822974
0,1,0.0248119,0.0129754,0.0151929,0.0153785,0.00878345,0.0102355,0.0107613,0.0169828,0.015975,0.0165788,0.0197705,0.0225819,0.0271625,0.0345096,0.0451652,0.0619736,0.0734999,0.223984,0.142962254591,0.0242952675772175,0.0505887806705741,0.0731847774853568,0.0740457197471703,0.0429736086429135,0.0499006058715055,0.0523968543287793,0.0814556379783531,0.0768075004507482,0.0795950249988718,0.094196709868845,0.106875850574764,0.12717642583326,0.158843901262481,0.202914333824836,0.268299314073358,0.310453708649147,1,0.975704732422783,0.949411219329426,0.926815222514643,0.92595428025283,0.957026391357086,0.950099394128495,0.947603145671221,0.918544362021647,0.923192499549252,0.920404975001128,0.905803290131155,0.893124149425236,0.87282357416674,0.841156098737519,0.797085666175164,0.731700685926642,0.689546291350853,0,100000,2429.52675772175,97917.8038651513,4607320.52913082,46.0732052913082,2025,"Females","GMoH report",32.2833847086918
0,1,0.0263756,0.0139709,0.016447,0.0151641,0.0102761,0.0109047,0.011294,0.0185042,0.0189985,0.0190326,0.0228453,0.0241392,0.0332232,0.0410206,0.0499997,0.0694754,0.0752874,0.222176,0.149030802284,0.025796599877333,0.05436455643695,0.0789872420740214,0.0730511140052813,0.0500935833210855,0.0530765406187858,0.0549193520936362,0.088430175850087,0.0906852888494828,0.0908406649029216,0.108055120868081,0.113826781396296,0.153376827464457,0.186025777480689,0.222221037036247,0.295970353292207,0.316807893497703,1,0.974203400122667,0.94563544356305,0.921012757925979,0.926948885994719,0.949906416678915,0.946923459381214,0.945080647906364,0.911569824149913,0.909314711150517,0.909159335097078,0.891944879131919,0.886173218603704,0.846623172535543,0.813974222519311,0.777778962963753,0.704029646707793,0.683192106502297,0,100000,2579.65998773331,97804.7888098585,4403400.41835262,44.0340041835262,2025,"Females","GMoH report",34.3225858164738
0,1,0.0232375,0.012092,0.0137822,0.0137926,0.00902131,0.00941826,0.0114856,0.0160256,0.0162513,0.0154078,0.0161937,0.0202757,0.0259192,0.0330344,0.0424407,0.0619903,0.0737701,0.199147,0.136852181375,0.0227805808363582,0.0472258890980527,0.0666157219909411,0.0666643144415826,0.0441116869925432,0.0460080114648526,0.0558250398069823,0.0770414128361332,0.0780840804581271,0.0741815632734869,0.0778180928735827,0.0964876151535766,0.121709469777366,0.152571712547548,0.191848082692212,0.268361911494679,0.311417288680734,1,0.977219419163642,0.952774110901947,0.933384278009059,0.933335685558417,0.955888313007457,0.953991988535147,0.944174960193018,0.922958587163867,0.921915919541873,0.925818436726513,0.922181907126417,0.903512384846423,0.878290530222634,0.847428287452452,0.808151917307788,0.731638088505321,0.688582711319266,0,100000,2278.05808363583,98033.6991344087,4751648.05604579,47.5164805604579,2025,"Females","GMoH report",30.840109439542
0,1,0.0262332,0.0134642,0.0164907,0.0147126,0.00984439,0.0108354,0.0111515,0.0180327,0.016581,0.017074,0.0206702,0.0233657,0.0291592,0.0392138,0.0491377,0.0639521,0.0798725,0.217448,0.148478163548,0.0256600031886292,0.0524445521226212,0.0791888030152894,0.0709532336369814,0.0480396474378971,0.0527481322203491,0.0542452113150505,0.0862741120491292,0.0796051668222987,0.0818751588447134,0.098272708644444,0.110380694515404,0.135889898200947,0.17856360615263,0.21880906456973,0.275684063074615,0.332890507374355,1,0.974339996811371,0.947555447877379,0.920811196984711,0.929046766363019,0.951960352562103,0.947251867779651,0.945754788684949,0.913725887950871,0.920394833177701,0.918124841155287,0.901727291355556,0.889619305484596,0.864110101799053,0.82143639384737,0.78119093543027,0.724315936925385,0.667109492625645,0,100000,2566.00031886292,97814.9946961454,4498184.79645191,44.9818479645191,2025,"Females","GMoH report",33.3747420354809
0,1,0.0231712,0.0112455,0.0143042,0.0138818,0.00866698,0.00958081,0.0107673,0.0155902,0.0156146,0.0162158,0.016692,0.0198937,0.02335,0.0328594,0.0413243,0.0605704,0.0668614,0.199342,0.136594878368,0.0227167261606849,0.0439925632597255,0.0690516774872183,0.0670809878569195,0.042415856549017,0.0467834906620747,0.0524253025983324,0.0750267932208219,0.075139805002038,0.0779201558422338,0.0801167289028827,0.0947558870256925,0.110310617692217,0.151824818867281,0.187274074869659,0.263023416181326,0.286429334273512,1,0.977283273839315,0.956007436740274,0.930948322512782,0.93291901214308,0.957584143450983,0.953216509337925,0.947574697401668,0.924973206779178,0.924860194997962,0.922079844157766,0.919883271097117,0.905244112974308,0.889689382307783,0.848175181132719,0.812725925130341,0.736976583818673,0.713570665726488,0,100000,2271.67261606849,98038.6262286153,4787330.3440785,47.873303440785,2025,"Females","GMoH report",30.483286559215
0,1,0.0238194,0.0129251,0.0141172,0.0140959,0.0092682,0.00988477,0.0107708,0.0169334,0.0157162,0.0179488,0.0188197,0.0205321,0.0241867,0.0317491,0.0424558,0.0598252,0.0669874,0.203956,0.139110471266,0.0233407770132355,0.0503976116590902,0.0681797326940296,0.0680803649589383,0.0452915716393309,0.0482319457734426,0.0524418970384458,0.0812283208781067,0.0756102360215936,0.0858899463283541,0.089870175638825,0.0976481938001879,0.114037993176118,0.147071991580295,0.191909790763281,0.260208444426273,0.286891680589241,1,0.976659222986765,0.94960238834091,0.93182026730597,0.931919635041062,0.954708428360669,0.951768054226557,0.947558102961554,0.918771679121893,0.924389763978406,0.914110053671646,0.910129824361175,0.902351806199812,0.885962006823882,0.852928008419705,0.808090209236719,0.739791555573727,0.713108319410759,0,100000,2334.07770132355,97990.616947679,4693957.37961385,46.9395737961385,2025,"Females","GMoH report",31.4170162038615
0,1,0.023962,0.013266,0.0152513,0.0144447,0.00960086,0.0103295,0.0118414,0.0170701,0.0174697,0.0166438,0.0180616,0.0228713,0.0286724,0.0339453,0.0419786,0.0619247,0.0808138,0.213098,0.13966388618,0.0234779924067206,0.0516924947298282,0.0734557604033991,0.0697062840953208,0.0468791007909505,0.0503473428062082,0.0575046607747546,0.0818572225628258,0.083693259654533,0.079894624616999,0.0864064051804806,0.10817144601679,0.133773016410667,0.156449672343496,0.18995761333241,0.268115993797257,0.336154245156857,1,0.976522007593279,0.948307505270172,0.926544239596601,0.930293715904679,0.95312089920905,0.949652657193792,0.942495339225245,0.918142777437174,0.916306740345467,0.920105375383001,0.913593594819519,0.89182855398321,0.866226983589333,0.843550327656504,0.81004238666759,0.731884006202743,0.663845754843143,0,100000,2347.79924067206,97980.1035252507,4590213.99336806,45.9021399336806,2025,"Females","GMoH report",32.4544500663194
0,1,0.025235,0.0125206,0.0151451,0.0146038,0.00909096,0.00976945,0.0108501,0.0169847,0.0174762,0.0169312,0.0199345,0.0224157,0.0282919,0.0327499,0.0428917,0.0648099,0.0672076,0.200927,0.14460425915,0.0247017893604706,0.0488589141587675,0.0729629230840012,0.0704470147162182,0.0444446878024389,0.0476826664359678,0.0528178038656921,0.0814643798681342,0.0837230960711054,0.0812181961916019,0.0949409967506837,0.10613099844537,0.132115036497305,0.151357169579935,0.193689337596528,0.278866263390689,0.287699087086768,1,0.975298210639529,0.951141085841233,0.927037076915999,0.929552985283782,0.955555312197561,0.952317333564032,0.947182196134308,0.918535620131866,0.916276903928895,0.918781803808398,0.905059003249316,0.89386900155463,0.867884963502695,0.848642830420065,0.806310662403472,0.721133736609311,0.712300912913232,0,100000,2470.17893604706,97887.019458968,4623981.98457646,46.2398198457646,2025,"Females","GMoH report",32.1167701542354
0,1,0.0236027,0.0129069,0.0137832,0.0152807,0.00917397,0.010344,0.0111973,0.0166354,0.0157164,0.0159938,0.0196995,0.0206116,0.025915,0.0324172,0.0483256,0.0610746,0.0734409,0.21376,0.138269482403,0.0231322101179304,0.0503284319240002,0.0666203944481071,0.0735921510438602,0.0448414154986448,0.0504162361335855,0.0544619334805944,0.0798559123876656,0.0756111618401391,0.0768944152533042,0.0938743076891919,0.0980077582263542,0.121690947724311,0.149934831454438,0.215582603357917,0.264922856301345,0.310243158121742,1,0.97686778988207,0.949671568076,0.933379605551893,0.92640784895614,0.955158584501355,0.949583763866415,0.945538066519406,0.920144087612334,0.924388838159861,0.923105584746696,0.906125692310808,0.901992241773646,0.878309052275689,0.850065168545562,0.784417396642083,0.735077143698655,0.689756841878258,0,100000,2313.22101179304,98006.6268601913,4657473.70308536,46.5747370308536,2025,"Females","GMoH report",31.7818529691464
0,1,0.0233365,0.0127408,0.0139288,0.0140179,0.00897477,0.00958465,0.0107634,0.0160725,0.0156728,0.0158997,0.0188816,0.0221855,0.0281522,0.0331333,0.0405543,0.0603663,0.071099,0.213859,0.137236389485,0.0228759189249217,0.0496968448775678,0.067300463268079,0.0677163958369916,0.0438891132575244,0.0468018027531061,0.0524068113176588,0.0772581701506348,0.0754093123245014,0.076459300162996,0.0901524440319174,0.105098351317134,0.131505572083946,0.152993547252082,0.18410579581223,0.262253340437821,0.301843137005173,1,0.977124081075078,0.950303155122432,0.932699536731921,0.932283604163008,0.956110886742476,0.953198197246894,0.947593188682341,0.922741829849365,0.924590687675499,0.923540699837004,0.909847555968083,0.894901648682866,0.868494427916054,0.847006452747918,0.81589420418777,0.737746659562179,0.698156862994827,0,100000,2287.59189249217,98026.3489594486,4709426.79532955,47.0942679532955,2025,"Females","GMoH report",31.2623220467045
0,1,0.022074,0.0108004,0.0134908,0.0122647,0.0083251,0.00912062,0.0108269,0.0145733,0.0149631,0.0137561,0.0163337,0.0173174,0.0247516,0.0298715,0.0407336,0.0590865,0.0682774,0.199229,0.13233676586,0.021659166356927,0.0422881422958948,0.065253205149909,0.0594991518798481,0.0407768221938842,0.0445864596118377,0.0527078436197824,0.0703050582369873,0.0721177376976411,0.0664937628714114,0.07846446252129,0.0829939034413614,0.116546235493875,0.138978741321534,0.184844541010715,0.257409006799372,0.291610912676973,1,0.978340833643073,0.957711857704105,0.934746794850091,0.940500848120152,0.959223177806116,0.955413540388162,0.947292156380218,0.929694941763013,0.927882262302359,0.933506237128589,0.92153553747871,0.917006096558639,0.883453764506125,0.861021258678466,0.815155458989285,0.742590993200628,0.708389087323027,0,100000,2165.9166356927,98120.7137669972,4915044.27193494,49.1504427193494,2025,"Females","GMoH report",29.2061472806506
0,1,0.0213829,0.0127646,0.0140377,0.0140592,0.00932023,0.0105764,0.0127395,0.0175749,0.0168671,0.0160502,0.0194648,0.0220642,0.0287419,0.0334654,0.0463256,0.0604031,0.0739975,0.202403,0.129654682781,0.0209922240694541,0.0497873683167676,0.0678088009859972,0.0679091299021976,0.045540040862383,0.0515197658706151,0.0617314310842553,0.0841760364428034,0.0809231527266124,0.0771551125320935,0.0928077874472423,0.104553762200158,0.134075535887675,0.154408633307295,0.207586569087679,0.262392238453651,0.312227385165534,1,0.979007775930546,0.950212631683232,0.932191199014003,0.932090870097802,0.954459959137617,0.948480234129385,0.938268568915745,0.915823963557197,0.919076847273388,0.922844887467906,0.907192212552758,0.895446237799842,0.865924464112325,0.845591366692705,0.792413430912321,0.737607761546349,0.687772614834467,0,100000,2099.22240694541,98172.9516083139,4633185.08869213,46.3318508869213,2025,"Females","GMoH report",32.0247391130787
0,1,0.0238375,0.0125277,0.0152996,0.0153922,0.0092219,0.0107153,0.0119615,0.0187788,0.0166098,0.0167635,0.0213442,0.023596,0.0300515,0.0378987,0.0481656,0.0625984,0.0733025,0.215385,0.139180715375,0.0233581949847868,0.0488859431402439,0.0736798205440121,0.0741092394127767,0.0450704128982344,0.0521787233151529,0.0580709605145141,0.0896836229532154,0.0797379226316808,0.0804461043253548,0.101314792039383,0.111408039735975,0.139757680184815,0.173093457459454,0.214945546913909,0.270638203677315,0.30974905055435,1,0.976641805015213,0.951114056859756,0.926320179455988,0.925890760587223,0.954929587101766,0.947821276684847,0.941929039485486,0.910316377046785,0.920262077368319,0.919553895674645,0.898685207960617,0.888591960264025,0.860242319815185,0.826906542540547,0.785054453086091,0.729361796322685,0.69025094944565,0,100000,2335.81949847868,97989.2815303065,4533697.1409252,45.336971409252,2025,"Females","GMoH report",33.019618590748
0,1,0.0239528,0.0124571,0.0144029,0.013847,0.00944753,0.00939424,0.0109737,0.0158994,0.0156452,0.0156122,0.0170241,0.0198878,0.0260272,0.0334775,0.0426839,0.060274,0.067362,0.197997,0.139628181992,0.0234691405796902,0.0486171427813177,0.0695115791902035,0.066918450538484,0.0461476956522366,0.0458933667459513,0.0534034172989658,0.0764579126586862,0.0752815141375385,0.0751286896775407,0.081645641103236,0.0947291157304404,0.122185625706528,0.154460150757536,0.192841438326535,0.261904865362806,0.28826477120519,1,0.97653085942031,0.951382857218682,0.930488420809796,0.933081549461516,0.953852304347763,0.954106633254049,0.946596582701034,0.923542087341314,0.924718485862462,0.924871310322459,0.918354358896764,0.90527088426956,0.877814374293472,0.845539849242464,0.807158561673465,0.738095134637194,0.71173522879481,0,100000,2346.91405796901,97980.7812852367,4733923.91477129,47.3392391477129,2025,"Females","GMoH report",31.0173508522871
0,1,0.0221371,0.0118208,0.013626,0.0130111,0.00893959,0.0099352,0.010885,0.0162839,0.0158253,0.0162479,0.0177432,0.020011,0.0256827,0.0321397,0.0431297,0.0611798,0.0720995,0.202843,0.132581650019,0.0217200292453015,0.0461911669084179,0.0658856068042144,0.0630060548009485,0.0437208341701521,0.0484720511924812,0.0529831948112002,0.0782345894232278,0.0761151377754071,0.078068381846491,0.0849478818566047,0.0952879805528903,0.120665932630102,0.148746805720465,0.194659486827446,0.265318645786307,0.30544196721242,1,0.978279970754699,0.953808833091582,0.934114393195786,0.936993945199052,0.956279165829848,0.951527948807519,0.9470168051888,0.921765410576772,0.923884862224593,0.921931618153509,0.915052118143395,0.90471201944711,0.879334067369898,0.851253194279535,0.805340513172554,0.734681354213693,0.69455803278758,0,100000,2172.00292453014,98115.9648070502,4769583.37583904,47.6958337583904,2025,"Females","GMoH report",30.6607562416096
0,1,0.0235288,0.0120431,0.0136804,0.0132009,0.00920632,0.00987255,0.0110517,0.0164388,0.0160595,0.0165548,0.0161716,0.0200281,0.0250817,0.03044,0.0412161,0.0621731,0.0650458,0.204264,0.137982684632,0.0230610700047085,0.0470393996130404,0.0661399476504084,0.0638957949994785,0.04499598148924,0.04817375547594,0.0537727979229863,0.0789494158565436,0.0771980930612088,0.0794843799663334,0.0777160190652125,0.0953655243542039,0.11800884394694,0.141436669454512,0.186829537725391,0.269046813845289,0.279739328900508,1,0.976938929995292,0.95296060038696,0.933860052349592,0.936104205000521,0.95500401851076,0.95182624452406,0.946227202077014,0.921050584143456,0.922801906938791,0.920515620033667,0.922283980934787,0.904634475645796,0.88199115605306,0.858563330545488,0.813170462274609,0.730953186154711,0.720260671099492,0,100000,2306.10700047085,98012.0958345028,4764840.8540571,47.648408540571,2025,"Females","GMoH report",30.708181459429
0,1,0.0247208,0.0142803,0.0168544,0.0168516,0.0100323,0.0103076,0.0127564,0.018883,0.0177329,0.0174922,0.0214447,0.0261767,0.032646,0.0419075,0.0513855,0.0696043,0.0762553,0.217779,0.142608705512,0.0242077079774945,0.0555350846610302,0.0808646856072528,0.0808517947394228,0.0489341937208361,0.0502432808946264,0.0618107920313289,0.0901588271665358,0.084900662600432,0.0837965355999465,0.101767562861747,0.122844350711806,0.150913217734591,0.189666389459333,0.227679001651582,0.296438086278171,0.320228667271524,1,0.975792292022506,0.94446491533897,0.919135314392747,0.919148205260577,0.951065806279164,0.949756719105374,0.938189207968671,0.909841172833464,0.915099337399568,0.916203464400053,0.898232437138253,0.877155649288194,0.849086782265409,0.810333610540667,0.772320998348418,0.703561913721829,0.679771332728476,0,100000,2420.77079774944,97924.4521920589,4379021.63398271,43.7902163398271,2025,"Females","GMoH report",34.5663736601729
0,1,0.02171,0.0108377,0.0125097,0.0118652,0.00831299,0.00915204,0.00972753,0.0146847,0.0139438,0.0139522,0.0146485,0.0163878,0.0235077,0.0287213,0.041091,0.0569933,0.0616363,0.19952,0.1309241219,0.0213079689695933,0.0424310891698087,0.0606516646760064,0.0576169096102317,0.0407187143372539,0.0447366216235901,0.0474829211500628,0.0708234473082802,0.0673704981207594,0.0674097154212491,0.0706550246775281,0.0787141217874299,0.111014274356759,0.133985878471632,0.186315295483245,0.249427289196581,0.267034026570268,1,0.978692031030407,0.957568910830191,0.939348335323994,0.942383090389768,0.959281285662746,0.95526337837641,0.952517078849937,0.92917655269172,0.932629501879241,0.932590284578751,0.929344975322472,0.92128587821257,0.888985725643241,0.866014121528368,0.813684704516755,0.750572710803419,0.732965973429732,0,100000,2130.79689695933,98148.1758157223,4995922.87129845,49.9592287129845,2025,"Females","GMoH report",28.3973612870155
0,1,0.0252551,0.0137653,0.0154224,0.0151417,0.00975774,0.0102841,0.0116989,0.0177683,0.0169516,0.0167049,0.0210371,0.0227239,0.0276697,0.0320099,0.0440012,0.0698586,0.0706103,0.210106,0.144682265039,0.0247210962640274,0.0535859467348223,0.0742492460685798,0.0729471406991878,0.0476268733813302,0.0501316039300572,0.0568323111866464,0.0850629403906424,0.0813120755502557,0.0801761630352799,0.0999299111645981,0.107511782513362,0.129397523369086,0.148190585447232,0.198203067919636,0.297360099400117,0.300079705012831,1,0.975278903735973,0.946414053265178,0.92575075393142,0.927052859300812,0.95237312661867,0.949868396069943,0.943167688813354,0.914937059609358,0.918687924449744,0.91982383696472,0.900070088835402,0.892488217486638,0.870602476630914,0.851809414552768,0.801796932080364,0.702639900599883,0.699920294987169,0,100000,2472.10962640274,97885.5607937699,4544614.84735712,45.4461484735712,2025,"Females","GMoH report",32.9104415264288
0,1,0.0239871,0.0118526,0.0139384,0.0149162,0.00924191,0.010558,0.0112633,0.01693,0.0154721,0.0167642,0.0177973,0.0204285,0.0276678,0.0328904,0.0425971,0.0632105,0.0679496,0.214781,0.139761296519,0.0235021419541642,0.0463125516994541,0.0673452861585202,0.0718998197708356,0.0451659997383943,0.0514324407270106,0.0547741556321704,0.0812126735902909,0.0744796100628658,0.0804493284212032,0.085195859331786,0.0971794252768307,0.129389212842304,0.151957169759366,0.192487027140485,0.272923433298684,0.290414181356283,1,0.976497858045836,0.953687448300546,0.93265471384148,0.928100180229164,0.954834000261606,0.948567559272989,0.94522584436783,0.918787326409709,0.925520389937134,0.919550671578797,0.914804140668214,0.902820574723169,0.870610787157696,0.848042830240634,0.807512972859515,0.727076566701316,0.709585818643717,0,100000,2350.21419541641,97978.2547876324,4680702.00642211,46.8070200642211,2025,"Females","GMoH report",31.5495699357789
0,1,0.0237143,0.011593,0.0140293,0.013058,0.00939567,0.00971242,0.0106984,0.0163951,0.015338,0.0161658,0.0176983,0.0190597,0.0267235,0.0323363,0.042313,0.0616076,0.0731724,0.204179,0.138702589727,0.0232396290617378,0.0453211830498072,0.0677695998809746,0.0632259876336979,0.0459001923493719,0.0474109132449536,0.0520985716038826,0.0787478046691712,0.0738579181293308,0.0776892286679972,0.0847420255241642,0.0909641275455502,0.125249722595545,0.149588641990043,0.191326051913464,0.266926281109756,0.30928431159552,1,0.976760370938262,0.954678816950193,0.932230400119025,0.936774012366302,0.954099807650628,0.952589086755046,0.947901428396117,0.921252195330829,0.926142081870669,0.922310771332003,0.915257974475836,0.90903587245445,0.874750277404455,0.850411358009957,0.808673948086536,0.733073718890244,0.69071568840448,0,100000,2323.96290617378,97998.376767342,4759595.25425415,47.5959525425415,2025,"Females","GMoH report",30.7606374574585
0,1,0.0225189,0.0112172,0.0135191,0.0122535,0.00845153,0.00875384,0.0100785,0.0149941,0.0140769,0.014151,0.0153335,0.016424,0.0219531,0.0321427,0.0423256,0.0635921,0.0646437,0.194418,0.134063373821,0.0220881817742594,0.0438842824537203,0.06538561338521,0.0594464328380475,0.0413832701275473,0.0428318422647724,0.0491540034408046,0.0722617502272924,0.0679917184465011,0.0683373938491033,0.0738370490220509,0.0788811403761551,0.10405469233429,0.148759657400206,0.191377573443635,0.274345054628843,0.278250625156437,1,0.977911818225741,0.95611571754628,0.93461438661479,0.940553567161952,0.958616729872453,0.957168157735228,0.950845996559195,0.927738249772708,0.932008281553499,0.931662606150897,0.926162950977949,0.921118859623845,0.89594530766571,0.851240342599794,0.808622426556365,0.725654945371157,0.721749374843563,0,100000,2208.81817742594,98087.3034395969,4929842.96092898,49.2984296092898,2025,"Females","GMoH report",29.0581603907102
0,1,0.0246952,0.0141091,0.0167715,0.0148872,0.0096032,0.0102023,0.0120521,0.0182273,0.0178137,0.0170071,0.0208961,0.0240684,0.028067,0.0376703,0.0476147,0.0662989,0.0720032,0.2277,0.142509354728,0.0241831009994056,0.0548875715290782,0.0804829504896568,0.0717650484276208,0.0468902586698541,0.0497427732609008,0.0584979423718505,0.0871645633845519,0.0852710191168935,0.0815674361419746,0.0992933885583639,0.113511876857601,0.131133677671953,0.172140078958979,0.212748598292237,0.284362240614336,0.305096236635684,1,0.975816899000594,0.945112428470922,0.919517049510343,0.928234951572379,0.953109741330146,0.950257226739099,0.941502057628149,0.912835436615448,0.914728980883107,0.918432563858025,0.900706611441636,0.886488123142399,0.868866322328047,0.827859921041021,0.787251401707763,0.715637759385664,0.694903763364316,0,100000,2418.31009994056,97926.3217119342,4480054.52231474,44.8005452231474,2025,"Females","GMoH report",33.5560447768526
0,1,0.023898,0.0122371,0.0156042,0.0143581,0.00994543,0.010461,0.0110514,0.0171658,0.0155447,0.0170656,0.0184857,0.0196417,0.0260048,0.0367961,0.0473835,0.0618803,0.067867,0.206272,0.13941550922,0.0234164122545408,0.0477790460706575,0.0750916376687242,0.0693028566353596,0.0485207506764986,0.0509719559227308,0.0537713774968289,0.0822972544729218,0.0748160185895765,0.081836526436129,0.08834567107072,0.09361176451244,0.122086887283899,0.168481815657237,0.211824977899274,0.267949509862187,0.290112360991478,1,0.976583587745459,0.952220953929342,0.924908362331276,0.93069714336464,0.951479249323501,0.949028044077269,0.946228622503171,0.917702745527078,0.925183981410423,0.918163473563871,0.91165432892928,0.90638823548756,0.877913112716101,0.831518184342763,0.788175022100726,0.732050490137813,0.709887639008522,0,100000,2341.64122545408,97984.8198784031,4630920.78790192,46.3092078790192,2025,"Females","GMoH report",32.0473821209808
0,1,0.022556,0.0111243,0.0122089,0.0128903,0.00879048,0.00960531,0.0101631,0.0148377,0.0143913,0.0144122,0.0147349,0.0198145,0.0220823,0.0324395,0.0409285,0.0577391,0.0663105,0.189558,0.13420735484,0.0221239454753646,0.0435287463343065,0.059236469663804,0.0624393452691914,0.0430072637699391,0.046900319724859,0.0495563837897656,0.0715349641558614,0.0694575392871424,0.0695549020998899,0.0710569571068169,0.0943964536718003,0.104635043923898,0.150030235443339,0.185646879255934,0.252279519053539,0.284404919039996,1,0.977876054524635,0.956471253665693,0.940763530336196,0.937560654730809,0.956992736230061,0.953099680275141,0.950443616210234,0.928465035844139,0.930542460712858,0.93044509790011,0.928943042893183,0.9056035463282,0.895364956076102,0.849969764556661,0.814353120744066,0.747720480946461,0.715595080960004,0,100000,2212.39454753646,98084.5250725509,4919990.79751255,49.1999079751255,2025,"Females","GMoH report",29.1566820248744
0,1,0.0224992,0.0114958,0.0130478,0.0132846,0.00836141,0.00964037,0.0102401,0.0156262,0.0157797,0.016731,0.0152902,0.0200738,0.0257839,0.0323932,0.0406775,0.0550877,0.064044,0.193766,0.133986920288,0.0220691906157976,0.0449497337026032,0.0631781600095679,0.0642879023317104,0.040951029138625,0.0470674801900018,0.0499224722302866,0.0751935272607935,0.0759041386580442,0.0802964022354948,0.0736362187212701,0.0955727303154826,0.1211126113505,0.149832143521221,0.184613464495011,0.242097072718072,0.276025549301359,1,0.977930809384202,0.955050266297397,0.936821839990432,0.93571209766829,0.959048970861375,0.952932519809998,0.950077527769713,0.924806472739206,0.924095861341956,0.919703597764505,0.92636378127873,0.904427269684517,0.8788873886495,0.850167856478779,0.815386535504989,0.757902927281928,0.723974450698641,0,100000,2206.91906157976,98088.7792268062,4838852.82157485,48.3885282157485,2025,"Females","GMoH report",29.9680617842515
0,1,0.0204391,0.0103654,0.0131604,0.012726,0.00836997,0.00897491,0.010422,0.0145509,0.0144423,0.0135274,0.0160461,0.0171784,0.0218902,0.0284151,0.0386374,0.0585397,0.0647965,0.198125,0.125991898799,0.0200803852236447,0.0406195247561845,0.0637060086106994,0.0616680315754278,0.0409920935175522,0.0438897828720104,0.0507867511975479,0.0702007883712229,0.0696951059291004,0.0654244434588857,0.0771361635164949,0.0823551746686789,0.103772024095369,0.132652187096113,0.176170112261289,0.255330999693156,0.278816643412762,1,0.979919614776355,0.959380475243816,0.936293991389301,0.938331968424572,0.959007906482448,0.95611021712799,0.949213248802452,0.929799211628777,0.9303048940709,0.934575556541114,0.922863836483505,0.917644825331321,0.896227975904631,0.867347812903887,0.823829887738711,0.744669000306844,0.721183356587238,0,100000,2008.03852236447,98244.9580639298,4968867.40493692,49.6886740493692,2025,"Females","GMoH report",28.6679159506308
0,1,0.0253378,0.0134765,0.0164546,0.0157516,0.0106556,0.0108877,0.0118522,0.0191408,0.01765,0.0186445,0.022762,0.0245182,0.0305803,0.041067,0.0479725,0.0677289,0.0776439,0.228784,0.145003214642,0.0248005278731041,0.0524912045634026,0.0790222991893954,0.0757740920299525,0.0518955543282498,0.0529959889283617,0.0575555988289003,0.0913335089306505,0.0845205315455525,0.0890707987325762,0.107682336633851,0.115510713086035,0.142042262500165,0.186216606547305,0.21417609339859,0.289607505544344,0.325112076172228,1,0.975199472126896,0.947508795436597,0.920977700810605,0.924225907970047,0.94810444567175,0.947004011071638,0.9424444011711,0.908666491069349,0.915479468454447,0.910929201267424,0.892317663366149,0.884489286913965,0.857957737499835,0.813783393452695,0.78582390660141,0.710392494455656,0.674887923827772,0,100000,2480.05278731041,97879.5628393315,4409940.75777264,44.0994075777264,2025,"Females","GMoH report",34.2571824222736
0,1,0.0246507,0.0122832,0.0149754,0.0146299,0.00962304,0.0102385,0.0113572,0.0170952,0.0168307,0.0171506,0.019216,0.0230261,0.0301296,0.0358322,0.0474964,0.0683866,0.0702287,0.220517,0.142336655123,0.024140325200777,0.0479547250427107,0.0721748807278697,0.0705684756453888,0.046984857101788,0.0499148665958948,0.0552181899332259,0.0819726527660831,0.0807555681479315,0.0822273778342881,0.0916758902331972,0.108863732048684,0.140095450301491,0.164431173281827,0.212276121103991,0.292009207778361,0.298700185675609,1,0.975859674799223,0.952045274957289,0.92782511927213,0.929431524354611,0.953015142898212,0.950085133404105,0.944781810066774,0.918027347233917,0.919244431852068,0.917772622165712,0.908324109766803,0.891136267951316,0.859904549698509,0.835568826718173,0.787723878896009,0.707990792221639,0.701299814324391,0,100000,2414.0325200777,97929.5727941883,4586742.16287322,45.8674216287322,2025,"Females","GMoH report",32.4891683712678
0,1,0.0243955,0.012855,0.0167872,0.0159798,0.00990003,0.0105668,0.0120169,0.0172069,0.0170609,0.01772,0.0202026,0.0253138,0.0300543,0.0350361,0.0456067,0.0674162,0.0732028,0.217938,0.141346251995,0.023894965292,0.0501311286815962,0.0805552569752622,0.076829692211016,0.0483046073453569,0.0514742059026692,0.0583320732717517,0.0824861717291828,0.0818149100047499,0.0848415206358326,0.0961564730917895,0.119035874218048,0.139769791861167,0.161072150104325,0.204694857595274,0.288463258226822,0.30939292835968,1,0.976105034708,0.949868871318404,0.919444743024738,0.923170307788984,0.951695392654643,0.948525794097331,0.941667926728248,0.917513828270817,0.91818508999525,0.915158479364167,0.90384352690821,0.880964125781952,0.860230208138833,0.838927849895675,0.795305142404726,0.711536741773178,0.69060707164032,0,100000,2389.4965292,97948.2498493575,4487955.59841405,44.8795559841405,2025,"Females","GMoH report",33.4770340158595
0,1,0.0246179,0.0137565,0.0175418,0.016572,0.00971914,0.0108781,0.0128337,0.0210046,0.0171771,0.0189007,0.0228786,0.0264657,0.0354452,0.0431084,0.053089,0.0700468,0.0836811,0.21949,0.142209361931,0.0241087944867969,0.0535526071202992,0.0840241623712883,0.0795636768673843,0.0474429385944723,0.0529504979700792,0.062173703358035,0.0997832327722785,0.0823491989373338,0.090239524546032,0.108204103967427,0.124116429527627,0.162799819586942,0.194572705008526,0.234342480174977,0.298041812006804,0.346017655021046,1,0.975891205513203,0.946447392879701,0.915975837628712,0.920436323132616,0.952557061405528,0.947049502029921,0.937826296641965,0.900216767227721,0.917650801062666,0.909760475453968,0.891795896032573,0.875883570472373,0.837200180413058,0.805427294991474,0.765657519825023,0.701958187993196,0.653982344978954,0,100000,2410.8794486797,97931.9701794096,4329883.17843214,43.2988317843214,2025,"Females","GMoH report",35.0577582156786
0,1,0.0216547,0.010973,0.0130014,0.0130899,0.00868591,0.00918001,0.00971534,0.0145923,0.0145468,0.0155538,0.0156262,0.01717,0.0234571,0.0298224,0.0372575,0.0581034,0.0697071,0.199037,0.130709508683,0.0212545986568012,0.0429494317703675,0.0629605613927701,0.063375550939396,0.0425065302593867,0.044870276043055,0.0474248291508929,0.0703934925950144,0.0701817020418442,0.0748581772083422,0.0751935272607935,0.0823165615935949,0.110788554495839,0.138766150856726,0.170414458299743,0.253669368094627,0.29681092749077,1,0.978745401343199,0.957050568229633,0.93703943860723,0.936624449060604,0.957493469740613,0.955129723956945,0.952575170849107,0.929606507404986,0.929818297958156,0.925141822791658,0.924806472739206,0.917683438406405,0.889211445504161,0.861233849143274,0.829585541700257,0.746330631905373,0.70318907250923,0,100000,2125.45986568012,98152.3579490884,4923303.02050089,49.2330302050089,2025,"Females","GMoH report",29.1235597949911
0,1,0.0261199,0.0136133,0.0156097,0.0152437,0.00946107,0.0107251,0.0111861,0.0170911,0.0170213,0.0179596,0.0191371,0.0244939,0.0299643,0.0347965,0.0446391,0.0724743,0.0718211,0.214054,0.148038458711,0.0255513030146178,0.053009920109156,0.0751171110780138,0.0734204998173362,0.0462123053603118,0.0522251988008524,0.0544089403800372,0.0819537985826118,0.081632760724692,0.0859394065837942,0.0913166598709587,0.115402836177387,0.139380409024656,0.160058786121783,0.200788009871377,0.306786210382237,0.304442086205979,1,0.974448696985382,0.946990079890844,0.924882888921986,0.926579500182664,0.953787694639688,0.947774801199148,0.945591059619963,0.918046201417388,0.918367239275308,0.914060593416206,0.908683340129041,0.884597163822613,0.860619590975344,0.839941213878217,0.799211990128623,0.693213789617763,0.695557913794021,0,100000,2555.13030146179,97823.1272501724,4524460.43841543,45.2446043841543,2025,"Females","GMoH report",33.1119856158457
0,1,0.0231434,0.0115912,0.0133469,0.012514,0.0084733,0.00921878,0.0110339,0.0157232,0.0137207,0.0146504,0.0147867,0.0175864,0.0220596,0.0296131,0.0424487,0.0596299,0.0647672,0.193691,0.136486989626,0.0226899498161776,0.0453143056409102,0.0645796545226298,0.0606718802270953,0.0414876565983627,0.0450555079608028,0.0536885157161003,0.075642639140659,0.06632832246489,0.070663865270599,0.0712978501962575,0.0842287967232649,0.104533103855474,0.137859390228091,0.191880776234623,0.259469194671626,0.278708136030253,1,0.977310050183822,0.95468569435909,0.93542034547737,0.939328119772905,0.958512343401637,0.954944492039197,0.9463114842839,0.924357360859341,0.93367167753511,0.929336134729401,0.928702149803742,0.915771203276735,0.895466896144526,0.862140609771909,0.808119223765377,0.740530805328374,0.721291863969747,0,100000,2268.99498161777,98040.6933128997,4899437.50225498,48.9943750225498,2025,"Females","GMoH report",29.3622149774502
0,1,0.0215904,0.0115927,0.014219,0.0132783,0.00930898,0.00914463,0.0110229,0.0164688,0.0155797,0.016791,0.0163154,0.0220235,0.025523,0.0310835,0.0434601,0.0571944,0.0698019,0.201753,0.130459967456,0.0211925372997091,0.0453200368183518,0.0686545040184057,0.0642583944039646,0.0454863218490833,0.0447012099364472,0.0536364275567128,0.0790877972131406,0.0749781570177754,0.0805727570892846,0.0783799974730697,0.10437096512398,0.119960613174846,0.144211040320495,0.196004555990494,0.250197290255524,0.29715460920869,1,0.978807462700291,0.954679963181648,0.931345495981594,0.935741605596035,0.954513678150917,0.955298790063553,0.946363572443287,0.920912202786859,0.925021842982225,0.919427242910715,0.92162000252693,0.89562903487602,0.880039386825154,0.855788959679505,0.803995444009506,0.749802709744476,0.70284539079131,0,100000,2119.25372997091,98157.2240426721,4766781.82417286,47.6678182417286,2025,"Females","GMoH report",30.6887717582714
0,1,0.0229143,0.011623,0.0129286,0.0126959,0.00824687,0.00965587,0.0104674,0.0155924,0.0150609,0.0155928,0.0161719,0.0182611,0.0239327,0.0314824,0.0426131,0.0607789,0.0702903,0.194656,0.135597877727,0.0224692477991718,0.0454357994069852,0.0626190581131944,0.0615266592180828,0.0404013875231915,0.0471413725867031,0.0510023451314282,0.0750369833519574,0.0725720008798709,0.0750388360914818,0.0777174047551024,0.0873191410819701,0.11290801582421,0.145926693649614,0.192552366841379,0.263809388841373,0.298923026904871,1,0.977530752200828,0.954564200593015,0.937380941886806,0.938473340781917,0.959598612476808,0.952858627413297,0.948997654868572,0.924963016648043,0.927427999120129,0.924961163908518,0.922282595244898,0.91268085891803,0.88709198417579,0.854073306350386,0.807447633158621,0.736190611158627,0.701076973095129,0,100000,2246.92477991719,98057.7534516518,4861143.16534425,48.6114316534425,2025,"Females","GMoH report",29.7451583465575
0,1,0.0236995,0.0136969,0.0156281,0.0146379,0.0097871,0.0100799,0.0112814,0.0177667,0.0176229,0.0184418,0.0210891,0.0242828,0.0274304,0.0376552,0.0499962,0.0671019,0.0730474,0.218523,0.138645152555,0.0232253844523304,0.0533267769379181,0.0752023263104684,0.0706057019872038,0.0477667549808181,0.0491606635682461,0.0548597626831653,0.0850556063946696,0.0843962340187763,0.0881451136095868,0.100164549497957,0.114465163329741,0.128350253047046,0.172077014051244,0.222207209749771,0.28731161230558,0.308837549894577,1,0.97677461554767,0.946673223062082,0.924797673689532,0.929394298012796,0.952233245019182,0.950839336431754,0.945140237316835,0.91494439360533,0.915603765981224,0.911854886390413,0.899835450502043,0.885534836670259,0.871649746952954,0.827922985948756,0.777792790250229,0.71268838769442,0.691162450105423,0,100000,2322.53844523303,97999.4702518212,4519000.06883174,45.1900006883174,2025,"Females","GMoH report",33.1665893116826
0,1,0.0248506,0.0111989,0.0136364,0.0141744,0.0090092,0.00997182,0.0104244,0.0152219,0.0147738,0.0149966,0.016597,0.0195665,0.0246283,0.0305831,0.0412895,0.0578237,0.0687362,0.203965,0.143112445034,0.024332460453661,0.0438142570338082,0.0659342359618254,0.0684465288052569,0.0440537767854611,0.0486463679381671,0.0507981494277631,0.0733193504485192,0.0712378650724805,0.0722733632034576,0.0796789223158112,0.0932700775681567,0.115999334005765,0.142054344445939,0.187131123672782,0.252602475581758,0.293283087587432,1,0.975667539546339,0.956185742966192,0.934065764038175,0.931553471194743,0.955946223214539,0.951353632061833,0.949201850572237,0.926680649551481,0.92876213492752,0.927726636796542,0.920321077684189,0.906729922431843,0.884000665994235,0.857945655554061,0.812868876327218,0.747397524418242,0.706716912412568,0,100000,2433.2460453661,97914.9817455555,4806364.00371234,48.0636400371234,2025,"Females","GMoH report",30.2929499628765
0,1,0.022913,0.0120429,0.014913,0.013248,0.00900765,0.0100599,0.0107428,0.0167292,0.0156953,0.0164767,0.017358,0.0212191,0.0267028,0.0330316,0.0431954,0.0631322,0.0682172,0.2,0.13559283257,0.0224679952589528,0.0470386368017211,0.0718849493749292,0.0641164627536007,0.0440463644139663,0.0490655145748219,0.0523091335989334,0.0802881103603971,0.075513483072818,0.0791242343209116,0.0831803871017208,0.100750891875511,0.12515877561619,0.152559767000838,0.194927113413181,0.272631443030737,0.291391260295436,1,0.977532004741047,0.952961363198279,0.928115050625071,0.935883537246399,0.955953635586034,0.950934485425178,0.947690866401067,0.919711889639603,0.924486516927182,0.920875765679088,0.916819612898279,0.899249108124489,0.87484122438381,0.847440232999162,0.805072886586819,0.727368556969263,0.708608739704564,0,100000,2246.79952589529,98057.8503860378,4717146.4579043,47.171464579043,2025,"Females","GMoH report",31.185125420957
0,1,0.0231248,0.0116984,0.0133113,0.0131703,0.00902375,0.00972874,0.0101586,0.0161801,0.0154863,0.0148285,0.0159218,0.0198593,0.0245357,0.0323716,0.0400228,0.0605404,0.0635996,0.200107,0.136414805072,0.0226720341519691,0.0457238091813459,0.0644129497548216,0.0637524042749442,0.0441233546951736,0.047488687271486,0.049534984759554,0.077755279505195,0.0745454182243795,0.0714921949673178,0.0765615074756841,0.094599786166461,0.115588394568466,0.149739714634356,0.181912391812424,0.26291026802426,0.274372971848983,1,0.977327965848031,0.954276190818654,0.935587050245178,0.936247595725056,0.955876645304826,0.952511312728514,0.950465015240446,0.922244720494805,0.925454581775621,0.928507805032682,0.923438492524316,0.905400213833539,0.884411605431534,0.850260285365644,0.818087608187576,0.73708973197574,0.725627028151017,0,100000,2267.20341519691,98042.0766967457,4823581.11438577,48.2358111438577,2025,"Females","GMoH report",30.1207788561423
0,1,0.0237618,0.0120069,0.0145987,0.014349,0.00963532,0.0100157,0.0107302,0.0166913,0.016974,0.0159181,0.0193336,0.0208028,0.0275068,0.0393071,0.0443496,0.0612025,0.0715683,0.214802,0.138886932002,0.0232853446729582,0.0469013210564154,0.0704232791853906,0.0692604543512836,0.0470434043626902,0.0488552023739579,0.0522493841456022,0.0801135036896619,0.0814151481866975,0.0765443966011578,0.0922110701360444,0.0988719656808367,0.128684736710621,0.17895044264024,0.199615798011296,0.265404025346784,0.303533125530278,1,0.976714655327042,0.953098678943585,0.929576720814609,0.930739545648716,0.95295659563731,0.951144797626042,0.947750615854398,0.919886496310338,0.918584851813303,0.923455603398842,0.907788929863956,0.901128034319163,0.871315263289379,0.82104955735976,0.800384201988704,0.734595974653216,0.696466874469722,0,100000,2328.53446729582,97994.8685409278,4650987.77599204,46.5098777599204,2025,"Females","GMoH report",31.8467122400796
0,1,0.026198,0.0137499,0.0173049,0.0158008,0.0102732,0.0108694,0.0130326,0.0195668,0.0194509,0.0190338,0.02293,0.0250454,0.0346917,0.0428405,0.0485582,0.0667549,0.0800196,0.231642,0.14834155622,0.0256262339286964,0.0535276016598738,0.0829364812155333,0.0760017777743573,0.0500798004841652,0.0529092699529339,0.0631068830886472,0.0932714409243057,0.0927445858382948,0.0908461322213149,0.108434019814154,0.117848116930568,0.159615193940901,0.193480496928352,0.216507913577324,0.286038346892555,0.333401386110067,1,0.974373766071304,0.946472398340126,0.917063518784467,0.923998222225643,0.949920199515835,0.947090730047066,0.936893116911353,0.906728559075694,0.907255414161705,0.909153867778685,0.891565980185846,0.882151883069432,0.840384806059099,0.806519503071648,0.783492086422676,0.713961653107445,0.666598613889933,0,100000,2562.62339286965,97817.5201492344,4339677.42995353,43.3967742995353,2025,"Females","GMoH report",34.9598157004647
0,1,0.0233161,0.0124034,0.0154561,0.0147592,0.00907642,0.0108197,0.0112394,0.0167456,0.0167539,0.0166101,0.0209131,0.023463,0.0320697,0.0349812,0.0466593,0.0723697,0.0756184,0.2137,0.137157219329,0.0228562745306267,0.0484126373868714,0.0744054546316687,0.0711699704310356,0.0443751805591728,0.052673715500985,0.0546611049427657,0.0803636559090246,0.0804018870609249,0.0797393054081022,0.0993701550272491,0.110814876388256,0.148446882528444,0.160840054696617,0.208925684520618,0.306411270663635,0.317979287596947,1,0.977143725469373,0.951587362613129,0.925594545368331,0.928830029568964,0.955624819440827,0.947326284499015,0.945338895057234,0.919636344090975,0.919598112939075,0.920260694591898,0.900629844972751,0.889185123611744,0.851553117471556,0.839159945303383,0.791074315479382,0.693588729336365,0.682020712403053,0,100000,2285.62745306267,98027.8628528214,4570665.08174911,45.7066508174911,2025,"Females","GMoH report",32.6499391825089
0,1,0.0224355,0.0114256,0.0142834,0.014002,0.00874798,0.0101839,0.0109556,0.0152894,0.0156651,0.015351,0.0167843,0.0212603,0.0240837,0.0311767,0.0392457,0.0603642,0.0719475,0.208575,0.133739707595,0.022007779190187,0.0446813769197318,0.0689547300229746,0.0676421853034526,0.0428037833972904,0.0496552887619431,0.0533176820074967,0.0736325078367038,0.0753736601894169,0.0739182041213335,0.0805419014103938,0.100936641786563,0.113579937168064,0.144612174080835,0.178695887062753,0.262245413522598,0.304896201378331,1,0.977992220809813,0.955318623080268,0.931045269977025,0.932357814696547,0.95719621660271,0.950344711238057,0.946682317992503,0.926367492163296,0.924626339810583,0.926081795878666,0.919458098589606,0.899063358213437,0.886420062831936,0.855387825919165,0.821304112937247,0.737754586477402,0.695103798621669,0,100000,2200.7779190187,98093.5534763524,4775243.1545418,47.752431545418,2025,"Females","GMoH report",30.604158454582
0,1,0.021303,0.0119388,0.013081,0.0140205,0.00897958,0.0102234,0.0100136,0.0161225,0.0158731,0.0155214,0.0153798,0.0192125,0.0258988,0.0315514,0.0394607,0.0607034,0.0676675,0.205732,0.12934459967,0.0209150761199219,0.0466415126183052,0.0633338255693193,0.0677285303505503,0.0439121190353807,0.049843085499267,0.0488452090369685,0.0774892008963707,0.0763362670006788,0.0747080655773686,0.0740517473406266,0.0916599576587053,0.121619502097681,0.146223138193967,0.179586934622368,0.263524862199845,0.289382948355402,1,0.979084923880078,0.953358487381695,0.936666174430681,0.93227146964945,0.956087880964619,0.950156914500733,0.951154790963031,0.922510799103629,0.923663732999321,0.925291934422631,0.925948252659373,0.908340042341295,0.878380497902319,0.853776861806033,0.820413065377632,0.736475137800155,0.710617051644598,0,100000,2091.50761199219,98179.0176027877,4804311.84576124,48.0431184576124,2025,"Females","GMoH report",30.3134715423876
0,1,0.0217909,0.0110494,0.013041,0.0128459,0.00851102,0.00944209,0.0104048,0.0152749,0.0156874,0.0167031,0.0155507,0.0180741,0.0231835,0.0317903,0.0415311,0.0592245,0.0673485,0.203144,0.131238085901,0.0213860386777727,0.0432420036106099,0.0631462736144838,0.0622309680197866,0.0416684964826653,0.0461217360433071,0.0507050599798053,0.0735652455758824,0.0754769088502562,0.0801678701214366,0.0748438156884347,0.0864636197267422,0.109567126317543,0.147248791832517,0.18812310163429,0.257932666919992,0.288215325394219,1,0.978613961322227,0.95675799638939,0.936853726385516,0.937769031980213,0.958331503517335,0.953878263956693,0.949294940020195,0.926434754424118,0.924523091149744,0.919832129878563,0.925156184311565,0.913536380273258,0.890432873682457,0.852751208167483,0.81187689836571,0.742067333080008,0.711784674605781,0,100000,2138.60386777727,98142.0624103303,4869635.33406761,48.6963533406761,2025,"Females","GMoH report",29.6602366593239
0,1,0.0238656,0.0118415,0.0122841,0.0126102,0.00776999,0.00961445,0.00990891,0.0157672,0.0148463,0.0145746,0.0159114,0.0186934,0.0212878,0.0282338,0.0378509,0.0566146,0.0663583,0.203719,0.139289768384,0.0233852353198743,0.0462701832500882,0.0595904620139365,0.0611240342579994,0.0381096706013113,0.0469439005386651,0.0483468876048584,0.0758462909051027,0.0715749423340645,0.0703111092671862,0.0765134112698041,0.0892939797952392,0.101060605125522,0.131861613912774,0.17289401483473,0.247975426103327,0.284580761187267,1,0.976614764680126,0.953729816749912,0.940409537986064,0.938875965742001,0.961890329398689,0.953056099461335,0.951653112395142,0.924153709094897,0.928425057665936,0.929688890732814,0.923486588730196,0.910706020204761,0.898939394874478,0.868138386087226,0.82710598516527,0.752024573896673,0.715419238812733,0,100000,2338.52353198743,97987.2088691436,4923337.38198758,49.2333738198758,2025,"Females","GMoH report",29.1232161801242
0,1,0.0242975,0.0115969,0.0141742,0.0131544,0.00916869,0.00999938,0.0102037,0.0162683,0.0150863,0.0166934,0.0176372,0.0211365,0.0256393,0.0332193,0.0433968,0.0569304,0.0701672,0.202543,0.140965924775,0.0238007222699683,0.045336083936396,0.0684455960801035,0.0636778889441816,0.0448161857154808,0.0487775371757879,0.0497494293688721,0.0781625696696097,0.0726899442356927,0.0801231792968163,0.0844618247608211,0.100378380881258,0.120474307706079,0.153360203481239,0.195747014863436,0.249186309337265,0.298477647951622,1,0.976199277730032,0.954663916063604,0.931554403919897,0.936322111055818,0.955183814284519,0.951222462824212,0.950250570631128,0.92183743033039,0.927310055764307,0.919876820703184,0.915538175239179,0.899621619118742,0.879525692293921,0.846639796518761,0.804252985136564,0.750813690662736,0.701522352048378,0,100000,2380.07222699684,97955.4368555131,4754858.34094014,47.5485834094014,2025,"Females","GMoH report",30.8080065905986
0,1,0.0217401,0.0110792,0.012274,0.0115611,0.00856187,0.00904104,0.00982697,0.0153506,0.0146909,0.0137239,0.0150264,0.0163032,0.0200179,0.0270874,0.0378129,0.0560838,0.0698933,0.198137,0.131040936689,0.0213370169309881,0.0433560982329158,0.0595429253360629,0.0561816945284673,0.0419122322893225,0.0442060288131479,0.0479566779121442,0.073916349224005,0.0708522902238752,0.0663432786938342,0.0724117791061002,0.0783236833154297,0.0953192709167871,0.126847104363182,0.172735431048286,0.245936382743698,0.297485833486028,1,0.978662983069012,0.956643901767084,0.940457074663937,0.943818305471533,0.958087767710677,0.955793971186852,0.952043322087856,0.926083650775995,0.929147709776125,0.933656721306166,0.9275882208939,0.92167631668457,0.904680729083213,0.873152895636818,0.827264568951714,0.754063617256302,0.702514166513972,0,100000,2133.70169309882,98145.9005753798,5005562.1148521,50.055621148521,2025,"Females","GMoH report",28.300968851479
0,1,0.0250052,0.0128397,0.0158808,0.0159218,0.00959836,0.0108168,0.0121021,0.0189213,0.0171227,0.0195368,0.0225513,0.026663,0.0309457,0.0403583,0.0504387,0.0762756,0.0795464,0.22152,0.143712430628,0.0244810211412511,0.0500729565203318,0.0763718834819977,0.0765615074756841,0.0468671798392943,0.0526599691151871,0.0587335031779746,0.0903334349435085,0.0820991041724653,0.0931350956578779,0.106738755743977,0.124983886580275,0.143617629784913,0.18329755564957,0.223953670055437,0.320300263124964,0.331756843550489,1,0.975518978858749,0.949927043479668,0.923628116518002,0.923438492524316,0.953132820160706,0.947340030884813,0.941266496822025,0.909666565056491,0.917900895827535,0.906864904342122,0.893261244256023,0.875016113419725,0.856382370215087,0.81670244435043,0.776046329944563,0.679699736875036,0.668243156449511,0,100000,2448.10211412511,97903.7205911214,4428039.31476493,44.2803931476493,2025,"Females","GMoH report",34.0761968523507
0,1,0.0249465,0.0136636,0.0163033,0.0154907,0.0094948,0.0107584,0.0125083,0.0186523,0.0184927,0.017124,0.019779,0.0240191,0.0311407,0.0370327,0.0450498,0.066396,0.0816646,0.206053,0.143484622385,0.0244246177067894,0.0532005771870929,0.0783241449203021,0.0745658085728513,0.0463732384391694,0.0523831040339041,0.0606450827777283,0.0891064016607576,0.0883776467307554,0.0821050814625867,0.0942353000030969,0.113292538001236,0.14445725026656,0.169473359773765,0.202448355217776,0.284719422979614,0.339093219638728,1,0.975575382293211,0.946799422812907,0.921675855079698,0.925434191427149,0.953626761560831,0.947616895966096,0.939354917222272,0.910893598339242,0.911622353269245,0.917894918537413,0.905764699996903,0.886707461998764,0.85554274973344,0.830526640226235,0.797551644782224,0.715280577020386,0.660906780361272,0,100000,2442.46177067894,97907.9939341767,4467210.98258918,44.6721098258918,2025,"Females","GMoH report",33.6844801741082
0,1,0.0255617,0.0141605,0.0171305,0.0157422,0.0103985,0.0110512,0.0123621,0.0190517,0.0179833,0.0195135,0.0205592,0.0246632,0.0293511,0.040325,0.0535168,0.0643956,0.0735507,0.215692,0.145872145913,0.0250155367867612,0.0550820220534249,0.0821349673543411,0.0757305849634701,0.0506751364831987,0.0537704305449054,0.0599574985188988,0.0909276826701813,0.0860479354079457,0.0930291873801439,0.0977707775742392,0.116154166407638,0.136723068835738,0.183160165786635,0.236008015579577,0.277330792970476,0.310634954187587,1,0.974984463213239,0.944917977946575,0.917865032645659,0.92426941503653,0.949324863516801,0.946229569455095,0.940042501481101,0.909072317329819,0.913952064592054,0.906970812619856,0.902229222425761,0.883845833592362,0.863276931164262,0.816839834213365,0.763991984420423,0.722669207029524,0.689365045812413,0,100000,2501.55367867612,97863.3533245489,4389491.16925409,43.8949116925409,2025,"Females","GMoH report",34.4616783074591
0,1,0.0226122,0.0115638,0.014176,0.0126141,0.008797,0.00950124,0.0103658,0.0159407,0.0160205,0.0158547,0.0161698,0.0190527,0.024791,0.0319364,0.0375791,0.0587526,0.0658236,0.19411,0.134425460858,0.0221781178003421,0.0452096102187059,0.0684539905740555,0.0611423603798319,0.0430384763097576,0.0464039620490526,0.0505198045256208,0.076648906923511,0.0770178392651324,0.0762511521452084,0.07770770488392,0.0909322383557008,0.11672092864491,0.147875474259636,0.171759117380149,0.256140673644138,0.282611701081697,1,0.977821882199658,0.954790389781294,0.931546009425945,0.938857639620168,0.956961523690242,0.953596037950947,0.949480195474379,0.923351093076489,0.922982160734868,0.923748847854792,0.92229229511608,0.909067761644299,0.88327907135509,0.852124525740364,0.828240882619851,0.743859326355861,0.717388298918303,0,100000,2217.8117800342,98080.3185905932,4825470.18902213,48.2547018902213,2025,"Females","GMoH report",30.1018881097787
0,1,0.0236577,0.0123688,0.0146446,0.0138208,0.00927762,0.0104164,0.0109865,0.0180509,0.0164219,0.0161528,0.0196991,0.0210003,0.0275984,0.0343617,0.0458022,0.0656918,0.0711634,0.214972,0.138482931353,0.023185151547288,0.0482808477018897,0.0706368779431832,0.06679606245022,0.0453365615251574,0.0507601548086285,0.0534640432228309,0.0863574268109458,0.0788714522459073,0.0776291785132768,0.0938724910298831,0.0997638243963246,0.12908560930069,0.158216988284188,0.205482162268378,0.282125646189175,0.302075246082357,1,0.976814848452712,0.95171915229811,0.929363122056817,0.93320393754978,0.954663438474843,0.949239845191372,0.946535956777169,0.913642573189054,0.921128547754093,0.922370821486723,0.906127508970117,0.900236175603675,0.87091439069931,0.841783011715812,0.794517837731622,0.717874353810825,0.697924753917643,0,100000,2318.51515472881,98002.5596202844,4642085.05513682,46.4208505513682,2025,"Females","GMoH report",31.9357394486318
0,1,0.0229428,0.0118903,0.0133927,0.0139833,0.00892334,0.00968586,0.0108508,0.0164109,0.0163619,0.0151661,0.016229,0.0196447,0.0258809,0.0315513,0.0406319,0.0613888,0.0724515,0.204321,0.135708483092,0.0224967067852189,0.0464564380297888,0.0647940807856549,0.0675548989536534,0.0436430945712221,0.047284326581347,0.0528211214387315,0.078820703300514,0.0785946072395193,0.0730603967905857,0.0779811113593719,0.0936253931004014,0.121540552769565,0.146222708632786,0.184425594243177,0.266104422127282,0.306704497710347,1,0.977503293214781,0.953543561970211,0.935205919214345,0.932445101046347,0.956356905428778,0.952715673418653,0.947178878561268,0.921179296699486,0.921405392760481,0.926939603209414,0.922018888640628,0.906374606899599,0.878459447230435,0.853777291367214,0.815574405756823,0.733895577872718,0.693295502289653,0,100000,2249.67067852188,98055.6287167169,4772948.90604562,47.7294890604562,2025,"Females","GMoH report",30.6271009395438
0,1,0.0211257,0.011319,0.0125319,0.0120535,0.00797376,0.00926759,0.0110147,0.014912,0.0142438,0.0147411,0.0146212,0.0180937,0.0233338,0.0289131,0.0397944,0.0556669,0.0663339,0.193727,0.128656517873,0.0207438525351825,0.0442737312714763,0.0607560288064996,0.0585045388523578,0.0390895728195853,0.0452886582101456,0.0535975963876718,0.0718803023291686,0.0687701300538475,0.0710857930405258,0.0705279903680757,0.0865533252474266,0.110238303674311,0.134820316749477,0.180968197867003,0.244331550086258,0.284491005264683,1,0.979256147464817,0.955726268728524,0.9392439711935,0.941495461147642,0.960910427180415,0.954711341789854,0.946402403612328,0.928119697670831,0.931229869946153,0.928914206959474,0.929472009631924,0.913446674752573,0.889761696325689,0.865179683250523,0.819031802132997,0.755668449913742,0.715508994735317,0,100000,2074.38525351825,98192.4979299265,4955905.42978735,49.5590542978735,2025,"Females","GMoH report",28.7975357021265
0,1,0.0251547,0.0135171,0.0151361,0.0150306,0.00972091,0.0102461,0.0113961,0.0174842,0.0180911,0.0167843,0.0206184,0.0251954,0.0316285,0.0398213,0.0455479,0.0631223,0.0778892,0.210545,0.144292623683,0.0246246528131203,0.052645179683403,0.0729211456194728,0.0724312857895297,0.0474513736679927,0.0499509928308886,0.0554020808656183,0.0837598165391648,0.0865414260193532,0.0805419014103938,0.098038507112385,0.118512100554239,0.146554270628561,0.18107945204109,0.204457926970366,0.272594517690036,0.325971794298762,1,0.97537534718688,0.947354820316597,0.927078854380527,0.92756871421047,0.952548626332007,0.950049007169111,0.944597919134382,0.916240183460835,0.913458573980647,0.919458098589606,0.901961492887615,0.881487899445761,0.853445729371439,0.81892054795891,0.795542073029634,0.727405482309964,0.674028205701238,0,100000,2462.46528131203,97892.8502948568,4516588.69109968,45.1658869109968,2025,"Females","GMoH report",33.1907030890032
0,1,0.0256305,0.0128359,0.0136568,0.0141791,0.00872293,0.0096283,0.0116878,0.0156045,0.0158716,0.0153693,0.0171096,0.020986,0.025228,0.0331434,0.039156,0.057752,0.0705577,0.196984,0.146139151145,0.0250815923490284,0.0500585079944676,0.066029616822448,0.0684684475870463,0.0426838298502117,0.0470099355928289,0.0567799191523285,0.0750930271447975,0.0763293285716072,0.0740030618536324,0.0820388694002727,0.0996992774106503,0.118656344361143,0.153036615587355,0.178323875798122,0.252328771911428,0.299889684091876,1,0.974918407650972,0.949941492005532,0.933970383177552,0.931531552412954,0.957316170149788,0.952990064407171,0.943220080847672,0.924906972855203,0.923670671428393,0.925996938146368,0.917961130599727,0.90030072258935,0.881343655638857,0.846963384412645,0.821676124201878,0.747671228088572,0.700110315908123,0,100000,2508.15923490284,97858.3810266224,4736475.51647546,47.3647551647546,2025,"Females","GMoH report",30.9918348352454
0,1,0.0232465,0.011897,0.0147496,0.0133686,0.00926206,0.0104548,0.0105117,0.0171235,0.0168526,0.0165012,0.018241,0.0189398,0.0275593,0.0344806,0.0490487,0.0617818,0.0750875,0.210857,0.136887109385,0.0227892484558789,0.0464820071225266,0.0711253247742734,0.0646812554219164,0.0452622459066936,0.0509425154730801,0.0512126694561933,0.0821027825092568,0.0808563986406706,0.0792372266874621,0.0872272206694227,0.0904177640797079,0.128914515483583,0.158721010788514,0.218456038287161,0.267580056208365,0.316099665851027,1,0.977210751544121,0.953517992877473,0.928874675225727,0.935318744578084,0.954737754093306,0.94905748452692,0.948787330543807,0.917897217490743,0.919143601359329,0.920762773312538,0.912772779330577,0.909582235920292,0.871085484516417,0.841278989211486,0.781543961712839,0.732419943791635,0.683900334148973,0,100000,2278.9248455879,98033.0305890303,4681864.88462252,46.8186488462252,2025,"Females","GMoH report",31.5379411537748
0,1,0.0218857,0.0118102,0.0137275,0.0133651,0.00843751,0.0095505,0.0110484,0.0166409,0.0157704,0.0158909,0.0158276,0.0220491,0.0267035,0.0296989,0.038199,0.0627513,0.0674488,0.199905,0.131605994273,0.0214775110812768,0.0461507019594373,0.0663601041748494,0.0646648689016078,0.0413160387742056,0.0466389370785776,0.0537571731212188,0.0798812598571096,0.0758611002611057,0.0764185992047434,0.0761257790488173,0.104485947251161,0.125161851262059,0.138231212600265,0.174345445790611,0.27120961086441,0.288582621241086,1,0.978522488918723,0.953849298040563,0.933639895825151,0.935335131098392,0.958683961225794,0.953361062921422,0.946242826878781,0.92011874014289,0.924138899738894,0.923581400795257,0.923874220951183,0.895514052748839,0.874838148737941,0.861768787399735,0.825654554209389,0.72879038913559,0.711417378758914,0,100000,2147.75110812768,98134.9058119084,4788577.89529302,47.8857789529302,2025,"Females","GMoH report",30.4708110470698
0,1,0.0226422,0.0121249,0.0142491,0.0130939,0.00871384,0.0103582,0.0106486,0.0160717,0.0164771,0.0164561,0.0180154,0.0212112,0.0259295,0.0315639,0.0427394,0.0618229,0.0693212,0.201778,0.134541887558,0.0222070337279884,0.0473513394876914,0.0687948386610858,0.0633943033290978,0.0426402981606887,0.0504836993631418,0.0518623465415443,0.0772544732073823,0.0791260792009933,0.0790292182057124,0.0861949105224353,0.100715270629081,0.121754891361129,0.146276831773927,0.193067976330997,0.267734233187657,0.295410477941333,1,0.977792966272012,0.952648660512309,0.931205161338914,0.936605696670902,0.957359701839311,0.949516300636858,0.948137653458456,0.922745526792618,0.920873920799007,0.920970781794288,0.913805089477565,0.899284729370919,0.878245108638871,0.853723168226073,0.806932023669003,0.732265766812343,0.704589522058667,0,100000,2220.70337279883,98078.0742506839,4738383.14264255,47.3838314264256,2025,"Females","GMoH report",30.9727585735744
0,1,0.023943,0.0133521,0.0154057,0.0148705,0.00954569,0.0100596,0.0108004,0.0180484,0.0164848,0.0167196,0.0200965,0.0208108,0.0268887,0.0333407,0.0480337,0.0606112,0.068313,0.212089,0.13959014927,0.0234597113414996,0.0520192670878331,0.0741718276855614,0.0716874301739941,0.0466159953972413,0.0490640872692652,0.0525822272811808,0.0863459829053287,0.0791615924518734,0.0802438858167459,0.0956756364311533,0.0989081078717561,0.125975224923967,0.153877537928009,0.21442003135032,0.263177274021995,0.291740780204692,1,0.9765402886585,0.947980732912167,0.925828172314439,0.928312569826006,0.953384004602759,0.950935912730735,0.947417772718819,0.913654017094671,0.920838407548127,0.919756114183254,0.904324363568847,0.901091892128244,0.874024775076033,0.846122462071991,0.78557996864968,0.736822725978005,0.708259219795308,0,100000,2345.97113414996,97981.5033266491,4595875.64041045,45.9587564041045,2025,"Females","GMoH report",32.3978335958955
0,1,0.0226357,0.010886,0.013168,0.0128115,0.00851444,0.00913515,0.0106665,0.0143536,0.0150594,0.0143185,0.0158426,0.0180534,0.0221304,0.0284253,0.0376439,0.0579787,0.0759408,0.201101,0.134516661773,0.0222007687097251,0.0426161609439288,0.0637416256825311,0.0620694917656121,0.0416848912366476,0.0446559040453992,0.0519472613422327,0.0692818887056852,0.0725650352696506,0.0691183232223519,0.0761951757708325,0.0863688705796915,0.104851012862376,0.132696645132769,0.172029816935641,0.253193871243357,0.319118680306458,1,0.977799231290275,0.957383839056071,0.936258374317469,0.937930508234388,0.958315108763352,0.955344095954601,0.948052738657767,0.930718111294315,0.927434964730349,0.930881676777648,0.923804824229167,0.913631129420309,0.895148987137624,0.867303354867231,0.827970183064359,0.746806128756643,0.680881319693542,0,100000,2220.07687097251,98078.5604585902,4918806.86307813,49.1880686307813,2025,"Females","GMoH report",29.1685213692187
0,1,0.0235396,0.0127137,0.0154794,0.0150744,0.00935007,0.0107409,0.0121978,0.0172565,0.0177764,0.0176682,0.0199375,0.0224375,0.0323768,0.0404097,0.0478412,0.0660806,0.0779718,0.212776,0.138024598244,0.0230714671009294,0.0495937596362258,0.0745134415809785,0.0726346891063385,0.0456825132581509,0.0523001239954434,0.0591842071937308,0.0827141099060171,0.0851000678832026,0.0846039990595406,0.0949546063402292,0.106228732060956,0.149761966877039,0.183509582100485,0.213652517901435,0.283558680623051,0.326261089043328,1,0.976928532899071,0.950406240363774,0.925486558419021,0.927365310893661,0.954317486741849,0.947699876004557,0.940815792806269,0.917285890093983,0.914899932116797,0.915396000940459,0.905045393659771,0.893771267939044,0.850238033122961,0.816490417899515,0.786347482098565,0.716441319376949,0.673738910956672,0,100000,2307.14671009294,98011.2962876576,4523970.4564692,45.239704564692,2025,"Females","GMoH report",33.116885435308
0,1,0.0213268,0.0109764,0.0123819,0.0116058,0.00910254,0.00967063,0.0107303,0.0150059,0.0147029,0.0153112,0.0138104,0.0180336,0.0202967,0.0275941,0.0372506,0.0589786,0.0686895,0.188432,0.129436964852,0.02093805725064,0.0429624538432695,0.0600506472277275,0.0563927913552239,0.0445000414810429,0.04721173201994,0.0522498583620444,0.0723165622464644,0.0709081127718181,0.0737336243279738,0.0667474766221439,0.0862782321803798,0.0965827235855052,0.129066794887956,0.170385586663575,0.256999345939005,0.293113031121883,1,0.97906194274936,0.957037546156731,0.939949352772273,0.943607208644776,0.955499958518957,0.95278826798006,0.947750141637956,0.927683437753536,0.929091887228182,0.926266375672026,0.933252523377856,0.91372176781962,0.903417276414495,0.870933205112044,0.829614413336425,0.743000654060995,0.706886968878117,0,100000,2093.805725064,98177.210132978,4965381.03158544,49.6538103158544,2025,"Females","GMoH report",28.7027796841456
0,1,0.0227719,0.0116237,0.0136404,0.0127196,0.00873035,0.00888208,0.0102691,0.0150353,0.0164736,0.0158961,0.0165362,0.0174235,0.0232913,0.0296186,0.0416488,0.058711,0.0625848,0.195105,0.135045238991,0.0223320334557221,0.0454384736281763,0.0659529388328606,0.0616379740627777,0.0427193625332692,0.043445679986758,0.0500603140719104,0.0724531142290788,0.0791099363801211,0.0764426499791655,0.0793986212963003,0.0834811648122351,0.11004856466457,0.137883229450494,0.188605969267889,0.2559825249449,0.270587360414782,1,0.977667966544278,0.954561526371824,0.934047061167139,0.938362025937222,0.957280637466731,0.956554320013242,0.94993968592809,0.927546885770921,0.920890063619879,0.923557350020834,0.9206013787037,0.916518835187765,0.88995143533543,0.862116770549506,0.811394030732111,0.7440174750551,0.729412639585218,0,100000,2233.20334557221,98068.3801339461,4861319.43489517,48.6131943489517,2025,"Females","GMoH report",29.7433956510483
0,1,0.023786,0.0134802,0.0148674,0.0153865,0.00965498,0.00969834,0.0113498,0.0172922,0.0175299,0.0182747,0.021317,0.0246868,0.0311896,0.0390691,0.0437197,0.0651685,0.0686369,0.20779,0.13898084954,0.023308634469084,0.052505237787163,0.071673021307531,0.0740828120316862,0.0471371298842748,0.0473438091059876,0.0551832041731879,0.0828781367109186,0.0839695552342479,0.0873813309769871,0.101192213938673,0.116258852406055,0.144667682151889,0.177963331967565,0.197059990800499,0.280193091320672,0.29292144942065,1,0.976691365530916,0.947494762212837,0.928326978692469,0.925917187968314,0.952862870115725,0.952656190894012,0.944816795826812,0.917121863289081,0.916030444765752,0.912618669023013,0.898807786061327,0.883741147593945,0.855332317848111,0.822036668032435,0.802940009199501,0.719806908679328,0.70707855057935,0,100000,2330.86344690841,97993.0819351047,4534607.64069121,45.3460764069121,2025,"Females","GMoH report",33.0105135930879
0,1,0.0268028,0.0143728,0.0169685,0.0166531,0.00992497,0.0117171,0.0119778,0.020271,0.0195018,0.0193667,0.0248177,0.0282674,0.0362388,0.0437159,0.0477127,0.075781,0.0832965,0.226052,0.150688718492,0.0262062431661631,0.0558847590696864,0.0813898411990354,0.0799374827644388,0.0484233492777959,0.0569182091295212,0.0581477934005182,0.0964663276790452,0.0929760015332473,0.0923616491247398,0.116839293654666,0.13200817993618,0.166142030465882,0.197044550353052,0.213139810418601,0.318554124691822,0.344701441040852,1,0.973793756833837,0.944115240930314,0.918610158800965,0.920062517235561,0.951576650722204,0.943081790870479,0.941852206599482,0.903533672320955,0.907023998466753,0.90763835087526,0.883160706345334,0.86799182006382,0.833857969534118,0.802955449646948,0.786860189581399,0.681445875308178,0.655298558959148,0,100000,2620.6243166163,97774.2742033036,4285253.14485029,42.8525314485029,2025,"Females","GMoH report",35.5040585514971
0,1,0.0237802,0.0122976,0.014401,0.0141625,0.00874177,0.0102555,0.0105111,0.0167128,0.0156961,0.016394,0.0190184,0.0199931,0.0292586,0.0369639,0.0425319,0.0625583,0.0685488,0.214446,0.138958340378,0.0233030526850385,0.0480095944232415,0.0695027280339574,0.068391030090846,0.0427740477808275,0.0499956734279004,0.0512098211229855,0.0802125588654824,0.0755171867140442,0.078742729242016,0.0907759659241694,0.0952068022069886,0.136321555351483,0.169185143212059,0.192220719003534,0.270488282233829,0.29260047192523,1,0.976696947314961,0.951990405576759,0.930497271966043,0.931608969909154,0.957225952219173,0.9500043265721,0.948790178877015,0.919787441134518,0.924482813285956,0.921257270757984,0.909224034075831,0.904793197793011,0.863678444648517,0.830814856787941,0.807779280996466,0.729511717766171,0.70739952807477,0,100000,2330.30526850386,97993.5100841815,4681921.68383703,46.8192168383703,2025,"Females","GMoH report",31.5373731616297
0,1,0.0231532,0.0129416,0.0128741,0.0137172,0.00873106,0.00969304,0.010739,0.0158756,0.0162175,0.0157911,0.0153824,0.0186557,0.0250142,0.0320895,0.0390485,0.0615439,0.0704639,0.213559,0.136525022348,0.0226993890728302,0.0504603253079883,0.0623633209251925,0.0663119638245642,0.0427227624932639,0.0473185485406342,0.0522911143085999,0.0763478309379055,0.0779280063908894,0.0759568927762042,0.0740638024143536,0.0891219204706875,0.117709949455806,0.148531727801763,0.177877842652919,0.266687090870446,0.29955072004462,1,0.97730061092717,0.949539674692012,0.937636679074808,0.933688036175436,0.957277237506736,0.952681451459366,0.9477088856914,0.923652169062095,0.922071993609111,0.924043107223796,0.925936197585646,0.910878079529313,0.882290050544194,0.851468272198237,0.822122157347081,0.733312909129554,0.70044927995538,0,100000,2269.93890728302,98039.9645527624,4787512.45529679,47.8751245529679,2025,"Females","GMoH report",30.4814654470321
0,1,0.0222589,0.0121284,0.0143924,0.0150316,0.00930788,0.00988214,0.011025,0.0162672,0.0158819,0.0171416,0.0198642,0.0202654,0.0281029,0.0337784,0.0427134,0.0615961,0.067595,0.204135,0.133054342421,0.0218374962296265,0.0473646843252591,0.069462663890554,0.0724359301797743,0.0454810691648546,0.0482194222953945,0.0536463718751901,0.0781574911499152,0.0763769714430948,0.0821860011084965,0.0946220230255402,0.0964409632579794,0.131290397705785,0.155740350372448,0.192961857490647,0.266883104081685,0.28911771939392,1,0.978162503770374,0.952635315674741,0.930537336109446,0.927564069820226,0.954518930835145,0.951780577704606,0.94635362812481,0.921842508850085,0.923623028556905,0.917813998891504,0.90537797697446,0.903559036742021,0.868709602294215,0.844259649627552,0.807038142509352,0.733116895918315,0.71088228060608,0,100000,2183.74962296266,98106.8077471327,4674416.49149621,46.7441649149621,2025,"Females","GMoH report",31.6124250850379
0,1,0.0243579,0.0144067,0.015827,0.0169082,0.00997659,0.0107636,0.0123724,0.0192226,0.0181074,0.0178976,0.022544,0.028908,0.0307927,0.0427157,0.0518597,0.0674312,0.0760851,0.236869,0.141200330531,0.0238588081739316,0.0560128785258823,0.0761230030757984,0.0811123407982861,0.0486690715682083,0.0524077595970042,0.0600059557817157,0.0917059337926915,0.0866160225817577,0.0856554332927492,0.106706047180885,0.134798138528542,0.142958318467328,0.192971245429064,0.229538947598115,0.288518181927094,0.319628150513427,1,0.976141191826068,0.943987121474118,0.923876996924202,0.918887659201714,0.951330928431792,0.947592240402996,0.939994044218284,0.908294066207308,0.913383977418242,0.914344566707251,0.893293952819115,0.865201861471458,0.857041681532672,0.807028754570936,0.770461052401885,0.711481818072906,0.680371849486573,0,100000,2385.88081739316,97951.0063426303,4372640.5039409,43.726405039409,2025,"Females","GMoH report",34.630184960591
0,1,0.02426,0.0127437,0.0155657,0.0152673,0.0100827,0.0104747,0.0122729,0.0182164,0.0178923,0.0169899,0.0202876,0.0225782,0.0292146,0.0378273,0.0477362,0.0722541,0.0666178,0.23205,0.1408203914,0.0237646566894172,0.0497078754941309,0.0749133049238664,0.0735299889974482,0.0491739836867051,0.0510370066656971,0.0595377479334683,0.0871147090358006,0.0856311542471589,0.0814883046327981,0.0965415110985906,0.106859274804048,0.136130504414342,0.172795529196101,0.213233596032664,0.305996708128103,0.285534756710953,1,0.976235343310583,0.950292124505869,0.925086695076134,0.926470011002552,0.950826016313295,0.948962993334303,0.940462252066532,0.912885290964199,0.914368845752841,0.918511695367202,0.903458488901409,0.893140725195952,0.863869495585658,0.827204470803899,0.786766403967336,0.694003291871897,0.714465243289047,0,100000,2376.46566894172,97958.1891567073,4509446.61551818,45.0944661551818,2025,"Females","GMoH report",33.2621238448182
0,1,0.021835,0.0111088,0.0123337,0.0121258,0.00865962,0.00907956,0.0101113,0.0155039,0.0148446,0.0134004,0.0140737,0.0192974,0.0227779,0.0286045,0.0359595,0.0574837,0.0671975,0.187404,0.13140923315,0.0214285921906438,0.0434694139486544,0.0598238756618729,0.0588451390327905,0.0423806002658154,0.0443901914825566,0.049310028765362,0.0746269770271711,0.0715670398023742,0.0648301259505313,0.0679767877071159,0.0920463613654652,0.107753503671786,0.133477366663206,0.164967158646617,0.251303816944735,0.287662070109536,1,0.978571407809356,0.956530586051346,0.940176124338127,0.94115486096721,0.957619399734185,0.955609808517443,0.950689971234638,0.925373022972829,0.928432960197626,0.935169874049469,0.932023212292884,0.907953638634535,0.892246496328214,0.866522633336794,0.835032841353383,0.748696183055265,0.712337929890464,0,100000,2142.85921906438,98138.7322676613,4968880.2687192,49.688802687192,2025,"Females","GMoH report",28.667787312808
0,1,0.0212261,0.0112326,0.0125926,0.0127236,0.00875729,0.00961538,0.0111996,0.0160949,0.0146633,0.0139269,0.0141658,0.0183815,0.022186,0.0289527,0.0387212,0.0581689,0.0675857,0.197204,0.129046159229,0.0208408167928092,0.0439432070646512,0.0610413274498864,0.0616567601174248,0.0428483611876378,0.0469483348012958,0.0544728156350347,0.0773616787901029,0.0707238861022907,0.0672915918245468,0.0684064208102166,0.0878695640223098,0.105100595472138,0.134992506166764,0.176518481441061,0.253919024185186,0.289083690968308,1,0.979159183207191,0.956056792935349,0.938958672550114,0.938343239882575,0.957151638812362,0.953051665198704,0.945527184364965,0.922638321209897,0.929276113897709,0.932708408175453,0.931593579189783,0.91213043597769,0.894899404527862,0.865007493833236,0.823481518558939,0.746080975814814,0.710916309031692,0,100000,2084.08167928092,98184.8610569498,4914287.54355717,49.1428754355717,2025,"Females","GMoH report",29.2137145644283
0,1,0.0241902,0.0118995,0.0145915,0.0144651,0.00920429,0.00991423,0.0113366,0.0167802,0.0165539,0.0164853,0.0168978,0.0217022,0.0267346,0.0338101,0.042356,0.0633833,0.0742225,0.215348,0.140549505278,0.0236975218996281,0.0464915476573038,0.0703897692065563,0.0698012932813885,0.0449862830128198,0.0483722167927666,0.0551207940163846,0.080523019087759,0.0794802305295905,0.0791638984617224,0.0810644719161387,0.102926662464649,0.125298487631422,0.155875116784971,0.191501867274322,0.273567476428261,0.313028167157822,1,0.976302478100372,0.953508452342696,0.929610230793444,0.930198706718611,0.95501371698718,0.951627783207233,0.944879205983615,0.919476980912241,0.920519769470409,0.920836101538278,0.918935528083861,0.897073337535351,0.874701512368578,0.844124883215029,0.808498132725678,0.726432523571739,0.686971832842179,0,100000,2369.7521899628,97963.3153079679,4674021.32386275,46.7402132386275,2025,"Females","GMoH report",31.6163767613725
0,1,0.0209341,0.0114388,0.0127535,0.0129986,0.00805474,0.00914549,0.0102436,0.0146087,0.0151413,0.0137578,0.0160153,0.0175393,0.0214264,0.0271651,0.0403422,0.0572511,0.0697244,0.193261,0.127912939349,0.020558771709059,0.0447318427933117,0.0617971743425555,0.0629474288774829,0.0394787228791902,0.0447053198606686,0.0499391093486894,0.0704698188918853,0.0729452839310375,0.0665017070373054,0.076993802872154,0.0840126905419442,0.101685134106454,0.127187825035332,0.183231132514667,0.250414269096346,0.296873656126869,1,0.979441228290941,0.955268157206688,0.938202825657445,0.937052571122517,0.96052127712081,0.955294680139331,0.950060890651311,0.929530181108115,0.927054716068963,0.933498292962695,0.923006197127846,0.915987309458056,0.898314865893546,0.872812174964668,0.816768867485333,0.749585730903654,0.703126343873131,0,100000,2055.87717090589,98207.0961209652,4946708.77180727,49.4670877180727,2025,"Females","GMoH report",28.8895022819273
0,1,0.0236846,0.0117184,0.014273,0.0133453,0.00886882,0.00971889,0.0102204,0.0161343,0.0151433,0.0152564,0.0154393,0.020246,0.025332,0.0294148,0.0386184,0.0576259,0.0666719,0.201757,0.138587327294,0.0232110433135071,0.0458001901045575,0.0689062526401672,0.0645721627898031,0.0433822270918091,0.0474417471940335,0.0498288237250025,0.0775437160551293,0.0729545677360083,0.0734794213888094,0.0743275852814118,0.0963530884291582,0.119116360866335,0.136999469976349,0.176091107896978,0.251847196585683,0.285733509988495,1,0.976788956686493,0.954199809895443,0.931093747359833,0.935427837210197,0.956617772908191,0.952558252805967,0.950171176274998,0.922456283944871,0.927045432263992,0.926520578611191,0.925672414718588,0.903646911570842,0.880883639133665,0.863000530023651,0.823908892103022,0.748152803414317,0.714266490011505,0,100000,2321.10433135071,98000.5713143017,4809545.19786771,48.0954519786771,2025,"Females","GMoH report",30.2611380213229
0,1,0.0237952,0.0131859,0.0148693,0.0150267,0.00931015,0.0109618,0.011464,0.0181835,0.0169108,0.0177872,0.0196299,0.0231828,0.0315156,0.0390321,0.0476636,0.0651209,0.0727087,0.224079,0.139016553728,0.0233174882456253,0.0513883955112563,0.0716818525738106,0.0724131724537241,0.0454919087640509,0.0533470507477824,0.0557229794101064,0.086964215470003,0.0811243076456643,0.085149568967168,0.0935581568424938,0.109563999292977,0.14606934256838,0.177809777462741,0.212943826569772,0.28001708803023,0.307625816914307,1,0.976682511754375,0.948611604488744,0.928318147426189,0.927586827546276,0.954508091235949,0.946652949252218,0.944277020589894,0.913035784529997,0.918875692354336,0.914850431032832,0.906441843157506,0.890436000707023,0.85393065743162,0.822190222537259,0.787056173430227,0.71998291196977,0.692374183085693,0,100000,2331.74882456253,97992.4028611875,4535280.50704261,45.3528050704261,2025,"Females","GMoH report",33.0037849295739
0,1,0.0237695,0.0124399,0.0140309,0.0135741,0.00921556,0.00998557,0.0110897,0.0169769,0.0152325,0.0171065,0.0172479,0.0199342,0.0255084,0.0335349,0.0382504,0.060421,0.0685471,0.214426,0.138916814855,0.0232927551434972,0.0485516447880034,0.067777066880757,0.0656428920476403,0.0450401250626931,0.0487118119791387,0.0539527018069292,0.0814284916022926,0.0733685344957343,0.0820246148165996,0.0826745922507938,0.0949396357810343,0.119896105458788,0.154704500145202,0.174559566859494,0.26245979223363,0.292594277074813,1,0.976707244856503,0.951448355211997,0.932222933119243,0.93435710795236,0.954959874937307,0.951288188020861,0.946047298193071,0.918571508397707,0.926631465504266,0.9179753851834,0.917325407749206,0.905060364218966,0.880103894541212,0.845295499854798,0.825440433140506,0.73754020776637,0.707405722925187,0,100000,2329.27551434972,97994.3000210235,4724433.6785696,47.244336785696,2025,"Females","GMoH report",31.112253214304
0,1,0.0256935,0.0150178,0.0174016,0.0166186,0.00998736,0.010767,0.0117807,0.0188862,0.0181939,0.018764,0.0229558,0.0252557,0.0317291,0.0418369,0.0514406,0.0757874,0.0828904,0.220223,0.146383647215,0.0251420741794307,0.0583195376936487,0.0833806099449547,0.0797784832458272,0.048720331280457,0.0524238802045929,0.0572183203341002,0.0901734170283003,0.087011790463706,0.0896161083569743,0.108549403980274,0.118778889971375,0.146986154048916,0.189377120833502,0.227895320004448,0.318576742469431,0.343309372064551,1,0.974857925820569,0.941680462306351,0.916619390055045,0.920221516754173,0.951279668719543,0.947576119795407,0.9427816796659,0.9098265829717,0.912988209536294,0.910383891643026,0.891450596019726,0.881221110028625,0.853013845951084,0.810622879166498,0.772104679995552,0.681423257530569,0.656690627935449,0,100000,2514.20741794306,97853.8314337505,4342003.38937484,43.4200338937484,2025,"Females","GMoH report",34.9365561062516
0,1,0.0232285,0.0131848,0.014647,0.014799,0.00917067,0.0100316,0.0114573,0.0171123,0.0156036,0.0167088,0.0180708,0.0228613,0.0278894,0.0349652,0.0489379,0.068546,0.073142,0.214242,0.136817253365,0.0227719131126528,0.0513842187063997,0.0706480452047163,0.0713550418395416,0.0448256469604725,0.0489308628895919,0.0556913196095925,0.0820512845101907,0.0750888587105598,0.0801941307694966,0.0864485154189195,0.108126707267844,0.130357985030711,0.160772402022047,0.218016344799581,0.292590268618236,0.309175680873818,1,0.977228086887347,0.9486157812936,0.929351954795284,0.928644958160458,0.955174353039527,0.951069137110408,0.944308680390407,0.917948715489809,0.92491114128944,0.919805869230503,0.91355148458108,0.891873292732156,0.869642014969289,0.839227597977953,0.781983655200419,0.707409731381764,0.690824319126182,0,100000,2277.19131126528,98034.3677493287,4616871.2074059,46.168712074059,2025,"Females","GMoH report",32.187877925941
0,1,0.0250341,0.0139826,0.0161076,0.0155656,0.0103721,0.0100911,0.0121118,0.0185,0.0175575,0.0201514,0.022115,0.0229923,0.0284441,0.0389389,0.0502891,0.0706674,0.0822132,0.225928,0.143824588349,0.0245087888912057,0.0544088457469183,0.0774203595416186,0.074912841678907,0.0505497327912887,0.0492139429507248,0.0587791953542704,0.0884109916367981,0.084096202319441,0.0959244691318415,0.104781872238608,0.108712617227311,0.132778581850001,0.177422871383694,0.223363612399234,0.300285934398686,0.340982785207871,1,0.975491211108794,0.945591154253082,0.922579640458381,0.925087158321093,0.949450267208711,0.950786057049275,0.94122080464573,0.911589008363202,0.915903797680559,0.904075530868159,0.895218127761392,0.891287382772689,0.867221418149999,0.822577128616306,0.776636387600766,0.699714065601314,0.659017214792129,0,100000,2450.87888912056,97901.6177582005,4434084.60933846,44.3408460933846,2025,"Females","GMoH report",34.0157439066154
0,1,0.0253902,0.0124417,0.0138118,0.0138611,0.00985706,0.00962527,0.0115452,0.0165047,0.0159273,0.0181299,0.0181699,0.0211697,0.0268879,0.0305125,0.0448583,0.0597114,0.0761887,0.200791,0.145206573278,0.0248508526005208,0.0485584994351553,0.0667540171643245,0.066984309470013,0.0480999888107332,0.0469954893163696,0.056106595338738,0.0792533673689637,0.0765869419968346,0.0867189837416554,0.0869019984460861,0.100528124411609,0.125971712948528,0.141749658836851,0.2016745556956,0.259777764919469,0.319993733576626,1,0.975149147399479,0.951441500564845,0.933245982835676,0.933015690529987,0.951900011189267,0.95300451068363,0.943893404661262,0.920746632631036,0.923413058003165,0.913281016258345,0.913098001553914,0.899471875588391,0.874028287051472,0.858250341163149,0.7983254443044,0.740222235080531,0.680006266423374,0,100000,2485.08526005207,97875.7654548638,4678602.39342275,46.7860239342275,2025,"Females","GMoH report",31.5705660657725
0,1,0.0223661,0.0114619,0.0133141,0.0134352,0.00876517,0.00941995,0.0100815,0.0159958,0.014415,0.0145742,0.0163381,0.0188587,0.0230614,0.0303286,0.0394087,0.0598576,0.0683002,0.20137,0.133470373829,0.0219408665174368,0.0448201518040738,0.064426062406291,0.0649930146247828,0.0428860903192902,0.0460160771354693,0.0491682750867815,0.0769036610465779,0.0695679451757296,0.0703092474157823,0.0784847699501919,0.0900480281297726,0.109021527371677,0.140955539557445,0.179371505388947,0.260331024212713,0.291694088535516,1,0.978059133482563,0.955179848195926,0.935573937593709,0.935006985375217,0.95711390968071,0.953983922864531,0.950831724913218,0.923096338953422,0.93043205482427,0.929690752584218,0.921515230049808,0.909951971870227,0.890978472628323,0.859044460442555,0.820628494611053,0.739668975787287,0.708305911464484,0,100000,2194.08665174368,98098.7589138778,4862340.05002989,48.6234005002989,2025,"Females","GMoH report",29.7331894997011
0,1,0.0227682,0.0112997,0.0129705,0.0130578,0.00837094,0.0095601,0.0109449,0.0153738,0.0145663,0.0144388,0.0169071,0.0184062,0.0241551,0.0303098,0.0410998,0.0595063,0.0629315,0.204691,0.135030879698,0.0223284678449182,0.0441999085859037,0.0628156248448739,0.0632250498598501,0.0409967467322724,0.0466847234386357,0.0532669951616385,0.0740239273637384,0.0702724751143545,0.0696788042046256,0.0811072778563858,0.0879824438547995,0.113897487027741,0.140874318920926,0.186351478735651,0.259001019137278,0.271882557138583,1,0.977671532155082,0.955800091414096,0.937184375155126,0.93677495014015,0.959003253267728,0.953315276561364,0.946733004838362,0.925976072636262,0.929727524885646,0.930321195795374,0.918892722143614,0.912017556145201,0.88610251297226,0.859125681079074,0.813648521264349,0.740998980862722,0.728117442861417,0,100000,2232.84678449182,98068.656481049,4871171.40946565,48.7117140946565,2025,"Females","GMoH report",29.6448759053435
0,1,0.0251523,0.0127667,0.0153488,0.0140409,0.00913321,0.0101233,0.0109598,0.0165608,0.0167341,0.0153199,0.0177485,0.0219463,0.0261574,0.0355612,0.0433206,0.0668144,0.0752256,0.210775,0.144283309547,0.024622347239274,0.0497953552756058,0.0739080021418143,0.0678237343218991,0.0446466323278914,0.0493671049657506,0.0533375770574153,0.079512042419738,0.0803106825191411,0.0737739751935797,0.0849721782364269,0.104024137668703,0.122759337277729,0.163289108396248,0.195436891495681,0.286256807844831,0.316589005306111,1,0.975377652760726,0.950204644724394,0.926091997858186,0.932176265678101,0.955353367672109,0.950632895034249,0.946662422942585,0.920487957580262,0.919689317480859,0.92622602480642,0.915027821763573,0.895975862331297,0.877240662722271,0.836710891603752,0.804563108504319,0.713743192155169,0.683410994693889,0,100000,2462.23472392739,97893.0246509224,4646294.1255013,46.462941255013,2025,"Females","GMoH report",31.893648744987
0,1,0.0253966,0.0148426,0.0157156,0.0158586,0.00974276,0.010314,0.0115649,0.0187414,0.0183982,0.0182461,0.0234238,0.0245847,0.0341549,0.040154,0.0494267,0.0677037,0.0796936,0.209971,0.145231410974,0.0248569989000569,0.0576587873653035,0.0756074585606121,0.0762691934229568,0.0475554955504278,0.0502736928303689,0.056199641903379,0.0895130025356938,0.0879458850444385,0.087250544595634,0.110639978196785,0.115805868652356,0.157339696039363,0.1824543228052,0.219954444184113,0.28951534914092,0.332268764894925,1,0.975143001099943,0.942341212634697,0.924392541439388,0.923730806577043,0.952444504449572,0.949726307169631,0.943800358096621,0.910486997464306,0.912054114955561,0.912749455404366,0.889360021803215,0.884194131347644,0.842660303960637,0.8175456771948,0.780045555815887,0.71048465085908,0.667731235105075,0,100000,2485.69989000569,97875.3018122777,4412528.11148882,44.1252811148882,2025,"Females","GMoH report",34.2313088851118
0,1,0.0254974,0.0129817,0.0150943,0.014513,0.00952083,0.0103085,0.01157,0.0185066,0.0169773,0.0164403,0.0187983,0.0221864,0.0268116,0.0335878,0.0472401,0.0649159,0.0726925,0.20945,0.145622604686,0.0249537964614841,0.0506127216623907,0.072727088760313,0.0700243418179888,0.0464974150399138,0.0502475576304171,0.0562237286488325,0.0884411380847996,0.0814303320588435,0.078956335397895,0.089772570710053,0.105102390792314,0.125636697784221,0.154929635935328,0.211251629717461,0.279258678827719,0.307567816286486,1,0.975046203538516,0.949387278337609,0.927272911239687,0.929975658182011,0.953502584960086,0.949752442369583,0.943776271351167,0.9115588619152,0.918569667941156,0.921043664602105,0.910227429289947,0.894897609207686,0.874363302215779,0.845070364064672,0.78874837028254,0.720741321172281,0.692432183713514,0,100000,2495.37964614842,97868.0040376041,4585677.96890735,45.8567796890735,2025,"Females","GMoH report",32.4998103109265
0,1,0.0231575,0.0120446,0.0136639,0.0134836,0.00904552,0.00951685,0.0103789,0.0151696,0.0153423,0.0148326,0.0174863,0.019881,0.0249481,0.0326719,0.0377538,0.0559612,0.0645115,0.195233,0.136541710175,0.0227035307484267,0.0470451206789409,0.066062810895512,0.0652195153568364,0.0442274493068644,0.0464784293979601,0.0505820352849525,0.073076641449663,0.0738778592982222,0.0715112553834969,0.0837694554288368,0.094698259745023,0.117417162236988,0.151023905180808,0.172488736819646,0.245464745684501,0.277760615183908,1,0.977296469251573,0.952954879321059,0.933937189104488,0.934780484643164,0.955772550693136,0.95352157060204,0.949417964715047,0.926923358550337,0.926122140701778,0.928488744616503,0.916230544571163,0.905301740254977,0.882582837763011,0.848976094819192,0.827511263180354,0.754535254315499,0.722239384816092,0,100000,2270.35307484267,98039.6448166974,4814919.83695464,48.1491983695464,2025,"Females","GMoH report",30.2073916304536
0,1,0.0216863,0.0113821,0.0130412,0.0126324,0.00871007,0.00866385,0.0100663,0.0149746,0.0161159,0.0150697,0.0150651,0.0184791,0.0226591,0.0307755,0.0355804,0.0570278,0.0669801,0.202468,0.130832144807,0.021285096474593,0.0445150504876882,0.063147211464619,0.061228347555839,0.0426222431955249,0.0424008632033394,0.0490959632625261,0.0721711642110144,0.0774587080186073,0.0726128647790961,0.0725915043206475,0.0883155216114735,0.107221635592372,0.142884170525018,0.163370068993003,0.249559435990546,0.286864900667073,1,0.978714903525407,0.955484949512312,0.936852788535381,0.938771652444161,0.957377756804475,0.957599136796661,0.950904036737474,0.927828835788986,0.922541291981393,0.927387135220904,0.927408495679352,0.911684478388527,0.892778364407628,0.857115829474982,0.836629931006997,0.750440564009454,0.713135099332927,0,100000,2128.5096474593,98149.9678349602,4912994.18107174,49.1299418107174,2025,"Females","GMoH report",29.2266481892826
0,1,0.024246,0.0129517,0.0145421,0.0148287,0.00899885,0.010008,0.0107137,0.0166962,0.0165456,0.0151049,0.0186734,0.02092,0.0262618,0.0356383,0.0426943,0.0614904,0.0678652,0.219196,0.14076605894,0.0237511917515516,0.0504987116720736,0.0701598221266308,0.0714931247524581,0.0440042802076338,0.0488185596378607,0.0521711352701407,0.0801360799546528,0.0794419626566695,0.0727763030501447,0.0892027054978893,0.0994013114130951,0.123219110884438,0.163614172583081,0.192883893016016,0.266486150091096,0.290105782605759,1,0.976248808248448,0.949501288327926,0.929840177873369,0.928506875247542,0.955995719792366,0.951181440362139,0.947828864729859,0.919863920045347,0.920558037343331,0.927223696949855,0.910797294502111,0.900598688586905,0.876780889115562,0.836385827416919,0.807116106983984,0.733513849908904,0.709894217394241,0,100000,2375.11917515517,97959.2169906442,4663764.56267008,46.6376456267008,2025,"Females","GMoH report",31.7189443732992
0,1,0.0236243,0.0136928,0.0154834,0.0152773,0.0095467,0.01019,0.0114715,0.0163722,0.0166046,0.0160272,0.0206371,0.0204601,0.0276836,0.0365453,0.0456396,0.0634302,0.0756651,0.212819,0.138353309627,0.0231530021215584,0.0533112397136966,0.074531978894945,0.0735763789641283,0.0466208127180612,0.0496842926448719,0.0557584182622612,0.0786421379717474,0.0797139541906162,0.0770488083471465,0.0981230614227799,0.0973224332106661,0.129458319187362,0.167429588636048,0.204827398642311,0.273742194617442,0.31814442556328,1,0.976846997878442,0.946688760286303,0.925468021105055,0.926423621035872,0.953379187281939,0.950315707355128,0.944241581737739,0.921357862028253,0.920286045809384,0.922951191652853,0.90187693857722,0.902677566789334,0.870541680812638,0.832570411363952,0.795172601357689,0.726257805382558,0.68185557443672,0,100000,2315.30021215585,98005.029234976,4579531.67703367,45.7953167703367,2025,"Females","GMoH report",32.5612732296633
0,1,0.0234663,0.0120458,0.014289,0.0135329,0.00980905,0.00983337,0.0106086,0.0175507,0.0149369,0.0162993,0.0171526,0.0213638,0.0274414,0.0348626,0.042761,0.0627739,0.0699921,0.200796,0.137740129007,0.0230008986931532,0.0470496975075276,0.0689808322209858,0.0654501733719373,0.0478713195816442,0.0479871612211568,0.0516725660397761,0.0840650009687446,0.0719960071037307,0.0783056805524295,0.0822365724197812,0.101403110566214,0.128398419058145,0.160338460929958,0.193156127120501,0.271294037974052,0.297843729713755,1,0.976999101306847,0.952950302492472,0.931019167779014,0.934549826628063,0.952128680418356,0.952012838778843,0.948327433960224,0.915934999031255,0.928003992896269,0.921694319447571,0.917763427580219,0.898596889433786,0.871601580941855,0.839661539070042,0.806843872879499,0.728705962025948,0.702156270286245,0,100000,2300.08986931531,98016.7248060119,4706688.19118831,47.0668819118831,2025,"Females","GMoH report",31.2897080881169
0,1,0.0229692,0.0131584,0.0139328,0.0138336,0.00899996,0.0101876,0.0115556,0.0158606,0.0161434,0.0165885,0.0192666,0.0216341,0.024132,0.0361,0.0414415,0.0608447,0.0754501,0.199179,0.135810938588,0.022522141540115,0.0512839700178346,0.0673191397250955,0.0668558570401243,0.0440095886561945,0.0496728813840301,0.0561557174777843,0.0762784452290022,0.0775857552949296,0.0796397404153019,0.0919062000168866,0.10262025770686,0.113794762008054,0.165558358174731,0.187755342440618,0.264057284373673,0.317383885291012,1,0.977477858459885,0.948716029982165,0.932680860274904,0.933144142959876,0.955990411343805,0.95032711861597,0.943844282522216,0.923721554770998,0.92241424470507,0.920360259584698,0.908093799983113,0.89737974229314,0.886205237991946,0.834441641825269,0.812244657559382,0.735942715626327,0.682616114708988,0,100000,2252.2141540115,98053.661164146,4689140.86562766,46.8914086562766,2025,"Females","GMoH report",31.4651813437234
0,1,0.0230904,0.0132333,0.0160895,0.0146078,0.0105523,0.0107336,0.0113589,0.0175155,0.0187635,0.0175767,0.0204897,0.0243721,0.0316462,0.0378867,0.0524766,0.0637109,0.0742732,0.217447,0.136281302456,0.0226388986300532,0.0515683608214822,0.0773367268340105,0.0704656304102335,0.0514053873282405,0.0522655073750967,0.055226227024625,0.083903471847153,0.0896138273751175,0.0841842947654886,0.0974563705127617,0.114861933666233,0.146630272663121,0.17304339227476,0.231952768386255,0.274787157256817,0.313208505140075,1,0.977361101369947,0.948431639178518,0.92266327316599,0.929534369589767,0.948594612671759,0.947734492624903,0.944773772975375,0.916096528152847,0.910386172624883,0.915815705234511,0.902543629487238,0.885138066333767,0.853369727336879,0.82695660772524,0.768047231613745,0.725212842743183,0.686791494859925,0,100000,2263.88986300532,98044.635996142,4488130.16944551,44.8813016944551,2025,"Females","GMoH report",33.4752883055449
0,1,0.0241477,0.0124587,0.0163263,0.0152324,0.00956223,0.0111045,0.0118317,0.0177311,0.0176235,0.0186379,0.0201858,0.025512,0.0312527,0.0343985,0.0468555,0.0718759,0.0779388,0.228181,0.140384567453,0.0236566416871354,0.048623235394384,0.0784303081501217,0.0733680705070221,0.0466948819963208,0.0540227606362859,0.0574589085784314,0.0848924104525615,0.0843989861681634,0.0890406721417244,0.0960803530247809,0.119912011882156,0.144939150525898,0.158373014639784,0.209712088135874,0.304638995125625,0.326145523234356,1,0.976343358312865,0.951376764605616,0.921569691849878,0.926631929492978,0.953305118003679,0.945977239363714,0.942541091421569,0.915107589547439,0.915601013831837,0.910959327858276,0.903919646975219,0.880087988117844,0.855060849474102,0.841626985360217,0.790287911864126,0.695361004874375,0.673854476765644,0,100000,2365.66416871354,97966.4385723504,4489025.70724582,44.8902570724582,2025,"Females","GMoH report",33.4663329275418
0,1,0.0240085,0.013317,0.0154044,0.0147928,0.00957611,0.0108151,0.011112,0.0177957,0.0162791,0.0178947,0.0188964,0.0242163,0.0325078,0.0355158,0.0484574,0.0676874,0.0769297,0.209856,0.139844347565,0.0235227309774518,0.0518860665047135,0.074165800843708,0.0713262139554978,0.0467610769583216,0.0526519107987997,0.0540582614956508,0.0851885263539093,0.0782124300739576,0.0856421486082499,0.0902199207250289,0.114169587542959,0.150322375688947,0.16309764192252,0.216107037145557,0.289455734749322,0.322603939322714,1,0.976477269022548,0.948113933495286,0.925834199156292,0.928673786044502,0.953238923041678,0.9473480892012,0.945941738504349,0.914811473646091,0.921787569926042,0.91435785139175,0.909780079274971,0.885830412457041,0.849677624311053,0.83690235807748,0.783892962854443,0.710544265250678,0.677396060677286,0,100000,2352.27309774519,97976.6789989037,4538445.55467815,45.3844555467815,2025,"Females","GMoH report",32.9721344532185
0,1,0.0242595,0.0116913,0.0134823,0.013798,0.00912681,0.0106863,0.0109448,0.0157041,0.0166717,0.0150691,0.0175826,0.021283,0.0256725,0.0320389,0.0402566,0.057921,0.068788,0.206272,0.140818450955,0.0237641758030348,0.0456966925175394,0.0652134323524852,0.0666895441737273,0.0446160445950731,0.0520411808234168,0.0532665214403492,0.0755542223422863,0.0800231933198247,0.0726100786591919,0.0842113632129308,0.101038969054056,0.120620899870205,0.148314885534613,0.182877894391589,0.252973766217317,0.293471675896141,1,0.976235824196965,0.954303307482461,0.934786567647515,0.933310455826273,0.955383955404927,0.947958819176583,0.946733478559651,0.924445777657714,0.919976806680175,0.927389921340808,0.915788636787069,0.898961030945944,0.879379100129795,0.851685114465387,0.817122105608411,0.747026233782683,0.706528324103859,0,100000,2376.41758030347,97958.2258621771,4748021.51447463,47.4802151447463,2025,"Females","GMoH report",30.8763748552537
0,1,0.0251552,0.0129501,0.0147465,0.0156113,0.00997569,0.0110533,0.0117635,0.0179437,0.0166296,0.0168454,0.0197049,0.021723,0.0289325,0.0367372,0.0441083,0.064281,0.0801074,0.211782,0.144294564128,0.0246251331401069,0.0504926307646689,0.0711109075061513,0.075124521397758,0.0486647879048633,0.053780373494143,0.0571371673302757,0.085866589208068,0.0798291816039955,0.0808232500586548,0.0938988322509458,0.103020228918034,0.134904676143682,0.168234810316135,0.198637584571151,0.276905580887437,0.333706166578561,1,0.975374866859893,0.949507369235331,0.928889092493849,0.924875478602242,0.951335212095137,0.946219626505857,0.942862832669724,0.914133410791932,0.920170818396004,0.919176749941345,0.906101167749054,0.896979771081966,0.865095323856318,0.831765189683865,0.801362415428849,0.723094419112563,0.666293833421439,0,100000,2462.51331401069,97892.8139712939,4546518.71474223,45.4651871474223,2025,"Females","GMoH report",32.8914028525777
0,1,0.0236626,0.0127094,0.0151228,0.0145141,0.00900502,0.00946904,0.0109518,0.0160337,0.0160181,0.0166406,0.0183564,0.0207138,0.0280527,0.0323968,0.0433125,0.0615319,0.0701969,0.216593,0.138501947714,0.0231898679600706,0.0495774019356774,0.0728594044942846,0.0700294634127042,0.0440337871647639,0.0462503343354115,0.0532996813738253,0.0770788520256893,0.0770067456199622,0.079879877285123,0.0877548425218307,0.0984697911026451,0.131071244265017,0.149847547437909,0.195403919357113,0.266642024094109,0.298585124657351,1,0.976810132039929,0.950422598064323,0.927140595505715,0.929970536587296,0.955966212835236,0.953749665664589,0.946700318626175,0.922921147974311,0.922993254380038,0.920120122714877,0.912245157478169,0.901530208897355,0.868928755734983,0.850152452562091,0.804596080642887,0.733357975905891,0.701414875342649,0,100000,2318.98679600706,98002.197391963,4672665.52606776,46.7266552606776,2025,"Females","GMoH report",31.6299347393224
0,1,0.0223167,0.011854,0.0127703,0.012771,0.00868808,0.00888635,0.010706,0.0151458,0.0153373,0.0154074,0.0160116,0.0184968,0.0234009,0.0290042,0.0392759,0.0596492,0.063454,0.199921,0.133278657863,0.0218932331980644,0.0463178953373423,0.0618760603657773,0.0618793471440581,0.0425169239093051,0.0434661122827896,0.0521346169766208,0.0729661723664313,0.073854671853455,0.0741797088833757,0.0769766996881818,0.0883963748348853,0.110537790543194,0.135216391820873,0.178821100816139,0.259542277023434,0.273830844053563,1,0.978106766801936,0.953682104662658,0.938123939634223,0.938120652855942,0.957483076090695,0.95653388771721,0.947865383023379,0.927033827633569,0.926145328146545,0.925820291116624,0.923023300311818,0.911603625165115,0.889462209456806,0.864783608179127,0.821178899183861,0.740457722976566,0.726169155946437,0,100000,2189.32331980644,98102.4667538855,4884820.27910396,48.8482027910396,2025,"Females","GMoH report",29.5083872089604
0,1,0.0249485,0.013341,0.0166741,0.0153168,0.0102486,0.0106138,0.0125061,0.0188468,0.0174933,0.0176605,0.0244569,0.0260184,0.0323142,0.0411808,0.0533073,0.068063,0.0776682,0.228514,0.143492384165,0.0244265395297396,0.0519771457958745,0.0800342521889409,0.0737595974928055,0.0499628761682551,0.0516972395959415,0.0606347397044553,0.0899937638296389,0.083801584360755,0.0845686867683202,0.115238555434015,0.122146836850239,0.149494048541547,0.186684461336486,0.235192770996629,0.290828371394449,0.325197281292747,1,0.97557346047026,0.948022854204126,0.919965747811059,0.926240402507195,0.950037123831745,0.948302760404058,0.939365260295545,0.910006236170361,0.916198415639245,0.91543131323168,0.884761444565985,0.877853163149761,0.850505951458453,0.813315538663514,0.764807229003371,0.709171628605551,0.674802718707253,0,100000,2442.65395297397,97907.8482864283,4402870.60002192,44.0287060002192,2025,"Females","GMoH report",34.3278839997808
0,1,0.0232442,0.011294,0.0133862,0.0135276,0.0086056,0.0090154,0.0103691,0.0163235,0.0153542,0.0146655,0.0170381,0.0194602,0.023238,0.031799,0.0398521,0.0586747,0.0709311,0.207472,0.136878183338,0.0227870334074664,0.0441781049650495,0.0647636520038647,0.0654253791040792,0.042121791771821,0.0440834257096432,0.0505354813508132,0.0784173845579219,0.0739330431713463,0.070734121840375,0.0817100404015844,0.0927868722705992,0.109810555762951,0.147286121551926,0.181206819292212,0.255844501560692,0.301237696979452,1,0.977212966592534,0.955821895034951,0.935236347996135,0.934574620895921,0.957878208228179,0.955916574290357,0.949464518649187,0.921582615442078,0.926066956828654,0.929265878159625,0.918289959598416,0.907213127729401,0.890189444237049,0.852713878448074,0.818793180707788,0.744155498439308,0.698762303020548,0,100000,2278.70334074664,98033.201432901,4834521.93359666,48.3452193359666,2025,"Females","GMoH report",30.0113706640334
0,1,0.0222205,0.0118287,0.0131255,0.0134899,0.00862516,0.00948812,0.0106397,0.0155164,0.0159885,0.0151371,0.0157613,0.0198797,0.0236955,0.0299853,0.0381985,0.0578642,0.0696589,0.196136,0.132905316245,0.0218004644044268,0.0462213236577003,0.0635424344418343,0.0652489939899379,0.0422155111545261,0.0463413688289663,0.05182012357792,0.0746848981171381,0.0768699134711657,0.0729257876494295,0.0758189855573378,0.0946923606928365,0.111851553769157,0.139471279599558,0.17434336265414,0.252757040187898,0.296636133159619,1,0.978199535595573,0.9537786763423,0.936457565558166,0.934751006010062,0.957784488845474,0.953658631171034,0.94817987642208,0.925315101882862,0.923130086528834,0.92707421235057,0.924181014442662,0.905307639307164,0.888148446230843,0.860528720400442,0.82565663734586,0.747242959812102,0.703363866840381,0,100000,2180.04644044269,98109.6933211531,4842703.16994298,48.4270316994297,2025,"Females","GMoH report",29.9295583005702
0,1,0.0241062,0.0127042,0.0160517,0.0155174,0.00951316,0.0103671,0.0117731,0.0186663,0.0174661,0.0179418,0.0211864,0.0260115,0.0332977,0.0411696,0.0463397,0.0736266,0.0779675,0.228744,0.140223510518,0.0236167211595301,0.0495576201638294,0.0771620450054645,0.0746895316537887,0.0464608268022449,0.0505259802747345,0.0571824628660784,0.0891703010249452,0.0836767344701761,0.0858578873900624,0.100603438287656,0.122116421739789,0.153694330710733,0.18663842658243,0.207643191945507,0.310905679706334,0.326246031372426,1,0.97638327884047,0.950442379836171,0.922837954994536,0.925310468346211,0.953539173197755,0.949474019725265,0.942817537133922,0.910829698975055,0.916323265529824,0.914142112609938,0.899396561712344,0.877883578260211,0.846305669289267,0.81336157341757,0.792356808054493,0.689094320293666,0.673753968627574,0,100000,2361.67211595301,97969.4898388384,4465400.73414034,44.6540073414034,2025,"Females","GMoH report",33.7025826585966
0,1,0.0239917,0.0110235,0.0141542,0.0135198,0.0089521,0.00928519,0.0107496,0.0155509,0.0153967,0.0157483,0.0178348,0.0193245,0.0225851,0.0315859,0.0439166,0.0596862,0.0630468,0.204146,0.139779148613,0.0235065676810387,0.0431428300264078,0.0683523190154778,0.0653888882708881,0.0437806774925474,0.0453727143168801,0.0523413778126625,0.0748447422445722,0.0741301026223848,0.0757588184966721,0.085367709917891,0.0921696681209898,0.106890186142389,0.146371324920485,0.197859688058523,0.259682365927017,0.272312863408191,1,0.976493432318961,0.956857169973592,0.931647680984522,0.934611111729112,0.956219322507453,0.95462728568312,0.947658622187338,0.925155257755428,0.925869897377615,0.924241181503328,0.914632290082109,0.90783033187901,0.893109813857611,0.853628675079515,0.802140311941477,0.740317634072983,0.727687136591809,0,100000,2350.65676810387,97977.9160336231,4801578.14873908,48.0157814873908,2025,"Females","GMoH report",30.3408085126092
0,1,0.0239278,0.0127508,0.0149904,0.0149368,0.00877948,0.0100836,0.0113199,0.0163859,0.0159063,0.0176851,0.0194809,0.0203264,0.0290494,0.0362467,0.0446047,0.0664324,0.0660246,0.201912,0.139531159742,0.0234450861595728,0.0497348809597177,0.0722445627657893,0.0719955424536941,0.0429546023200577,0.0491782651147229,0.055041829972243,0.0787053548162894,0.0764898247513923,0.084681498095096,0.0928809869531604,0.0967172178573604,0.135412845234139,0.166175239835625,0.200648801058558,0.284853282061881,0.283352423884919,1,0.976554913840427,0.950265119040282,0.927755437234211,0.928004457546306,0.957045397679942,0.950821734885277,0.944958170027757,0.921294645183711,0.923510175248608,0.915318501904904,0.90711901304684,0.90328278214264,0.864587154765861,0.833824760164375,0.799351198941442,0.715146717938119,0.716647576115081,0,100000,2344.50861595728,97982.6233902524,4629003.28572888,46.2900328572888,2025,"Females","GMoH report",32.0665571427112
0,1,0.0236263,0.011948,0.0136723,0.0146201,0.0090852,0.0107245,0.0110327,0.016808,0.0155257,0.0164971,0.0192319,0.0230295,0.0289286,0.0335542,0.0470155,0.0614999,0.0718576,0.219372,0.138361071407,0.0231549272769478,0.0466766155937712,0.0661020812851139,0.0705228714189206,0.0444171531993824,0.0522223534266887,0.0536828335069205,0.0806510431661581,0.0747279891472417,0.0792183186869728,0.091748266293667,0.108878931611152,0.134887717909228,0.1547866448993,0.210352884855223,0.266521834565945,0.30457324413128,1,0.976845072723052,0.953323384406229,0.933897918714886,0.929477128581079,0.955582846800618,0.947777646573311,0.94631716649308,0.919348956833842,0.925272010852758,0.920781681313027,0.908251733706333,0.891121068388848,0.865112282090772,0.8452133551007,0.789647115144777,0.733478165434055,0.69542675586872,0,100000,2315.49272769479,98004.8813269442,4662304.74200085,46.6230474200085,2025,"Females","GMoH report",31.7335425799915
0,1,0.0240626,0.0132483,0.0153472,0.0144657,0.00945733,0.0102179,0.0108811,0.0173444,0.0165222,0.0172046,0.0198314,0.0244974,0.0262698,0.0323763,0.0468864,0.0684396,0.0699621,0.205038,0.140054303714,0.0235747782108608,0.0516253049449945,0.0739005824524639,0.069804087527629,0.0461944593835944,0.0498169387537696,0.0529647141228935,0.0831179237100102,0.0793340667076089,0.0824756007004717,0.0944731623218273,0.115418374765075,0.123254333288448,0.149759827261577,0.209835877753272,0.292202452568058,0.297735072679265,1,0.976425221789139,0.948374695055005,0.926099417547536,0.930195912472371,0.953805540616406,0.95018306124623,0.947035285877107,0.91688207628999,0.920665933292391,0.917524399299528,0.905526837678173,0.884581625234925,0.876745666711552,0.850240172738423,0.790164122246728,0.707797547431942,0.702264927320735,0,100000,2357.47782108608,97972.6970936673,4592293.51393829,45.9229351393829,2025,"Females","GMoH report",32.4336548606171
0,1,0.0242847,0.0132121,0.0151373,0.0156714,0.00980558,0.00982256,0.0125611,0.0176205,0.0171032,0.0160278,0.0206807,0.0230836,0.0278162,0.0333235,0.0459963,0.0686857,0.0788561,0.218228,0.140916249383,0.0237884120843713,0.0514878741167638,0.0729267160527372,0.075402830216368,0.0478547900689883,0.0479356724529757,0.0608932834433494,0.0843852253421467,0.0820094403495346,0.0770515816491109,0.0983201748974935,0.109120750603427,0.130038086449274,0.153804259404348,0.206263146129239,0.293099192059839,0.329351970247429,1,0.976211587915629,0.948512125883236,0.927073283947263,0.924597169783632,0.952145209931012,0.952064327547024,0.939106716556651,0.915614774657853,0.917990559650465,0.922948418350889,0.901679825102506,0.890879249396573,0.869961913550726,0.846195740595652,0.793736853870761,0.706900807940161,0.670648029752571,0,100000,2378.84120843712,97956.3761725336,4544294.73760567,45.4429473760567,2025,"Females","GMoH report",32.9136426239433
0,1,0.0248135,0.0144216,0.0154159,0.0160048,0.00936788,0.0104131,0.012318,0.0176051,0.0166246,0.0181831,0.0217129,0.0270657,0.0324274,0.0450929,0.0548154,0.0709719,0.070114,0.217999,0.142968464015,0.0242968053042061,0.0560691852752684,0.0742191139048842,0.0769452660161613,0.0457675379905233,0.0507444815967132,0.0597499987873438,0.0843145833228569,0.0798061372276145,0.0869623856152963,0.102974796360273,0.126751925991715,0.149978470374449,0.202622418825373,0.241044608427947,0.301384859691205,0.298285096806307,1,0.975703194695794,0.943930814724732,0.925780886095116,0.923054733983839,0.954232462009477,0.949255518403287,0.940250001212656,0.915685416677143,0.920193862772385,0.913037614384704,0.897025203639727,0.873248074008285,0.850021529625551,0.797377581174627,0.758955391572053,0.698615140308795,0.701714903193693,0,100000,2429.68053042061,97917.6871630608,4432131.99282969,44.3213199282969,2025,"Females","GMoH report",34.0352700717031
0,1,0.0221869,0.01148,0.0132623,0.0138763,0.00944704,0.010044,0.0104464,0.0162538,0.0170786,0.0161634,0.0178097,0.0197219,0.0243159,0.0316196,0.0385122,0.0561593,0.0720945,0.20249,0.132774918341,0.0217680599708746,0.0448893407366857,0.064183449591216,0.0670553013062115,0.0461453574069067,0.0489898645023461,0.0509026269934393,0.078095623391306,0.0818963140280993,0.0776781427679609,0.0852526880060468,0.0939760350841831,0.114612249976963,0.146516052561098,0.175649389002176,0.246226701943817,0.305424019979051,1,0.978231940029125,0.955110659263314,0.935816550408784,0.932944698693788,0.953854642593093,0.951010135497654,0.949097373006561,0.921904376608694,0.918103685971901,0.922321857232039,0.914747311993953,0.906023964915817,0.885387750023037,0.853483947438902,0.824350610997824,0.753773298056183,0.694575980020949,0,100000,2176.80599708746,98112.21924142,4773686.59521706,47.7368659521706,2025,"Females","GMoH report",30.6197240478294
0,1,0.0236383,0.0117128,0.0141431,0.0130343,0.00910974,0.00957236,0.0109847,0.0160407,0.0159753,0.0163044,0.017603,0.0195697,0.0246009,0.0325627,0.0408371,0.0591685,0.0707239,0.204106,0.138407642087,0.0231664781020603,0.0457788040478956,0.0683005463570442,0.0631148551100962,0.0445344566961422,0.0467431933150958,0.0534555179304728,0.0771112057065571,0.0768088874507693,0.0783292225592619,0.0843049499165476,0.0932846199332316,0.115877757206826,0.150557133104634,0.185270704303245,0.257720205109889,0.300489947504259,1,0.97683352189794,0.954221195952104,0.931699453642956,0.936885144889904,0.955465543303858,0.953256806684904,0.946544482069527,0.922888794293443,0.923191112549231,0.921670777440738,0.915695050083452,0.906715380066768,0.884122242793174,0.849442866895366,0.814729295696755,0.742279794890111,0.699510052495741,0,100000,2316.64781020604,98003.9939507506,4767792.35427972,47.6779235427972,2025,"Females","GMoH report",30.6786664572028
0,1,0.0250738,0.0139423,0.0176072,0.0157431,0.0100164,0.0102881,0.0116258,0.019074,0.0185455,0.0192199,0.0238202,0.0240634,0.0333719,0.036924,0.0478346,0.0692583,0.0793639,0.234806,0.143978659682,0.0245469318258689,0.0542562851899912,0.0843242166322803,0.0757347506188317,0.0488585334635395,0.0501506136785347,0.0564872269911167,0.0910292692937286,0.0886188001065595,0.0916936433599645,0.112407100935727,0.113489633861352,0.154010446916378,0.169017952778973,0.213626191455506,0.295181992518832,0.331121721931919,1,0.975453068174131,0.945743714810009,0.91567578336772,0.924265249381168,0.95114146653646,0.949849386321465,0.943512773008883,0.908970730706271,0.91138119989344,0.908306356640035,0.887592899064273,0.886510366138648,0.845989553083622,0.830982047221027,0.786373808544494,0.704818007481168,0.668878278068082,0,100000,2454.6931825869,97898.7302517725,4385714.41497505,43.8571441497505,2025,"Females","GMoH report",34.4994458502495
0,1,0.0235825,0.0133419,0.0154073,0.016297,0.0100495,0.011149,0.0122595,0.0189291,0.0177468,0.0166612,0.0192092,0.0246664,0.0299469,0.0374855,0.049618,0.0657829,0.0781704,0.215535,0.138191088425,0.0231127652049877,0.0519805611036231,0.0741792452852899,0.078295063380231,0.0490160334301103,0.0542333801128058,0.0594746755381016,0.0903689908387839,0.0849643851251524,0.0799748092694976,0.0916449352733671,0.116168361801169,0.139305109537945,0.17136796533828,0.220711804242713,0.282461636096989,0.326956248232848,1,0.976887234795012,0.948019438896377,0.92582075471471,0.921704936619769,0.95098396656989,0.945766619887194,0.940525324461898,0.909631009161216,0.915035614874848,0.920025190730502,0.908355064726633,0.883831638198831,0.860694890462055,0.82863203466172,0.779288195757287,0.717538363903012,0.673043751767152,0,100000,2311.27652049877,98008.1212975201,4473988.90913724,44.7398890913724,2025,"Females","GMoH report",33.6167009086276
0,1,0.0231294,0.0124484,0.0144824,0.0134751,0.00939169,0.00998159,0.0113349,0.0174956,0.0156862,0.0146008,0.0180479,0.0202404,0.0268174,0.0345116,0.0448509,0.0626453,0.0711836,0.206258,0.136432657166,0.0226764649491344,0.048584013531899,0.0698818574684957,0.0651797411742569,0.0458811950970475,0.0486928693554264,0.0551127560535223,0.0838121407746573,0.0754713531505256,0.0704330527099803,0.0863436941077805,0.0963277209901761,0.125662168412066,0.158852375862923,0.201644640934749,0.270813515235106,0.30214803741047,1,0.977323535050866,0.951415986468101,0.930118142531504,0.934820258825743,0.954118804902953,0.951307130644574,0.944887243946478,0.916187859225343,0.924528646849474,0.92956694729002,0.91365630589222,0.903672279009824,0.874337831587934,0.841147624137077,0.798355359065251,0.729186484764894,0.69785196258953,0,100000,2267.64649491344,98041.7345419008,4697629.7458576,46.976297458576,2025,"Females","GMoH report",31.380292541424
0,1,0.0211263,0.0109162,0.0121655,0.0119089,0.00876801,0.0092709,0.0103799,0.0146987,0.0138434,0.0143997,0.0160911,0.0178054,0.0196567,0.025849,0.0382183,0.0518542,0.0672084,0.196233,0.128658846407,0.0207444320429259,0.0427318609196577,0.0590321121006004,0.0578229797899487,0.0428996877715553,0.0453044670412678,0.0505867855613786,0.0708885752475231,0.06690163477296,0.0694966719329189,0.077344120073705,0.085232981670414,0.0936799055037129,0.121399838910036,0.174425851225291,0.229517397425984,0.287702019056164,1,0.979255567957074,0.957268139080342,0.9409678878994,0.942177020210051,0.957100312228445,0.954695532958732,0.949413214438621,0.929111424752477,0.93309836522704,0.930503328067081,0.922655879926295,0.914767018329586,0.906320094496287,0.878600161089964,0.825574148774709,0.770482602574016,0.712297980943836,0,100000,2074.44320429259,98192.4522653085,5000427.72779684,50.0042772779684,2025,"Females","GMoH report",28.3523127220316
0,1,0.0223421,0.0118137,0.0128593,0.0129904,0.00891749,0.00962609,0.010406,0.0153602,0.0160938,0.016079,0.0166371,0.0202125,0.0250501,0.0283427,0.0384596,0.0579416,0.0666855,0.208062,0.133377232469,0.0219177252226758,0.0461640632128448,0.0622938613711742,0.0629089683440584,0.0436151068030864,0.0469993988908275,0.0507107595892848,0.0739608657738512,0.077356596036759,0.0772882072875584,0.0798637471314965,0.0962013267097005,0.117868928862739,0.132336561356129,0.175430529973571,0.253052354273995,0.285783466595812,1,0.978082274777324,0.953835936787155,0.937706138628826,0.937091031655942,0.956384893196914,0.953000601109173,0.949289240410715,0.926039134226149,0.922643403963241,0.922711792712442,0.920136252868504,0.9037986732903,0.882131071137261,0.867663438643871,0.824569470026429,0.746947645726005,0.714216533404188,0,100000,2191.77252226758,98100.5600309541,4835677.50159008,48.3567750159008,2025,"Females","GMoH report",29.9998149840992
0,1,0.0256421,0.0141053,0.0162908,0.0156703,0.0101846,0.0108577,0.0119866,0.0189598,0.0178021,0.0187553,0.0248063,0.027903,0.0346323,0.0423831,0.0542093,0.0678871,0.077778,0.23107,0.146184169469,0.0250927290516669,0.054873194265844,0.0782664425925339,0.0753977371007743,0.0496586171201942,0.0528538226252057,0.0581892712044518,0.0905089223357468,0.0852178579284307,0.0895764184954793,0.116788757605525,0.130417407683517,0.159363673615606,0.191612654280871,0.238697446309444,0.290185816193693,0.325582174147826,1,0.974907270948333,0.945126805734156,0.921733557407466,0.924602262899226,0.950341382879806,0.947146177374794,0.941810728795548,0.909491077664253,0.914782142071569,0.910423581504521,0.883211242394475,0.869582592316483,0.840636326384394,0.808387345719129,0.761302553690556,0.709814183806307,0.674417825852174,0,100000,2509.2729051667,97857.5430704462,4363338.61724599,43.6333861724599,2025,"Females","GMoH report",34.7232038275401
0,1,0.0223839,0.0106129,0.0125776,0.0125123,0.00855275,0.00920943,0.0101294,0.0155946,0.0146289,0.0132133,0.0152841,0.0171801,0.0207274,0.0263886,0.0404031,0.0546147,0.0648778,0.195395,0.133539453671,0.0219580291577679,0.041569259217697,0.0609708331232718,0.0606638880828523,0.0418685224857745,0.0450108395595869,0.0493961174205019,0.0750471733752075,0.0705638222516568,0.0639538949980555,0.0736079228653348,0.0823629890303972,0.098531258006966,0.123777230441902,0.183482359683663,0.240268077561064,0.279117651993707,1,0.978041970842232,0.958430740782303,0.939029166876728,0.939336111917148,0.958131477514226,0.954989160440413,0.950603882579498,0.924952826624793,0.929436177748343,0.936046105001945,0.926392077134665,0.917637010969603,0.901468741993034,0.876222769558098,0.816517640316337,0.759731922438936,0.720882348006293,0,100000,2195.80291577679,98097.4234059652,4975826.20620293,49.7582620620293,2025,"Females","GMoH report",28.5983279379707
0,1,0.0260193,0.0144615,0.0169386,0.0163266,0.0105645,0.0117806,0.0125814,0.0204854,0.0182664,0.0202898,0.0243778,0.0313076,0.0331732,0.0423398,0.0539532,0.0770288,0.0796716,0.227018,0.147648041177,0.0254547741667824,0.0562199503752953,0.0812522515305611,0.0784316928104041,0.0514632901773047,0.0572178485339037,0.0609886921708056,0.0974369145753931,0.0873433773308112,0.0965514747205381,0.114887253763039,0.145175276299328,0.153163676792562,0.191435633872421,0.237703798541347,0.322952408743455,0.332192274881398,1,0.974545225833218,0.943780049624705,0.918747748469439,0.921568307189596,0.948536709822695,0.942782151466096,0.939011307829194,0.902563085424607,0.912656622669189,0.903448525279462,0.885112746236961,0.854824723700672,0.846836323207438,0.808564366127579,0.762296201458653,0.677047591256545,0.667807725118602,0,100000,2545.47741667823,97830.3573377546,4273392.52378615,42.7339252378615,2025,"Females","GMoH report",35.6226647621385
0,1,0.0248564,0.0141639,0.0148035,0.0160559,0.00953587,0.00992003,0.0115956,0.0186874,0.0175629,0.0181697,0.0210552,0.0259866,0.029745,0.0361086,0.0457115,0.0628746,0.0739567,0.21459,0.143134954196,0.0243380344189862,0.0550948831685772,0.0713759647640389,0.0771814556649719,0.0465691564453194,0.0483998305718313,0.0563446256471158,0.0892665984216387,0.0841209791387118,0.0869010834596576,0.100011589929301,0.122006654669419,0.138430929970099,0.165594533104828,0.205116987109375,0.271670124046556,0.312082095263133,1,0.975661965581014,0.944905116831423,0.928624035235961,0.922818544335028,0.953430843554681,0.951600169428169,0.943655374352884,0.910733401578361,0.915879020861288,0.913098916540342,0.899988410070699,0.877993345330581,0.861569070029901,0.834405466895172,0.794883012890625,0.728329875953444,0.687917904736867,0,100000,2433.80344189862,97914.5589022796,4493390.95408943,44.9339095408943,2025,"Females","GMoH report",33.4226804591057
0,1,0.0238107,0.0122692,0.0153417,0.0145382,0.00927765,0.0103467,0.0115332,0.0175097,0.0166574,0.0161791,0.0193929,0.0234162,0.0274745,0.0344766,0.0475348,0.0658195,0.0679741,0.20823,0.139076707523,0.0233324046908117,0.0479013768542009,0.073875076834327,0.0701416660756475,0.0453367048017403,0.0504290640085567,0.0560499128624373,0.0838768536395681,0.0799572982503131,0.0777506607131401,0.0924808216829613,0.110606065615817,0.128543340012094,0.158704059090869,0.212429513861268,0.282596585157985,0.290503683857718,1,0.976667595309188,0.952098623145799,0.926124923165673,0.929858333924352,0.95466329519826,0.949570935991443,0.943950087137563,0.916123146360432,0.920042701749687,0.92224933928686,0.907519178317039,0.889393934384183,0.871456659987906,0.841295940909131,0.787570486138732,0.717403414842015,0.709496316142282,0,100000,2333.24046908118,97991.2589332181,4606624.93070037,46.0662493070037,2025,"Females","GMoH report",32.2903406929963
0,1,0.0235923,0.013865,0.0155128,0.0157103,0.00917457,0.0102396,0.0107773,0.0185635,0.0168325,0.0174956,0.0217751,0.0224922,0.0308608,0.0379703,0.0501116,0.0690015,0.0756151,0.213794,0.138229121147,0.0231221989407194,0.0539635896587625,0.0746682172005291,0.0755829239737384,0.0448442824782586,0.0499200954759121,0.0524727145341283,0.0887009975786231,0.0807638559853178,0.0838121407746573,0.103254554382181,0.10647391833506,0.143251834467188,0.173392122707864,0.222663001797776,0.294248525857593,0.317967617092056,1,0.976877801059281,0.946036410341238,0.925331782799471,0.924417076026262,0.955155717521741,0.950079904524088,0.947527285465872,0.911299002421377,0.919236144014682,0.916187859225343,0.896745445617819,0.89352608166494,0.856748165532812,0.826607877292136,0.777336998202224,0.705751474142407,0.682032382907944,0,100000,2312.21989407194,98007.3962297842,4509221.49420895,45.0922149420895,2025,"Females","GMoH report",33.2643750579105
0,1,0.0227065,0.0113453,0.014208,0.013891,0.00853571,0.00936588,0.0103612,0.0159699,0.0150754,0.0143101,0.0153458,0.0209552,0.0222385,0.0308685,0.0416392,0.0592604,0.0651284,0.19389,0.134791428785,0.0222690062558916,0.0443743200533964,0.0686032138442522,0.0671239529248039,0.041786848939105,0.0457579903825888,0.0504979515607226,0.0767839211442943,0.0726393325164536,0.0690791752361335,0.0738940901773895,0.0995602382391285,0.105336202170101,0.143285016194036,0.188566594631998,0.258068842861261,0.280044822031938,1,0.977730993744108,0.955625679946604,0.931396786155748,0.932876047075196,0.958213151060895,0.954242009617411,0.949502048439277,0.923216078855706,0.927360667483546,0.930920824763867,0.92610590982261,0.900439761760871,0.894663797829899,0.856714983805964,0.811433405368002,0.741931157138739,0.719955177968062,0,100000,2226.90062558916,98073.2664914962,4831939.19173003,48.3193919173003,2025,"Females","GMoH report",30.0371980826997
0,1,0.0209841,0.0107075,0.0127146,0.0120287,0.00828341,0.00905699,0.00981543,0.014347,0.0143381,0.0132105,0.0176456,0.017031,0.0236255,0.0298468,0.0374751,0.0543014,0.0628438,0.202277,0.128106983849,0.020607075213718,0.0419320256702711,0.0616144909823883,0.0583876802756701,0.0405767650466131,0.0442822893699971,0.0479017102894344,0.0692511349183173,0.0692096623506262,0.0639407759483363,0.0845003514941855,0.0816773812977932,0.11153955557444,0.138871802698078,0.171324493668325,0.2390545131492,0.271555112113417,1,0.979392924786282,0.958067974329729,0.938385509017612,0.94161231972433,0.959423234953387,0.955717710630003,0.952098289710566,0.930748865081683,0.930790337649374,0.936059224051664,0.915499648505814,0.918322618702207,0.88846044442556,0.861128197301922,0.828675506331675,0.7609454868508,0.728444887886583,0,100000,2060.70752137179,98203.2835037861,4982732.61132392,49.8273261132392,2025,"Females","GMoH report",28.5292638867608
0,1,0.0234006,0.0134974,0.0147849,0.014376,0.00952307,0.0104703,0.0117411,0.0174138,0.0182996,0.0170671,0.01969,0.0238634,0.0313635,0.0343905,0.0462609,0.0696665,0.0829328,0.206579,0.137485154534,0.0229376412175263,0.0525704706586635,0.0712894804029751,0.0693862578913837,0.0465081002640462,0.0510161149296307,0.0570314695326748,0.0834366281133973,0.0874951828784919,0.0818434251946509,0.093831161095094,0.112599483701589,0.145415641332658,0.158339098115636,0.207326700591515,0.296663696473987,0.343454824356515,1,0.977062358782474,0.947429529341337,0.928710519597025,0.930613742108616,0.953491899735954,0.948983885070369,0.942968530467325,0.916563371886603,0.912504817121508,0.918156574805349,0.906168838904906,0.887400516298411,0.854584358667342,0.841660901884364,0.792673299408485,0.703336303526013,0.656545175643485,0,100000,2293.76412175263,98021.5943929911,4551155.83679201,45.5115583679201,2025,"Females","GMoH report",32.8450316320799
0,1,0.0230577,0.0111437,0.0140916,0.0119764,0.0083726,0.0100427,0.0109049,0.01556,0.0146074,0.0155155,0.0148472,0.0192586,0.0220822,0.0339937,0.0414518,0.0574234,0.0651087,0.184418,0.136154397353,0.0226073992042843,0.0436030024433442,0.0680603035656845,0.058141194495607,0.0410047099144262,0.0489836790168439,0.0530774882460638,0.0748868996053518,0.0704637688569958,0.0746807279150838,0.0715791260010915,0.0918697911026751,0.104634594872752,0.15665526941981,0.18779762592428,0.251073294457608,0.279971972143286,1,0.977392600795716,0.956396997556656,0.931939696434316,0.941858805504393,0.958995290085574,0.951016320983156,0.946922511753936,0.925113100394648,0.929536231143004,0.925319272084916,0.928420873998908,0.908130208897325,0.895365405127248,0.84334473058019,0.81220237407572,0.748926705542392,0.720028027856714,0,100000,2260.73992042842,98047.0697610094,4867487.50614792,48.6748750614792,2025,"Females","GMoH report",29.6817149385208
0,1,0.0226123,0.0135433,0.014757,0.0144068,0.0094463,0.00985341,0.0111376,0.0170101,0.0154263,0.0173555,0.020625,0.0215843,0.0263573,0.0382343,0.0440773,0.0667008,0.0775185,0.20812,0.134425848947,0.0221782141887135,0.0527445300133406,0.0711597393172388,0.0695297470987445,0.0461418261686575,0.0480826059248842,0.0541794280065847,0.0815812374808188,0.0742673249141906,0.0831689051659796,0.0980683506686479,0.10239612812906,0.123639492041065,0.174492503211182,0.198511835664647,0.28583966429884,0.324672237829529,1,0.977821785811287,0.947255469986659,0.928840260682761,0.930470252901256,0.953858173831343,0.951917394075116,0.945820571993415,0.918418762519181,0.925732675085809,0.91683109483402,0.901931649331352,0.89760387187094,0.876360507958935,0.825507496788818,0.801488164335353,0.71416033570116,0.675327762170471,0,100000,2217.82141887135,98080.3111081733,4615601.64478282,46.1560164478282,2025,"Females","GMoH report",32.2005735521718
0,1,0.025238,0.0130723,0.0133059,0.0139535,0.0087512,0.0101266,0.0106508,0.017853,0.0153525,0.0157397,0.0199273,0.0218838,0.0257517,0.0335069,0.0397171,0.0615297,0.0684579,0.211592,0.14461590182,0.0247046710195846,0.0509569509014616,0.0643876605681167,0.0674157846231521,0.0428192015093778,0.0493828003353111,0.0518727833965014,0.0854511036177795,0.0739251599544965,0.075719013603945,0.0949083329423926,0.103743258214703,0.12097050933678,0.154585313405623,0.180648421450974,0.266633761597574,0.292269166556909,1,0.975295328980415,0.949043049098538,0.935612339431883,0.932584215376848,0.957180798490622,0.950617199664689,0.948127216603499,0.914548896382221,0.926074840045504,0.924280986396055,0.905091667057607,0.896256741785297,0.87902949066322,0.845414686594377,0.819351578549026,0.733366238402426,0.707730833443091,0,100000,2470.46710195846,97886.8017259079,4696383.10620037,46.9638310620037,2025,"Females","GMoH report",31.3927589379963
0,1,0.0243191,0.0110348,0.0128658,0.0138463,0.00865297,0.00903608,0.0107261,0.0154015,0.0147346,0.0151908,0.0181496,0.0175402,0.0226724,0.0325253,0.0394725,0.055177,0.0692022,0.205823,0.141049751999,0.0238214952401112,0.0431861000464156,0.0623243678696564,0.0669151808292112,0.0423487439721777,0.0441823127192105,0.0522299410726516,0.0741523562144094,0.0710555617978341,0.0731750318166973,0.0868091228593786,0.0840168204163336,0.107281194608401,0.150397213758363,0.179635813389916,0.242441951153068,0.294978156538908,1,0.976178504759889,0.956813899953584,0.937675632130344,0.933084819170789,0.957651256027822,0.95581768728079,0.947770058927348,0.925847643785591,0.928944438202166,0.926824968183303,0.913190877140621,0.915983179583666,0.892718805391599,0.849602786241637,0.820364186610084,0.757558048846932,0.705021843461092,0,100000,2382.14952401113,97953.8520755752,4854121.91480596,48.5412191480596,2025,"Females","GMoH report",29.8153708519404
0,1,0.0258465,0.0144908,0.0172774,0.0159678,0.010307,0.0110675,0.0117613,0.0190262,0.0172248,0.0186516,0.0235398,0.0268478,0.0347424,0.0373325,0.0475142,0.0756505,0.084402,0.226958,0.146977423385,0.0252889383874697,0.0563306477006003,0.0828101402088874,0.0767742118500519,0.0502404297270093,0.0538476041039489,0.0571267868058509,0.0908115053426254,0.0825684379260293,0.0891032065803642,0.111157440221675,0.125795658311932,0.159829821061852,0.170728221662008,0.212347228311414,0.318092801332071,0.348479155742544,1,0.97471106161253,0.9436693522994,0.917189859791113,0.923225788149948,0.949759570272991,0.946152395896051,0.942873213194149,0.909188494657375,0.917431562073971,0.910896793419636,0.888842559778325,0.874204341688068,0.840170178938148,0.829271778337992,0.787652771688585,0.681907198667929,0.651520844257456,0,100000,2528.89383874697,97842.7964616863,4356084.45284367,43.5608445284367,2025,"Females","GMoH report",34.7957454715633
0,1,0.0222505,0.0120655,0.0142207,0.0133695,0.00849828,0.00964108,0.0102317,0.0159891,0.0162098,0.0154884,0.017666,0.0200882,0.0246915,0.031616,0.0432325,0.0579355,0.0763571,0.199376,0.133021742945,0.0218293956830579,0.0471248307101338,0.0686624304386526,0.0646854690537159,0.0416074212111738,0.0470708650607014,0.0498825419878571,0.0768726872891621,0.0778924475108467,0.0745551500354763,0.0845939099663367,0.0956380112557315,0.116279699499519,0.14650059311981,0.195078203877198,0.253029083790184,0.320587643177776,1,0.978170604316942,0.952875169289866,0.931337569561347,0.935314530946284,0.958392578788826,0.952929134939299,0.950117458012143,0.923127312710838,0.922107552489153,0.925444849964524,0.915406090033663,0.904361988744268,0.883720300500481,0.85349940688019,0.804921796122802,0.746970916209815,0.679412356822224,0,100000,2182.93956830578,98107.4388578139,4777895.49569142,47.7789549569142,2025,"Females","GMoH report",30.5776350430858
0,1,0.023783,0.0131375,0.0152308,0.0153211,0.00986336,0.0105897,0.0110681,0.0179056,0.0181268,0.0165422,0.018441,0.0210529,0.0275976,0.0332671,0.0451329,0.0683337,0.0705979,0.209968,0.13896920687,0.0233057473447505,0.051204599157146,0.0733606466572326,0.073779540697547,0.0481299914195794,0.0515828818891463,0.0538504447316637,0.0856920797424107,0.0867047986400298,0.0794262862202197,0.088141458413492,0.100001211249228,0.129082108973483,0.15356393319502,0.202783932618775,0.291816283987251,0.300034913032974,1,0.97669425265525,0.948795400842854,0.926639353342767,0.926220459302453,0.951870008580421,0.948417118110854,0.946149555268336,0.914307920257589,0.91329520135997,0.92057371377978,0.911858541586508,0.899998788750772,0.870917891026517,0.84643606680498,0.797216067381225,0.708183716012749,0.699965086967026,0,100000,2330.57473447504,97993.3033879262,4572665.15123834,45.7266515123834,2025,"Females","GMoH report",32.6299384876166
0,1,0.022858,0.011493,0.0133043,0.0133726,0.00902941,0.00943884,0.00963182,0.0148167,0.0142887,0.0153639,0.0163754,0.0205771,0.0247866,0.0287951,0.0356954,0.0566163,0.0647198,0.195611,0.13537938362,0.0224150011681403,0.044939031423695,0.0643801673488517,0.0646999825339173,0.0441504194038272,0.0461062267566018,0.0470267177974602,0.0714373360571067,0.0689794339068384,0.0739780226447219,0.0786569043223975,0.0978517375292188,0.11670142137252,0.134307038489945,0.163854839872076,0.24798194895802,0.278532569518234,1,0.97758499883186,0.955060968576305,0.935619832651148,0.935300017466083,0.955849580596173,0.953893773243398,0.95297328220254,0.928562663942893,0.931020566093162,0.926021977355278,0.921343095677603,0.902148262470781,0.88329857862748,0.865692961510055,0.836145160127924,0.75201805104198,0.721467430481766,0,100000,2241.50011681403,98061.9527873844,4874108.6283823,48.741086283823,2025,"Females","GMoH report",29.615503716177
0,1,0.024294,0.0139669,0.0150482,0.0146565,0.0100795,0.0102745,0.0115604,0.0176938,0.0163813,0.0174719,0.0189393,0.0222633,0.0306338,0.0361789,0.045633,0.0683636,0.0759252,0.212439,0.14095234166,0.0237973562241012,0.054349414329989,0.0725130237885624,0.070692247679706,0.0491587606793317,0.0500859790213625,0.05617838839694,0.0847213916031313,0.0786841291863972,0.0837033582380036,0.0904154850117905,0.105447477912478,0.142273086785106,0.165890188635901,0.204800811430033,0.291925333224017,0.319063583941342,1,0.976202643775899,0.945650585670011,0.927486976211438,0.929307752320294,0.950841239320668,0.949914020978637,0.94382161160306,0.915278608396869,0.921315870813603,0.916296641761996,0.90958451498821,0.894552522087522,0.857726913214894,0.834109811364099,0.795199188569967,0.708074666775983,0.680936416058658,0,100000,2379.73562241012,97955.6936861003,4548310.99201376,45.4831099201376,2025,"Females","GMoH report",32.8734800798624
0,1,0.024156,0.0135321,0.0162679,0.0163697,0.00968008,0.0110785,0.0112589,0.0190807,0.017602,0.0169909,0.021766,0.0236842,0.0276376,0.0376433,0.0495093,0.0692892,0.0827494,0.227055,0.14041677884,0.0236646255314486,0.0527020608838279,0.0781607229382809,0.078630601602374,0.0472567765559897,0.0538996809611789,0.0547533439397907,0.0910597887232698,0.0843003625461564,0.0814929054806712,0.103213630306853,0.111801195324253,0.12925710929067,0.172027310825963,0.220281538112782,0.295294244998606,0.342825490824018,1,0.976335374468551,0.947297939116172,0.921839277061719,0.921369398397626,0.95274322344401,0.946100319038821,0.945246656060209,0.90894021127673,0.915699637453844,0.918507094519329,0.896786369693147,0.888198804675747,0.87074289070933,0.827972689174037,0.779718461887218,0.704705755001394,0.657174509175982,0,100000,2366.46255314487,97965.8284958132,4456115.68586764,44.5611568586764,2025,"Females","GMoH report",33.7954331413236
0,1,0.0248682,0.0139542,0.0164695,0.0158524,0.0104972,0.0105967,0.0115485,0.0193072,0.0190432,0.018357,0.0220157,0.0257812,0.0331739,0.0413754,0.0507808,0.0756594,0.0808428,0.22015,0.143180748698,0.0243493744259496,0.0543013365782399,0.0790910258734433,0.0762405122586764,0.051143832406165,0.0516160992039147,0.0561221824402227,0.0920909538400485,0.0908889584653802,0.0877575850290541,0.104335928734405,0.121100696789807,0.153166661241594,0.187483942240551,0.225301521271536,0.318124271274782,0.336254592977164,1,0.97565062557405,0.94569866342176,0.920908974126557,0.923759487741324,0.948856167593835,0.948383900796085,0.943877817559777,0.907909046159951,0.90911104153462,0.912242414970946,0.895664071265595,0.878899303210193,0.846833338758406,0.812516057759449,0.774698478728464,0.681875728725218,0.663745407022836,0,100000,2434.93744259496,97913.6987234686,4383153.35066178,43.8315335066178,2025,"Females","GMoH report",34.5250564933822
0,1,0.0215723,0.013601,0.0147559,0.0148216,0.00954634,0.0109926,0.0110617,0.0164149,0.0167434,0.0170814,0.0198399,0.0215475,0.0287173,0.0365686,0.0430956,0.0673144,0.0686735,0.206009,0.130389723347,0.0211750664724094,0.0529632925169538,0.0711546237196385,0.0714601168309461,0.0466190956559397,0.0534929339360368,0.0538201442751782,0.0788391577726926,0.0803535220953709,0.0819091908677778,0.0945117412613713,0.102230472248086,0.133968468265685,0.16752739432016,0.194520550418465,0.288090416216577,0.293054759870144,1,0.978824933527591,0.947036707483046,0.928845376280362,0.928539883169054,0.95338090434406,0.946507066063963,0.946179855724822,0.921160842227307,0.919646477904629,0.918090809132222,0.905488258738629,0.897769527751914,0.866031531734315,0.83247260567984,0.805479449581535,0.711909583783423,0.706945240129856,0,100000,2117.50664724094,98158.5944586782,4599378.28134266,45.9937828134266,2025,"Females","GMoH report",32.3628071865734
0,1,0.024032,0.0134175,0.0151012,0.01446,0.00961801,0.0105548,0.011508,0.0174609,0.0172197,0.0179023,0.0184128,0.0232077,0.0291182,0.033567,0.0469206,0.0652039,0.0798069,0.214141,0.13993554848,0.0235453397504493,0.0522674042080763,0.0727591247628289,0.0697775418616996,0.0469608745963099,0.0514172529465007,0.0559308689016982,0.0836528642562693,0.0825449996728343,0.0856769632519371,0.0880126038209156,0.109675225663427,0.135711792228808,0.154841120288214,0.209972867663742,0.280323961170575,0.332662577382693,1,0.976454660249551,0.947732595791924,0.927240875237171,0.9302224581383,0.95303912540369,0.948582747053499,0.944069131098302,0.916347135743731,0.917455000327166,0.914323036748063,0.911987396179084,0.890324774336573,0.864288207771192,0.845158879711786,0.790027132336258,0.719676038829425,0.667337422617307,0,100000,2354.53397504492,97974.9490281678,4565873.00582057,45.6587300582057,2025,"Females","GMoH report",32.6978599417943
0,1,0.0234037,0.010874,0.0132534,0.0127856,0.00837824,0.00887099,0.0092968,0.0146611,0.013968,0.0137463,0.0144479,0.0176177,0.0233417,0.0258117,0.0399065,0.0611911,0.0675371,0.191662,0.137497185293,0.0229406260933935,0.0425701836460654,0.06414175902727,0.0619478974072739,0.0410317650617232,0.0433926114445048,0.0454281587346884,0.0707136502555943,0.0674834769837282,0.0664479658186671,0.0697211881155629,0.0843723817261577,0.110273568608998,0.121235278410621,0.181431736062095,0.265361148556423,0.288905842980161,1,0.977059373906607,0.957429816353935,0.93585824097273,0.938052102592726,0.958968234938277,0.956607388555495,0.954571841265312,0.929286349744406,0.932516523016272,0.933552034181333,0.930278811884437,0.915627618273842,0.889726431391002,0.878764721589379,0.818568263937905,0.734638851443577,0.711094157019839,0,100000,2294.06260933934,98021.3645423307,4964878.67832341,49.6487867832341,2025,"Females","GMoH report",28.7078032167659
0,1,0.025068,0.0138312,0.014943,0.0155835,0.00911409,0.0107953,0.0115919,0.016356,0.0167482,0.016924,0.0186077,0.0224013,0.0275612,0.0337677,0.0460918,0.0692168,0.0726985,0.203827,0.14395615052,0.0245413594284586,0.0538355786880983,0.0720243503324553,0.0749957589750315,0.0445552486349223,0.0525580502016454,0.0563271531825578,0.0785673798384075,0.0803756320963114,0.081185060106878,0.0889028080467703,0.106066434928112,0.128922830228749,0.155694856947624,0.206647151998759,0.295031209453711,0.307589298464031,1,0.975458640571541,0.946164421311902,0.927975649667545,0.925004241024968,0.955444751365078,0.947441949798355,0.943672846817442,0.921432620161593,0.919624367903689,0.918814939893122,0.91109719195323,0.893933565071888,0.871077169771251,0.844305143052376,0.793352848001241,0.704968790546289,0.692410701535969,0,100000,2454.13594284585,97899.152020339,4573393.53479006,45.7339353479006,2025,"Females","GMoH report",32.6226546520994
0,1,0.0260423,0.0143246,0.0165124,0.0157522,0.0101394,0.0114668,0.0122901,0.0197236,0.0187415,0.0191805,0.0226618,0.0264103,0.0294259,0.0408484,0.0472814,0.0697206,0.0834818,0.217115,0.147737301647,0.0254768444720174,0.0557025660448674,0.0792888759134182,0.0757768690099535,0.0494436769547134,0.0557362100660369,0.0596187005217928,0.0939837550235441,0.0895134587806558,0.0915142760696168,0.107233726823668,0.123872711329909,0.137047625678842,0.185317220160037,0.211416794885725,0.296859877978526,0.345335853386829,1,0.974523155527983,0.944297433955133,0.920711124086582,0.924223130990046,0.950556323045287,0.944263789933963,0.940381299478207,0.906016244976456,0.910486541219344,0.908485723930383,0.892766273176332,0.876127288670091,0.862952374321158,0.814682779839963,0.788583205114275,0.703140122021474,0.654664146613171,0,100000,2547.68444720174,97828.7035784759,4367190.65666263,43.6719065666263,2025,"Females","GMoH report",34.6846834333737
0,1,0.0227698,0.0135197,0.0146805,0.0143763,0.00890813,0.00994316,0.0111101,0.0172642,0.0171517,0.0174537,0.0180099,0.0222456,0.0287778,0.0357593,0.0416942,0.0635104,0.0769191,0.209778,0.135037089122,0.0223300097328517,0.0526550393295525,0.0708039080689832,0.0693876556164047,0.0435703247083887,0.0485099446469603,0.0540492680671188,0.0827494906105053,0.0822324348672198,0.0836198122091144,0.0861697294729144,0.105368060673693,0.134231762931756,0.164124093278101,0.188792155296583,0.274040884519527,0.322566657531644,1,0.977669990267148,0.947344960670447,0.929196091931017,0.930612344383595,0.956429675291611,0.95149005535304,0.945950731932881,0.917250509389495,0.91776756513278,0.916380187790886,0.913830270527086,0.894631939326307,0.865768237068244,0.835875906721899,0.811207844703417,0.725959115480473,0.677433342468356,0,100000,2233.00097328518,98068.5369781538,4623112.78929268,46.2311278929268,2025,"Females","GMoH report",32.1254621070731
0,1,0.0229629,0.0128263,0.0144311,0.0141363,0.00999066,0.0100759,0.011421,0.0170124,0.0165764,0.0159155,0.018566,0.0241725,0.0277653,0.0370957,0.04176,0.0644545,0.0728271,0.20528,0.135786488981,0.022516071964575,0.0500220055016679,0.0696429394415622,0.0682688284026298,0.0487360370599662,0.0491416345120501,0.0555197717180212,0.081591818372787,0.0795839610693261,0.0765323725612534,0.0887124133350535,0.113974856927311,0.129815578776493,0.169737199427951,0.189061934081854,0.277549254017347,0.308049602063841,1,0.977483928035425,0.949977994498332,0.930357060558438,0.93173117159737,0.951263962940034,0.95085836548795,0.944480228281979,0.918408181627213,0.920416038930674,0.923467627438747,0.911287586664947,0.886025143072689,0.870184421223507,0.830262800572049,0.810938065918146,0.722450745982653,0.691950397936159,0,100000,2251.60719645749,98054.1306393138,4630125.45809378,46.3012545809379,2025,"Females","GMoH report",32.0553354190621
0,1,0.0264272,0.0138547,0.01671,0.0161508,0.0107203,0.0114286,0.0126268,0.0196643,0.0177169,0.0180628,0.022231,0.0273701,0.032475,0.0411766,0.053226,0.0713712,0.0799581,0.222238,0.149231056208,0.0258460909384927,0.053924582182473,0.0801996592354395,0.0776199396949375,0.0522024355747695,0.0555556905864104,0.0612020353501033,0.0937144284133771,0.0848273076813507,0.0864118979253835,0.105302547657562,0.128086171681173,0.150182091450373,0.186667198577622,0.234876198629381,0.302823761825075,0.333187834521389,1,0.974153909061507,0.946075417817527,0.919800340764561,0.922380060305062,0.947797564425231,0.94444430941359,0.938797964649897,0.906285571586623,0.915172692318649,0.913588102074617,0.894697452342438,0.871913828318827,0.849817908549627,0.813332801422378,0.765123801370619,0.697176238174925,0.666812165478611,0,100000,2584.60909384927,97801.0948511107,4347771.00073613,43.4777100073613,2025,"Females","GMoH report",34.8788799926387
0,1,0.0226416,0.011415,0.0142701,0.0140483,0.00925554,0.00922844,0.0110436,0.0161216,0.014779,0.014598,0.0177925,0.0215123,0.0243645,0.0315431,0.0420444,0.057981,0.0660867,0.197561,0.134539559024,0.0222064554209132,0.044640849408015,0.0688927344744407,0.0678582667770886,0.0452311042631213,0.045101655202654,0.0537344456889731,0.0774850428336332,0.071262045571256,0.0704200213218588,0.0851738602296595,0.102071991730728,0.114828172479083,0.146187483938452,0.190227045066061,0.253202643777799,0.283581144881414,1,0.977793544579087,0.955359150591985,0.931107265525559,0.932141733222911,0.954768895736879,0.954898344797346,0.946265554311027,0.922514957166367,0.928737954428744,0.929579978678141,0.914826139770341,0.897928008269272,0.885171827520917,0.853812516061548,0.809772954933939,0.746797356222201,0.716418855118586,0,100000,2220.64554209133,98078.1191298903,4778445.44719075,47.7844544719075,2025,"Females","GMoH report",30.5721355280925
0,1,0.0242362,0.0128791,0.0148995,0.0148554,0.00921236,0.0107583,0.0112736,0.0164564,0.0166087,0.0169151,0.0201971,0.020661,0.0287205,0.0347851,0.0446415,0.0654962,0.0724259,0.210137,0.140728026218,0.0237417661479711,0.0502227523016633,0.0718222123670913,0.0716172430200981,0.0450248374706961,0.052382629882342,0.0548228721707399,0.0790306020029948,0.0797328524344307,0.0811440986426253,0.0961315535019161,0.0982311172179023,0.133982396456433,0.160010543139588,0.200797721310314,0.281403800933284,0.306612740749396,1,0.976258233852029,0.949777247698337,0.928177787632909,0.928382756979902,0.954975162529304,0.947617370117658,0.94517712782926,0.920969397997005,0.920267147565569,0.918855901357375,0.903868446498084,0.901768882782098,0.866017603543567,0.839989456860412,0.799202278689686,0.718596199066716,0.693387259250604,0,100000,2374.17661479711,97959.9365740962,4606423.4861853,46.064234861853,2025,"Females","GMoH report",32.292355138147
0,1,0.0229592,0.0119431,0.0156079,0.0143737,0.00890887,0.0103102,0.0112751,0.017359,0.0154666,0.0166367,0.0190488,0.0218151,0.030839,0.029098,0.0418028,0.063341,0.0680344,0.203951,0.135772129688,0.0225125072693046,0.0466579196008306,0.0751087744001016,0.0693755419323186,0.0435738652477751,0.0502556358579436,0.0548299666087249,0.083184979837502,0.0744541197776187,0.0798619036681118,0.0909144710592179,0.103434419488539,0.143157884963989,0.135624029941878,0.189237370157002,0.273409864441092,0.290723929694057,1,0.977487492730695,0.953342080399169,0.924891225599898,0.930624458067681,0.956426134752225,0.949744364142056,0.945170033391275,0.916815020162498,0.925545880222381,0.920138096331888,0.909085528940782,0.896565580511461,0.856842115036011,0.864375970058122,0.810762629842998,0.726590135558908,0.709276070305943,0,100000,2251.25072693045,98054.4063787266,4654908.81203352,46.5490881203352,2025,"Females","GMoH report",31.8075018796648
0,1,0.0235336,0.0124031,0.0137314,0.0147978,0.00931285,0.00979016,0.0113818,0.016263,0.0161373,0.0153835,0.0181812,0.0212001,0.0255563,0.0323564,0.0415809,0.0589954,0.0720168,0.215326,0.138001312904,0.0230656909547777,0.0484114947782322,0.0663783314488579,0.0713494623163382,0.0455048015228449,0.0477813327679708,0.0553344848994292,0.0781381001914655,0.0775575753483285,0.0740689025924236,0.0869536937576343,0.100665218265618,0.120107727226691,0.149674666548246,0.18832743898117,0.257063142680733,0.305145071107639,1,0.976934309045222,0.951588505221768,0.933621668551142,0.928650537683662,0.954495198477155,0.952218667232029,0.944665515100571,0.921861899808535,0.922442424651671,0.925931097407576,0.913046306242366,0.899334781734382,0.879892272773309,0.850325333451754,0.81167256101883,0.742936857319267,0.694854928892361,0,100000,2306.56909547777,98011.740468002,4705035.85666372,47.0503585666372,2025,"Females","GMoH report",31.3062314333628
0,1,0.0238673,0.0118233,0.0150547,0.0131897,0.00915126,0.0100098,0.010725,0.0173095,0.0153947,0.0159314,0.0187424,0.0233298,0.0245676,0.0337885,0.0377158,0.0595957,0.0780405,0.201178,0.139296365897,0.0233868711798425,0.0462007102841938,0.0725432093649343,0.063843314584076,0.0447328941379772,0.0488271255955345,0.0522247245724025,0.0829576129946718,0.0741208301405868,0.0766059018386205,0.0895175649755076,0.110220447509247,0.115729980337642,0.155783290705033,0.17233008267008,0.259339676154498,0.326501624862329,1,0.976613128820157,0.953799289715806,0.927456790635066,0.936156685415924,0.955267105862023,0.951172874404465,0.947775275427598,0.917042387005328,0.925879169859413,0.92339409816138,0.910482435024492,0.889779552490753,0.884270019662358,0.844216709294968,0.82766991732992,0.740660323845502,0.673498375137671,0,100000,2338.68711798426,97987.0834985211,4709101.96755901,47.0910196755901,2025,"Females","GMoH report",31.2655703244099
0,1,0.0220937,0.0118938,0.0145217,0.0135088,0.00866669,0.00957559,0.0108535,0.0163867,0.0154698,0.0169287,0.0165646,0.0198937,0.0255091,0.031822,0.0461464,0.0609408,0.0703744,0.206011,0.132413219393,0.0216781684862792,0.0464697951020309,0.0700648482335183,0.065337424499793,0.0424144673988477,0.0467585971126844,0.0528339176859878,0.0787090461823108,0.0744689505711366,0.0812066907363297,0.0795295615614001,0.0947558870256925,0.119899198395522,0.147384802071224,0.20686662494643,0.264419205242842,0.299227168825514,1,0.978321831513721,0.953530204897969,0.929935151766482,0.934662575500207,0.957585532601152,0.953241402887316,0.947166082314012,0.921290953817689,0.925531049428863,0.91879330926367,0.9204704384386,0.905244112974308,0.880100801604478,0.852615197928776,0.79313337505357,0.735580794757158,0.700772831174486,0,100000,2167.81684862792,98119.2307593533,4752168.38706693,47.5216838706693,2025,"Females","GMoH report",30.8349061293307
0,1,0.0241202,0.0121983,0.013983,0.0130952,0.00873037,0.0097986,0.0110807,0.016359,0.016369,0.0156966,0.0164369,0.0211001,0.0276359,0.0319181,0.0429944,0.0634382,0.0675515,0.201733,0.140277842978,0.0236301885688248,0.0476311616028402,0.0675534985736129,0.0634003977775583,0.0427194583069518,0.047821539653869,0.0539100959981823,0.0785812243760793,0.078627371394124,0.0755195014825717,0.0789406510326054,0.100214177104209,0.12924967244331,0.14779700132965,0.194108097077525,0.273771993763138,0.288958542534887,1,0.976369811431175,0.95236883839716,0.932446501426387,0.936599602222442,0.957280541693048,0.952178460346131,0.946089904001818,0.921418775623921,0.921372628605876,0.924480498517428,0.921059348967395,0.899785822895791,0.87075032755669,0.85220299867035,0.805891902922475,0.726228006236862,0.711041457465113,0,100000,2363.01885688248,97968.4603312773,4743146.73295313,47.4314673295313,2025,"Females","GMoH report",30.9251226704687
0,1,0.0244076,0.013863,0.0157553,0.0152368,0.0101151,0.00999772,0.0121684,0.0192204,0.01764,0.0171998,0.0208773,0.0255919,0.0288758,0.0398003,0.0503133,0.0631916,0.0771132,0.222592,0.141393210764,0.0239066005821471,0.0539560155138626,0.0757912166122717,0.0733884857989465,0.0493281032568662,0.0487696370604207,0.0590457686712518,0.0916959193779692,0.0844746671774734,0.0824535390477177,0.0992084866539488,0.120264976847539,0.134658099151316,0.180992600505275,0.223459089482811,0.272852961927634,0.323249073804707,1,0.976093399417853,0.946043984486137,0.924208783387728,0.926611514201053,0.950671896743134,0.951230362939579,0.940954231328748,0.908304080622031,0.915525332822527,0.917546460952282,0.900791513346051,0.879735023152461,0.865341900848684,0.819007399494725,0.776540910517189,0.727147038072366,0.676750926195293,0,100000,2390.66005821471,97947.3630432615,4468194.47153436,44.6819447153436,2025,"Females","GMoH report",33.6746452846564
0,1,0.0227421,0.012055,0.0146139,0.0136856,0.00946176,0.00975489,0.0112899,0.0170319,0.0165831,0.0177601,0.0171794,0.0221989,0.0273549,0.0336421,0.0463948,0.0601556,0.0708567,0.205652,0.134929588469,0.0223033153287453,0.0470847858140239,0.070494018652052,0.0661642561404119,0.0462155977642454,0.0476132938889393,0.054899962289373,0.0816815212457368,0.0796148475538254,0.0850253530674662,0.0823597713597555,0.105158492833591,0.128019592146949,0.155160672822127,0.207864428528289,0.261457646065809,0.300969275790278,1,0.977696684671255,0.952915214185976,0.929505981347948,0.933835743859588,0.953784402235755,0.952386706111061,0.945100037710627,0.918318478754263,0.920385152446175,0.914974646932534,0.917640228640245,0.894841507166409,0.871980407853051,0.844839327177873,0.792135571471711,0.738542353934191,0.699030724209722,0,100000,2230.33153287452,98070.6061830057,4673714.89222264,46.7371489222264,2025,"Females","GMoH report",31.6194410777736
0,1,0.0212258,0.0111164,0.0140135,0.0137343,0.00821291,0.00917345,0.0103554,0.0157163,0.0152301,0.0140154,0.0159508,0.017637,0.0225821,0.0298041,0.0363458,0.0596081,0.063548,0.199827,0.129044994962,0.0208405270790535,0.0434985064067598,0.0676958601591494,0.0663918848401015,0.0402383648278052,0.0448389307761782,0.0504703971240539,0.0756106989309777,0.073357398704959,0.0677047278917644,0.076695609192241,0.0844609074387566,0.106876746554102,0.138686904103521,0.166591726103471,0.259386638312075,0.274180883101642,1,0.979159472920947,0.95650149359324,0.932304139840851,0.933608115159898,0.959761635172195,0.955161069223822,0.949529602875946,0.924389301069022,0.926642601295041,0.932295272108236,0.923304390807759,0.915539092561243,0.893123253445898,0.861313095896479,0.833408273896529,0.740613361687925,0.725819116898358,0,100000,2084.05270790534,98184.8838632868,4884944.29270961,48.8494429270961,2025,"Females","GMoH report",29.5071470729039
0,1,0.0216369,0.0121959,0.0126578,0.0133141,0.0087969,0.0093388,0.0105862,0.0150298,0.0147947,0.0151145,0.0153712,0.0188364,0.0240121,0.0299393,0.0387866,0.0552421,0.0697638,0.195376,0.130640428841,0.0212374189234112,0.0476220133741797,0.061347683237782,0.064426062406291,0.0430379975973399,0.0456287065873062,0.0515662728070257,0.0724275702612198,0.0713350483986415,0.0728208723135424,0.0740118717908223,0.0899463370423392,0.113261390417868,0.139272218194522,0.176790266612517,0.242693283419965,0.297016500632871,1,0.978762581076589,0.95237798662582,0.938652316762218,0.935573937593709,0.95696200240266,0.954371293412694,0.948433727192974,0.92757242973878,0.928664951601358,0.927179127686458,0.925988128209178,0.910053662957661,0.886738609582132,0.860727781805478,0.823209733387483,0.757306716580035,0.702983499367129,0,100000,2123.74189234113,98153.7046592219,4877204.51246023,48.7720451246023,2025,"Females","GMoH report",29.5845448753977
0,1,0.023231,0.0113812,0.0134426,0.0127953,0.00934375,0.00985786,0.0104557,0.0154892,0.0150438,0.0156698,0.0162047,0.0182711,0.0253023,0.0289862,0.0393631,0.0610662,0.0692521,0.190135,0.13682695559,0.0227743208241338,0.0445116089523823,0.0650276483361898,0.0619934383942841,0.0456523398732728,0.0481037987169503,0.050946789141922,0.0745588573662083,0.0724925899387004,0.0753954220393206,0.0778688948010438,0.0873648693395264,0.118985013718477,0.13513814663502,0.179182548557218,0.264891245552157,0.295159467586826,1,0.977225679175866,0.955488391047618,0.93497235166381,0.938006561605716,0.954347660126727,0.95189620128305,0.949053210858078,0.925441142633792,0.9275074100613,0.924604577960679,0.922131105198956,0.912635130660474,0.881014986281523,0.86486185336498,0.820817451442782,0.735108754447843,0.704840532413174,0,100000,2277.43208241338,98034.1820159862,4841077.898893,48.41077898893,2025,"Females","GMoH report",29.94581101107
0,1,0.0261155,0.0136929,0.016621,0.0164964,0.00979042,0.0113057,0.0118352,0.018425,0.0185611,0.0189646,0.0232594,0.0249924,0.0337771,0.043504,0.0496872,0.0648488,0.077464,0.218884,0.148021382795,0.0255470813342597,0.0533116186733358,0.0797895449341248,0.0792150904545633,0.0477825713934455,0.0549746818485618,0.0574754173514066,0.0880683515564319,0.0886900383241539,0.0905307990221608,0.109906123762402,0.117613397321929,0.155734823253694,0.196183123489303,0.220985609552596,0.279010293239436,0.324481007992226,1,0.97445291866574,0.946688381326664,0.920210455065875,0.920784909545437,0.952217428606555,0.945025318151438,0.942524582648593,0.911931648443568,0.911309961675846,0.909469200977839,0.890093876237598,0.882386602678071,0.844265176746306,0.803816876510697,0.779014390447404,0.720989706760564,0.675518992007774,0,100000,2554.70813342597,97823.4432971214,4376835.07123191,43.7683507123191,2025,"Females","GMoH report",34.5882392876809
0,1,0.0237,0.0123882,0.014618,0.0140654,0.00897283,0.0101797,0.0108357,0.016995,0.0162753,0.0177317,0.0170015,0.0208576,0.0267383,0.0343335,0.0439918,0.0604458,0.0715219,0.213323,0.138647093,0.0232258656936914,0.0483547435323452,0.0705130988042005,0.0679380600262664,0.0438798342667409,0.0496353183738737,0.0527495541404995,0.0815117687262437,0.0781948868933612,0.0848951611764202,0.0815416731114876,0.0991195121580316,0.125314742079631,0.158097406716268,0.198164921063857,0.262553377617952,0.303366185112505,1,0.976774134306309,0.951645256467655,0.929486901195799,0.932061939973734,0.956120165733259,0.950364681626126,0.9472504458595,0.918488231273756,0.921805113106639,0.91510483882358,0.918458326888512,0.900880487841968,0.874685257920369,0.841902593283732,0.801835078936142,0.737446622382048,0.696633814887495,0,100000,2322.58656936913,97999.4333067147,4675580.13696731,46.7558013696731,2025,"Females","GMoH report",31.6007886303269
0,1,0.0236324,0.0123606,0.0141994,0.0143957,0.00958856,0.010086,0.0110475,0.0166731,0.0167554,0.0153612,0.0171625,0.0226043,0.0276604,0.0357743,0.0436518,0.0583286,0.0713961,0.197188,0.138384744836,0.0231607989693489,0.0482496116992602,0.0685631123560295,0.0694780375375517,0.0468204483054898,0.049189682164229,0.0537529117681047,0.0800296443422913,0.0804087961427734,0.0739655027961206,0.0822820843196596,0.106976194989024,0.129356844823603,0.164187286859276,0.196784054522037,0.254527428574171,0.302913409763042,1,0.976839201030651,0.95175038830074,0.93143688764397,0.930521962462448,0.95317955169451,0.950810317835771,0.946247088231895,0.919970355657709,0.919591203857227,0.926034497203879,0.91771791568034,0.893023805010976,0.870643155176397,0.835812713140724,0.803215945477963,0.745472571425829,0.697086590236958,0,100000,2316.0798969349,98004.4302286222,4676357.07333825,46.7635707333825,2025,"Females","GMoH report",31.5930192666175
0,1,0.0221353,0.0117154,0.0129753,0.0131315,0.00900596,0.00911697,0.0105164,0.0157528,0.0137783,0.0156602,0.0154855,0.0178136,0.0250764,0.0287824,0.0361799,0.0588659,0.0607402,0.193888,0.132574664417,0.0217182931339889,0.0457887333467001,0.06283814068299,0.0635705580426571,0.0440382824739278,0.0445690140890514,0.0512349811115951,0.0757796459819393,0.0665974991922003,0.0753509717793524,0.0745417108418946,0.0852705608434,0.117985378628407,0.134251778990929,0.165894393574761,0.25657125534933,0.263663557032792,1,0.978281706866011,0.9542112666533,0.93716185931701,0.936429441957343,0.955961717526072,0.955430985910949,0.948765018888405,0.924220354018061,0.9334025008078,0.924649028220648,0.925458289158105,0.9147294391566,0.882014621371593,0.865748221009071,0.834105606425239,0.74342874465067,0.736336442967208,0,100000,2171.82931339889,98116.100228996,4889162.71365451,48.8916271365451,2025,"Females","GMoH report",29.4649628634549
0,1,0.0245103,0.012724,0.0149488,0.0148136,0.00894935,0.0106821,0.0105964,0.0173842,0.0171704,0.0189361,0.0210424,0.0237624,0.0244199,0.0337234,0.0486495,0.0658104,0.0717792,0.217781,0.141791778167,0.0240053489026385,0.049632940919481,0.07205129885904,0.0714229234528472,0.0437675227995839,0.052021259265987,0.0516146756279402,0.0833007095141599,0.0823184003467168,0.0904008988482969,0.0999538288780417,0.112149638571048,0.11507424604737,0.155506481780785,0.2168708535282,0.282563034230236,0.304291499074143,1,0.975994651097361,0.950367059080519,0.92794870114096,0.928577076547153,0.956232477200416,0.947978740734013,0.94838532437206,0.91669929048584,0.917681599653283,0.909599101151703,0.900046171121958,0.887850361428952,0.88492575395263,0.844493518219215,0.7831291464718,0.717436965769764,0.695708500925857,0,100000,2400.53489026385,97939.8412203786,4583058.30371796,45.8305830371796,2025,"Females","GMoH report",32.5260069628204
0,1,0.0233932,0.0123643,0.0137295,0.014499,0.00866929,0.0106966,0.0106124,0.0159318,0.0148482,0.0148961,0.0156165,0.0176887,0.0249435,0.0340577,0.0397635,0.0624418,0.0701265,0.197389,0.137456435948,0.0229305159801586,0.0482637061169172,0.0663694515377801,0.0699591555106285,0.0424269217782427,0.0520900343465225,0.0516905967769117,0.07660775155927,0.0715837744987203,0.0718064112918873,0.0751486045428899,0.0846980059551527,0.117396783337079,0.15692706292274,0.180840383524326,0.270052577427041,0.298330343003426,1,0.977069484019841,0.951736293883083,0.93363054846222,0.930040844489372,0.957573078221757,0.947909965653478,0.948309403223088,0.92339224844073,0.92841622550128,0.928193588708113,0.92485139545711,0.915301994044847,0.882603216662921,0.843072937077259,0.819159616475674,0.729947422572959,0.701669656996574,0,100000,2293.05159801587,98022.1431020923,4773717.74937589,47.7371774937589,2025,"Females","GMoH report",30.6194125062411
0,1,0.0243734,0.0117272,0.0136706,0.0145702,0.0091889,0.00983448,0.0106777,0.0169932,0.0172308,0.0161799,0.0188129,0.0189791,0.0259506,0.032814,0.0421529,0.0641161,0.0682762,0.208846,0.141260484326,0.0238737135843386,0.045833795819335,0.0660941338349885,0.0702906287041374,0.0449127530096735,0.0479924480731831,0.0520003886259225,0.0815034873470359,0.0825960116079637,0.0777543557485597,0.0898391620697452,0.0905968818015028,0.121847932600635,0.151630954636403,0.190671145660246,0.276293367112238,0.291606534775844,1,0.976126286415661,0.954166204180665,0.933905866165011,0.929709371295863,0.955087246990326,0.952007551926817,0.947999611374078,0.918496512652964,0.917403988392036,0.92224564425144,0.910160837930255,0.909403118198497,0.878152067399365,0.848369045363597,0.809328854339754,0.723706632887762,0.708393465224156,0,100000,2387.37135843385,97949.8698759245,4707161.99012741,47.0716199012741,2025,"Females","GMoH report",31.2849700987259
0,1,0.0219513,0.0113251,0.0137746,0.0136285,0.00820219,0.00955912,0.0105041,0.0165088,0.0152635,0.0148644,0.0160884,0.0208466,0.026417,0.0300932,0.0445859,0.0562297,0.0699991,0.193856,0.131860580657,0.0215408014945637,0.0442970626710873,0.0665802105784164,0.0658972967288279,0.0401868985563257,0.0466800495127541,0.0511765899536692,0.0792722746794306,0.0735123602242913,0.071659077038184,0.0773316439487378,0.0990698273432647,0.123902189640657,0.139938041336157,0.200572712719859,0.246497323606946,0.2978690810259,1,0.978459198505436,0.955702937328913,0.933419789421584,0.934102703271172,0.959813101443674,0.953319950487246,0.948823410046331,0.920727725320569,0.926487639775709,0.928340922961816,0.922668356051262,0.900930172656735,0.876097810359343,0.860061958663843,0.799427287280141,0.753502676393054,0.7021309189741,0,100000,2154.08014945638,98129.9581098327,4816125.94730579,48.1612594730579,2025,"Females","GMoH report",30.1953305269421
0,1,0.0226058,0.0111311,0.0132445,0.013478,0.00866025,0.0100771,0.0101225,0.0154589,0.0145761,0.0153921,0.0168255,0.0191929,0.0257716,0.0293074,0.0373482,0.0582506,0.0714422,0.192711,0.134400623162,0.0221719489174964,0.0435547748904342,0.064100066667554,0.0651933113732774,0.0423836181767128,0.0491473432678879,0.0493632999896372,0.074418432244441,0.0703180911779526,0.0741087757807623,0.0807316251045102,0.0915707303248695,0.121058332683533,0.136533402405829,0.170793889171146,0.25423032724889,0.303079359463366,1,0.977828051082504,0.956445225109566,0.935899933332446,0.934806688626723,0.957616381823287,0.950852656732112,0.950636700010363,0.925581567755559,0.929681908822047,0.925891224219238,0.91926837489549,0.90842926967513,0.878941667316467,0.863466597594171,0.829206110828854,0.745769672751111,0.696920640536634,0,100000,2217.19489174963,98080.7974833731,4852600.94198618,48.5260094198618,2025,"Females","GMoH report",29.8305805801382
0,1,0.0236963,0.0116278,0.0138426,0.013247,0.00868902,0.00975382,0.0107842,0.0159516,0.0158933,0.0149701,0.0157472,0.0194972,0.0251354,0.0344924,0.0441533,0.0577771,0.0720105,0.200215,0.138632733707,0.0232223045000731,0.0454541367767741,0.0668978978964466,0.0641117781859275,0.0425214261934417,0.0476081955746014,0.052505427423937,0.0766993082849062,0.076429699636902,0.0721502585366994,0.0757537272650303,0.092955090045893,0.118246563330177,0.158771016478079,0.198820092071814,0.252424597036418,0.305122449606524,1,0.976777695499927,0.954545863223226,0.933102102103553,0.935888221814072,0.957478573806558,0.952391804425399,0.947494572576063,0.923300691715094,0.923570300363098,0.927849741463301,0.92424627273497,0.907044909954107,0.881753436669823,0.841228983521921,0.801179907928186,0.747575402963582,0.694877550393476,0,100000,2322.23045000731,97999.7067055748,4790482.9778341,47.904829778341,2025,"Females","GMoH report",30.451760221659
0,1,0.0226685,0.0122244,0.015268,0.0137747,0.00952606,0.0100428,0.0101749,0.0176441,0.0162153,0.0165825,0.0183158,0.0194561,0.0280279,0.034654,0.0471709,0.0649441,0.0768625,0.211503,0.134643954965,0.0222323823946186,0.0477306430540989,0.0735332363678396,0.0665806778423137,0.046522362948038,0.0489841548248134,0.0496124945724373,0.0844934718340329,0.0779178468451304,0.0796120816404914,0.0875692479222635,0.0927682300960696,0.130962958255759,0.159455566956706,0.210974819694215,0.279363046009187,0.322367558782668,1,0.977767617605381,0.952269356945901,0.92646676363216,0.933419322157686,0.953477637051962,0.951015845175187,0.950387505427563,0.915506528165967,0.92208215315487,0.920387918359509,0.912430752077736,0.90723176990393,0.869037041744241,0.840544433043294,0.789025180305785,0.720636953990813,0.677632441217332,0,100000,2223.23823946186,98076.1073499287,4660643.89871316,46.6064389871316,2025,"Females","GMoH report",31.7501510128684
0,1,0.0226208,0.0113818,0.0134644,0.0126361,0.00885972,0.00870986,0.00988906,0.0149305,0.0151673,0.0142028,0.0154069,0.0191285,0.0235229,0.0303402,0.0404362,0.0538858,0.064685,0.199178,0.134458836512,0.0221864071526991,0.0445139033105988,0.0651296701723292,0.0612457320142372,0.0433386786059532,0.0426212374714914,0.0482523734592965,0.071966269049877,0.0730659664188389,0.0685789666318045,0.0741773908907146,0.0912774960423832,0.111082068997922,0.141005650878073,0.183618876014279,0.237442105481158,0.278403649784262,1,0.977813592847301,0.955486096689401,0.934870329827671,0.938754267985763,0.956661321394047,0.957378762528509,0.951747626540703,0.928033730950123,0.926934033581161,0.931421033368195,0.925822609109285,0.908722503957617,0.888917931002078,0.858994349121927,0.816381123985721,0.762557894518842,0.721596350215738,0,100000,2218.64071526991,98079.6751339434,4904279.0966343,49.042790966343,2025,"Females","GMoH report",29.313799033657
0,1,0.0253534,0.0127731,0.0139196,0.0139013,0.0094233,0.00935418,0.00999431,0.016004,0.0158882,0.0152947,0.0176612,0.01974,0.0262674,0.0318999,0.0450276,0.0594802,0.0728744,0.195667,0.145063756526,0.0248155103979685,0.0498196960800011,0.0672575060470681,0.0671720528541466,0.0460320651023037,0.0457021350069028,0.0487534083094958,0.0769415678695397,0.0764061110654258,0.0736570921805648,0.084571897030416,0.0940582265211798,0.123243766706063,0.147718950617956,0.20235868516919,0.25890212461821,0.308218842043469,1,0.975184489602032,0.950180303919999,0.932742493952932,0.932827947145853,0.953967934897696,0.954297864993097,0.951246591690504,0.92305843213046,0.923593888934574,0.926342907819435,0.915428102969584,0.90594177347882,0.876756233293937,0.852281049382044,0.79764131483081,0.74109787538179,0.691781157956531,0,100000,2481.55103979685,97878.4320760471,4737216.7377706,47.372167377706,2025,"Females","GMoH report",30.984422622294
0,1,0.0249019,0.0122132,0.014873,0.0146541,0.00923604,0.00999528,0.0113985,0.0177403,0.0170098,0.016671,0.0177569,0.0199842,0.0244207,0.0324012,0.040381,0.0650933,0.0801482,0.213411,0.143311534691,0.0243817597620457,0.0476879549375143,0.0716990500707445,0.0706810809298642,0.0451379599900341,0.0487580247265286,0.0554134251826392,0.0849345873500833,0.0815798573558703,0.0800199677923349,0.0850106844435125,0.0951664372135904,0.11507779898577,0.149866374098869,0.18339119989282,0.279915019201524,0.333847757838101,1,0.975618240237954,0.952312045062486,0.928300949929255,0.929318919070136,0.954862040009966,0.951241975273471,0.944586574817361,0.915065412649917,0.91842014264413,0.919980032207665,0.914989315556488,0.90483356278641,0.884922201014229,0.850133625901131,0.81660880010718,0.720084980798476,0.666152242161899,0,100000,2438.17597620457,97911.242764792,4652573.52378538,46.5257352378538,2025,"Females","GMoH report",31.8308547621462
0,1,0.0236827,0.0136612,0.0163245,0.0163101,0.0108601,0.0106212,0.0120581,0.0190572,0.017927,0.017325,0.0218662,0.0278639,0.0309407,0.0372182,0.0456924,0.0672105,0.0748313,0.221536,0.138579953603,0.023209214557335,0.0531914810774106,0.0784220001465203,0.0783555335313748,0.052865196693473,0.0517323508869001,0.0585262126869973,0.0909527386714749,0.0857901020991704,0.0830288144731325,0.103664147542515,0.130246557374904,0.143596091063109,0.170250003316422,0.205040067993082,0.287709715428057,0.315191100502431,1,0.976790785442665,0.946808518922589,0.92157799985348,0.921644466468625,0.947134803306527,0.9482676491131,0.941473787313003,0.909047261328525,0.91420989790083,0.916971185526868,0.896335852457485,0.869753442625096,0.856403908936891,0.829749996683578,0.794959932006918,0.712290284571943,0.684808899497569,0,100000,2320.92145573351,98000.7117319182,4416741.82956961,44.1674182956961,2025,"Females","GMoH report",34.1891717043039
0,1,0.0226355,0.0114841,0.013306,0.0141266,0.00849175,0.00943006,0.0104735,0.0156492,0.0166545,0.01573,0.016828,0.0177711,0.0239643,0.0288804,0.0405359,0.0605743,0.0688002,0.189703,0.134515885595,0.0222005759390606,0.0449050126875889,0.0643881288923945,0.0682235818708578,0.0415761150622993,0.0460643265909689,0.0510313089639161,0.0753000366655343,0.0799439343628834,0.0756741154114449,0.080743136257641,0.0850757747484208,0.113048669428063,0.134678106064068,0.184029950794022,0.263038124359088,0.293516086383922,1,0.977799424060939,0.955094987312411,0.935611871107605,0.931776418129142,0.958423884937701,0.953935673409031,0.948968691036084,0.924699963334466,0.920056065637117,0.924325884588555,0.919256863742359,0.914924225251579,0.886951330571937,0.865321893935932,0.815970049205978,0.736961875640912,0.706483913616078,0,100000,2220.05759390605,98078.5754194101,4826040.64819454,48.2604064819454,2025,"Females","GMoH report",30.0961835180546
0,1,0.0237161,0.0142559,0.0160637,0.0160644,0.0100592,0.0105659,0.0122095,0.0183407,0.0182828,0.0187194,0.0204775,0.02606,0.0318699,0.0404509,0.0494086,0.0684799,0.0765885,0.231476,0.138709575329,0.0232413614951926,0.0554428252548974,0.0772175029929311,0.077220737943453,0.0490621841919411,0.0514699345464394,0.0592392945820026,0.0876830774533771,0.0874183686252459,0.0894126233463269,0.0974011689091569,0.122330188236399,0.14759028123979,0.183679497533096,0.219882752577498,0.292349362267196,0.321403055256264,1,0.976758638504807,0.944557174745103,0.922782497007069,0.922779262056547,0.950937815808059,0.948530065453561,0.940760705417997,0.912316922546623,0.912581631374754,0.910587376653673,0.902598831090843,0.877669811763601,0.85240971876021,0.816320502466904,0.780117247422502,0.707650637732804,0.678596944743736,0,100000,2324.13614951927,97998.2437887873,4417444.91144326,44.1744491144326,2025,"Females","GMoH report",34.1821408855674
0,1,0.0212873,0.0120316,0.0135744,0.0135645,0.00872046,0.00966181,0.01057,0.0166349,0.0159598,0.0156529,0.0185226,0.0197635,0.0241937,0.0335219,0.0447671,0.0598177,0.0701128,0.199356,0.129283669697,0.0208999158845708,0.0469955369942011,0.0656442951981554,0.0655979901563118,0.0426720012988829,0.0471696885780005,0.051489392795382,0.0798536080390769,0.0767372231643539,0.0753171696865341,0.0885142164365795,0.0941649285847864,0.114069115123586,0.154649165359351,0.201305807016751,0.260180067013514,0.298280753044801,1,0.979100084115429,0.953004463005799,0.934355704801845,0.934402009843688,0.957327998701117,0.952830311421999,0.948510607204618,0.920146391960923,0.923262776835646,0.924682830313466,0.91148578356342,0.905835071415214,0.885930884876414,0.845350834640649,0.798694192983249,0.739819932986486,0.701719246955199,0,100000,2089.99158845708,98180.2101937345,4770719.95995996,47.7071995995996,2025,"Females","GMoH report",30.6493904004004
0,1,0.0244702,0.013316,0.0171197,0.0162785,0.0101396,0.0104687,0.0114145,0.0185813,0.0173001,0.0184354,0.0218359,0.0251793,0.0317731,0.0386185,0.0489304,0.0711078,0.0795075,0.23116,0.141636154478,0.0239667934423163,0.0518822713494222,0.0820853102838346,0.0782096601193672,0.049444628121742,0.0510085178236489,0.0554890505803758,0.0887822747934511,0.0829144301666834,0.0881158716494828,0.103527935863211,0.118440855422642,0.147174986121183,0.176091523727339,0.217986574310851,0.301874857516687,0.331621507484242,1,0.976033206557684,0.948117728650578,0.917914689716165,0.921790339880633,0.950555371878258,0.948991482176351,0.944510949419624,0.911217725206549,0.917085569833317,0.911884128350517,0.896472064136789,0.881559144577358,0.852825013878817,0.823908476272661,0.782013425689149,0.698125142483313,0.668378492515758,0,100000,2396.67934423163,97942.7771016022,4420506.96145387,44.2050696145387,2025,"Females","GMoH report",34.1515203854613
0,1,0.0238198,0.0121621,0.0148183,0.0141121,0.00939284,0.0101978,0.0114253,0.0184515,0.0174806,0.0176722,0.0170414,0.0201676,0.0255608,0.0352689,0.0428599,0.0627375,0.0737199,0.210531,0.139112023622,0.023341161945285,0.0474931667142102,0.0714447747363123,0.0681559413501803,0.0458866842908147,0.0497213783204103,0.0555400943986673,0.088189431750155,0.0837432925026935,0.084622342593067,0.0817252196064947,0.0959978827496456,0.120127605738123,0.162055685577352,0.193559633644862,0.271158053972285,0.311238349919435,1,0.976658838054715,0.95250683328579,0.928555225263688,0.93184405864982,0.954113315709185,0.95027862167959,0.944459905601333,0.911810568249845,0.916256707497306,0.915377657406933,0.918274780393505,0.904002117250354,0.879872394261877,0.837944314422648,0.806440366355138,0.728841946027715,0.688761650080564,0,100000,2334.1161945285,97990.5874326612,4639840.46656459,46.3984046656459,2025,"Females","GMoH report",31.9581853343541
0,1,0.0217466,0.011314,0.0134341,0.0135801,0.00864068,0.00914049,0.0102631,0.0154479,0.0152309,0.0150229,0.0176704,0.0188504,0.0267661,0.0304035,0.0396089,0.0600378,0.0708299,0.197552,0.131066162474,0.0213432895890964,0.0442546067582738,0.0649878662645389,0.065670954671175,0.0422898669804484,0.0446814247106171,0.0500317966690156,0.0743674477593941,0.0733611106495205,0.0723955232349829,0.0846140880464596,0.0900101802457393,0.125436861081515,0.141279055583888,0.180200628331228,0.261012464627907,0.300872565654815,1,0.978656710410904,0.955745393241726,0.935012133735461,0.934329045328825,0.957710133019552,0.955318575289383,0.949968203330984,0.925632552240606,0.926638889350479,0.927604476765017,0.91538591195354,0.909989819754261,0.874563138918485,0.858720944416112,0.819799371668772,0.738987535372093,0.699127434345185,0,100000,2134.32895890964,98145.4093471918,4838339.74042474,48.3833974042474,2025,"Females","GMoH report",29.9731925957526
0,1,0.0251329,0.0141735,0.0164905,0.0168826,0.0103731,0.0114732,0.0120137,0.0196457,0.0182963,0.0193036,0.0240649,0.0255408,0.0336117,0.0396917,0.0497174,0.0701646,0.0812455,0.226752,0.144208020281,0.0246037102553672,0.0551311959873467,0.0791878806359329,0.0809945054075176,0.0505544832251432,0.0557664508891466,0.0583169928572764,0.0936299359197533,0.0874800948514247,0.0920745731732329,0.113496306815301,0.120039253580385,0.155031333333487,0.180543321604661,0.221105076210082,0.298468238570067,0.337646793580408,1,0.975396289744633,0.944868804012653,0.920812119364067,0.919005494592482,0.949445516774857,0.944233549110853,0.941683007142724,0.906370064080247,0.912519905148575,0.907925426826767,0.886503693184699,0.879960746419615,0.844968666666513,0.819456678395339,0.778894923789918,0.701531761429933,0.662353206419592,0,100000,2460.37102553672,97894.4342092127,4341109.35712213,43.4110935712213,2025,"Females","GMoH report",34.9454964287787
0,1,0.021075,0.0114603,0.0123147,0.0125008,0.00900202,0.00929013,0.0103574,0.0151768,0.0149484,0.0153323,0.0162744,0.0189772,0.0234327,0.0297356,0.0398018,0.0553562,0.0664758,0.202342,0.12845975675,0.0206948823888326,0.0448140354197579,0.0597344698115299,0.0606098218476182,0.0440194402951848,0.0453963060384574,0.0504798987419259,0.0731100581728074,0.0720494403641513,0.0738314838504012,0.0781907318826236,0.0905882229391003,0.11067969006645,0.138390210166437,0.180998804461464,0.243133617155097,0.285012855972378,1,0.979305117611167,0.955185964580242,0.94026553018847,0.939390178152382,0.955980559704815,0.954603693961543,0.949520101258074,0.926889941827193,0.927950559635849,0.926168516149599,0.921809268117376,0.9094117770609,0.88932030993355,0.861609789833563,0.819001195538536,0.756866382844902,0.714987144027622,0,100000,2069.48823888326,98196.3577168807,4904729.79882159,49.0472979882159,2025,"Females","GMoH report",29.3092920117841
0,1,0.0216517,0.0118445,0.0143056,0.0135514,0.00917776,0.0093336,0.011031,0.0158287,0.0156739,0.01508,0.0168404,0.0204754,0.0238833,0.0323608,0.0415859,0.0627723,0.0699659,0.202431,0.130697866013,0.0212517032255547,0.0462816343635616,0.0690582024476618,0.0655367144205049,0.0448595251120198,0.0456038790854208,0.0536747836537877,0.0761308683118794,0.0754144053788318,0.0726606919148116,0.0808002295362926,0.0973916666706304,0.112688091274179,0.149693496727733,0.188347952233076,0.271288061104781,0.297748836670916,1,0.978748296774445,0.953718365636438,0.930941797552338,0.934463285579495,0.95514047488798,0.954396120914579,0.946325216346212,0.923869131688121,0.924585594621168,0.927339308085188,0.919199770463707,0.90260833332937,0.887311908725821,0.850306503272267,0.811652047766924,0.728711938895219,0.702251163329084,0,100000,2125.17032255547,98152.5849035167,4777036.07449015,47.7703607449015,2025,"Females","GMoH report",30.5862292550985
0,1,0.0236137,0.0129105,0.0151427,0.0147573,0.00953575,0.00994067,0.0115971,0.0181193,0.0171991,0.0181448,0.0197755,0.0246971,0.0283782,0.0377125,0.0456294,0.0666581,0.0731771,0.204579,0.138312172193,0.0231427987127382,0.0503421162171568,0.0729517826039095,0.0711611344755113,0.0465685840613426,0.0484980911993923,0.0563517089892033,0.0866704789757373,0.0824503216809432,0.0867871608112788,0.0942194101370852,0.116304537987191,0.132491335926992,0.172316303509724,0.204786308982307,0.285682815748832,0.309301105231001,1,0.976857201287262,0.949657883782843,0.927048217396091,0.928838865524489,0.953431415938657,0.951501908800608,0.943648291010797,0.913329521024263,0.917549678319057,0.913212839188721,0.905780589862915,0.883695462012809,0.867508664073008,0.827683696490276,0.795213691017693,0.714317184251168,0.690698894768999,0,100000,2314.27987127381,98005.8132047846,4556523.7910969,45.565237910969,2025,"Females","GMoH report",32.791352089031
0,1,0.0222041,0.0111775,0.0133329,0.0133979,0.00852205,0.00996445,0.00964379,0.0147559,0.0150782,0.0152854,0.0162101,0.0197915,0.0227223,0.0331872,0.0378248,0.062286,0.0675874,0.203509,0.132841669649,0.0217846481397684,0.0437323630245854,0.0645140998938144,0.06481842312213,0.0417213709761811,0.0486112881251045,0.0470837846705793,0.0711546237196385,0.072652333945748,0.0736139531994142,0.0778938329463894,0.0942920473616069,0.107504619462943,0.153223363940578,0.172785095773469,0.269469549153554,0.289089911319253,1,0.978215351860232,0.956267636975415,0.935485900106186,0.93518157687787,0.958278629023819,0.951388711874895,0.952916215329421,0.928845376280362,0.927347666054252,0.926386046800586,0.922106167053611,0.905707952638393,0.892495380537057,0.846776636059422,0.827214904226531,0.730530450846446,0.710910088680747,0,100000,2178.46481397684,98110.9260891834,4861407.62166424,48.6140762166424,2025,"Females","GMoH report",29.7425137833576
0,1,0.0239101,0.0126294,0.0155857,0.0134613,0.00904456,0.0101464,0.0116809,0.01656,0.0166149,0.015597,0.0186148,0.022253,0.0267698,0.0342333,0.0459368,0.0654815,0.0716826,0.213044,0.139462467989,0.0234280551505779,0.0492730225773239,0.0750059494347375,0.0651151631361871,0.0442228592405678,0.0494769672487678,0.0567473497070182,0.0795083541386595,0.0797614295600085,0.0750582896411668,0.0889352215927387,0.105401264171006,0.125453113130311,0.157672384867766,0.206023813239903,0.281349527317412,0.303944220117511,1,0.976571944849422,0.950726977422676,0.924994050565263,0.934884836863813,0.955777140759432,0.950523032751232,0.943252650292982,0.92049164586134,0.920238570439991,0.924941710358833,0.911064778407261,0.894598735828994,0.87454688686969,0.842327615132234,0.793976186760097,0.718650472682588,0.696055779882489,0,100000,2342.80551505779,97983.9279240904,4644445.46134763,46.4444546134763,2025,"Females","GMoH report",31.9121353865237
0,1,0.0239987,0.0126273,0.014709,0.0145298,0.00945982,0.00979838,0.0113498,0.0175483,0.0158026,0.0165787,0.021485,0.0228388,0.0268028,0.0369058,0.0443328,0.0642263,0.0773661,0.211835,0.139806314843,0.0235133024313454,0.0492650313395326,0.0709364879951966,0.0701025595747278,0.0462063408321725,0.0478204916281026,0.0551832041731879,0.0840539884846855,0.0760101067189094,0.0795945640043526,0.101949061057926,0.108026037345674,0.125598051371734,0.168941680334754,0.199547726388869,0.276702547873742,0.324137386379133,1,0.976486697568655,0.950734968660467,0.929063512004803,0.929897440425272,0.953793659167828,0.952179508371897,0.944816795826812,0.915946011515315,0.923989893281091,0.920405435995647,0.898050938942074,0.891973962654326,0.874401948628266,0.831058319665246,0.800452273611131,0.723297452126258,0.675862613620867,0,100000,2351.33024313454,97977.400573137,4611237.61481168,46.1123761481168,2025,"Females","GMoH report",32.2442138518832
0,1,0.0254756,0.0130838,0.0146813,0.0145389,0.00982298,0.0105043,0.0105993,0.0166647,0.0167881,0.0165406,0.019794,0.0233538,0.0283546,0.0313216,0.0422199,0.0655527,0.0690289,0.207811,0.145538001284,0.0249328631284977,0.0510006357635926,0.0708076298593643,0.070144924879185,0.0479376729923734,0.0511775394313774,0.051628436775221,0.0799909375572253,0.0805594017679487,0.0794189089851025,0.0943033964277717,0.110327579438285,0.132388446394646,0.145235480903345,0.190945274059354,0.281612371703569,0.294348173428119,1,0.975067136871502,0.948999364236407,0.929192370140636,0.929855075120815,0.952062327007627,0.948822460568623,0.948371563224779,0.920009062442775,0.919440598232051,0.920581091014897,0.905696603572228,0.889672420561715,0.867611553605354,0.854764519096656,0.809054725940646,0.718387628296431,0.705651826571881,0,100000,2493.28631284976,97869.5815937512,4613926.6152834,46.139266152834,2025,"Females","GMoH report",32.217323847166
0,1,0.023401,0.0125175,0.0142147,0.0140721,0.00904331,0.00968527,0.010898,0.0166868,0.0165271,0.0150611,0.0170141,0.0209159,0.026941,0.0351503,0.0435311,0.064649,0.068193,0.205573,0.13748670689,0.0229380263634918,0.0488471125376207,0.068634454547364,0.0679693222508834,0.0442168825594532,0.0472815144171525,0.0530447945718889,0.0800927699173576,0.0793566613072715,0.0725729296240963,0.0815996389570521,0.0993827983214699,0.126204791762796,0.161554754759447,0.19629333771634,0.27827026422095,0.291302945580135,1,0.977061973636508,0.951152887462379,0.931365545452636,0.932030677749117,0.955783117440547,0.952718485582848,0.946955205428111,0.919907230082642,0.920643338692729,0.927427070375904,0.918400361042948,0.90061720167853,0.873795208237204,0.838445245240553,0.80370666228366,0.72172973577905,0.708697054419865,0,100000,2293.80263634918,98021.5647343781,4705272.39997272,47.0527239997272,2025,"Females","GMoH report",31.3038660002727
0,1,0.0216005,0.011623,0.0130299,0.0132149,0.00869606,0.00928201,0.010711,0.014826,0.015003,0.0158476,0.0165321,0.0192549,0.0241549,0.0311217,0.0414391,0.057918,0.0706386,0.193429,0.130499164445,0.0212022860253396,0.0454357994069852,0.0630942215079344,0.0639613915180696,0.0425551447694406,0.0453575274417754,0.0521583303101207,0.071480572577418,0.0723030917848787,0.0762183068989697,0.0793797164732322,0.0918529515099287,0.113896597681649,0.14437547448899,0.187745489694955,0.252962320764853,0.300181923029688,1,0.97879771397466,0.954564200593015,0.936905778492066,0.93603860848193,0.957444855230559,0.954642472558225,0.947841669689879,0.928519427422582,0.927696908215121,0.92378169310103,0.920620283526768,0.908147048490071,0.886103402318351,0.85562452551101,0.812254510305045,0.747037679235147,0.699818076970312,0,100000,2120.22860253396,98156.4594585291,4856198.81476319,48.5619881476319,2025,"Females","GMoH report",29.7946018523681
0,1,0.0247928,0.0135733,0.0147089,0.0148561,0.00928676,0.00992166,0.0121423,0.0170276,0.0169502,0.0165856,0.020149,0.0230601,0.0299829,0.0396905,0.0456778,0.0629331,0.0699283,0.203022,0.142888129592,0.0242769107147138,0.0528582774844409,0.0709360228343303,0.071620496842158,0.0453802121524772,0.0484075908552868,0.0589228526166812,0.0816617413331875,0.081305633142759,0.0796263721069571,0.0959135925588303,0.109015716679498,0.139460894840237,0.180538355957202,0.204981266735745,0.271888529897733,0.297612635799972,1,0.975723089285286,0.947141722515559,0.92906397716567,0.928379503157842,0.954619787847523,0.951592409144713,0.941077147383319,0.918338258666813,0.918694366857241,0.920373627893043,0.90408640744117,0.890984283320502,0.860539105159763,0.819461644042798,0.795018733264255,0.728111470102268,0.702387364200028,0,100000,2427.69107147139,97919.1971649584,4568087.41330306,45.6808741330306,2025,"Females","GMoH report",32.6757158669694
0,1,0.0225563,0.0124312,0.0148303,0.0149409,0.00924868,0.00988056,0.0108306,0.0176758,0.0165989,0.0163528,0.0189581,0.0204803,0.0278823,0.0366648,0.0425927,0.0614893,0.0741793,0.206843,0.134208519107,0.0221242346624002,0.0485185133145679,0.0715005630013044,0.0720145929215462,0.0451983375975703,0.048211898607731,0.052725381215518,0.0846388514728409,0.079687680404341,0.0785526121116515,0.0905011742224342,0.0974138384128816,0.130326961409715,0.167931099552792,0.192469057894538,0.266482018109629,0.312874475962995,1,0.9778757653376,0.951481486685432,0.928499436998696,0.927985407078454,0.95480166240243,0.951788101392269,0.947274618784482,0.915361148527159,0.920312319595659,0.921447387888349,0.909498825777566,0.902586161587118,0.869673038590285,0.832068900447208,0.807530942105462,0.733517981890371,0.687125524037005,0,100000,2212.42346624003,98084.5026108016,4643220.4664007,46.432204664007,2025,"Females","GMoH report",31.924385335993
0,1,0.0232957,0.013043,0.0144619,0.0145906,0.00856478,0.0101025,0.0111904,0.0168211,0.0174005,0.0175629,0.0172303,0.0231053,0.0255975,0.0320185,0.0408372,0.0583272,0.0737575,0.207941,0.137078049173,0.0228366296018684,0.0508456406188175,0.0697863904981375,0.070385580377365,0.041926178756769,0.0492681707621875,0.0544292862868394,0.0807113651396246,0.0833755589655499,0.0841209791387118,0.082593713831426,0.109217729014503,0.120289710348393,0.148227448593058,0.185271115958454,0.254522096877515,0.311372379329087,1,0.977163370398132,0.949154359381182,0.930213609501862,0.929614419622635,0.958073821243231,0.950731829237813,0.945570713713161,0.919288634860375,0.91662444103445,0.915879020861288,0.917406286168574,0.890782270985497,0.879710289651607,0.851772551406942,0.814728884041546,0.745477903122485,0.688627620670913,0,100000,2283.66296018683,98029.3771033642,4662344.93964182,46.6234493964183,2025,"Females","GMoH report",31.7331406035817
0,1,0.025022,0.0121775,0.0144776,0.0133947,0.00919388,0.00969681,0.0106789,0.0159443,0.0159906,0.0162227,0.0181185,0.0201926,0.0294694,0.0322884,0.045131,0.0630277,0.0704086,0.202248,0.14377762958,0.0244971630736931,0.0475518741061449,0.0698595050733743,0.0648034432952334,0.0449365469493336,0.0473365169721483,0.0520060806630192,0.0766655535368558,0.0768796217991464,0.0779520194357492,0.0866668181388769,0.0961111642613411,0.137236319979957,0.14938360594455,0.202776261370248,0.27224159591316,0.299350819691647,1,0.975502836926307,0.952448125893855,0.930140494926626,0.935196556704767,0.955063453050666,0.952663483027852,0.947993919336981,0.923334446463144,0.923120378200854,0.922047980564251,0.913333181861123,0.903888835738659,0.862763680020043,0.85061639405545,0.797223738629752,0.72775840408684,0.700649180308353,0,100000,2449.71630736931,97902.4980964477,4708779.97037753,47.0877997037753,2025,"Females","GMoH report",31.2687902962247
0,1,0.0245589,0.0132019,0.0157088,0.0150271,0.0098335,0.0101415,0.0119406,0.0169985,0.0172189,0.0178704,0.0200639,0.02423,0.0267634,0.0379546,0.0479889,0.0671593,0.0667943,0.202583,0.141980389421,0.0240520742626674,0.0514491470121214,0.0755759801091533,0.0724150302474224,0.0479877804035053,0.0494536641622464,0.057972435831768,0.0815278712033736,0.0825413230321062,0.0855308248681888,0.0955278470727906,0.114230488178582,0.125425001300486,0.17332664161993,0.214241468929252,0.287522050829342,0.286183014659776,1,0.975947925737333,0.948550852987879,0.924424019890847,0.927584969752578,0.952012219596495,0.950546335837754,0.942027564168232,0.918472128796626,0.917458676967894,0.914469175131811,0.904472152927209,0.885769511821418,0.874574998699514,0.82667335838007,0.785758531070748,0.712477949170658,0.713816985340224,0,100000,2405.20742626674,97936.2848607529,4537827.79718206,45.3782779718206,2025,"Females","GMoH report",32.9783120281794
0,1,0.0252634,0.0117488,0.0137342,0.0128369,0.00884977,0.00915303,0.0107876,0.0147633,0.0152127,0.0155606,0.0159516,0.017815,0.0262976,0.0380202,0.0402543,0.0588082,0.0647498,0.204493,0.144714476426,0.0247290686207759,0.0459162776737337,0.0663914174849456,0.0621887239246298,0.0432910601857499,0.0447413526425553,0.0525215464147409,0.0711890372171308,0.0732766603719009,0.0748896791466756,0.0766993082849062,0.0852769766523461,0.123376720863547,0.173600212958215,0.182868401285348,0.25635200068351,0.27864369172402,1,0.975270931379224,0.954083722326266,0.933608582515054,0.93781127607537,0.95670893981425,0.955258647357445,0.947478453585259,0.928810962782869,0.926723339628099,0.925110320853324,0.923300691715094,0.914723023347654,0.876623279136453,0.826399787041785,0.817131598714652,0.74364799931649,0.72135630827598,0,100000,2472.90686207758,97884.9585597182,4812661.25406862,48.1266125406862,2025,"Females","GMoH report",30.2299774593138
0,1,0.0242668,0.0136986,0.0146239,0.0152128,0.00889868,0.0111985,0.0117061,0.0177151,0.0171204,0.0166094,0.0193824,0.0247577,0.0252707,0.0368391,0.0424471,0.0666418,0.0803015,0.209734,0.140846781452,0.0237711967129246,0.0533332191288822,0.0705405549463019,0.0732771244046426,0.0435251099367697,0.0544676111415776,0.0568662936983445,0.0848190549012952,0.0820885288755956,0.0797360789266877,0.0924330634761974,0.116573284015805,0.1188452437471,0.168662100073002,0.191874237620723,0.285622933907764,0.33437955117775,1,0.976228803287075,0.946666780871118,0.929459445053698,0.926722875595357,0.95647489006323,0.945532388858422,0.943133706301655,0.915180945098705,0.917911471124404,0.920263921073312,0.907566936523803,0.883426715984195,0.8811547562529,0.831337899926998,0.808125762379277,0.714377066092236,0.66562044882225,0,100000,2377.11967129246,97957.6899835353,4562857.0691625,45.628570691625,2025,"Females","GMoH report",32.728019308375
0,1,0.0243137,0.0135028,0.0157496,0.0149302,0.0093786,0.0108138,0.0114095,0.0194638,0.0178961,0.0168972,0.0201005,0.025698,0.0309257,0.0399131,0.0513378,0.0751568,0.0747254,0.223189,0.141028795193,0.02381630205267,0.0525909498448694,0.0757648353720605,0.0719648750560938,0.0458187115789638,0.0526457485118562,0.0554654182754652,0.0928032407087334,0.085648561927235,0.0810617101769933,0.0956937685149149,0.120733477723644,0.143531471898752,0.181459019974627,0.227491692475126,0.316345256976223,0.314815259516344,1,0.97618369794733,0.947409050155131,0.92423516462794,0.928035124943906,0.954181288421036,0.947354251488144,0.944534581724535,0.907196759291267,0.914351438072765,0.918938289823007,0.904306231485085,0.879266522276356,0.856468528101248,0.818540980025373,0.772508307524874,0.683654743023776,0.685184740483656,0,100000,2381.63020526699,97954.2482331771,4473500.05829152,44.7350005829152,2025,"Females","GMoH report",33.6215894170848
0,1,0.025548,0.0136543,0.015467,0.0156563,0.0110018,0.0109152,0.0120126,0.0191359,0.0177087,0.0187495,0.0213371,0.0260362,0.0284218,0.0407058,0.04958,0.0631421,0.0818139,0.214982,0.14581897772,0.0250023825867913,0.0531653292885896,0.0744559736393023,0.0753329132747417,0.0535365051929213,0.053126289803833,0.0583118089106984,0.091311195247174,0.084789711107286,0.0895499576715912,0.10128279707626,0.122225294470282,0.132681390162685,0.18473003985879,0.220561412874238,0.272668366792827,0.339607885949326,1,0.974997617413209,0.94683467071141,0.925544026360698,0.924667086725258,0.946463494807079,0.946873710196167,0.941688191089302,0.908688804752826,0.915210288892714,0.910450042328409,0.89871720292374,0.877774705529718,0.867318609837314,0.81526996014121,0.779438587125762,0.727331633207173,0.660392114050674,0,100000,2500.23825867914,97864.3439282579,4428869.50770845,44.2886950770845,2025,"Females","GMoH report",34.0678949229155
0,1,0.0229313,0.0115234,0.0132463,0.0126262,0.00893683,0.00930746,0.0100593,0.0145609,0.0155332,0.0157505,0.0169063,0.0177622,0.0224911,0.0288342,0.0384407,0.0628927,0.0677884,0.194063,0.135663852857,0.0224856269699603,0.0450552213251632,0.0641084989750664,0.0611992161428431,0.0437076308338381,0.0454790635870649,0.0490626599616202,0.0702473388107754,0.0747627385729949,0.075769000879133,0.081103595700041,0.0850349792298106,0.106468988340819,0.134477147578248,0.175351877688362,0.271737705088026,0.289825057654273,1,0.97751437303004,0.954944778674837,0.935891501024934,0.938800783857157,0.956292369166162,0.954520936412935,0.95093734003838,0.929752661189225,0.925237261427005,0.924230999120867,0.918896404299959,0.914965020770189,0.89353101165918,0.865522852421752,0.824648122311638,0.728262294911974,0.710174942345727,0,100000,2248.56269699604,98056.485981869,4880140.14085616,48.8014014085616,2025,"Females","GMoH report",29.5551885914384
0,1,0.022958,0.0113234,0.014207,0.0133159,0.00931558,0.0101057,0.0101313,0.0159055,0.0153952,0.0156143,0.0172653,0.0215479,0.0265396,0.0325431,0.0422459,0.0567165,0.0711734,0.196364,0.13576747262,0.0225113511481177,0.0442905605337053,0.0685985509660629,0.0644344918741331,0.0455178373615781,0.0492833920620952,0.0494051539104672,0.0764861248528812,0.0741231482694071,0.0751384155934962,0.0827545448902652,0.102232273010967,0.124441435214925,0.150473328553848,0.191051629873787,0.248366327908013,0.302111282173399,1,0.977488648851882,0.955709439466295,0.931401449033937,0.935565508125867,0.954482162638422,0.950716607937905,0.950594846089533,0.923513875147119,0.925876851730593,0.924861584406504,0.917245455109735,0.897767726989033,0.875558564785075,0.849526671446152,0.808948370126213,0.751633672091987,0.697888717826601,0,100000,2251.13511481177,98054.4958102524,4771223.50351059,47.7122350351059,2025,"Females","GMoH report",30.6443549648941
0,1,0.0231881,0.0143876,0.0161508,0.0159754,0.00986304,0.0111324,0.0125814,0.017572,0.0184978,0.0169201,0.0196235,0.0235076,0.0303439,0.0373324,0.0493466,0.0675264,0.0825846,0.217073,0.136660465409,0.0227330033800317,0.0559406953044747,0.0776199396949375,0.0768093497836651,0.0481284674997775,0.0541548172802727,0.0609886921708056,0.0841627312176104,0.0884009426094952,0.0811671109164562,0.0935290802350202,0.11101382832327,0.141021634093106,0.170727803382507,0.21963713534274,0.288866682180942,0.34225957479787,1,0.977266996619968,0.944059304695525,0.922380060305062,0.923190650216335,0.951871532500222,0.945845182719727,0.939011307829194,0.91583726878239,0.911599057390505,0.918832889083544,0.90647091976498,0.88898617167673,0.858978365906894,0.829272196617493,0.78036286465726,0.711133317819058,0.65774042520213,0,100000,2273.30033800317,98037.3699442028,4452659.15373319,44.5265915373319,2025,"Females","GMoH report",33.8299984626681
0,1,0.0220128,0.0108693,0.0138843,0.0135405,0.00909621,0.00949283,0.0111413,0.015074,0.0154981,0.0148655,0.0183702,0.0188946,0.0235057,0.0325252,0.0401543,0.055313,0.0678321,0.199653,0.132099255392,0.0216001311042279,0.0425521752824059,0.0670926633361063,0.0654857263073387,0.0444697837704241,0.0463638398748032,0.05419693910585,0.0726328317360278,0.0746001004577398,0.0716641899603607,0.0878179181978066,0.0902117143548759,0.111005353646952,0.150396786129456,0.182455561606464,0.242966926048674,0.289984804377468,1,0.978399868895772,0.957447824717594,0.932907336663894,0.934514273692661,0.955530216229576,0.953636160125197,0.94580306089415,0.927367168263972,0.92539989954226,0.928335810039639,0.912182081802193,0.909788285645124,0.888994646353048,0.849603213870544,0.817544438393536,0.757033073951326,0.710015195622532,0,100000,2160.01311042279,98125.323013101,4823072.7881071,48.230727881071,2025,"Females","GMoH report",30.125862118929
0,1,0.0223647,0.0107124,0.0141875,0.013274,0.00847172,0.00946822,0.0102356,0.0157037,0.0148511,0.0155392,0.015993,0.0188507,0.0220496,0.0308646,0.0402785,0.0594527,0.0675141,0.203387,0.133464940583,0.0219395166292715,0.0419508122379641,0.0685076203410291,0.0642382535557524,0.041480080922126,0.0462464217613762,0.0499010812323455,0.0755523705947289,0.0715972550151126,0.0747905372104485,0.0768907169111019,0.0900115482676763,0.104488192856953,0.143268210013076,0.182968280304398,0.258797913256359,0.288821663346624,1,0.978060483370728,0.958049187762036,0.931492379658971,0.935761746444248,0.958519919077874,0.953753578238624,0.950098918767655,0.924447629405271,0.928402744984887,0.925209462789552,0.923109283088898,0.909988451732324,0.895511807143047,0.856731789986924,0.817031719695602,0.741202086743641,0.711178336653376,0,100000,2193.95166292715,98098.8639654074,4857909.62321964,48.5790962321964,2025,"Females","GMoH report",29.7774937678036
0,1,0.0240117,0.0134237,0.0150486,0.0154958,0.00959583,0.011129,0.0115909,0.0177316,0.0177314,0.0165754,0.0208653,0.0221245,0.0286941,0.0385354,0.0485813,0.0658078,0.070708,0.219822,0.139856766413,0.0235258096600284,0.0522909246300862,0.0725148813897939,0.0745894423000184,0.0468551156880674,0.0541387253149255,0.0563224308409151,0.0848947027229925,0.0848937858154786,0.0795793510610564,0.0991542899830421,0.10482452451824,0.133867482664212,0.175745903295378,0.216599755718752,0.282553448010102,0.300432539918591,1,0.976474190339972,0.947709075369914,0.927485118610206,0.925410557699982,0.953144884311933,0.945861274685075,0.943677569159085,0.915105297277008,0.915106214184521,0.920420648938944,0.900845710016958,0.89517547548176,0.866132517335788,0.824254096704622,0.783400244281248,0.717446551989898,0.699567460081409,0,100000,2352.58096600283,97976.4434006271,4524300.33031877,45.2430033031877,2025,"Females","GMoH report",33.1135866968123
0,1,0.0228692,0.0112527,0.0131246,0.0133214,0.00861176,0.00965537,0.0105536,0.0167004,0.0154574,0.0143393,0.0147039,0.0196304,0.0223683,0.0293726,0.0374141,0.0574875,0.0719083,0.191123,0.135422849588,0.0224257930097602,0.0440201098204469,0.0635382158312529,0.0644602481265185,0.0421513076373524,0.0471389890482822,0.0514115574677703,0.0801554306163373,0.0744114799736387,0.0692152542614229,0.0709127645049878,0.0935604284151005,0.105918460263235,0.136816368813473,0.171069473983578,0.251318342031203,0.304755394215359,1,0.97757420699024,0.955979890179553,0.936461784168747,0.935539751873481,0.957848692362648,0.952861010951718,0.94858844253223,0.919844569383663,0.925588520026361,0.930784745738577,0.929087235495012,0.9064395715849,0.894081539736765,0.863183631186527,0.828930526016422,0.748681657968797,0.695244605784641,0,100000,2242.57930097602,98061.1171783892,4867845.70637232,48.6784570637232,2025,"Females","GMoH report",29.6781329362768
0,1,0.0235567,0.0134764,0.0151243,0.0152444,0.00930602,0.0105753,0.0115677,0.0183206,0.0161778,0.018258,0.0210438,0.0226809,0.0274136,0.0347486,0.0433338,0.0678323,0.0734082,0.210336,0.138090961463,0.023087928864928,0.0524908252842779,0.0728663679770132,0.0734237475568605,0.0454721872891095,0.0515145455656977,0.0562128660728235,0.0875911920187531,0.0777446562502853,0.0873049648781374,0.0999601466640763,0.107319256678028,0.128276685627224,0.159856063941321,0.195490621288068,0.289985535415148,0.310126440564401,1,0.976912071135072,0.947509174715722,0.927133632022987,0.92657625244314,0.95452781271089,0.948485454434302,0.943787133927177,0.912408807981247,0.922255343749715,0.912695035121863,0.900039853335924,0.892680743321972,0.871723314372776,0.840143936058679,0.804509378711932,0.710014464584852,0.689873559435599,0,100000,2308.79288649281,98010.0305430219,4552250.86392188,45.5225086392188,2025,"Females","GMoH report",32.8340813607812
0,1,0.0225997,0.0113785,0.0125946,0.0120767,0.00877451,0.00895591,0.0105601,0.0147837,0.0147864,0.0153054,0.0155675,0.0194697,0.0259523,0.0302617,0.0395054,0.0564784,0.0631341,0.190659,0.134376949733,0.0221660691513956,0.0445012842737816,0.0610507263061611,0.0586138454321732,0.04293080798996,0.0437989024293597,0.0514424075793045,0.0712839005004295,0.0712964552357551,0.0737067228116947,0.0749216432950122,0.0928300661525731,0.121855428412994,0.140666482747593,0.179772080161017,0.24745267245942,0.272638529531727,1,0.977833930848604,0.955498715726218,0.938949273693839,0.941386154567827,0.95706919201004,0.95620109757064,0.948557592420695,0.92871609949957,0.928703544764245,0.926293277188305,0.925078356704988,0.907169933847427,0.878144571587006,0.859333517252407,0.820227919838983,0.75254732754058,0.727361470468273,0,100000,2216.60691513956,98081.253960874,4910127.5905447,49.101275905447,2025,"Females","GMoH report",29.255314094553
0,1,0.0223661,0.0114127,0.0143077,0.0131503,0.0093087,0.00914442,0.0107332,0.0173882,0.0155457,0.015774,0.0178939,0.0198097,0.0259458,0.0335174,0.0421794,0.0593482,0.0695674,0.209835,0.133470373829,0.0219408665174368,0.0446320554808279,0.0690679898056445,0.0636586733689894,0.0454849848048673,0.0447002063476755,0.0522636105384225,0.0833190780189761,0.0748206514951304,0.0758777605141255,0.085638483835251,0.0943746654734276,0.121826767630999,0.15463001023719,0.190779579510036,0.258401796284387,0.296304215326703,1,0.978059133482563,0.955367944519172,0.930932010194356,0.936341326631011,0.954515015195133,0.955299793652325,0.947736389461577,0.916680921981024,0.92517934850487,0.924122239485875,0.914361516164749,0.905625334526572,0.878173232369001,0.84536998976281,0.809220420489964,0.741598203715613,0.703695784673297,0,100000,2194.08665174368,98098.7589138778,4759096.29316636,47.5909629316636,2025,"Females","GMoH report",30.7656270683364
0,1,0.0226991,0.0116307,0.0135149,0.0127917,0.00845226,0.00983166,0.010289,0.0145976,0.0141007,0.0151646,0.0162823,0.0182982,0.0228468,0.0312235,0.0420058,0.0575168,0.0663853,0.202327,0.134762710199,0.0222618743879711,0.0454652154376194,0.0653659638383042,0.0619765368344373,0.0413867706350799,0.0479790165552364,0.0501548908208604,0.0704181596806156,0.0681027585802197,0.0730534347099921,0.0782272030302513,0.0874887819263865,0.108061832323196,0.144813536368032,0.190068999094582,0.251430329990068,0.284680070319541,1,0.977738125612029,0.954534784562381,0.934634036161696,0.938023463165563,0.95861322936492,0.952020983444764,0.94984510917914,0.929581840319384,0.93189724141978,0.926946565290008,0.921772796969749,0.912511218073613,0.891938167676804,0.855186463631968,0.809931000905418,0.748569670009932,0.71531992968046,0,100000,2226.18743879712,98073.8196138662,4875731.29553843,48.7573129553843,2025,"Females","GMoH report",29.5992770446157
0,1,0.0242269,0.0116642,0.013973,0.0133143,0.00878861,0.010253,0.0114098,0.0161559,0.0155306,0.015911,0.0164914,0.0184239,0.0253715,0.0318903,0.0446009,0.0591566,0.0736971,0.213245,0.140691933941,0.0237328213304997,0.0455931839671409,0.0675068180775075,0.0644269990174548,0.0429983115234057,0.0499837904902585,0.0554668362299585,0.0776434985062088,0.0747506922474542,0.0765115613676965,0.0791920313360612,0.0880633252546042,0.119291019732164,0.147677778361774,0.200633422019614,0.257675050298743,0.311157066403826,1,0.9762671786695,0.954406816032859,0.932493181922493,0.935573000982545,0.957001688476594,0.950016209509742,0.944533163770041,0.922356501493791,0.925249307752546,0.923488438632304,0.920807968663939,0.911936674745396,0.880708980267837,0.852322221638226,0.799366577980386,0.742324949701257,0.688842933596174,0,100000,2373.28213304997,97960.6195200364,4760216.11635244,47.6021611635244,2025,"Females","GMoH report",30.7544288364756
0,1,0.0230428,0.0123596,0.013654,0.013608,0.00817822,0.00949489,0.0114517,0.0168679,0.0161309,0.0159592,0.0165469,0.0205674,0.0222399,0.0321348,0.0409766,0.0598346,0.0682002,0.205666,0.136096572092,0.0225930457972681,0.0482458023622471,0.0660165258887863,0.0658014351753351,0.0400718098089604,0.0463736678130465,0.0556648568957183,0.0809268355754905,0.077528008614597,0.0767344489555706,0.0794479565206223,0.0978078662302404,0.105342484213358,0.14872581425981,0.185844781786607,0.260244009476451,0.291329221986663,1,0.977406954202732,0.951754197637753,0.933983474111214,0.934198564824665,0.95992819019104,0.953626332186954,0.944335143104282,0.919073164424509,0.922471991385403,0.923265551044429,0.920552043479378,0.90219213376976,0.894657515786642,0.85127418574019,0.814155218213393,0.739755990523549,0.708670778013337,0,100000,2259.30457972681,98048.1790288858,4772589.23653169,47.7258923653169,2025,"Females","GMoH report",30.6306976346831
0,1,0.0250512,0.0131802,0.0154419,0.0153112,0.00951094,0.0108693,0.0108086,0.018082,0.0184648,0.0169159,0.0199623,0.0239557,0.0300449,0.0397886,0.0490141,0.0657516,0.0787296,0.209763,0.143890951568,0.0245252184555503,0.0513667518739032,0.0743396369022961,0.0737336243279738,0.0464502364698731,0.0529087960575297,0.0526210989740721,0.0864997775555991,0.0882501945205427,0.0811477806435303,0.0950671048329814,0.11301039235939,0.139729130609385,0.180944208194573,0.218318756582477,0.28234621201516,0.328910516500338,1,0.97547478154445,0.948633248126097,0.925660363097704,0.926266375672026,0.953549763530127,0.94709120394247,0.947378901025928,0.913500222444401,0.911749805479457,0.91885221935647,0.904932895167019,0.88698960764061,0.860270869390615,0.819055791805427,0.781681243417523,0.71765378798484,0.671089483499662,0,100000,2452.52184555503,97900.3738565432,4510328.69280654,45.1032869280654,2025,"Females","GMoH report",33.2533030719346
0,1,0.0229405,0.0117726,0.0132336,0.0140754,0.00869964,0.00954641,0.0106497,0.0177195,0.0165628,0.0156169,0.01653,0.0208115,0.0231296,0.0313485,0.0415732,0.0630662,0.067671,0.211956,0.135699557045,0.0224944908358545,0.0460071523954194,0.0640490027916413,0.067984719691148,0.0425722909861139,0.0466194295293664,0.0518675649830013,0.084839228238088,0.0795212630604557,0.0751504570675543,0.0793700333709457,0.0989112702480802,0.109326315152615,0.14535114878109,0.188295847664668,0.27238524426961,0.289395750431393,1,0.977505509164146,0.953992847604581,0.935950997208359,0.932015280308852,0.957427709013886,0.953380570470634,0.948132435016999,0.915160771761912,0.920478736939544,0.924849542932446,0.920629966629054,0.90108872975192,0.890673684847385,0.85464885121891,0.811704152335332,0.72761475573039,0.710604249568607,0,100000,2249.44908358544,98055.8001606524,4765493.13277137,47.6549313277137,2025,"Females","GMoH report",30.7016586722863
0,1,0.0236388,0.0123995,0.0151998,0.0146635,0.00949664,0.0102994,0.0117863,0.0173174,0.0168869,0.0163171,0.0185992,0.0228408,0.0274611,0.0336064,0.0450344,0.0636078,0.0807072,0.209805,0.138409582532,0.0231669593824514,0.0483977833702024,0.0732167982739876,0.0707248166284228,0.0463820167120297,0.0502043142154242,0.05724474077938,0.0829939034413614,0.0810142990820772,0.0783878442658253,0.0888640016512215,0.108034986217035,0.128484673810085,0.155008782158197,0.202386152621011,0.274403493642687,0.335785276359497,1,0.976833040617549,0.951602216629798,0.926783201726012,0.929275183371577,0.95361798328797,0.949795685784576,0.94275525922062,0.917006096558639,0.918985700917923,0.921612155734175,0.911135998348778,0.891965013782965,0.871515326189915,0.844991217841803,0.797613847378989,0.725596506357313,0.664214723640503,0,100000,2316.69593824515,98003.9569794209,4607646.84471295,46.0764684471295,2025,"Females","GMoH report",32.2801215528705
0,1,0.0232387,0.0129984,0.0136453,0.0142202,0.00920162,0.0100763,0.0113468,0.0163563,0.0162252,0.0166419,0.0195912,0.0220896,0.0268878,0.0342444,0.0451492,0.063104,0.0666415,0.197311,0.136856838443,0.0227817365249801,0.05067618144618,0.0659758493569249,0.0686600991453338,0.0449735267421473,0.049143537434375,0.0551690203983597,0.0785687643011527,0.0779635639552819,0.0798858684160186,0.0933823206969069,0.104667824082849,0.125971273950673,0.157719477787163,0.202849741165434,0.272526257600884,0.285621831748784,1,0.97721826347502,0.94932381855382,0.934024150643075,0.931339900854666,0.955026473257853,0.950856462565625,0.94483097960164,0.921431235698847,0.922036436044718,0.920114131583981,0.906617679303093,0.895332175917151,0.874028726049327,0.842280522212837,0.797150258834566,0.727473742399116,0.714378168251216,0,100000,2278.17365249802,98033.609991007,4672287.92277744,46.7228792277744,2025,"Females","GMoH report",31.6337107722256
0,1,0.0227852,0.0111428,0.0136582,0.0126432,0.00844954,0.00944142,0.0101585,0.0143145,0.0149667,0.0141629,0.0158902,0.0157961,0.0246759,0.0288651,0.0380657,0.0599757,0.0667487,0.20204,0.135096854828,0.022344850234332,0.043599557696988,0.0660361622228207,0.0612790905072469,0.0413737275845628,0.0461185387643488,0.0495345092202161,0.0690996815221287,0.0721344628376205,0.0683928956456505,0.0764153615545641,0.0759800296347176,0.116210503115435,0.134611559672261,0.173789913248173,0.260777688908349,0.286015579689885,1,0.977655149765668,0.956400442303012,0.933963837777179,0.938720909492753,0.958626272415437,0.953881461235651,0.950465490779784,0.930900318477871,0.92786553716238,0.931607104354349,0.923584638445436,0.924019970365282,0.883789496884565,0.865388440327739,0.826210086751827,0.739222311091651,0.713984420310116,0,100000,2234.4850234332,98067.3868753929,4913963.25386111,49.1396325386111,2025,"Females","GMoH report",29.2169574613889
0,1,0.0238232,0.0124153,0.0144666,0.0138751,0.00912114,0.00972761,0.0105595,0.0167147,0.0164104,0.0167288,0.0179531,0.0222808,0.0273153,0.0328523,0.0431806,0.0632944,0.0728581,0.199451,0.139125218648,0.0233444338594911,0.0484579597837926,0.0698082788818206,0.0670496968771497,0.0445889449760528,0.0474833023822827,0.0514395599176246,0.0802213120871426,0.0788183964665628,0.0802862677117588,0.0859096391437221,0.105525991236163,0.127846112694771,0.151794503575469,0.194866833069859,0.273236197113542,0.308160524267217,1,0.976655566140509,0.951542040216207,0.930191721118179,0.93295030312285,0.955411055023947,0.952516697617717,0.948560440082375,0.919778687912857,0.921181603533437,0.919713732288241,0.914090360856278,0.894474008763837,0.872153887305229,0.848205496424531,0.805133166930141,0.726763802886458,0.691839475732783,0,100000,2334.44338594911,97990.3365605424,4688846.87258352,46.8884687258352,2025,"Females","GMoH report",31.4681212741648
0,1,0.0234061,0.0142068,0.0161404,0.0153229,0.00982716,0.0105379,0.0119601,0.0186593,0.0177867,0.0185666,0.0220517,0.0271254,0.0308996,0.0351762,0.0486341,0.0649571,0.0786449,0.219173,0.137506499429,0.0229429369565707,0.05525714556867,0.0775718964080392,0.0737878888931961,0.0479575828990934,0.0513370385535659,0.0580643610873966,0.0891383518770513,0.0851472773068171,0.0887151530963053,0.104497624343179,0.127013752869766,0.143419023828289,0.161664171891753,0.216809645098311,0.279411154276384,0.328614804001881,1,0.977057063043429,0.94474285443133,0.922428103591961,0.926212111106804,0.952042417100907,0.948662961446434,0.941935638912603,0.910861648122949,0.914852722693183,0.911284846903695,0.895502375656821,0.872986247130234,0.856580976171711,0.838335828108247,0.783190354901689,0.720588845723616,0.671385195998119,0,100000,2294.29369565706,98021.1865990948,4445788.5493793,44.457885493793,2025,"Females","GMoH report",33.898704506207
0,1,0.0236888,0.0123885,0.0149923,0.0141438,0.00909205,0.00996398,0.0105355,0.0178543,0.017703,0.015577,0.0176905,0.0233089,0.0270275,0.0328133,0.0438426,0.0567617,0.0791396,0.201381,0.138603627032,0.0232150858108168,0.0483558862074383,0.0722533887978162,0.0683038113814574,0.0444498982563949,0.0486090509707706,0.0513256466249569,0.0854570600326477,0.084763576033689,0.0749656501683202,0.0847062597784723,0.110127143558758,0.126584353466697,0.151627965221956,0.197559224824296,0.248539665212736,0.330340468623341,1,0.976784914189183,0.951644113792562,0.927746611202184,0.931696188618543,0.955550101743605,0.951390949029229,0.948674353375043,0.914542939967352,0.915236423966311,0.92503434983168,0.915293740221528,0.889872856441242,0.873415646533303,0.848372034778044,0.802440775175704,0.751460334787264,0.669659531376659,0,100000,2321.50858108168,98000.2609284421,4657306.81195729,46.5730681195729,2025,"Females","GMoH report",31.7835218804271
0,1,0.0245605,0.0135785,0.015587,0.0143044,0.00967213,0.0104373,0.0112236,0.0168687,0.0172986,0.0184894,0.0221297,0.0236489,0.0298611,0.0332996,0.0458468,0.0638248,0.0707531,0.210473,0.141986598845,0.0240536124957718,0.0528779923614404,0.0750119710193052,0.0690526096271244,0.0472188820850469,0.0508594126313568,0.0545863612886031,0.0809305184102332,0.0829075391098844,0.0883625726243006,0.104847870216192,0.111643863586097,0.138933716030597,0.153702426681215,0.205661675714618,0.27521081235846,0.300595365171254,1,0.975946387504228,0.94712200763856,0.924988028980695,0.930947390372876,0.952781117914953,0.949140587368643,0.945413638711397,0.919069481589767,0.917092460890116,0.911637427375699,0.895152129783808,0.888356136413903,0.861066283969403,0.846297573318785,0.794338324285382,0.72478918764154,0.699404634828746,0,100000,2405.36124957718,97936.1678132438,4543415.45241291,45.434154524129,2025,"Females","GMoH report",32.9224354758709
0,1,0.0228593,0.012239,0.0147525,0.0149071,0.00953541,0.0102793,0.0116141,0.0172524,0.0156081,0.0167081,0.0195431,0.0215259,0.0268242,0.035373,0.0461286,0.06595,0.0775748,0.208383,0.135384428777,0.0224162538009512,0.047786287260439,0.0711388117009542,0.0718575314811436,0.0465669623049201,0.0501087917426007,0.0564319832581051,0.0826952702968275,0.0751097007012135,0.0801909058163256,0.0931637297812787,0.102133225977336,0.125692029645929,0.16249514783875,0.206795081059587,0.283077583431699,0.324869737682977,1,0.977583746199049,0.952213712739561,0.928861188299046,0.928142468518856,0.95343303769508,0.949891208257399,0.943568016741895,0.917304729703172,0.924890299298787,0.919809094183674,0.906836270218721,0.897866774022664,0.874307970354071,0.83750485216125,0.793204918940413,0.716922416568301,0.675130262317023,0,100000,2241.62538009511,98061.8557915211,4625188.65399904,46.2518865399904,2025,"Females","GMoH report",32.1047034600096
0,1,0.0242838,0.0128397,0.0144218,0.0139075,0.00952692,0.00975148,0.0114301,0.0162718,0.0162294,0.0185594,0.017847,0.0214919,0.0230201,0.0325865,0.0435655,0.0619194,0.0699025,0.216624,0.140912756582,0.0237875465166778,0.0500729565203318,0.0695996204832854,0.0672010050554774,0.0465264652199177,0.0475970458971863,0.0555627796799505,0.0781787284173465,0.077982958435901,0.0886822754428643,0.0854236119919492,0.101980132951547,0.108836908695355,0.150658885563928,0.196433221249173,0.268096122397111,0.297519166210012,1,0.976212453483322,0.949927043479668,0.930400379516715,0.932798994944523,0.953473534780082,0.952402954102814,0.94443722032005,0.921821271582653,0.922017041564099,0.911317724557136,0.914576388008051,0.898019867048453,0.891163091304645,0.849341114436072,0.803566778750827,0.731903877602889,0.702480833789988,0,100000,2378.75465166778,97956.442223531,4672120.51540684,46.7212051540684,2025,"Females","GMoH report",31.6353848459316
0,1,0.0226048,0.0100717,0.0124711,0.0122509,0.00851848,0.00898476,0.00931615,0.0149008,0.013734,0.0146567,0.015982,0.0168621,0.0222545,0.029179,0.0356116,0.0564841,0.0654848,0.191692,0.134396742272,0.0221709850247345,0.0394913107314129,0.0604701759711165,0.0594341940793822,0.0417042577853516,0.0439368938832831,0.0455205591081613,0.0718282538862302,0.0663904827739562,0.0706931782363579,0.0768398632633143,0.0809001346008668,0.105407994467791,0.135975898168363,0.163501614741205,0.247474556068875,0.281361711488753,1,0.977829014975266,0.960508689268587,0.939529824028884,0.940565805920618,0.958295742214648,0.956063106116717,0.954479440891839,0.92817174611377,0.933609517226044,0.929306821763642,0.923160136736686,0.919099865399133,0.894592005532209,0.864024101831637,0.836498385258795,0.752525443931125,0.718638288511247,0,100000,2217.09850247344,98080.8723135551,5002822.57340511,50.0282257340511,2025,"Females","GMoH report",28.3283642659489
0,1,0.0234415,0.0139168,0.0164078,0.0158562,0.010189,0.0114513,0.0114178,0.0179635,0.0168681,0.0189231,0.0235359,0.0268005,0.0285376,0.0407363,0.0516974,0.0669309,0.0744447,0.223212,0.137643882935,0.0229770213308613,0.0541597394753392,0.0788064008407143,0.0762580911382348,0.0496795379690825,0.0556629666743063,0.0555046475869542,0.0859572666034235,0.0809277562855013,0.0903416402676291,0.111140047396218,0.125587950342139,0.13318597947998,0.184855660856617,0.228902800857388,0.286684389488894,0.31381823845856,1,0.977022978669139,0.945840260524661,0.921193599159286,0.923741908861765,0.950320462030917,0.944337033325694,0.944495352413046,0.914042733396576,0.919072243714499,0.909658359732371,0.888859952603782,0.874412049657861,0.86681402052002,0.815144339143383,0.771097199142612,0.713315610511106,0.68618176154144,0,100000,2297.70213308613,98018.5625103399,4421336.93204881,44.2133693204881,2025,"Females","GMoH report",34.1432206795119
0,1,0.0217141,0.011361,0.0125646,0.0131453,0.00891204,0.00988754,0.0108701,0.0152036,0.0147219,0.0147829,0.0159337,0.0194393,0.0220976,0.0309694,0.035659,0.0585519,0.0657527,0.203899,0.130940033549,0.021311925739231,0.0444343624171574,0.0609097338937951,0.0636352392245537,0.0435890320079595,0.0482451357267411,0.0529125872143045,0.0732344324567513,0.070996491865995,0.0712801805474623,0.0766165376837703,0.0926918388429506,0.104703746242575,0.143719716527438,0.163701427033529,0.255377417474445,0.282350268715565,1,0.978688074260769,0.955565637582843,0.939090266106205,0.936364760775446,0.956410967992041,0.951754864273259,0.947087412785696,0.926765567543249,0.929003508134005,0.928719819452538,0.92338346231623,0.907308161157049,0.895296253757425,0.856280283472562,0.836298572966471,0.744622582525555,0.717649731284435,0,100000,2131.19257392309,98147.8658532058,4884092.88792302,48.8409288792302,2025,"Females","GMoH report",29.5156611207697
0,1,0.0255529,0.0128272,0.0156556,0.0149947,0.00894465,0.0105661,0.0115123,0.0184669,0.0174134,0.0163009,0.020299,0.0247067,0.0300631,0.0380153,0.0454559,0.0663365,0.0686027,0.217549,0.145837994081,0.0250070874001365,0.0500254276684232,0.0753296719688126,0.0722645373543325,0.043745039823849,0.0514708837383311,0.0559511829901561,0.0882597882891096,0.0834347915040581,0.0783130663421578,0.0965931396458236,0.11634711672785,0.139807856102976,0.173579781345537,0.204087093694348,0.284500569867467,0.292796861819191,1,0.974992912599863,0.949974572331577,0.924670328031187,0.927735462645668,0.956254960176151,0.948529116261669,0.944048817009844,0.91174021171089,0.916565208495942,0.921686933657842,0.903406860354176,0.88365288327215,0.860192143897023,0.826420218654462,0.795912906305652,0.715499430132533,0.707203138180809,0,100000,2500.70874001365,97863.9896064108,4534564.90031755,45.3456490031755,2025,"Females","GMoH report",33.0109409968245
0,1,0.0232159,0.0111188,0.0124874,0.0116344,0.00864923,0.00871401,0.0111588,0.0145459,0.013672,0.0150333,0.0142949,0.0168391,0.0242818,0.0280291,0.0406511,0.0575192,0.0654689,0.189664,0.136768354151,0.0227597781244004,0.0435076933190483,0.0605468191270812,0.0565278314931891,0.0423308273454963,0.042641112302463,0.0542797576021722,0.0701775123092521,0.0661006787986617,0.072443825591826,0.0690083319876735,0.0807942441100175,0.114460719267242,0.130968198190263,0.18450470224629,0.251439502429625,0.2813030043468,1,0.9772402218756,0.956492306680952,0.939453180872919,0.943472168506811,0.957669172654504,0.957358887697537,0.945720242397828,0.929822487690748,0.933899321201338,0.927556174408174,0.930991668012326,0.919205755889982,0.885539280732758,0.869031801809737,0.81549529775371,0.748560497570375,0.718696995653201,0,100000,2275.97781244003,98035.3039270516,4966560.98858971,49.6656098858971,2025,"Females","GMoH report",28.6909801141029
0,1,0.0242235,0.0127961,0.0153069,0.0152581,0.00952534,0.0102646,0.0112398,0.0175574,0.0177194,0.0162441,0.0209128,0.0223547,0.0284543,0.0379594,0.0465434,0.0609589,0.077692,0.21101,0.140678738915,0.0237295511549388,0.0499071658306294,0.0737136801724219,0.0734873082547938,0.0465189284746092,0.0500389260979378,0.0546629971126336,0.0840957434834109,0.0848387697578805,0.0780508360358741,0.0993688003786057,0.105857470036441,0.13282303386849,0.173346661813858,0.208460812543641,0.264487354512517,0.325280724818502,1,0.976270448845061,0.950092834169371,0.926286319827578,0.926512691745206,0.953481071525391,0.949961073902062,0.945337002887366,0.915904256516589,0.915161230242119,0.921949163964126,0.900631199621394,0.894142529963559,0.86717696613151,0.826653338186142,0.791539187456359,0.735512645487483,0.674719275181498,0,100000,2372.95511549388,97960.8692176557,4560776.41094307,45.6077641094307,2025,"Females","GMoH report",32.7488258905693
0,1,0.0259796,0.014167,0.0160723,0.0153593,0.0102584,0.0110781,0.0124649,0.0187395,0.0194111,0.0171356,0.0231819,0.0268647,0.0306805,0.0407731,0.049869,0.0682578,0.0742461,0.219259,0.147493969844,0.0254166773853862,0.0551066093312095,0.0772572459161545,0.0739566924347186,0.0500094574541314,0.0538977873061104,0.0604410217693675,0.0895043338400127,0.0925635969100484,0.0821584156327103,0.10955997881762,0.125869859934541,0.142474525779551,0.18500720665576,0.221704540655169,0.29153940414874,0.313112116262,1,0.974583322614614,0.944893390668791,0.922742754083846,0.926043307565281,0.949990542545869,0.94610221269389,0.939558978230633,0.910495666159987,0.907436403089952,0.91784158436729,0.89044002118238,0.874130140065459,0.857525474220449,0.81499279334424,0.778295459344831,0.70846059585126,0.686887883738,0,100000,2541.66773853863,97833.2129262428,4395328.51879775,43.9532851879775,2025,"Females","GMoH report",34.4033048120225
0,1,0.0226506,0.0123156,0.0138391,0.0136502,0.00898049,0.00966243,0.0108394,0.0161003,0.0154184,0.0160393,0.0176451,0.0209582,0.026059,0.030309,0.0465011,0.0577941,0.0703895,0.206138,0.134574487034,0.0222151299778616,0.0480781768113249,0.0668815488918277,0.0659987593382041,0.0439164714189667,0.047172644071852,0.0527670909849445,0.0773866300985604,0.0742307033102049,0.0771047350574813,0.0844980582796254,0.0995737819099378,0.122325781171152,0.140870862566202,0.208291088196647,0.252489492546977,0.299281765430563,1,0.977784870022138,0.951921823188675,0.933118451108172,0.934001240661796,0.956083528581033,0.952827355928148,0.947232909015056,0.92261336990144,0.925769296689795,0.922895264942519,0.915501941720375,0.900426218090062,0.877674218828848,0.859129137433798,0.791708911803353,0.747510507453023,0.700718234569437,0,100000,2221.51299778617,98077.4459743303,4750302.82907667,47.5030282907667,2025,"Females","GMoH report",30.8535617092333
0,1,0.0220242,0.0118524,0.013372,0.0133139,0.0087873,0.00928644,0.0102139,0.0150536,0.0143315,0.01561,0.0165865,0.0198266,0.0242505,0.029143,0.0384097,0.0559959,0.0684126,0.202204,0.132143497538,0.0216111282406109,0.0463117883202267,0.0646971734902219,0.0644251257942208,0.0429920401147492,0.0453786839358763,0.0497979224984819,0.0725381011030864,0.0691789062622562,0.0751185005173119,0.0796305209122235,0.0944513758775647,0.11432160952079,0.135819528688572,0.175222856611065,0.245598260861556,0.29210401257353,1,0.978388871759389,0.953688211679773,0.935302826509778,0.935574874205779,0.957007959885251,0.954621316064124,0.950202077501518,0.927461898896914,0.930821093737744,0.924881499482688,0.920369479087776,0.905548624122435,0.88567839047921,0.864180471311428,0.824777143388935,0.754401739138444,0.70789598742647,0,100000,2161.1128240611,98124.4641830846,4859135.6965233,48.591356965233,2025,"Females","GMoH report",29.765233034767
0,1,0.0238635,0.0116256,0.0145398,0.0145103,0.00955144,0.00974559,0.0108527,0.0161655,0.0160979,0.0164482,0.0176905,0.0210222,0.0235057,0.0306555,0.046496,0.0618087,0.0639486,0.204919,0.139281618515,0.0233832145466086,0.0454457321916652,0.0701491147532758,0.0700117705157146,0.046643420421132,0.0475689805471732,0.0528301262228531,0.0776878429374852,0.0773755407080882,0.0789927774930952,0.0847062597784723,0.0998626675742989,0.111005353646952,0.142366694492466,0.208270622805132,0.267680968331692,0.275671054940138,1,0.976616785453391,0.954554267808335,0.929850885246724,0.929988229484285,0.953356579578868,0.952431019452827,0.947169873777147,0.922312157062515,0.922624459291912,0.921007222506905,0.915293740221528,0.900137332425701,0.888994646353048,0.857633305507534,0.791729377194868,0.732319031668308,0.724328945059862,0,100000,2338.32145466087,97987.3637421527,4714664.58117129,47.1466458117129,2025,"Females","GMoH report",31.2099441882871
0,1,0.0236391,0.0125374,0.0157278,0.0151679,0.00993012,0.0100447,0.0119239,0.0184929,0.0190614,0.0164168,0.0211874,0.0224468,0.0299626,0.0350745,0.0444765,0.0654072,0.0805851,0.218308,0.138410746799,0.0231672481505329,0.048922868848205,0.0756639320247527,0.0730687512208916,0.0484478671633107,0.0489931951321405,0.0578937031815828,0.0883785603053242,0.0909718719023036,0.0788479235227781,0.100607947911072,0.10627042268991,0.139373052446887,0.161234455248469,0.200129815637047,0.281075153113231,0.335362457138184,1,0.976832751849467,0.951077131151795,0.924336067975247,0.926931248779108,0.951552132836689,0.951006804867859,0.942106296818417,0.911621439694676,0.909028128097696,0.921152076477222,0.899392052088928,0.89372957731009,0.860626947553113,0.838765544751531,0.799870184362953,0.718924846886769,0.664637542861816,0,100000,2316.72481505328,98003.934796726,4525138.38368409,45.2513838368409,2025,"Females","GMoH report",33.1052061631591
0,1,0.0237338,0.0127194,0.0153403,0.014815,0.00967556,0.00993807,0.0121786,0.018366,0.0172981,0.0191082,0.0207772,0.022464,0.0286107,0.0353716,0.0442026,0.0669034,0.0747888,0.211569,0.138778267082,0.0232583968709376,0.0496154426768326,0.0738685843873084,0.0714294323975748,0.047235231703839,0.0484857139518659,0.0590938006000311,0.0877987216934455,0.0829052420799424,0.0911850448165891,0.0987563014345834,0.10634752310256,0.133504366549878,0.162489239077606,0.199019996731221,0.286583477438802,0.315040287386729,1,0.976741603129062,0.950384557323167,0.926131415612692,0.928570567602425,0.952764768296161,0.951514286048134,0.940906199399969,0.912201278306555,0.917094757920058,0.908814955183411,0.901243698565417,0.89365247689744,0.866495633450121,0.837510760922394,0.800980003268779,0.713416522561198,0.684959712613271,0,100000,2325.83968709377,97996.9363141916,4543939.7303651,45.439397303651,2025,"Females","GMoH report",32.917192696349
0,1,0.022885,0.0121213,0.0139522,0.0137823,0.00959826,0.00992297,0.0112943,0.0172418,0.0168766,0.0160377,0.0174044,0.0193649,0.0270381,0.0328351,0.0447659,0.0589641,0.0660749,0.203393,0.13548416765,0.0224410169385989,0.0473376131787528,0.0674097154212491,0.066616189237674,0.0468667029982012,0.0484138276027811,0.0549207708446239,0.0826465612985084,0.0809668856443369,0.0770973399766415,0.0833934668633105,0.0923534611504206,0.126630855654332,0.151721059590592,0.201300954052458,0.256944279519901,0.283537688899359,1,0.977558983061401,0.952662386821247,0.932590284578751,0.933383810762326,0.953133297001799,0.951586172397219,0.945079229155376,0.917353438701492,0.919033114355663,0.922902660023359,0.916606533136689,0.907646538849579,0.873369144345668,0.848278940409408,0.798699045947542,0.743055720480099,0.716462311100641,0,100000,2244.10169385989,98059.9385562547,4708378.20301858,47.0837820301858,2025,"Females","GMoH report",31.2728079698142
0,1,0.0237645,0.0135295,0.0158994,0.0153578,0.0100013,0.0104222,0.0122567,0.0175245,0.0187292,0.017201,0.0226834,0.0254708,0.0285891,0.0400848,0.0494998,0.0684087,0.0734234,0.226281,0.138897410405,0.0232879431582341,0.0526922017138256,0.0764579126586862,0.0739497368293072,0.0487866745788367,0.0507877010551573,0.0594614957137143,0.083944774498263,0.0894573390152872,0.0824590545084983,0.107330451113055,0.119729955616226,0.133410299048669,0.182168527520151,0.220243924468932,0.292089792525203,0.310180696602661,1,0.976712056841766,0.947307798286174,0.923542087341314,0.926050263170693,0.951213325421163,0.949212298944843,0.940538504286286,0.916055225501737,0.910542660984713,0.917540945491502,0.892669548886945,0.880270044383774,0.866589700951331,0.817831472479849,0.779756075531068,0.707910207474797,0.689819303397339,0,100000,2328.79431582341,97994.6691840103,4463509.75463882,44.6350975463882,2025,"Females","GMoH report",33.7214924536118
0,1,0.0214823,0.0111754,0.0124548,0.0124696,0.00843268,0.00912779,0.0106291,0.0145381,0.0138727,0.0168777,0.0146183,0.0184125,0.0250804,0.0295095,0.0378571,0.0626496,0.0646844,0.202526,0.130040443247,0.0210881884929663,0.0437243263271276,0.0603935267573562,0.0604631226155819,0.0412928759765257,0.0446207284037098,0.051769833165745,0.0701412005313866,0.0670384879215276,0.0809719493271048,0.0705144948980786,0.0880112329340065,0.118003088356932,0.137410231904067,0.172919886419565,0.270829586797438,0.278401426860897,1,0.978911811507034,0.956275673672872,0.939606473242644,0.939536877384418,0.958707124023474,0.95537927159629,0.948230166834255,0.929858799468613,0.932961512078472,0.919028050672895,0.929485505101921,0.911988767065994,0.881996911643068,0.862589768095933,0.827080113580435,0.729170413202562,0.721598573139103,0,100000,2108.81884929663,98165.4128885935,4923027.3977883,49.230273977883,2025,"Females","GMoH report",29.126316022117
0,1,0.0229595,0.0113131,0.0131946,0.0138488,0.00889233,0.0094035,0.0104713,0.0156607,0.0160191,0.0164678,0.0152482,0.0190347,0.0239478,0.0274627,0.0429164,0.0595362,0.0672466,0.200548,0.135773293955,0.0225127962993103,0.0442511643061756,0.0638662751158897,0.0669268583115379,0.0434947263500883,0.0459375652626321,0.0510208630907934,0.0753532869477437,0.0770113679876717,0.0790831848224521,0.0734413779517888,0.0908502326895601,0.112975229497594,0.128491678923097,0.193790069638424,0.259114298285967,0.287842008909214,1,0.97748720370069,0.955748835693824,0.93613372488411,0.933073141688462,0.956505273649912,0.954062434737368,0.948979136909207,0.924646713052256,0.922988632012328,0.920916815177548,0.926558622048211,0.90914976731044,0.887024770502406,0.871508321076903,0.806209930361576,0.740885701714033,0.712157991090786,0,100000,2251.27962993103,98054.3840210385,4829811.07333275,48.2981107333275,2025,"Females","GMoH report",30.0584792666725
0,1,0.0223304,0.0122837,0.0140203,0.0138122,0.00914988,0.010202,0.0107449,0.016852,0.0170399,0.0161261,0.0163689,0.0202221,0.0266247,0.0342427,0.044057,0.0585555,0.069185,0.207463,0.133331826056,0.0219064435682091,0.0479566302812289,0.0677275969318413,0.0667558858825332,0.0447262993209237,0.0497413469461387,0.0523190914847634,0.0808536363025726,0.0817183199976789,0.0775058329674587,0.0786269099349159,0.0962448191087523,0.124815558030278,0.157712265514193,0.198429480899975,0.255391114052716,0.294915651608641,1,0.978093556431791,0.952043369718771,0.932272403068159,0.933244114117467,0.955273700679076,0.950258653053861,0.947680908515237,0.919146363697427,0.918281680002321,0.922494167032541,0.921373090065084,0.903755180891248,0.875184441969722,0.842287734485807,0.801570519100025,0.744608885947284,0.705084348391359,0,100000,2190.64435682092,98101.4382555133,4716573.74971425,47.1657374971425,2025,"Females","GMoH report",31.1908525028575
0,1,0.0240866,0.0144353,0.0160322,0.0156769,0.00995822,0.0108291,0.0122367,0.0195438,0.0181267,0.0185513,0.022574,0.0243454,0.031561,0.044501,0.0496106,0.0640998,0.0762525,0.229179,0.140147445074,0.0235978663700805,0.0561209543746317,0.0770719189524272,0.0754282953900012,0.0485816335137761,0.0527182714174824,0.0593673489041611,0.0931669112974617,0.0867043410526044,0.0886452867306827,0.106840458712557,0.11474331994644,0.146264375140478,0.200229020857096,0.220682519495759,0.276232827508221,0.320218791502407,1,0.976402133629919,0.943879045625368,0.922928081047573,0.924571704609999,0.951418366486224,0.947281728582518,0.940632651095839,0.906833088702538,0.913295658947396,0.911354713269317,0.893159541287443,0.88525668005356,0.853735624859522,0.799770979142904,0.779317480504241,0.723767172491779,0.679781208497593,0,100000,2359.78663700806,97970.9314310884,4401582.70827066,44.0158270827066,2025,"Females","GMoH report",34.3407629172934
0,1,0.0230828,0.0117497,0.0137557,0.0143007,0.00887667,0.00977465,0.0102781,0.0162912,0.0161309,0.0157838,0.0166634,0.0196009,0.0247078,0.0324783,0.0446699,0.0616233,0.0701968,0.212433,0.136251807692,0.0226315777856584,0.0459197142665643,0.0664918936464198,0.0690353648931802,0.0434197920854716,0.0477074411508862,0.0501030886123339,0.0782682891206924,0.077528008614597,0.0759231119634772,0.0799849470819851,0.0934263963685493,0.116351995418968,0.150196206376135,0.20091263204458,0.266985223666136,0.298584762805702,1,0.977368422214342,0.954080285733436,0.93350810635358,0.93096463510682,0.956580207914528,0.952292558849114,0.949896911387666,0.921731710879308,0.922471991385403,0.924076888036523,0.920015052918015,0.906573603631451,0.883648004581032,0.849803793623865,0.79908736795542,0.733014776333864,0.701415237194298,0,100000,2263.15777856584,98045.201559856,4757612.15686447,47.5761215686447,2025,"Females","GMoH report",30.7804684313553
0,1,0.0242773,0.0126155,0.0147078,0.0149106,0.00935444,0.0103944,0.0112547,0.0174272,0.0161788,0.0173359,0.0196642,0.0225898,0.0274176,0.0376869,0.0462521,0.06424,0.0723581,0.207791,0.140887530797,0.0237812951641375,0.0492201269762619,0.0709309060499947,0.0718737964274714,0.0457033762721616,0.050655661968097,0.0547334778180043,0.083498152492219,0.0777492750711954,0.0830788820228502,0.0937139741726838,0.106911241113723,0.128294202204121,0.172209403571366,0.207291349441269,0.276753403412028,0.306369680121924,1,0.976218704835862,0.950779873023738,0.929069093950005,0.928126203572529,0.954296623727838,0.949344338031903,0.945266522181996,0.916501847507781,0.922250724928805,0.91692111797715,0.906286025827316,0.893088758886277,0.871705797795879,0.827790596428634,0.792708650558731,0.723246596587972,0.693630319878076,0,100000,2378.12951641376,97956.9192790692,4599027.34196623,45.9902734196623,2025,"Females","GMoH report",32.3663165803377
0,1,0.0237863,0.0125156,0.014966,0.0152368,0.00967557,0.0102986,0.0115447,0.0185275,0.0157916,0.0157558,0.0190557,0.0239281,0.0299468,0.0352056,0.0488224,0.066209,0.0756213,0.21931,0.138982013807,0.0233089231808874,0.0488398792153839,0.0721312107497964,0.0733884857989465,0.0472352793699658,0.0502005125047953,0.0561042336348883,0.0885365955642102,0.0759592064870959,0.07579353072164,0.0909459052818038,0.112887539184121,0.13930467676466,0.161788359340964,0.217557768952708,0.284031410805025,0.317989543361494,1,0.976691076819113,0.951160120784616,0.927868789250204,0.926611514201053,0.952764720630034,0.949799487495205,0.943895766365112,0.91146340443579,0.924040793512904,0.92420646927836,0.909054094718196,0.887112460815879,0.86069532323534,0.838211640659036,0.782442231047292,0.715968589194975,0.682010456638506,0,100000,2330.89231808874,97993.0597902465,4573521.44819777,45.7352144819777,2025,"Females","GMoH report",32.6213755180223
0,1,0.0227801,0.0115264,0.0134721,0.013195,0.00859327,0.00910752,0.0109983,0.016417,0.0146857,0.0151737,0.016863,0.0197986,0.0247051,0.0342961,0.0403844,0.0598486,0.0689225,0.21683,0.135077062289,0.0223399355568864,0.0450666866851838,0.0651657028370233,0.0638681494209756,0.0420627094518713,0.0445238454673236,0.0535199294011678,0.0788488462286602,0.0708280994497761,0.0730956705590937,0.0809042779042515,0.0943242783563356,0.116340020404747,0.157938788766466,0.183405225071551,0.260296976004711,0.293961155628062,1,0.977660064443114,0.954933313314816,0.934834297162977,0.936131850579024,0.957937290548129,0.955476154532676,0.946480070598832,0.92115115377134,0.929171900550224,0.926904329440906,0.919095722095749,0.905675721643664,0.883659979595253,0.842061211233534,0.816594774928449,0.739703023995289,0.706038844371938,0,100000,2233.99355568863,98067.7677309864,4812073.68673911,48.1207368673911,2025,"Females","GMoH report",30.2358531326089
0,1,0.0245045,0.0140809,0.0151473,0.0155529,0.00953155,0.0100917,0.0111488,0.0184665,0.017713,0.0160416,0.0187573,0.0235351,0.0316778,0.037568,0.0486892,0.0671696,0.0787331,0.201774,0.141769269005,0.0239997724272286,0.0547808720378446,0.0729731350775978,0.0748540077568945,0.0465485504108292,0.0492167971212292,0.0542324336104106,0.0882579609120443,0.0848094265680024,0.0771153653865383,0.0895855427475533,0.111136479597559,0.146765944415024,0.171712739505631,0.217028624713945,0.287559806973741,0.328922733773788,1,0.976000227572771,0.945219127962155,0.927026864922402,0.925145992243106,0.953451449589171,0.950783202878771,0.945767566389589,0.911742039087956,0.915190573431998,0.922884634613462,0.910414457252447,0.888863520402441,0.853234055584976,0.828287260494369,0.782971375286055,0.712440193026258,0.671077266226213,0,100000,2399.97724272285,97940.2657766066,4522421.82793994,45.2242182793994,2025,"Females","GMoH report",33.1323717206006
0,1,0.026372,0.0136972,0.0168822,0.0163448,0.0102982,0.0111739,0.011584,0.0198548,0.0182692,0.0185746,0.0230638,0.0283837,0.0322512,0.0408777,0.0499611,0.0676751,0.0817269,0.231188,0.14901683108,0.0257931468925421,0.0533279137982453,0.0809926641147067,0.0785156918016029,0.0501986116439214,0.0543512124675229,0.0562898460581558,0.0945793641039712,0.0873561811388455,0.0887516824957845,0.109032254709573,0.132515312790846,0.149224339920861,0.185437820964862,0.222068529924031,0.289410746905277,0.339308018713508,1,0.974206853107458,0.946672086201755,0.919007335885293,0.921484308198397,0.949801388356079,0.945648787532477,0.943710153941844,0.905420635896029,0.912643818861155,0.911248317504216,0.890967745290427,0.867484687209154,0.850775660079139,0.814562179035138,0.777931470075969,0.710589253094723,0.660691981286492,0,100000,2579.31468925421,97805.0466120965,4353346.46344926,43.5334646344926,2025,"Females","GMoH report",34.8231253655074
0,1,0.0253428,0.0146249,0.0165245,0.0160731,0.0100592,0.0102173,0.0124522,0.0188573,0.0175247,0.0177146,0.0225369,0.0260716,0.0317432,0.0404342,0.0459772,0.0669588,0.0817327,0.215098,0.145022619092,0.0248053299971088,0.0568371254480691,0.0793446724022236,0.0772609428487446,0.0490621841919411,0.0498140863391183,0.0603812999421509,0.0900416442544991,0.0839456923147301,0.0848167624497683,0.106674233658646,0.122381308681452,0.147046670335514,0.183610627875855,0.206186325220213,0.286786757204276,0.339328013232234,1,0.975194670002891,0.943162874551931,0.920655327597776,0.922739057151255,0.950937815808059,0.950185913660882,0.939618700057849,0.909958355745501,0.91605430768527,0.915183237550232,0.893325766341354,0.877618691318548,0.852953329664486,0.816389372124145,0.793813674779787,0.713213242795724,0.660671986767766,0,100000,2480.53299971088,97879.2003926513,4401992.12999209,44.0199212999209,2025,"Females","GMoH report",34.3366687000791
0,1,0.0249075,0.0119898,0.0149276,0.0139772,0.00907539,0.00956549,0.0108408,0.0178323,0.0151353,0.0145967,0.0169111,0.0185325,0.025855,0.0323537,0.0398153,0.0642396,0.077011,0.21345,0.143333267675,0.0243871411645545,0.0468360893127168,0.0719527936922007,0.0675264241605576,0.0443702565436655,0.0467104296311684,0.0527737264653364,0.0853562541718292,0.0729174319794053,0.0704139709746846,0.0811256884261417,0.0885594308685706,0.121426307076352,0.149663111475627,0.181054638162883,0.276751918621333,0.322889828536449,1,0.975612858835445,0.953163910687283,0.928047206307799,0.932473575839442,0.955629743456335,0.953289570368832,0.947226273534664,0.914643745828171,0.927082568020595,0.929586029025315,0.918874311573858,0.911440569131429,0.878573692923648,0.850336888524373,0.818945361837117,0.723248081378667,0.677110171463551,0,100000,2438.71411645545,97910.8347467813,4722970.09876027,47.2297009876027,2025,"Females","GMoH report",31.1268890123973
0,1,0.0238016,0.0127037,0.0147221,0.0145828,0.00904712,0.0097428,0.0108119,0.0163619,0.0156531,0.0150877,0.0189938,0.0196582,0.0278928,0.0317821,0.0428795,0.0572167,0.073179,0.207444,0.139041391424,0.0233236473310062,0.0495557180492359,0.07099742212918,0.0703492764292199,0.044235099369481,0.0475556861523863,0.0526367420223221,0.0785946072395193,0.0753180957870878,0.0726964446308575,0.0906638713985744,0.0936867193349254,0.130372841048038,0.147213606122162,0.193639579163181,0.250282634033271,0.309307894052779,1,0.976676352668994,0.950444281950764,0.92900257787082,0.92965072357078,0.955764900630519,0.952444313847614,0.947363257977678,0.921405392760481,0.924681904212912,0.927303555369142,0.909336128601426,0.906313280665075,0.869627158951962,0.852786393877838,0.806360420836819,0.749717365966729,0.690692105947221,0,100000,2332.36473310062,97991.930504698,4696681.08519669,46.9668108519669,2025,"Females","GMoH report",31.3897791480331
0,1,0.0230335,0.0129911,0.0145536,0.0153617,0.00906612,0.00956646,0.0112814,0.0167905,0.0169038,0.016225,0.0199398,0.0215426,0.0283535,0.0371069,0.0463757,0.0672761,0.0735433,0.211101,0.136060479815,0.0225840868140515,0.0506484420489946,0.0702133572112267,0.0739678212988824,0.04432593928825,0.0467150557201388,0.0548597626831653,0.0805704544609342,0.0810920888703821,0.0779626403988228,0.0949650402271945,0.102208412625438,0.132383650419572,0.169784096293149,0.207787744718182,0.287950100593632,0.310608554698166,1,0.977415913185949,0.949351557951005,0.929786642788773,0.926032178701118,0.95567406071175,0.953284944279861,0.945140237316835,0.919429545539066,0.918907911129618,0.922037359601177,0.905034959772806,0.897791587374562,0.867616349580428,0.830215903706851,0.792212255281818,0.712049899406368,0.689391445301834,0,100000,2258.40868140514,98048.8714874052,4613328.11595759,46.1332811595759,2025,"Females","GMoH report",32.2233088404241
0,1,0.025516,0.0145843,0.0166102,0.0157651,0.0104295,0.0102971,0.0120745,0.0179855,0.0197832,0.019193,0.0238614,0.0252437,0.0324938,0.0375663,0.0514068,0.0686629,0.0738817,0.235276,0.14569478924,0.0249716565493968,0.0566838125453886,0.0797397663331334,0.0758365721413365,0.0508223702243625,0.0501933842574076,0.0586034806812846,0.086058009189314,0.0942543674925533,0.0915711855875456,0.112590577957795,0.118725803580394,0.150262500872845,0.171705636380133,0.227762630071146,0.293016152974771,0.31181495297244,1,0.975028343450603,0.943316187454611,0.920260233666867,0.924163427858663,0.949177629775637,0.949806615742592,0.941396519318715,0.913941990810686,0.905745632507447,0.908428814412454,0.887409422042205,0.881274196419606,0.849737499127155,0.828294363619867,0.772237369928854,0.706983847025229,0.68818504702756,0,100000,2497.16565493969,97866.6583688541,4375455.71318001,43.7545571318001,2025,"Females","GMoH report",34.6020328681999
0,1,0.0229569,0.0123865,0.0151167,0.0144473,0.00956773,0.0101665,0.0111753,0.0170656,0.0153613,0.0168877,0.0185235,0.0206512,0.0270205,0.0336222,0.0451265,0.0652042,0.0752636,0.216265,0.135763203641,0.0225102913687272,0.0483482683482098,0.0728310858127365,0.0697183936292986,0.0467211125251494,0.0495725516345192,0.0543578371560743,0.081836526436129,0.0739659664971195,0.0810179815811308,0.0885183269278786,0.0981868113058991,0.126553643209167,0.155076008562292,0.202758092362508,0.280325070151989,0.316723603490779,1,0.977489708631273,0.95165173165179,0.927168914187263,0.930281606370701,0.953278887474851,0.950427448365481,0.945642162843926,0.918163473563871,0.92603403350288,0.918982018418869,0.911481673072121,0.901813188694101,0.873446356790833,0.844923991437708,0.797241907637492,0.719674929848011,0.683276396509221,0,100000,2251.02913687272,98054.5777902384,4646245.13422207,46.4624513422207,2025,"Females","GMoH report",31.8941386577793
0,1,0.0232102,0.0114531,0.0130124,0.0139067,0.00910081,0.00938337,0.0108221,0.0157351,0.0145384,0.014711,0.0158145,0.0193205,0.024977,0.0318055,0.0389326,0.060314,0.0710717,0.198361,0.136746233078,0.0227542884197492,0.0447865112167665,0.0630121516932663,0.0671972693363021,0.0444917720891337,0.0458414810547874,0.0526850916735005,0.0756977219388019,0.0701425971634956,0.070945791165414,0.0760651684825806,0.0921514688645082,0.117545184798236,0.147314010590416,0.177396711932538,0.262055900971945,0.301744723786209,1,0.977245711580251,0.955213488783234,0.936987848306734,0.932802730663698,0.955508227910866,0.954158518945213,0.947314908326499,0.924302278061198,0.929857402836504,0.929054208834586,0.923934831517419,0.907848531135492,0.882454815201764,0.852685989409584,0.822603288067462,0.737944099028055,0.698255276213791,0,100000,2275.42884197491,98035.7274808022,4831753.38754762,48.3175338754762,2025,"Females","GMoH report",30.0390561245238
0,1,0.0244763,0.0121268,0.014695,0.0135016,0.0096604,0.0102083,0.0114477,0.0171971,0.0158207,0.0160963,0.0184872,0.0208623,0.0238262,0.0345082,0.043952,0.0586932,0.0717405,0.207628,0.141659827907,0.0239726586175717,0.0473585838507182,0.0708713632910934,0.0653037376397092,0.0471629671796444,0.0497712991180334,0.0556459545162119,0.0824411291449533,0.0760938548754307,0.0773681477100373,0.0883525230879224,0.099140740332408,0.112433823109567,0.158837968995752,0.198003387753631,0.25591484678648,0.304152388866336,1,0.976027341382428,0.952641416149282,0.929128636708907,0.934696262360291,0.952837032820356,0.950228700881967,0.944354045483788,0.917558870855047,0.923906145124569,0.922631852289963,0.911647476912078,0.900859259667592,0.887566176890433,0.841162031004248,0.801996612246369,0.74408515321352,0.695847611133664,0,100000,2397.26586175717,97942.3304076667,4684593.57951544,46.8459357951544,2025,"Females","GMoH report",31.5106542048456
0,1,0.0216494,0.0121754,0.0127278,0.013785,0.00908934,0.00994193,0.010983,0.0160838,0.014963,0.0154517,0.0173649,0.0200011,0.0235557,0.0297839,0.0397719,0.0563594,0.0684085,0.204154,0.130688939966,0.0212494833868511,0.0475438687605848,0.0616764850829045,0.0666288048140943,0.0444369437736999,0.0485040893474839,0.0534474661968987,0.0773103879555032,0.072117273106277,0.0743850608867409,0.083212076530633,0.0952430838871613,0.11122834611835,0.138599421709375,0.180875130948567,0.2469956792826,0.292089063285572,1,0.978750516613149,0.952456131239415,0.938323514917096,0.933371195185906,0.9555630562263,0.951495910652516,0.946552533803101,0.922689612044497,0.927882726893723,0.925614939113259,0.916787923469367,0.904756916112839,0.88877165388165,0.861400578290625,0.819124869051433,0.7530043207174,0.707910936714428,0,100000,2124.94833868511,98152.7589071802,4811212.68418319,48.1121268418319,2025,"Females","GMoH report",30.2444631581681
0,1,0.0221567,0.0111694,0.0126218,0.0125468,0.00837495,0.0089321,0.0100654,0.0152078,0.0140693,0.0142359,0.0141298,0.0178593,0.0225412,0.0304791,0.0391881,0.0581167,0.0692077,0.194508,0.132657715463,0.021738933293,0.043701363970535,0.061178541705746,0.0608260687029932,0.0410159829832853,0.0436850029625945,0.0490916814732479,0.0732539224937489,0.0679562575636494,0.0687332990694433,0.0682385087960345,0.0854799689752029,0.106693501130777,0.141605480962955,0.178457021034951,0.253720067397674,0.294998142613602,1,0.978261066707,0.956298636029465,0.938821458294254,0.939173931297007,0.958984017016715,0.956314997037406,0.950908318526752,0.926746077506251,0.932043742436351,0.931266700930557,0.931761491203966,0.914520031024797,0.893306498869223,0.858394519037045,0.821542978965049,0.746279932602326,0.705001857386398,0,100000,2173.8933293,98114.4903934252,4954465.539632,49.54465539632,2025,"Females","GMoH report",28.81193460368
0,1,0.0216167,0.0118307,0.0127792,0.0129477,0.00861285,0.00907791,0.00977164,0.0153904,0.0147913,0.0148445,0.0158269,0.0169732,0.0233381,0.0301159,0.0400491,0.0588265,0.0689347,0.20963,0.130562034863,0.0212179223124428,0.0462289581301004,0.0619178485737653,0.0627086674656379,0.0421565303195922,0.0443823036056872,0.0476931004790863,0.074100894002365,0.0713192393379514,0.0715665749455519,0.0761225404128497,0.0814114672118016,0.110257498675409,0.140036208845104,0.182021051741726,0.256421544963074,0.294005540643505,1,0.978782077687557,0.9537710418699,0.938082151426235,0.937291332534362,0.957843469680408,0.955617696394313,0.952306899520914,0.925899105997635,0.928680760662049,0.928433425054448,0.92387745958715,0.918588532788198,0.889742501324591,0.859963791154896,0.817978948258274,0.743578455036926,0.705994459356495,0,100000,2121.79223124428,98155.2332800235,4900846.96492341,49.0084696492341,2025,"Females","GMoH report",29.3481203507659
0,1,0.0241384,0.0118447,0.0141777,0.0133854,0.00907838,0.00974141,0.0107573,0.0162437,0.0171355,0.0150237,0.0170032,0.0191364,0.0251453,0.0311168,0.0426627,0.0586699,0.0756778,0.202926,0.140348475176,0.023647695830454,0.0462823977663537,0.0684619186402358,0.0647599068568943,0.0443845504619433,0.0475490627125045,0.0523778883540232,0.0780489890898048,0.0821579558680573,0.0723992388868395,0.0815494941046016,0.0913134721775537,0.118290382135237,0.144354383777204,0.19275488989698,0.255826248899263,0.318189328995383,1,0.976352304169546,0.953717602233646,0.931538081359764,0.935240093143106,0.955615449538057,0.952450937287496,0.947622111645977,0.921951010910195,0.917842044131943,0.92760076111316,0.918450505895398,0.908686527822446,0.881709617864763,0.855645616222796,0.80724511010302,0.744173751100737,0.681810671004617,0,100000,2364.7695830454,97967.1222220776,4756478.61715575,47.5647861715575,2025,"Females","GMoH report",30.7918038284425
0,1,0.0213095,0.0100849,0.013508,0.0135793,0.0086823,0.0102414,0.0110464,0.0155069,0.0148898,0.0159317,0.0145268,0.0193397,0.0238156,0.0312206,0.0408498,0.059747,0.0683247,0.19897,0.129369825455,0.0209213525541792,0.0395420448635119,0.0653336815732706,0.0656672130350818,0.0424892391963146,0.0499286517645464,0.05374770342229,0.074640878406592,0.0717771321444875,0.0766072891294412,0.0700885925831575,0.0922388221291712,0.112386613423385,0.144801060060674,0.185322983020521,0.259912517101797,0.291783457075828,1,0.979078647445821,0.960457955136488,0.934666318426729,0.934332786964918,0.957510760803685,0.950071348235454,0.94625229657771,0.925359121593408,0.928222867855512,0.923392710870559,0.929911407416843,0.907761177870829,0.887613386576615,0.855198939939326,0.814677016979479,0.740087482898203,0.708216542924172,0,100000,2092.13525541792,98178.5239174038,4855479.19844881,48.5547919844881,2025,"Females","GMoH report",29.8017980155119
0,1,0.0213611,0.011442,0.0130923,0.0128311,0.00856244,0.00892088,0.010391,0.0156711,0.0140693,0.0151147,0.0145378,0.0181874,0.0239929,0.028851,0.0384626,0.0592825,0.069764,0.196203,0.129570079379,0.0209711757862973,0.0447440765521799,0.0633868024167964,0.0621614989762157,0.0419149640872519,0.0436313254534716,0.0506395120750699,0.0754014411875158,0.0679562575636494,0.0728218008179426,0.0701398038972562,0.0869820563699432,0.113175951767117,0.134550228401006,0.175443013839721,0.258152662032627,0.297017225670762,1,0.979028824213703,0.95525592344782,0.936613197583204,0.937838501023784,0.958085035912748,0.956368674546528,0.94936048792493,0.924598558812484,0.932043742436351,0.927178199182057,0.929860196102744,0.913017943630057,0.886824048232883,0.865449771598994,0.824556986160279,0.741847337967373,0.702982774329238,0,100000,2097.11757862974,98174.6061125004,4912003.81313174,49.1200381313174,2025,"Females","GMoH report",29.2365518686826
0,1,0.0248248,0.0120155,0.013672,0.0137546,0.00895869,0.010032,0.0113139,0.0169044,0.0148749,0.0166623,0.0170085,0.0199448,0.0256095,0.0335684,0.0412132,0.0642901,0.0716552,0.20082,0.143012318072,0.0243076654101711,0.0469341260176694,0.0661006787986617,0.0664867532590574,0.0438122002004652,0.048932766223124,0.0550134580912534,0.0810948505220861,0.0717078810986155,0.0799798781891234,0.0815738767914803,0.0949877221958695,0.12034270851567,0.154847078338735,0.186817620143731,0.276939353219033,0.303845690665554,1,0.975692334589829,0.953065873982331,0.933899321201338,0.933513246740943,0.956187799799535,0.951067233776876,0.944986541908747,0.918905149477914,0.928292118901385,0.920020121810877,0.91842612320852,0.905012277804131,0.87965729148433,0.845152921661265,0.813182379856269,0.723060646780967,0.696154309334446,0,100000,2430.76654101712,97916.8630167056,4733481.4215261,47.334814215261,2025,"Females","GMoH report",31.021775784739
0,1,0.0221232,0.0123739,0.0145327,0.0141369,0.00964263,0.00936863,0.010673,0.0156801,0.0167501,0.0156052,0.0181631,0.0212885,0.0246075,0.0337537,0.0456741,0.0595541,0.0726945,0.209011,0.132527705648,0.021706622497455,0.0483002744675324,0.0701160608077481,0.0682716270875645,0.0470782545263905,0.0457711183194472,0.0519780944936726,0.0754431111809298,0.0803843838309817,0.0750962692478342,0.0868708884165054,0.101063760344752,0.115907043563762,0.155635329450792,0.204966364435358,0.25918210717737,0.30757497707293,1,0.978293377502545,0.951699725532468,0.929883939192252,0.931728372912435,0.95292174547361,0.954228881680553,0.948021905506327,0.92455688881907,0.919615616169018,0.924903730752166,0.913129111583495,0.898936239655248,0.884092956436238,0.844364670549208,0.795033635564642,0.74081789282263,0.69242502292707,0,100000,2170.6622497455,98117.01063795,4709668.77530774,47.0966877530774,2025,"Females","GMoH report",31.2599022469226
0,1,0.022747,0.0127086,0.0139155,0.0143765,0.00958343,0.00969662,0.0111744,0.0172705,0.016002,0.0178725,0.0177546,0.0211839,0.0262235,0.0330387,0.0443059,0.06476,0.0713008,0.210003,0.13494860483,0.0223080375160751,0.04957435861228,0.0672383614530019,0.069388587431961,0.0467959848864003,0.0473356114092423,0.0543535784328985,0.0827784374883918,0.0769323224407575,0.0855404459494224,0.0850001412312396,0.100592164135429,0.123050465307521,0.152590057193503,0.199438720035003,0.278681470006025,0.302570248130281,1,0.977691962483925,0.95042564138772,0.932761638546998,0.930611412568039,0.9532040151136,0.952664388590758,0.945646421567101,0.917221562511608,0.923067677559243,0.914459554050578,0.91499985876876,0.899407835864571,0.876949534692479,0.847409942806497,0.800561279964997,0.721318529993975,0.697429751869719,0,100000,2230.8037516075,98070.2401023215,4669826.55305249,46.6982655305249,2025,"Females","GMoH report",31.6583244694751
0,1,0.0241373,0.0122651,0.0146602,0.0146206,0.00996647,0.0105794,0.0111385,0.0176734,0.0165377,0.0161905,0.0206514,0.0237792,0.0278631,0.0365458,0.0451312,0.0656211,0.0748379,0.217571,0.140344206197,0.0236466377111446,0.0478857529041116,0.070709462832459,0.0705251982173582,0.0486209030704389,0.0515340029236732,0.0541836874921711,0.0846278455846123,0.0794055376019986,0.0778033136268127,0.0981877155288203,0.112224479162734,0.130243061390431,0.167431687580089,0.202777068873177,0.281864803807216,0.315214518470409,1,0.976353362288855,0.952114247095888,0.929290537167541,0.929474801782642,0.951379096929561,0.948465997076327,0.945816312507829,0.915372154415388,0.920594462398001,0.922196686373187,0.90181228447118,0.887775520837266,0.869756938609569,0.832568312419911,0.797222931126823,0.718135196192784,0.684785481529592,0,100000,2364.66377111446,97967.2030887654,4590911.00776423,45.9091100776423,2025,"Females","GMoH report",32.4474799223577
0,1,0.0231784,0.0122486,0.0138569,0.0138297,0.00879797,0.010704,0.0111466,0.0165145,0.0147057,0.0156206,0.017097,0.0197785,0.0233933,0.0312756,0.0443048,0.0608492,0.0775154,0.209497,0.136622820776,0.0227236608789819,0.047822873503217,0.0669646923852182,0.0668376387678313,0.0430431198080558,0.0521251314815536,0.054222022023288,0.0792985598340514,0.0709211375681598,0.0751675927516586,0.0819809300953975,0.0942330300384608,0.110503874293712,0.145037651098277,0.199434262245197,0.264074235129409,0.324661361706869,1,0.977276339121018,0.952177126496783,0.933035307614782,0.933162361232169,0.956956880191944,0.947874868518446,0.945777977976712,0.920701440165949,0.92907886243184,0.924832407248341,0.918019069904602,0.905766969961539,0.889496125706288,0.854962348901723,0.800565737754803,0.735925764870591,0.675338638293131,0,100000,2272.36608789819,98038.0909768662,4746720.66006951,47.4672066006951,2025,"Females","GMoH report",30.8893833993049
0,1,0.0235933,0.0116711,0.0136441,0.013785,0.00910631,0.00960085,0.0104605,0.0173849,0.0157456,0.0149549,0.0176858,0.0210525,0.0242015,0.0326405,0.0455149,0.0592711,0.0687527,0.20162,0.138233002037,0.0231231615599161,0.0456195395831424,0.0659702386665252,0.0666288048140943,0.0445180618211437,0.0468790531074337,0.0509695817258908,0.0833039240279176,0.0757463217890941,0.0720796404621321,0.0846847079790599,0.0999994062498145,0.114103792655141,0.150889710972505,0.204324928302061,0.258109426001331,0.293343163676711,1,0.976876838440084,0.954380460416858,0.934029761333475,0.933371195185906,0.955481938178856,0.953120946892566,0.949030418274109,0.916696075972082,0.924253678210906,0.927920359537868,0.91531529202094,0.900000593750186,0.885896207344859,0.849110289027495,0.795675071697939,0.741890573998669,0.706656836323289,0,100000,2312.31615599162,98007.3222479098,4756571.92920064,47.5657192920064,2025,"Females","GMoH report",30.7908707079936
0,1,0.0245584,0.0132729,0.0141232,0.0146075,0.00976035,0.0101592,0.0112659,0.01752,0.0164656,0.0179246,0.0199125,0.0224184,0.0254039,0.0358774,0.0420869,0.0669336,0.0710174,0.215408,0.141978448976,0.0240515935641643,0.0517186861024613,0.0682077217600946,0.070464234245642,0.0476393091718123,0.0495378379907119,0.0547864532410783,0.0839241233952865,0.0790730374849687,0.085779109437444,0.0948411871520852,0.106143103614805,0.119434260005609,0.164621519720912,0.190401027490297,0.286694296576644,0.301548944900974,1,0.975948406435836,0.948281313897539,0.931792278239905,0.929535765754358,0.952360690828188,0.950462162009288,0.945213546758922,0.916075876604714,0.920926962515031,0.914220890562556,0.905158812847915,0.893856896385195,0.880565739994391,0.835378480279088,0.809598972509703,0.713305703423356,0.698451055099026,0,100000,2405.15935641644,97936.3214385477,4605128.70214976,46.0512870214976,2025,"Females","GMoH report",32.3053029785024
0,1,0.0258842,0.0148837,0.0170567,0.0173855,0.0103229,0.0112801,0.0117819,0.0201709,0.0180826,0.020208,0.0222551,0.0263027,0.0343092,0.0408017,0.0525499,0.072454,0.082226,0.222369,0.147123732938,0.0253251221012352,0.0578138325217908,0.0817955927815091,0.0833066793168426,0.0503159828515542,0.0548536143615993,0.0572239819185836,0.0960128366814551,0.0865025236639841,0.0961809389635609,0.105410686573117,0.123399171527649,0.157994350568673,0.185124966623314,0.232239140921255,0.306713457818116,0.341026821448864,1,0.974674877898765,0.942186167478209,0.918204407218491,0.916693320683157,0.949684017148446,0.945146385638401,0.942776018081416,0.903987163318545,0.913497476336016,0.903819061036439,0.894589313426883,0.876600828472351,0.842005649431327,0.814875033376686,0.767760859078745,0.693286542181884,0.658973178551136,0,100000,2532.51221012352,97840.0804399409,4302455.80501155,43.0245580501155,2025,"Females","GMoH report",35.3320319498845
0,1,0.0236663,0.0116525,0.0131544,0.0130577,0.00859987,0.00933367,0.00959022,0.0158454,0.0156763,0.0140949,0.0164093,0.0186063,0.0233413,0.0287679,0.0408658,0.061785,0.0678031,0.196229,0.138516307007,0.0231934293126923,0.0455484923849683,0.0636778889441816,0.0632245809725857,0.042094335468095,0.0456042133059809,0.0468283642124072,0.0762081292711185,0.0754255174038068,0.0680756995558264,0.07881332141237,0.0888964165135594,0.110271783074319,0.134188683434558,0.185388841683796,0.267592061240621,0.28987879729741,1,0.976806570687308,0.954451507615032,0.936322111055818,0.936775419027414,0.957905664531905,0.954395786694019,0.953171635787593,0.923791870728881,0.924574482596193,0.931924300444174,0.92118667858763,0.911103583486441,0.889728216925681,0.865811316565443,0.814611158316204,0.732407938759379,0.71012120270259,0,100000,2319.34293126923,98001.923886253,4868308.28004423,48.6830828004423,2025,"Females","GMoH report",29.6735071995577
0,1,0.0255194,0.0152115,0.0165211,0.0164397,0.0101009,0.0111919,0.0117583,0.0206524,0.0189461,0.0194849,0.0244658,0.0286604,0.0334073,0.0451792,0.0508924,0.0760351,0.093306,0.226796,0.145707984266,0.0249749212506497,0.0590495359672678,0.0793289943774757,0.0789535675873362,0.0492605600231553,0.0544363835960776,0.057112631366508,0.0981922366305292,0.0904464798693674,0.092899172294402,0.115278074228831,0.133720772900879,0.154161224326402,0.202970848593106,0.225740775404509,0.319451653880145,0.378288526796755,1,0.97502507874935,0.940950464032732,0.920671005622524,0.921046432412664,0.950739439976845,0.945563616403922,0.942887368633492,0.901807763369471,0.909553520130633,0.907100827705598,0.884721925771169,0.866279227099121,0.845838775673598,0.797029151406894,0.774259224595491,0.680548346119855,0.621711473203245,0,100000,2497.49212506496,97866.4124181985,4292611.04666672,42.9261104666672,2025,"Females","GMoH report",35.4304795333328
0,1,0.0229512,0.0130228,0.0151847,0.0152198,0.0101079,0.0104027,0.0116676,0.017621,0.0170275,0.0170318,0.0222373,0.0231217,0.0298354,0.0372029,0.0472375,0.0674864,0.0798909,0.210804,0.135741082568,0.0225047997595493,0.0507688937021902,0.073146722410532,0.073309606141133,0.049293856567991,0.050695085583014,0.0566845678406559,0.0843875188268789,0.0816612813303679,0.0816810612524033,0.105330817528437,0.109291014854591,0.138822442265109,0.170185970861584,0.211241230889628,0.288720270792904,0.332954427766811,1,0.977495200240451,0.94923110629781,0.926853277589468,0.926690393858867,0.950706143432009,0.949304914416986,0.943315432159344,0.915612481173121,0.918338718669632,0.918318938747597,0.894669182471563,0.890708985145409,0.861177557734891,0.829814029138416,0.788758769110372,0.711279729207096,0.667045572233189,0,100000,2250.47997595494,98055.0026122788,4529366.25141339,45.2936625141339,2025,"Females","GMoH report",33.0629274858661
0,1,0.0217103,0.0111461,0.0139423,0.0136138,0.0083113,0.00959407,0.0104654,0.0162651,0.0144038,0.0147729,0.0154632,0.0199433,0.0268603,0.0312028,0.042589,0.0544774,0.0672679,0.191694,0.130925286167,0.0213082584900778,0.0436121883743219,0.0673634948638977,0.0658285579446334,0.0407106048742712,0.0468467231471393,0.0509928486055097,0.0781477957196027,0.0695157718148337,0.0712336799246045,0.0744383618091807,0.0949809176619796,0.125850541734614,0.144724477670368,0.192453947115721,0.239736453341794,0.287920056139101,1,0.978691741509922,0.956387811625678,0.932636505136102,0.934171442055367,0.959289395125729,0.953153276852861,0.94900715139449,0.921852204280397,0.930484228185166,0.928766320075396,0.925561638190819,0.90501908233802,0.874149458265386,0.855275522329632,0.807546052884279,0.760263546658206,0.712079943860899,0,100000,2130.82584900777,98148.1531350456,4838552.01846568,48.3855201846568,2025,"Females","GMoH report",29.9710698153432
0,1,0.0235215,0.0120897,0.0144367,0.0138063,0.00819965,0.00921657,0.0111882,0.0169333,0.0165585,0.0159394,0.0181536,0.0222678,0.0270226,0.0331234,0.048353,0.0579021,0.0738631,0.204773,0.137954354135,0.0230540422533245,0.0472171184071853,0.0696690230377763,0.0667283219226,0.0401747037264731,0.0450449501592763,0.0544188768062897,0.0812278606674017,0.0795014385734537,0.0766428955756536,0.0868274241809708,0.1054676676744,0.126562856392144,0.152951329805778,0.215691653674672,0.252901657363004,0.311748688598036,1,0.976945957746676,0.952782881592815,0.930330976962224,0.9332716780774,0.959825296273527,0.954955049840724,0.94558112319371,0.918772139332598,0.920498561426546,0.923357104424346,0.913172575819029,0.8945323323256,0.873437143607856,0.847048670194222,0.784308346325328,0.747098342636996,0.688251311401964,0,100000,2305.40422533244,98012.6363255934,4707809.0664947,47.078090664947,2025,"Females","GMoH report",31.278499335053
0,1,0.0232992,0.0120142,0.0133889,0.0133699,0.00897123,0.00923652,0.0099812,0.0164439,0.0147056,0.0150274,0.0167444,0.0201319,0.0221219,0.0281001,0.0396598,0.0592537,0.0655244,0.200174,0.137091632288,0.0228400000933234,0.0469291671988785,0.0647762917678728,0.0646873417730706,0.0438721814245956,0.045140252878702,0.0486910131488956,0.078972942093761,0.0709206723998904,0.0724164235903461,0.080358128387568,0.0958360933792459,0.104812851453573,0.131278175361323,0.180411308925674,0.258043430025713,0.281507908070984,1,0.977159999906677,0.953070832801121,0.935223708232127,0.935312658226929,0.956127818575404,0.954859747121298,0.951308986851104,0.921027057906239,0.92907932760011,0.927583576409654,0.919641871612432,0.904163906620754,0.895187148546427,0.868721824638677,0.819588691074326,0.741956569974286,0.718492091929016,0,100000,2284.00000933235,98029.1172800928,4840216.40680309,48.4021640680309,2025,"Females","GMoH report",29.9544259319691
0,1,0.0237677,0.0132779,0.0148932,0.0155437,0.00854408,0.00962525,0.0111304,0.0165947,0.0172949,0.0160541,0.0179846,0.021375,0.0281731,0.0359844,0.0471787,0.0561672,0.0715535,0.202973,0.138909829253,0.0232910228324689,0.0517376649179713,0.0717929336995641,0.0748113856617246,0.041826967606531,0.0469953939606994,0.0541453514505374,0.0796683203122843,0.0828905409579652,0.0771731368588845,0.0860538881097533,0.101453574606942,0.131596777097861,0.165071961290358,0.211006025108083,0.246257074160527,0.303479880861875,1,0.976708977167531,0.948262335082029,0.928207066300436,0.925188614338275,0.958173032393469,0.953004606039301,0.945854648549463,0.920331679687716,0.917109459042035,0.922826863141116,0.913946111890247,0.898546425393058,0.868403222902139,0.834928038709642,0.788993974891917,0.753742925839473,0.696520119138125,0,100000,2329.10228324689,97994.4329172317,4631645.40827735,46.3164540827735,2025,"Females","GMoH report",32.0401359172265
0,1,0.0224326,0.011923,0.0133226,0.0133237,0.00901271,0.0094425,0.0106177,0.0157601,0.0144226,0.014295,0.0170008,0.0202249,0.0263988,0.0289771,0.0384568,0.0601861,0.0650757,0.205766,0.133728453014,0.0220049832535063,0.0465812241294101,0.0644658675814001,0.0644710187197105,0.0440705620126084,0.0461236925819865,0.051715744352959,0.0758134318324438,0.0696033469217171,0.0690087980786638,0.0815384526840236,0.0962575040174916,0.123822112069734,0.135098586847643,0.175418878211035,0.261572872366201,0.279849925506751,1,0.977995016746494,0.95341877587059,0.9355341324186,0.935528981280289,0.955929437987392,0.953876307418014,0.948284255647041,0.924186568167556,0.930396653078283,0.930991201921336,0.918461547315976,0.903742495982508,0.876177887930266,0.864901413152357,0.824581121788965,0.738427127633799,0.720150074493249,0,100000,2200.49832535064,98093.7709115584,4830665.07488107,48.3066507488107,2025,"Females","GMoH report",30.0499392511893
0,1,0.0252482,0.0124774,0.0155192,0.0157964,0.00974626,0.0107626,0.0112633,0.0170741,0.0157853,0.0160868,0.0203277,0.0227108,0.0285097,0.0382817,0.0462302,0.0717129,0.0724991,0.230744,0.144655486898,0.0247144685773241,0.0486944399889634,0.0746978719635579,0.0759814178285334,0.0475721730809697,0.0524030181910427,0.0547741556321704,0.0818756187449664,0.0759300533231935,0.0773242506130932,0.0967231043778461,0.107453133442533,0.133064432380411,0.174689931156149,0.207203367230636,0.304053164541398,0.306875081878463,1,0.975285531422676,0.951305560011037,0.925302128036442,0.924018582171467,0.95242782691903,0.947596981808957,0.94522584436783,0.918124381255034,0.924069946676807,0.922675749386907,0.903276895622154,0.892546866557467,0.866935567619589,0.825310068843851,0.792796632769364,0.695946835458602,0.693124918121537,0,100000,2471.4468577324,97886.0614908154,4549005.06990967,45.4900506990967,2025,"Females","GMoH report",32.8665393009033
0,1,0.0227455,0.0114693,0.0136611,0.0132899,0.00848863,0.00953148,0.01002,0.0151179,0.0137501,0.014531,0.0160125,0.0195726,0.0235376,0.0296404,0.0402917,0.0578775,0.0677458,0.196991,0.134942783495,0.0223065919518364,0.0448484395837639,0.0660497204112255,0.0643127257646509,0.0415611567940092,0.0465482165131726,0.0488756646017267,0.072836656766668,0.0664657241170455,0.0701081463147509,0.0769808599501217,0.0932977987599762,0.111147628923619,0.137977713455252,0.183022755141648,0.252807792477246,0.289669303283963,1,0.977693408048164,0.955151560416236,0.933950279588775,0.935687274235349,0.958438843205991,0.953451783486827,0.951124335398273,0.927163343233332,0.933534275882954,0.929891853685249,0.923019140049878,0.906702201240024,0.888852371076381,0.862022286544748,0.816977244858352,0.747192207522754,0.710330696716037,0,100000,2230.65919518363,98070.3521656432,4877054.02731048,48.7705402731048,2025,"Females","GMoH report",29.5860497268952
0,1,0.0248978,0.01438,0.0164133,0.0156437,0.0104639,0.0111243,0.0119567,0.0194899,0.0196645,0.019341,0.022898,0.0248141,0.0305156,0.0383818,0.0535866,0.0643369,0.0781805,0.223911,0.143295623042,0.0243778197818818,0.0559119716940783,0.0788317760263661,0.0752745680976278,0.0509857261503387,0.0541164801010303,0.05804833372051,0.0929219034832543,0.0937153368941142,0.092244736383993,0.108290888110135,0.116823335195324,0.141763039481032,0.175106722040012,0.236279466809646,0.277113018586289,0.326991585813307,1,0.975622180218118,0.944088028305922,0.921168223973634,0.924725431902372,0.949014273849661,0.94588351989897,0.94195166627949,0.907078096516746,0.906284663105886,0.907755263616007,0.891709111889865,0.883176664804676,0.858236960518968,0.824893277959988,0.763720533190354,0.722886981413711,0.673008414186693,0,100000,2437.78197818818,97911.5415092169,4375323.93292346,43.7532393292346,2025,"Females","GMoH report",34.6033506707654
0,1,0.0233177,0.0114602,0.0140359,0.0141226,0.00866324,0.00935078,0.0103075,0.0167987,0.0155892,0.0147975,0.0156696,0.0197001,0.0250565,0.0311637,0.0411739,0.0573362,0.0671956,0.200958,0.137163428753,0.0228578152867469,0.0448136531444675,0.0678004008831118,0.0682049228899848,0.0423979411507627,0.0456859029314663,0.0502428057006026,0.0806082168682388,0.075022161307368,0.0713480674304932,0.0753944960131797,0.0938770326716625,0.11789726777499,0.14455623235444,0.186656100916215,0.250739827724112,0.287655106340899,1,0.977142184713253,0.955186346855532,0.932199599116888,0.931795077110015,0.957602058849237,0.954314097068534,0.949757194299397,0.919391783131761,0.924977838692632,0.928651932569507,0.92460550398682,0.906122967328338,0.88210273222501,0.85544376764556,0.813343899083785,0.749260172275888,0.712344893659101,0,100000,2285.78152867469,98027.7441031786,4799485.76239355,47.9948576239355,2025,"Females","GMoH report",30.3617323760645
0,1,0.0214476,0.011637,0.0134882,0.0131831,0.00885127,0.00924756,0.0110787,0.0158718,0.0162267,0.0166048,0.0152517,0.0185719,0.0260167,0.0288451,0.0447737,0.0594392,0.0712893,0.198655,0.129905776364,0.0210546893284799,0.0454892824404803,0.0652410395266419,0.0638123872927039,0.043298238990428,0.0451929878335744,0.0539006277873312,0.0763302536983753,0.0779704906004348,0.0797148760647981,0.073457616187965,0.0887393539795672,0.12213934336377,0.134524563764399,0.201332497852279,0.258746750386123,0.302528828895543,1,0.97894531067152,0.95451071755952,0.934758960473358,0.936187612707296,0.956701761009572,0.954807012166426,0.946099372212669,0.923669746301625,0.922029509399565,0.920285123935202,0.926542383812035,0.911260646020433,0.87786065663623,0.865475436235601,0.798667502147721,0.741253249613877,0.697471171104457,0,100000,2105.46893284799,98168.0436434839,4813177.25873602,48.1317725873602,2025,"Females","GMoH report",30.2248174126398
0,1,0.0223941,0.011332,0.0136882,0.0126038,0.00888992,0.00935333,0.00981848,0.0149885,0.0137777,0.0153289,0.0149391,0.0175778,0.0216983,0.0311456,0.0366143,0.0593745,0.0698362,0.188887,0.133579038749,0.0219678637424675,0.0443234532554192,0.0661764101562481,0.0610939598714311,0.0434831946945525,0.0456980770133225,0.0479162384282915,0.0722357366529434,0.0665946956542124,0.0738157156894211,0.072006229347873,0.0841893414831919,0.102909117727057,0.144478338640125,0.16771919747017,0.258501505851979,0.297278924016498,1,0.978032136257533,0.955676546744581,0.933823589843752,0.938906040128569,0.956516805305447,0.954301922986678,0.952083761571708,0.927764263347057,0.933405304345788,0.926184284310579,0.927993770652127,0.915810658516808,0.897090882272943,0.855521661359875,0.83228080252983,0.741498494148021,0.702721075983502,0,100000,2196.78637424675,98096.658237962,4914694.26433962,49.1469426433962,2025,"Females","GMoH report",29.2096473566038
0,1,0.0218882,0.010713,0.0127571,0.0128482,0.00897459,0.00929217,0.0101164,0.0158083,0.0148646,0.0148408,0.0161619,0.0181044,0.021567,0.0279815,0.041113,0.0553785,0.061546,0.196428,0.131615696498,0.0214799231675626,0.0419531126092345,0.0618140790309846,0.0622417634375056,0.0438882523239402,0.0454060482026812,0.0493342865586453,0.0760364812342611,0.0716600066624147,0.071549375085575,0.077671214015507,0.0866022935898307,0.102318255461172,0.130760324920587,0.186405750907364,0.24321965134498,0.266694977315371,1,0.978520076832437,0.958046887390765,0.938185920969015,0.937758236562494,0.95611174767606,0.954593951797319,0.950665713441355,0.923963518765739,0.928339993337585,0.928450624914425,0.922328785984493,0.913397706410169,0.897681744538828,0.869239675079413,0.813594249092636,0.75678034865502,0.733305022684629,0,100000,2147.99231675627,98134.717188086,4920686.73623424,49.2068673623424,2025,"Females","GMoH report",29.1497226376576
0,1,0.0254001,0.0130322,0.0148891,0.0146045,0.00989006,0.010365,0.0114847,0.0176791,0.0176038,0.0153032,0.0192847,0.0225638,0.0271704,0.0359256,0.04154,0.063679,0.0739254,0.212738,0.145244994089,0.0248603601362578,0.0508046083657127,0.071773878850999,0.0704502724886006,0.0482571350961768,0.0505160040451793,0.0558207875043714,0.0846539843626363,0.0843086197970421,0.0736965185917181,0.0919885700575289,0.106794760933142,0.127211061440587,0.164824456283366,0.188159623137202,0.274668466762566,0.31197061816058,1,0.975139639863742,0.949195391634287,0.928226121149001,0.929549727511399,0.951742864903823,0.949483995954821,0.944179212495629,0.915346015637364,0.915691380202958,0.926303481408282,0.908011429942471,0.893205239066858,0.872788938559413,0.835175543716634,0.811840376862798,0.725331533237434,0.68802938183942,0,100000,2486.03601362578,97875.0482724783,4590551.91056229,45.9055191056229,2025,"Females","GMoH report",32.4510708943771
0,1,0.0246014,0.0149168,0.0170399,0.0161197,0.0101705,0.0109777,0.0128563,0.0194226,0.0199229,0.0180385,0.0223516,0.0299811,0.0355234,0.0418843,0.0509705,0.0652886,0.0874265,0.232239,0.142145327246,0.0240929324904268,0.0579386805790761,0.0817183199976789,0.077476264642121,0.0495915722851838,0.0534223633058436,0.0622797811248127,0.09261589623449,0.0948883711748038,0.0863006636948511,0.105843567302693,0.139453106194668,0.163129696360747,0.189571342543738,0.226048045271254,0.280637006795352,0.358726905492418,1,0.975907067509573,0.942061319420924,0.918281680002321,0.922523735357879,0.950408427714816,0.946577636694156,0.937720218875187,0.90738410376551,0.905111628825196,0.913699336305149,0.894156432697307,0.860546893805332,0.836870303639253,0.810428657456262,0.773951954728746,0.719362993204648,0.641273094507582,0,100000,2409.29324904268,97933.1765282741,4312928.59709756,43.1292859709756,2025,"Females","GMoH report",35.2273040290244
0,1,0.0232911,0.0127794,0.0145211,0.0138775,0.00905433,0.0098719,0.0111066,0.0168965,0.0158834,0.0165812,0.0174762,0.0208351,0.0257095,0.0359309,0.0419816,0.0577437,0.0749834,0.207724,0.137060197079,0.0228321997891634,0.0498436559658988,0.0700620547422073,0.0670609057027744,0.044269571721683,0.0481706601501591,0.0540327010074759,0.0810584881379431,0.076383909528488,0.0796060888009349,0.0837230960711054,0.0990178813506763,0.120784243715491,0.164846768146053,0.189969899199424,0.252297082406596,0.315730612901419,1,0.977167800210837,0.950156344034101,0.929937945257793,0.932939094297226,0.955730428278317,0.951829339849841,0.945967298992524,0.918941511862057,0.923616090471512,0.920393911199065,0.916276903928895,0.900982118649324,0.879215756284509,0.835153231853948,0.810030100800576,0.747702917593404,0.684269387098581,0,100000,2283.21997891634,98029.7186013686,4691119.2317574,46.911192317574,2025,"Females","GMoH report",31.445397682426
0,1,0.0259306,0.0135944,0.0162185,0.0155258,0.00994299,0.0101252,0.0116776,0.0183178,0.0184252,0.0182693,0.022263,0.0254687,0.0303487,0.0407141,0.0505498,0.0670957,0.0726642,0.230083,0.147303806234,0.0253696535210665,0.0529382719126221,0.0779326243307301,0.0747284524811696,0.0485091353800196,0.0493761417245271,0.0567317726298443,0.0875783913570018,0.0880692654266521,0.0873566384145334,0.105446131913049,0.11972067510489,0.141042368665224,0.184764226967097,0.224391621081621,0.287288878917104,0.307466484662896,1,0.974630346478934,0.947061728087378,0.92206737566927,0.92527154751883,0.95149086461998,0.950623858275473,0.943268227370156,0.912421608642998,0.911930734573348,0.912643361585467,0.89455386808695,0.88027932489511,0.858957631334776,0.815235773032903,0.775608378918379,0.712711121082896,0.692533515337104,0,100000,2536.96535210665,97836.7393005424,4438265.62124857,44.3826562124857,2025,"Females","GMoH report",33.9739337875143
0,1,0.0257216,0.0142266,0.0173376,0.0165357,0.0106583,0.011692,0.012205,0.0202961,0.0208719,0.0188117,0.0262447,0.0280328,0.033968,0.0433845,0.055234,0.0732298,0.081086,0.238346,0.146492700224,0.0251690494269556,0.0553320267757444,0.0830866904875094,0.079396315849998,0.0519083627434293,0.0567997434975661,0.0592181074950571,0.09658000633363,0.0991840985344947,0.0898336889824234,0.123143818562436,0.130984354470031,0.156546104781919,0.195696962794144,0.242662015578801,0.309489385495165,0.337095654415219,1,0.974830950573044,0.944667973224256,0.916913309512491,0.920603684150002,0.948091637256571,0.943200256502434,0.940781892504943,0.90341999366637,0.900815901465505,0.910166311017577,0.876856181437564,0.869015645529969,0.843453895218081,0.804303037205856,0.757337984421199,0.690510614504835,0.662904345584781,0,100000,2516.90494269556,97851.803258567,4261019.91846675,42.6101991846675,2025,"Females","GMoH report",35.7463908153325
0,1,0.0214686,0.0111603,0.0132347,0.013172,0.00877437,0.0101048,0.0097741,0.0153288,0.014749,0.0144449,0.0143682,0.0185639,0.0233577,0.0269036,0.0406022,0.0563115,0.071557,0.202893,0.129987275054,0.0210749627894556,0.0436665367009136,0.0640541561490359,0.0637603709835129,0.0429301377187616,0.0492791110955053,0.0477048207780824,0.0738152519160723,0.0711225343521021,0.0697072156033287,0.069349916330452,0.0887028241088159,0.110344987229475,0.126040633060953,0.184303210469671,0.246811662647117,0.303492472808165,1,0.978925037210544,0.956333463299086,0.935945843850964,0.936239629016487,0.957069862281238,0.950720888904495,0.952295179221918,0.926184748083928,0.928877465647898,0.930292784396671,0.930650083669548,0.911297175891184,0.889655012770525,0.873959366939047,0.815696789530329,0.753188337352883,0.696507527191835,0,100000,2107.49627894556,98166.451419541,4899769.67343898,48.9976967343898,2025,"Females","GMoH report",29.3588932656102
0,1,0.0226747,0.0114063,0.0123058,0.0123509,0.00870816,0.0089659,0.0102213,0.0141781,0.0144247,0.0167966,0.0148135,0.0177432,0.0206625,0.0273887,0.0382718,0.0560952,0.0637706,0.201089,0.134668016483,0.0222383579948807,0.0446075850062856,0.0596925873950839,0.0599048043789889,0.0426130958579344,0.0438466874622065,0.0498331022791844,0.0684637840581141,0.06961312875415,0.0805985461493688,0.0714224585265427,0.0849478818566047,0.0982378985528779,0.128167637562715,0.174648699733818,0.245980225181059,0.275009239481761,1,0.977761642005119,0.955392414993714,0.940307412604916,0.940095195621011,0.957386904142066,0.956153312537793,0.950166897720816,0.931536215941886,0.93038687124585,0.919401453850631,0.928577541473457,0.915052118143395,0.901762101447122,0.871832362437285,0.825351300266182,0.754019774818941,0.724990760518239,0,100000,2223.83579948808,98075.6437566129,4955318.89220451,49.5531889220451,2025,"Females","GMoH report",28.8034010779549
0,1,0.0203038,0.0104924,0.0125203,0.0116473,0.00817397,0.00897942,0.0100789,0.0146442,0.0153866,0.0145349,0.0140061,0.0175905,0.021363,0.0290565,0.0370436,0.0534093,0.0632562,0.196531,0.125466814382,0.0199495685406044,0.0411069782821449,0.0607014975990273,0.0565887350651881,0.0400514025918899,0.0439113537791217,0.0491559063389996,0.0706350167203593,0.0740832756762014,0.0701263029964425,0.0676613218983971,0.0842476062075167,0.101399505889221,0.135443700305205,0.169519013663625,0.235589786093933,0.273093808566404,1,0.980050431459396,0.958893021717855,0.939298502400973,0.943411264934812,0.95994859740811,0.956088646220878,0.950844093661,0.929364983279641,0.925916724323799,0.929873697003557,0.932338678101603,0.915752393792483,0.898600494110779,0.864556299694795,0.830480986336375,0.764410213906067,0.726906191433595,0,100000,1994.95685406044,98255.3440272481,5014210.0622992,50.142100622992,2025,"Females","GMoH report",28.214489377008
0,1,0.0249956,0.0142684,0.0169063,0.0162833,0.0100437,0.0108999,0.0124967,0.0190627,0.0200641,0.0181952,0.0202554,0.0281431,0.0318026,0.0432522,0.0555882,0.0714069,0.0836354,0.223288,0.143675174084,0.0244717970224252,0.0554900903885986,0.081103595700041,0.0782318195325155,0.0489884370860959,0.0530537972873685,0.0605905453304232,0.0909777940150722,0.0955287538259042,0.0870177371715409,0.0963956679676216,0.131465858027375,0.147301567892366,0.195158422225541,0.244028269388891,0.302952290261343,0.345861365814,1,0.975528202977575,0.944509909611401,0.918896404299959,0.921768180467485,0.951011562913904,0.946946202712631,0.939409454669577,0.909022205984928,0.904471246174096,0.912982262828459,0.903604332032378,0.868534141972625,0.852698432107634,0.804841577774459,0.755971730611109,0.697047709738657,0.654138634186,0,100000,2447.17970224252,97904.419267492,4346247.05784085,43.4624705784085,2025,"Females","GMoH report",34.8941194215915
0,1,0.023075,0.0123859,0.0136172,0.0149389,0.00893131,0.0101734,0.0104426,0.0165079,0.0166369,0.0160197,0.0194033,0.0219918,0.0248044,0.0329949,0.0488177,0.0668927,0.0717093,0.207185,0.13622153675,0.0226240642099812,0.0483459829788447,0.0658444571453992,0.0720053000574301,0.0436812236265303,0.0496053620249387,0.0508845816686669,0.0792681243260932,0.0798628254002466,0.0770141413976309,0.0925281226924061,0.104228565578762,0.116780334666967,0.152403180730304,0.217539103292941,0.286544210265014,0.30404022138211,1,0.977375935790019,0.951654017021155,0.934155542854601,0.92799469994257,0.95631877637347,0.950394637975061,0.949115418331333,0.920731875673907,0.920137174599753,0.922985858602369,0.907471877307594,0.895771434421238,0.883219665333033,0.847596819269696,0.782460896707059,0.713455789734986,0.69595977861789,0,100000,2262.40642099812,98045.7820584233,4680881.06599532,46.8088106599532,2025,"Females","GMoH report",31.5477793400468
0,1,0.0235653,0.0128295,0.0146836,0.0145518,0.00917151,0.0100294,0.0121095,0.0170934,0.0173461,0.0164591,0.0186529,0.0235786,0.0272853,0.0338558,0.049525,0.063122,0.0686739,0.224404,0.138124337117,0.0230962077394689,0.0500341731511155,0.07081832992672,0.070204978002749,0.0448296607943207,0.0489203944887854,0.0587683613214449,0.0819643753653259,0.0831257318566054,0.0790430560888212,0.0891091402925908,0.11133045909307,0.127714667459892,0.156069366826489,0.220343696123686,0.272593398715673,0.293056216699927,1,0.976903792260531,0.949965826848884,0.92918167007328,0.929795021997251,0.955170339205679,0.951079605511215,0.941231638678555,0.918035624634674,0.916874268143395,0.920956943911179,0.910890859707409,0.88866954090693,0.872285332540108,0.843930633173511,0.779656303876314,0.727406601284327,0.706943783300073,0,100000,2309.6207739469,98009.3940644462,4606495.46484388,46.0649546484388,2025,"Females","GMoH report",32.2916353515612
0,1,0.0231941,0.0108985,0.0132982,0.0126373,0.00829383,0.00979797,0.0101427,0.0153896,0.0147278,0.016332,0.0166267,0.0195892,0.0235651,0.031329,0.0395108,0.0636747,0.0677112,0.195899,0.136683750749,0.0227387821860195,0.0426640516658397,0.0643515989181661,0.0612513701500083,0.0406267711662456,0.0478185384861716,0.0494593710920614,0.0740971849078552,0.0710239342527798,0.0784566163542557,0.0798158159330643,0.0933732326761509,0.111270262823826,0.145267301758055,0.179794444186582,0.27465246648135,0.289542777679902,1,0.97726121781398,0.95733594833416,0.935648401081834,0.938748629849992,0.959373228833754,0.952181461513828,0.950540628907939,0.925902815092145,0.92897606574722,0.921543383645744,0.920184184066936,0.906626767323849,0.888729737176174,0.854732698241945,0.820205555813418,0.72534753351865,0.710457222320098,0,100000,2273.87821860195,98036.923985063,4863183.58942925,48.6318358942925,2025,"Females","GMoH report",29.7247541057075
0,1,0.0237095,0.0137523,0.0150723,0.0149864,0.0093907,0.00978591,0.0119965,0.0176639,0.015818,0.0154634,0.0183343,0.0240314,0.0281171,0.0354364,0.0437919,0.0741099,0.0819897,0.215253,0.138683961455,0.0232350092190052,0.0535366946289097,0.0726249378722695,0.0722259813815585,0.0458764695924944,0.0477610857825736,0.0582359316159239,0.0845842793691291,0.0760813625191791,0.0744392887556401,0.0876538213577036,0.113347266263772,0.131352379991362,0.162762690487061,0.197353309062198,0.312627515265975,0.340213494188776,1,0.976764990780995,0.94646330537109,0.927375062127731,0.927774018618441,0.954123530407506,0.952238914217426,0.941764068384076,0.915415720630871,0.923918637480821,0.92556071124436,0.912346178642296,0.886652733736228,0.868647620008638,0.837237309512939,0.802646690937802,0.687372484734025,0.659786505811224,0,100000,2323.50092190053,97998.731390393,4578739.40963258,45.7873940963258,2025,"Females","GMoH report",32.5691959036742
0,1,0.0221934,0.01071,0.0136204,0.0135496,0.00862595,0.00979664,0.010389,0.0152705,0.0147227,0.0148948,0.0147569,0.0177348,0.0252685,0.0339744,0.0386389,0.0588209,0.0690247,0.198588,0.132800144126,0.0217743288012654,0.041941610698831,0.0658594208602864,0.0655282945503998,0.0422192961558119,0.0478122026573961,0.0506300120129926,0.0735448340298673,0.0710002129133515,0.0718003696358691,0.0711592742640327,0.0849093731238096,0.11883551215291,0.156573290959098,0.176176349156447,0.25640026424254,0.294332899738542,1,0.978225671198735,0.958058389301169,0.934140579139714,0.9344717054496,0.957780703844188,0.952187797342604,0.949369987987007,0.926455165970133,0.928999787086649,0.928199630364131,0.928840725735967,0.91509062687619,0.88116448784709,0.843426709040902,0.823823650843553,0.74359973575746,0.705667100261458,0,100000,2177.43288012654,98111.730520179,4864249.5018258,48.642495018258,2025,"Females","GMoH report",29.714094981742
0,1,0.0223239,0.0111873,0.0123323,0.0123761,0.00886861,0.00972689,0.00994777,0.0152313,0.0147843,0.0140308,0.0160819,0.0186171,0.0217764,0.028883,0.0385377,0.0588721,0.0703698,0.19928,0.133306600271,0.0219001759049766,0.0437698667396471,0.0598172881435677,0.0600233621686611,0.0433812221486017,0.0474798712869443,0.0485318898063527,0.0733629666164376,0.0712866904557381,0.0677766001949613,0.0773016081689687,0.0889457215197373,0.103260400534501,0.134689414129261,0.17575547096635,0.256594811495404,0.299210536050571,1,0.978099824095023,0.956230133260353,0.940182711856432,0.939976637831339,0.956618777851398,0.952520128713056,0.951468110193647,0.926637033383562,0.928713309544262,0.932223399805039,0.922698391831031,0.911054278480263,0.896739599465499,0.865310585870739,0.82424452903365,0.743405188504596,0.700789463949429,0,100000,2190.01759049766,98101.9262090253,4927170.17728985,49.2717017728985,2025,"Females","GMoH report",29.0848882271015
0,1,0.0231341,0.0116077,0.0140276,0.0140657,0.00893276,0.00977815,0.0110308,0.0157205,0.0163446,0.0149377,0.0190169,0.0193504,0.0270066,0.0323145,0.0417109,0.0594969,0.0730028,0.206636,0.136450897349,0.0226809920398078,0.0453773467443903,0.0677616661304705,0.0679394598490046,0.0436881603714019,0.0477241160857405,0.0536738366078649,0.0756301409240102,0.0785147687756728,0.0719997242959606,0.0907691312689297,0.0922874999046144,0.126492658427294,0.149495332680259,0.188860632599286,0.25896540324864,0.308678088163537,1,0.977319007960192,0.95462265325561,0.932238333869529,0.932060540150995,0.956311839628598,0.952275883914259,0.946326163392135,0.92436985907599,0.921485231224327,0.928000275704039,0.90923086873107,0.907712500095386,0.873507341572706,0.850504667319741,0.811139367400714,0.74103459675136,0.691321911836463,0,100000,2268.09920398078,98041.384967679,4745817.03305161,47.4581703305161,2025,"Females","GMoH report",30.8984196694839
0,1,0.0226628,0.0118959,0.0136004,0.0137193,0.00878753,0.00911269,0.0109352,0.0164893,0.0148888,0.014564,0.0177573,0.0202364,0.0270988,0.0333256,0.0424151,0.0595275,0.0641293,0.20321,0.134621833892,0.0222268886534996,0.0464778092577026,0.0657658938434296,0.0663217790419736,0.0429931412046742,0.0445485570247161,0.0532210431231007,0.0791823463411905,0.0717724845790004,0.0702617689910364,0.0850125180337962,0.0963096009769739,0.126897102028851,0.153813206512609,0.191743455410993,0.259081338984065,0.27634238993315,1,0.9777731113465,0.953522190742297,0.93423410615657,0.933678220958026,0.957006858795326,0.955451442975284,0.946778956876899,0.92081765365881,0.928227515421,0.929738231008964,0.914987481966204,0.903690399023026,0.873102897971149,0.846186793487391,0.808256544589007,0.740918661015935,0.72365761006685,0,100000,2222.68886534996,98076.5335858748,4783522.77664374,47.8352277664374,2025,"Females","GMoH report",30.5213622335626
0,1,0.0216862,0.0117877,0.0134115,0.0135398,0.00819913,0.00961824,0.0106931,0.0150259,0.0156465,0.0157094,0.0170918,0.018198,0.0242278,0.0315115,0.0421366,0.060265,0.0714146,0.191306,0.130831756718,0.0212849999645987,0.0460648038239293,0.0648820847992859,0.0654824517495051,0.0401722071284179,0.0469619712247189,0.0520734339096518,0.0724094568555842,0.0752875339982413,0.0755787576610007,0.0819570176157863,0.0870305453397673,0.114220708779576,0.146051727474239,0.190604442156564,0.261870878732904,0.302980009528767,1,0.978715000035401,0.953935196176071,0.935117915200714,0.934517548250495,0.959827792871582,0.953038028775281,0.947926566090348,0.927590543144416,0.924712466001759,0.924421242338999,0.918042982384214,0.912969454660233,0.885779291220425,0.853948272525761,0.809395557843436,0.738129121267096,0.697019990471233,0,100000,2128.49999645987,98149.9753972512,4832224.92832334,48.3222492832334,2025,"Females","GMoH report",30.0343407167666
0,1,0.0226288,0.0124205,0.0144816,0.0141981,0.0092554,0.0106881,0.0110492,0.0175928,0.0161362,0.0172724,0.0212442,0.0233921,0.0292255,0.0329007,0.0432144,0.066149,0.0748305,0.210341,0.134489883632,0.0221941180917197,0.048477763867761,0.0698781321052611,0.0685570503582706,0.0452304355666413,0.0520497185090096,0.0537609609749879,0.0842581577076999,0.0775524936306911,0.0827871673276258,0.100864059374586,0.11049851898512,0.136177836591722,0.152001140215296,0.195004494438809,0.283810541264703,0.315188261916621,1,0.97780588190828,0.951522236132239,0.930121867894739,0.931442949641729,0.954769564433359,0.94795028149099,0.946239039025012,0.9157418422923,0.922447506369309,0.917212832672374,0.899135940625414,0.88950148101488,0.863822163408278,0.847998859784703,0.804995505561191,0.716189458735297,0.684811738083379,0,100000,2219.41180917197,98079.0766267751,4619823.29817453,46.1982329817453,2025,"Females","GMoH report",32.1583570182547
0,1,0.0223061,0.0124632,0.0141056,0.0135148,0.00860677,0.00940181,0.0104089,0.0157432,0.0157002,0.0166532,0.0170301,0.0203416,0.0229828,0.0316171,0.0432976,0.0566014,0.0681973,0.203131,0.133237520429,0.021883011867151,0.0486403706646643,0.0681256181998022,0.0653654959870844,0.0421273979381203,0.0459294989438371,0.0507245335079234,0.0757352134683141,0.0755361676515912,0.079937943594337,0.0816732413319806,0.096786042590122,0.108670139778733,0.146505316865342,0.195343263757801,0.24792477640235,0.291318638531235,1,0.978116988132849,0.951359629335336,0.931874381800198,0.934634504012916,0.95787260206188,0.954070501056163,0.949275466492077,0.924264786531686,0.924463832348409,0.920062056405663,0.918326758668019,0.903213957409878,0.891329860221267,0.853494683134658,0.804656736242199,0.75207522359765,0.708681361468765,0,100000,2188.30118671509,98103.2626373547,4781617.81929066,47.8161781929066,2025,"Females","GMoH report",30.5404118070934
0,1,0.0231293,0.0115723,0.0129504,0.012649,0.0078646,0.00944683,0.0103974,0.0148342,0.0148308,0.0155799,0.015667,0.0176787,0.0235431,0.0315582,0.0433434,0.0587457,0.0695671,0.198933,0.136432269077,0.0226763686277469,0.04524208992551,0.0627213340875805,0.0613063402552775,0.0385647589910965,0.046144355300052,0.0506699116514871,0.0715186934924845,0.0715028874423018,0.0749790834446036,0.0753824575922553,0.0846521500856998,0.111172156977649,0.146252347887261,0.195529695491125,0.256114444233483,0.29630312685876,1,0.977323631372253,0.95475791007449,0.937278665912419,0.938693659744723,0.961435241008903,0.953855644699948,0.949330088348513,0.928481306507515,0.928497112557698,0.925020916555396,0.924617542407745,0.9153478499143,0.888827843022351,0.853747652112739,0.804470304508875,0.743885555766517,0.70369687314124,0,100000,2267.63686277469,98041.7419798563,4889411.44485126,48.8941144485126,2025,"Females","GMoH report",29.4624755514874
0,1,0.0230247,0.0105218,0.0135569,0.0144838,0.00867409,0.00999786,0.0102471,0.0159795,0.0158782,0.0173601,0.0161943,0.0217161,0.0238604,0.0301557,0.041807,0.0597733,0.0684596,0.204753,0.136026327983,0.0225756093937592,0.041219787284304,0.0655624413472487,0.0698883768195524,0.0424499140623278,0.0487703033376808,0.0499557461832149,0.0768283052410035,0.0763598572851378,0.0831900318214415,0.0778208639570508,0.102989191069537,0.112586125054381,0.140208301319731,0.189254584015192,0.260012053766498,0.292275363766694,1,0.977424390606241,0.958780212715696,0.934437558652751,0.930111623180448,0.957550085937672,0.951229696662319,0.950044253816785,0.923171694758997,0.923640142714862,0.916809968178559,0.922179136042949,0.897010808930463,0.887413874945619,0.859791698680269,0.810745415984808,0.739987946233502,0.707724636233306,0,100000,2257.56093937592,98049.5267854052,4787343.516678,47.87343516678,2025,"Females","GMoH report",30.48315483322
0,1,0.0246094,0.0141513,0.015915,0.0165632,0.00978413,0.0111676,0.0124891,0.0179026,0.0184149,0.0205116,0.0222429,0.0262694,0.0298904,0.0397986,0.0529548,0.0731461,0.0805939,0.21641,0.142176374366,0.0241006231979076,0.0550472205360562,0.0765300602286525,0.0795231071779744,0.0477526057439072,0.0543214008107643,0.0605548122362506,0.085678337488209,0.0880221999742361,0.0975554538804637,0.105355945594349,0.123252572199647,0.139060560552178,0.180985569303768,0.233819356809995,0.309190332542105,0.335392937779693,1,0.975899376802092,0.944952779463944,0.923469939771348,0.920476892822026,0.952247394256093,0.945678599189236,0.939445187763749,0.914321662511791,0.911977800025764,0.902444546119536,0.894644054405651,0.876747427800354,0.860939439447822,0.819014430696232,0.766180643190005,0.690809667457895,0.664607062220307,0,100000,2410.06231979076,97932.5916028332,4386089.95377105,43.8608995377105,2025,"Females","GMoH report",34.4956904622895
0,1,0.022425,0.0121265,0.0138902,0.0132641,0.00907701,0.00952939,0.010761,0.0165881,0.0150413,0.0150927,0.0176676,0.0222369,0.0228981,0.0315566,0.0413541,0.0619536,0.0731595,0.213585,0.13369895825,0.0219976559190465,0.0473574400074981,0.0671202169077693,0.0641918811723544,0.0443780011005752,0.046538247230559,0.0523954318934855,0.0796378965217682,0.0724809796037165,0.0727196599699296,0.0846012474992075,0.105329022641081,0.10829133543045,0.146245475101064,0.187396469184267,0.268224341145951,0.309238216711278,1,0.978002344080953,0.952642559992502,0.932879783092231,0.935808118827646,0.955621998899425,0.953461752769441,0.947604568106514,0.920362103478232,0.927519020396283,0.92728034003007,0.915398752500793,0.894670977358919,0.89170866456955,0.853754524898936,0.812603530815733,0.731775658854049,0.690761783288722,0,100000,2199.76559190465,98094.3407761272,4769838.97435556,47.6983897435556,2025,"Females","GMoH report",30.6582002564444
0,1,0.0224977,0.0112082,0.0128142,0.0127092,0.00817674,0.00937664,0.00996299,0.0149705,0.0150536,0.0139359,0.0150489,0.0164867,0.0238579,0.0289146,0.03926,0.057655,0.0655235,0.202546,0.133981098953,0.0220677445677619,0.0438498443491321,0.062082166747171,0.0615891286164689,0.0400647033439485,0.0458093554141243,0.0486043386501791,0.072152116837221,0.0725381011030864,0.0673336137310149,0.0725162745883678,0.0791703552598438,0.112574992703923,0.13482683965526,0.178755179164959,0.251958352907758,0.281504585697607,1,0.977932255432238,0.956150155650868,0.937917833252829,0.938410871383531,0.959935296656051,0.954190644585876,0.951395661349821,0.927847883162779,0.927461898896914,0.932666386268985,0.927483725411632,0.920829644740156,0.887425007296077,0.86517316034474,0.821244820835041,0.748041647092242,0.718495414302393,0,100000,2206.77445677618,98088.8916100841,4938476.46811589,49.3847646811589,2025,"Females","GMoH report",28.9718253188411
0,1,0.0223119,0.0115604,0.014267,0.0125615,0.00874784,0.00875458,0.00986489,0.0154596,0.016148,0.0150313,0.0159103,0.01849,0.023842,0.0297414,0.0400871,0.0576681,0.0688127,0.193795,0.133260029591,0.0218886046890845,0.0451966180337649,0.0688782838121308,0.0608951635089556,0.0428031130390805,0.0428353854775156,0.0481372776282448,0.074421676620302,0.077607005200073,0.0724345368650509,0.076508324030446,0.0883653133886114,0.112504187881333,0.13841533536215,0.182178027940378,0.252008387737751,0.293561586535518,1,0.978111395310916,0.954803381966235,0.931121716187869,0.939104836491044,0.95719688696092,0.957164614522484,0.951862722371755,0.925578323379698,0.922392994799927,0.927565463134949,0.923491675969554,0.911634686611389,0.887495812118667,0.86158466463785,0.817821972059622,0.747991612262249,0.706438413464482,0,100000,2188.86046890845,98102.8271419489,4863401.39364833,48.6340139364833,2025,"Females","GMoH report",29.7225760635167
0,1,0.0231694,0.0122763,0.0152022,0.0140411,0.00963362,0.0102624,0.0110189,0.0173345,0.0164478,0.0171146,0.0195122,0.0212071,0.0280854,0.0361804,0.0445242,0.0637525,0.0728,0.210566,0.136587892766,0.0227149924706792,0.047928432371359,0.0732279356901288,0.0678246676477287,0.0470352994951928,0.0500284695843441,0.0536174857165936,0.0830724514747762,0.0789909323569485,0.0820618602177915,0.0930232779881014,0.1006967831264,0.131214005429758,0.165896496036961,0.200322952046255,0.274941914059762,0.307952622673435,1,0.977285007529321,0.952071567628641,0.926772064309871,0.932175332352271,0.952964700504807,0.949971530415656,0.946382514283406,0.916927548525224,0.921009067643052,0.917938139782209,0.906976722011899,0.8993032168736,0.868785994570242,0.834103503963039,0.799677047953745,0.725058085940238,0.692047377326565,0,100000,2271.49924706791,98038.7600485086,4626091.93229688,46.2609193229688,2025,"Females","GMoH report",32.0956706770312
0,1,0.0245843,0.013507,0.0157983,0.0154482,0.00967002,0.0113538,0.0118307,0.0179577,0.01793,0.0186701,0.0215506,0.0245449,0.0271143,0.0353214,0.0420572,0.0669195,0.0784199,0.220141,0.142078964027,0.0240764933344031,0.052606877803029,0.0759902096761819,0.0743688382811624,0.0472088243118205,0.0552021155511387,0.0574541917346133,0.0859307054278459,0.0858038427487857,0.0891876444006868,0.102244428071031,0.115629230265162,0.126965077029732,0.162277342671415,0.190279447999037,0.286642558299664,0.327828754614931,1,0.975923506665597,0.947393122196971,0.924009790323818,0.925631161718838,0.95279117568818,0.944797884448861,0.942545808265387,0.914069294572154,0.914196157251214,0.910812355599313,0.897755571928969,0.884370769734838,0.873034922970268,0.837722657328585,0.809720552000963,0.713357441700336,0.672171245385069,0,100000,2407.64933344031,97934.4269895952,4486203.91397757,44.8620391397757,2025,"Females","GMoH report",33.4945508602243
0,1,0.0240754,0.0127976,0.0140946,0.0147896,0.009611,0.00953317,0.0109756,0.0167815,0.0163303,0.0157337,0.0183033,0.0200299,0.0260115,0.036206,0.0419439,0.0614324,0.0772322,0.20173,0.140103979106,0.0235870919864833,0.0499128701070364,0.068074299930499,0.071311334710417,0.0469274506788148,0.0465562777247079,0.0534124166982176,0.0805290062058897,0.078448770123145,0.0756912417732794,0.0875120994742332,0.0953736864923188,0.122116421739789,0.166004135660674,0.189815494681565,0.266268255111691,0.323667179205427,1,0.976412908013517,0.950087129892964,0.931925700069501,0.928688665289583,0.953072549321185,0.953443722275292,0.946587583301782,0.91947099379411,0.921551229876855,0.924308758226721,0.912487900525767,0.904626313507681,0.877883578260211,0.833995864339326,0.810184505318435,0.733731744888309,0.676332820794573,0,100000,2358.70919864833,97971.7553456362,4674653.72442763,46.7465372442763,2025,"Females","GMoH report",31.6100527557237
0,1,0.0235086,0.0129344,0.0147047,0.0142718,0.00931537,0.0100029,0.0109966,0.017027,0.0166645,0.0169366,0.0188791,0.0216547,0.0252679,0.037508,0.0443426,0.0609833,0.0697247,0.198229,0.137904290654,0.0230416231835257,0.0504329598482769,0.0709164858753711,0.0689006589393726,0.045516834610926,0.0487942890160045,0.0535118782004523,0.0816589813129606,0.0799900159480829,0.0812430475041049,0.0901410454711156,0.102712954462502,0.118832858064293,0.171462007551862,0.199587435460836,0.264579215776363,0.296874743865928,1,0.976958376816474,0.949567040151723,0.929083514124629,0.931099341060627,0.954483165389074,0.951205710983996,0.946488121799548,0.918341018687039,0.920009984051917,0.918756952495895,0.909858954528884,0.897287045537498,0.881167141935707,0.828537992448138,0.800412564539164,0.735420784223637,0.703125256134072,0,100000,2304.16231835257,98013.5915517115,4646177.38534532,46.4617738534532,2025,"Females","GMoH report",31.8948161465468
0,1,0.0232435,0.0129117,0.0152353,0.015289,0.0097425,0.0101481,0.0115895,0.0168487,0.0167055,0.0186522,0.0219061,0.0255055,0.0286243,0.0347033,0.0409189,0.063474,0.075808,0.209141,0.136875466715,0.022786359260947,0.0503466776055216,0.0733815260889428,0.0736306523890592,0.0475542566367902,0.0494850518629734,0.0563158195240646,0.0808384433008907,0.0801789273239734,0.0891059452213556,0.103843485552828,0.119883291755336,0.133563589371858,0.159664304365759,0.185607375868896,0.273905332337952,0.318649539309974,1,0.977213640739053,0.949653322394478,0.926618473911057,0.926369347610941,0.95244574336321,0.950514948137027,0.943684180475935,0.919161556699109,0.919821072676027,0.910894054778644,0.896156514447172,0.880116708244664,0.866436410628142,0.840335695634241,0.814392624131104,0.726094667662048,0.681350460690026,0,100000,2278.63592609469,98033.2534297631,4553050.47730258,45.5305047730258,2025,"Females","GMoH report",32.8260852269742
0,1,0.0248378,0.0143266,0.015681,0.0164969,0.00958372,0.0109547,0.0119633,0.0185684,0.0195022,0.0169886,0.0234678,0.0260599,0.028751,0.038433,0.0513913,0.0695635,0.0754294,0.218173,0.143062769642,0.0243201591404481,0.0557101266004908,0.0754472780810285,0.0792173963359631,0.0467973678250688,0.0533134187296069,0.058079445426328,0.0887233723329329,0.0929778199017788,0.0814823234975728,0.110836290268115,0.122329747530805,0.134115139090055,0.175319832220659,0.227701774491445,0.29629006513496,0.31731062487932,1,0.975679840859552,0.944289873399509,0.924552721918972,0.920782603664037,0.953202632174931,0.946686581270393,0.941920554573672,0.911276627667067,0.907022180098221,0.918517676502427,0.889163709731885,0.877670252469195,0.865884860909945,0.824680167779341,0.772298225508555,0.70370993486504,0.68268937512068,0,100000,2432.01591404481,97915.9150184319,4413308.56351782,44.1330856351782,2025,"Females","GMoH report",34.2235043648218
0,1,0.0239509,0.0130314,0.0153355,0.0151337,0.00945732,0.0106587,0.0108555,0.0180058,0.0171582,0.0171967,0.0201395,0.0219219,0.0263788,0.0394321,0.0467969,0.0644526,0.0809278,0.209471,0.139620808301,0.0234673124716022,0.0508015688708332,0.0738463242366713,0.0729100046563312,0.0461944116666421,0.0519102602720946,0.0528433962792271,0.0861509577139839,0.082262316790129,0.082439290627179,0.0958705382378948,0.103914492231856,0.123734106855219,0.179468454853435,0.209477281512025,0.277542207751663,0.336548646179323,1,0.976532687528398,0.949198431129167,0.926153675763329,0.927089995343669,0.953805588333358,0.948089739727905,0.947156603720773,0.913849042286016,0.917737683209871,0.917560709372821,0.904129461762105,0.896085507768144,0.876265893144781,0.820531545146565,0.790522718487975,0.722457792248337,0.663451353820677,0,100000,2346.73124716023,97980.9212664335,4558349.77297351,45.5834977297351,2025,"Females","GMoH report",32.7730922702649
0,1,0.0229146,0.0121224,0.01371,0.0139311,0.00992872,0.00960848,0.0104878,0.0164264,0.0165181,0.0178265,0.0167059,0.0242622,0.0270941,0.0355746,0.0463554,0.0604676,0.0703291,0.20336,0.135599041994,0.0224695368466041,0.0473418073491806,0.0662783108941046,0.067311202274968,0.0484412021680257,0.0469154349538857,0.0510992044099727,0.0788922124053614,0.0793151606136684,0.0853296763130151,0.08018077017868,0.114373611412942,0.126876489279529,0.163345612898456,0.207706235882886,0.262635633864359,0.299063357976362,1,0.977530463153396,0.952658192650819,0.933721689105895,0.932688797725032,0.951558797831974,0.953084565046114,0.948900795590027,0.921107787594639,0.920684839386332,0.914670323686985,0.91981922982132,0.885626388587058,0.873123510720471,0.836654387101543,0.792293764117114,0.737364366135641,0.700936642023638,0,100000,2246.9536846604,98057.7310823844,4686198.87622647,46.8619887622647,2025,"Females","GMoH report",31.4946012377353
0,1,0.0257107,0.0135669,0.0155764,0.0153852,0.00957349,0.0109967,0.0112755,0.0180953,0.0184014,0.0181786,0.0225174,0.0229263,0.028661,0.0398982,0.05201,0.0598454,0.0749179,0.211788,0.146450398523,0.0251585858336802,0.052834012472377,0.0749628708463715,0.0740767846326735,0.0467485822873937,0.0535123518023381,0.0548318584501143,0.0865606477757583,0.0879605087363474,0.086941799508631,0.106586852991143,0.108417471318289,0.133723385145838,0.181397423312939,0.230127652043096,0.260284869654018,0.31549832086767,1,0.97484141416632,0.947165987527623,0.925037129153629,0.925923215367326,0.953251417712606,0.946487648197662,0.945168141549886,0.913439352224242,0.912039491263653,0.913058200491369,0.893413147008857,0.891582528681711,0.866276614854162,0.818602576687061,0.769872347956904,0.739715130345981,0.68450167913233,0,100000,2515.85858336803,97852.5899087937,4478153.00502706,44.7815300502706,2025,"Females","GMoH report",33.5750599497294
0,1,0.0231937,0.0113031,0.0144048,0.0137435,0.00975464,0.00970706,0.0108896,0.0167595,0.0165605,0.0168663,0.018982,0.0195332,0.0271082,0.0335218,0.0424902,0.0623368,0.0722886,0.206657,0.136682198393,0.0227383969337288,0.044212914023013,0.0695204302652865,0.0664348805479723,0.0476121026963844,0.0473853684630184,0.0530049920952003,0.0804276807127372,0.0795106593159937,0.080919469863599,0.0906100978084977,0.0931187329155357,0.126938326166531,0.15464873969429,0.192050355013512,0.269659693972013,0.306120452621554,1,0.977261603066271,0.955787085976987,0.930479569734713,0.933565119452028,0.952387897303616,0.952614631536982,0.9469950079048,0.919572319287263,0.920489340684006,0.919080530136401,0.909389902191502,0.906881267084464,0.873061673833469,0.84535126030571,0.807949644986488,0.730340306027986,0.693879547378446,0,100000,2273.83969337288,98036.9537147106,4704228.18623358,47.0422818623358,2025,"Females","GMoH report",31.3143081376642
0,1,0.0232171,0.0120334,0.0135638,0.0133989,0.00922418,0.00972031,0.0103066,0.0151161,0.0145745,0.0151756,0.0177714,0.0211609,0.0239492,0.0299219,0.0389754,0.0602148,0.0672658,0.196959,0.136773011219,0.022760933846368,0.0470024025776443,0.0655947159785262,0.0648231042704758,0.0450813048241675,0.0474485143292018,0.0502385289439653,0.0728283003236926,0.070310643804672,0.0731044887994381,0.0850771498479791,0.100488435654877,0.112981460986363,0.139196909950389,0.177574415331702,0.261681284478465,0.287912361657969,1,0.977239066153632,0.952997597422356,0.934405284021474,0.935176895729524,0.954918695175832,0.952551485670798,0.949761471056035,0.927171699676307,0.929689356195328,0.926895511200562,0.914922850152021,0.899511564345123,0.887018539013637,0.860803090049611,0.822425584668298,0.738318715521535,0.712087638342031,0,100000,2276.0933846368,98035.2147613956,4812182.01781655,48.1218201781655,2025,"Females","GMoH report",30.2347698218344
0,1,0.02286,0.0108852,0.0120901,0.0118891,0.00834403,0.00863182,0.00984148,0.0149203,0.0141996,0.0145409,0.014499,0.0187922,0.0236497,0.0282834,0.0352324,0.0565917,0.0616734,0.195569,0.1353871454,0.0224169282946347,0.0426130958579344,0.0586769737977204,0.0577296170255537,0.0408676478017813,0.0422474196943351,0.0480257879217106,0.0719188721303826,0.0685640449676919,0.0701542356857912,0.0699591555106285,0.089744746917445,0.111647429468261,0.132077965197811,0.161901549608899,0.247887554679597,0.26717328743653,1,0.977583071705365,0.957386904142066,0.94132302620228,0.942270382974446,0.959132352198219,0.957752580305665,0.951974212078289,0.928081127869617,0.931435955032308,0.929845764314209,0.930040844489372,0.910255253082555,0.888352570531739,0.867922034802189,0.838098450391101,0.752112445320403,0.73282671256347,0,100000,2241.69282946347,98061.8035635812,4996944.27409097,49.9694427409097,2025,"Females","GMoH report",28.3871472590903
0,1,0.0241411,0.0133738,0.0156718,0.014741,0.00909734,0.0106299,0.0120224,0.017826,0.0162309,0.0176958,0.0189656,0.0210354,0.0281184,0.0320631,0.0470452,0.0664492,0.0751361,0.205707,0.140358953579,0.0236502930259118,0.0521016070551322,0.0754046822517188,0.0710853279516614,0.0444751852945316,0.0517736287591332,0.0583579921868326,0.085327385083743,0.077989884941267,0.0847305622895897,0.0905353566020695,0.0999222393176441,0.131358054220515,0.148418599042594,0.210471782271681,0.284915056130442,0.316271906091749,1,0.976349706974088,0.947898392944868,0.924595317748281,0.928914672048339,0.955524814705468,0.948226371240867,0.941642007813167,0.914672614916257,0.922010115058733,0.91526943771041,0.909464643397931,0.900077760682356,0.868641945779485,0.851581400957406,0.789528217728319,0.715084943869557,0.683728093908251,0,100000,2365.02930259118,97966.9237355042,4573311.79017956,45.7331179017956,2025,"Females","GMoH report",32.6234720982044
0,1,0.0232745,0.0121577,0.0146137,0.015134,0.00953082,0.00996333,0.0114335,0.0168762,0.0173802,0.0188071,0.0196461,0.0242346,0.0262999,0.0349952,0.051044,0.0585214,0.0701279,0.209314,0.136995774305,0.0228162137172069,0.0474763925251929,0.07049308790327,0.0729113972837686,0.0465450683296559,0.0486059570254735,0.0555788481006044,0.0809650442985232,0.0832823406572712,0.0898127085238049,0.0936317530414318,0.114250935685114,0.123386845739349,0.160899246704331,0.226337120103582,0.255261368389785,0.298335410427673,1,0.977183786282793,0.952523607474807,0.92950691209673,0.927088602716231,0.953454931670344,0.951394042974527,0.944421151899396,0.919034955701477,0.916717659342729,0.910187291476195,0.906368246958568,0.885749064314886,0.876613154260651,0.839100753295669,0.773662879896418,0.744738631610215,0.701664589572327,0,100000,2281.62137172068,98030.951114769,4597255.7631607,45.972557631607,2025,"Females","GMoH report",32.384032368393
0,1,0.0244074,0.0148237,0.0165488,0.0163342,0.0105647,0.0106346,0.0116058,0.0202971,0.0183163,0.0188285,0.0252821,0.0290235,0.0345472,0.0443902,0.0537389,0.0715929,0.0756797,0.231876,0.141392434586,0.0239064082647979,0.057587480918225,0.0794567167160246,0.0784667702052822,0.0514642393756697,0.0517959275716172,0.0563927913552239,0.0965845350824452,0.0875715337891447,0.0899103093509635,0.118895669486207,0.135300280753851,0.159003210698401,0.199780283183563,0.236871469472862,0.303621619409453,0.318196046625492,1,0.976093591735202,0.942412519081775,0.920543283283975,0.921533229794718,0.94853576062433,0.948204072428383,0.943607208644776,0.903415464917555,0.912428466210855,0.910089690649037,0.881104330513793,0.864699719246149,0.840996789301599,0.800219716816437,0.763128530527138,0.696378380590547,0.681803953374508,0,100000,2390.64082647978,97947.3777001969,4315808.91485134,43.1580891485134,2025,"Females","GMoH report",35.1985008514866
0,1,0.0230279,0.0119172,0.0136939,0.0135128,0.00869749,0.00930427,0.0105263,0.016675,0.0169085,0.0153366,0.0169067,0.0204938,0.0242269,0.0304672,0.0413198,0.0620731,0.0747848,0.196521,0.136038746831,0.0225786921036186,0.0465590919781558,0.0662030549640688,0.0653561389151678,0.0425619937132474,0.045463830611882,0.0512819763313581,0.0800383992320153,0.0811137215959857,0.0738514255666368,0.0811054367799798,0.0974749211522263,0.114216708087111,0.141554106793735,0.18725559107024,0.268672207925543,0.315026091820968,1,0.977421307896381,0.953440908021844,0.933796945035931,0.934643861084832,0.957438006286753,0.954536169388118,0.948718023668642,0.919961600767985,0.918886278404014,0.926148574433363,0.91889456322002,0.902525078847774,0.885783291912889,0.858445893206265,0.81274440892976,0.731327792074457,0.684973908179032,0,100000,2257.86921036185,98049.2884875241,4778817.18099631,47.7881718099631,2025,"Females","GMoH report",30.5684181900369
0,1,0.0265725,0.0141554,0.0189622,0.0170902,0.00976396,0.0115319,0.0130863,0.0194849,0.0196526,0.0185778,0.0222937,0.0283849,0.0328232,0.0436554,0.0512035,0.0788772,0.0837307,0.216416,0.149794949525,0.0259854351342237,0.0550627300617673,0.0905198607416134,0.0819496598097965,0.0476565093718833,0.0560437720623845,0.063358673478157,0.092899172294402,0.0936612807832002,0.0887662938646053,0.105583862605575,0.132520544024778,0.151670243184746,0.196798686548163,0.226964108212813,0.329425581339016,0.346187248400815,1,0.974014564865776,0.944937269938233,0.909480139258387,0.918050340190203,0.952343490628117,0.943956227937616,0.936641326521843,0.907100827705598,0.9063387192168,0.911233706135395,0.894416137394425,0.867479455975222,0.848329756815254,0.803201313451837,0.773035891787187,0.670574418660985,0.653812751599185,0,100000,2598.54351342237,97790.7051810093,4266100.69000233,42.6610069000233,2025,"Females","GMoH report",35.6955830999767
0,1,0.0214351,0.0109508,0.0127937,0.012606,0.00791643,0.00879001,0.00961017,0.0152185,0.0135927,0.0149574,0.0151632,0.0166698,0.0205578,0.0267219,0.0368193,0.0589613,0.0641141,0.19541,0.129857265239,0.0210426215135149,0.042864401034307,0.0619859266263027,0.0611042980470473,0.0388139796183253,0.0430050137477675,0.0469234931349483,0.0733035739014519,0.0657298835303428,0.0720912556325059,0.0730469367227153,0.080014438291424,0.0977644452201338,0.125242693191983,0.168579089797543,0.256933645603671,0.276285939168838,1,0.978957378486485,0.957135598965693,0.938014073373697,0.938895701952953,0.961186020381675,0.956994986252233,0.953076506865052,0.926696426098548,0.934270116469657,0.927908744367494,0.926953063277285,0.919985561708576,0.902235554779866,0.874757306808017,0.831420910202457,0.743066354396329,0.723714060831162,0,100000,2104.26215135149,98168.991576969,4997547.86749991,49.9754786749992,2025,"Females","GMoH report",28.3811113250008
0,1,0.0227588,0.012271,0.0148356,0.013517,0.00887064,0.00980756,0.0101075,0.0163488,0.0168991,0.0171399,0.0195169,0.0212106,0.0263752,0.0358413,0.0465894,0.0570521,0.0734861,0.213202,0.134994399332,0.0223194091862023,0.0479082360703612,0.0715252017907817,0.0653757886616512,0.0433909365563641,0.0478642219289464,0.0492919539389063,0.07853415213398,0.0810704556570163,0.0821781853042588,0.0930446425400264,0.100712565163365,0.123718265039805,0.164469498416052,0.208645346262137,0.249652501323153,0.310404465938916,1,0.977680590813798,0.952091763929639,0.928474798209218,0.934624211338349,0.956609063443636,0.952135778071054,0.950708046061094,0.92146584786602,0.918929544342984,0.917821814695741,0.906955357459974,0.899287434836635,0.876281734960195,0.835530501583948,0.791354653737863,0.750347498676847,0.689595534061084,0,100000,2231.94091862024,98069.3586050334,4687817.91630539,46.8781791630539,2025,"Females","GMoH report",31.4784108369461
0,1,0.0249949,0.0136699,0.016761,0.0163247,0.00928579,0.0107801,0.0113801,0.0192466,0.0189579,0.0179131,0.0222649,0.0274769,0.0327856,0.0414339,0.0533533,0.068467,0.080408,0.233637,0.143672457461,0.024471124425948,0.0532244540706006,0.0804345896089125,0.0784229232615792,0.045375579738549,0.0524859894624886,0.0553264487027934,0.0918151751260475,0.0905002626755576,0.0857264345147352,0.105454656543795,0.128553847003195,0.151509662058996,0.187724141711817,0.235371839137379,0.292302339332333,0.334748796856006,1,0.975528875574052,0.946775545929399,0.919565410391087,0.921577076738421,0.954624420261451,0.947514010537511,0.944673551297207,0.908184824873952,0.909499737324442,0.914273565485265,0.894545343456205,0.871446152996805,0.848490337941004,0.812275858288183,0.764628160862621,0.707697660667667,0.665251203143994,0,100000,2447.11244259481,97904.4702157162,4387976.42337768,43.8797642337768,2025,"Females","GMoH report",34.4768257662232
0,1,0.0234162,0.0122705,0.0141257,0.0136999,0.00950326,0.0094113,0.0107979,0.0157745,0.016555,0.0163554,0.0185615,0.0199465,0.0247067,0.0344603,0.0418197,0.0565973,0.0684836,0.218811,0.137545696418,0.022952661758184,0.0479063307373741,0.0682193836315882,0.0662311013369836,0.0464135987586521,0.0459747935633433,0.0525703758466146,0.0758800744153381,0.0794853020609523,0.0785646109069319,0.0886918648752931,0.0949954339421807,0.11634711672785,0.158634977695315,0.189306633452515,0.247909043702186,0.29236284898767,1,0.977047338241816,0.952093669262626,0.931780616368412,0.933768898663016,0.953586401241348,0.954025206436657,0.947429624153385,0.924119925584662,0.920514697939048,0.921435389093068,0.911308135124707,0.905004566057819,0.88365288327215,0.841365022304685,0.810693366547485,0.752090956297814,0.70763715101233,0,100000,2295.2661758184,98020.4378087992,4727400.56991178,47.2740056991178,2025,"Females","GMoH report",31.0825843008822
0,1,0.023705,0.0130466,0.0150626,0.0151364,0.0090466,0.0109878,0.0110021,0.0179056,0.0160416,0.0163189,0.0186792,0.0225782,0.0286988,0.0337,0.0471112,0.0597528,0.0705727,0.215854,0.13866649745,0.0232306780897748,0.0508593176526265,0.0725798951772576,0.072922538230808,0.044232613105695,0.0534702003319807,0.0535379259619355,0.0856920797424107,0.0771153653865383,0.0783961525647767,0.0892291759418667,0.106859274804048,0.133887941837019,0.155406963338713,0.210735942199614,0.259934469132107,0.299943876897236,1,0.976769321910225,0.949140682347373,0.927420104822742,0.927077461769192,0.955767386894305,0.946529799668019,0.946462074038064,0.914307920257589,0.922884634613462,0.921603847435223,0.910770824058133,0.893140725195952,0.866112058162981,0.844593036661287,0.789264057800386,0.740065530867893,0.700056123102764,0,100000,2323.06780897749,97999.0638674323,4598481.1167284,45.984811167284,2025,"Females","GMoH report",32.371778832716
0,1,0.0220121,0.0114796,0.0128881,0.0132197,0.00848982,0.00937135,0.0105337,0.0153243,0.0152765,0.0148474,0.0152073,0.0192743,0.0233686,0.0297209,0.0374664,0.0570383,0.0689053,0.194421,0.132096538769,0.0215994558358911,0.044887811752414,0.0624290213256328,0.063983880729791,0.0415668620579088,0.0457841028689477,0.0513171025910906,0.0737943818842288,0.0735726678490115,0.0715800557024101,0.0732516022719254,0.0919412422845855,0.110393638073301,0.138326527753246,0.171288126356676,0.24959965062009,0.293898576109078,1,0.978400544164109,0.955112188247586,0.937570978674367,0.936016119270209,0.958433137942091,0.954215897131052,0.948682897408909,0.926205618115771,0.926427332150989,0.92841994429759,0.926748397728075,0.908058757715414,0.889606361926699,0.861673472246754,0.828711873643324,0.75040034937991,0.706101423890922,0,100000,2159.94558358911,98125.3757519324,4888471.579096,48.88471579096,2025,"Females","GMoH report",29.47187420904
0,1,0.02238,0.0110539,0.0125614,0.0125236,0.0081431,0.00887528,0.0104089,0.0157725,0.0152404,0.0136797,0.0151031,0.0182448,0.0229703,0.0300507,0.0372026,0.0564486,0.0677526,0.189654,0.1335243182,0.0219542688394333,0.0432592335172474,0.0608946934928958,0.0607170110994862,0.0399031614156897,0.0434131405547432,0.0507245335079234,0.0758708187770956,0.0734051888978047,0.0661366753070069,0.0727679460837561,0.0872445993351262,0.108614245491941,0.139754219676889,0.170184715278454,0.247338254515404,0.289694167386777,1,0.978045731160567,0.956740766482753,0.939105306507104,0.939282988900514,0.96009683858431,0.956586859445257,0.949275466492077,0.924129181222904,0.926594811102195,0.933863324692993,0.927232053916244,0.912755400664874,0.891385754508059,0.860245780323111,0.829815284721546,0.752661745484596,0.710305832613223,0,100000,2195.42688394334,98097.7159938931,4944679.97756887,49.4467997756887,2025,"Females","GMoH report",28.9097902243113
0,1,0.022978,0.0123786,0.0141234,0.0145915,0.00912904,0.0102547,0.010656,0.0167233,0.0172508,0.0172145,0.0193544,0.0212876,0.0272637,0.0344469,0.041765,0.0602445,0.0668761,0.212948,0.13584509042,0.0225306195914771,0.0483181772228582,0.0682086547149956,0.0703897692065563,0.0446267026168565,0.0499918709036118,0.0518974518818671,0.0802609309342674,0.0826879181537818,0.0825211012560685,0.0923056965659595,0.101059703632388,0.127620015461178,0.158578182972418,0.189082430704107,0.261793459780617,0.286483287536029,1,0.977469380408523,0.951681822777142,0.931791345285004,0.929610230793444,0.955373297383143,0.950008129096388,0.948102548118133,0.919739069065733,0.917312081846218,0.917478898743932,0.907694303434041,0.898940296367612,0.872379984538822,0.841421817027582,0.810917569295893,0.738206540219383,0.713516712463971,0,100000,2253.06195914772,98053.0054464146,4665112.95179898,46.6511295179898,2025,"Females","GMoH report",31.7054604820102
0,1,0.0212824,0.012121,0.0140233,0.0136526,0.00951823,0.00925269,0.0108675,0.0165125,0.0159219,0.0156661,0.0170702,0.0211666,0.0265434,0.0315218,0.0433106,0.0607025,0.071727,0.212072,0.129264653336,0.020895184278773,0.0473364693109636,0.0677415981177871,0.0660099803554964,0.0464850124010352,0.0452174914232085,0.0529002659008074,0.0792893370547103,0.0765619699275273,0.0753782904114625,0.0818576824716798,0.100514143334253,0.124458144235733,0.146095979392003,0.195396184977305,0.263521469929076,0.304103856679817,1,0.979104815721227,0.952663530689036,0.932258401882213,0.933990019644504,0.953514987598965,0.954782508576791,0.947099734099193,0.92071066294529,0.923438030072473,0.924621709588538,0.91814231752832,0.899485856665747,0.875541855764267,0.853904020607997,0.804603815022695,0.736478530070924,0.695896143320183,0,100000,2089.51842787731,98180.5824473414,4744625.76382763,47.4462576382763,2025,"Females","GMoH report",30.9103323617237
0,1,0.0223794,0.0125096,0.0139304,0.0140533,0.00878877,0.0105561,0.0109278,0.0181226,0.0153552,0.0177291,0.0172029,0.0214572,0.0260618,0.0336258,0.0419187,0.0625596,0.0724486,0.20947,0.133521989666,0.021953690327155,0.0488170367930669,0.0673079338942006,0.0678815988183164,0.0429990774942276,0.0514234230108869,0.0531859854699536,0.0866855797797105,0.0739376803275847,0.0848832413159629,0.0824677872565124,0.101823862541677,0.12233812090171,0.155091325285534,0.18971227060543,0.270493142937689,0.306694103866537,1,0.978046309672845,0.951182963206933,0.932692066105799,0.932118401181684,0.957000922505772,0.948576576989113,0.946814014530046,0.913314420220289,0.926062319672415,0.915116758684037,0.917532212743488,0.898176137458323,0.87766187909829,0.844908674714466,0.81028772939457,0.729506857062312,0.693305896133463,0,100000,2195.36903271551,98097.7610085838,4688643.97353195,46.8864397353195,2025,"Females","GMoH report",31.4701502646805
0,1,0.0238215,0.0135778,0.0149105,0.0143943,0.00982238,0.00999923,0.0111732,0.018265,0.0184276,0.01654,0.0200803,0.0240004,0.028296,0.0374826,0.0449184,0.0685891,0.074121,0.219872,0.139118621135,0.0233427979042257,0.0528753384589443,0.0718733317185273,0.069471515414184,0.0479348150776929,0.0487768233125706,0.0543479001063299,0.0873369753625094,0.0880802318011527,0.0794161425073222,0.0956021979607232,0.113209327161012,0.132132917421596,0.171355843638124,0.201917475204442,0.292747313157732,0.312667019600482,1,0.976657202095774,0.947124661541056,0.928126668281473,0.930528484585816,0.952065184922307,0.951223176687429,0.94565209989367,0.912663024637491,0.911919768198847,0.920583857492678,0.904397802039277,0.886790672838988,0.867867082578404,0.828644156361876,0.798082524795558,0.707252686842267,0.687332980399518,0,100000,2334.27979042257,97990.4619953643,4550942.83100038,45.5094283100038,2025,"Females","GMoH report",32.8471616899962
0,1,0.0231592,0.0109562,0.013216,0.0136522,0.00813439,0.0095834,0.0107213,0.0164486,0.0143536,0.0149722,0.0174653,0.0176123,0.0240526,0.030275,0.0396686,0.0605577,0.0675493,0.197781,0.136548307688,0.0227051681484878,0.0428850848663741,0.0639665453419035,0.0660081101949899,0.0398613309699288,0.0467958418236677,0.052207177957413,0.0789946226256974,0.0692818887056852,0.0721600145744703,0.0836730621682808,0.0843476114089552,0.113441587199324,0.140723955609784,0.180447728129778,0.262975518594087,0.288950491424113,1,0.977294831851512,0.957114915133626,0.936033454658097,0.93399188980501,0.960138669030071,0.953204158176332,0.947792822042587,0.921005377374303,0.930718111294315,0.92783998542553,0.916326937831719,0.915652388591045,0.886558412800676,0.859276044390216,0.819552271870222,0.737024481405913,0.711049508575887,0,100000,2270.51681484879,98039.518413796,4854300.04933429,48.5430004933429,2025,"Females","GMoH report",29.8135895066571
0,1,0.0252885,0.0151813,0.0175149,0.0159602,0.00991784,0.0110953,0.0129997,0.0198919,0.0191684,0.0198084,0.0243712,0.0307097,0.0352467,0.0421398,0.0624101,0.0724411,0.0851456,0.230737,0.144811886765,0.0247531772779498,0.0589357571790746,0.083900718273767,0.0767390726324298,0.0483894040815594,0.0539792111464179,0.0629525881011536,0.0947477195916378,0.0914591844232533,0.0943687644172913,0.114857935694034,0.142600456873853,0.161961940205405,0.190617537710923,0.269933982843368,0.306667222644262,0.351010500765131,1,0.97524682272205,0.941064242820925,0.916099281726233,0.92326092736757,0.951610595918441,0.946020788853582,0.937047411898846,0.905252280408362,0.908540815576747,0.905631235582709,0.885142064305966,0.857399543126147,0.838038059794595,0.809382462289077,0.730066017156632,0.693332777355738,0.648989499234869,0,100000,2475.31772779497,97883.1377027099,4263273.30712997,42.6327330712997,2025,"Females","GMoH report",35.7238569287003
0,1,0.0245012,0.0132725,0.0144549,0.014784,0.00962112,0.00975188,0.0118501,0.0182653,0.0161441,0.0153239,0.0194589,0.0215582,0.0283762,0.0378174,0.0439654,0.0637782,0.0736311,0.213477,0.141756462068,0.0239965995861724,0.0517171677812468,0.069753789857473,0.0712852954790927,0.0469757028153236,0.0475989518339733,0.0575456944164879,0.0873383472164676,0.0775889890064523,0.0737925267484004,0.0927809613766689,0.102278641478211,0.132482616914759,0.17275421214415,0.198057776574481,0.275037507153204,0.310921727901736,1,0.976003400413828,0.948282832218753,0.930246210142527,0.928714704520907,0.953024297184676,0.952401048166027,0.942454305583512,0.912661652783532,0.922411010993548,0.9262074732516,0.907219038623331,0.897721358521789,0.867517383085241,0.82724578785585,0.801942223425519,0.724962492846796,0.689078272098264,0,100000,2399.65995861724,97940.5073472826,4601199.36039794,46.0119936039794,2025,"Females","GMoH report",32.3445963960206
0,1,0.0238127,0.0105464,0.0122958,0.0121559,0.00873584,0.00879082,0.00972683,0.014645,0.01421,0.0143403,0.0138127,0.0186891,0.0224007,0.0271834,0.0369365,0.0577396,0.0630811,0.202822,0.139084469303,0.0233343293711549,0.0413141685065256,0.05964552634298,0.0589869027714998,0.0427456520573288,0.0430088914423274,0.0474795853617885,0.070638739162416,0.0686125395330871,0.0692199141623443,0.0667582217752138,0.0892743565571685,0.106063744686029,0.12726805395528,0.169070334018788,0.252281428130754,0.272440831638346,1,0.976665670628845,0.958685831493474,0.94035447365702,0.9410130972285,0.957254347942671,0.956991108557673,0.952520414638211,0.929361260837584,0.931387460466913,0.930780085837656,0.933241778224786,0.910725643442831,0.893936255313971,0.87273194604472,0.830929665981212,0.747718571869246,0.727559168361654,0,100000,2333.4329371155,97991.1113445973,4990703.88897525,49.9070388897525,2025,"Females","GMoH report",28.4495511102475
0,1,0.0231039,0.0130136,0.0148462,0.014577,0.00923856,0.009972,0.0118596,0.0186373,0.017072,0.0170677,0.0201298,0.0247615,0.0264097,0.0369023,0.0467721,0.0659154,0.0714818,0.216675,0.136333694471,0.0226519025778373,0.0507339376577931,0.071574477481052,0.0703222803001614,0.0451499975955345,0.0486472246885153,0.0575904992866501,0.0890379333136345,0.0818659607933402,0.0818461846841652,0.0958265755011903,0.116590133521988,0.123870071435992,0.168927011828503,0.20937789087546,0.282950080636957,0.303221884704775,1,0.977348097422163,0.949266062342207,0.928425522518948,0.929677719699839,0.954850002404465,0.951352775311485,0.94240950071335,0.910962066686365,0.91813403920666,0.918153815315835,0.90417342449881,0.883409866478012,0.876129928564008,0.831072988171497,0.79062210912454,0.717049919363043,0.696778115295225,0,100000,2265.19025778373,98043.6314987396,4572473.84929477,45.7247384929477,2025,"Females","GMoH report",32.6318515070523
0,1,0.0237108,0.0125038,0.0154935,0.015071,0.00907559,0.010429,0.0114655,0.0179216,0.0173312,0.017238,0.0202734,0.0249006,0.0269719,0.0355729,0.0448637,0.0646964,0.0783767,0.205065,0.138689006612,0.0232362604293113,0.0487949552764292,0.0745787840242988,0.0726189013445892,0.0443712126651214,0.0508199956630745,0.0557300672838914,0.0857653684327395,0.0830572935836094,0.0826290989794793,0.0964771979382944,0.11720670669799,0.126340398513345,0.163338444609387,0.201696384757848,0.278445884237537,0.327677748519106,1,0.976763739570689,0.951205044723571,0.925421215975701,0.927381098655411,0.955628787334879,0.949180004336926,0.944269932716109,0.91423463156726,0.916942706416391,0.917370901020521,0.903522802061706,0.88279329330201,0.873659601486655,0.836661555390613,0.798303615242152,0.721554115762463,0.672322251480894,0,100000,2323.62604293112,97998.6353447008,4565958.87608546,45.6595887608546,2025,"Females","GMoH report",32.6970012391454
0,1,0.0224849,0.012021,0.0134694,0.012788,0.0087111,0.0101318,0.0107535,0.0161186,0.0157089,0.0161399,0.0166222,0.0189152,0.025838,0.0338629,0.0431941,0.0584671,0.069095,0.207293,0.133931423561,0.022055404838443,0.0469551053570068,0.0651530681593366,0.0619591654796166,0.0426271760174852,0.0494075319202266,0.0523598703358584,0.0774711824946061,0.075576443035018,0.0775695865741305,0.079795075730482,0.0903056274873769,0.121351312001277,0.156099542044273,0.194921818679445,0.255054724755604,0.294588516185421,1,0.977944595161557,0.953044894642993,0.934846931840663,0.938040834520383,0.957372823982515,0.950592468079773,0.947640129664142,0.922528817505394,0.924423556964982,0.92243041342587,0.920204924269518,0.909694372512623,0.878648687998723,0.843900457955727,0.805078181320555,0.744945275244396,0.705411483814579,0,100000,2205.54048384431,98089.8506928784,4787522.40893409,47.8752240893409,2025,"Females","GMoH report",30.4813659106591
0,1,0.0218713,0.0109398,0.0129917,0.0123248,0.00751703,0.00875499,0.00988482,0.0141341,0.0142792,0.0136845,0.0146695,0.0166945,0.0232939,0.0270685,0.0372526,0.0599819,0.0623796,0.196555,0.131550109457,0.0214636173036378,0.0428222659499221,0.0629150658475703,0.0597819971051947,0.0368918570102457,0.0428373486033773,0.0482321838608222,0.0682585664884877,0.0689351529113699,0.0661591140107981,0.0707527319949984,0.0801282474330715,0.110060173321657,0.126764207615406,0.17039395534755,0.260801131522784,0.269819862294963,1,0.978536382696362,0.957177734050078,0.93708493415243,0.940218002894805,0.963108142989754,0.957162651396623,0.951767816139178,0.931741433511512,0.93106484708863,0.933840885989202,0.929247268005002,0.919871752566929,0.889939826678343,0.873235792384594,0.82960604465245,0.739198868477216,0.730180137705037,0,100000,2146.36173036377,98135.9923901999,5005883.84267267,50.0588384267267,2025,"Females","GMoH report",28.2977515732733
0,1,0.0239962,0.0122993,0.0151613,0.0144502,0.00936464,0.00990301,0.0114377,0.0171111,0.0180439,0.0170666,0.0184997,0.022087,0.0255774,0.0353402,0.0497961,0.0646714,0.077532,0.202545,0.139796612618,0.0235108971705078,0.0480160718548708,0.0730381179555994,0.0697319002379538,0.0457520708188182,0.0483187961952268,0.0555986969594668,0.0820457667034035,0.0863253835302943,0.0818411256139907,0.0884096213211145,0.104656149087747,0.120200931722408,0.162356704021361,0.221416326197582,0.278353262111677,0.324719599943041,1,0.976489102829492,0.951983928145129,0.926961882044401,0.930268099762046,0.954247929181182,0.951681203804773,0.944401303040533,0.917954233296597,0.913674616469706,0.918158874386009,0.911590378678885,0.895343850912253,0.879799068277592,0.837643295978639,0.778583673802418,0.721646737888323,0.675280400056959,0,100000,2351.08971705078,97977.5846613539,4612011.22876338,46.1201122876338,2025,"Females","GMoH report",32.2364777123662
0,1,0.023336,0.0140745,0.0155718,0.0149806,0.00960971,0.00977664,0.0124391,0.0178785,0.0177191,0.0166823,0.0198564,0.0236218,0.0306312,0.037456,0.0480722,0.0680504,0.076035,0.22429,0.13723444904,0.022875437451057,0.0547566549206389,0.074941562444805,0.0721990377381497,0.0469212997904762,0.0477169220773541,0.0603196932589563,0.0855679342201142,0.084837394315941,0.0800720356972206,0.0945866253318992,0.111523061372196,0.142261870482213,0.171244650890604,0.214573454903027,0.29078236019027,0.319451300849728,1,0.977124562548943,0.945243345079361,0.925058437555195,0.92780096226185,0.953078700209524,0.952283077922646,0.939680306741044,0.914432065779886,0.915162605684059,0.919927964302779,0.905413374668101,0.888476938627804,0.857738129517787,0.828755349109396,0.785426545096973,0.70921763980973,0.680548699150272,0,100000,2287.54374510571,98026.3860604088,4512028.18423427,45.1202818423427,2025,"Females","GMoH report",33.2363081576573
0,1,0.0244135,0.0125937,0.0132411,0.0141429,0.00886272,0.00901489,0.0101731,0.0151055,0.0153942,0.0146172,0.0168654,0.0193767,0.0253431,0.0309194,0.0408542,0.0578663,0.0687369,0.194828,0.141416108015,0.0239122739213278,0.0491371626299738,0.0640841387751605,0.0682996134908989,0.0433530354638349,0.0440809868804532,0.0496039355091789,0.0727790886895018,0.0741185120061859,0.0705093758773153,0.0809153266258126,0.0924071365910409,0.119165445495648,0.143504330508211,0.185341094629472,0.25276505390329,0.293285636355917,1,0.976087726078672,0.950862837370026,0.935915861224839,0.931700386509101,0.956646964536165,0.955919013119547,0.950396064490821,0.927220911310498,0.925881487993814,0.929490624122685,0.919084673374187,0.907592863408959,0.880834554504352,0.856495669491789,0.814658905370528,0.74723494609671,0.706714363644083,0,100000,2391.22739213277,97946.9306790415,4809554.67445666,48.0955467445666,2025,"Females","GMoH report",30.2610432554334
0,1,0.0232804,0.0125185,0.0139183,0.0140704,0.00900823,0.00971089,0.0111655,0.0168479,0.0158206,0.0158389,0.0173521,0.0232807,0.0260715,0.0330303,0.0455079,0.0644985,0.0666192,0.198197,0.137018671556,0.022821895554431,0.0488509195277829,0.067251435850988,0.0679613901404206,0.0440491380821359,0.0474036216123032,0.05431146338883,0.0808347601127414,0.0760933921984625,0.0761780583778959,0.0831532895126201,0.110001235586692,0.122380867999854,0.152554220801639,0.204296713930325,0.277712414571845,0.285539900629893,1,0.977178104445569,0.951149080472217,0.932748564149012,0.932038609859579,0.955950861917864,0.952596378387697,0.94568853661117,0.919165239887259,0.923906607801537,0.923821941622104,0.91684671048738,0.889998764413308,0.877619132000146,0.847445779198361,0.795703286069675,0.722287585428155,0.714460099370107,0,100000,2282.18955544311,98030.5130256827,4703230.08138319,47.0323008138319,2025,"Females","GMoH report",31.3242891861681
0,1,0.0247783,0.0128778,0.014895,0.014474,0.00949965,0.0102973,0.0112068,0.0176237,0.0161102,0.0157814,0.0199921,0.022032,0.0272677,0.0327935,0.0426894,0.0622407,0.0690253,0.217069,0.142831856687,0.0242629745727688,0.0502178101684261,0.0718012991238747,0.0698427404372771,0.0463963766513598,0.050194334693404,0.0545068807227896,0.0843999035495351,0.0774323724820973,0.0759120056837559,0.0952022668997822,0.104409144330288,0.127637544331107,0.151543403493814,0.192863890574294,0.269299955629178,0.294335081710944,1,0.975737025427231,0.949782189831574,0.928198700876125,0.930157259562723,0.95360362334864,0.949805665306596,0.94549311927721,0.915600096450465,0.922567627517903,0.924087994316244,0.904797733100218,0.895590855669712,0.872362455668893,0.848456596506186,0.807136109425706,0.730700044370822,0.705664918289056,0,100000,2426.29745727689,97920.2551134209,4624248.544088,46.24248544088,2025,"Females","GMoH report",32.11410455912
0,1,0.0219167,0.012035,0.0132924,0.0123532,0.00893145,0.00944526,0.0105147,0.0151574,0.0158733,0.01467,0.0154883,0.0200402,0.0249775,0.0281533,0.0443317,0.056529,0.0746886,0.203234,0.131726301863,0.021507420368223,0.0470085052779595,0.0643244347101471,0.059915625730563,0.0436818933833531,0.0461368633257593,0.0512269109973407,0.0730200160228386,0.0763371921207733,0.0707550582390817,0.074554686618131,0.095420390714984,0.117547399568212,0.131510372569825,0.199543269138799,0.247646918377584,0.314684616399046,1,0.978492579631777,0.95299149472204,0.935675565289853,0.940084374269437,0.956318106616647,0.953863136674241,0.948773089002659,0.926979983977161,0.923662807879227,0.929244941760918,0.925445313381869,0.904579609285016,0.882452600431788,0.868489627430175,0.800456730861201,0.752353081622416,0.685315383600954,0,100000,2150.74203682231,98132.5672579496,4849123.32548395,48.4912332548395,2025,"Females","GMoH report",29.8653567451605
0,1,0.0236239,0.01193,0.0141803,0.0144291,0.00838708,0.0100803,0.0109859,0.0163074,0.0150338,0.0153916,0.0186484,0.0179426,0.0267681,0.0324508,0.0419867,0.0602314,0.0686378,0.210306,0.138351757271,0.0231526170898678,0.0466079346785693,0.0684740437920394,0.0696336237006523,0.0410741691436468,0.0491625664534483,0.053461201467009,0.078343070529133,0.0724461477595319,0.0741064576173423,0.0890886003624999,0.0858615513230764,0.12544564600775,0.150078575412509,0.189990784790583,0.261743983570004,0.292924727796179,1,0.976847382910132,0.953392065321431,0.931525956207961,0.930366376299348,0.958925830856353,0.950837433546552,0.946538798532991,0.921656929470867,0.927553852240468,0.925893542382658,0.9109113996375,0.914138448676924,0.87455435399225,0.849921424587491,0.810009215209417,0.738256016429996,0.707075272203821,0,100000,2315.26170898679,98005.0588169938,4744548.93182813,47.4454893182813,2025,"Females","GMoH report",30.9111006817187
0,1,0.0239532,0.0119837,0.0150475,0.0147543,0.00886859,0.0105035,0.0111314,0.0168994,0.0169714,0.0166715,0.0188765,0.0196858,0.0252784,0.0340881,0.0453763,0.0586775,0.0669888,0.208684,0.139629734348,0.0234695254439673,0.0468128184549625,0.0725097729777917,0.0711471828019625,0.043381126439671,0.0511737415149932,0.054150084376917,0.0810718365149962,0.0814031849666428,0.0800222717416478,0.0901291908235482,0.0938120851360709,0.118879303533873,0.157056136761178,0.203766118673131,0.255855148770105,0.286896816369044,1,0.976530474556033,0.953187181545037,0.927490227022208,0.928852817198037,0.956618873560329,0.948826258485007,0.945849915623083,0.918928163485004,0.918596815033357,0.919977728258352,0.909870809176452,0.906187914863929,0.881120696466127,0.842943863238822,0.796233881326869,0.744144851229895,0.713103183630956,0,100000,2346.95254439673,97980.7518159047,4660411.48142145,46.6041148142145,2025,"Females","GMoH report",31.7524751857855
0,1,0.0238877,0.0119727,0.0132799,0.013426,0.00885106,0.0105308,0.0107451,0.0154151,0.0164841,0.0145664,0.0174675,0.021382,0.0256269,0.0314432,0.0404189,0.0583058,0.0698316,0.20295,0.139375536053,0.0234065012130837,0.0467708532115091,0.0642658885660783,0.0649499547682052,0.0432972339609441,0.0513033370456005,0.052320039849532,0.074215405265721,0.0791583640287829,0.0702729405952822,0.083683160964626,0.101485113270144,0.120419550550024,0.145758236541913,0.183547527138368,0.254440594031321,0.297262253113669,1,0.976593498786916,0.953229146788491,0.935734111433922,0.935050045231795,0.956702766039056,0.948696662954399,0.947679960150468,0.925784594734279,0.920841635971217,0.929727059404718,0.916316839035374,0.898514886729856,0.879580449449976,0.854241763458087,0.816452472861632,0.745559405968679,0.702737746886331,0,100000,2340.65012130837,97985.5792440615,4774877.30286348,47.7487730286348,2025,"Females","GMoH report",30.6078169713652
0,1,0.0237844,0.0127204,0.0149378,0.0141099,0.00933858,0.00977697,0.0115714,0.017687,0.0157208,0.0170533,0.0186333,0.0208207,0.0302437,0.0342821,0.0442182,0.0701404,0.0741417,0.201496,0.138974640116,0.0233070946708648,0.0496192466693348,0.0720001889439815,0.0681456782366227,0.0456276562057747,0.0477184942823898,0.0562303405921792,0.0846902106122527,0.0756315296227661,0.0817799547443936,0.0890196742590711,0.0989528319305586,0.140588694267923,0.157879406035846,0.199083243325015,0.298380653949331,0.312740684904956,1,0.976692905329135,0.950380753330665,0.927999811056018,0.931854321763377,0.954372343794225,0.95228150571761,0.943769659407821,0.915309789387747,0.924368470377234,0.918220045255606,0.910980325740929,0.901047168069441,0.859411305732077,0.842120593964154,0.800916756674985,0.701619346050669,0.687259315095044,0,100000,2330.70946708648,97993.2000423168,4627733.66500512,46.2773366500512,2025,"Females","GMoH report",32.0792533499488
0,1,0.0245144,0.0134006,0.0145273,0.0146751,0.00909439,0.0102624,0.0110058,0.017079,0.0155286,0.0170166,0.0227983,0.0212442,0.0286078,0.0373735,0.0485547,0.0650093,0.0677785,0.211012,0.141807689816,0.0240092908684134,0.0522032892053496,0.0700909204291249,0.0707787856082991,0.0444610839077994,0.0500284695843441,0.053555448609241,0.0818981535872101,0.0747414257406109,0.081611139700434,0.107844804484786,0.100864059374586,0.133491737667863,0.17089970014187,0.21649399727614,0.279604300387111,0.28978886374641,1,0.975990709131587,0.94779671079465,0.929909079570875,0.929221214391701,0.955538916092201,0.949971530415656,0.946444551390759,0.91810184641279,0.925258574259389,0.918388860299566,0.892155195515214,0.899135940625414,0.866508262332137,0.82910029985813,0.78350600272386,0.72039569961289,0.71021113625359,0,100000,2400.92908684134,97939.5411203757,4594086.5999171,45.940865999171,2025,"Females","GMoH report",32.415724000829
0,1,0.0248768,0.0131168,0.0158142,0.0151747,0.0102533,0.0112753,0.0124294,0.0187305,0.0176231,0.0172857,0.0199457,0.0229845,0.0311843,0.0380307,0.04314,0.0672351,0.0795616,0.201288,0.143214124352,0.0243576390675044,0.0511259814529557,0.0760637804096156,0.0731003117482833,0.0499852164504222,0.0548309125298796,0.0602740735747743,0.0894632705284186,0.084397151402784,0.0828482739763189,0.0949918048928707,0.108677741146543,0.144644876912262,0.173643993446121,0.194701448752087,0.287799867775345,0.33180971954385,1,0.975642360932496,0.948874018547044,0.923936219590384,0.926899688251717,0.950014783549578,0.94516908747012,0.939725926425226,0.910536729471581,0.915602848597216,0.917151726023681,0.905008195107129,0.891322258853457,0.855355123087738,0.826356006553879,0.805298551247913,0.712200132224655,0.66819028045615,0,100000,2435.76390675045,97913.071888283,4484538.28389166,44.8453828389166,2025,"Females","GMoH report",33.5112071610834
0,1,0.0251487,0.0120767,0.0147865,0.0135222,0.0090949,0.01024,0.0116825,0.0168919,0.0176306,0.0160531,0.0179062,0.0199539,0.0242889,0.035319,0.0442314,0.064664,0.0732908,0.203305,0.144269338343,0.0246188888651255,0.0471675434558924,0.0712969202228134,0.065400116366183,0.0444635217891985,0.0499219968798752,0.0567549021393914,0.0810373144692905,0.0844315526687939,0.0771685152688443,0.0856948281695749,0.0950290019928378,0.114492271657354,0.162267210941861,0.199136756204086,0.278325844050755,0.309707266652975,1,0.975381111134875,0.952832456544108,0.928703079777187,0.934599883633817,0.955536478210801,0.950078003120125,0.943245097860609,0.918962685530709,0.915568447331206,0.922831484731156,0.914305171830425,0.904970998007162,0.885507728342646,0.837732789058139,0.800863243795914,0.721674155949245,0.690292733347025,0,100000,2461.88888651255,97893.2861942186,4671708.95209149,46.7170895209149,2025,"Females","GMoH report",31.6395004790851
0,1,0.0246559,0.0139905,0.0168965,0.0160292,0.0101705,0.0110474,0.0130397,0.0202451,0.0170865,0.0190753,0.0221159,0.0279506,0.0339382,0.040284,0.0523746,0.072733,0.0846195,0.230412,0.142356835751,0.0241453238488682,0.0544387493543169,0.0810584881379431,0.0770580526559193,0.0495915722851838,0.0537524382832734,0.0631401775664664,0.0963490115649177,0.0819326446672333,0.0910351910503912,0.104785913063213,0.130625357225811,0.156419508584402,0.182990978550208,0.231554114665147,0.307712810402489,0.349220367731798,1,0.975854676151132,0.945561250645683,0.918941511862057,0.922941947344081,0.950408427714816,0.946247561716727,0.936859822433534,0.903650988435082,0.918067355332767,0.908964808949609,0.895214086936787,0.869374642774189,0.843580491415598,0.817009021449791,0.768445885334853,0.692287189597511,0.650779632268202,0,100000,2414.53238488681,97929.192805244,4346309.11059082,43.4630911059082,2025,"Females","GMoH report",34.8934988940918
0,1,0.0224449,0.0128279,0.01356,0.01301,0.00918952,0.00966753,0.0109397,0.0144681,0.0152305,0.0156526,0.0161643,0.0185678,0.0251888,0.0310335,0.0424473,0.0583647,0.065147,0.201967,0.133776187961,0.022016841805986,0.050028089345373,0.0655769416771448,0.0630008958620857,0.0449157153389461,0.0471969550527961,0.0532423613488792,0.0698152644316897,0.0733592546790277,0.0753157805340325,0.0776822999954585,0.088720632595245,0.118482895128,0.143995768310352,0.191875054950047,0.254664898933098,0.280113598496819,1,0.977983158194014,0.949971910654627,0.934423058322855,0.936999104137914,0.955084284661054,0.952803044947204,0.946757638651121,0.93018473556831,0.926640745320972,0.924684219465967,0.922317700004541,0.911279367404755,0.881517104872,0.856004231689648,0.808124945049953,0.745335101066902,0.719886401503181,0,100000,2201.68418059859,98092.8487361759,4809480.39855344,48.0948039855344,2025,"Females","GMoH report",30.2617860144656
0,1,0.0247323,0.0132391,0.0149142,0.0141853,0.00932709,0.0100873,0.012059,0.0171345,0.0160671,0.0167041,0.0191526,0.0234632,0.026754,0.0328384,0.0474147,0.0623154,0.0689254,0.211612,0.142653335747,0.0242187616268734,0.0515903796105948,0.0718905258002739,0.0684973609638005,0.045572796073673,0.049195866343581,0.0585304531632606,0.0821533582094025,0.0772332155077871,0.0801724773046389,0.0913872417825871,0.110815768642942,0.125383710521753,0.151735151040203,0.211949674429562,0.269579598689553,0.293971706373764,1,0.975781238373127,0.948409620389405,0.928109474199726,0.931502639036199,0.954427203926327,0.950804133656419,0.941469546836739,0.917846641790597,0.922766784492213,0.919827522695361,0.908612758217413,0.889184231357058,0.874616289478247,0.848264848959797,0.788050325570438,0.730420401310447,0.706028293626236,0,100000,2421.87616268733,97923.6125506862,4611226.41125065,46.1122641125065,2025,"Females","GMoH report",32.2443258874935
0,1,0.0231293,0.0121665,0.0164832,0.0154738,0.0098891,0.010317,0.0115046,0.0188971,0.0164728,0.0158883,0.0189903,0.0234955,0.0312789,0.0374033,0.0496033,0.0687049,0.0787719,0.215478,0.136432269077,0.0226763686277469,0.0475099406150148,0.0791542131831488,0.074487488741769,0.0482525639252178,0.0502879480986652,0.0559148062986416,0.0902231120721533,0.0791062465543968,0.0764065735919957,0.0906479219208655,0.110959856716305,0.1450518446416,0.171024315545859,0.220653629544089,0.293169113444302,0.329058159010585,1,0.977323631372253,0.952490059384985,0.920845786816851,0.925512511258231,0.951747436074782,0.949712051901335,0.944085193701358,0.909776887927847,0.920893753445603,0.923593426408004,0.909352078079135,0.889040143283695,0.8549481553584,0.828975684454141,0.779346370455911,0.706830886555698,0.670941840989415,0,100000,2267.63686277469,98041.7419798563,4525704.33125785,45.2570433125785,2025,"Females","GMoH report",33.0995466874215
0,1,0.023917,0.0146327,0.0157088,0.0155845,0.00991944,0.010518,0.012325,0.0178709,0.0182673,0.0198389,0.020989,0.0255087,0.0303553,0.0365919,0.053332,0.0704806,0.0780217,0.224205,0.13948924613,0.0234346944047685,0.0568665768809483,0.0755759801091533,0.0750003910155456,0.0483970216196626,0.0512425764521897,0.0597829382162129,0.0855331156105869,0.0873474928592314,0.0945072026436807,0.0997128190997865,0.119897431004348,0.141070877946664,0.1676251895649,0.235288927320374,0.29961107854394,0.326435808248872,1,0.976565305595231,0.943133423119052,0.924424019890847,0.924999608984454,0.951602978380337,0.94875742354781,0.940217061783787,0.914466884389413,0.912652507140769,0.905492797356319,0.900287180900214,0.880102568995652,0.858929122053336,0.8323748104351,0.764711072679626,0.70038892145606,0.673564191751128,0,100000,2343.46944047685,97983.419345104,4429584.19983364,44.2958419983364,2025,"Females","GMoH report",34.0607480016636
0,1,0.02339,0.0121482,0.0127288,0.0141076,0.00892768,0.00954659,0.0106626,0.0156582,0.0137476,0.0163973,0.0169024,0.0199641,0.0227638,0.0298606,0.0429928,0.0573392,0.0676003,0.196183,0.1374440171,0.022927434774684,0.0474401745432279,0.0616811814440863,0.0681349485013074,0.043663857628811,0.046620288060511,0.0519287609828604,0.0753417110500887,0.0664540410627155,0.0787579554430348,0.081085644985493,0.0950752695289907,0.10769039354836,0.138931551298258,0.194101574562837,0.250751302315655,0.28913711133205,1,0.977072565225316,0.952559825456772,0.938318818555914,0.931865051498693,0.956336142371189,0.953379711939489,0.94807123901714,0.924658288949911,0.933545958937284,0.921242044556965,0.918914355014507,0.904924730471009,0.89230960645164,0.861068448701742,0.805898425437163,0.749248697684345,0.71086288866795,0,100000,2292.74347746839,98022.3803962547,4820579.05881477,48.2057905881477,2025,"Females","GMoH report",30.1507994118523
0,1,0.0229239,0.011925,0.0130626,0.013243,0.00883421,0.00924349,0.0101037,0.0155293,0.0151465,0.0154683,0.015852,0.019769,0.0225924,0.0307405,0.0403535,0.0554728,0.0657359,0.197586,0.135635134271,0.0224784972592294,0.0465888557894223,0.063247556181557,0.0640930396885126,0.0432165889444526,0.0451735469267941,0.0492738787774897,0.0747446690281528,0.0729694216379037,0.0744619986651208,0.0762386618316132,0.0941898996829208,0.106922888343472,0.142733269799334,0.183277752987089,0.243583370949923,0.282288309748078,1,0.977521502740771,0.953411144210578,0.936752443818443,0.935906960311487,0.956783411055547,0.954826453073206,0.95072612122251,0.925255330971847,0.927030578362096,0.925538001334879,0.923761338168387,0.905810100317079,0.893077111656528,0.857266730200666,0.816722247012911,0.756416629050077,0.717711690251922,0,100000,2247.84972592295,98057.0376734736,4858078.42996,48.5807842996,2025,"Females","GMoH report",29.7758057004
0,1,0.0242131,0.0124049,0.0148073,0.0142027,0.00961026,0.00982394,0.0111433,0.0174243,0.0168251,0.0178816,0.0192557,0.0205926,0.0269351,0.0318932,0.0463415,0.0607745,0.0700973,0.214695,0.140638377659,0.0237195481744416,0.048418350409998,0.0713936326578631,0.0685785003332909,0.0469239222669862,0.0479422456384564,0.0542064044336853,0.0834848378496413,0.0807297833071953,0.0855821361840292,0.0918565925281398,0.0979218369510067,0.126178896979892,0.147690216007105,0.207650420137944,0.263792809714947,0.298224644132183,1,0.976280451825558,0.951581649590002,0.928606367342137,0.931421499666709,0.953076077733014,0.952057754361544,0.945793595566315,0.916515162150359,0.919270216692805,0.914417863815971,0.90814340747186,0.902078163048993,0.873821103020108,0.852309783992895,0.792349579862056,0.736207190285053,0.701775355867817,0,100000,2371.95481744416,97961.6330599616,4637767.47284474,46.3776747284474,2025,"Females","GMoH report",31.9789152715526
0,1,0.0220633,0.0116729,0.0122568,0.0121625,0.0087775,0.00918776,0.00947073,0.0144854,0.0148288,0.0148973,0.0149028,0.0179935,0.0208998,0.0278698,0.0359121,0.0540134,0.0637018,0.189274,0.132295240337,0.0216488451895122,0.0456264148443273,0.0594619664248109,0.0590179844114882,0.0429451229580885,0.0449073061227442,0.0462583980056401,0.0698958274525472,0.071493589644692,0.0718119881715306,0.0718375484571326,0.086094640227659,0.0993100970824885,0.130272339856657,0.164767621729243,0.237937470568049,0.274753300504764,1,0.978351154810488,0.954373585155673,0.940538033575189,0.940982015588512,0.957054877041912,0.955092693877256,0.95374160199436,0.930104172547453,0.928506410355308,0.928188011828469,0.928162451542867,0.913905359772341,0.900689902917511,0.869727660143343,0.835232378270757,0.762062529431951,0.725246699495236,0,100000,2164.88451895122,98121.5193987853,4980040.05549463,49.8004005549463,2025,"Females","GMoH report",28.5561894450537
0,1,0.0248903,0.0129889,0.0158728,0.0146013,0.0098136,0.0107611,0.0115037,0.0183553,0.0167828,0.015569,0.0200352,0.0227436,0.0251789,0.0349996,0.0453266,0.0629681,0.0707892,0.200121,0.143266516367,0.0243706124469328,0.05064008207585,0.0763348793188686,0.0704353797250515,0.0478929933023209,0.0523959060388143,0.0559105543886969,0.0877498145714899,0.0805349932866711,0.0749285918824551,0.0953977190483083,0.10759997312792,0.118439085288569,0.160917849119861,0.20356565271421,0.272019173675249,0.300725675100448,1,0.975629387553067,0.94935991792415,0.923665120681131,0.929564620274948,0.952107006697679,0.947604093961186,0.944089445611303,0.91225018542851,0.919465006713329,0.925071408117545,0.904602280951692,0.89240002687208,0.881560914711431,0.839082150880139,0.79643434728579,0.727980826324751,0.699274324899552,0,100000,2437.06124469328,97912.088030007,4572330.29082059,45.7233029082059,2025,"Females","GMoH report",32.6332870917941
0,1,0.0222136,0.0110724,0.0131201,0.0129114,0.00829011,0.00903406,0.0106531,0.0145311,0.0139299,0.0141159,0.0167291,0.020067,0.0224705,0.0290925,0.0411405,0.0611525,0.0676505,0.200925,0.132878538104,0.0217938100433888,0.0433300643900942,0.063517122502633,0.0625383556859898,0.040608918986551,0.0441726539838761,0.0518836945343892,0.0701086118749594,0.0673055993297416,0.0681736682894813,0.0802876496985692,0.0955419016490227,0.106376658251878,0.135600132838491,0.186518807500105,0.265215953507788,0.289320764117648,1,0.978206189956611,0.956669935609906,0.936482877497367,0.93746164431401,0.959391081013449,0.955827346016124,0.948116305465611,0.929891388125041,0.932694400670258,0.931826331710519,0.919712350301431,0.904458098350977,0.893623341748122,0.864399867161509,0.813481192499895,0.734784046492212,0.710679235882352,0,100000,2179.38100433888,98110.2119574893,4907465.97796669,49.0746597796669,2025,"Females","GMoH report",29.2819302203331
0,1,0.0234677,0.0123248,0.0152964,0.0144662,0.00938774,0.0100889,0.0109221,0.015758,0.0166321,0.0161303,0.0179253,0.0210327,0.0285403,0.0338398,0.0467919,0.0574063,0.0730928,0.207284,0.137745562253,0.0230022465852778,0.0481132281708791,0.0736649775919078,0.0698064160599827,0.045862340674882,0.0492034775874207,0.0531589807411186,0.0758037127367363,0.0798407035847694,0.077525236686682,0.0857823156434894,0.0999100544922045,0.133197741262607,0.156001362714993,0.209457243965255,0.251007911347089,0.308999841045985,1,0.976997753414722,0.951886771829121,0.926335022408092,0.930193583940017,0.954137659325118,0.950796522412579,0.946841019258881,0.924196287263264,0.920159296415231,0.922474763313318,0.914217684356511,0.900089945507796,0.866802258737393,0.843998637285007,0.790542756034745,0.748992088652911,0.691000158954015,0,100000,2300.22465852779,98016.6210803693,4660273.51489008,46.6027351489008,2025,"Females","GMoH report",31.7538548510992
0,1,0.0219543,0.0121842,0.0134482,0.014089,0.00937526,0.00955512,0.0107553,0.0163481,0.0157122,0.0158793,0.0181151,0.0210035,0.0272361,0.034377,0.0423005,0.0625067,0.076242,0.203533,0.131872223327,0.0215436957375049,0.0475774145317251,0.0650538568072131,0.0680481732188008,0.0458027678565627,0.0466609720322871,0.0523684052281249,0.0785309216014196,0.0755917194636097,0.0763649453098531,0.0866512594259332,0.0997782678766329,0.127499057312807,0.158281861148265,0.191274936383748,0.270295327613632,0.320181756333965,1,0.978456304262495,0.952422585468275,0.934946143192787,0.931951826781199,0.954197232143437,0.953339027967713,0.947631594771875,0.92146907839858,0.92440828053639,0.923635054690147,0.913348740574067,0.900221732123367,0.872500942687193,0.841718138851735,0.808725063616252,0.729704672386368,0.679818243666035,0,100000,2154.36957375049,98129.731931808,4730671.61628049,47.3067161628049,2025,"Females","GMoH report",31.0498738371951
0,1,0.0230636,0.0117941,0.0144346,0.0142393,0.00879871,0.0105532,0.0109701,0.0169746,0.0170431,0.0171179,0.0197553,0.0216257,0.0273848,0.0336316,0.0473336,0.0611939,0.076458,0.208317,0.136177294604,0.0226130826889336,0.0460892378399829,0.0696592417718019,0.0687491505513842,0.0430466622558569,0.0514096589674615,0.0533863655774471,0.0814179089086002,0.0817330391031526,0.0820770338554159,0.0941276977324646,0.102582456429957,0.128150556594432,0.155116001693603,0.211625507227716,0.265371679894292,0.320943294057399,1,0.977386917311066,0.953910762160017,0.930340758228198,0.931250849448616,0.956953337744143,0.948590341032539,0.946613634422553,0.9185820910914,0.918266960896847,0.917922966144584,0.905872302267535,0.897417543570043,0.871849443405568,0.844883998306396,0.788374492772284,0.734628320105708,0.679056705942601,0,100000,2261.30826889336,98046.6305734302,4656764.09138955,46.5676409138955,2025,"Females","GMoH report",31.7889490861045
0,1,0.022323,0.0118743,0.0142102,0.0136465,0.00856393,0.00965971,0.0105361,0.016049,0.0164254,0.0147521,0.0178455,0.0199271,0.0248738,0.0307888,0.0386361,0.0567319,0.0660744,0.21307,0.13330310747,0.0218993080703239,0.0463953748019778,0.0686134720970174,0.0659814600147711,0.0419221050668863,0.0471596779678431,0.0513284946195962,0.0771495665174054,0.0788875990753686,0.0711369514464182,0.0854167389621284,0.0949074255983955,0.117087944702639,0.142941506371568,0.176164706917648,0.248425389161563,0.283535847495593,1,0.978100691929676,0.953604625198022,0.931386527902983,0.934018539985229,0.958077894933114,0.952840322032157,0.948671505380404,0.922850433482595,0.921112400924631,0.928863048553582,0.914583261037872,0.905092574401605,0.882912055297361,0.857058493628432,0.823835293082352,0.751574610838437,0.716464152504407,0,100000,2189.93080703239,98101.9937746893,4785818.18000012,47.8581818000012,2025,"Females","GMoH report",30.4984081999988
0,1,0.0229624,0.0112059,0.0134935,0.0128717,0.00971589,0.00964598,0.0108526,0.01681,0.0150611,0.0157799,0.0152125,0.0197728,0.0247789,0.0343838,0.0418173,0.0601484,0.0648186,0.214703,0.135784548536,0.0225155902500324,0.0438410433056426,0.0652658385198316,0.0623520575520192,0.0474274502753603,0.047094225116038,0.0528296522889231,0.0806602528730117,0.0725729296240963,0.0759050641938199,0.0732757323057471,0.0942071520593998,0.11666728267341,0.158310692065404,0.189296797567682,0.261430442874516,0.278898477814786,1,0.977484409749968,0.956158956694357,0.934734161480168,0.937647942447981,0.95257254972464,0.952905774883962,0.947170347711077,0.919339747126988,0.927427070375904,0.92409493580618,0.926724267694253,0.9057928479406,0.88333271732659,0.841689307934596,0.810703202432318,0.738569557125484,0.721101522185214,0,100000,2251.55902500324,98054.167900709,4796017.55276446,47.9601755276446,2025,"Females","GMoH report",30.3964144723554
0,1,0.0266646,0.0143205,0.0166843,0.0176535,0.0103183,0.0116762,0.013131,0.0207694,0.0190972,0.0192488,0.0244523,0.0282314,0.0393936,0.0398914,0.0476807,0.0699496,0.0801229,0.244336,0.150152379494,0.0260737468162843,0.0556870667220148,0.0800812509614593,0.0845365835555071,0.0502941253168577,0.0567251640974144,0.0635682144404559,0.0987210571871434,0.0911349443518115,0.0918251882891495,0.115218129339858,0.131851144031008,0.179308938500697,0.18136931069805,0.213012086516126,0.297689794820551,0.333759960210188,1,0.973926253183716,0.944312933277985,0.919918749038541,0.915463416444493,0.949705874683142,0.943274835902586,0.936431785559544,0.901278942812857,0.908865055648189,0.90817481171085,0.884781870660142,0.868148855968992,0.820691061499303,0.81863068930195,0.786987913483874,0.702310205179449,0.666240039789812,0,100000,2607.37468162843,97784.1288310505,4261044.53247659,42.6104453247659,2025,"Females","GMoH report",35.7461446752341
0,1,0.0241664,0.0128483,0.0151878,0.014466,0.00954582,0.0108537,0.0111031,0.0169995,0.0174056,0.0181513,0.0184329,0.0220801,0.025672,0.0335169,0.044415,0.0648767,0.0809132,0.209692,0.140457140096,0.0236746292617118,0.0501056550250825,0.073161109261881,0.0698054846477154,0.0466166154497682,0.0528348655494644,0.0540161336657398,0.0815324718614771,0.0833989769183739,0.0868169009638377,0.0881044487658595,0.104625164749534,0.120618692326486,0.154627881865736,0.199880742099164,0.279113580009495,0.336498145611308,1,0.976325370738288,0.949894344974918,0.926838890738119,0.930194515352285,0.953383384550232,0.947165134450536,0.94598386633426,0.918467528138523,0.916601023081626,0.913183099036162,0.911895551234141,0.895374835250465,0.879381307673514,0.845372118134264,0.800119257900836,0.720886419990505,0.663501854388692,0,100000,2367.46292617118,97965.0641457221,4597183.75448336,45.9718375448336,2025,"Females","GMoH report",32.3847524551664
0,1,0.0224484,0.0129507,0.0155839,0.0157919,0.00952552,0.0104314,0.012051,0.0182095,0.0175343,0.0178641,0.0194897,0.0246681,0.0281104,0.0346135,0.0480682,0.0636047,0.0716253,0.216268,0.133789771076,0.0220202161547245,0.0504949111093912,0.0749976117939121,0.07596059471096,0.0465197870940986,0.0508313935044931,0.0584927593914345,0.0870831485176688,0.0839897464711282,0.0855019610442725,0.0929209942461042,0.116175903016968,0.131323135340791,0.159284053532621,0.214557516020999,0.274391955042734,0.303738158237058,1,0.977979783845276,0.949505088890609,0.925002388206088,0.92403940528904,0.953480212905901,0.949168606495507,0.941507240608565,0.912916851482331,0.916010253528872,0.914498038955727,0.907079005753896,0.883824096983032,0.868676864659209,0.840715946467379,0.785442483979001,0.725608044957266,0.696261841762942,0,100000,2202.02161547245,98092.586352366,4527855.49754174,45.2785549754174,2025,"Females","GMoH report",33.0780350245826
0,1,0.0231396,0.0120093,0.0150172,0.0137231,0.00949717,0.0100593,0.011017,0.0161257,0.0155871,0.0162119,0.0166451,0.0187581,0.0249464,0.0346095,0.0407559,0.0598198,0.0717455,0.213387,0.136472242244,0.0226862896629556,0.0469104760401813,0.072369048800869,0.0663395396582884,0.0463845452216434,0.0490626599616202,0.0536084882133829,0.0775039849737711,0.0750124342165577,0.0779021455177039,0.0799006156558663,0.0895891924239794,0.11740963095581,0.159267112200723,0.184936378616826,0.260188012782399,0.304170363045328,1,0.977313710337044,0.953089523959819,0.927630951199131,0.933660460341712,0.953615454778357,0.95093734003838,0.946391511786617,0.922496015026229,0.924987565783442,0.922097854482296,0.920099384344134,0.910410807576021,0.88259036904419,0.840732887799277,0.815063621383174,0.739811987217601,0.695829636954671,0,100000,2268.62896629557,98040.9759155545,4723439.85040932,47.2343985040932,2025,"Females","GMoH report",31.1221914959068
0,1,0.0246232,0.0139005,0.0155329,0.0157423,0.00974618,0.0106928,0.0108689,0.0187311,0.0170343,0.0163352,0.0201883,0.0244791,0.0275059,0.0389838,0.0462221,0.0593605,0.0703555,0.212765,0.142229930648,0.0241138894799657,0.0540980209203922,0.0747613486200491,0.0757310478149565,0.0475717918834533,0.0520720110018973,0.0529069004736061,0.0894660081374419,0.0816925610195612,0.078471385556638,0.0960916808012027,0.115337127316751,0.128680797153911,0.177609287632027,0.207170823677267,0.258448429936836,0.299158827737743,1,0.975886110520034,0.945901979079608,0.925238651379951,0.924268952185043,0.952428208116547,0.947927988998103,0.947093099526394,0.910533991862558,0.918307438980439,0.921528614443362,0.903908319198797,0.884662872683249,0.871319202846089,0.822390712367973,0.792829176322733,0.741551570063164,0.700841172262257,0,100000,2411.38894799657,97931.5827348423,4516939.35197276,45.1693935197276,2025,"Females","GMoH report",33.1871964802724
0,1,0.0225618,0.012119,0.0140421,0.0130778,0.00912683,0.00949749,0.0105294,0.0151048,0.0162522,0.0163664,0.0171101,0.0171305,0.023187,0.0310977,0.0380095,0.0573091,0.0669453,0.202204,0.134229864002,0.0221295364039352,0.0473288434914541,0.0678293342633515,0.0633188227496128,0.0446161401832288,0.0463860718657885,0.0512966915402405,0.0727758387761356,0.0780882359300443,0.0786153733826745,0.0820411685068283,0.0821349673543411,0.1095827612852,0.144272168466684,0.173555596396882,0.250636167091361,0.286737225966296,1,0.977870463596065,0.952671156508546,0.932170665736649,0.936681177250387,0.955383859816771,0.953613928134212,0.948703308459759,0.927224161223864,0.921911764069956,0.921384626617326,0.917958831493172,0.917865032645659,0.8904172387148,0.855727831533316,0.826444403603118,0.749363832908639,0.713262774033704,0,100000,2212.95364039352,98084.0908257992,4814527.94093584,48.1452794093584,2025,"Females","GMoH report",30.2113105906416
0,1,0.0237013,0.0145795,0.0162516,0.0157915,0.0100551,0.0106738,0.0111761,0.0175698,0.0187171,0.0199734,0.0232518,0.0245862,0.0303318,0.040008,0.0469396,0.0705363,0.0778535,0.231365,0.138652138157,0.0232271169197387,0.0566656852828377,0.0780854656174295,0.0759587437453628,0.0490426774353008,0.0519818892756246,0.0543616226721349,0.0841526374752197,0.0894021285493236,0.0951174526767648,0.109872184831819,0.115812525230448,0.14096936363987,0.181851239068381,0.210048964110587,0.299812363041916,0.325846729175364,1,0.976772883080261,0.943334314717162,0.921914534382571,0.924041256254637,0.950957322564699,0.948018110724375,0.945638377327865,0.91584736252478,0.910597871450676,0.904882547323235,0.890127815168181,0.884187474769552,0.85903063636013,0.818148760931619,0.789951035889413,0.700187636958084,0.674153270824636,0,100000,2322.71169197386,97999.3372504406,4417315.51091259,44.1731551091259,2025,"Females","GMoH report",34.1834348908741
0,1,0.02336,0.0131982,0.0152177,0.0148827,0.00927627,0.00985142,0.0124699,0.0175104,0.0181901,0.0175686,0.0185431,0.0233805,0.0276655,0.0362828,0.0428533,0.0707479,0.0766606,0.205893,0.1373275904,0.0228985478345961,0.0514350985642584,0.0732998617351813,0.0717441339443655,0.0453301140571869,0.0480731285498535,0.0604645332907929,0.0838800662211049,0.0869944075672762,0.0841471317527228,0.0886078399094382,0.110446749436972,0.129379152632139,0.166326978739478,0.193532711622562,0.300576593119162,0.321656960948734,1,0.977101452165404,0.948564901435742,0.926700138264819,0.928255866055634,0.954669885942813,0.951926871450147,0.939535466709207,0.916119933778895,0.913005592432724,0.915852868247277,0.911392160090562,0.889553250563028,0.870620847367861,0.833673021260522,0.806467288377438,0.699423406880838,0.678343039051266,0,100000,2289.85478345961,98024.6054563188,4562246.11955554,45.6224611955554,2025,"Females","GMoH report",32.7341288044446
0,1,0.0245755,0.0117974,0.0148378,0.0144352,0.00913634,0.0101734,0.0121215,0.0182702,0.0179943,0.0158404,0.0194293,0.0219905,0.0278576,0.0345647,0.0485138,0.0627394,0.0648954,0.20901,0.142044812195,0.024068033275091,0.0461018363907281,0.0715354290279237,0.0696620364293381,0.0446615912925261,0.0496053620249387,0.0588248853796757,0.0873607538858853,0.0860983032543745,0.0761849978982321,0.0926463649535214,0.104222725393107,0.130219026143278,0.159077347976032,0.216331359258065,0.271165152567514,0.279182801120424,1,0.975931966724909,0.953898163609272,0.928464570972076,0.930337963570662,0.955338408707474,0.950394637975061,0.941175114620324,0.912639246114115,0.913901696745625,0.923815002101768,0.907353635046479,0.895777274606893,0.869780973856722,0.840922652023968,0.783668640741935,0.728834847432486,0.720817198879576,0,100000,2406.8033275091,97935.0705991372,4611443.97295344,46.1144397295344,2025,"Females","GMoH report",32.2421502704656
0,1,0.0232231,0.0122516,0.0159241,0.0144256,0.00965041,0.0103181,0.0117511,0.0181537,0.0163132,0.0159537,0.0165143,0.0215086,0.0317848,0.0335594,0.0455714,0.0591866,0.0766388,0.199829,0.136796296559,0.0227667124284134,0.0478343064228594,0.0765721438118157,0.0696173209377027,0.0471153440320004,0.050293174978145,0.0570786574704961,0.0868278817095245,0.0783698427049635,0.0767090183354542,0.079297637560103,0.102055331729886,0.147225191808512,0.154808775913981,0.204552626133544,0.257788881469973,0.321580198674552,1,0.977233287571587,0.952165693577141,0.923427856188184,0.930382679062297,0.952884655968,0.949706825021855,0.942921342529504,0.913172118290476,0.921630157295037,0.923290981664546,0.920702362439897,0.897944668270114,0.852774808191488,0.845191224086019,0.795447373866456,0.742211118530027,0.678419801325448,0,100000,2276.67124284133,98034.7689516617,4610458.26474447,46.1045826474447,2025,"Females","GMoH report",32.2520073525553
0,1,0.0247394,0.0139293,0.0162633,0.0165872,0.0102823,0.0107093,0.0120401,0.0189127,0.0183564,0.0178296,0.0213823,0.0283452,0.0320169,0.0400053,0.0511239,0.0729877,0.081417,0.21326,0.142680890066,0.0242255859713977,0.0542070670031851,0.078139485272903,0.0796337477483706,0.0501230494223124,0.0521502678415122,0.0584413992715757,0.0902942307549998,0.0877548425218307,0.0853438818121072,0.101486464903723,0.132347461813509,0.148220590444494,0.181840082380826,0.226651259221691,0.308624093184664,0.338238990314011,1,0.975774414028602,0.945792932996815,0.921860514727097,0.920366252251629,0.949876950577688,0.947849732158488,0.941558600728424,0.909705769245,0.912245157478169,0.914656118187893,0.898513535096277,0.867652538186491,0.851779409555506,0.818159917619174,0.77334874077831,0.691375906815336,0.661761009685989,0,100000,2422.55859713977,97923.0942197372,4386372.08814707,43.8637208814707,2025,"Females","GMoH report",34.4928691185293
0,1,0.0216343,0.0115826,0.01276,0.0126531,0.00902031,0.0101687,0.0100811,0.0145094,0.0138885,0.014218,0.0154199,0.0182768,0.0236665,0.0306787,0.037582,0.0624786,0.0652096,0.209392,0.130630338527,0.0212349094889826,0.0452814462415258,0.0618276964822173,0.0613256025460611,0.044106905106986,0.0495830130382938,0.049166372212716,0.0700075800452294,0.0671122778236167,0.0686498413878682,0.0742376568864419,0.087390933467981,0.111722309882891,0.142466762345108,0.171771233734477,0.270190231504766,0.280345031572865,1,0.978765090511017,0.954718553758474,0.938172303517783,0.938674397453939,0.955893094893014,0.950416986961706,0.950833627787284,0.929992419954771,0.932887722176383,0.931350158612132,0.925762343113558,0.912609066532019,0.888277690117109,0.857533237654892,0.828228766265523,0.729809768495234,0.719654968427135,0,100000,2123.49094889825,98153.9013926153,4903467.77170099,49.0346777170099,2025,"Females","GMoH report",29.3219122829901
0,1,0.0234114,0.0126163,0.0153538,0.0145188,0.00902129,0.0100959,0.0109825,0.0176485,0.017192,0.0172937,0.0189154,0.0231525,0.0263421,0.0309837,0.0462665,0.0661863,0.0719058,0.206182,0.137527068146,0.0229480400865944,0.0492231714052011,0.0739311883025989,0.0700513462839321,0.0441115913550612,0.0492367760809118,0.0534450980272883,0.0845136520303557,0.0824176877792479,0.0828850279790948,0.0903065392200907,0.109428633884947,0.123572595809797,0.143781307738553,0.207349196052135,0.283947855181502,0.304746413373177,1,0.977051959913406,0.950776828594799,0.926068811697401,0.929948653716068,0.955888408644939,0.950763223919088,0.946554901972712,0.915486347969644,0.917582312220752,0.917114972020905,0.909693460779909,0.890571366115053,0.876427404190203,0.856218692261447,0.792650803947865,0.716052144818498,0.695253586626823,0,100000,2294.80400865944,98020.7936586212,4618859.02586011,46.1885902586011,2025,"Females","GMoH report",32.1679997413989
0,1,0.0236157,0.0116152,0.0146305,0.0141089,0.00918597,0.009338,0.0108,0.0166079,0.0153944,0.0169431,0.0169129,0.0194007,0.0272452,0.0317643,0.0387502,0.0601003,0.0737669,0.212288,0.138319933973,0.0231447238951939,0.0454060004472111,0.0705712676708539,0.0681410131489567,0.0448987534934299,0.0456248870126888,0.0525803310613437,0.0797291650014318,0.0741194392606159,0.0812729602672403,0.0811339730672762,0.0925162976599705,0.127538940168316,0.147137222785673,0.176639007799883,0.261248688601159,0.311405883357406,1,0.976855276104806,0.954593999552789,0.929428732329146,0.931858986851043,0.95510124650657,0.954375112987311,0.947419668938656,0.920270834998568,0.925880560739384,0.91872703973276,0.918866026932724,0.90748370234003,0.872461059831684,0.852862777214327,0.823360992200117,0.738751311398841,0.688594116642594,0,100000,2314.47238951939,98005.6652785813,4735020.05859556,47.3502005859556,2025,"Females","GMoH report",31.0063894140444
0,1,0.0214058,0.0116419,0.0133482,0.0133669,0.00848136,0.00982071,0.0107192,0.0159971,0.0146536,0.0141884,0.0162583,0.0191253,0.0236133,0.0288218,0.0389707,0.0591955,0.0704531,0.186202,0.129743555162,0.0210143337398741,0.0455080008107233,0.0645857415128456,0.0646732962895674,0.041526301224614,0.0479268605044386,0.0521972189271892,0.0769096707645318,0.0706787545073768,0.0685118173275736,0.0781164003216272,0.0912629230447315,0.111485168194672,0.134423203297967,0.177554902867093,0.257822648523341,0.29951168352382,1,0.978985666260126,0.954491999189277,0.935414258487154,0.935326703710433,0.958473698775386,0.952073139495561,0.947802781072811,0.923090329235468,0.929321245492623,0.931488182672426,0.921883599678373,0.908737076955269,0.888514831805328,0.865576796702033,0.822445097132907,0.742177351476659,0.70048831647618,0,100000,2101.4333739874,98171.2140628898,4863590.09588079,48.6359009588079,2025,"Females","GMoH report",29.7206890411921
0,1,0.0235662,0.0126823,0.0159852,0.0147054,0.00927003,0.00910595,0.0118914,0.0170681,0.0169189,0.0180132,0.0187233,0.0224508,0.0304594,0.0326126,0.046624,0.0649405,0.0702803,0.216258,0.138127829918,0.0230970741278522,0.0494743040670606,0.076854657329155,0.0709197420626787,0.0453003118747786,0.0445163410603048,0.0577404626559331,0.0818480243394304,0.0811615880210756,0.0861848381821435,0.0894304186081835,0.106288353578689,0.141520431427447,0.15077045837315,0.208784122662463,0.279349723244157,0.298886855349884,1,0.976902925872148,0.950525695932939,0.923145342670845,0.929080257937321,0.954699688125221,0.955483658939695,0.942259537344067,0.91815197566057,0.918838411978924,0.913815161817856,0.910569581391817,0.893711646421311,0.858479568572553,0.84922954162685,0.791215877337537,0.720650276755843,0.701113144650116,0,100000,2309.70741278522,98009.3274598883,4588790.18347935,45.8879018347935,2025,"Females","GMoH report",32.4686881652065
0,1,0.022795,0.0125063,0.0150241,0.0144465,0.00944237,0.00982329,0.011002,0.0162984,0.0158796,0.0166611,0.0201474,0.0227601,0.028847,0.0337009,0.0459871,0.0642651,0.0717408,0.212302,0.13513488755,0.0223542940295971,0.0488044732328169,0.072401096707396,0.0697146676350265,0.046123072216488,0.0479391495783463,0.0535374523724945,0.0783015260207582,0.076366332948286,0.0799743484572954,0.0959063414411228,0.107673832038549,0.134532828724464,0.155410791169675,0.206226144209104,0.276846568910737,0.304153467327821,1,0.977645705970403,0.951195526767183,0.927598903292604,0.930285332364974,0.953876927783512,0.952060850421654,0.946462547627505,0.921698473979242,0.923633667051714,0.920025651542705,0.904093658558877,0.892326167961451,0.865467171275537,0.844589208830325,0.793773855790896,0.723153431089263,0.695846532672179,0,100000,2235.42940295971,98066.6550980352,4637783.23388845,46.3778323388845,2025,"Females","GMoH report",31.9787576611155
0,1,0.022754,0.0116883,0.0133464,0.0134279,0.0086123,0.00971601,0.011115,0.0155781,0.0154012,0.0150421,0.018046,0.0200503,0.029387,0.0319098,0.0444041,0.0627387,0.0674671,0.199121,0.13497577106,0.0223147834438943,0.0456852345461094,0.0645773133623518,0.0649588477216946,0.042153895024697,0.0474280221561271,0.0540724614767158,0.0749707455710491,0.0741509653799748,0.0724846949261292,0.0863349966271654,0.095466185835363,0.13687885287631,0.147761407590196,0.199836590166472,0.27116253730237,0.288649618336777,1,0.977685216556106,0.954314765453891,0.935422686637648,0.935041152278305,0.957846104975303,0.952571977843873,0.945927538523284,0.925029254428951,0.925849034620025,0.927515305073871,0.913665003372835,0.904533814164637,0.86312114712369,0.852238592409804,0.800163409833528,0.72883746269763,0.711350381663223,0,100000,2231.47834438944,98069.7171657482,4778118.16858921,47.7811816858921,2025,"Females","GMoH report",30.5754083141079
0,1,0.0227527,0.0124674,0.0144059,0.0131241,0.00917144,0.0095217,0.0107709,0.0160096,0.0167769,0.0168865,0.0168671,0.019858,0.026932,0.0324784,0.0402529,0.0592615,0.0675131,0.206601,0.134970725903,0.0223135306335383,0.0486563633120858,0.0695255545348172,0.0635358721507654,0.0448293263087961,0.0465015651185273,0.0524423711611509,0.0769674545972016,0.0805078208509157,0.0810124578272503,0.0809231527266124,0.0945938865044849,0.126165290959684,0.150196634097795,0.18286262282429,0.258073015046983,0.28881800317467,1,0.977686469366462,0.951343636687914,0.930474445465183,0.936464127849235,0.955170673691204,0.953498434881473,0.947557628838849,0.923032545402798,0.919492179149084,0.91898754217275,0.919076847273388,0.905406113495515,0.873834709040316,0.849803365902205,0.81713737717571,0.741926984953017,0.71118199682533,0,100000,2231.35306335383,98069.8142793529,4739470.18679373,47.3947018679373,2025,"Females","GMoH report",30.9618881320627
0,1,0.0224524,0.0121609,0.0128817,0.013559,0.00819337,0.00916089,0.0108197,0.0147825,0.0153166,0.0154926,0.016832,0.0194222,0.0233207,0.0314256,0.0410964,0.0593377,0.0678587,0.195621,0.133805294636,0.0220240725336941,0.0474885919639707,0.0623989874097108,0.0655722641751237,0.0401445520783446,0.0447789132534148,0.052673715500985,0.0712783205655976,0.0737586698918367,0.0745746133625485,0.080761553815446,0.0926140771756955,0.110179823476622,0.145682592780771,0.186337499013821,0.258361985092885,0.290082026902567,1,0.977975927466306,0.952511408036029,0.937601012590289,0.934427735824876,0.959855447921655,0.955221086746585,0.947326284499015,0.928721679434402,0.926241330108163,0.925425386637452,0.919238446184554,0.907385922824305,0.889820176523378,0.854317407219229,0.813662500986179,0.741638014907115,0.709917973097433,0,100000,2202.40725336941,98092.2864980762,4847413.1552078,48.474131552078,2025,"Females","GMoH report",29.882458447922
0,1,0.022374,0.0122495,0.0147273,0.0148067,0.00926802,0.0101023,0.0108893,0.0179044,0.0151588,0.0172223,0.0172899,0.022432,0.0268953,0.0303836,0.0415104,0.0566721,0.0735697,0.204601,0.13350103286,0.0219484836954658,0.0478263033931707,0.0710216086570621,0.0713908430119378,0.0452907119398188,0.0492672194230562,0.0530035705480771,0.0856865828644063,0.073026514191678,0.0825569486578258,0.0828675700034916,0.10620407544883,0.126004198219095,0.141193112376959,0.188038152668657,0.248196025112986,0.31070273288177,1,0.978051516304534,0.952173696606829,0.928978391342938,0.928609156988062,0.954709288060181,0.950732780576944,0.946996429451923,0.914313417135594,0.926973485808322,0.917443051342174,0.917132429996508,0.89379592455117,0.873995801780905,0.858806887623041,0.811961847331343,0.751803974887014,0.68929726711823,0,100000,2194.84836954657,98098.166154759,4678707.36362621,46.7870736362621,2025,"Females","GMoH report",31.5695163637379
0,1,0.0236216,0.0123157,0.014371,0.013622,0.00913688,0.00984158,0.0110386,0.0161397,0.0151641,0.0169399,0.0185194,0.023078,0.0273923,0.0367945,0.0420567,0.060315,0.0693868,0.204767,0.138342831224,0.0231504031536827,0.0480785578111309,0.0693629621764071,0.0658669026309046,0.0446641720492174,0.04802626419701,0.0537107707159376,0.0775686626390128,0.0730511140052813,0.0812582341004063,0.0884996012132293,0.109095722301798,0.128183404333677,0.168475106714943,0.190277401066424,0.262059676525857,0.295648705928671,1,0.976849596846317,0.951921442188869,0.930637037823593,0.934133097369095,0.955335827950783,0.95197373580299,0.946289229284062,0.922431337360987,0.926948885994719,0.918741765899594,0.911500398786771,0.890904277698202,0.871816595666323,0.831524893285057,0.809722598933576,0.737940323474143,0.704351294071329,0,100000,2315.04031536827,98005.2289162575,4693511.85728984,46.9351185728984,2025,"Females","GMoH report",31.4214714271016
0,1,0.0216174,0.0113014,0.0122918,0.0121752,0.00829221,0.00929006,0.00959031,0.0149665,0.0146231,0.0149997,0.014741,0.0173612,0.0230899,0.0274894,0.0373019,0.0563779,0.0657292,0.19484,0.130564751486,0.0212185979466295,0.0442064113260789,0.0596267012829263,0.0590777902212457,0.0406189968699133,0.0453959717467852,0.0468287933862498,0.0721335336707903,0.0705368321253688,0.0722877630995878,0.0710853279516614,0.0831950837787509,0.109148906650809,0.128608569007793,0.170600219207829,0.247066740085355,0.282263598674938,1,0.97878140205337,0.955793588673921,0.940373298717074,0.940922209778754,0.959381003130087,0.954604028253215,0.95317120661375,0.92786646632921,0.929463167874631,0.927712236900412,0.928914672048339,0.916804916221249,0.890851093349191,0.871391430992207,0.829399780792171,0.752933259914645,0.717736401325062,0,100000,2121.85979466295,98155.1803021154,4975597.86092155,49.7559786092155,2025,"Females","GMoH report",28.6006113907845
0,1,0.0216442,0.0118581,0.0130946,0.0140023,0.00882156,0.0102356,0.0106775,0.0157424,0.014663,0.0164813,0.0141665,0.0177583,0.0241177,0.0314935,0.0398658,0.0568033,0.0709045,0.215652,0.130668759338,0.0212444645952296,0.0463335443944328,0.0633975849599583,0.0676435855549595,0.0431560409876622,0.0499010812323455,0.051999439949839,0.0757315106662202,0.0707224903114095,0.0791454502278974,0.0684096854767346,0.0850171019941435,0.113731164721491,0.145974388953715,0.18126346717567,0.248699166577825,0.30114173893008,1,0.97875553540477,0.953666455605567,0.936602415040042,0.93235641444504,0.956843959012338,0.950098918767655,0.948000560050161,0.92426848933378,0.92927750968859,0.920854549772103,0.931590314523265,0.914982898005857,0.886268835278509,0.854025611046285,0.81873653282433,0.751300833422175,0.69885826106992,0,100000,2124.44645952295,98153.1523236229,4826044.44627279,48.2604444627279,2025,"Females","GMoH report",30.0961455372721
0,1,0.0236366,0.0119342,0.014631,0.0142321,0.00930034,0.0102327,0.0110513,0.0181065,0.0169282,0.0161935,0.0186653,0.0198859,0.0254721,0.0352114,0.0445797,0.0621669,0.0701801,0.213769,0.138401044574,0.023164841746344,0.0466239606574439,0.0705735943525689,0.068715582399336,0.045445063642019,0.0498872956738944,0.0537709040209823,0.0866119039048663,0.0812043896287179,0.0778171691773178,0.0891657369263705,0.094720494305715,0.119735700648762,0.161812856924244,0.200547618346047,0.269023592992055,0.298524331421087,1,0.976835158253656,0.953376039342556,0.929426405647431,0.931284417600664,0.954554936357981,0.950112704326106,0.946229095979018,0.913388096095134,0.918795610371282,0.922182830822682,0.910834263073629,0.905279505694285,0.880264299351238,0.838187143075756,0.799452381653953,0.730976407007945,0.701475668578913,0,100000,2316.4841746344,98004.1196548741,4661163.33492211,46.6116333492211,2025,"Females","GMoH report",31.7449566507789
0,1,0.0243041,0.0117999,0.013603,0.0132366,0.00879616,0.00982475,0.0102464,0.015717,0.0152299,0.0153468,0.0161359,0.0195088,0.0245266,0.0311443,0.0396681,0.0588138,0.0682478,0.197714,0.140991538649,0.0238070696287545,0.0461113806391912,0.0657780528671214,0.0640630573380964,0.0430344551181694,0.0479461037919257,0.0499524188390197,0.0756139392904307,0.0733564707165837,0.0738987275211943,0.0775511077030365,0.0930078224819122,0.115548000996875,0.144472743812223,0.180445658895881,0.256373282582172,0.291502917899454,1,0.976192930371246,0.953888619360809,0.934221947132879,0.935936942661904,0.956965544881831,0.952053896208074,0.95004758116098,0.924386060709569,0.926643529283416,0.926101272478806,0.922448892296964,0.906992177518088,0.884451999003125,0.855527256187777,0.819554341104119,0.743626717417828,0.708497082100546,0,100000,2380.70696287544,97954.9525748928,4818143.16825996,48.1814316825996,2025,"Females","GMoH report",30.1751583174004
0,1,0.0249637,0.0126858,0.0152008,0.0141778,0.0091246,0.00976721,0.0101294,0.0161409,0.0163438,0.0177567,0.0205532,0.0214701,0.0281624,0.0345176,0.0441067,0.0636842,0.0701694,0.210676,0.143551373693,0.0244411452215847,0.0494876199028723,0.0732214388796939,0.0684623849950432,0.0446054820463008,0.0476719940573088,0.0493961174205019,0.0775742062363973,0.0785110766630847,0.0850097676470539,0.0977436386169455,0.101881960309877,0.131550084734204,0.158877799196166,0.198631094734666,0.274687815543424,0.298485609654733,1,0.975558854778415,0.950512380097128,0.926778561120306,0.931537615004957,0.955394517953699,0.952328005942691,0.950603882579498,0.922425793763603,0.921488923336915,0.914990232352946,0.902256361383055,0.898118039690123,0.868449915265796,0.841122200803834,0.801368905265334,0.725312184456576,0.701514390345267,0,100000,2444.11452215847,97906.7414749604,4640473.82708078,46.4047382708078,2025,"Females","GMoH report",31.9518517291922
0,1,0.0222442,0.0118268,0.0138415,0.0145016,0.00920454,0.00974924,0.0104532,0.0158617,0.0148249,0.0154868,0.0171915,0.0211572,0.024268,0.030924,0.0432952,0.0605988,0.0701874,0.205399,0.132997293338,0.0218233202124318,0.046214070853656,0.0668927596676505,0.0699712618720893,0.0449874774116631,0.0475863725824116,0.0509349177933075,0.0762835336843956,0.0714754586814822,0.0745477353311826,0.0824153895752909,0.100471747841424,0.114399389065402,0.143524148109643,0.195333493347097,0.263130516188926,0.298550748063432,1,0.978176679787568,0.953785929146344,0.933107240332349,0.930028738127911,0.955012522588337,0.952413627417588,0.949065082206693,0.923716466315604,0.928524541318518,0.925452264668817,0.917584610424709,0.899528252158576,0.885600610934598,0.856475851890357,0.804666506652903,0.736869483811074,0.701449251936568,0,100000,2182.33202124319,98107.912230747,4766928.66124982,47.6692866124982,2025,"Females","GMoH report",30.6873033875018
0,1,0.0238797,0.0117906,0.013586,0.013709,0.00893619,0.00920912,0.0107874,0.0163807,0.0155013,0.0172347,0.0167858,0.0191493,0.0254507,0.0322096,0.0438988,0.0610135,0.0668218,0.204685,0.139344488933,0.0233988032238391,0.0460758755631698,0.0656985487903362,0.0662736367833429,0.0437045691651795,0.0450093585402007,0.0525205982461974,0.0786813605914011,0.0746149290026289,0.0826139340759529,0.0805488094843922,0.0913722151033057,0.119641124106741,0.149046203508668,0.197787423619978,0.264692899448715,0.286283973884682,1,0.976601196776161,0.95392412443683,0.934301451209664,0.933726363216657,0.95629543083482,0.954990641459799,0.947479401753803,0.921318639408599,0.925385070997371,0.917386065924047,0.919451190515608,0.908627784896694,0.880358875893259,0.850953796491332,0.802212576380022,0.735307100551285,0.713716026115318,0,100000,2339.88032238391,97986.1691053031,4767796.4540744,47.677964540744,2025,"Females","GMoH report",30.678625459256
0,1,0.0251573,0.0136224,0.0145611,0.0142569,0.00940078,0.00951597,0.0106659,0.0164315,0.0169349,0.0151996,0.0187288,0.0209346,0.0249096,0.0331242,0.0410071,0.0610544,0.0676569,0.211509,0.144302713997,0.0246271505100689,0.0530444155083579,0.0702482697966596,0.068831201121816,0.0459245827523826,0.0464742315177599,0.0519444151559699,0.0789157400436807,0.0812352240121899,0.0732158701501639,0.089455513926914,0.0994672331521334,0.117246586097372,0.152954741388267,0.185970248551554,0.264846838030393,0.289344175184842,1,0.975372849489931,0.946955584491642,0.92975173020334,0.931168798878184,0.954075417247617,0.95352576848224,0.94805558484403,0.921084259956319,0.91876477598781,0.926784129849836,0.910544486073086,0.900532766847867,0.882753413902628,0.847045258611733,0.814029751448446,0.735153161969607,0.710655824815158,0,100000,2462.71505100689,97892.6614146547,4673512.60222151,46.7351260222151,2025,"Females","GMoH report",31.6214639777849
0,1,0.0251949,0.0146737,0.0156284,0.0155526,0.00986509,0.0105973,0.0120686,0.0176473,0.018229,0.0173487,0.0231479,0.0271347,0.0305012,0.0394306,0.0495975,0.0654045,0.074865,0.216623,0.144448635461,0.0246632701146468,0.0570213710162381,0.0752037156267474,0.0748526179357318,0.0481382300698018,0.0516189463496229,0.0585756837575103,0.0845081483826186,0.0871723385991885,0.0831376736048297,0.109408081666008,0.127054533382561,0.141700882599166,0.179462240453896,0.220630675215054,0.281065180934005,0.315310667242269,1,0.975336729885353,0.942978628983762,0.924796284373253,0.925147382064268,0.951861769930198,0.948381053650377,0.94142431624249,0.915491851617381,0.912827661400812,0.91686232639517,0.890591918333992,0.872945466617439,0.858299117400834,0.820537759546104,0.779369324784946,0.718934819065995,0.684689332757731,0,100000,2466.32701146469,97889.930559942,4434421.77028644,44.3442177028644,2025,"Females","GMoH report",34.0123722971356
0,1,0.0245146,0.0122338,0.015051,0.014891,0.00905024,0.00993094,0.0117995,0.0187344,0.0174283,0.0175285,0.0208215,0.0219747,0.0258932,0.0370865,0.0464894,0.0610453,0.079991,0.202624,0.141808465994,0.0240094831588873,0.047766469139678,0.0725260269219927,0.071782709193499,0.0442500168194499,0.0484517709251222,0.057307014700115,0.0894810648468337,0.0835032028254912,0.0839631306605417,0.0989564459040234,0.104151741798738,0.121594803579865,0.169698675205022,0.208244137486803,0.264812589999291,0.333302082747385,1,0.975990516841113,0.952233530860322,0.927473973078007,0.928217290806501,0.95574998318055,0.951548229074878,0.942692985299885,0.910518935153166,0.916496797174509,0.916036869339458,0.901043554095977,0.895848258201262,0.878405196420135,0.830301324794978,0.791755862513197,0.735187410000709,0.666697917252615,0,100000,2400.94831588873,97939.5264817183,4581394.51044338,45.8139451044338,2025,"Females","GMoH report",32.5426448955661
0,1,0.0222064,0.0135236,0.0146901,0.0138987,0.0090355,0.00998513,0.0110539,0.0162569,0.0151085,0.014695,0.016686,0.0207797,0.0282755,0.0337768,0.0425668,0.0636997,0.0707901,0.209677,0.132850595696,0.0217868662957183,0.052669828611577,0.0708485686058095,0.0671599113502893,0.0441795394287293,0.0487097178378152,0.0537832143181223,0.0781099364358885,0.0727930167654963,0.0708713632910934,0.0800890838665086,0.098767597391224,0.132043509376558,0.155733547760046,0.19236327713692,0.274745487219422,0.300728923569123,1,0.978213133704282,0.947330171388423,0.929151431394191,0.932840088649711,0.955820460571271,0.951290282162185,0.946216785681878,0.921890063564112,0.927206983234504,0.929128636708907,0.919910916133491,0.901232402608776,0.867956490623442,0.844266452239954,0.80763672286308,0.725254512780578,0.699271076430876,0,100000,2178.68662957184,98110.7531870017,4701430.66468217,47.0143066468217,2025,"Females","GMoH report",31.3422833531783
0,1,0.026263,0.0143055,0.0152469,0.0160546,0.0098204,0.0106529,0.0117214,0.0175227,0.0177053,0.0174148,0.0222721,0.027331,0.033071,0.0396658,0.0505557,0.0640931,0.080606,0.231145,0.14859381407,0.0256885907630328,0.0556303597764364,0.0734353465372047,0.0771754476455734,0.0479253838998742,0.0518827457446423,0.0569385025893723,0.0839365141104903,0.0847741218509796,0.0834412196213455,0.105486959711522,0.127914895011127,0.152727843702303,0.180436140359337,0.224414872567365,0.276207941897865,0.335434846839199,1,0.974311409236967,0.944369640223564,0.926564653462795,0.922824552354427,0.952074616100126,0.948117254255358,0.943061497410628,0.91606348588951,0.91522587814902,0.916558780378654,0.894513040288478,0.872085104988873,0.847272156297697,0.819563859640663,0.775585127432635,0.723792058102135,0.664565153160801,0,100000,2568.85907630328,97812.857491653,4433464.28927844,44.3346428927844,2025,"Females","GMoH report",34.0219471072156
0,1,0.0232009,0.01262,0.0155228,0.0143705,0.00921873,0.00998636,0.012214,0.0169984,0.0152685,0.0153408,0.0193691,0.0235273,0.0261385,0.0319435,0.0416583,0.0619122,0.0675579,0.205174,0.136710140801,0.0227453314434488,0.0492372517654403,0.0747145523663202,0.0693606325739887,0.0450552690977757,0.0487155719034165,0.0592604812063637,0.0815274111363497,0.0735355559114164,0.0738709031234109,0.0923725663144948,0.111101692854274,0.122676078317261,0.147905918250882,0.18864493206626,0.268069126556952,0.288981963517246,1,0.977254668556551,0.95076274823456,0.92528544763368,0.930639367426011,0.954944730902224,0.951284428096584,0.940739518793636,0.91847258886365,0.926464444088584,0.926129096876589,0.907627433685505,0.888898307145726,0.877323921682739,0.852094081749118,0.81135506793374,0.731930873443048,0.711018036482754,0,100000,2274.53314434488,98036.418602075,4647757.36036823,46.4775736036823,2025,"Females","GMoH report",31.8790163963177
0,1,0.0215625,0.0111008,0.012733,0.0124327,0.00790577,0.00914204,0.0100074,0.0146692,0.0150963,0.0138524,0.0144522,0.0188175,0.0239092,0.0281464,0.0407108,0.0566017,0.0654965,0.187101,0.130351690625,0.0211656069479244,0.0434387893738378,0.0617009059125391,0.0602895939143526,0.0387627269896182,0.0446888322695952,0.0488157043019223,0.0707513362458557,0.0727363746677578,0.0669436736382343,0.0697412150303461,0.0898601419472682,0.112803402238026,0.131480260023207,0.184750634656559,0.24792592756444,0.281404908522406,1,0.978834393052076,0.956561210626162,0.938299094087461,0.939710406085647,0.961237273010382,0.955311167730405,0.951184295698078,0.929248663754144,0.927263625332242,0.933056326361766,0.930258784969654,0.910139858052732,0.887196597761974,0.868519739976793,0.815249365343441,0.75207407243556,0.718595091477594,0,100000,2116.56069479244,98159.3365700842,4962104.41114387,49.6210441114387,2025,"Females","GMoH report",28.7355458885613
0,1,0.0221481,0.0120037,0.0131418,0.0128142,0.00829944,0.0091271,0.00954595,0.0144578,0.0154312,0.0150124,0.0154259,0.0174147,0.022007,0.0314336,0.0362423,0.055643,0.0682602,0.200749,0.132624339809,0.0217306387219532,0.0468891142778851,0.063618834985954,0.062082166747171,0.0406536927897819,0.0446174306224154,0.0466172355019016,0.069767295970784,0.0742900388800841,0.0723467539765077,0.0742654706892372,0.0834407604715407,0.104296848156547,0.145716977073645,0.166156743626191,0.24423945940133,0.291548160616683,1,0.978269361278047,0.953110885722115,0.936381165014046,0.937917833252829,0.959346307210218,0.955382569377585,0.953382764498098,0.930232704029216,0.925709961119916,0.927653246023492,0.925734529310763,0.916559239528459,0.895703151843453,0.854283022926355,0.833843256373809,0.75576054059867,0.708451839383317,0,100000,2173.06387219531,98115.1372892174,4917315.79116456,49.1731579116456,2025,"Females","GMoH report",29.1834320883544
0,1,0.0227208,0.0105513,0.0121693,0.0124328,0.00856176,0.00889651,0.0100331,0.0144234,0.0149517,0.0147917,0.0147019,0.018561,0.0225955,0.0259179,0.0374562,0.0551643,0.0689768,0.197833,0.134846925512,0.0222827879071536,0.0413329669320203,0.0590500068782415,0.060290064223796,0.041911705099371,0.0435147269904554,0.0489380003711896,0.0696070733457618,0.0720647728398269,0.0713210992408961,0.0709034610162143,0.0886895816858236,0.106936775237786,0.12170373679998,0.171245486976753,0.242392911746374,0.294158687593928,1,0.977717212092846,0.95866703306798,0.940949993121758,0.939709935776204,0.958088294900629,0.956485273009545,0.95106199962881,0.930392926654238,0.927935227160173,0.928678900759104,0.929096538983786,0.911310418314176,0.893063224762213,0.87829626320002,0.828754513023247,0.757607088253626,0.705841312406072,0,100000,2228.27879071537,98072.1977533962,4980498.82927139,49.8049882927139,2025,"Females","GMoH report",28.5516017072861
0,1,0.0223674,0.0114745,0.0126775,0.0124394,0.00840937,0.0094567,0.0106474,0.0153725,0.0146397,0.0155446,0.0145276,0.0169908,0.0232384,0.028466,0.0398828,0.0553644,0.0650292,0.198179,0.133475418986,0.0219421199827234,0.0448683169933203,0.061440228750053,0.0603211041428147,0.0411810825985701,0.0461914532110477,0.0518566536644333,0.0740178995961456,0.0706140777161473,0.0748155552977947,0.0700923171340099,0.0814924453968769,0.109812342169331,0.132874020342338,0.181333755263902,0.243165254025128,0.279677921300426,1,0.978057880017277,0.95513168300668,0.938559771249947,0.939678895857185,0.95881891740143,0.953808546788952,0.948143346335567,0.925982100403854,0.929385922283853,0.925184444702205,0.92990768286599,0.918507554603123,0.890187657830669,0.867125979657662,0.818666244736098,0.756834745974872,0.720322078699574,0,100000,2194.21199827234,98098.6613675412,4923039.53319413,49.2303953319413,2025,"Females","GMoH report",29.1261946680587
0,1,0.021514,0.0133721,0.0146098,0.0144666,0.00909059,0.0102189,0.0118269,0.0165812,0.0176643,0.0164268,0.0212427,0.0223139,0.0265965,0.0344314,0.0467453,0.0626595,0.0818816,0.204289,0.13016346746,0.0211187900761458,0.0520951567099186,0.0704749381225432,0.0698082788818206,0.0444429191099214,0.0498216927596461,0.0574362675191931,0.0796060888009349,0.0845861137760637,0.0788940577311547,0.100857296755528,0.10567447578685,0.124691599673228,0.15851248321369,0.209270472459363,0.27086658763086,0.339841156001806,1,0.978881209923854,0.947904843290081,0.929525061877457,0.930191721118179,0.955557080890079,0.950178307240354,0.942563732480807,0.920393911199065,0.915413886223936,0.921105942268845,0.899142703244472,0.89432552421315,0.875308400326772,0.84148751678631,0.790729527540637,0.72913341236914,0.660158843998194,0,100000,2111.87900761457,98163.0104868725,4610037.90308463,46.1003790308463,2025,"Females","GMoH report",32.2562109691537
0,1,0.0253375,0.0137849,0.0157978,0.0147896,0.00996534,0.0101956,0.012128,0.0194652,0.0182001,0.0194855,0.0201444,0.0238692,0.0268857,0.0409292,0.05004,0.0665001,0.0816976,0.222857,0.145002050375,0.0248002397446827,0.0536601990443861,0.075987896039854,0.071311334710417,0.048615524424577,0.04971091840088,0.0588555012035096,0.0928096061365758,0.0870401513533832,0.0929019000656757,0.0958927454465655,0.112625309883332,0.125962054948198,0.185649759643952,0.222380232868189,0.285102189688705,0.339207004560537,1,0.975199760255317,0.946339800955614,0.924012103960146,0.928688665289583,0.951384475575423,0.95028908159912,0.94114449879649,0.907190393863424,0.912959848646617,0.907098099934324,0.904107254553435,0.887374690116668,0.874037945051802,0.814350240356048,0.777619767131811,0.714897810311295,0.660792995439462,0,100000,2480.02397446828,97879.5845868088,4460915.79731137,44.6091579731137,2025,"Females","GMoH report",33.7474320268863
0,1,0.024546,0.0123564,0.0150505,0.0148925,0.00942196,0.0103429,0.0107968,0.0180517,0.0160577,0.0166065,0.0188749,0.0211029,0.0267245,0.032014,0.0420894,0.0606839,0.0712093,0.218957,0.14193032594,0.0240396721410279,0.0482336123838797,0.0725237049467475,0.0717896804593961,0.0460256699469662,0.0504110099139037,0.0525651611697073,0.0863610888318359,0.0771897743990798,0.079722711959607,0.0901218955826668,0.10022680917182,0.125254115946003,0.148208159920743,0.190411260708807,0.263451360032335,0.302240639138489,1,0.975960327858972,0.95176638761612,0.927476295053253,0.928210319540604,0.953974330053034,0.949588990086096,0.947434838830293,0.913638911168164,0.92281022560092,0.920277288040393,0.909878104417333,0.89977319082818,0.874745884053997,0.851791840079257,0.809588739291193,0.736548639967666,0.697759360861511,0,100000,2403.96721410278,97937.2286361439,4634861.22305323,46.3486122305323,2025,"Females","GMoH report",32.0079777694677
0,1,0.0237804,0.0125375,0.0143451,0.0140845,0.00947279,0.00937319,0.010552,0.0162658,0.0161944,0.0170663,0.018335,0.0202834,0.0256998,0.0319305,0.0410089,0.0617668,0.0724298,0.206031,0.138959116556,0.0233032451610632,0.0489232495183279,0.0692422813736665,0.0680271780276731,0.0462682270047785,0.0457928864369452,0.0514039634443384,0.0781510275405762,0.0778213258035187,0.0818397458629479,0.0876570212867678,0.0965224893488537,0.120741423886034,0.147850174970279,0.185977652605197,0.267523780401709,0.306626719990991,1,0.976696754838937,0.951076750481672,0.930757718626333,0.931972821972327,0.953731772995221,0.954207113563055,0.948596036555662,0.921848972459424,0.922178674196481,0.918160254137052,0.912342978713232,0.903477510651146,0.879258576113966,0.852149825029721,0.814022347394803,0.732476219598291,0.693373280009009,0,100000,2330.32451610632,97993.4953199406,4707263.97754243,47.0726397754243,2025,"Females","GMoH report",31.2839502245756
0,1,0.0237106,0.0128555,0.0146608,0.0143566,0.00938043,0.0107558,0.0113633,0.0167065,0.0173991,0.0168211,0.0196798,0.0211183,0.028714,0.0342056,0.0440021,0.0620134,0.0701426,0.210082,0.138688230434,0.0232360679355583,0.0501330296740505,0.0707122544499022,0.0692958673760717,0.0458274471009765,0.0523707760182571,0.0552470285997803,0.0801835344541062,0.0833691304078039,0.0807113651396246,0.0937848331037138,0.100296282541034,0.133954104601203,0.157554854198103,0.198206720193441,0.268448490887927,0.298388616560167,1,0.976763932064442,0.949866970325949,0.929287745550098,0.930704132623928,0.954172552899023,0.947629223981743,0.94475297140022,0.919816465545894,0.916630869592196,0.919288634860375,0.906215166896286,0.899703717458966,0.866045895398797,0.842445145801897,0.801793279806559,0.731551509112073,0.701611383439833,0,100000,2323.60679355582,97998.6501208668,4618191.52434214,46.1819152434214,2025,"Females","GMoH report",32.1746747565786
0,1,0.0246617,0.0140378,0.0153104,0.0145592,0.00960624,0.0105215,0.0114692,0.0185646,0.0173207,0.018597,0.0220487,0.0254328,0.0292557,0.0335585,0.0508831,0.0680966,0.0715744,0.214866,0.142379344913,0.0241508992241389,0.0546177732454695,0.0737299138186763,0.0702394253944913,0.0469047541853855,0.0512591910533309,0.0557475504849452,0.088706020528253,0.083009062335034,0.0888539573862211,0.104484150762696,0.119562008382993,0.136308964563546,0.154804945584045,0.225704179198555,0.290951055829075,0.303555069995318,1,0.975849100775861,0.945382226754531,0.926270086181324,0.929760574605509,0.953095245814615,0.948740808946669,0.944252449515055,0.911293979471747,0.916990937664966,0.911146042613779,0.895515849237304,0.880437991617007,0.863691035436454,0.845195054415955,0.774295820801445,0.709048944170925,0.696444930004682,0,100000,2415.0899224139,97928.7689986454,4498009.90229133,44.9800990229133,2025,"Females","GMoH report",33.3764909770867
0,1,0.0234618,0.0115853,0.0139075,0.0131918,0.00890236,0.00963875,0.010272,0.0164439,0.01566,0.0150431,0.0156717,0.0230549,0.025367,0.0294604,0.0387176,0.0596784,0.0688175,0.197069,0.137722665002,0.022996566165753,0.0452917626835642,0.0672010050554774,0.0638531548786786,0.0435427176306833,0.0470597569199691,0.050074097184307,0.078972942093761,0.0753500457104364,0.0724893390590037,0.0754042192432152,0.108992473553669,0.119271123523922,0.137197282915957,0.176503518436461,0.259652835547635,0.293579057948989,1,0.977003433834247,0.954708237316436,0.932798994944523,0.936146845121321,0.956457282369317,0.952940243080031,0.949925902815693,0.921027057906239,0.924649954289564,0.927510660940996,0.924595780756785,0.891007526446331,0.880728876476078,0.862802717084043,0.823496481563539,0.740347164452365,0.706420942051011,0,100000,2299.6566165753,98017.0582212489,4799403.89926577,47.9940389926577,2025,"Females","GMoH report",30.3625510073423
0,1,0.023641,0.0127989,0.0146258,0.0140114,0.00927128,0.00977368,0.0112332,0.0167604,0.015877,0.0168722,0.0198971,0.0216743,0.0265611,0.03352,0.0405616,0.0617025,0.0733944,0.206464,0.13841812049,0.0231690770123817,0.049917813786262,0.0705493965884419,0.0676860588863012,0.0453062819360303,0.0477028197613863,0.0546317758391103,0.0804318260564104,0.0763543066820238,0.0809466306460349,0.0947713142100767,0.102801142967451,0.124535969172998,0.154641077689611,0.184135884743473,0.267282503343603,0.310077178775245,1,0.976830922987618,0.950082186213738,0.929450603411558,0.932313941113699,0.95469371806397,0.952297180238614,0.94536822416089,0.91956817394359,0.923645693317976,0.919053369353965,0.905228685789923,0.897198857032549,0.875464030827002,0.845358922310389,0.815864115256527,0.732717496656397,0.689922821224755,0,100000,2316.90770123817,98003.794308116,4665338.83497949,46.6533883497949,2025,"Females","GMoH report",31.7032016502051
0,1,0.0223682,0.0114229,0.013137,0.0127963,0.00887623,0.00903126,0.0107598,0.0153759,0.015591,0.0156021,0.0153857,0.0179743,0.0236959,0.0290445,0.0405781,0.0592768,0.0688021,0.200916,0.133478523698,0.021942891344878,0.0446710540337556,0.063596337292472,0.0619981332197018,0.0434176865698454,0.0441592654801005,0.0523897421315328,0.0740336644470707,0.0750304987355356,0.0750819112800441,0.0740791028675277,0.0860067233798824,0.111853336319752,0.135391550293734,0.18420389029777,0.258131044285276,0.293523002563342,1,0.978057108655122,0.955328945966244,0.936403662707528,0.938001866780298,0.956582313430155,0.955840734519899,0.947610257868467,0.925966335552929,0.924969501264464,0.924918088719956,0.925920897132472,0.913993276620118,0.888146663680248,0.864608449706266,0.81579610970223,0.741868955714724,0.706476997436658,0,100000,2194.2891344878,98098.6013397502,4871684.18963587,48.7168418963587,2025,"Females","GMoH report",29.6397481036413
0,1,0.0226745,0.0117444,0.0135201,0.013137,0.00855915,0.00962477,0.0108621,0.0150679,0.0147422,0.0144764,0.0148654,0.0199697,0.0252847,0.0291848,0.0413419,0.0597486,0.0661087,0.208349,0.134667240305,0.0222381652343621,0.0458994763792237,0.0653902917899275,0.063596337292472,0.0418991962363345,0.046993105421823,0.0528746749821899,0.0726045063952187,0.0710909090032314,0.0698539168937001,0.0716637251503741,0.0951006703578853,0.118907169714782,0.136001088575364,0.187346363442945,0.259918572889618,0.283662158633812,1,0.977761834765638,0.954100523620776,0.934609708210072,0.936403662707528,0.958100803763666,0.953006894578177,0.94712532501781,0.927395493604781,0.928909090996769,0.9301460831063,0.928336274849626,0.904899329642115,0.881092830285218,0.863998911424636,0.812653636557055,0.740081427110382,0.716337841366188,0,100000,2223.81652343622,98075.6587107196,4848932.31715054,48.4893231715053,2025,"Females","GMoH report",29.8672668284946
0,1,0.0224675,0.0116965,0.013339,0.0132896,0.00886095,0.0100455,0.0104592,0.0144274,0.0141104,0.0144237,0.0152792,0.0199879,0.0250189,0.0308156,0.0410368,0.063535,0.0681508,0.204874,0.133863896075,0.0220386301760104,0.0457165526830846,0.064542663528,0.0643113206816721,0.0433445649431671,0.0489970015522668,0.0509634087870366,0.0696257052501837,0.0681480107720067,0.0696084707510695,0.073585192805226,0.0951832183736722,0.117730764443652,0.143057029504038,0.186092407708382,0.274132481905358,0.291148920390609,1,0.97796136982399,0.954283447316915,0.935457336472,0.935688679318328,0.956655435056833,0.951002998447733,0.949036591212963,0.930374294749816,0.931851989227993,0.930391529248931,0.926414807194774,0.904816781626328,0.882269235556348,0.856942970495962,0.813907592291618,0.725867518094642,0.708851079609391,0,100000,2203.86301760103,98091.1546723506,4849143.44038431,48.4914344038431,2025,"Females","GMoH report",29.8651555961569
0,1,0.0238429,0.012594,0.0141067,0.015665,0.00979497,0.0104537,0.0108467,0.017363,0.0173162,0.0180625,0.0192176,0.0243624,0.0277801,0.0353888,0.042564,0.0631425,0.0725514,0.21056,0.139201672181,0.0233633914260148,0.0491383043890486,0.068130749876783,0.075373197165987,0.0478042470848288,0.0509372920745994,0.0528016897786936,0.0832033505605432,0.0829883910569492,0.0864105247421139,0.091683173607215,0.114818843516768,0.129880281948599,0.162561829794427,0.192351840637738,0.272669858628824,0.307062469818098,1,0.976636608573985,0.950861695610951,0.931869250123217,0.924626802834013,0.952195752915171,0.949062707925401,0.947198310221306,0.916796649439457,0.917011608943051,0.913589475257886,0.908316826392785,0.885181156483232,0.870119718051401,0.837438170205573,0.807648159362262,0.727330141371176,0.692937530181902,0,100000,2336.33914260149,97988.8831728306,4588254.10572357,45.8825410572357,2025,"Females","GMoH report",32.4740489427643
0,1,0.0215114,0.0114688,0.0133842,0.0139364,0.00849996,0.00899393,0.0104059,0.0159294,0.0152463,0.0153233,0.0170727,0.0193128,0.0250647,0.0309708,0.0390324,0.0544429,0.0660418,0.194212,0.130153377146,0.0211162802174159,0.0448465282730833,0.0647542891092596,0.0673359482277954,0.0416154753111849,0.043980750521163,0.0507102846231012,0.0765966531820064,0.0734325627946595,0.0737897440379579,0.0818691801213553,0.0921164343182464,0.117933575759173,0.143725746616708,0.177811022603343,0.239602819188065,0.28341577944296,1,0.978883719782584,0.955153471726917,0.93524571089074,0.932664051772205,0.958384524688815,0.956019249478837,0.949289715376899,0.923403346817994,0.926567437205341,0.926210255962042,0.918130819878645,0.907883565681754,0.882066424240827,0.856274253383292,0.822188977396657,0.760397180811935,0.71658422055704,0,100000,2111.62802174159,98163.2074965642,4844160.02946736,48.4416002946736,2025,"Females","GMoH report",29.9149897053264
0,1,0.0245098,0.0128735,0.0144485,0.0149471,0.0099128,0.0102496,0.0118941,0.0174656,0.0161011,0.0170344,0.0184324,0.0220423,0.0275532,0.0348503,0.0427857,0.0670849,0.066523,0.21396,0.141789837722,0.0240048681736621,0.0502014629338424,0.069723982593736,0.0720434002310174,0.0483654084478455,0.0499676294626491,0.057753194328348,0.0836744392831409,0.0773903265336237,0.0816930210073797,0.0881021641727553,0.104455406484137,0.128887820275933,0.160286425006491,0.193256918640326,0.287249277379765,0.285186368089033,1,0.975995131826338,0.949798537066158,0.930276017406264,0.927956599768983,0.951634591552154,0.950032370537351,0.942246805671652,0.916325560716859,0.922609673466376,0.91830697899262,0.911897835827245,0.895544593515863,0.871112179724067,0.839713574993509,0.806743081359674,0.712750722620235,0.714813631910967,0,100000,2400.48681736621,97939.8778189219,4605402.79117729,46.0540279117729,2025,"Females","GMoH report",32.3025620882271
0,1,0.0245672,0.0122281,0.0141775,0.015399,0.00890291,0.00994565,0.0116657,0.0171539,0.0174714,0.0167758,0.0193788,0.0222947,0.0264117,0.0358544,0.0464545,0.0624033,0.0696469,0.197666,0.142012600808,0.0240600538120466,0.0477447449681109,0.0684609859299455,0.0741407658660709,0.0435453491881484,0.0485217979505332,0.0566755986714463,0.0822425488530732,0.0837010631147427,0.0805027547184841,0.0924166886833574,0.105588348610579,0.123878871053491,0.164524666953001,0.208104073315422,0.269908540877628,0.296592610320647,1,0.975939946187953,0.952255255031889,0.931539014070054,0.925859234133929,0.956454650811852,0.951478202049467,0.943324401328554,0.917757451146927,0.916298936885257,0.919497245281516,0.907583311316643,0.894411651389421,0.876121128946509,0.835475333046999,0.791895926684578,0.730091459122372,0.703407389679353,0,100000,2406.00538120467,97935.6777005382,4626559.72775409,46.2655972775409,2025,"Females","GMoH report",32.090992722459
0,1,0.0223547,0.011445,0.0131933,0.0125475,0.00894382,0.00984697,0.0100242,0.0159307,0.0152771,0.0153801,0.0155822,0.0167088,0.0246154,0.0324851,0.0450166,0.0600254,0.0717687,0.202173,0.133426131683,0.0219298744963862,0.0447555455620839,0.0638601835992984,0.0608293590435041,0.0437410693723162,0.0480519350917734,0.0488956505494066,0.0766026648189229,0.0735754511866896,0.074053138318374,0.0749897372890369,0.0801941307694966,0.115942097248475,0.150225290998464,0.202314250749298,0.260965590160891,0.3042537582506,1,0.978070125503614,0.955244454437916,0.936139816400702,0.939170640956496,0.956258930627684,0.951948064908227,0.951104349450593,0.923397335181077,0.92642454881331,0.925946861681626,0.925010262710963,0.919805869230503,0.884057902751525,0.849774709001536,0.797685749250702,0.739034409839109,0.6957462417494,0,100000,2192.98744963862,98099.614382596,4850456.59467518,48.5045659467518,2025,"Females","GMoH report",29.8520240532482
0,1,0.0232912,0.0121341,0.0146097,0.0135521,0.00843765,0.00939326,0.0108444,0.0146033,0.0155798,0.0167014,0.0151194,0.0209716,0.0272198,0.0307639,0.0425236,0.0595978,0.0696114,0.201738,0.137060585168,0.0228322960897287,0.0473864169560277,0.0704744727390604,0.0655399887946404,0.041316710151476,0.0458886890321546,0.0527907889215479,0.0704446877292101,0.0749786202313009,0.0801600378592441,0.0728436204137894,0.0996342746161499,0.127427614544082,0.142834160429878,0.192186812183576,0.25934762960136,0.296463842232109,1,0.977167703910271,0.952613583043972,0.92952552726094,0.93446001120536,0.958683289848524,0.954111310967845,0.947209211078452,0.92955531227079,0.925021379768699,0.919839962140756,0.927156379586211,0.90036572538385,0.872572385455918,0.857165839570122,0.807813187816424,0.74065237039864,0.703536157767891,0,100000,2283.22960897288,98029.7111773058,4775386.39418858,47.7538639418858,2025,"Females","GMoH report",30.6027260581142
0,1,0.0232919,0.0136834,0.0166515,0.0153816,0.0100101,0.0102202,0.0116668,0.0193258,0.0172068,0.0176826,0.0222252,0.0246368,0.0312763,0.0417212,0.0499071,0.0710224,0.0847592,0.219803,0.137063301791,0.0228329701933259,0.0532756168488217,0.0799301094559842,0.0740600931769727,0.0488285532478346,0.0498278729326347,0.0566807913584481,0.0921755828045877,0.0824857121216624,0.0846700341359683,0.10527652068138,0.116037046247523,0.145040661868041,0.188902864521784,0.221855134093238,0.301566974309502,0.349696096536177,1,0.977167029806674,0.946724383151178,0.920069890544016,0.925939906823027,0.951171446752165,0.950172127067365,0.943319208641552,0.907824417195412,0.917514287878338,0.915329965864032,0.89472347931862,0.883962953752477,0.854959338131959,0.811097135478216,0.778144865906762,0.698433025690498,0.650303903463823,0,100000,2283.29701933259,98029.6592091067,4438402.51676515,44.3840251676515,2025,"Females","GMoH report",33.9725648323485
0,1,0.0214056,0.012118,0.0134482,0.0128735,0.00909423,0.0091703,0.0110946,0.015773,0.0151076,0.0165478,0.0155398,0.0193886,0.0237706,0.0296688,0.040496,0.0593433,0.0665368,0.196714,0.129742778984,0.0210141406453401,0.0473250305593633,0.0650538568072131,0.0623605050941753,0.0444603190810098,0.0448238789570015,0.0539758975184787,0.0758731326950042,0.0727888383638363,0.0794521060968273,0.0747933170300414,0.0924612638493273,0.112186168648793,0.138100788328126,0.183865460753333,0.25838321795485,0.285237091693517,1,0.97898585935466,0.952674969440637,0.934946143192787,0.937639494905825,0.95553968091899,0.955176121042999,0.946024102481521,0.924126867304996,0.927211161636164,0.920547893903173,0.925206682969959,0.907538736150673,0.887813831351208,0.861899211671874,0.816134539246667,0.74161678204515,0.714762908306483,0,100000,2101.41406453401,98171.2292359947,4831729.33472524,48.3172933472524,2025,"Females","GMoH report",30.0392966527476
0,1,0.0231344,0.0115487,0.013075,0.0134206,0.00868834,0.00958525,0.0101972,0.0153823,0.0141169,0.0153499,0.016918,0.0183552,0.0245975,0.0289496,0.0407177,0.0583648,0.0668608,0.200569,0.136452061616,0.0226812810020757,0.0451519083129329,0.0633056950916904,0.064924679611998,0.0425181692240107,0.046804663986313,0.049718525626211,0.0740633387604623,0.0681783332194364,0.0739131031450832,0.0811574458286762,0.0877493574837841,0.115862669940355,0.134979027839168,0.184779054710079,0.254665279707342,0.286427132027362,1,0.977318718997924,0.954848091687067,0.93669430490831,0.935075320388002,0.957481830775989,0.953195336013687,0.950281474373789,0.925936661239538,0.931821666780564,0.926086896854917,0.918842554171324,0.912250642516216,0.884137330059645,0.865020972160832,0.815220945289921,0.745334720292658,0.713572867972638,0,100000,2268.12810020757,98041.3626550749,4860404.13237617,48.6040413237617,2025,"Females","GMoH report",29.7525486762383
0,1,0.0214794,0.0114502,0.0123277,0.0130041,0.00864033,0.00921391,0.0103382,0.0150496,0.0149411,0.0150865,0.0152181,0.0182971,0.0231277,0.0286124,0.0389989,0.0550383,0.070072,0.193864,0.130029188666,0.0210853889123257,0.0447754248605241,0.0597956431256013,0.0629732247210137,0.0422881902038401,0.0450322424279272,0.0503886793869057,0.0725195253772079,0.0720155222030308,0.072690872866258,0.0733017178201047,0.0874837525768168,0.109317825327909,0.133511769608159,0.177671971387628,0.241906230750247,0.298133051957998,1,0.978914611087674,0.955224575139476,0.940204356874399,0.937026775278986,0.95771180979616,0.954967757572073,0.949611320613094,0.927480474622792,0.927984477796969,0.927309127133742,0.926698282179895,0.912516247423183,0.890682174672091,0.866488230391841,0.822328028612372,0.758093769249753,0.701866948042002,0,100000,2108.53889123257,98165.6327100651,4922061.82677931,49.2206182677931,2025,"Females","GMoH report",29.1359717322069
0,1,0.0234759,0.0122697,0.0144671,0.0153084,0.00895214,0.00989594,0.0109511,0.0160684,0.0158259,0.0165284,0.0176681,0.0228071,0.0274214,0.0337057,0.0436391,0.0624074,0.0730836,0.208831,0.137777385551,0.0230101413316098,0.0479032821968584,0.0698106074040618,0.0737206374828922,0.0437808688322306,0.0482851330510861,0.0532963654313129,0.0772392231661909,0.0761179137711239,0.0793626557036687,0.0846035404667007,0.107884186429225,0.128310842648496,0.155431205999829,0.19673243408888,0.269923880975953,0.308966956368811,1,0.97698985866839,0.952096717803142,0.930189392595938,0.926279362517108,0.956219131167769,0.951714866948914,0.946703634568687,0.922760776833809,0.923882086228876,0.920637344296331,0.915396459533299,0.892115813570775,0.871689157351504,0.844568794000171,0.80326756591112,0.730076119024047,0.691033043631189,0,100000,2301.01413316098,98016.0135782218,4670153.22910439,46.7015322910439,2025,"Females","GMoH report",31.6550577089561
0,1,0.0215933,0.0104814,0.0134517,0.012735,0.00855691,0.00925204,0.0104161,0.0148929,0.015653,0.0149568,0.0155179,0.0215809,0.025162,0.0310491,0.040552,0.0584951,0.0688217,0.195741,0.130471222037,0.0211953364526089,0.0410647674920183,0.0650702367410752,0.0617102983754709,0.0418884605329524,0.0452143867138695,0.0507587299815967,0.071791539455122,0.0753176327369224,0.0720884680043802,0.0746918484137506,0.102380824178704,0.118364294080844,0.144062938537628,0.184096315531424,0.255161287437968,0.2935943451423,1,0.978804663547391,0.958935232507982,0.934929763258925,0.938289701624529,0.958111539467048,0.95478561328613,0.949241270018403,0.928208460544878,0.924682367263078,0.92791153199562,0.925308151586249,0.897619175821295,0.881635705919156,0.855937061462372,0.815903684468576,0.744838712562032,0.7064056548577,0,100000,2119.53364526089,98157.0044995848,4876189.17028782,48.7618917028782,2025,"Females","GMoH report",29.5946982971218
0,1,0.0256198,0.0141713,0.0163455,0.016011,0.0103113,0.0104528,0.0120124,0.016974,0.018545,0.0192508,0.0215301,0.0262802,0.0304768,0.0358347,0.0506455,0.0647688,0.0726158,0.224721,0.146097625622,0.0250713195545183,0.0551228744194785,0.0785189223853746,0.0769739261702215,0.0502608629106729,0.0509330183641091,0.058310866371983,0.0814151481866975,0.0886165167425247,0.0918342910735054,0.102152135754956,0.123300120437215,0.141595551723113,0.164441702324299,0.224768692908284,0.278714061701216,0.307293154397293,1,0.974928680445482,0.944877125580522,0.921481077614625,0.923026073829779,0.949739137089327,0.949066981635891,0.941689133628017,0.918584851813303,0.911383483257475,0.908165708926495,0.897847864245044,0.876699879562785,0.858404448276887,0.835558297675701,0.775231307091716,0.721285938298784,0.692706845602707,0,100000,2507.13195545183,97859.1540703607,4424822.76334614,44.2482276334614,2025,"Females","GMoH report",34.1083623665386
0,1,0.0233491,0.0135057,0.0150765,0.0153344,0.00933265,0.0109541,0.01092,0.0178819,0.0171957,0.0169945,0.0194402,0.0235859,0.0316172,0.0368759,0.0464705,0.0702383,0.0714092,0.206104,0.137285288699,0.0228880519603721,0.0526019477485839,0.0726444402417386,0.0738412228796844,0.0455993432236593,0.053310576533973,0.0531490314416431,0.0855835105564515,0.0824346943173192,0.081509468350302,0.0926959313866434,0.11136300806991,0.14650574629556,0.168816361808926,0.208168288834313,0.298734918019226,0.302960570137367,1,0.977111948039628,0.947398052251416,0.927355559758261,0.926158777120316,0.954400656776341,0.946689423466027,0.946850968558357,0.914416489443548,0.917565305682681,0.918490531649698,0.907304068613357,0.88863699193009,0.85349425370444,0.831183638191074,0.791831711165687,0.701265081980774,0.697039429862633,0,100000,2288.80519603721,98025.4140860765,4540548.82730326,45.4054882730326,2025,"Females","GMoH report",32.9511017269674
0,1,0.0241355,0.0129991,0.0144765,0.0143274,0.00893274,0.0107043,0.0116457,0.0179725,0.0165039,0.0177386,0.0191288,0.0220541,0.0300777,0.0371429,0.0465306,0.0634215,0.0741205,0.217694,0.140337220595,0.023644906239885,0.0506788413468951,0.0698543825765755,0.069159799713946,0.0436880646924969,0.0521265543117031,0.0565811813411388,0.0859984807612941,0.0792496780942507,0.0849267939328566,0.0912788622495042,0.104508403069654,0.139871004704499,0.169934819941031,0.208409457268998,0.273709786878684,0.312665240165738,1,0.976355093760115,0.949321158653105,0.930145617423424,0.930840200286054,0.956311935307503,0.947873445688297,0.943418818658861,0.914001519238706,0.920750321905749,0.915073206067143,0.908721137750496,0.895491596930346,0.860128995295501,0.830065180058969,0.791590542731002,0.726290213121316,0.687334759834262,0,100000,2364.4906239885,97967.335418305,4589403.76708372,45.8940376708372,2025,"Females","GMoH report",32.4625523291628
0,1,0.0208762,0.0105751,0.0120359,0.0116245,0.00812911,0.00922834,0.00974827,0.0143085,0.0139431,0.0137378,0.0152517,0.0173781,0.0226543,0.0266997,0.0373117,0.0529372,0.0624819,0.19285,0.127688235818,0.0205028320523022,0.0414242684376892,0.0584216084083935,0.0564810889536458,0.0398359724940963,0.045101177499095,0.0475817506197159,0.069071718296873,0.0673672299405401,0.0664082421282271,0.073457616187965,0.0832726968664623,0.10720013968863,0.12514515477747,0.170641215407683,0.233750727473919,0.270202574414264,1,0.979497167947698,0.958575731562311,0.941578391591607,0.943518911046354,0.960164027505904,0.954898822500905,0.952418249380284,0.930928281703127,0.93263277005946,0.933591757871773,0.926542383812035,0.916727303133538,0.89279986031137,0.87485484522253,0.829358784592317,0.766249272526081,0.729797425585736,0,100000,2050.28320523023,98211.5138401729,5043688.41913057,50.4368841913057,2025,"Females","GMoH report",27.9197058086943
0,1,0.0224673,0.0121249,0.0141018,0.0130872,0.00875576,0.00939353,0.0105632,0.0168851,0.0166202,0.0152796,0.0174904,0.0196715,0.024502,0.0304861,0.0423307,0.0560183,0.0651647,0.212757,0.133863119897,0.0220384373615012,0.0473513394876914,0.068107890378646,0.0633628928710451,0.0428410354388645,0.0458899777922724,0.0514571203653908,0.0810060134075312,0.0797858577188528,0.0735870483404434,0.0837882739339635,0.0937471331743995,0.115438796519215,0.141635699735717,0.191398426561846,0.245684438541173,0.280179041960837,1,0.977961562638499,0.952648660512309,0.931892109621354,0.936637107128955,0.957158964561135,0.954110022207728,0.948542879634609,0.918993986592469,0.920214142281147,0.926412951659557,0.916211726066037,0.9062528668256,0.884561203480785,0.858364300264283,0.808601573438154,0.754315561458827,0.719820958039163,0,100000,2203.84373615011,98091.1696621364,4779104.96038947,47.7910496038946,2025,"Females","GMoH report",30.5655403961053
0,1,0.0237121,0.0130055,0.0140428,0.0140587,0.00986275,0.0107587,0.0113953,0.0161462,0.0171646,0.0176873,0.0195193,0.0202752,0.0261104,0.035959,0.0482604,0.0625311,0.0710429,0.21021,0.138694051769,0.0232375116374636,0.050703160102572,0.0678326008808751,0.0679067967899238,0.0481270864454015,0.0523845264872053,0.0553982993971978,0.0775986900757474,0.0822917380813233,0.0846915862656107,0.0930555519138214,0.0964853505512578,0.122552277531832,0.164965054053248,0.215323057758392,0.270386575086519,0.301640890882762,1,0.976762488362536,0.949296839897428,0.932167399119125,0.932093203210076,0.951872913554598,0.947615473512795,0.944601700602802,0.922401309924253,0.917708261918677,0.915308413734389,0.906944448086179,0.903514649448742,0.877447722468168,0.835034945946752,0.784676942241608,0.729613424913481,0.698359109117238,0,100000,2323.75116374636,97998.5393004566,4627976.4777059,46.279764777059,2025,"Females","GMoH report",32.076825222941
0,1,0.0227307,0.0117431,0.0126456,0.0130233,0.00894852,0.00963045,0.0104241,0.0149937,0.0152376,0.0154237,0.0154714,0.0199978,0.0235821,0.0321391,0.0406219,0.0608889,0.0663338,0.192029,0.134885346323,0.0222923288947092,0.0458945123051,0.0612903663579595,0.0630632702803934,0.0437635524393144,0.0470201861214175,0.0507967246562763,0.0722598921381216,0.0733921976237219,0.0742552723881666,0.0744763658822244,0.0952281178615697,0.111346064906898,0.148744235363104,0.184384389427761,0.264223764121896,0.284490637393215,1,0.977707671105291,0.9541054876949,0.938709633642041,0.936936729719607,0.956236447560686,0.952979813878583,0.949203275343724,0.927740107861878,0.926607802376278,0.925744727611833,0.925523634117776,0.90477188213843,0.888653935093102,0.851255764636896,0.815615610572239,0.735776235878104,0.715509362606785,0,100000,2229.23288947092,98071.45796086,4857447.58055359,48.5744758055359,2025,"Females","GMoH report",29.7821141944641
0,1,0.0261737,0.0149788,0.0174318,0.0161089,0.010312,0.011044,0.012237,0.0198539,0.0190759,0.0181909,0.0252058,0.0303051,0.0350012,0.0449669,0.0512518,0.0780305,0.0805104,0.22165,0.148247250593,0.0256029207502031,0.0581724917608259,0.0835192718906418,0.0774263660306232,0.0502641892023631,0.053736339661934,0.0593687611737908,0.0945752796389411,0.0910379241564595,0.0869980671506721,0.118558119385954,0.140854012652883,0.160924613541296,0.202113460574258,0.227153886145163,0.326466616669857,0.335103673094276,1,0.974397079249797,0.941827508239174,0.916480728109358,0.922573633969377,0.949735810797637,0.946263660338066,0.940631238826209,0.905424720361059,0.90896207584354,0.913001932849328,0.881441880614046,0.859145987347117,0.839075386458704,0.797886539425742,0.772846113854837,0.673533383330143,0.664896326905724,0,100000,2560.2920750203,97819.2641858165,4280217.32834606,42.8021732834606,2025,"Females","GMoH report",35.5544167165394
0,1,0.023693,0.0121353,0.0130013,0.0130832,0.00868552,0.00983275,0.0100889,0.0160278,0.015039,0.0150812,0.0156767,0.0194989,0.0248008,0.0289697,0.039945,0.0596998,0.069184,0.19538,0.13861992677,0.0232191282856354,0.047390992185073,0.0629600923774332,0.0633441398730328,0.0425046622645207,0.0479842081922443,0.0492034775874207,0.0770515816491109,0.0724702979719978,0.0726662638539158,0.0754273693954941,0.0929628182576879,0.116764375208333,0.13506641611284,0.181590880678267,0.259733852396716,0.294912017460101,1,0.976780871714365,0.952609007814927,0.937039907622567,0.936655860126967,0.957495337735479,0.952015791807756,0.950796522412579,0.922948418350889,0.927529702028002,0.927333736146084,0.924572630604506,0.907037181742312,0.883235624791667,0.86493358388716,0.818409119321733,0.740266147603284,0.705087982539899,0,100000,2321.91282856354,97999.9505576983,4840998.45846513,48.4099845846513,2025,"Females","GMoH report",29.9466054153487
0,1,0.0268618,0.0140612,0.0163521,0.0153703,0.0105893,0.0118203,0.0114451,0.019437,0.0180331,0.0213263,0.024813,0.0278146,0.0334843,0.0410906,0.0509653,0.0681666,0.0840302,0.219042,0.150917691002,0.0262628012035406,0.054706326795331,0.0785493816411638,0.0740076986727265,0.051580983722664,0.0574051352009602,0.055633667772444,0.0926813800403875,0.0862759432207641,0.101234126613981,0.116818458945465,0.130031092908003,0.154489101450733,0.18631365075565,0.226027590149397,0.291206591841451,0.347210566613405,1,0.973737198796459,0.945293673204669,0.921450618358836,0.925992301327274,0.948419016277336,0.94259486479904,0.944366332227556,0.907318619959612,0.913724056779236,0.898765873386019,0.883181541054535,0.869968907091997,0.845510898549267,0.81368634924435,0.773972409850603,0.708793408158549,0.652789433386594,0,100000,2626.28012035406,97770.0720113342,4339032.0918139,43.390320918139,2025,"Females","GMoH report",34.966269081861
0,1,0.0241079,0.0113254,0.0134269,0.0140463,0.00885115,0.0100914,0.010877,0.0153845,0.0153213,0.0154215,0.0166124,0.0207351,0.0241354,0.0311909,0.0444593,0.0602742,0.0711129,0.20331,0.140230108031,0.0236183565010221,0.0442982101026078,0.0649541672300472,0.0678489338028138,0.0432976646879922,0.049215370037021,0.0529452853286993,0.0740735390945016,0.0737804682784148,0.0742450739790791,0.0797499066278392,0.0985660573600824,0.113809882410193,0.14467327580429,0.200060162989052,0.261905620606152,0.301893240452554,1,0.976381643498978,0.955701789897392,0.935045832769953,0.932151066197186,0.956702335312008,0.950784629962979,0.947054714671301,0.925926460905498,0.926219531721585,0.925754926020921,0.920250093372161,0.901433942639918,0.886190117589807,0.85532672419571,0.799939837010948,0.738094379393848,0.698106759547446,0,100000,2361.83565010221,97969.3648182631,4784423.40569545,47.8442340569545,2025,"Females","GMoH report",30.5123559430455
0,1,0.0243408,0.0132272,0.0170144,0.0162875,0.0100362,0.0106806,0.0125228,0.0183818,0.0190026,0.0199099,0.0229893,0.0272169,0.0353304,0.0396601,0.0507829,0.0739546,0.0832916,0.225777,0.141133967312,0.0238423637897553,0.051545202592536,0.0816010190535387,0.0782512085998258,0.0489527510010092,0.0520141443252981,0.0607132502736818,0.0878709351123782,0.0907039717653304,0.0948293907812128,0.108699203502311,0.127414903296195,0.162315335662292,0.180412550513453,0.225309788814083,0.312074616429506,0.344684658289116,1,0.976157636210245,0.948454797407464,0.918398980946461,0.921748791400174,0.951047248998991,0.947985855674702,0.939286749726318,0.912129064887622,0.90929602823467,0.905170609218787,0.891300796497689,0.872585096703805,0.837684664337708,0.819587449486547,0.774690211185917,0.687925383570494,0.655315341710884,0,100000,2384.23637897552,97952.2603601989,4361286.5090157,43.612865090157,2025,"Females","GMoH report",34.743724909843
0,1,0.0218049,0.0107102,0.0126533,0.0125873,0.00815949,0.00902222,0.00984527,0.0142574,0.014955,0.0139219,0.0154464,0.016821,0.0253134,0.0273117,0.0369361,0.0570193,0.0706914,0.193978,0.131292418361,0.0213995480080061,0.0419423774970619,0.0613265421602105,0.0610164200400739,0.0399818708123141,0.0441160384880802,0.0480438385930378,0.0688335320020837,0.0720801050716343,0.067268245531343,0.0743604951204295,0.0807109046809062,0.119034105203363,0.127830340241093,0.169068657865532,0.249526879937018,0.300372600816586,1,0.978600451991994,0.958057622502938,0.93867345783979,0.938983579959926,0.960018129187686,0.95588396151192,0.951956161406962,0.931166467997916,0.927919894928366,0.932731754468657,0.92563950487957,0.919289095319094,0.880965894796637,0.872169659758907,0.830931342134468,0.750473120062982,0.699627399183414,0,100000,2139.95480080061,98141.0050401797,4973336.54570253,49.7333654570253,2025,"Females","GMoH report",28.6232245429747
0,1,0.0255336,0.0142197,0.0177977,0.0175997,0.0103531,0.0116124,0.0127454,0.019395,0.0197085,0.0208482,0.0266282,0.0276481,0.0364402,0.0400654,0.0586978,0.0752293,0.079105,0.23385,0.145763092904,0.0249885560257551,0.0553059324642755,0.0851976925674794,0.0842898115108799,0.0504594701490009,0.0564239561296015,0.0617591377154052,0.0924903730373514,0.0939151816081876,0.0990770543868312,0.124830941789596,0.129303041449266,0.166988283847363,0.182088389589366,0.255932337150952,0.316602111864736,0.330219889168345,1,0.975011443974245,0.944694067535724,0.914802307432521,0.91571018848912,0.949540529850999,0.943576043870399,0.938240862284595,0.907509626962649,0.906084818391812,0.900922945613169,0.875169058210404,0.870696958550734,0.833011716152637,0.817911610410634,0.744067662849048,0.683397888135264,0.669780110831655,0,100000,2498.85560257551,97865.3853187764,4236380.63656319,42.3638063656319,2025,"Females","GMoH report",35.9927836343681
0,1,0.0248581,0.0131973,0.0155778,0.0146787,0.00962637,0.0105371,0.0112192,0.0170209,0.0164232,0.0181513,0.020931,0.0239663,0.0281977,0.0379626,0.0481867,0.0644936,0.0769745,0.206905,0.143141551709,0.0243396681594996,0.051431681343608,0.0749693559184345,0.0707955339881214,0.0470007338638867,0.051333241258829,0.0545655455776384,0.0816309206564947,0.078877449671392,0.0868169009638377,0.0994509789015302,0.113057570849381,0.131704117046869,0.173360008366011,0.215029584769026,0.277694245948706,0.322761489345866,1,0.9756603318405,0.948568318656392,0.925030644081565,0.929204466011879,0.952999266136113,0.948666758741171,0.945434454422362,0.918369079343505,0.921122550328608,0.913183099036162,0.90054902109847,0.886942429150619,0.868295882953131,0.826639991633989,0.784970415230974,0.722305754051294,0.677238510654134,0,100000,2433.96681594996,97914.4349708933,4543683.73861535,45.4368373861534,2025,"Females","GMoH report",32.9197526138465
0,1,0.0241293,0.0134026,0.014813,0.0155698,0.0100985,0.011089,0.0112621,0.0197306,0.0181983,0.0185206,0.0214904,0.0278067,0.0309498,0.0406312,0.0561371,0.0739797,0.0749755,0.222044,0.140313159077,0.0236389422519782,0.0522108769998438,0.0714201338916572,0.0749322977752474,0.049249143803257,0.0539493880887107,0.0547684797602308,0.0940155423502599,0.0870319176333333,0.0885050819481765,0.101973378278604,0.129996561531178,0.143635291163843,0.184422709966975,0.246141346538135,0.312164001960421,0.315702599397232,1,0.976361057748022,0.947789123000156,0.928579866108343,0.925067702224753,0.950750856196743,0.946050611911289,0.945231520239769,0.90598445764974,0.912968082366667,0.911494918051823,0.898026621721396,0.870003438468822,0.856364708836157,0.815577290033025,0.753858653461865,0.687835998039579,0.684297400602768,0,100000,2363.89422519782,97967.7912412636,4433722.5393646,44.337225393646,2025,"Females","GMoH report",34.019364606354
0,1,0.0219139,0.0118498,0.0125857,0.012586,0.0087613,0.00922508,0.0103157,0.0152631,0.0147533,0.0139868,0.0149848,0.0178208,0.021875,0.0279506,0.0378675,0.0559039,0.0642462,0.190024,0.131715435371,0.0215047189363359,0.0463018643359829,0.0610089006962675,0.0610103105776735,0.0428675610925007,0.0450856042352047,0.0502817708413302,0.0735105045451907,0.0711425321992616,0.0675712365708279,0.0722185487275678,0.0853035559742358,0.103703703703704,0.130625357225811,0.172963282271463,0.245244228005069,0.276776417340627,1,0.978495281063664,0.953698135664017,0.938991099303732,0.938989689422327,0.957132438907499,0.954914395764795,0.94971822915867,0.926489495454809,0.928857467800738,0.932428763429172,0.927781451272432,0.914696444025764,0.896296296296296,0.869374642774189,0.827036717728537,0.754755771994931,0.723223582659373,0,100000,2150.47189363358,98132.7784480895,4939155.74812537,49.3915574812536,2025,"Females","GMoH report",28.9650325187463
0,1,0.025549,0.0121814,0.0137351,0.0140577,0.00915078,0.00945391,0.0110757,0.017041,0.0149536,0.0169007,0.016775,0.0209601,0.0262475,0.0299236,0.0425925,0.0622037,0.0757778,0.193616,0.14582285861,0.0250033427551767,0.0475667410023089,0.0663956236732151,0.0679021305484719,0.044730600293613,0.0461781400499998,0.0538864252983088,0.0817233797156634,0.0720736005182266,0.0810778202099445,0.0804990702417372,0.0995823594682726,0.123156147543387,0.139204267921091,0.192468241102142,0.269161410867113,0.318542815574833,1,0.974996657244823,0.952433258997691,0.933604376326785,0.932097869451528,0.955269399706387,0.95382185995,0.946113574701691,0.918276620284337,0.927926399481773,0.918922179790056,0.919500929758263,0.900417640531727,0.876843852456613,0.860795732078909,0.807531758897858,0.730838589132887,0.681457184425166,0,100000,2500.33427551767,97864.2716160189,4728377.55784552,47.2837755784552,2025,"Females","GMoH report",31.0728144215448
0,1,0.0252824,0.0125813,0.0146874,0.015472,0.00905895,0.0108731,0.011972,0.0169848,0.0167609,0.0176901,0.0191545,0.0226871,0.0295358,0.0343823,0.0449436,0.0672728,0.0768235,0.218806,0.144788213336,0.0247473182735111,0.049089968752274,0.0708360080388264,0.0744791466091578,0.0442916601629178,0.0529268039207239,0.0581204547881895,0.0814648399653896,0.0804341290173814,0.0847044256016602,0.0913958933996891,0.107347018633878,0.137524276207012,0.158304332381867,0.202019312110569,0.287938009659454,0.322230343093409,1,0.975252681726489,0.950910031247726,0.929163991961174,0.925520853390842,0.955708339837082,0.947073196079276,0.94187954521181,0.91853516003461,0.919565870982619,0.91529557439834,0.908604106600311,0.892652981366122,0.862475723792988,0.841695667618133,0.797980687889431,0.712061990340546,0.677769656906591,0,100000,2474.7318273511,97883.5801724168,4570234.01949404,45.7023401949404,2025,"Females","GMoH report",32.6542498050596
0,1,0.0233204,0.0127366,0.0151732,0.0148401,0.00922387,0.0104288,0.0118268,0.0185604,0.0170636,0.0172523,0.0188027,0.0222228,0.0280961,0.0344333,0.0507285,0.0706736,0.079531,0.220764,0.137173907156,0.0228604153052448,0.0496808692806404,0.0730933499561147,0.071546121023498,0.0450798239115426,0.0508190458369393,0.0574357958248468,0.0886868418512597,0.0818273280142405,0.0826948107895391,0.0897926398277757,0.105265750688973,0.131260714591887,0.158520536984619,0.225095595241925,0.300308324070014,0.331703268401834,1,0.977139584694755,0.95031913071936,0.926906650043885,0.928453878976502,0.954920176088457,0.949180954163061,0.942564204175153,0.91131315814874,0.918172671985759,0.917305189210461,0.910207360172224,0.894734249311027,0.868739285408113,0.841479463015381,0.774904404758075,0.699691675929986,0.668296731598166,0,100000,2286.04153052447,98027.5437181385,4563234.16470494,45.6323416470494,2025,"Females","GMoH report",32.7242483529506
0,1,0.0221254,0.0120304,0.0135057,0.0122061,0.00825935,0.00935542,0.00992993,0.0144999,0.0146674,0.014692,0.0152133,0.0173295,0.0223496,0.0293138,0.0384351,0.0568805,0.0644693,0.201027,0.132536243606,0.0217087444456792,0.0469909599117552,0.0653229205788457,0.0592232866034733,0.0404612901088487,0.0457080548731955,0.0484469626309062,0.0699633461913984,0.0707429617085886,0.0708574074252698,0.0732794445649983,0.0830494848794538,0.105834597688739,0.13656118205378,0.175328572005298,0.248995087336842,0.277604138745015,1,0.978291255554321,0.953009040088245,0.934677079421154,0.940776713396527,0.959538709891151,0.954291945126804,0.951553037369094,0.930036653808602,0.929257038291411,0.92914259257473,0.926720555435002,0.916950515120546,0.894165402311261,0.86343881794622,0.824671427994702,0.751004912663158,0.722395861254985,0,100000,2170.87444456792,98116.8450996554,4925505.73500517,49.2550573500518,2025,"Females","GMoH report",29.1015326499482
0,1,0.0246289,0.0138129,0.0149983,0.0145693,0.00920776,0.00976154,0.0107703,0.0178081,0.016928,0.0168545,0.0200065,0.0218135,0.0274577,0.036753,0.0460166,0.0630219,0.0760289,0.220604,0.142252051721,0.0241193689616757,0.0537662639454946,0.0722812599473299,0.070286439444503,0.0450028611383127,0.0476449790773434,0.0524395264214574,0.0852453554634293,0.0812034691841277,0.0808651459921867,0.0952675732399379,0.103427225539249,0.128469787770813,0.16830107635208,0.206344786270287,0.272219953311064,0.319429765713804,1,0.975880631038324,0.946233736054505,0.92771874005267,0.929713560555497,0.954997138861687,0.952355020922657,0.947560473578543,0.914754644536571,0.918796530815872,0.919134854007813,0.904732426760062,0.896572774460751,0.871530212229187,0.83169892364792,0.793655213729713,0.727780046688936,0.680570234286196,0,100000,2411.93689616756,97931.1660759339,4586560.63156391,45.8656063156391,2025,"Females","GMoH report",32.4909836843609
0,1,0.023646,0.0130289,0.0139273,0.0142751,0.00924132,0.00992771,0.0113529,0.0184521,0.0162488,0.0168375,0.0189433,0.0226571,0.0257046,0.0345579,0.0417268,0.0698856,0.0705847,0.209479,0.13843752494,0.0231738897847069,0.0507920703882374,0.0672934595036375,0.0689160415385815,0.0451631814695544,0.0484363938217302,0.0551978605231664,0.0881921730109611,0.078072537386294,0.0807868773802741,0.0904337174028084,0.107212679025148,0.120762613323887,0.159048541057475,0.188925824740541,0.297457934441915,0.299987228654055,1,0.976826110215293,0.949207929611763,0.932706540496362,0.931083958461419,0.954836818530446,0.95156360617827,0.944802139476834,0.911807826989039,0.921927462613706,0.919213122619726,0.909566282597192,0.892787320974852,0.879237386676113,0.840951458942525,0.811074175259459,0.702542065558085,0.700012771345945,0,100000,2317.38897847068,98003.424616032,4639459.55854086,46.3945955854086,2025,"Females","GMoH report",31.9619944145914
0,1,0.022361,0.0114219,0.012348,0.0135378,0.00856902,0.00915897,0.0098464,0.0144008,0.0141344,0.0155258,0.0149025,0.0191544,0.0229158,0.026056,0.0394508,0.0567808,0.0668015,0.186468,0.13345058129,0.0219359490553502,0.0446672307149929,0.0598911598940701,0.0654730958088958,0.0419464990272635,0.0447697382755656,0.0480492203908586,0.0695017963285785,0.0682599658468362,0.0747284524811696,0.0718361542772097,0.091395438053376,0.10837050779375,0.122312559851287,0.179545924139858,0.248612901417923,0.28620944876998,1,0.97806405094465,0.955332769285007,0.94010884010593,0.934526904191104,0.958053500972736,0.955230261724434,0.951950779609141,0.930498203671422,0.931740034153164,0.92527154751883,0.92816384572279,0.908604561946624,0.89162949220625,0.877687440148713,0.820454075860142,0.751387098582077,0.71379055123002,0,100000,2193.59490553502,98099.1416097234,4936068.04136735,49.3606804136735,2025,"Females","GMoH report",28.9959095863264
0,1,0.0247031,0.0136419,0.0158827,0.0150849,0.00943615,0.00977668,0.011674,0.0180942,0.0173561,0.0173704,0.0180647,0.0224642,0.0267715,0.0376637,0.0454337,0.0668757,0.0722715,0.202805,0.142540013759,0.0241906946464291,0.053118330105079,0.0763806717615328,0.0726834437966787,0.0460933896530631,0.0477171126477964,0.0567147791699257,0.0865556135435507,0.0831716608431026,0.0832373354698848,0.0864205947069915,0.106348419582062,0.125460580193382,0.172112514700214,0.203997587070758,0.28648181946501,0.306059120654115,1,0.975809305353571,0.946881669894921,0.923619328238467,0.927316556203321,0.953906610346937,0.952282887352204,0.943285220830074,0.913444386456449,0.916828339156897,0.916762664530115,0.913579405293009,0.893651580417938,0.874539419806618,0.827887485299786,0.796002412929242,0.71351818053499,0.693940879345885,0,100000,2419.0694646429,97925.7447301313,4551243.9173288,45.512439173288,2025,"Females","GMoH report",32.844150826712
0,1,0.0226957,0.012725,0.0163617,0.0142036,0.010166,0.0107376,0.0120978,0.0169893,0.0176952,0.0173333,0.0218073,0.0254559,0.029531,0.0355553,0.0479382,0.0619415,0.0714573,0.217722,0.134749515173,0.0222585975599302,0.0496367448437271,0.0785936842894051,0.0685826970118077,0.0495701740271012,0.0522844755386407,0.0587132471952046,0.081485544113482,0.0847278110928735,0.0830669395420878,0.103399348470261,0.119664106197611,0.137503463079498,0.163264228445848,0.214039347392118,0.268178979372929,0.303133709033671,1,0.97774140244007,0.950363255156273,0.921406315710595,0.931417302988192,0.950429825972899,0.947715524461359,0.941286752804795,0.918514455886518,0.915272188907127,0.916933060457912,0.896600651529739,0.880335893802389,0.862496536920502,0.836735771554152,0.785960652607882,0.731821020627071,0.696866290966329,0,100000,2225.85975599302,98074.0737669701,4521755.13315641,45.2175513315641,2025,"Females","GMoH report",33.1390386684359
0,1,0.0225878,0.011726,0.0131668,0.0133215,0.00901538,0.00937542,0.00995427,0.0157493,0.01469,0.0160311,0.0174361,0.0202268,0.0239849,0.0317508,0.0441502,0.0608577,0.0646796,0.211982,0.134330767142,0.0221545986485539,0.0458292132899247,0.0637360020214596,0.0644607164156716,0.0440833300693974,0.0458035316336286,0.0485628311665104,0.0757634468656953,0.0708481034025417,0.0770668346669275,0.0835390135160807,0.0962661115378648,0.113140350045485,0.147079287403752,0.19880752051896,0.264106252320402,0.278383643267318,1,0.977845401351446,0.954170786710075,0.93626399797854,0.935539283584328,0.955916669930603,0.954196468366371,0.95143716883349,0.924236553134305,0.929151896597458,0.922933165333072,0.916460986483919,0.903733888462135,0.886859649954515,0.852920712596248,0.80119247948104,0.735893747679598,0.721616356732682,0,100000,2215.45986485539,98082.1445583629,4816174.07736664,48.1617407736664,2025,"Females","GMoH report",30.1948492263336
0,1,0.0225587,0.0115674,0.0135376,0.0137755,0.00880827,0.00930551,0.00963847,0.0158463,0.0149132,0.0152698,0.0171053,0.0206656,0.023992,0.032592,0.0388289,0.0569749,0.0683531,0.208072,0.134217833243,0.0221265481544633,0.0452233664615845,0.0654721602098576,0.0665844159453617,0.0430924256987267,0.0454697519219812,0.0470584220275991,0.0762122928591646,0.0718858787813933,0.0735415866985752,0.0820190968563574,0.0982519131585754,0.113171946640503,0.150682398195066,0.176966011126432,0.24935680274781,0.291887039927781,1,0.977873451845537,0.954776633538415,0.934527839790142,0.933415584054638,0.956907574301273,0.954530248078019,0.952941577972401,0.923787707140835,0.928114121218607,0.926458413301425,0.917980903143643,0.901748086841425,0.886828053359497,0.849317601804934,0.823033988873568,0.75064319725219,0.708112960072219,0,100000,2212.65481544632,98084.3229195976,4825073.69930555,48.2507369930555,2025,"Females","GMoH report",30.1058530069445
0,1,0.0233846,0.0139306,0.0157952,0.015641,0.00958171,0.0109153,0.0123374,0.0179547,0.0161713,0.0179217,0.0199903,0.0234231,0.0324068,0.034695,0.0419984,0.0669481,0.0801495,0.207394,0.137423060294,0.0229222352106669,0.0542119889339144,0.0759758650412511,0.0752620650994488,0.0467877825892177,0.0531267635933731,0.0598412853163453,0.0859169665994903,0.0777146333733249,0.085765826469408,0.0951941032923856,0.110636854720491,0.149890334749592,0.159629165276803,0.190038696972659,0.286747499347358,0.33385226892874,1,0.977077764789333,0.945788011066086,0.924024134958749,0.924737934900551,0.953212217410782,0.946873236406627,0.940158714683655,0.91408303340051,0.922285366626675,0.914234173530592,0.904805896707614,0.889363145279509,0.850109665250408,0.840370834723197,0.809961303027341,0.713252500652642,0.66614773107126,0,100000,2292.2235210667,98022.7808500762,4501831.18124075,45.0183118124075,2025,"Females","GMoH report",33.3382781875925
0,1,0.022159,0.0118573,0.0137115,0.0133366,0.00895053,0.0101154,0.0107975,0.0167517,0.0156731,0.0155382,0.0191892,0.0217102,0.0281454,0.0324183,0.0408145,0.061301,0.0682044,0.208242,0.13266664151,0.0217411515920506,0.0463304909395646,0.0662853220178796,0.0645314254774438,0.0437731673804164,0.0493295301761407,0.0525684796036977,0.0803917536509149,0.0754107013419921,0.0747859041599545,0.0915538854531558,0.102962650654407,0.13147589580549,0.149939537711517,0.185177665435234,0.265774407599377,0.291344549517262,1,0.978258848407949,0.953669509060435,0.93371467798212,0.935468574522556,0.956226832619584,0.950670469823859,0.947431520396302,0.919608246349085,0.924589298658008,0.925214095840046,0.908446114546844,0.897037349345593,0.86852410419451,0.850060462288483,0.814822334564766,0.734225592400623,0.708655450482738,0,100000,2174.11515920506,98114.3173972227,4739367.80694912,47.3936780694912,2025,"Females","GMoH report",30.9629119305088
0,1,0.022727,0.0114118,0.0147545,0.0137588,0.00902307,0.0102304,0.0105684,0.0162418,0.0163544,0.0172282,0.0184814,0.0215817,0.0242203,0.0340355,0.0441847,0.0595914,0.0690737,0.205308,0.13487098703,0.0222887630859767,0.0446286143573535,0.0711481129198116,0.0665063800455724,0.0441201030543338,0.049876362161361,0.0514817993786175,0.0780402160474993,0.0785599960034048,0.0825840631098281,0.0883260283491692,0.102384425130408,0.114187369157016,0.156832793630936,0.198947419845843,0.259323390298426,0.294511075764853,1,0.977711236914023,0.955371385642646,0.928851887080188,0.933493619954428,0.955879896945666,0.950123637838639,0.948518200621382,0.921959783952501,0.921440003996595,0.917415936890172,0.911673971650831,0.897615574869592,0.885812630842984,0.843167206369064,0.801052580154157,0.740676609701574,0.705488924235147,0,100000,2228.87630859767,98071.7344391107,4714193.97715674,47.1419397715674,2025,"Females","GMoH report",31.2146502284326
0,1,0.0270229,0.0150418,0.01613,0.0172026,0.010284,0.0111484,0.0129071,0.0183798,0.0182764,0.0191191,0.024658,0.0291693,0.0348202,0.0430283,0.0552003,0.0705746,0.0763492,0.232924,0.151542902381,0.0264172122002043,0.0584100164297344,0.077523850719727,0.0824664084068508,0.0501311286815962,0.0542305406028578,0.0625181790286483,0.0878617944747811,0.0873891044295112,0.0912346872285229,0.11613109843686,0.135933767862706,0.160159072646579,0.194246281783805,0.242531913972816,0.299950741072723,0.32055979101046,1,0.973582787799796,0.941589983570266,0.922476149280273,0.917533591593149,0.949868871318404,0.945769459397142,0.937481820971352,0.912138205525219,0.912610895570489,0.908765312771477,0.88386890156314,0.864066232137294,0.839840927353421,0.805753718216195,0.757468086027184,0.700049258927277,0.67944020898954,0,100000,2641.72122002044,97758.6128809429,4297243.54071056,42.9724354071056,2025,"Females","GMoH report",35.3841545928944
0,1,0.02488,0.0123099,0.0143497,0.0156235,0.00951683,0.00972997,0.0106152,0.0175187,0.0167423,0.0165187,0.0203226,0.0226729,0.0264414,0.0364742,0.0469531,0.0610766,0.0723269,0.212594,0.1432265432,0.0243607142594493,0.048056459576518,0.0692637161315671,0.0751810232097078,0.0464783339917922,0.0474945486657957,0.0517038823696736,0.0839181574382177,0.0803484551484215,0.079317927382372,0.0967000108963924,0.10728343359605,0.12400953565953,0.167131069831848,0.210103028707039,0.264930382500435,0.30625780576969,1,0.975639285740551,0.951943540423482,0.930736283868433,0.924818976790292,0.953521666008208,0.952505451334204,0.948296117630326,0.916081842561782,0.919651544851579,0.920682072617628,0.903299989103608,0.89271656640395,0.87599046434047,0.832868930168152,0.789896971292961,0.735069617499565,0.69374219423031,0,100000,2436.07142594493,97912.8386633815,4612563.69858991,46.1256369858991,2025,"Females","GMoH report",32.2309530141009
0,1,0.0213034,0.0106163,0.0137073,0.0127882,0.00842092,0.00927436,0.0100372,0.0156642,0.0153749,0.0147878,0.015106,0.0175581,0.0227026,0.0303451,0.0362085,0.0589521,0.0711828,0.194114,0.129346152026,0.0209154623636582,0.0415822996641509,0.0662656907431897,0.0619601044797308,0.0412364773087529,0.0453209920113246,0.0489575092211146,0.0753694929705277,0.074029027753001,0.0713029650341693,0.0727814100494813,0.0840989553310066,0.107416419960511,0.141026817779498,0.166014646665528,0.256898704679639,0.302145154704289,1,0.979084537636342,0.958417700335849,0.93373430925681,0.938039895520269,0.958763522691247,0.954679007988675,0.951042490778885,0.924630507029472,0.925970972246999,0.928697034965831,0.927218589950519,0.915901044668993,0.892583580039489,0.858973182220502,0.833985353334472,0.743101295320361,0.697854845295711,0,100000,2091.54623636583,98178.9872210926,4912635.80243095,49.1263580243095,2025,"Females","GMoH report",29.2302319756905
0,1,0.0229776,0.0110487,0.0118523,0.0123838,0.00817294,0.00929976,0.0102765,0.0153874,0.0143719,0.0144654,0.015283,0.0186202,0.0217105,0.029501,0.0394082,0.0601425,0.0668787,0.195551,0.135843538064,0.022530234227678,0.0432393233756391,0.0575560704650672,0.0600595852698384,0.040046456778835,0.0454422939314697,0.0500954843867489,0.0740869848242869,0.0693671554465928,0.06980269040552,0.0736028202454712,0.088959873412702,0.102964000184961,0.137373370492735,0.179369433706517,0.261408150735913,0.286492829936341,1,0.977469765772322,0.956760676624361,0.942443929534933,0.939940414730162,0.959953543221165,0.95455770606853,0.949904515613251,0.925913015175713,0.930632844553407,0.93019730959448,0.926397179754529,0.911040126587298,0.897035999815039,0.862626629507265,0.820630566293483,0.738591849264087,0.713507170063659,0,100000,2253.0234227678,98053.035250322,4953284.21220216,49.5328421220216,2025,"Females","GMoH report",28.8237478779784
0,1,0.024571,0.012694,0.0149351,0.0158184,0.00987436,0.0102332,0.0109292,0.0175453,0.0169688,0.0172591,0.0197738,0.0225179,0.0267893,0.0364018,0.047116,0.0626141,0.0701119,0.19976,0.14202734819,0.0240637070709017,0.0495188162919792,0.0719876433688064,0.0760832132488606,0.0481823747159983,0.0498896725082222,0.0531926180957693,0.0840402227015847,0.0813912215973953,0.0827260567834231,0.0942116921065583,0.106589093621832,0.125538761163881,0.166826992922577,0.21075515078861,0.270696894020308,0.298277495209119,1,0.975936292929098,0.950481183708021,0.928012356631194,0.923916786751139,0.951817625284002,0.950110327491778,0.946807381904231,0.915959777298415,0.918608778402605,0.917273943216577,0.905788307893442,0.893410906378168,0.874461238836119,0.833173007077423,0.78924484921139,0.729303105979692,0.701722504790881,0,100000,2406.37070709017,97935.3997431999,4575463.25162433,45.7546325162433,2025,"Females","GMoH report",32.6019574837567
0,1,0.0253207,0.0135374,0.0145298,0.0148442,0.00903915,0.0100727,0.0115692,0.0170969,0.0165766,0.0157104,0.0204885,0.0233125,0.0312203,0.0343454,0.0446874,0.0652628,0.0778181,0.209891,0.144936851423,0.0247841043757795,0.0527221581135084,0.0701025595747278,0.0715651803737403,0.0441969919016309,0.0491264109998057,0.0562199503752953,0.0819804702456432,0.079584883068324,0.0755833868962624,0.0974509409888736,0.110143215709435,0.144799769398611,0.158147870335452,0.200983432406675,0.280541663765081,0.325722696565911,1,0.975215895624221,0.947277841886492,0.929897440425272,0.92843481962626,0.955803008098369,0.950873589000194,0.943780049624705,0.918019529754357,0.920415116931676,0.924416613103738,0.902549059011126,0.889856784290565,0.855200230601389,0.841852129664548,0.799016567593325,0.719458336234919,0.674277303434089,0,100000,2478.41043757794,97880.8025677785,4585759.56555439,45.8575956555439,2025,"Females","GMoH report",32.4989943444561
0,1,0.0218493,0.0123972,0.0145321,0.0138382,0.00876889,0.00952187,0.0106977,0.0156912,0.0154541,0.0180914,0.0199753,0.0194552,0.0277634,0.032145,0.044021,0.063631,0.0667847,0.218862,0.131464729877,0.021442390170203,0.0483890232030932,0.0701132674646909,0.0668773448173707,0.0429039010282803,0.0465023760513694,0.0520952515682459,0.0754945016877913,0.0743961848011609,0.0865427990147609,0.0951260705093847,0.0927641378626371,0.129807271963894,0.148769510233834,0.198283414523187,0.274489842137389,0.286147767910988,1,0.978557609829797,0.951610976796907,0.929886732535309,0.933122655182629,0.95709609897172,0.953497623948631,0.947904748431754,0.924505498312209,0.925603815198839,0.913457200985239,0.904873929490615,0.907235862137363,0.870192728036106,0.851230489766166,0.801716585476813,0.725510157862611,0.713852232089012,0,100000,2144.2390170203,98137.652786144,4710076.25241517,47.1007625241517,2025,"Females","GMoH report",31.2558274758482
0,1,0.0251974,0.0146248,0.0175401,0.0166714,0.00995632,0.0119476,0.0120673,0.0189443,0.018715,0.0170274,0.0236851,0.0252153,0.0347582,0.0438287,0.0536409,0.0699176,0.0775646,0.228955,0.144458337686,0.0246656716220445,0.0568367478598,0.0840163615422806,0.0800218109522276,0.0485725893919625,0.0580054356427856,0.058569558904577,0.0904382754461631,0.089392546242671,0.0816608213273277,0.1118052062723,0.118600153851472,0.159896696600547,0.197502775282446,0.236490580985974,0.297573872525736,0.324833959636037,1,0.975334328377956,0.9431632521402,0.915983638457719,0.919978189047772,0.951427410608037,0.941994564357214,0.941430441095423,0.909561724553837,0.910607453757329,0.918339178672672,0.8881947937277,0.881399846148528,0.840103303399453,0.802497224717554,0.763509419014026,0.702426127474264,0.675166040363963,0,100000,2466.56716220445,97889.7490298385,4322529.88272942,43.2252988272942,2025,"Females","GMoH report",35.1312911727058
0,1,0.0232189,0.0116377,0.0138751,0.01315,0.00909623,0.00969244,0.0112024,0.0160067,0.0161971,0.0162445,0.0176177,0.0175512,0.0252352,0.0318277,0.0413004,0.0568198,0.0686285,0.217879,0.136779996821,0.0227626674258452,0.0454919565153232,0.0670496968771497,0.0636572673363185,0.0444698793728801,0.047315688812808,0.0544860633109145,0.076954049057383,0.0778337955742603,0.0780526829783937,0.0843723817261577,0.0840672952203227,0.118688198907334,0.147409256052819,0.187175901041558,0.248762422294305,0.29289085064182,1,0.977237332574155,0.954508043484677,0.93295030312285,0.936342732663682,0.95553012062712,0.952684311187192,0.945513936689085,0.923045950942617,0.92216620442574,0.921947317021606,0.915627618273842,0.915932704779677,0.881311801092666,0.852590743947181,0.812824098958442,0.751237577705695,0.70710914935818,0,100000,2276.26674258451,98035.0810152299,4776631.4910641,47.766314910641,2025,"Females","GMoH report",30.590275089359
0,1,0.0244266,0.012422,0.0140916,0.0138348,0.00914346,0.00948381,0.0109411,0.016673,0.0166706,0.0155725,0.0182773,0.0228854,0.0272064,0.0348827,0.0417215,0.058054,0.0739671,0.219316,0.141466947674,0.0239248705010447,0.0484834765095956,0.0680603035656845,0.066861462593286,0.0446956185001711,0.0463208056992534,0.0532489935905657,0.0800291835564099,0.0800181246289035,0.0749448050580825,0.0873932197611489,0.108234524057818,0.127368878368863,0.160423488908618,0.188904094548262,0.253481030620844,0.312119132319522,1,0.976075129498955,0.951516523490404,0.931939696434316,0.933138537406714,0.955304381499829,0.953679194300747,0.946751006409434,0.91997081644359,0.919981875371096,0.925055194941917,0.912606780238851,0.891765475942182,0.872631121631137,0.839576511091382,0.811095905451738,0.746518969379156,0.687880867680478,0,100000,2392.48705010448,97945.9707902234,4690758.64764032,46.9075864764032,2025,"Females","GMoH report",31.4490035235968
0,1,0.02359,0.013163,0.0150996,0.0147008,0.00979295,0.00996925,0.0106997,0.0177519,0.0167595,0.0160414,0.0210429,0.0215897,0.0264561,0.0379404,0.0410376,0.0662513,0.073928,0.214667,0.1382201951,0.0231199849117192,0.0513014383344084,0.0727516962194134,0.0708983440591385,0.0477946240900435,0.0486341353650304,0.0521047373543248,0.0849877642686963,0.0804276807127372,0.0771144410147644,0.09995608523502,0.1024204338958,0.124074201307004,0.173267412643364,0.186095697963167,0.284187089666023,0.311979878800155,1,0.976880015088281,0.948698561665592,0.927248303780587,0.929101655940861,0.952205375909956,0.95136586463497,0.947895262645675,0.915012235731304,0.919572319287263,0.922885558985236,0.90004391476498,0.8975795661042,0.875925798692996,0.826732587356636,0.813904302036833,0.715812910333977,0.688020121199845,0,100000,2311.99849117192,98007.5663913488,4597736.53105976,45.9773653105976,2025,"Females","GMoH report",32.3792246894024
0,1,0.0258723,0.0148799,0.0166229,0.0156285,0.00959193,0.0103486,0.0121327,0.0189185,0.0179596,0.0174329,0.0213019,0.0237916,0.0327325,0.0407524,0.0541407,0.0726654,0.0798865,0.225494,0.147077550347,0.0253137009042465,0.0577994984849865,0.0797983020136435,0.075204178731728,0.0468365184831644,0.0504380909304918,0.0588776381975999,0.0903206709658323,0.0859394065837942,0.0835243221126078,0.101124158234273,0.112279714840974,0.151282836394308,0.184921965257591,0.238431393618762,0.307470781656538,0.332939142901499,1,0.974686299095754,0.942200501515013,0.920201697986357,0.924795821268272,0.953163481516835,0.949561909069508,0.9411223618024,0.909679329034168,0.914060593416206,0.916475677887392,0.898875841765727,0.887720285159026,0.848717163605692,0.815078034742409,0.761568606381238,0.692529218343462,0.667060857098501,0,100000,2531.37009042465,97840.9376214967,4402464.34240422,44.0246434240422,2025,"Females","GMoH report",34.3319465759578
0,1,0.0226063,0.0124414,0.0142268,0.0137023,0.00896848,0.00934462,0.0117155,0.0162246,0.0161395,0.0159327,0.0184781,0.0211593,0.0244344,0.0353072,0.0433677,0.0638969,0.0705931,0.206224,0.134402563607,0.022172430863389,0.0485573569973074,0.0686908717639709,0.066242319658363,0.0438590279622527,0.0456564935432643,0.0569106579664841,0.0779607932832418,0.0775677387030071,0.0766119134177236,0.0883109534286263,0.100481219339096,0.115138640977263,0.162217394979913,0.195628594505193,0.275478883346709,0.300017573568333,1,0.977827569136611,0.951442643002693,0.931309128236029,0.933757680341637,0.956140972037747,0.954343506456736,0.943089342033516,0.922039206716758,0.922432261296993,0.923388086582276,0.911689046571374,0.899518780660904,0.884861359022737,0.837782605020087,0.804371405494807,0.724521116653291,0.699982426431667,0,100000,2217.2430863389,98080.7600686049,4712784.39154561,47.1278439154561,2025,"Females","GMoH report",31.2287460845439
0,1,0.0240685,0.0135967,0.0150502,0.0165056,0.00959888,0.0104654,0.0118782,0.0183199,0.0169736,0.0177537,0.0206627,0.0254599,0.0307598,0.0354382,0.0482358,0.0709528,0.0741097,0.208795,0.140077200965,0.0235804541175725,0.0529469912871325,0.0725223117589149,0.0792575177860754,0.046869659409225,0.0509928486055097,0.057678216521292,0.0875879918693803,0.0814133077010151,0.0849960155948349,0.0982388027272206,0.119681784346774,0.142816483803735,0.162770285197762,0.215225111425727,0.30131597051764,0.312626803459199,1,0.976419545882428,0.947053008712867,0.927477688241085,0.920742482213925,0.953130340590775,0.94900715139449,0.942321783478708,0.91241200813062,0.918586692298985,0.915003984405165,0.901761197272779,0.880318215653226,0.857183516196265,0.837229714802238,0.784774888574273,0.69868402948236,0.687373196540801,0,100000,2358.04541175725,97972.2629892701,4487394.73324128,44.8739473324128,2025,"Females","GMoH report",33.4826426675872
0,1,0.026008,0.0124904,0.0147836,0.0150051,0.010001,0.00917094,0.0112863,0.0184335,0.0177069,0.0165589,0.0199721,0.0222539,0.0264493,0.0397595,0.0450572,0.0601793,0.0759552,0.204159,0.14760418712,0.0254439306939452,0.0487439374474136,0.0712834355070933,0.072312846275865,0.0487852468652515,0.0448269371231496,0.0548829367766444,0.0881071902703775,0.0847814580032075,0.0795032827290451,0.0951115562200441,0.105405302354815,0.124044288500415,0.180823836665268,0.202478243246037,0.261547183891149,0.319169535283993,1,0.974556069306055,0.951256062552586,0.928716564492907,0.927687153724135,0.951214753134748,0.95517306287685,0.945117063223356,0.911892809729622,0.915218541996793,0.920496717270955,0.904888443779956,0.894594697645185,0.875955711499585,0.819176163334732,0.797521756753963,0.738452816108851,0.680830464716007,0,100000,2544.39306939451,97831.1700013272,4582221.79140469,45.8222179140469,2025,"Females","GMoH report",32.5343720859531
0,1,0.0260142,0.0149849,0.0172116,0.0174913,0.0106186,0.0110479,0.0127306,0.01896,0.0203523,0.0192064,0.0257524,0.0287057,0.0367152,0.0424164,0.0561766,0.0811108,0.081781,0.236702,0.147628248638,0.0254498802292652,0.0581954927222138,0.0825077730341151,0.08379240477586,0.0517200146315827,0.0537548057051258,0.0616896348368645,0.0905098338743555,0.0968344885944481,0.0916321888215447,0.120973598739549,0.133917976831192,0.168142533165779,0.191748768806943,0.246293211883293,0.337181372773174,0.339494500613349,1,0.974550119770735,0.941804507277786,0.917492226965885,0.91620759522414,0.948279985368417,0.946245194294874,0.938310365163135,0.909490166125644,0.903165511405552,0.908367811178455,0.879026401260451,0.866082023168808,0.831857466834221,0.808251231193057,0.753706788116707,0.662818627226826,0.660505499386651,0,100000,2544.98802292653,97830.7241017028,4239516.87541915,42.3951687541915,2025,"Females","GMoH report",35.9614212458085
0,1,0.0226961,0.0116365,0.0122363,0.012536,0.00896504,0.00928712,0.00978314,0.0139036,0.0158521,0.0146646,0.0154082,0.0186819,0.0214052,0.0291973,0.0380719,0.0584115,0.0653413,0.202303,0.134751067529,0.0222589830698913,0.0454873723825411,0.0593654658747907,0.0607753020342467,0.0438425739275905,0.0453819313932967,0.0477478892860258,0.067182793288099,0.0762391244387127,0.0707299345061045,0.0741834176600269,0.0892414981397572,0.101589633920037,0.136055375930836,0.173815759467795,0.254843083125096,0.280831725015596,1,0.977741016930109,0.954512627617459,0.940634534125209,0.939224697965753,0.956157426072409,0.954618068606703,0.952252110713974,0.932817206711901,0.923760875561287,0.929270065493896,0.925816582339973,0.910758501860243,0.898410366079963,0.863944624069164,0.826184240532205,0.745156916874904,0.719168274984404,0,100000,2225.89830698914,98074.0438660886,4930772.48201439,49.3077248201439,2025,"Females","GMoH report",29.0488651798561
0,1,0.0226594,0.0119708,0.0150907,0.0141732,0.00919706,0.0100531,0.0107823,0.0159439,0.0158712,0.0157096,0.0169549,0.0205863,0.0237698,0.0358508,0.0435749,0.0591606,0.0702677,0.19879,0.134608638866,0.0222236116649934,0.0467636044868184,0.0727103739014148,0.0684409324408243,0.0449517403668541,0.0490331618027031,0.0524964196363865,0.0766637039273806,0.0763274783154015,0.0755796835098348,0.0813272610538933,0.0978933455511984,0.112182604801003,0.164509506464139,0.196471441463437,0.257690228647667,0.298841277000313,1,0.977776388335007,0.953236395513182,0.927289626098585,0.931559067559176,0.955048259633146,0.950966838197297,0.947503580363613,0.923336296072619,0.923672521684598,0.924420316490165,0.918672738946107,0.902106654448802,0.887817395198997,0.835490493535861,0.803528558536563,0.742309771352333,0.701158722999687,0,100000,2222.36116649934,98076.7878451918,4719619.18357506,47.1961918357506,2025,"Females","GMoH report",31.1603981642494
0,1,0.0256616,0.0148342,0.0155947,0.0155486,0.00994159,0.010696,0.0107186,0.0183737,0.0165825,0.0174559,0.0213101,0.0239189,0.0284299,0.0386773,0.0461659,0.0705071,0.0754199,0.210982,0.146259846824,0.0251114498608743,0.057627096257397,0.0750476365555191,0.0748340867951426,0.0485024708032186,0.0520871885774393,0.0521943734712769,0.0878339149903543,0.0796120816404914,0.0836299115667068,0.101161116241932,0.112846584570775,0.132716694142962,0.176335999150173,0.206944995124011,0.299706848206966,0.31727700081549,1,0.974888550139126,0.942372903742603,0.924952363444481,0.925165913204857,0.951497529196781,0.947912811422561,0.947805626528723,0.912166085009646,0.920387918359509,0.916370088433293,0.898838883758068,0.887153415429225,0.867283305857038,0.823664000849827,0.793055004875989,0.700293151793034,0.68272299918451,0,100000,2511.14498608743,97856.1346949306,4479952.26775428,44.7995226775428,2025,"Females","GMoH report",33.5570673224572
0,1,0.021559,0.0109518,0.0126231,0.0127149,0.00870226,0.00959275,0.00998115,0.015301,0.013866,0.0140304,0.0138216,0.0181073,0.0213098,0.0269085,0.0408795,0.055905,0.0654237,0.198368,0.13033810751,0.0211622285154113,0.0428682314065632,0.0611846501080526,0.0616158999832572,0.0425848391442709,0.0468404286941114,0.0486907751734439,0.0736863142636305,0.0670071955657145,0.0677747334495245,0.0667997997204593,0.0866155649518676,0.101159764145054,0.12606214212179,0.185445229365394,0.245248461850605,0.281136091694514,1,0.978837771484589,0.957131768593437,0.938815349891947,0.938384100016743,0.957415160855729,0.953159571305889,0.951309224826556,0.92631368573637,0.932992804434285,0.932225266550476,0.933200200279541,0.913384435048132,0.898840235854946,0.87393785787821,0.814554770634606,0.754751538149395,0.718863908305486,0,100000,2116.22285154113,98159.6016299982,4962929.81097767,49.6292981097767,2025,"Females","GMoH report",28.7272918902233
0,1,0.0239328,0.0136123,0.0154127,0.0152752,0.00960362,0.0111063,0.0111022,0.0159277,0.0175904,0.0173262,0.0198488,0.0250035,0.0298276,0.0366148,0.0534215,0.0691633,0.0704404,0.208844,0.139550564192,0.0234498971070373,0.0530061293314043,0.0742042792625262,0.0735666372564507,0.046892261352573,0.0540312809606664,0.0540118734465542,0.0765887917539515,0.0842471474440026,0.0830343266250717,0.0945521340063375,0.117662560425973,0.138788667828683,0.167721295750854,0.235637260253429,0.294836787105897,0.299465777173899,1,0.976550102892963,0.946993870668596,0.925795720737474,0.926433362743549,0.953107738647427,0.945968719039334,0.945988126553446,0.923411208246048,0.915752852555997,0.916965673374928,0.905447865993662,0.882337439574027,0.861211332171317,0.832278704249146,0.764362739746571,0.705163212894103,0.700534222826101,0,100000,2344.98971070372,97982.2549264494,4524702.28259465,45.2470228259465,2025,"Females","GMoH report",33.1095671740535
0,1,0.0233478,0.0125283,0.0139557,0.01367,0.00850461,0.00964637,0.0116412,0.0169227,0.0155244,0.0151561,0.0182631,0.0202652,0.0237224,0.0329479,0.0424634,0.064236,0.0695932,0.203692,0.137280243542,0.022886800148682,0.0488882272452077,0.0674260554933777,0.0660913288369957,0.0416377675639939,0.0470960843617386,0.0565599361774283,0.0811790770807154,0.0747219657858841,0.0730139819696736,0.0873282869084077,0.0964400573732967,0.111971422799455,0.152202609136111,0.191940847536768,0.276738555389931,0.296397818367046,1,0.977113199851318,0.951111772754792,0.932573944506622,0.933908671163004,0.958362232436006,0.952903915638261,0.943440063822572,0.918820922919285,0.925278034214116,0.926986018030326,0.912671713091592,0.903559942626703,0.888028577200545,0.847797390863889,0.808059152463232,0.723261444610069,0.703602181632954,0,100000,2288.68001486821,98025.5105349626,4738182.82732662,47.3818282732662,2025,"Females","GMoH report",30.9747617267338
0,1,0.0218597,0.010032,0.0132239,0.0119135,0.00840388,0.00945152,0.00999063,0.0135554,0.0134363,0.0145086,0.0137613,0.0170948,0.0229061,0.0280342,0.0370151,0.0537733,0.062481,0.19388,0.131505091133,0.0214524248947621,0.039338708159488,0.0640035583614597,0.0578446688443083,0.0411547510273409,0.0461667354415976,0.0487358942812913,0.0655554249805467,0.064998162957631,0.0700038551672993,0.0665180624674178,0.0819708133498667,0.108327120370219,0.130990467584132,0.169399638593724,0.237005130094697,0.270199208183688,1,0.978547575105238,0.960661291840512,0.93599644163854,0.942155331155692,0.958845248972659,0.953833264558402,0.951264105718709,0.934444575019453,0.935001837042369,0.929996144832701,0.933481937532582,0.918029186650133,0.891672879629781,0.869009532415868,0.830600361406276,0.762994869905303,0.729800791816313,0,100000,2145.24248947622,98136.8678196047,5019347.51787658,50.1934751787658,2025,"Females","GMoH report",28.1631148212342
0,1,0.0235225,0.011839,0.0139998,0.013627,0.00940747,0.00892163,0.0109724,0.0164119,0.015095,0.0156683,0.0158832,0.01916,0.0252634,0.0316959,0.0415003,0.0632332,0.0675988,0.196588,0.137958235025,0.0230550049630226,0.0462606405529864,0.0676319167303946,0.065890282791017,0.0459565136903828,0.0436349136141319,0.0533972597673226,0.078825316951797,0.0727303388380973,0.0753884768215426,0.0763829844533273,0.0914209371123199,0.118812952160943,0.14684364618705,0.187996701247995,0.273008065915828,0.289131623092275,1,0.976944995036977,0.953739359447014,0.932368083269605,0.934109717208983,0.954043486309617,0.956365086385868,0.946602740232677,0.921174683048203,0.927269661161903,0.924611523178457,0.923617015546673,0.90857906288768,0.881187047839057,0.85315635381295,0.812003298752005,0.726991934084172,0.710868376907725,0,100000,2305.50049630227,98012.5622830169,4782696.32886856,47.8269632886856,2025,"Females","GMoH report",30.5296267113144
0,1,0.0252193,0.0144895,0.016052,0.0161256,0.0100391,0.0108128,0.011876,0.0190148,0.0197979,0.0198808,0.0221653,0.0258997,0.0293424,0.0374307,0.0539673,0.0794617,0.0869065,0.225471,0.144543329177,0.0246867084962109,0.0563257364824744,0.0771634314941402,0.0775035229747942,0.0489665497753751,0.0526410082645916,0.0576678417776224,0.0907595626693854,0.0943211007010755,0.0946973522009104,0.105007683009475,0.12162347144175,0.136685312235642,0.171138879827136,0.237758534590487,0.331462137643111,0.356974080239225,1,0.975313291503789,0.943674263517526,0.92283656850586,0.922496477025206,0.951033450224625,0.947358991735408,0.942332158222378,0.909240437330615,0.905678899298925,0.90530264779909,0.894992316990525,0.87837652855825,0.863314687764358,0.828861120172864,0.762241465409513,0.668537862356889,0.643025919760775,0,100000,2468.67084962109,97888.1590536253,4371457.87114679,43.7145787114679,2025,"Females","GMoH report",34.6420112885321
0,1,0.0268187,0.0139991,0.0159912,0.0151876,0.00984466,0.0101339,0.0113286,0.0181278,0.0171515,0.016679,0.0214079,0.0223777,0.0277057,0.0357351,0.0487279,0.0639,0.0722381,0.211099,0.150750424643,0.0262214854882994,0.0544713016034464,0.0768823955891375,0.0731601810844062,0.048040933362411,0.0494175194979006,0.0550829677294504,0.0867093745022455,0.0822315154086705,0.0800568303178226,0.101601797213579,0.105960612977437,0.129554972028664,0.164022131795212,0.217182394943573,0.275490407415391,0.305939313240503,1,0.973778514511701,0.945528698396554,0.923117604410863,0.926839818915594,0.951959066637589,0.950582480502099,0.94491703227055,0.913290625497755,0.91776848459133,0.919943169682177,0.898398202786421,0.894039387022563,0.870445027971336,0.835977868204788,0.782817605056427,0.724509592584609,0.694060686759497,0,100000,2622.14854882994,97773.1414583832,4510147.34893131,45.1014734893131,2025,"Females","GMoH report",33.2551165106869
0,1,0.0256253,0.0127581,0.0156209,0.0149786,0.0102466,0.0111336,0.0118891,0.019392,0.0181352,0.0190323,0.0194017,0.0250658,0.0337008,0.0387075,0.0498025,0.0660275,0.0751324,0.21819,0.146118970517,0.0250765999804594,0.0497626463628756,0.0751689821180792,0.072189746651996,0.0499533695099484,0.0541604967339084,0.0577296170255537,0.0924767282160842,0.0867432352023939,0.0908392980684305,0.0925208457667196,0.117938446235853,0.155410365855908,0.176461537584837,0.221441632716581,0.283363106254459,0.316258794390785,1,0.974923400019541,0.950237353637124,0.924831017881921,0.927810253348004,0.950046630490052,0.945839503266092,0.942270382974446,0.907523271783916,0.913256764797606,0.90916070193157,0.90747915423328,0.882061553764147,0.844589634144092,0.823538462415163,0.778558367283419,0.716636893745541,0.683741205609215,0,100000,2507.65999804594,97858.7566992752,4455514.94562819,44.5551494562819,2025,"Females","GMoH report",33.8014405437181
0,1,0.022517,0.0122109,0.0147245,0.0136299,0.00981291,0.0103614,0.0115489,0.0164151,0.0170907,0.0152053,0.0197005,0.020655,0.0268831,0.0330361,0.0455213,0.0664423,0.0716159,0.20692,0.13405600013,0.0220863501617434,0.0476791883968108,0.0710085852174154,0.0659038430248877,0.0478897065492641,0.0504989016998187,0.0561240717688712,0.0788400804869948,0.0819519591302324,0.0732423213287499,0.0938788493223144,0.0982039913943731,0.125950640819466,0.15257896512554,0.204350723523208,0.284889685176494,0.303704349238437,1,0.977913649838257,0.952320811603189,0.928991414782585,0.934096156975112,0.952110293450736,0.949501098300181,0.943875928231129,0.921159919513005,0.918048040869768,0.92675767867125,0.906121150677686,0.901796008605627,0.874049359180534,0.84742103487446,0.795649276476792,0.715110314823506,0.696295650761563,0,100000,2208.63501617435,98087.445759841,4664028.52837298,46.6402852837298,2025,"Females","GMoH report",31.7163047162702
0,1,0.025746,0.0134724,0.0157506,0.0156155,0.00980637,0.0104665,0.0117231,0.0190245,0.0174691,0.0183796,0.020871,0.0245612,0.0318766,0.0379161,0.0538132,0.0681468,0.0738852,0.21567,0.14658739394,0.0251924719890804,0.0524756539981506,0.075769463712139,0.0751439732156284,0.0478585532967679,0.0509980717062172,0.0569465254682091,0.0908037596846962,0.0836905054769323,0.0878608804062148,0.0991800337870749,0.115701576121417,0.147619018951247,0.173166047103543,0.237160135491872,0.291134319405793,0.311827421493644,1,0.97480752801092,0.947524346001849,0.924230536287861,0.924856026784372,0.952141446703232,0.949001928293783,0.943053474531791,0.909196240315304,0.916309494523068,0.912139119593785,0.900819966212925,0.884298423878583,0.852380981048753,0.826833952896457,0.762839864508128,0.708865680594207,0.688172578506355,0,100000,2519.24719890804,97850.0426826705,4455000.17063148,44.5500017063148,2025,"Females","GMoH report",33.8065882936852
0,1,0.024559,0.0136378,0.0161431,0.0155485,0.00958925,0.010661,0.0110873,0.018188,0.0181506,0.0183329,0.0198214,0.0236426,0.0313882,0.0319949,0.0470867,0.0674216,0.0767262,0.2119,0.14198077751,0.0240521704023305,0.0531027895532611,0.0775843694152324,0.074833623512057,0.0468237386601333,0.0519211709901841,0.0539413404403396,0.0869848010942447,0.0868136982226021,0.0876474214674485,0.0944277733340892,0.111615781793427,0.145521829294357,0.148126285750133,0.210637891934607,0.288483031165013,0.32188790966387,1,0.97594782959767,0.946897210446739,0.922415630584768,0.925166376487943,0.953176261339867,0.948078829009816,0.94605865955966,0.913015198905755,0.913186301777398,0.912352578532551,0.905572226665911,0.888384218206573,0.854478170705643,0.851873714249867,0.789362108065393,0.711516968834987,0.67811209033613,0,100000,2405.21704023304,97936.2775452195,4494560.8983339,44.945608983339,2025,"Females","GMoH report",33.410981016661
0,1,0.0239118,0.0114747,0.0140672,0.0140269,0.00919304,0.00953036,0.0106224,0.0176171,0.0155782,0.0165241,0.0181148,0.0203869,0.0260794,0.0347688,0.0410472,0.0581679,0.0683932,0.206914,0.139469065502,0.0234296909144677,0.0448690815010009,0.0679464589322699,0.0677583992730907,0.0449325335543342,0.0465428741351435,0.05173804449051,0.0843696295003246,0.0749712087881414,0.0793428279420086,0.086649886586172,0.0969911288862712,0.122415681208714,0.159941559743937,0.186135180089569,0.2539152131784,0.292033274607744,1,0.976570309085532,0.955130918498999,0.93205354106773,0.932241600726909,0.955067466445666,0.953457125864857,0.94826195550949,0.915630370499675,0.925028791211859,0.920657172057991,0.913350113413828,0.903008871113729,0.877584318791286,0.840058440256062,0.813864819910431,0.7460847868216,0.707966725392256,0,100000,2342.96909144676,97983.8026182374,4726593.81459891,47.2659381459891,2025,"Females","GMoH report",31.0906518540109
0,1,0.0222658,0.0125549,0.0141456,0.0134351,0.00908916,0.00979794,0.0110871,0.0166397,0.0150784,0.0152388,0.018041,0.0216641,0.0243747,0.0315988,0.0412206,0.0619654,0.0742977,0.209237,0.133081120562,0.0218441501808378,0.0489894838582169,0.0683122071078384,0.0649925465931654,0.0444360833222762,0.047818395573194,0.0539403936538023,0.079875729557217,0.0726532626125571,0.073397765334068,0.0863121081425028,0.102755249972668,0.114873483268442,0.146426727785156,0.186848030214364,0.268268575958286,0.313295636896405,1,0.978155849819162,0.951010516141783,0.931687792892162,0.935007453406835,0.955563916677724,0.952181604426806,0.946059606346198,0.920124270442783,0.927346737387443,0.926602234665932,0.913687891857497,0.897244750027332,0.885126516731558,0.853573272214844,0.813151969785636,0.731731424041714,0.686704363103595,0,100000,2184.41501808378,98106.2893802953,4740794.66682359,47.4079466682359,2025,"Females","GMoH report",30.9486433317641
0,1,0.0221769,0.0110004,0.0125405,0.012181,0.00854164,0.00851889,0.0101988,0.0146963,0.0153731,0.0145712,0.0135152,0.0171469,0.0219925,0.0293053,0.0352207,0.0571164,0.0657568,0.196613,0.132736109441,0.0217584155081457,0.043054369429065,0.06079645513592,0.0591051018848516,0.0418152724897271,0.0417062231810137,0.0497261327921973,0.0708774107702432,0.0740206816474153,0.0702952834157317,0.0653673673906062,0.0822103676186974,0.104231710279211,0.136524287028369,0.161852136169075,0.249898712888008,0.282365388975534,1,0.978241584491854,0.956945630570935,0.93920354486408,0.940894898115148,0.958184727510273,0.958293776818986,0.950273867207803,0.929122589229757,0.925979318352585,0.929704716584268,0.934632632609394,0.917789632381303,0.895768289720789,0.863475712971631,0.838147863830925,0.750101287111992,0.717634611024466,0,100000,2175.84155081457,98112.9711914006,4982668.4639102,49.826684639102,2025,"Females","GMoH report",28.529905360898
0,1,0.0233984,0.011681,0.0143738,0.0135961,0.00894039,0.00918996,0.0110069,0.015953,0.0163681,0.0166448,0.0176682,0.0191859,0.0231442,0.0352788,0.0412924,0.0619621,0.0685249,0.199895,0.137476616576,0.0229355229110487,0.0456573529210582,0.0693760078460559,0.0657457843533824,0.0437246611908401,0.0449178176316936,0.0535606579840874,0.0767057816628321,0.0786232182532716,0.0798992331117537,0.0846039990595406,0.0915388613977712,0.109391550209125,0.162097487862951,0.187143037133656,0.268256205433303,0.292513375489755,1,0.977064477088951,0.954342647078942,0.930623992153944,0.934254215646618,0.95627533880916,0.955082182368306,0.946439342015913,0.923294218337168,0.921376781746728,0.920100766888246,0.915396000940459,0.908461138602229,0.890608449790875,0.837902512137049,0.812856962866344,0.731743794566697,0.707486624510245,0,100000,2293.55229110488,98021.7575178164,4755897.8386295,47.558978386295,2025,"Females","GMoH report",30.797611613705
0,1,0.0245614,0.0143551,0.0162872,0.0157899,0.00994333,0.0108339,0.0117207,0.0199264,0.0178576,0.0185669,0.0215129,0.0259056,0.0357708,0.0420451,0.0480596,0.0711774,0.0726452,0.215987,0.141990091646,0.0240544777504829,0.0558178581295296,0.0782498236794213,0.0759513398473604,0.0485107539132299,0.0527410225884475,0.0569351990317708,0.0949042498875993,0.0854721799962475,0.0887165229739858,0.102074693324926,0.121649492281858,0.16417254207946,0.190229910929903,0.214523246460962,0.302125696181523,0.307398446022513,1,0.975945522249517,0.94418214187047,0.921750176320579,0.92404866015264,0.95148924608677,0.947258977411552,0.943064800968229,0.905095750112401,0.914527820003752,0.911283477026014,0.897925306675075,0.878350507718142,0.83582745792054,0.809770089070097,0.785476753539038,0.697874303818477,0.692601553977487,0,100000,2405.44777504829,97936.1019749805,4391515.54262753,43.9151554262753,2025,"Females","GMoH report",34.4414345737247
0,1,0.0228639,0.011337,0.0140951,0.0135758,0.00948519,0.00959574,0.0103763,0.0167477,0.0166182,0.0172924,0.0154973,0.0203692,0.0246545,0.030423,0.0417666,0.0576196,0.0660766,0.201977,0.135402280871,0.0224206861763924,0.044342576422203,0.0680766326382514,0.0656508432069768,0.0463273897646945,0.0468546865257925,0.0505696844578988,0.0803733289949771,0.0797766396187204,0.0828790555495379,0.0745963932858288,0.0969110010914215,0.116115571599971,0.141363263580245,0.189088989525238,0.25182312995335,0.283543949642612,1,0.977579313823608,0.955657423577797,0.931923367361749,0.934349156793023,0.953672610235305,0.953145313474208,0.949430315542101,0.919626671005023,0.920223360381279,0.917120944450462,0.925403606714171,0.903088998908578,0.883884428400029,0.858636736419755,0.810911010474762,0.74817687004665,0.716456050357388,0,100000,2242.06861763925,98061.5125870584,4767699.2640023,47.676992640023,2025,"Females","GMoH report",30.679597359977
0,1,0.0213037,0.0119683,0.0136641,0.0140923,0.00912724,0.0105126,0.010699,0.0160414,0.0157058,0.0154357,0.0154674,0.020357,0.026808,0.0329991,0.0389441,0.0594758,0.0698532,0.202648,0.129347316293,0.0209157520463204,0.0467540666092022,0.0660637459233228,0.0680635694022806,0.0446180997383601,0.0512169419403935,0.0521014173397062,0.0771144410147644,0.0755620922296489,0.0743108981726895,0.0744578274974162,0.0968557678354351,0.125620888080823,0.152421102030004,0.17744446274594,0.258885451638585,0.297340531042462,1,0.97908424795368,0.953245933390798,0.933936254076677,0.931936430597719,0.95538190026164,0.948783058059606,0.947898582660294,0.922885558985236,0.924437907770351,0.92568910182731,0.925542172502584,0.903144232164565,0.874379111919177,0.847578897969996,0.82255553725406,0.741114548361415,0.702659468957538,0,100000,2091.57520463204,98178.9644349121,4767493.94533751,47.6749394533751,2025,"Females","GMoH report",30.6816505466249
0,1,0.0220857,0.0113924,0.0135457,0.0141875,0.00894711,0.0103765,0.0110378,0.0167352,0.0143312,0.0157485,0.0156887,0.0202243,0.0256403,0.0341246,0.0418617,0.0629859,0.0739655,0.207348,0.132382172273,0.021670451947071,0.0445544360846974,0.0655100512470569,0.0685076203410291,0.0437568075734781,0.0505706345270745,0.053706982666801,0.080315749665495,0.0691775082349579,0.075759744172258,0.0754829274887674,0.0962547858369923,0.120478723466739,0.157211086402383,0.189478744140983,0.272085607790648,0.31211343441664,1,0.978329548052929,0.955445563915303,0.934489948752943,0.931492379658971,0.956243192426522,0.949429365472925,0.946293017333199,0.919684250334505,0.930822491765042,0.924240255827742,0.924517072511233,0.903745214163008,0.879521276533261,0.842788913597617,0.810521255859016,0.727914392209352,0.68788656558336,0,100000,2167.0451947071,98119.832955582,4766005.60569453,47.6600560569453,2025,"Females","GMoH report",30.6965339430547
0,1,0.0258291,0.0138176,0.0166351,0.0162425,0.0108442,0.01149,0.0114811,0.0193987,0.0191503,0.0191329,0.0252043,0.0253173,0.0364036,0.0448009,0.0521669,0.0784124,0.0775773,0.222784,0.146909895899,0.0252722376263218,0.0537840665636989,0.0798545297791761,0.0780434482302984,0.0527898410151585,0.0558458285742059,0.0558037781079131,0.0925072013814063,0.0913767686674684,0.0912975335508141,0.118551482193383,0.119051352954606,0.166834554068757,0.201442488088491,0.230741790254882,0.327802540235161,0.324878506578935,1,0.974727762373678,0.946215933436301,0.920145470220824,0.921956551769702,0.947210158984842,0.944154171425794,0.944196221892087,0.907492798618594,0.908623231332532,0.908702466449186,0.881448517806617,0.880948647045394,0.833165445931243,0.798557511911509,0.769258209745118,0.672197459764839,0.675121493421065,0,100000,2527.22376263217,97844.0504172496,4319104.19018816,43.1910419018816,2025,"Females","GMoH report",35.1655480981184
0,1,0.0238282,0.0124326,0.0141993,0.0138801,0.00923115,0.00989548,0.0111858,0.0181858,0.0156648,0.0165477,0.0192966,0.0206514,0.0259042,0.0347672,0.0429902,0.0602846,0.0751104,0.216851,0.139144623098,0.0233492454713248,0.0485238448919917,0.0685626460498605,0.0670730484505054,0.0451146008802116,0.048282942763848,0.0544075208822873,0.086974737066634,0.0753722711184589,0.07945164503369,0.0920427210714325,0.0981877155288203,0.12164331791046,0.15993478808889,0.194090975375979,0.261944892355729,0.316180828708443,1,0.976650754528675,0.951476155108008,0.931437353950139,0.932926951549495,0.954885399119788,0.951717057236152,0.945592479117713,0.913025262933366,0.924627728881541,0.92054835496631,0.907957278928567,0.90181228447118,0.87835668208954,0.84006521191111,0.805909024624021,0.738055107644271,0.683819171291557,0,100000,2334.92454713248,97989.9676489405,4671551.93089536,46.7155193089536,2025,"Females","GMoH report",31.6410706910464
0,1,0.0260288,0.0141665,0.0164663,0.015899,0.00984904,0.0100377,0.0120275,0.0189156,0.0184793,0.0190827,0.0221264,0.0278045,0.0310092,0.0363046,0.0518402,0.0715444,0.0798966,0.225965,0.147684909632,0.0254638902404749,0.0551047180242198,0.0790762661948878,0.076456062649826,0.0480617936789604,0.048959888322464,0.0583820254716008,0.090307450951934,0.0883164352454231,0.0910688988116188,0.104833054743792,0.12998694497136,0.143891128078009,0.166418598382873,0.229462540075009,0.303447140926708,0.332974228198324,1,0.974536109759525,0.94489528197578,0.920923733805112,0.923543937350174,0.95193820632104,0.951040111677536,0.941617974528399,0.909692549048066,0.911683564754577,0.908931101188381,0.895166945256208,0.87001305502864,0.856108871921991,0.833581401617127,0.770537459924991,0.696552859073292,0.667025771801676,0,100000,2546.38902404749,97829.6742088569,4397069.11060489,43.9706911060489,2025,"Females","GMoH report",34.3858988939511
0,1,0.0245946,0.0138882,0.0170034,0.0161687,0.0101051,0.0107145,0.0120654,0.019234,0.0175335,0.0164026,0.0238505,0.0242017,0.03289,0.0384058,0.0527152,0.0705763,0.0774135,0.234092,0.142118937194,0.0240863953260488,0.0540514454311268,0.0815504142172462,0.077702623959947,0.0492805380864564,0.0521749293000369,0.0585606071269269,0.0917578249855689,0.0839860753688027,0.0787824091396163,0.112542040176902,0.114104681805848,0.151955462126637,0.175206623634998,0.232884603830399,0.299956882656436,0.324303774401017,1,0.975913604673951,0.945948554568873,0.918449585782754,0.922297376040053,0.950719461913544,0.947825070699963,0.941439392873073,0.908242175014431,0.916013924631197,0.921217590860384,0.887457959823098,0.885895318194152,0.848044537873363,0.824793376365002,0.767115396169601,0.700043117343564,0.675696225598983,0,100000,2408.63953260487,97933.6737578524,4396497.06340269,43.9649706340269,2025,"Females","GMoH report",34.3916193659731
0,1,0.0227815,0.0125237,0.0146344,0.0141299,0.0094468,0.00953653,0.0111143,0.0170528,0.0166611,0.0171454,0.018586,0.0210611,0.0259003,0.0332762,0.0435688,0.062869,0.0720039,0.212031,0.135082495535,0.0223412846873891,0.0488707156371501,0.0705894156394163,0.0682389752587292,0.046144212141846,0.046572304551196,0.0540691481663372,0.0817776550115477,0.0799743484572954,0.0822034714993861,0.0888037344775028,0.100038212981441,0.12162611766181,0.153602713465452,0.19644663916849,0.271649213924458,0.305098750243377,1,0.977658715312611,0.95112928436285,0.929410584360584,0.931761024741271,0.953855787858154,0.953427695448804,0.945930851833663,0.918222344988452,0.920025651542705,0.917796528500614,0.911196265522497,0.899961787018559,0.87837388233819,0.846397286534548,0.80355336083151,0.728350786075542,0.694901249756623,0,100000,2234.1284687389,98067.6631801641,4668189.61648717,46.6818961648717,2025,"Females","GMoH report",31.6746938351283
0,1,0.0216401,0.0124349,0.0139197,0.012856,0.00931871,0.0103339,0.0103373,0.0171526,0.0164137,0.015101,0.0173017,0.01943,0.0264693,0.0296705,0.0434728,0.0601146,0.0711001,0.199641,0.130652847689,0.0212405074457848,0.0485326038488011,0.0672579729836488,0.062278373088922,0.0455327829993405,0.0503682488821908,0.0503844032701877,0.0822365724197812,0.0788336214682658,0.0727581961980337,0.0829217805726648,0.0926495481963617,0.12413226462022,0.138108154969913,0.196056218104019,0.261302727624813,0.30184710213392,1,0.978759492554215,0.951467396151199,0.932742027016351,0.937721626911078,0.95446721700066,0.949631751117809,0.949615596729812,0.917763427580219,0.921166378531734,0.927241803801966,0.917078219427335,0.907350451803638,0.87586773537978,0.861891845030087,0.803943781895981,0.738697272375187,0.69815289786608,0,100000,2124.05074457848,98153.4625338366,4758111.95383255,47.5811195383255,2025,"Females","GMoH report",30.7754704616745
0,1,0.0219794,0.0113765,0.013434,0.0130187,0.00890163,0.00975477,0.0106581,0.0154973,0.0164369,0.0163019,0.0170882,0.0193207,0.0234362,0.0317021,0.0383454,0.0562749,0.0639959,0.197322,0.131969633666,0.0215679104386049,0.0444936362934159,0.064987398230431,0.0630416976277345,0.043539224825296,0.0476127221166943,0.0519074139777104,0.0745963932858288,0.0789406510326054,0.0783176824319082,0.0819404624729254,0.0921523788355786,0.110695306636513,0.146870260765468,0.174955183743231,0.246671030994692,0.275846833991421,1,0.978432089561395,0.955506363706584,0.935012601769569,0.936958302372266,0.956460775174704,0.952387277883306,0.94809258602229,0.925403606714171,0.921059348967395,0.921682317568092,0.918059537527075,0.907847621164421,0.889304693363487,0.853129739234532,0.825044816256769,0.753328969005308,0.724153166008579,0,100000,2156.79104386049,98127.8398800919,4828219.59698105,48.2821959698105,2025,"Females","GMoH report",30.0743940301895
0,1,0.0236322,0.0129148,0.0148447,0.014666,0.00986258,0.00984945,0.0116307,0.0173611,0.0172281,0.0167413,0.0182537,0.0238297,0.0253585,0.0321543,0.0458365,0.063919,0.0768274,0.201028,0.138383968658,0.0231606064555971,0.0503584610933434,0.0715675046589724,0.0707364481293378,0.0481262768608932,0.0480637463341722,0.0565103623223438,0.083194624511005,0.0825836035492336,0.0803438488098012,0.0872853007636274,0.112449410694909,0.119233540648653,0.148809348883026,0.205620221762911,0.275561035439376,0.322244065672401,1,0.976839393544403,0.949641538906657,0.928432495341028,0.929263551870662,0.951873723139107,0.951936253665828,0.943489637677656,0.916805375488995,0.917416396450766,0.919656151190199,0.912714699236373,0.887550589305091,0.880766459351347,0.851190651116974,0.794379778237089,0.724438964560624,0.677755934327599,0,100000,2316.0606455597,98004.4450182255,4612536.39204683,46.1253639204683,2025,"Females","GMoH report",32.2312260795317
0,1,0.0244647,0.012971,0.0143471,0.0146605,0.0090278,0.0105226,0.0110066,0.0167698,0.0149655,0.0152295,0.0206662,0.0235025,0.0255952,0.0339734,0.0410201,0.0636921,0.0736791,0.207603,0.141614809583,0.0239615051294906,0.0505720596291018,0.0692516008921023,0.0707108586421904,0.044142720861516,0.0512644127266075,0.0535592372482583,0.0804751207981001,0.0721288878232046,0.0733546147371514,0.0982546256390459,0.110991080336007,0.120279552025023,0.15656904317177,0.186023720914308,0.274717209976189,0.311092889679954,1,0.976038494870509,0.949427940370898,0.930748399107898,0.92928914135781,0.955857279138484,0.948735587273392,0.946440762751742,0.9195248792019,0.927871112176795,0.926645385262849,0.901745374360954,0.889008919663993,0.879720447974977,0.84343095682823,0.813976279085692,0.725282790023811,0.688907110320046,0,100000,2396.15051294905,97943.1798856744,4654530.36875424,46.5453036875424,2025,"Females","GMoH report",31.8112863124576
0,1,0.0243626,0.0134946,0.0149741,0.0155144,0.00926667,0.0106175,0.0118966,0.0190912,0.0172449,0.01662,0.0205995,0.0285183,0.0317372,0.0381622,0.052293,0.0711444,0.0820041,0.217013,0.141218570714,0.0238633279109569,0.0525598516517993,0.072168841380703,0.0746756309769288,0.045284264169374,0.0517147953996116,0.057764982765092,0.0911076157170563,0.0826608066389787,0.0797849359128222,0.097953040838137,0.133101900198895,0.147020919207333,0.174192114244451,0.231235062227361,0.302006773294981,0.340263080749728,1,0.976136672089043,0.947440148348201,0.927831158619297,0.925324369023071,0.954715735830626,0.948285204600388,0.942235017234908,0.908892384282944,0.917339193361021,0.920215064087178,0.902046959161863,0.866898099801105,0.852979080792667,0.825807885755549,0.768764937772639,0.697993226705019,0.659736919250272,0,100000,2386.33279109569,97950.6617149108,4475391.63203498,44.7539163203498,2025,"Females","GMoH report",33.6026736796502
0,1,0.0245656,0.0140282,0.0162786,0.0159584,0.00902006,0.0112839,0.0127566,0.0204124,0.0176111,0.0188866,0.0223978,0.027628,0.0330442,0.0385176,0.0496663,0.0706033,0.0876548,0.222811,0.142006391384,0.024058515592378,0.0545814412516667,0.0782101217790201,0.0767307499980767,0.0441057096319432,0.0548715862692413,0.0618117311752253,0.0971065553727721,0.0843421068070269,0.0901752407453473,0.106050741741553,0.129215112200324,0.152613520744534,0.175671854447803,0.220902922900827,0.300054419507895,0.359495282318558,1,0.975941484407622,0.945418558748333,0.92178987822098,0.923269250001923,0.955894290368057,0.945128413730759,0.938188268824775,0.902893444627228,0.915657893192973,0.909824759254653,0.893949258258447,0.870784887799676,0.847386479255466,0.824328145552197,0.779097077099173,0.699945580492105,0.640504717681442,0,100000,2405.85155923781,97935.7947388951,4381528.48441536,43.8152848441536,2025,"Females","GMoH report",34.5413051558464
0,1,0.0268801,0.01494,0.0162049,0.0164417,0.0102553,0.0106446,0.0122982,0.0187319,0.0180945,0.018692,0.0213164,0.0270766,0.0335956,0.0393856,0.0579939,0.0700689,0.0760049,0.223901,0.150988711289,0.0262803429344981,0.0580261778071232,0.0778698184475964,0.0789627935915159,0.0499947227982186,0.0518433701551171,0.0596568212036822,0.0894696582706023,0.0865569865185981,0.089287590878259,0.101189509831566,0.126799735691443,0.154962827113559,0.179275788737728,0.253251844620638,0.298121828523436,0.319345031952402,1,0.973719657065502,0.941973822192877,0.922130181552404,0.921037206408484,0.950005277201781,0.948156629844883,0.940343178796318,0.910530341729398,0.913443013481402,0.910712409121741,0.898810490168434,0.873200264308557,0.845037172886441,0.820724211262272,0.746748155379362,0.701878171476564,0.680654968047598,0,100000,2628.0342934498,97768.7692177415,4356134.22507588,43.5613422507588,2025,"Females","GMoH report",34.7952477492412
0,1,0.0235638,0.0132785,0.0158726,0.0149889,0.00942722,0.0101064,0.0118,0.0166608,0.0177797,0.0177977,0.0193875,0.0252423,0.0288673,0.0388355,0.0490175,0.0641112,0.0734667,0.217598,0.138118515782,0.0230947637565296,0.0517399423509849,0.0763339541965496,0.0722375947886799,0.0460507730775692,0.0492867216897859,0.0573093734822729,0.0799729660193616,0.0851151934859449,0.0851976925674794,0.0924562606181634,0.11871960997295,0.134621128726765,0.176993429200691,0.218332247629547,0.276275168537195,0.310335235825455,1,0.97690523624347,0.948260057649015,0.92366604580345,0.92776240521132,0.953949226922431,0.950713278310214,0.942690626517727,0.920027033980638,0.914884806514055,0.914802307432521,0.907543739381837,0.88128039002705,0.865378871273235,0.823006570799309,0.781667752370453,0.723724831462805,0.689664764174545,0,100000,2309.47637565296,98009.5050735858,4530895.8645713,45.308958645713,2025,"Females","GMoH report",33.047631354287
0,1,0.0233106,0.0118063,0.013822,0.0133618,0.00879397,0.00942632,0.0107868,0.0172935,0.0158283,0.0159184,0.0169574,0.0192557,0.0237152,0.0300956,0.0415172,0.058421,0.0687149,0.202975,0.137135874434,0.0228509781563875,0.0461358134903771,0.0668016683501602,0.0646494184997259,0.0430239712195363,0.0460464779108485,0.0525177537350275,0.0828841091462005,0.0761290176738813,0.0765457839807039,0.0813387650632894,0.0918565925281398,0.111939340387128,0.139948420769708,0.188066059487603,0.254879248551004,0.293205528563312,1,0.977149021843613,0.953864186509623,0.93319833164984,0.935350581500274,0.956976028780464,0.953953522089152,0.947482246264972,0.9171158908538,0.923870982326119,0.923454216019296,0.918661234936711,0.90814340747186,0.888060659612872,0.860051579230292,0.811933940512397,0.745120751448995,0.706794471436688,0,100000,2285.09781563874,98028.2710714761,4785175.84817068,47.8517584817068,2025,"Females","GMoH report",30.5048315182932
0,1,0.0217698,0.0118198,0.0139504,0.0135866,0.00873337,0.0100776,0.0108344,0.0160833,0.0149121,0.0149988,0.0174772,0.0204936,0.0261223,0.0317701,0.0389346,0.0589709,0.0677975,0.193561,0.131156199122,0.0213656776974912,0.0461873495320032,0.0674013118479895,0.0657013549278434,0.0427338242532045,0.0491497219062929,0.0527433924715165,0.0773080774931366,0.0718807670347527,0.0722835825067446,0.0837276862065761,0.097474016251377,0.122604707615631,0.14716211242974,0.177405016601562,0.256970104204864,0.289858325450649,1,0.978634322302509,0.953812650467997,0.932598688152011,0.934298645072157,0.957266175746796,0.950850278093707,0.947256607528484,0.922691922506863,0.928119232965247,0.927716417493255,0.916272313793424,0.902525983748623,0.87739529238437,0.85283788757026,0.822594983398438,0.743029895795136,0.710141674549351,0,100000,2136.56776974912,98143.6563380977,4790204.06382518,47.9020406382518,2025,"Females","GMoH report",30.4545493617482
0,1,0.0223522,0.011894,0.0133942,0.014047,0.00875589,0.00929124,0.0108991,0.0157016,0.0155069,0.0175497,0.0171919,0.0201435,0.0290534,0.0334967,0.0420885,0.0628762,0.0725119,0.217831,0.133416429458,0.0219274639427241,0.046470558357785,0.0648011026763317,0.0678522003540661,0.0428416578902386,0.0454016069339769,0.0530500066804722,0.0755426488615872,0.074640878406592,0.0840604124491049,0.0824172281388972,0.0958886666103367,0.135430228498364,0.154541891553038,0.190407576763476,0.271676098274225,0.30692094738778,1,0.978072536057276,0.953529441642215,0.935198897323668,0.932147799645934,0.957158342109761,0.954598393066023,0.946949993319528,0.924457351138413,0.925359121593408,0.915939587550895,0.917582771861103,0.904111333389663,0.864569771501636,0.845458108446962,0.809592423236524,0.728323901725775,0.69307905261222,0,100000,2192.7463942724,98099.8020003583,4746804.36814716,47.4680436814716,2025,"Females","GMoH report",30.8885463185284
0,1,0.0237216,0.0107877,0.0127551,0.0129932,0.00819178,0.0093068,0.0102721,0.0142259,0.0132588,0.01494,0.0143207,0.0172693,0.0229223,0.0258213,0.0395943,0.0546003,0.0629711,0.187663,0.138730920224,0.0232466550162786,0.0422394666120582,0.061804687573818,0.062922101380846,0.040136917994772,0.0454759119565079,0.0500745724605695,0.0686866755555362,0.0641670546398528,0.0720104111437798,0.0691285760040471,0.0827729238647559,0.108399580726767,0.121277634538244,0.180140188350941,0.240212335979541,0.272030370794203,1,0.976753344983721,0.957760533387942,0.938195312426182,0.937077898619154,0.959863082005228,0.954524088043492,0.949925427539431,0.931313324444464,0.935832945360147,0.92798958885622,0.930871423995953,0.917227076135244,0.891600419273233,0.878722365461756,0.819859811649059,0.759787664020459,0.727969629205797,0,100000,2324.66550162787,97997.837482626,4975986.68186488,49.7598668186488,2025,"Females","GMoH report",28.5967231813512
0,1,0.0245433,0.0135994,0.0143048,0.0149375,0.00892043,0.0105579,0.011751,0.0169964,0.0182385,0.0178568,0.0212456,0.0232085,0.0312428,0.0368421,0.0460754,0.0698081,0.0772453,0.210213,0.141919847537,0.0240370763217243,0.0529572269749536,0.0690544739042367,0.0719987949992469,0.0436291725507576,0.0514319661124533,0.0570781856024636,0.0815182097495326,0.0872157871645007,0.0854685145724564,0.100870371108921,0.109678798984425,0.144896564070171,0.16867467673102,0.206581219228857,0.297177081450916,0.323713193194359,1,0.975962923678276,0.947042773025046,0.930945526095763,0.928001205000753,0.956370827449242,0.948568033887547,0.942921814397536,0.918481790250467,0.912784212835499,0.914531485427544,0.899129628891079,0.890321201015575,0.855103435929829,0.83132532326898,0.793418780771143,0.702822918549084,0.676286806805641,0,100000,2403.70763217243,97937.426188509,4542114.66093749,45.4211466093749,2025,"Females","GMoH report",32.9354433906251
0,1,0.0234559,0.0139776,0.016214,0.0156888,0.00958346,0.0104954,0.0124042,0.0187527,0.0171377,0.0194233,0.0215801,0.0251029,0.0289952,0.039105,0.0498695,0.0659555,0.0803648,0.214891,0.137699767751,0.0229908857016488,0.0543899189381016,0.0779118434266988,0.0754833904594013,0.046796127949112,0.0511352867778786,0.0601555464275097,0.0895645568374843,0.0821680706395035,0.0926190795790315,0.102377223213335,0.118102699369964,0.135177270048709,0.178112296603318,0.221706517112185,0.28309784947275,0.334599038064404,1,0.977009114298351,0.945610081061898,0.922088156573301,0.924516609540599,0.953203872050888,0.948864713222121,0.93984445357249,0.910435443162516,0.917831929360497,0.907380920420969,0.897622776786665,0.881897300630036,0.864822729951291,0.821887703396682,0.778293482887815,0.71690215052725,0.665400961935596,0,100000,2299.08857016488,98017.4953919858,4445497.24723175,44.4549724723175,2025,"Females","GMoH report",33.9016175276825
0,1,0.0221728,0.0114628,0.013563,0.0133851,0.00891203,0.00888958,0.0106691,0.0163299,0.0147114,0.0160353,0.0168944,0.0208664,0.0263647,0.0274897,0.0425431,0.0595731,0.0674779,0.204318,0.132720197792,0.021754461240484,0.0448235922534347,0.0655909740474849,0.0647585024230433,0.0435889841636598,0.0434815678110457,0.0519595947199339,0.0784469239418067,0.0709476517886897,0.0770862472487311,0.0810488219558718,0.0991592581398753,0.123672058216827,0.128609882296579,0.19226647076861,0.259254077316536,0.288689155145088,1,0.978245538759516,0.955176407746565,0.934409025952515,0.935241497576957,0.95641101583634,0.956518432188954,0.948040405280066,0.921553076058193,0.92905234821131,0.922913752751269,0.918951178044128,0.900840741860125,0.876327941783173,0.871390117703421,0.80773352923139,0.740745922683464,0.711310844854912,0,100000,2175.44612404839,98113.2795158212,4815100.39984284,48.1510039984284,2025,"Females","GMoH report",30.2055860015716
0,1,0.0220131,0.0108121,0.0124339,0.013448,0.00873289,0.00877698,0.0101088,0.0148354,0.0135427,0.0148446,0.0152481,0.01784,0.0225976,0.0287671,0.037111,0.0561718,0.0680966,0.197512,0.132100419659,0.0216004205047461,0.042332983106704,0.0602952376126211,0.065052920802616,0.0427315257159755,0.0429426334134569,0.0492981374698617,0.0715242720365716,0.0654960177026459,0.0715670398023742,0.0734409139981616,0.0853915374305955,0.106946182373019,0.134185202176193,0.169801263294678,0.246274758764132,0.290951055829075,1,0.978399579495254,0.957667016893296,0.939704762387379,0.934947079197384,0.957268474284025,0.957057366586543,0.950701862530138,0.928475727963428,0.934503982297354,0.928432960197626,0.926559086001838,0.914608462569405,0.893053817626981,0.865814797823807,0.830198736705322,0.753725241235868,0.709048944170925,0,100000,2160.04205047461,98125.3004108742,4952288.98222322,49.5228898222322,2025,"Females","GMoH report",28.8337001777678
0,1,0.0228008,0.0113106,0.012735,0.0141997,0.00903101,0.00949384,0.0100871,0.0160886,0.0145359,0.0164058,0.0160928,0.0195227,0.0231918,0.0298813,0.0402128,0.0585841,0.0704652,0.192081,0.135157396712,0.0223598831558601,0.0442416018756505,0.0617102983754709,0.0685645112731854,0.044158070069064,0.0463686584394041,0.049194914933925,0.0773325681116955,0.0701309585008198,0.0787971733342811,0.0773519753285806,0.0930710066463626,0.109604203106015,0.139021167005869,0.182697095586498,0.255499918117527,0.299555418764236,1,0.97764011684414,0.955758398124349,0.938289701624529,0.931435488726815,0.955841929930936,0.953631341560596,0.950805085066075,0.922667431888305,0.92986904149918,0.921202826665719,0.922648024671419,0.906928993353637,0.890395796893985,0.860978832994131,0.817302904413502,0.744500081882473,0.700444581235764,0,100000,2235.98831558602,98066.222044227,4840396.00200789,48.4039600200789,2025,"Females","GMoH report",29.9526299799211
0,1,0.0235514,0.0127424,0.0140242,0.0134659,0.00897983,0.00995877,0.0105572,0.015375,0.0161672,0.0149497,0.016698,0.0205115,0.0242438,0.0320375,0.0420138,0.0589494,0.0682056,0.196444,0.138070392746,0.0230828267207426,0.0497029307504119,0.0677457984340046,0.0651366896278508,0.0439133147470867,0.048584251533392,0.0514286438040789,0.0740294914234126,0.0776956953839707,0.0720554804594388,0.0801443731431396,0.0975550014684497,0.114291829367925,0.148308885224084,0.190101757003967,0.256888450012136,0.291348928761211,1,0.976917173279257,0.950297069249588,0.932254201565995,0.934863310372149,0.956086685252913,0.951415748466608,0.948571356195921,0.925970508576587,0.922304304616029,0.927944519540561,0.91985562685686,0.90244499853155,0.885708170632075,0.851691114775917,0.809898242996033,0.743111549987864,0.708651071238789,0,100000,2308.28267207426,98010.4228230278,4767668.34029128,47.6766834029128,2025,"Females","GMoH report",30.6799065970872
0,1,0.024597,0.0130031,0.0147041,0.014522,0.00971024,0.0105515,0.0122377,0.0178296,0.0174174,0.0176926,0.0188449,0.0226159,0.0268499,0.0336497,0.0443839,0.0655714,0.06622,0.215219,0.14212825133,0.0240887025671482,0.0506940406403002,0.0709136948489296,0.0700662449761412,0.0474005238433875,0.0514015902998771,0.0593720564615997,0.0853438818121072,0.0834531574390526,0.0847158891491015,0.0899850994962574,0.107028154880117,0.125804878951594,0.155193004860836,0.199754761592398,0.281681391941172,0.284071897387499,1,0.975911297432852,0.9493059593597,0.92908630515107,0.929933755023859,0.952599476156613,0.948598409700123,0.9406279435384,0.914656118187893,0.916546842560947,0.915284110850898,0.910014900503743,0.892971845119883,0.874195121048406,0.844806995139164,0.800245238407602,0.718318608058828,0.715928102612501,0,100000,2408.87025671483,97933.4982605529,4580275.65438411,45.8027565438411,2025,"Females","GMoH report",32.5538334561589
0,1,0.0253816,0.0129579,0.015612,0.0141662,0.00920646,0.0107496,0.0110416,0.0179457,0.0159609,0.01765,0.0194479,0.0240393,0.0281744,0.0362316,0.0496805,0.067754,0.0767186,0.217719,0.145173197624,0.0248425934309948,0.0505222748299617,0.0751277633947047,0.0684082863352924,0.0449966503461358,0.0523413778126625,0.053724975768876,0.0858757489310214,0.0767423091930035,0.0845205315455525,0.0927309446536745,0.113382415261982,0.131602449842868,0.166111762650849,0.220959103185484,0.289699286377027,0.321861156665588,1,0.975157406569005,0.949477725170038,0.924872236605295,0.931591713664708,0.955003349653864,0.947658622187338,0.946275024231124,0.914124251068979,0.923257690806996,0.915479468454447,0.907269055346326,0.886617584738018,0.868397550157132,0.833888237349151,0.779040896814516,0.710300713622973,0.678138843334412,0,100000,2484.25934309947,97876.3885294656,4561143.45505032,45.6114345505032,2025,"Females","GMoH report",32.7451554494968
0,1,0.0218358,0.0113572,0.0134548,0.013406,0.00865692,0.00981822,0.0100438,0.0160111,0.0137867,0.0155235,0.0152836,0.0220271,0.0228586,0.0300574,0.0374307,0.0557162,0.0692673,0.207147,0.131412337862,0.0214293641127185,0.0444198302087073,0.0650847444509049,0.0648563397725239,0.0423676662565753,0.0479149999724268,0.0489889128917447,0.0769743884237704,0.06663674787034,0.0747177957444043,0.0736056034960205,0.104387135328513,0.108114627442838,0.139783201033164,0.171138879827136,0.244521480693467,0.295214688941676,1,0.978570635887281,0.955580169791293,0.934915255549095,0.935143660227476,0.957632333743425,0.952085000027573,0.951011087108255,0.92302561157623,0.93336325212966,0.925282204255596,0.926394396503979,0.895612864671487,0.891885372557162,0.860216798966836,0.828861120172864,0.755478519306533,0.704785311058324,0,100000,2142.93641127186,98138.671872423,4857276.70854976,48.5727670854976,2025,"Females","GMoH report",29.7838229145024
0,1,0.0234643,0.0151311,0.0172584,0.0166742,0.0102639,0.0106144,0.0122132,0.0193985,0.0172152,0.0172295,0.0216572,0.0260176,0.0313527,0.0412856,0.0585827,0.0695485,0.0751568,0.231889,0.137732367227,0.0229989731286212,0.0587465986813842,0.0827228403310754,0.0800347129723895,0.0500355990375951,0.0517000865045162,0.0592567147291741,0.0925062917487783,0.0825243183853321,0.0825900373775104,0.102724203452473,0.122143310511115,0.145369207147654,0.187115101875067,0.255494592360331,0.29623563912993,0.316345256976223,1,0.977001026871379,0.941253401318616,0.917277159668925,0.91996528702761,0.949964400962405,0.948299913495484,0.940743285270826,0.907493708251222,0.917475681614668,0.91740996262249,0.897275796547527,0.877856689488885,0.854630792852346,0.812884898124933,0.744505407639669,0.70376436087007,0.683654743023776,0,100000,2299.89731286211,98016.8729884174,4358502.65584436,43.5850265584436,2025,"Females","GMoH report",34.7715634415564
0,1,0.0225482,0.011656,0.0135789,0.0130316,0.00888631,0.00968267,0.0106665,0.0162402,0.0154669,0.0138323,0.0167142,0.0191237,0.0252764,0.030945,0.0410845,0.0569791,0.0648716,0.195904,0.134177083898,0.0221164265712657,0.0455618618759479,0.065665342211607,0.0631021936336106,0.0434659208815282,0.0472691217326815,0.0519472613422327,0.0780328281602786,0.074455510174216,0.0668497843208469,0.0802190086154971,0.0912556364624573,0.118870456954583,0.143614614393948,0.186288568290203,0.249372892545852,0.279094700558176,1,0.977883573428734,0.954438138124052,0.934334657788393,0.936897806366389,0.956534079118472,0.952730878267319,0.948052738657767,0.921967171839721,0.925544489825784,0.933150215679153,0.919780991384503,0.908744363537543,0.881129543045417,0.856385385606052,0.813711431709797,0.750627107454148,0.720905299441824,0,100000,2211.64265712656,98085.1091052311,4830623.13124056,48.3062313124056,2025,"Females","GMoH report",30.0503586875944
0,1,0.0219133,0.0123297,0.0140616,0.0135098,0.00865391,0.00956163,0.0104706,0.015625,0.0152489,0.0144499,0.0174372,0.0199269,0.0249273,0.0305136,0.0379631,0.0618678,0.0701766,0.19913,0.131713106837,0.0215041400567287,0.0481318963159856,0.0679203287626769,0.0653421031375798,0.0423532470299868,0.0466920204414657,0.0510175393804087,0.075187969924812,0.0734446256209228,0.0697305030113411,0.0835440636340029,0.0949065182535341,0.117325010654764,0.141754406829424,0.173362093747167,0.267902633610743,0.298511665616707,1,0.978495859943271,0.951868103684014,0.932079671237323,0.93465789686242,0.957646752970013,0.953307979558534,0.948982460619591,0.924812030075188,0.926555374379077,0.930269496988659,0.916455936365997,0.905093481746466,0.882674989345236,0.858245593170576,0.826637906252833,0.732097366389257,0.701488334383293,0,100000,2150.41400567286,98132.8237040001,4804458.24405505,48.0445824405505,2025,"Females","GMoH report",30.3120075594495
0,1,0.024819,0.0135335,0.0169328,0.0168034,0.0103031,0.0111047,0.0123052,0.0204417,0.018813,0.01861,0.0264691,0.0296324,0.0326498,0.0411078,0.0548382,0.0782578,0.0837643,0.236447,0.14298980891,0.0243020912163796,0.0527073696263243,0.0812255596105655,0.0806298605049767,0.050221896934242,0.0540237073426794,0.0596897637963334,0.0972391653825013,0.0898396181589397,0.0889133083299491,0.124131384899867,0.137943041539698,0.150929458421106,0.186384371348682,0.241132780843825,0.327261991336053,0.34630211448013,1,0.97569790878362,0.947292630373676,0.918774440389434,0.919370139495023,0.949778103065758,0.945976292657321,0.940310236203667,0.902760834617499,0.91016038184106,0.911086691670051,0.875868615100133,0.862056958460302,0.849070541578894,0.813615628651318,0.758867219156175,0.672738008663947,0.65369788551987,0,100000,2430.20912163796,97917.2860162764,4301807.71546518,43.0180771546518,2025,"Females","GMoH report",35.3385128453482
0,1,0.0226878,0.0102687,0.0127954,0.0138242,0.00844892,0.00949396,0.00994236,0.0154618,0.0149071,0.0160681,0.0150087,0.0200836,0.0223739,0.0285359,0.0373832,0.0564243,0.0637971,0.196172,0.134718856142,0.0222509836955842,0.0402482064841524,0.0619939078778494,0.0668119457489436,0.0413707545119718,0.0463692309405491,0.0485061363260923,0.0744318731589764,0.0718575314811436,0.0772378367868145,0.0723295680307425,0.0956171581085289,0.105943572744433,0.133178573837104,0.170940264738106,0.247244942918245,0.275107800372189,1,0.977749016304416,0.959751793515848,0.938006092122151,0.933188054251056,0.958629245488028,0.953630769059451,0.951493863673908,0.925568126841024,0.928142468518856,0.922762163213185,0.927670431969257,0.904382841891471,0.894056427255567,0.866821426162896,0.829059735261894,0.752755057081755,0.724892199627811,0,100000,2225.09836955841,98074.6643375919,4904865.66263086,49.0486566263086,2025,"Females","GMoH report",29.3079333736914
0,1,0.0223266,0.0116382,0.0130767,0.0131332,0.00826294,0.00917799,0.0104259,0.0155833,0.0150352,0.0142363,0.015838,0.0183483,0.0252975,0.0275413,0.0415801,0.0600912,0.0664739,0.207217,0.133317078674,0.0219027794025728,0.0454938665643027,0.0633136654766536,0.063578526247709,0.0404785210237304,0.0448606241015065,0.050805273253954,0.0749948325642537,0.0724526497993423,0.0687351639631776,0.0761738946416634,0.0877178179043634,0.118963784174607,0.128835740547171,0.188324156817755,0.261214298382582,0.285005870639279,1,0.978097220597427,0.954506133435697,0.936686334523346,0.936421473752291,0.95952147897627,0.955139375898494,0.949194726746046,0.925005167435746,0.927547350200658,0.931264836036822,0.923826105358337,0.912282182095637,0.881036215825393,0.871164259452829,0.811675843182245,0.738785701617418,0.714994129360721,0,100000,2190.27794025728,98101.7235162219,4878146.39323761,48.7814639323761,2025,"Females","GMoH report",29.5751260676239
0,1,0.0238955,0.0125764,0.0156048,0.0147448,0.00919223,0.0100837,0.0111666,0.0169836,0.0154456,0.0163347,0.0198193,0.0249724,0.0267365,0.0339048,0.0467173,0.0716604,0.0678809,0.208437,0.139405806995,0.0234140066743358,0.0490713189292367,0.0750944166188648,0.0711030011708405,0.044928663479265,0.0491787408277871,0.0543166687177412,0.0814593187837603,0.0743567870257863,0.0784690778837315,0.0944182413719427,0.117524808669928,0.12530683454544,0.156277598219702,0.20915823049611,0.303864390565754,0.290163159043252,1,0.976585993325664,0.950928681070763,0.924905583381135,0.92889699882916,0.955071336520735,0.950821259172213,0.945683331282259,0.91854068121624,0.925643212974214,0.921530922116268,0.905581758628057,0.882475191330072,0.87469316545456,0.843722401780298,0.79084176950389,0.696135609434245,0.709836840956748,0,100000,2341.40066743358,97985.0041821086,4606033.97237884,46.0603397237884,2025,"Females","GMoH report",32.2962502762116
0,1,0.0244292,0.0138214,0.0166359,0.0147799,0.00967939,0.0106998,0.011795,0.0186262,0.0180576,0.0165618,0.020439,0.0230894,0.0319568,0.0389781,0.0453062,0.0727386,0.0843329,0.208776,0.141477037988,0.0239273705599175,0.0537984599317973,0.0798582167307234,0.0712662305960342,0.047253487660192,0.0521052116412036,0.0572857854029311,0.0889872635778649,0.0863880958030664,0.0795166527511644,0.0972269461206025,0.109146672074507,0.147962944442592,0.177585624430923,0.203483355946987,0.307732857016541,0.348243532495934,1,0.976072629440082,0.946201540068203,0.920141783269277,0.928733769403966,0.952746512339808,0.947894788358796,0.942714214597069,0.911012736422135,0.913611904196934,0.920483347248836,0.902773053879397,0.890853327925493,0.852037055557408,0.822414375569077,0.796516644053013,0.692267142983459,0.651756467504066,0,100000,2392.73705599176,97945.7802953741,4472056.57826454,44.7205657826454,2025,"Females","GMoH report",33.6360242173546
0,1,0.0224503,0.0125626,0.0147829,0.013731,0.00907776,0.00969073,0.0109792,0.0167738,0.0147178,0.0181179,0.0178914,0.0208648,0.0259378,0.0342526,0.0423446,0.0668543,0.0656071,0.214618,0.133797144767,0.0220220479373403,0.0490187930215743,0.0712801805474623,0.0663764620006719,0.0443815865228166,0.0473075385425489,0.0534294679633422,0.0804935435000953,0.0709774212729716,0.0866640725020383,0.0856270313291922,0.0991520317213509,0.121791491621547,0.157754265604858,0.191455259089859,0.286403273997905,0.281813142454228,1,0.97797795206266,0.950981206978426,0.928719819452538,0.933623537999328,0.955618413477183,0.952692461457451,0.946570532036658,0.919506456499905,0.929022578727028,0.913335927497962,0.914372968670808,0.900847968278649,0.878208508378453,0.842245734395142,0.808544740910141,0.713596726002095,0.718186857545772,0,100000,2202.20479373402,98092.4439198598,4693909.06302335,46.9390906302335,2025,"Females","GMoH report",31.4174993697665
0,1,0.0253206,0.0140247,0.0165547,0.0161498,0.0105359,0.011873,0.0119968,0.0195325,0.0200775,0.0182409,0.0257995,0.0278236,0.0335131,0.043408,0.0554689,0.0715825,0.0788531,0.229616,0.144936463334,0.0247840083308738,0.0545681948746821,0.0794839189186918,0.0776153202524668,0.0513275452889747,0.0576536942212769,0.0582373455327808,0.093115551238581,0.0955895043176557,0.0872267633318501,0.121181448075914,0.13007043089722,0.154611706082238,0.195792588315953,0.243568331449194,0.303584208489501,0.32934150368871,1,0.975215991669126,0.945431805125318,0.920516081081308,0.922384679747533,0.948672454711025,0.942346305778723,0.941762654467219,0.906884448761419,0.904410495682344,0.91277323666815,0.878818551924086,0.86992956910278,0.845388293917762,0.804207411684047,0.756431668550806,0.696415791510499,0.67065849631129,0,100000,2478.40083308738,97880.8098183844,4310044.56405343,43.1004456405343,2025,"Females","GMoH report",35.2561443594657
0,1,0.0265881,0.0147506,0.0164918,0.016588,0.0101118,0.0113383,0.0128329,0.0190986,0.0182202,0.0189594,0.0231678,0.0281,0.0336056,0.0423174,0.0515277,0.0698384,0.0775651,0.236218,0.149855491409,0.026000394182574,0.0573116379077557,0.0791938760859157,0.0796374355478314,0.0493124070070649,0.0551288319128075,0.0621699481800021,0.0911413209206616,0.0871320897460237,0.0905070992559184,0.109496989137642,0.131277738846064,0.155005378159323,0.191344043892463,0.228237160200803,0.297286896941587,0.32483571349749,1,0.973999605817426,0.942688362092244,0.920806123914084,0.920362564452169,0.950687592992935,0.944871168087192,0.937830051819998,0.908858679079338,0.912867910253976,0.909492900744082,0.890503010862358,0.868722261153936,0.844994621840677,0.808655956107537,0.771762839799197,0.702713103058413,0.67516428650251,0,100000,2600.03941825741,97789.5907664483,4322087.49900083,43.2208749900083,2025,"Females","GMoH report",35.1357150099917
0,1,0.0235833,0.0120947,0.0138229,0.0139569,0.00916055,0.00947098,0.0121449,0.0167909,0.0147461,0.0156322,0.0164183,0.0208271,0.0254563,0.0297544,0.0385604,0.063822,0.0681247,0.198907,0.138194193137,0.0231135353104629,0.0472361850259337,0.0668058727537795,0.067431657740214,0.044777288524028,0.0462595908506141,0.0589350978260316,0.0805722965640565,0.0711090471977916,0.0752213134593518,0.0788548437952895,0.0989817433335448,0.119665874027485,0.138471647992435,0.175849894336105,0.275200400153507,0.291053644466955,1,0.976886464689537,0.952763814974066,0.933194127246221,0.932568342259786,0.955222711475972,0.953740409149386,0.941064902173968,0.919427703435943,0.928890952802208,0.924778686540648,0.92114515620471,0.901018256666455,0.880334125972515,0.861528352007565,0.824150105663895,0.724799599846493,0.708946355533045,0,100000,2311.35353104629,98008.062105231,4753236.49326951,47.5323649326951,2025,"Females","GMoH report",30.8242250673049
0,1,0.0223623,0.0110954,0.0127519,0.0120947,0.00825974,0.0093008,0.0101723,0.0150878,0.0144152,0.0149868,0.0158873,0.0166188,0.0228858,0.0296436,0.0376481,0.0550597,0.0645931,0.20229,0.133455626447,0.0219372025293091,0.0434181172438648,0.0617896610530442,0.0586986437826063,0.0404631620056389,0.0454472603034248,0.0496001314569511,0.07269690894312,0.0695688768172596,0.0722278395361009,0.0764019483162866,0.0797794050580531,0.108236313444433,0.137991581859942,0.172047359510986,0.24198890826852,0.27806310511284,1,0.978062797470691,0.956581882756135,0.938210338946956,0.941301356217394,0.959536837994361,0.954552739696575,0.950399868543049,0.92730309105688,0.93043112318274,0.927772160463899,0.923598051683713,0.920220594941947,0.891763686555566,0.862008418140058,0.827952640489014,0.758011091731481,0.72193689488716,0,100000,2193.72025293091,98099.0440576735,4950273.68279454,49.5027368279454,2025,"Females","GMoH report",28.8538531720546
0,1,0.024632,0.0127039,0.0146583,0.0148108,0.00884537,0.00984517,0.0117135,0.0177095,0.0160886,0.0167822,0.0195423,0.0219031,0.0290183,0.0340051,0.0442591,0.0657328,0.0741201,0.233596,0.14226408248,0.0241223490136023,0.0495564788955185,0.0707006226572578,0.0714099054315847,0.0432700020548111,0.0480433623263146,0.0569012189301541,0.0847933791307117,0.0773325681116955,0.0805322300232591,0.093160093749784,0.103830002671229,0.13527767929713,0.156703688505043,0.19924904183167,0.282276876354854,0.312663816615242,1,0.975877650986398,0.950443521104481,0.929299377342742,0.928590094568415,0.956729997945189,0.951956637673685,0.943098781069846,0.915206620869288,0.922667431888305,0.919467769976741,0.906839906250216,0.89616999732877,0.86472232070287,0.843296311494957,0.80075095816833,0.717723123645146,0.687336183384758,0,100000,2412.23490136024,97930.939483608,4611453.91615057,46.1145391615057,2025,"Females","GMoH report",32.2420508384943
0,1,0.0233021,0.0130727,0.0141365,0.0141732,0.00947364,0.0102033,0.0113583,0.0174378,0.0157546,0.0142296,0.0194428,0.0207682,0.026487,0.0376403,0.0463308,0.0574511,0.066501,0.210515,0.137102886869,0.0228427927743212,0.0509584704077999,0.068269761298509,0.0684409324408243,0.0462722826309405,0.0497475276283735,0.0552233904117165,0.0835468182325606,0.0757879768498052,0.068703926518047,0.0927077541919899,0.0987156348792518,0.124210116603789,0.172014780174495,0.20760745169278,0.251179197077021,0.285105498166135,1,0.977157207225679,0.9490415295922,0.931730238701491,0.931559067559176,0.953727717369059,0.950252472371626,0.944776609588283,0.916453181767439,0.924212023150195,0.931296073481953,0.90729224580801,0.901284365120748,0.875789883396211,0.827985219825505,0.79239254830722,0.748820802922979,0.714894501833865,0,100000,2284.27927743213,98028.9020059188,4665175.65724306,46.6517565724306,2025,"Females","GMoH report",31.7048334275694
0,1,0.023086,0.0131803,0.0146109,0.015546,0.00963108,0.0106431,0.0114958,0.0173536,0.0182712,0.0163908,0.0181952,0.0222292,0.0289968,0.0376601,0.0460663,0.0677766,0.0784474,0.200249,0.13626422654,0.0226346602555378,0.0513671315909827,0.0704800573260375,0.0748220413624485,0.0470231897442938,0.0518362539148959,0.0558732312699182,0.0831601788028185,0.08736532661106,0.0787279642105445,0.0870177371715409,0.105294470396647,0.135184225150397,0.172097479299575,0.206544632490731,0.289781917265635,0.327924866975973,1,0.977365339744462,0.948632868409017,0.929519942673963,0.925177958637552,0.952976810255706,0.948163746085104,0.944126768730082,0.916839821197182,0.91263467338894,0.921272035789455,0.912982262828459,0.894705529603353,0.864815774849603,0.827902520700425,0.793455367509269,0.710218082734365,0.672075133024027,0,100000,2263.46602555379,98044.9634217179,4566264.19145781,45.6626419145781,2025,"Females","GMoH report",32.6939480854219
0,1,0.0243476,0.0131056,0.0154672,0.0145274,0.00968047,0.010085,0.0129622,0.0183815,0.0179881,0.0181268,0.0201256,0.0251081,0.0295695,0.0376022,0.0475963,0.0651801,0.0765479,0.212378,0.141160357364,0.0238489031211074,0.051083441693094,0.0744569005688054,0.0700913859976445,0.0472586354921922,0.0491849250765085,0.0627766899730774,0.0878695640223098,0.0860699144305783,0.0867047986400298,0.0958075394596283,0.118125719081805,0.137670388609992,0.171855625954349,0.212675127117896,0.280235977420358,0.321260045422506,1,0.976151096878893,0.948916558306906,0.925543099431195,0.929908614002355,0.952741364507808,0.950815074923491,0.937223310026923,0.91213043597769,0.913930085569422,0.91329520135997,0.904192460540372,0.881874280918195,0.862329611390008,0.828144374045652,0.787324872882104,0.719764022579642,0.678739954577494,0,100000,2384.89031211074,97951.7616566208,4507398.95942178,45.0739895942178,2025,"Females","GMoH report",33.2826004057821
0,1,0.0213433,0.0112089,0.0122386,0.0125066,0.00828241,0.0097146,0.00990101,0.0150436,0.0140007,0.0147396,0.0154867,0.0174141,0.0232298,0.028653,0.0391108,0.0588962,0.0673769,0.198009,0.129500999537,0.0209539891035804,0.0438525229118664,0.0593762932437671,0.060637090412614,0.0405719658605915,0.0474213025359604,0.0483092734999604,0.0724916611170489,0.0676361175234728,0.0710788166840109,0.0745472719102681,0.0834380055680917,0.109773933688034,0.133688554611772,0.178136361027786,0.256686370468964,0.28831934141375,1,0.97904601089642,0.956147477088134,0.940623706756233,0.939362909587386,0.959428034139409,0.95257869746404,0.95169072650004,0.927508338882951,0.932363882476527,0.928921183315989,0.925452728089732,0.916561994431908,0.890226066311966,0.866311445388228,0.821863638972214,0.743313629531036,0.71168065858625,0,100000,2095.39891035804,98175.9573429621,4951904.48538477,49.5190448538477,2025,"Females","GMoH report",28.8375451461523
0,1,0.0265381,0.0134304,0.0163575,0.016328,0.0104127,0.0109906,0.0128565,0.019867,0.0181842,0.0191227,0.0227256,0.0251613,0.0321976,0.0386971,0.0484157,0.0620953,0.0790825,0.221125,0.149661446909,0.0259524474793049,0.0523163412217118,0.0785743021321821,0.0784381545320036,0.0507425817963236,0.0534834616655466,0.0622807198142696,0.0946347295691255,0.0869674177073165,0.0912510823202847,0.107519393195018,0.11836119609193,0.148994811632457,0.17641830775722,0.215941145682455,0.268755384441261,0.33014146832748,1,0.974047552520695,0.947683658778288,0.921425697867818,0.921561845467996,0.949257418203676,0.946516538334453,0.93771928018573,0.905365270430875,0.913032582292683,0.908748917679715,0.892480606804982,0.88163880390807,0.851005188367543,0.82358169224278,0.784058854317545,0.731244615558739,0.66985853167252,0,100000,2595.2447479305,97793.1633361278,4378442.28739568,43.7844228739568,2025,"Females","GMoH report",34.5721671260432
0,1,0.0240951,0.0131903,0.0145174,0.0139259,0.00919262,0.0100054,0.0116408,0.0183705,0.0173977,0.0170597,0.0185216,0.0226513,0.0268006,0.036751,0.0434951,0.0614564,0.0695371,0.213661,0.140180432639,0.0236060432517072,0.0514051025516266,0.0700448280337568,0.0672869226110277,0.0449305268506553,0.0488061864551052,0.0565580476959524,0.0878192893619412,0.0833627018069338,0.0818093908378105,0.0885096492032908,0.10718670450085,0.125588389519602,0.168292688511303,0.196146924734907,0.266358425194666,0.296194273040405,1,0.976393956748293,0.948594897448373,0.929955171966243,0.932713077388972,0.955069473149345,0.951193813544895,0.943441952304048,0.912180710638059,0.916637298193066,0.91819060916219,0.911490350796709,0.89281329549915,0.874411610480398,0.831707311488697,0.803853075265093,0.733641574805334,0.703805726959595,0,100000,2360.60432517072,97970.3062104212,4613187.1194964,46.131871194964,2025,"Females","GMoH report",32.224718805036
0,1,0.0225932,0.0117938,0.012602,0.0124644,0.00841989,0.00932548,0.0096725,0.0153245,0.0152422,0.0154953,0.016221,0.0191667,0.0236236,0.0278355,0.0376847,0.0595003,0.0637757,0.187879,0.134351723948,0.0221598037735391,0.0460880925091316,0.0610855012821072,0.0604386705858736,0.0412315374748277,0.0455651087247244,0.0472206457597227,0.0737953094508029,0.0734135403386265,0.0745871252935954,0.0779441690832514,0.0914514440197659,0.111531085614682,0.13012244191985,0.172200216274409,0.258978285759552,0.275028208679325,1,0.977840196226461,0.953911907490868,0.938914498717893,0.939561329414126,0.958768462525172,0.954434891275276,0.952779354240277,0.926204690549197,0.926586459661374,0.925412874706405,0.922055830916749,0.908548555980234,0.888468914385317,0.86987755808015,0.827799783725591,0.741021714240448,0.724971791320675,0,100000,2215.98037735392,98081.7404065785,4909401.98139389,49.0940198139389,2025,"Females","GMoH report",29.2625701860611
0,1,0.0235394,0.0120241,0.0150061,0.0138612,0.00931476,0.00952474,0.0106695,0.0165893,0.0161893,0.0172794,0.0174786,0.0210875,0.0279719,0.0318769,0.0450528,0.0562858,0.0666539,0.205642,0.138023822066,0.0230712745634661,0.0469669298769335,0.0723174912368758,0.0669847765386076,0.0455139218531968,0.0465160664041933,0.051961492148796,0.0796434281917467,0.0777977713506811,0.082819329207241,0.0837341123592922,0.10015733072105,0.130718395296514,0.14762030569359,0.202460472105782,0.246712915457812,0.285667386472073,1,0.976928725436534,0.953033070123066,0.927682508763124,0.933015223461392,0.954486078146803,0.953483933595807,0.948038507851204,0.920356571808253,0.922202228649319,0.917180670792759,0.916265887640708,0.89984266927895,0.869281604703486,0.85237969430641,0.797539527894218,0.753287084542188,0.714332613527927,0,100000,2307.1274563466,98011.3110931718,4697814.19918451,46.9781419918451,2025,"Females","GMoH report",31.3784480081549
0,1,0.0230243,0.0119315,0.0144558,0.0143463,0.00944669,0.00959741,0.0109489,0.0170493,0.0156052,0.0175882,0.0181146,0.0212354,0.0249062,0.031533,0.048142,0.0698755,0.0702638,0.204881,0.136024775627,0.0225752240540969,0.04661365827264,0.0697579814301067,0.0692478730955242,0.0461436872282445,0.0468626498395095,0.0532859438241592,0.0817615567272263,0.0750962692478342,0.084237054591102,0.0866489713585701,0.100824384655231,0.117231520745049,0.14614409558481,0.214851542591411,0.297421338205546,0.298827168920933,1,0.977424775945903,0.95338634172736,0.930242018569893,0.930752126904476,0.953856312771755,0.953137350160491,0.946714056175841,0.918238443272774,0.924903730752166,0.915762945408898,0.91335102864143,0.899175615344769,0.882768479254951,0.85385590441519,0.785148457408589,0.702578661794454,0.701172831079067,0,100000,2257.52240540969,98049.5565732591,4682587.07587509,46.8258707587509,2025,"Females","GMoH report",31.5307192412491
0,1,0.0240817,0.0134984,0.0167439,0.0159364,0.0100271,0.0104189,0.0116591,0.0178541,0.0181867,0.0160822,0.0214272,0.0232894,0.0309672,0.0415419,0.0503752,0.069226,0.0751306,0.216512,0.140128428713,0.0235931525967861,0.0525742631330497,0.0803558252442327,0.0766290230910303,0.0489094501314669,0.0507720282862217,0.0566444419666661,0.0854561436635419,0.086978854181637,0.0773029944563839,0.101688737698943,0.110040081324975,0.143710240593716,0.188167419671836,0.223703258971631,0.295064638361898,0.316252415651612,1,0.976406847403214,0.94742573686695,0.919644174755767,0.92337097690897,0.951090549868533,0.949227971713778,0.943355558033334,0.914543856336458,0.913021145818363,0.922697005543616,0.898311262301057,0.889959918675025,0.856289759406284,0.811832580328164,0.776296741028369,0.704935361638102,0.683747584348388,0,100000,2359.31525967861,97971.2918804988,4456404.67407367,44.5640467407367,2025,"Females","GMoH report",33.7925432592632
0,1,0.0259645,0.0127508,0.0153558,0.0135286,0.00999876,0.00993421,0.011345,0.0173108,0.0169203,0.0150184,0.0185535,0.0234901,0.0258041,0.0306491,0.043508,0.0672768,0.0797458,0.214541,0.147435368405,0.0254021866697943,0.0497348809597177,0.07394046261061,0.065430057316471,0.0487745865377739,0.0484673382101972,0.0551605100341562,0.0829635849347776,0.0811680313959287,0.0723746224263792,0.0886553331891861,0.11093576921869,0.121201745121759,0.142339087670217,0.196199392119195,0.287952665315291,0.332450226765925,1,0.974597813330206,0.950265119040282,0.92605953738939,0.934569942683529,0.951225413462226,0.951532661789803,0.944839489965844,0.917036415065222,0.918831968604071,0.927625377573621,0.911344666810814,0.88906423078131,0.878798254878241,0.857660912329783,0.803800607880805,0.712047334684709,0.667549773234075,0,100000,2540.21866697943,97834.2994080159,4626953.75555275,46.2695375555275,2025,"Females","GMoH report",32.0870524444725
0,1,0.0232319,0.0110919,0.0131027,0.0130489,0.00859246,0.00879948,0.010565,0.016188,0.015586,0.0151216,0.0151859,0.0185843,0.0216769,0.0285298,0.039651,0.0562548,0.067649,0.200214,0.136830448391,0.0227751875982987,0.0434047184077854,0.0634355573081464,0.0631833180042363,0.0420588280067625,0.0430503483027914,0.0514656631714832,0.0777917671821389,0.0750073390345199,0.0728538336718687,0.0731522915397657,0.0887959725197529,0.102812840826709,0.133152000164283,0.180374888263645,0.246593789259861,0.289315277056083,1,0.977224812401701,0.956595281592215,0.936564442691854,0.936816681995764,0.957941171993237,0.956949651697209,0.948534336828517,0.922208232817861,0.92499266096548,0.927146166328131,0.926847708460234,0.911204027480247,0.897187159173291,0.866847999835717,0.819625111736355,0.753406210740139,0.710684722943917,0,100000,2277.51875982987,98034.1151532966,4888980.28143905,48.8898028143905,2025,"Females","GMoH report",29.4667871856095
0,1,0.0223574,0.0101197,0.0127905,0.012161,0.00851193,0.00859525,0.00992786,0.0144346,0.0145419,0.0140454,0.0140287,0.0173593,0.0223297,0.0251381,0.0371274,0.0536021,0.0612179,0.194846,0.133436610086,0.0219324778851572,0.0396757858988782,0.0619709029156436,0.0590109204898086,0.0416728588562885,0.0420721973640173,0.0484371079340643,0.0696592417718019,0.0701588910554036,0.0678447339349743,0.0677667997411774,0.0831863576539447,0.105745345401945,0.118258514115766,0.169869928080464,0.236339734758724,0.265461943259357,1,0.978067522114843,0.960324214101122,0.938029097084356,0.940989079510191,0.958327141143712,0.957927802635983,0.951562892065936,0.930340758228198,0.929841108944596,0.932155266065026,0.932233200258823,0.916813642346055,0.894254654598055,0.881741485884234,0.830130071919536,0.763660265241277,0.734538056740643,0,100000,2193.24778851571,98099.4117614624,5023201.15031178,50.2320115031178,2025,"Females","GMoH report",28.1245784968822
0,1,0.024475,0.0142175,0.0154022,0.0161129,0.00982784,0.0108065,0.0120024,0.0194302,0.0170363,0.0182887,0.0208162,0.0242022,0.0312807,0.0407141,0.0467833,0.0709632,0.0791708,0.219636,0.14165478275,0.0239714086661067,0.0552976123916436,0.0741556014869444,0.0774448472998554,0.0479608217928777,0.0526111441761511,0.0582637382694858,0.0926504576923645,0.0817017607340177,0.0874453457623885,0.0989325030737885,0.114106904678948,0.145059586482771,0.184764226967097,0.209422778335717,0.301353481545904,0.33044918429921,1,0.976028591333893,0.944702387608356,0.925844398513056,0.922555152700145,0.952039178207122,0.947388855823849,0.941736261730514,0.907349542307635,0.918298239265982,0.912554654237612,0.901067496926211,0.885893095321052,0.854940413517229,0.815235773032903,0.790577221664283,0.698646518454096,0.66955081570079,0,100000,2397.14086661067,97942.4256020702,4440827.43717155,44.4082743717155,2025,"Females","GMoH report",33.9483156282845
0,1,0.0233501,0.011035,0.0132665,0.0137535,0.00884177,0.00952444,0.01069,0.0156516,0.0138188,0.0149294,0.0166598,0.0190119,0.0227333,0.0327025,0.0382251,0.0558885,0.0651694,0.207926,0.137289169589,0.0228890148909654,0.0431868658702437,0.0642031231662862,0.0664816128443626,0.0432527723378167,0.0465146353658404,0.0520587304292776,0.0753111500112113,0.0667867192114036,0.0719611577294836,0.0799683578785378,0.0907463487313845,0.107553864339526,0.151154661690191,0.174454178913987,0.24518495202226,0.280196418767013,1,0.977110985109035,0.956813134129756,0.935796876833714,0.933518387155637,0.956747227662183,0.95348536463416,0.947941269570722,0.924688849988789,0.933213280788596,0.928038842270516,0.920031642121462,0.909253651268616,0.892446135660474,0.848845338309809,0.825545821086013,0.75481504797774,0.719803581232987,0,100000,2288.90148909653,98025.3398956126,4854641.0948206,48.546410948206,2025,"Females","GMoH report",29.810179051794
0,1,0.0244689,0.0137455,0.0167979,0.0158699,0.0100293,0.0109708,0.0118357,0.0187633,0.0174452,0.0178537,0.0225255,0.0263988,0.033091,0.0421765,0.0503815,0.0742999,0.0746436,0.229427,0.141631109321,0.0239655434808946,0.0535109309959893,0.0806045327963505,0.0763214649581516,0.048919918649716,0.0533896812133611,0.0574777757246397,0.0896129149808496,0.0835807909637001,0.0854543109226985,0.10662315055541,0.123822112069734,0.152813150123184,0.190767713797545,0.223728106061195,0.313303460532039,0.314524835055187,1,0.976034456519105,0.946489069004011,0.91939546720365,0.923678535041848,0.951080081350284,0.946610318786639,0.94252222427536,0.91038708501915,0.9164192090363,0.914545689077301,0.89337684944459,0.876177887930266,0.847186849876816,0.809232286202455,0.776271893938805,0.686696539467961,0.685475164944813,0,100000,2396.55434808946,97942.8723027785,4396714.38225872,43.9671438225872,2025,"Females","GMoH report",34.3894461774128
0,1,0.0220382,0.0115712,0.0138381,0.012812,0.00857017,0.00961293,0.0109353,0.0146156,0.0152438,0.0166069,0.0155564,0.0196489,0.0245114,0.0295161,0.0415892,0.0664452,0.0703229,0.197656,0.132197829998,0.021624633261739,0.0452378867301365,0.0668768776968578,0.0620718389969284,0.0419520103486752,0.0469366530983287,0.0532215168665238,0.0705019299804445,0.0734209637807958,0.0797245556902682,0.0748702221888533,0.0936444727961875,0.115480526553586,0.137438852699584,0.188361490724864,0.284900348422494,0.299040935493466,1,0.978375366738261,0.954762113269863,0.933123122303142,0.937928161003072,0.958047989651325,0.953063346901671,0.946778483133476,0.929498070019555,0.926579036219204,0.920275444309732,0.925129777811147,0.906355527203813,0.884519473446414,0.862561147300416,0.811638509275136,0.715099651577506,0.700959064506534,0,100000,2162.46332617391,98123.4096329965,4830367.73256518,48.3036773256518,2025,"Females","GMoH report",30.0529126743482
0,1,0.0225449,0.0116368,0.0141976,0.0130841,0.00883119,0.00942493,0.0108132,0.0161528,0.0154675,0.0139995,0.0165056,0.0215423,0.0268262,0.0299132,0.0401113,0.0562925,0.0723684,0.201418,0.134164276961,0.022113245472583,0.0454885184177526,0.0685547188105387,0.0633483593292504,0.043202134357704,0.0460398442273654,0.0526429043662667,0.0776291785132768,0.0744582909613869,0.0676305164619764,0.0792575177860754,0.102207062019636,0.125700812180696,0.139159253542343,0.182277982864789,0.246738659960442,0.306406609756283,1,0.977886754527417,0.954511481582247,0.931445281189461,0.93665164067075,0.956797865642296,0.953960155772635,0.947357095633733,0.922370821486723,0.925541709038613,0.932369483538024,0.920742482213925,0.897792937980364,0.874299187819304,0.860840746457657,0.817722017135211,0.753261340039558,0.693593390243717,0,100000,2211.32454725829,98085.3562117507,4802167.51002723,48.0216751002723,2025,"Females","GMoH report",30.3349148997277
0,1,0.0237714,0.0134146,0.0169298,0.0169244,0.00977178,0.0112068,0.0121646,0.0189079,0.0174761,0.0196856,0.0236907,0.0261274,0.0350488,0.0381537,0.0564171,0.0736605,0.0761579,0.216565,0.138924188546,0.0232945836895525,0.0522564025253664,0.0812117531536484,0.0811869010304986,0.0476937674917487,0.0545068807227896,0.0590278738154611,0.0902723486475189,0.0837226370563488,0.0938111767475463,0.111830162899492,0.122627176755121,0.16112583232042,0.174156694328954,0.247217293129464,0.311026568607684,0.319885063337183,1,0.976705416310447,0.947743597474634,0.918788246846352,0.918813098969501,0.952306232508251,0.94549311927721,0.940972126184539,0.909727651352481,0.916277362943651,0.906188823252454,0.888169837100508,0.877372823244879,0.83887416767958,0.825843305671046,0.752782706870536,0.688973431392316,0.680114936662817,0,100000,2329.45836895525,97994.1597447035,4362753.47222501,43.6275347222501,2025,"Females","GMoH report",34.7290552777499
0,1,0.0236983,0.0138194,0.0152147,0.0150448,0.00978691,0.0103071,0.0122634,0.0178528,0.0172459,0.017193,0.0209169,0.022714,0.0272837,0.033329,0.0462505,0.0670958,0.0795563,0.211906,0.138640495487,0.0232242294717636,0.0537908845014416,0.0732859409842667,0.0724972340335308,0.0477658498169207,0.0502409049221912,0.0594930328522978,0.0854501872429717,0.0826654018649434,0.0824222841706357,0.0993873137429264,0.107467460268645,0.127707656528906,0.153827692123075,0.207284921809611,0.287289245589449,0.331791282900465,1,0.976775770528236,0.946209115498558,0.926714059015733,0.927502765966469,0.952234150183079,0.949759095077809,0.940506967147702,0.914549812757028,0.917334598135057,0.917577715829364,0.900612686257074,0.892532539731355,0.872292343471094,0.846172307876925,0.792715078190389,0.712710754410551,0.668208717099535,0,100000,2322.42294717637,97999.5589209505,4536121.87938922,45.3612187938922,2025,"Females","GMoH report",32.9953712061078
0,1,0.022531,0.0118802,0.015121,0.0130164,0.00917994,0.00949173,0.0116631,0.0152974,0.015645,0.0158879,0.0167753,0.021228,0.0246112,0.0319275,0.038739,0.0605099,0.065715,0.203187,0.13411033259,0.0220998461435109,0.0464178923115213,0.0728510482485829,0.0630309111212049,0.044869941571427,0.0463585919061174,0.0566633249373092,0.073669616039012,0.0752805880017804,0.0764047234843813,0.0805004519221748,0.100791020539945,0.115923461274691,0.147837310659775,0.176592461577384,0.262795218951862,0.282211223602418,1,0.977900153856489,0.953582107688479,0.927148951751417,0.936969088878795,0.955130058428573,0.953641408093883,0.943336675062691,0.926330383960988,0.92471941199822,0.923595276515619,0.919499548077825,0.899208979460055,0.884076538725309,0.852162689340225,0.823407538422616,0.737204781048138,0.717788776397582,0,100000,2209.98461435109,98086.3971572983,4760156.48673354,47.6015648673354,2025,"Females","GMoH report",30.7550251326646
0,1,0.0220857,0.0132261,0.0149997,0.0144656,0.00926255,0.0103798,0.011733,0.0165573,0.0168923,0.0165463,0.0200003,0.0226797,0.0265195,0.0335169,0.0475726,0.0646561,0.0847677,0.208586,0.132382172273,0.021670451947071,0.051541026459878,0.0722877630995878,0.069803621820484,0.0452645862662,0.0505863105347778,0.0569932456227701,0.0794959060854293,0.0810391556764181,0.0794451901265237,0.0952394557813411,0.107313883302179,0.124353048336594,0.154627881865736,0.212580484149387,0.278296572454338,0.349725033247883,1,0.978329548052929,0.948458973540122,0.927712236900412,0.930196378179516,0.9547354137338,0.949413689465222,0.94300675437723,0.920504093914571,0.918960844323582,0.920554809873476,0.904760544218659,0.892686116697821,0.875646951663406,0.845372118134264,0.787419515850613,0.721703427545662,0.650274966752117,0,100000,2167.0451947071,98119.832955582,4606575.11715155,46.0657511715155,2025,"Females","GMoH report",32.2908388284845
0,1,0.0218241,0.0126716,0.0146722,0.0137496,0.0094073,0.0102203,0.010896,0.0161485,0.0165626,0.015944,0.0180804,0.0210841,0.0266494,0.0364055,0.0491017,0.0610349,0.0753891,0.203604,0.131366931449,0.0214180746681181,0.0494335945271788,0.0707652936464031,0.0664633875174743,0.0459557023042823,0.0498283483289345,0.0530353179393326,0.0776093149440644,0.0795203410003683,0.0766641663300829,0.0864924545613714,0.100141990637975,0.124924118022901,0.166842535210945,0.218666284273696,0.26477344773682,0.317167978819876,1,0.978581925331882,0.950566405472821,0.929234706353597,0.933536612482526,0.954044297695718,0.950171651671066,0.946964682060667,0.922390685055936,0.920479658999632,0.923335833669917,0.913507545438629,0.899858009362025,0.875075881977099,0.833157464789055,0.781333715726304,0.73522655226318,0.682832021180124,0,100000,2141.80746681181,98139.5552078578,4674676.77127865,46.7467677127865,2025,"Females","GMoH report",31.6098222872135
0,1,0.0224583,0.0110666,0.0131094,0.0127771,0.00884856,0.00950573,0.0100778,0.0160216,0.0139526,0.0145547,0.0153635,0.0175728,0.0235804,0.02866,0.037354,0.0577901,0.0647709,0.201156,0.133828191887,0.0220297606545378,0.0433078585061125,0.0634669654091628,0.0619079885972356,0.0432852692449253,0.0464253821307946,0.0491506733600307,0.0770229238097253,0.0674115828720486,0.0702184778028087,0.0739761678626071,0.0841664016430189,0.111338484972393,0.133719031400177,0.170818147313161,0.252474223448694,0.278721839082438,1,0.977970239345462,0.956692141493887,0.936533034590837,0.938092011402764,0.956714730755075,0.953574617869205,0.950849326639969,0.922977076190275,0.932588417127951,0.929781522197191,0.926023832137393,0.915833598356981,0.888661515027607,0.866280968599823,0.82918185268684,0.747525776551306,0.721278160917562,0,100000,2202.97606545378,98091.8442381562,4911683.23728444,49.1168323728444,2025,"Females","GMoH report",29.2397576271556
0,1,0.0256081,0.0138127,0.0160873,0.0149734,0.00926989,0.0109676,0.0120231,0.0177582,0.0170417,0.0179096,0.0209363,0.0241973,0.0299417,0.0334639,0.0473407,0.0646959,0.079474,0.227934,0.146052219209,0.0250600865249327,0.0537655063800486,0.0773265610365902,0.0721655894088633,0.0452996432256475,0.053374523928407,0.0583612909082039,0.0850166435990963,0.081726599522302,0.0857104024411021,0.0994749086738302,0.114085120296617,0.139282605060174,0.154402246646145,0.211653891541726,0.278444031892685,0.331504940830994,1,0.974939913475067,0.946234493619951,0.92267343896341,0.927834410591137,0.954700356774352,0.946625476071593,0.941638709091796,0.914983356400904,0.918273400477698,0.914289597558898,0.90052509132617,0.885914879703383,0.860717394939826,0.845597753353855,0.788346108458273,0.721555968107315,0.668495059169006,0,100000,2506.00865249327,97859.9994725603,4493828.96472089,44.9382896472089,2025,"Females","GMoH report",33.4183003527911
0,1,0.0235091,0.0103952,0.0122429,0.0119457,0.00813413,0.00882037,0.00938133,0.0146287,0.0147258,0.0139312,0.0140545,0.015163,0.0208407,0.0307601,0.0380187,0.0561083,0.0669503,0.188133,0.137906231099,0.0230421045467862,0.0407339253974175,0.0593965353921195,0.0579964786621149,0.0398600822724627,0.0431503449791408,0.045831743230694,0.0705628915702169,0.0710146318362639,0.0673116691856038,0.067887198424362,0.0730460084352411,0.0990431771451763,0.142817777226814,0.173593958431455,0.24603060281955,0.286755571203188,1,0.976957895453214,0.959266074602583,0.94060346460788,0.942003521337885,0.960139917727537,0.956849655020859,0.954168256769306,0.929437108429783,0.928985368163736,0.932688330814396,0.932112801575638,0.926953991564759,0.900956822854824,0.857182222773186,0.826406041568545,0.75396939718045,0.713244428796812,0,100000,2304.21045467863,98013.554524785,5030241.27916819,50.3024127916819,2025,"Females","GMoH report",28.0541772083181
0,1,0.0232828,0.012191,0.0141822,0.0142545,0.00898367,0.0110256,0.0105611,0.0166258,0.0151615,0.0174806,0.0207776,0.0228463,0.0268278,0.0364174,0.038492,0.0607169,0.0709949,0.204991,0.137027985692,0.0228242067974505,0.0476033354744617,0.0684829043836263,0.0688200128182072,0.0439316806952219,0.0536492130903769,0.0514471536636082,0.0798116679283904,0.0730390462506759,0.0837432925026935,0.098758108796666,0.108059595176782,0.125707838149249,0.166892520784002,0.175565346688195,0.263575744670968,0.30146780782552,1,0.97717579320255,0.952396664525538,0.931517095616374,0.931179987181793,0.956068319304778,0.946350786909623,0.948552846336392,0.92018833207161,0.926960953749324,0.916256707497306,0.901241891203334,0.891940404823218,0.874292161850751,0.833107479215998,0.824434653311805,0.736424255329032,0.69853219217448,0,100000,2282.42067974505,98030.3348285022,4668383.86073886,46.6838386073886,2025,"Females","GMoH report",31.6727513926114
0,1,0.022565,0.0117555,0.0129531,0.0128416,0.00833492,0.00965478,0.0104316,0.0147314,0.0151506,0.0140622,0.0151607,0.0169618,0.0217434,0.0304787,0.0376737,0.0621321,0.0735347,0.194176,0.13424228285,0.0221326210354162,0.0459418609081876,0.0627340005438874,0.0622107849596552,0.0408239393290194,0.047136176465462,0.0508323433185944,0.0710406783764142,0.0729884528650567,0.0679231284575119,0.0730353330650035,0.0813590117847726,0.103111987051842,0.141603754146256,0.172154278404208,0.268893245026693,0.310577873173814,1,0.977867378964584,0.954058139091812,0.937265999456113,0.937789215040345,0.959176060670981,0.952863823534538,0.949167656681406,0.928959321623586,0.927011547134943,0.932076871542488,0.926964666934996,0.918640988215227,0.896888012948158,0.858396245853744,0.827845721595792,0.731106754973307,0.689422126826186,0,100000,2213.26210354161,98083.8512537832,4907288.72928958,49.0728872928958,2025,"Females","GMoH report",29.2837027071042
0,1,0.0246626,0.0121092,0.0153127,0.01425,0.00941597,0.0100649,0.0115536,0.0180891,0.0157516,0.0165851,0.0181007,0.0226806,0.0270058,0.032092,0.0429142,0.0597547,0.0654148,0.206135,0.142382837714,0.0241517643648059,0.0472914761148599,0.0737405814943776,0.0687990343995172,0.0459970821362928,0.0490893026933054,0.0561462711053919,0.0865322726662809,0.0757740920299525,0.0796240672073965,0.0865853608951145,0.107317913336926,0.126489148390959,0.148542440035918,0.193781098009502,0.259941660194012,0.281103222329844,1,0.975848235635194,0.95270852388514,0.926259418505622,0.931200965600483,0.954002917863707,0.950910697306695,0.943853728894608,0.913467727333719,0.924225907970047,0.920375932792604,0.913414639104886,0.892682086663074,0.873510851609041,0.851457559964082,0.806218901990498,0.740058339805988,0.718896777670156,0,100000,2415.17643648059,97928.7032381255,4644641.28752977,46.4464128752977,2025,"Females","GMoH report",31.9101771247023
0,1,0.0264597,0.0140175,0.0163021,0.0156684,0.00988066,0.0110552,0.0126392,0.0197661,0.0180809,0.0179575,0.0218608,0.0261187,0.0326618,0.0416547,0.0495282,0.0687175,0.0793826,0.221727,0.149357185133,0.0258772609836461,0.0545409446176443,0.0783186056471971,0.0753889398376206,0.0482123747922139,0.0537893694082936,0.0612602971312469,0.0941767331854573,0.0864947430030886,0.0859297895120916,0.103639873626561,0.122588846722756,0.150980742926692,0.188630167413593,0.220356364739743,0.293214996239739,0.331186822383624,1,0.974122739016354,0.945459055382356,0.921681394352803,0.924611060162379,0.951787625207786,0.946210630591706,0.938739702868753,0.905823266814543,0.913505256996911,0.914070210487908,0.896360126373439,0.877411153277244,0.849019257073308,0.811369832586407,0.779643635260257,0.706785003760261,0.668813177616376,0,100000,2587.72609836461,97798.7693875823,4385617.54719313,43.8561754719313,2025,"Females","GMoH report",34.5004145280687
0,1,0.0254245,0.0131492,0.0153361,0.0151549,0.00979199,0.0106315,0.0106174,0.0185561,0.0190465,0.0169331,0.0207274,0.0246541,0.0284069,0.037021,0.0531345,0.0672984,0.0780267,0.20988,0.145339687805,0.0248837923348246,0.0512490324451446,0.0738491067836386,0.0730084120409033,0.0477900507523341,0.0517812199015419,0.0517143209225912,0.0886672061403477,0.0909039927549807,0.0812269402453295,0.098531258006966,0.11611379708803,0.132616444786487,0.169424352605481,0.234519772826832,0.288031801521255,0.326453313172674,1,0.975116207665175,0.948750967554855,0.926150893216361,0.926991587959097,0.952209949247666,0.948218780098458,0.948285679077409,0.911332793859652,0.909096007245019,0.91877305975467,0.901468741993034,0.88388620291197,0.867383555213513,0.830575647394519,0.765480227173168,0.711968198478745,0.673546686827326,0,100000,2488.37923348247,97873.2810274523,4502895.80918257,45.0289580918257,2025,"Females","GMoH report",33.3276319081743
0,1,0.0244351,0.0117796,0.0139956,0.0130042,0.00919217,0.00975956,0.0106939,0.0156382,0.0151485,0.015396,0.0166176,0.0178972,0.0214491,0.0307209,0.0394769,0.0632158,0.065199,0.200037,0.141499935239,0.023933043738927,0.0460338786461985,0.0676123127878654,0.0629736937299911,0.0449283768064281,0.0476355450986915,0.0520772283201674,0.0752490988556875,0.0729787052103043,0.074126857263912,0.0797738741714224,0.0856536009334353,0.101787380729962,0.142648754680815,0.17965403869919,0.272943194079304,0.280305847605003,1,0.976066956261073,0.953966121353802,0.932387687212135,0.937026306270009,0.955071623193572,0.952364454901308,0.947922771679833,0.924750901144312,0.927021294789696,0.925873142736088,0.920226125828578,0.914346399066565,0.898212619270038,0.857351245319185,0.82034596130081,0.727056805920696,0.719694152394997,0,100000,2393.30437389271,97945.3480400203,4818260.09714073,48.1826009714073,2025,"Females","GMoH report",30.1739890285927
0,1,0.0261521,0.0140163,0.0158397,0.0146567,0.00922151,0.0110632,0.0109871,0.0186643,0.0173253,0.0164538,0.0204415,0.0257254,0.0296061,0.0349104,0.0490752,0.0717128,0.0672987,0.211487,0.148163423369,0.0255821973232496,0.0545364028339179,0.0761817594616387,0.0706931782363579,0.0450685497934847,0.053827246029321,0.0534668849703555,0.0891611728059928,0.0830301925140891,0.0790186090269797,0.0972382602573723,0.120854428699814,0.137829048516769,0.160540653891008,0.218561167483753,0.304052805011863,0.288032900583717,1,0.97441780267675,0.945463597166082,0.923818240538361,0.929306821763642,0.954931450206515,0.946172753970679,0.946533115029644,0.910838827194007,0.916969807485911,0.92098139097302,0.902761739742628,0.879145571300186,0.862170951483231,0.839459346108992,0.781438832516247,0.695947194988137,0.711967099416283,0,100000,2558.21973232496,97820.8148609464,4502611.82766106,45.0261182766106,2025,"Females","GMoH report",33.3304717233894
0,1,0.0240947,0.0136459,0.0149067,0.0153122,0.00990741,0.0107849,0.0126318,0.0178582,0.0180168,0.0187258,0.0218802,0.0224539,0.0297412,0.0371512,0.0483435,0.0719712,0.0795588,0.218656,0.140178880283,0.023605658459327,0.0531334913799565,0.0718556726126621,0.0737382624444936,0.0483397457977156,0.0525087460615032,0.0612255284250996,0.0854749290548803,0.0862013201383294,0.0894418256529691,0.103727077023288,0.106302249783941,0.138414468987381,0.169969566593892,0.21565384576781,0.304981320894156,0.33179997948114,1,0.976394341540673,0.946866508620044,0.928144327387338,0.926261737555506,0.951660254202284,0.947491253938497,0.9387744715749,0.91452507094512,0.913798679861671,0.910558174347031,0.896272922976712,0.893697750216059,0.861585531012619,0.830030433406107,0.78434615423219,0.695018679105844,0.66820002051886,0,100000,2360.56584593271,97970.3356311844,4481664.35141014,44.8166435141014,2025,"Females","GMoH report",33.5399464858986
0,1,0.0231932,0.0124249,0.0142997,0.0144365,0.00935464,0.0109872,0.0111054,0.017855,0.0167658,0.0167966,0.0193022,0.0222468,0.0274509,0.0321329,0.0405481,0.0648732,0.0725994,0.20093,0.136680257948,0.0227379153680758,0.0484945208556415,0.0690307041014029,0.0696680914929066,0.0457043310905185,0.0534673585941363,0.0540270208078026,0.0854602673176102,0.0804566977424731,0.0805985461493688,0.0920682028379531,0.105373445103669,0.128440014981838,0.148717674585758,0.184080240046433,0.279100623567889,0.307234414601457,1,0.977262084631924,0.951505479144359,0.930969295898597,0.930331908507093,0.954295668909481,0.946532641405864,0.945972979192197,0.91453973268239,0.919543302257527,0.919401453850631,0.907931797162047,0.894626554896331,0.871559985018162,0.851282325414242,0.815919759953567,0.720899376432111,0.692765585398543,0,100000,2273.79153680758,98036.9908769633,4638740.89411001,46.3874089411001,2025,"Females","GMoH report",31.9691810588999
0,1,0.0226218,0.0129414,0.014044,0.0143444,0.00849642,0.0104026,0.0107508,0.0157113,0.0151026,0.0155245,0.0177056,0.0207142,0.0283297,0.0351188,0.0405034,0.0629376,0.0660718,0.203427,0.134462717402,0.0221873710246321,0.0504595651667033,0.0678382007709326,0.0692390195209589,0.0415985040946014,0.050694610609192,0.052347067857202,0.0755875531889559,0.0727656246913414,0.0747224291227112,0.0847754973838033,0.0984715990094938,0.132279876926582,0.161421662313832,0.183895969928949,0.271905328061493,0.28352627213232,1,0.977812628975368,0.949540434833297,0.932161799229067,0.930760980479041,0.958401495905399,0.949305389390808,0.947652932142798,0.924412446811044,0.927234375308659,0.925277570877289,0.915224502616197,0.901528400990506,0.867720123073418,0.838578337686168,0.81610403007105,0.728094671938508,0.71647372786768,0,100000,2218.73710246322,98079.6003175346,4720336.18336838,47.2033618336838,2025,"Females","GMoH report",31.1532281663162
0,1,0.0236744,0.0125434,0.0141453,0.0134849,0.00868695,0.0102079,0.0105799,0.0164717,0.0159861,0.0173882,0.0171284,0.0189897,0.0264409,0.0300266,0.0404429,0.066344,0.066621,0.211836,0.138547742216,0.0232012257263931,0.0489457087926603,0.0683108078251763,0.0652255983229375,0.0425115115615999,0.0497693974201862,0.0515363757456222,0.0791011730208799,0.0768588181191631,0.0833190780189761,0.0821253120142383,0.0906451876979315,0.124007336069312,0.139649965839323,0.183646506732201,0.284528159470262,0.285546514194603,1,0.976798774273607,0.95105429120734,0.931689192174824,0.934774401677062,0.9574884884384,0.950230602579814,0.948463624254378,0.92089882697912,0.923141181880837,0.916680921981024,0.917874687985762,0.909354812302068,0.875992663930688,0.860350034160677,0.816353493267799,0.715471840529738,0.714453485805397,0,100000,2320.12257263932,98001.3251714642,4733099.29702922,47.3309929702922,2025,"Females","GMoH report",31.0255970297078
0,1,0.0200836,0.0105105,0.0121486,0.0126045,0.00875281,0.00873432,0.00943885,0.0141356,0.014036,0.0141044,0.0154505,0.0182752,0.0231807,0.0269569,0.0356867,0.0552001,0.0632179,0.20433,0.124612242404,0.0197366118590925,0.0411764302595147,0.0589525234345088,0.0610972493029039,0.042826910474328,0.0427383734255543,0.0461062744778616,0.0682655632599564,0.0678008675574105,0.068120019975639,0.0743794988813348,0.0873836172931123,0.109554618157208,0.126274572445134,0.163818174849037,0.242531141798958,0.272951023697487,1,0.980263388140908,0.958823569740485,0.941047476565491,0.938902750697096,0.957173089525672,0.957261626574446,0.953893725522138,0.931734436740044,0.93219913244259,0.931879980024361,0.925620501118665,0.912616382706888,0.890445381842792,0.873725427554866,0.836181825150963,0.757468858201042,0.727048976302513,0,100000,1973.66118590925,98272.2811602126,5011850.65998893,50.1185065998893,2025,"Females","GMoH report",28.2380834001107
0,1,0.0235894,0.0124245,0.0145828,0.0138703,0.00948406,0.0103245,0.010565,0.0161845,0.0159265,0.0168738,0.0174066,0.0201254,0.0257306,0.0357467,0.0400635,0.062271,0.0736018,0.21361,0.138217866566,0.0231194073378251,0.0484929975049983,0.0703492764292199,0.0670272788359058,0.0463219984680234,0.0503235853574427,0.0514656631714832,0.0777756019265494,0.0765832424719271,0.0809539961494342,0.0834035686067254,0.0958066329719651,0.120877381141971,0.164071007307686,0.182080540649247,0.269413396038255,0.310817230846673,1,0.976880592662175,0.951507002495002,0.92965072357078,0.932972721164094,0.953678001531977,0.949676414642557,0.948534336828517,0.922224398073451,0.923416757528073,0.919046003850566,0.916596431393275,0.904193367028035,0.879122618858029,0.835928992692314,0.817919459350753,0.730586603961745,0.689182769153327,0,100000,2311.94073378251,98007.6107820679,4694795.92168375,46.9479592168375,2025,"Females","GMoH report",31.4086307831625
0,1,0.0247109,0.0137941,0.0171413,0.0166114,0.00961101,0.0106611,0.0126952,0.0194241,0.0182314,0.0188518,0.0229287,0.0274714,0.0307058,0.0394248,0.0536468,0.0715753,0.077425,0.21837,0.142570284701,0.0241981920948089,0.0536950502156409,0.0821846218535542,0.0797452974162493,0.0469274983599684,0.0519216453664591,0.0615233712434746,0.0926227176740679,0.0871833152651857,0.0900165643313458,0.108428205510763,0.128529768307307,0.142583638297882,0.179438211043164,0.236513516683023,0.303558307655214,0.324344137822695,1,0.975801807905191,0.946304949784359,0.917815378146446,0.920254702583751,0.953072501640032,0.948078354633541,0.938476628756525,0.907377282325932,0.912816684734814,0.909983435668654,0.891571794489237,0.871470231692693,0.857416361702118,0.820561788956836,0.763486483316977,0.696441692344786,0.675655862177305,0,100000,2419.81920948089,97925.1751041398,4364217.05534215,43.6421705534215,2025,"Females","GMoH report",34.7144194465785
0,1,0.0240592,0.0140197,0.0163968,0.0171325,0.0103947,0.011121,0.013053,0.0200993,0.0176556,0.0188128,0.0245812,0.0298417,0.0379621,0.0424736,0.0530059,0.075077,0.0840241,0.226859,0.140041108688,0.0235715073293552,0.0545492711660662,0.0787556484583935,0.0821441628259606,0.0506570869458109,0.0541008608171317,0.063202543015061,0.095688328926042,0.084546214632343,0.089838705980333,0.115790336453899,0.138849720722768,0.173357922980093,0.191982527319144,0.2340185856299,0.316062448824085,0.347189737039953,1,0.976428492670645,0.945450728833934,0.921244351541606,0.917855837174039,0.949342913054189,0.945899139182868,0.936797456984939,0.904311671073958,0.915453785367657,0.910161294019667,0.884209663546101,0.861150279277232,0.826642077019907,0.808017472680856,0.7659814143701,0.683937551175915,0.652810262960047,0,100000,2357.15073293552,97972.9472690495,4300076.97624836,43.0007697624836,2025,"Females","GMoH report",35.3558202375164
0,1,0.0237889,0.0132394,0.0150464,0.0147424,0.00948129,0.0096149,0.0110746,0.0177026,0.0158208,0.0172154,0.0202735,0.0210953,0.0261063,0.0347563,0.0481883,0.0689838,0.0756794,0.214382,0.138992104121,0.0233114253450527,0.0515915184999437,0.0725046645387118,0.0710918391753532,0.0463087825087198,0.0469460461521297,0.0538812176670609,0.0847617419666528,0.0760943175521763,0.0825252375631388,0.0964776508630689,0.100192521740328,0.122534212707017,0.159888654862506,0.215035956985044,0.294184148791493,0.318194985950621,1,0.976688574654947,0.948408481500056,0.927495335461288,0.928908160824647,0.95369121749128,0.95305395384787,0.946118782332939,0.915238258033347,0.923905682447824,0.917474762436861,0.903522349136931,0.899807478259672,0.877465787292983,0.840111345137494,0.784964043014956,0.705815851208507,0.681805014049379,0,100000,2331.14253450527,97992.8678713716,4601998.47646373,46.0199847646373,2025,"Females","GMoH report",32.3366052353627
0,1,0.0236332,0.0138584,0.0163799,0.0163504,0.00978835,0.0107074,0.0121904,0.0193847,0.0182393,0.0178163,0.0213229,0.0259104,0.0299923,0.0383725,0.055261,0.0675049,0.0734991,0.22253,0.138387849548,0.0231615690238457,0.0539385947568435,0.0786776691189945,0.0785415361676127,0.0477727099855328,0.0521412567682004,0.0591493639832466,0.0924435250022235,0.0872194459009471,0.0852829341507261,0.101218803915002,0.12167066124706,0.139501567818773,0.175068007231293,0.242766237389102,0.288787989174017,0.310450854077653,1,0.976838430976154,0.946061405243157,0.921322330881006,0.921458463832387,0.952227290014467,0.9478587432318,0.940850636016753,0.907556474997776,0.912780554099053,0.914717065849274,0.898781196084998,0.87832933875294,0.860498432181227,0.824931992768707,0.757233762610898,0.711212010825983,0.689549145922347,0,100000,2316.15690238457,98004.3710705522,4414521.04893974,44.1452104893974,2025,"Females","GMoH report",34.2113795106025
0,1,0.024273,0.0128287,0.0143786,0.0149232,0.00928623,0.0108476,0.0106423,0.0177191,0.0159332,0.0163398,0.0189441,0.0210022,0.0251476,0.0314951,0.0438224,0.0601051,0.0742983,0.203752,0.14087084297,0.0237771596247293,0.0500311312529895,0.0693983714409962,0.0719323479622253,0.0453776810424333,0.0528059552982663,0.0518324585655204,0.084837394315941,0.0766142255535264,0.0784926158873113,0.0904373638392329,0.0997724002392386,0.118300561969537,0.145981263750156,0.197477189073828,0.261266827948658,0.313297770622412,1,0.976222840375271,0.94996886874701,0.930601628559004,0.928067652037775,0.954622318957567,0.947194044701734,0.94816754143448,0.915162605684059,0.923385774446474,0.921507384112689,0.909562636160767,0.900227599760761,0.881699438030463,0.854018736249844,0.802522810926172,0.738733172051342,0.686702229377588,0,100000,2377.71596247292,97957.2348895039,4651417.05572283,46.5141705572283,2025,"Females","GMoH report",31.8424194427717
0,1,0.0245391,0.0138443,0.0164196,0.0155655,0.0097528,0.0103566,0.0115419,0.0165282,0.0172974,0.0180569,0.0209458,0.0221129,0.0293709,0.035932,0.0462113,0.0669926,0.0727766,0.215743,0.141903547799,0.0240330383624175,0.0538851944061654,0.0788608413244718,0.0749123784337246,0.0476033354744617,0.0504760981058913,0.0560910079872791,0.0793617334912738,0.0829020262287759,0.0863848916259964,0.099517800153844,0.104772443580852,0.136808991946124,0.164851398842021,0.207127430434863,0.286910756187571,0.307868875066998,1,0.975966961637583,0.946114805593835,0.921139158675528,0.925087621566275,0.952396664525538,0.949523901894109,0.943908992012721,0.920638266508726,0.917097973771224,0.913615108374004,0.900482199846156,0.895227556419148,0.863191008053876,0.835148601157979,0.792872569565137,0.713089243812429,0.692131124933002,0,100000,2403.30383624174,97937.7335045599,4506843.77354702,45.0684377354702,2025,"Females","GMoH report",33.2881522645298
0,1,0.02393,0.0125783,0.0139072,0.0133855,0.00889438,0.00979526,0.0109584,0.016322,0.0162509,0.0155239,0.0158871,0.0194115,0.0231155,0.0307287,0.0455642,0.0609414,0.071615,0.202374,0.1395396977,0.0234472029803657,0.0490785505355962,0.0671996041624789,0.0647603750010583,0.0435045353276805,0.0478056285960945,0.053330945419293,0.0784104611334496,0.0780822335759514,0.0747196490984033,0.0764010232584757,0.0925654160651294,0.109263309900015,0.142682389169795,0.204523612983269,0.264421464420423,0.303701112135958,1,0.976552797019634,0.950921449464404,0.932800395837521,0.935239624998942,0.956495464672319,0.952194371403906,0.946669054580707,0.92158953886655,0.921917766424049,0.925280350901597,0.923598976741524,0.907434583934871,0.890736690099985,0.857317610830205,0.795476387016731,0.735578535579577,0.696298887864042,0,100000,2344.72029803657,97982.4612635425,4761618.77650973,47.6161877650973,2025,"Females","GMoH report",30.7404022349027
0,1,0.025631,0.0150401,0.0173298,0.0171191,0.0106992,0.0113129,0.0130362,0.0210095,0.018321,0.0190152,0.0234078,0.025742,0.032842,0.0451264,0.0496074,0.0680361,0.075968,0.233342,0.14614109159,0.0250820723827192,0.0584036077967521,0.0830508628906922,0.0820825514822985,0.0521023659164664,0.0550087293639465,0.0631237649387632,0.0998053488104188,0.087593020670729,0.0907613852671693,0.110568581873078,0.1209276979955,0.151750523285633,0.202757688602608,0.220669855522841,0.290730138123961,0.319214737125185,1,0.974917927617281,0.941596392203248,0.916949137109308,0.917917448517702,0.947897634083534,0.944991270636053,0.936876235061237,0.900194651189581,0.912406979329271,0.909238614732831,0.889431418126922,0.8790723020045,0.848249476714367,0.797242311397392,0.779330144477159,0.709269861876039,0.680785262874815,0,100000,2508.20723827192,97858.3449054631,4278997.15702525,42.7899715702525,2025,"Females","GMoH report",35.5666184297475
0,1,0.0221941,0.010387,0.012018,0.0123339,0.00825359,0.00952798,0.00990732,0.0134708,0.0138276,0.0130416,0.0144003,0.0168035,0.0227198,0.0285946,0.0399147,0.055588,0.0601644,0.196952,0.132802860749,0.0217750039027696,0.040702447358573,0.0583372571101263,0.0598248167322648,0.0404336432167075,0.0465315214848079,0.0483393172876249,0.0651596194942908,0.0668278287866735,0.0631490871621648,0.0694994670611966,0.0806303210025828,0.107493427088109,0.133434252321425,0.181465634133163,0.244027498529373,0.261490893254672,1,0.97822499609723,0.959297552641427,0.941662742889874,0.940175183267735,0.959566356783292,0.953468478515192,0.951660682712375,0.934840380505709,0.933172171213327,0.936850912837835,0.930500532938803,0.919369678997417,0.892506572911891,0.866565747678576,0.818534365866837,0.755972501470627,0.738509106745328,0,100000,2177.50039027695,98111.6778908339,5028605.29549097,50.2860529549097,2025,"Females","GMoH report",28.0705370450903
0,1,0.024998,0.0126713,0.0149219,0.0146028,0.00970096,0.0108506,0.0108018,0.0177588,0.0165796,0.0175938,0.0201645,0.0219581,0.0275079,0.0339399,0.042982,0.0654253,0.0727409,0.21004,0.14368448822,0.0244741030628673,0.0494324531137202,0.0719263070953835,0.0704423607365893,0.047356296162938,0.0528201735618738,0.0525888640215306,0.0850193939660876,0.0795987129470574,0.0842627452802221,0.0959838349027583,0.104077158371886,0.128689551701852,0.156426730982793,0.194057546356285,0.281142000660471,0.307741090309724,1,0.975525896937133,0.95056754688628,0.928073692904616,0.929557639263411,0.952643703837062,0.947179826438126,0.947411135978469,0.914980606033912,0.920401287052943,0.915737254719778,0.904016165097242,0.895922841628114,0.871310448298148,0.843573269017207,0.805942453643715,0.718857999339529,0.692258909690276,0,100000,2447.41030628672,97904.2445910364,4592988.01169699,45.9298801169699,2025,"Females","GMoH report",32.4267098830301
0,1,0.0223902,0.0114166,0.0134938,0.0135199,0.00853939,0.00904049,0.0105339,0.0156035,0.0148802,0.0139481,0.0170219,0.0172185,0.0229894,0.0343368,0.0391674,0.0562355,0.0702541,0.20579,0.133563903278,0.0219641034761438,0.0446469668759285,0.0652672422174166,0.0653893561107942,0.0418044879344437,0.0442033990326972,0.0513180519318868,0.0750883955500856,0.071732514590959,0.0673905738424696,0.0816355208203694,0.0825394847064548,0.108699650629543,0.158111401106238,0.178371163251188,0.246519615417915,0.298792078580495,1,0.978035896523856,0.955353033124071,0.934732757782583,0.934610643889206,0.958195512065556,0.955796600967303,0.948681948068113,0.924911604449914,0.928267485409041,0.93260942615753,0.918364479179631,0.917460515293545,0.891300349370457,0.841888598893762,0.821628836748811,0.753480384582085,0.701207921419505,0,100000,2196.41034761438,98096.9507916132,4860906.61222856,48.6090661222856,2025,"Females","GMoH report",29.7475238777144
0,1,0.0230024,0.0128861,0.0140034,0.0148405,0.00962154,0.00985933,0.0119511,0.01768,0.0169318,0.0158166,0.0178902,0.0224954,0.0263918,0.0353554,0.042152,0.059457,0.0639031,0.216721,0.135939784136,0.0225541263921661,0.0502493633576734,0.0676487197931225,0.0715479804888867,0.0469777053228207,0.048110799380851,0.0580219351277372,0.0846581114728979,0.0812209574803361,0.0760748849372536,0.0856215340776118,0.106488259990523,0.123791311183752,0.162420863506,0.190667462772983,0.258814208946648,0.275501931330056,1,0.977445873607834,0.949750636642327,0.932351280206878,0.928452019511113,0.953022294677179,0.951889200619149,0.941978064872263,0.915341888527102,0.918779042519664,0.923925115062746,0.914378465922388,0.893511740009477,0.876208688816248,0.837579136494,0.809332537227017,0.741185791053352,0.724498068669944,0,100000,2255.41263921661,98051.1876680961,4643695.77437024,46.4369577437024,2025,"Females","GMoH report",31.9196322562976
0,1,0.0237248,0.0134308,0.0155815,0.015387,0.0100152,0.010108,0.0105581,0.0181292,0.0158659,0.0175952,0.020425,0.0224579,0.03011,0.0367548,0.0490889,0.0704206,0.0756715,0.212171,0.138743339072,0.0232497348653553,0.0523178586091836,0.0749864948271278,0.07408513025203,0.048852823017293,0.0492943322246823,0.0514329153413366,0.0867157806725768,0.0763029620846528,0.0842691678448411,0.0971635844680978,0.106320180070014,0.140010694938504,0.168308625343099,0.218615512429722,0.2993942016995,0.318167054364199,1,0.976750265134645,0.947682141390816,0.925013505172872,0.92591486974797,0.951147176982707,0.950705667775318,0.948567084658663,0.913284219327423,0.923697037915347,0.915730832155159,0.902836415531902,0.893679819929986,0.859989305061496,0.831691374656901,0.781384487570278,0.7006057983005,0.681832945635801,0,100000,2324.97348653553,97997.6010982403,4535901.59321489,45.3590159321488,2025,"Females","GMoH report",32.9975740678511
0,1,0.0236038,0.0119384,0.0140308,0.0137061,0.009047,0.00909835,0.0110876,0.0152465,0.014911,0.0150689,0.0163268,0.019789,0.0241345,0.0340633,0.0445758,0.0602885,0.067261,0.211936,0.138273751382,0.0231332689843647,0.0466399863733605,0.0677766001949613,0.066260081734352,0.0442345256168607,0.0444800131802047,0.0539427606184181,0.0734334907097351,0.0718756552610078,0.0726091499507672,0.0784326159161505,0.0942806981602662,0.113805879974395,0.156950841040926,0.200531832816811,0.261959618804293,0.287894774012811,1,0.976866731015635,0.953360013626639,0.932223399805039,0.933739918265648,0.955765474383139,0.955519986819795,0.946057239381582,0.926566509290265,0.928124344738992,0.927390850049233,0.92156738408385,0.905719301839734,0.886194120025605,0.843049158959074,0.799468167183189,0.738040381195707,0.712105225987189,0,100000,2313.32689843647,98006.5454899832,4783520.23049819,47.8352023049819,2025,"Females","GMoH report",30.5213876950181
0,1,0.0221866,0.0119931,0.0131393,0.0132914,0.0082574,0.0093399,0.0101398,0.0165128,0.0148525,0.0144694,0.0166619,0.0179212,0.0217268,0.029578,0.0371529,0.0611325,0.0685376,0.201685,0.132773754074,0.0217677706389025,0.0468486782341403,0.0636071175024985,0.0643197511489472,0.0404519305712523,0.0456339584780277,0.0494455792878428,0.0792907204772578,0.0716037627831579,0.06982131853401,0.0799780349487198,0.0857635362838736,0.103037321792212,0.137707238266392,0.169976683215415,0.265140713352453,0.292559657965551,1,0.978232229361097,0.95315132176586,0.936392882497501,0.935680248851053,0.959548069428748,0.954366041521972,0.950554420712157,0.920709279522742,0.928396237216842,0.93017868146599,0.92002196505128,0.914236463716126,0.896962678207788,0.862292761733608,0.830023316784585,0.734859286647547,0.707440342034449,0,100000,2176.77706389026,98112.2417986646,4872256.320563,48.72256320563,2025,"Females","GMoH report",29.63402679437
0,1,0.0215507,0.0116107,0.0134491,0.012513,0.00905065,0.00912249,0.0101488,0.0147114,0.0150121,0.0148627,0.0143887,0.0172754,0.0222892,0.0298158,0.0366438,0.0556526,0.06447,0.196176,0.130305896123,0.0211542167389777,0.0453888083263309,0.0650580688166935,0.0606671789737535,0.0442519771084583,0.0445953973344267,0.0494883808022844,0.0709476517886897,0.0723453605328616,0.0716511751960347,0.0694454264800174,0.0828009511224481,0.105563675320136,0.138737570838485,0.167842987808369,0.244276450962861,0.277606734557668,1,0.978845783261022,0.954611191673669,0.934941931183306,0.939332821026246,0.955748022891542,0.955404602665573,0.950511619197716,0.92905234821131,0.927654639467138,0.928348824803965,0.930554573519983,0.917199048877552,0.894436324679864,0.861262429161515,0.832157012191631,0.755723549037139,0.722393265442332,0,100000,2115.42167389777,98160.2302429975,4923431.35185424,49.2343135185424,2025,"Females","GMoH report",29.1222764814576
0,1,0.0226959,0.011158,0.0125138,0.0132329,0.00888339,0.00931439,0.0105633,0.0159014,0.0140669,0.0148124,0.0143814,0.0191496,0.0244798,0.0301893,0.039917,0.056225,0.063984,0.19311,0.134750291351,0.0222587903149368,0.0436577340078801,0.0606709399782504,0.0640457233681055,0.0434519484882964,0.0455121550942785,0.0514575949676944,0.0764671626496088,0.0679450591196736,0.0714173443223973,0.0694114166321172,0.0913735811748359,0.115340235271502,0.140353560630169,0.181475141901768,0.246479259137487,0.275802613883237,1,0.977741209685063,0.95634226599212,0.93932906002175,0.935954276631894,0.956548051511704,0.954487844905721,0.948542405032306,0.923532837350391,0.932054940880326,0.928582655677603,0.930588583367883,0.908626418825164,0.884659764728498,0.859646439369831,0.818524858098232,0.753520740862513,0.724197386116763,0,100000,2225.87903149368,98074.0588165122,4897995.6725041,48.979956725041,2025,"Females","GMoH report",29.376633274959
0,1,0.0241589,0.0118701,0.0145762,0.0143643,0.00920749,0.00983009,0.01081,0.0171506,0.0165988,0.016612,0.0185451,0.0206227,0.0277102,0.0359325,0.0434104,0.0633089,0.0690528,0.213392,0.140428033421,0.023667415046895,0.0463793450721189,0.070318556636874,0.0693317450369156,0.0450015712077997,0.047971538644222,0.0526277354494779,0.0822273778342881,0.0796872194543047,0.0797480629458585,0.0886169734157681,0.0980579507477842,0.129574651247504,0.1648535036961,0.195802353756249,0.273290238974473,0.294435082788121,1,0.976332584953105,0.953620654927881,0.929681443363126,0.930668254963084,0.9549984287922,0.952028461355778,0.947372264550522,0.917772622165712,0.920312780545695,0.920251937054142,0.911383026584232,0.901942049252216,0.870425348752496,0.8351464963039,0.804197646243751,0.726709761025528,0.705564917211879,0,100000,2366.74150468949,97965.6153504299,4667452.05940491,46.6745205940491,2025,"Females","GMoH report",31.6820694059509
0,1,0.0240897,0.0138962,0.0162466,0.0164553,0.0103855,0.011418,0.0120233,0.0178509,0.0169856,0.0170138,0.0239102,0.0267778,0.0331215,0.0409391,0.0484121,0.0653716,0.0723004,0.217535,0.140159475833,0.0236008485374974,0.0540817386857501,0.078062379368384,0.0790255280698793,0.050613386681547,0.0555055928520386,0.0583622333979656,0.0854414816385462,0.0814685207354882,0.0815982588585797,0.112807854116273,0.125488251731932,0.152943227246858,0.185690495580909,0.215926822670485,0.280943658787945,0.306162772676034,1,0.976399151462503,0.94591826131425,0.921937620631616,0.920974471930121,0.949386613318453,0.944494407147961,0.941637766602034,0.914558518361454,0.918531479264512,0.91840174114142,0.887192145883727,0.874511748268068,0.847056772753142,0.814309504419091,0.784073177329515,0.719056341212055,0.693837227323966,0,100000,2360.08485374975,97970.7034022732,4407468.32707517,44.0746832707517,2025,"Females","GMoH report",34.2819067292483
0,1,0.0221346,0.0109497,0.0131173,0.0127693,0.00848945,0.00946605,0.0104494,0.0153785,0.0159457,0.0167282,0.0153392,0.0178927,0.0234298,0.0323242,0.0414566,0.0593222,0.0676275,0.20315,0.132571947794,0.0217176179784401,0.0428601876075081,0.0635039975329041,0.0618713649488952,0.0415650881558875,0.0462360676788711,0.0509168730664486,0.0740457197471703,0.0766720271420044,0.0802835037321688,0.0738634831482316,0.0856329866494437,0.110666750427107,0.149536852204896,0.187817330174699,0.258303212864521,0.289236625305398,1,0.97828238202156,0.957139812392492,0.936496002467096,0.938128635051105,0.958434911844112,0.953763932321129,0.949083126933551,0.92595428025283,0.923327972857996,0.919716496267831,0.926136516851768,0.914367013350556,0.889333249572893,0.850463147795104,0.812182669825301,0.741696787135479,0.710763374694602,0,100000,2171.76179784401,98116.1528938408,4865075.49512905,48.6507549512905,2025,"Females","GMoH report",29.7058350487095
0,1,0.025893,0.0111041,0.0125512,0.0127468,0.00841326,0.00997334,0.0105026,0.0158949,0.0153574,0.0143869,0.0155345,0.0173088,0.0249572,0.0305876,0.0373886,0.0567607,0.0693591,0.199959,0.14715788477,0.0253335679172302,0.0434514221271166,0.0608467506578578,0.0617657120539759,0.0411997396950334,0.0486536026952387,0.0511694688413667,0.0764370998538333,0.0739478819927128,0.0694370406014283,0.0747687616792348,0.0829543973192034,0.117457475717555,0.142073761529594,0.170962846311038,0.24853583068771,0.29554812083115,1,0.97466643208277,0.956548577872883,0.939153249342142,0.938234287946024,0.958800260304967,0.951346397304761,0.948830531158633,0.923562900146167,0.926052118007287,0.930562959398572,0.925231238320765,0.917045602680797,0.882542524282445,0.857926238470406,0.829037153688962,0.75146416931229,0.70445187916885,0,100000,2533.35679172302,97839.4466351147,4879234.08065574,48.7923408065574,2025,"Females","GMoH report",29.5642491934426
0,1,0.0246227,0.0145753,0.0167673,0.016354,0.010212,0.0108756,0.0119407,0.0192823,0.0174491,0.0182628,0.0228406,0.0289723,0.0359804,0.0422995,0.0511375,0.0761442,0.081595,0.227033,0.142227990203,0.0241134088217351,0.0566498236506882,0.0804636064297751,0.0785581500357869,0.0497888896473043,0.0529386510174856,0.057972907265536,0.091977648472163,0.0835986950265314,0.0873269150400179,0.108034091333708,0.135077719470465,0.165055126331367,0.191270847016558,0.226704718627913,0.319836721732618,0.338853185768125,1,0.975886591178265,0.943350176349312,0.919536393570225,0.921441849964213,0.950211110352696,0.947061348982514,0.942027092734464,0.908022351527837,0.916401304973469,0.912673084959982,0.891965908666292,0.864922280529535,0.834944873668633,0.808729152983442,0.773295281372087,0.680163278267382,0.661146814231875,0,100000,2411.34088217351,97931.6192851924,4342284.09075081,43.4228409075081,2025,"Females","GMoH report",34.9337490924919
0,1,0.023308,0.0124245,0.0142657,0.0145795,0.00929781,0.00956242,0.0108336,0.0157597,0.0154944,0.017609,0.0171784,0.0209317,0.0248603,0.0327161,0.0417337,0.0593405,0.078502,0.207729,0.13712578412,0.0228484744023135,0.0484929975049983,0.0688722237926046,0.0703339166553098,0.0454329819160283,0.0466957881536104,0.0527396006558373,0.0758115805836881,0.0745829546679811,0.0843324736775309,0.0823551746686789,0.0994541394720331,0.117028114888588,0.151212769758278,0.188954114209534,0.258372601588582,0.328115660958575,1,0.977151525597686,0.951507002495002,0.931127776207395,0.92966608334469,0.954567018083972,0.95330421184639,0.947260399344163,0.924188419416312,0.925417045332019,0.915667526322469,0.917644825331321,0.900545860527967,0.882971885111412,0.848787230241722,0.811045885790466,0.741627398411418,0.671884339041425,0,100000,2284.84744023136,98028.4640566049,4710656.75126921,47.1065675126921,2025,"Females","GMoH report",31.2500224873079
0,1,0.0263047,0.0143461,0.0172285,0.0173657,0.0106767,0.0118158,0.0131717,0.0213222,0.0193471,0.0210667,0.0252725,0.0278932,0.035231,0.0454753,0.0540307,0.0694408,0.0827411,0.242651,0.148755647183,0.0257285923750171,0.0557838389364671,0.08258544179029,0.0832157505995342,0.0519956452362649,0.0573839080482099,0.0637589650985293,0.101215649210984,0.0922724873976713,0.10006348162892,0.118853205885638,0.130374588799261,0.161895637029531,0.204165303890025,0.238004610701435,0.2958447582741,0.342796998225343,1,0.974271407624983,0.944216161063533,0.91741455820971,0.916784249400466,0.948004354763735,0.94261609195179,0.936241034901471,0.898784350789016,0.907727512602329,0.89993651837108,0.881146794114362,0.869625411200739,0.838104362970469,0.795834696109975,0.761995389298565,0.7041552417259,0.657203001774657,0,100000,2572.8592375017,97809.8681034836,4224138.02573891,42.2413802573891,2025,"Females","GMoH report",36.1152097426109
0,1,0.0269208,0.0130637,0.0159404,0.0156111,0.00935318,0.0101821,0.0120735,0.0196149,0.0177247,0.0178979,0.0194634,0.0238795,0.0310108,0.039386,0.050814,0.0717299,0.0723293,0.205899,0.151146663512,0.0263193550747964,0.050924280942113,0.0766475196927252,0.0751235951109102,0.0456973608950589,0.0496467300742768,0.058598769394295,0.0934900071470293,0.0848630689063874,0.0856568075599327,0.0928014220072597,0.112671171877857,0.143898018332719,0.179277446254546,0.225432218165363,0.304114282346741,0.306266412013822,1,0.973680644925204,0.949075719057887,0.923352480307275,0.92487640488909,0.954302639104941,0.950353269925723,0.941401230605705,0.906509992852971,0.915136931093613,0.914343192440067,0.90719857799274,0.887328828122143,0.856101981667281,0.820722553745454,0.774567781834637,0.695885717653259,0.693733587986178,0,100000,2631.93550747965,97765.8727630547,4468790.84920347,44.6879084920347,2025,"Females","GMoH report",33.6686815079653
0,1,0.02343,0.0122634,0.0146234,0.0142961,0.00885803,0.00923018,0.0120509,0.0179567,0.0157374,0.0161516,0.0185055,0.0227819,0.0278446,0.0345932,0.0468221,0.0713496,0.0717898,0.211446,0.1375992527,0.0229659488995098,0.0478792746075554,0.0705382281849023,0.0690139250647061,0.0433305908165727,0.0451099672072084,0.0584922882100245,0.0859261258403083,0.0757083678302698,0.0776236352329295,0.0884361137428302,0.107771406486418,0.130162213102608,0.159198073048543,0.20957826392204,0.3027459872672,0.304329597630131,1,0.97703405110049,0.952120725392445,0.929461771815098,0.930986074935294,0.956669409183427,0.954890032792792,0.941507711789975,0.914073874159692,0.92429163216973,0.92237636476707,0.91156388625717,0.892228593513582,0.869837786897392,0.840801926951457,0.79042173607796,0.6972540127328,0.695670402369869,0,100000,2296.59488995098,98019.4148506609,4645223.34738088,46.4522334738088,2025,"Females","GMoH report",31.9043565261912
0,1,0.0208257,0.0115194,0.013397,0.0125156,0.00874781,0.00895878,0.010332,0.0147106,0.0137603,0.0146179,0.0142512,0.0174749,0.0218643,0.0306253,0.037949,0.0580101,0.0668513,0.192219,0.127492250873,0.0204540381684152,0.0450399339692688,0.0648142100692555,0.0606794021850325,0.0428029693908329,0.0438126307008251,0.050359221313473,0.0709439305385491,0.0665133895156205,0.0705126334391255,0.068804628689066,0.0837171288621184,0.103655606791094,0.142236417600174,0.173303284172358,0.253313627799911,0.286392262375622,1,0.979545961831585,0.954960066030731,0.935185789930745,0.939320597814967,0.957197030609167,0.956187369299175,0.949640778686527,0.929056069461451,0.93348661048438,0.929487366560874,0.931195371310934,0.916282871137882,0.896344393208906,0.857763582399826,0.826696715827642,0.746686372200089,0.713607737624378,0,100000,2045.40381684151,98215.3693197118,4942589.56531859,49.4258956531859,2025,"Females","GMoH report",28.9306943468141
0,1,0.0225473,0.0116596,0.0138014,0.0137387,0.00870569,0.0102478,0.0104973,0.0159732,0.015289,0.0146322,0.0158467,0.0214473,0.0263136,0.032332,0.0426155,0.0586893,0.0663005,0.200526,0.134173591097,0.0221155590003054,0.0455756131615629,0.0667054292228108,0.0664124482432994,0.0426012664516611,0.0499590735160554,0.0511443071610946,0.076799178408609,0.0736306523890592,0.0705791783657902,0.0762141433369556,0.101779273470254,0.123447152518709,0.149570237687703,0.192562167389077,0.255900017724416,0.284368127419979,1,0.977884440999695,0.954424386838437,0.933294570777189,0.933587551756701,0.957398733548339,0.950040926483945,0.948855692838905,0.923200821591391,0.926369347610941,0.92942082163421,0.923785856663044,0.898220726529746,0.876552847481291,0.850429762312297,0.807437832610923,0.744099982275584,0.715631872580021,0,100000,2211.55590003055,98085.1764969883,4787430.01219521,47.8743001219521,2025,"Females","GMoH report",30.4822898780479
0,1,0.0214028,0.0114719,0.0122903,0.0127929,0.00828721,0.0090875,0.0102166,0.0145605,0.0145053,0.014889,0.0147603,0.0159912,0.0205232,0.0307034,0.0355479,0.0520578,0.0679022,0.198653,0.129731912492,0.0210114373162695,0.0448583783390642,0.059619641791233,0.0619821707204751,0.0405950017390944,0.0444281480123445,0.0498107585114791,0.0702454768363122,0.0699884898938566,0.0717734140938902,0.0711750859472327,0.0768823955891375,0.0976079322139658,0.142573288253587,0.163233022131435,0.230314796028295,0.29024099480618,1,0.978988562683731,0.955141621660936,0.940380358208767,0.938017829279525,0.959404998260906,0.955571851987655,0.950189241488521,0.929754523163688,0.930011510106143,0.92822658590611,0.928824914052767,0.923117604410863,0.902392067786034,0.857426711746413,0.836766977868565,0.769685203971705,0.70975900519382,0,100000,2101.14373162694,98171.4416630976,4977332.65696108,49.7733265696108,2025,"Females","GMoH report",28.5832634303892
0,1,0.0213178,0.0112103,0.0131156,0.0124274,0.00846456,0.00914709,0.0105828,0.0157484,0.0158034,0.0144822,0.0137301,0.0185191,0.0216862,0.029181,0.0379592,0.0605724,0.0644242,0.196813,0.129402036842,0.0209293669959586,0.0438578800153283,0.0634960287144809,0.0602646671874856,0.041445749907899,0.0447129661853394,0.0515501379989615,0.0757592813345764,0.0760138084488968,0.0698809261290352,0.0663722557290369,0.0884982310245817,0.102854681988645,0.135984584592515,0.173345827647872,0.263030958867705,0.277436877750987,1,0.979070633004041,0.956142119984672,0.936503971285519,0.939735332812514,0.958554250092101,0.955287033814661,0.948449862001039,0.924240718665424,0.923986191551103,0.930119073870965,0.933627744270963,0.911501768975418,0.897145318011355,0.864015415407485,0.826654172352128,0.736969041132295,0.722563122249013,0,100000,2092.93669959586,98177.8935723132,4921487.19565143,49.2148719565143,2025,"Females","GMoH report",29.1417180434857
0,1,0.0237914,0.0124506,0.0142976,0.014693,0.00944223,0.00983405,0.0106603,0.0157775,0.0162509,0.014471,0.0175709,0.0204031,0.0288264,0.0344823,0.0483348,0.063692,0.0777296,0.207747,0.139001806346,0.0233138312640224,0.0485923911495079,0.0690209163654339,0.07086205940298,0.046122404130126,0.0479904000167873,0.0519178503497903,0.0758939577057441,0.0780822335759514,0.0698287696847307,0.0841576843597099,0.0970644602763396,0.134443215249807,0.158728215165497,0.215619220279131,0.27471683790102,0.325412534622096,1,0.976686168735978,0.951407608850492,0.930979083634566,0.92913794059702,0.953877595869874,0.952009599983213,0.94808214965021,0.924106042294256,0.921917766424049,0.930171230315269,0.91584231564029,0.90293553972366,0.865556784750193,0.841271784834503,0.784380779720869,0.725283162098979,0.674587465377904,0,100000,2331.38312640224,97992.6833394523,4684367.69399452,46.8436769399452,2025,"Females","GMoH report",31.5129130600548
0,1,0.0247165,0.0140356,0.0152138,0.0147986,0.00914088,0.0106453,0.0119133,0.017261,0.0163611,0.0153749,0.021976,0.0241254,0.0293282,0.0386199,0.0469409,0.0662811,0.0798678,0.216106,0.142592017685,0.0242035748313726,0.0546094472834177,0.0732817647197661,0.0713531820020608,0.0446832885533218,0.0518466910494288,0.0578437258520179,0.082734787099681,0.0785909154337425,0.074029027753001,0.104157582421749,0.113765409947152,0.13662368323348,0.176097345332485,0.210054170473098,0.284296747176757,0.332874179096826,1,0.975796425168627,0.945390552716582,0.926718235280234,0.928646817997939,0.955316711446678,0.948153308950571,0.942156274147982,0.917265212900319,0.921409084566257,0.925970972246999,0.895842417578251,0.886234590052848,0.86337631676652,0.823902654667515,0.789945829526902,0.715703252823243,0.667125820903174,0,100000,2420.35748313725,97924.7661739023,4535145.72570293,45.3514572570293,2025,"Females","GMoH report",33.0051327429707
0,1,0.0217854,0.0108117,0.0118569,0.0127371,0.00878828,0.00953248,0.00938644,0.0149548,0.0146102,0.0145388,0.0155981,0.0160541,0.0222783,0.0259427,0.0372288,0.0564369,0.0619398,0.191719,0.131216741006,0.0213807313699851,0.042331450121444,0.0575777654811659,0.0617201603635825,0.0429967317066918,0.0465529864688632,0.0458561353424407,0.0720791758524061,0.0704767996542294,0.0701444593364964,0.0750633845534905,0.0771731368588845,0.105514775445482,0.121813098334588,0.170294363042874,0.247293327949603,0.268172606040874,1,0.978619268630015,0.957668549878556,0.942422234518834,0.938279839636417,0.957003268293308,0.953447013531137,0.954143864657559,0.927920824147594,0.929523200345771,0.929855540663504,0.92493661544651,0.922826863141116,0.894485224554518,0.878186901665412,0.829705636957126,0.752706672050397,0.731827393959126,0,100000,2138.07313699852,98142.4778520709,4990551.77768285,49.9055177768285,2025,"Females","GMoH report",28.4510722231715
0,1,0.0250984,0.0137854,0.0162157,0.0156835,0.0107003,0.0105059,0.0121476,0.0205161,0.0174606,0.0184075,0.0246119,0.0290538,0.0301656,0.0400161,0.0541092,0.0679924,0.0761154,0.220005,0.144074129576,0.0245705660130838,0.0536620931618532,0.0779196940432569,0.0754588527088518,0.0521075830721331,0.0511851352197374,0.058947813841449,0.0975758121983914,0.0836514871104004,0.087988384529436,0.115926567295924,0.13543196680696,0.140251103296033,0.181884708309537,0.238309199637444,0.290570530632549,0.3197350894342,1,0.975429433986916,0.946337906838147,0.922080305956743,0.924541147291148,0.947892416927867,0.948814864780263,0.941052186158551,0.902424187801609,0.9163485128896,0.912011615470564,0.884073432704076,0.86456803319304,0.859748896703967,0.818115291690463,0.761690800362556,0.709429469367451,0.6802649105658,0,100000,2457.05660130839,97896.9416898441,4374122.97597614,43.7412297597614,2025,"Females","GMoH report",34.6153602402386
0,1,0.0250133,0.0138723,0.0152237,0.0151393,0.00957557,0.0104545,0.0123681,0.0176925,0.0170804,0.0182571,0.0203617,0.0257957,0.0306286,0.0381331,0.0534913,0.0679243,0.0750691,0.213479,0.143743865837,0.0244888039024475,0.0539912347873197,0.0733277026335443,0.0729360000366142,0.0467585017338803,0.0509410909126347,0.0599857263449816,0.0847154306098386,0.0819045920163115,0.0873008491666967,0.0968770466005823,0.121164680620307,0.142250654043879,0.174070847420567,0.235908825593788,0.290321746487626,0.316034446357383,1,0.975511196097552,0.94600876521268,0.926672297366456,0.927063999963386,0.95324149826612,0.949058909087365,0.940014273655018,0.915284569390161,0.918095407983688,0.912699150833303,0.903122953399418,0.878835319379693,0.857749345956121,0.825929152579433,0.764091174406212,0.709678253512374,0.683965553642617,0,100000,2448.88039024475,97903.1311440214,4483699.59164935,44.8369959164935,2025,"Females","GMoH report",33.5195940835065
0,1,0.0247163,0.0133361,0.0160558,0.0159744,0.00971588,0.0103501,0.0121973,0.017297,0.0178481,0.0166583,0.0194415,0.0237734,0.0292043,0.041173,0.0469214,0.0615177,0.0774975,0.213087,0.142591241507,0.0242033825914558,0.0519585511324842,0.0771809935109666,0.0768047264447043,0.0474274026186146,0.0504452173887615,0.0591818529621616,0.0829001885946939,0.0854286521824558,0.0799614456258282,0.0927018428076383,0.112198642010093,0.136085775468699,0.18665240166556,0.209976071855141,0.266588692047997,0.324598558107634,1,0.975796617408544,0.948041448867516,0.922819006489033,0.923195273555296,0.952572597381385,0.949554782611238,0.940818147037838,0.917099811405306,0.914571347817544,0.920038554374172,0.907298157192362,0.887801357989907,0.863914224531301,0.81334759833444,0.790023928144859,0.733411307952003,0.675401441892366,0,100000,2420.33825914559,97924.7807780929,4497864.20606943,44.9786420606943,2025,"Females","GMoH report",33.3779479393057
0,1,0.0223992,0.0107759,0.0129427,0.0125771,0.00859711,0.00902689,0.00995551,0.0154083,0.0144984,0.0135947,0.0146266,0.017982,0.0211322,0.0287301,0.0377912,0.0541061,0.0699668,0.190677,0.133598831288,0.0219727809838118,0.0421942382167992,0.0626852103209477,0.0609684832241053,0.0420811101674214,0.0441383694847055,0.0485687337145438,0.0741838812561039,0.0699563617133383,0.0657392369873212,0.07055311936089,0.0860419826691101,0.100358984660874,0.134024179781172,0.172644859010414,0.238297173281751,0.297752096531074,1,0.978027219016188,0.957805761783201,0.937314789679052,0.939031516775895,0.957918889832579,0.955861630515294,0.951431266285456,0.925816118743896,0.930043638286662,0.934260763012679,0.92944688063911,0.91395801733089,0.899641015339126,0.865975820218828,0.827355140989586,0.761702826718249,0.702247903468926,0,100000,2197.27809838118,98096.2756875773,4964367.41675403,49.6436741675403,2025,"Females","GMoH report",28.7129158324597
0,1,0.0224903,0.0110108,0.0134422,0.0130171,0.00872006,0.00910892,0.0103026,0.0155278,0.0145928,0.0140586,0.0163768,0.0174803,0.0226869,0.0277169,0.0364396,0.0621938,0.0656866,0.20164,0.133952380367,0.0220606106878206,0.0430941968349788,0.0650257762753778,0.0630341939837358,0.0426700857305609,0.0445305372466579,0.0502195209096896,0.0747377191128969,0.0703958197055038,0.0679063301667928,0.0786633645294358,0.0837419154867906,0.107346123099628,0.129603950650535,0.166985763894935,0.269124337020531,0.282106463875061,1,0.977939389312179,0.956905803165021,0.934974223724622,0.936965806016264,0.957329914269439,0.955469462753342,0.94978047909031,0.925262280887103,0.929604180294496,0.932093669833207,0.921336635470564,0.916258084513209,0.892653876900372,0.870396049349465,0.833014236105065,0.730875662979469,0.717893536124939,0,100000,2206.06106878206,98089.4460626163,4905411.55194362,49.0541155194362,2025,"Females","GMoH report",29.3024744805638
0,1,0.0254021,0.0142139,0.0168754,0.0166986,0.00977794,0.0112884,0.0123826,0.0199297,0.0184345,0.0185332,0.0258208,0.0257916,0.0329233,0.0444618,0.054161,0.0720789,0.0759028,0.222709,0.145252755869,0.0248622808358785,0.0552839975737723,0.0809613615962947,0.0801471375233802,0.047723115597682,0.0548928683619572,0.0600539402001927,0.0949192210029441,0.0881117594271027,0.0885626277676419,0.121275428537075,0.121146589082547,0.152097611747855,0.200070287255283,0.238510131869535,0.305368022167481,0.318984464894932,1,0.975137719164122,0.944716002426228,0.919038638403705,0.91985286247662,0.952276884402318,0.945107131638043,0.939946059799807,0.905080778997056,0.911888240572897,0.911437372232358,0.878724571462925,0.878853410917454,0.847902388252145,0.799929712744717,0.761489868130465,0.694631977832519,0.681015535105068,0,100000,2486.22808358785,97874.9033972722,4322680.3287835,43.226803287835,2025,"Females","GMoH report",35.129786712165
0,1,0.0213259,0.0106202,0.0123353,0.0113685,0.00771843,0.00942004,0.0101972,0.0142367,0.0139995,0.014818,0.0146064,0.0172033,0.023434,0.0267541,0.0370876,0.0586421,0.0677486,0.191653,0.129433472051,0.0209371882300348,0.0415972576094718,0.0598314041994464,0.0552716117058063,0.0378615702998758,0.0460165066663566,0.049718525626211,0.0687370288533102,0.0676305164619764,0.0714433799883322,0.0704591149581869,0.0824696257196432,0.110685490536896,0.125384149794929,0.169703281447472,0.255720528054446,0.289679541531498,1,0.979062811769965,0.958402742390528,0.940168595800554,0.944728388294194,0.962138429700124,0.953983493333643,0.950281474373789,0.93126297114669,0.932369483538024,0.928556620011668,0.929540885041813,0.917530374280357,0.889314509463104,0.874615850205071,0.830296718552528,0.744279471945554,0.710320458468502,0,100000,2093.71882300348,98177.2784737564,5020371.68319562,50.2037168319562,2025,"Females","GMoH report",28.1528731680438
0,1,0.0222759,0.0112361,0.0127689,0.0119515,0.00849723,0.00940017,0.0101265,0.0149284,0.0151678,0.015505,0.0170564,0.019464,0.0237277,0.0292852,0.0412803,0.0590329,0.0696189,0.196638,0.133120317551,0.0218538899099619,0.0439565985265907,0.0618694867757721,0.0580238207653085,0.0416023873650257,0.0459216712098581,0.0493823247217627,0.0719565110510633,0.0730682870877751,0.0746320742229335,0.0817942129649611,0.0928041500581695,0.111995038322961,0.136437035332222,0.18709332820885,0.257205529276878,0.296491048379867,1,0.978146110090038,0.956043401473409,0.938130513224228,0.941976179234691,0.958397612634974,0.954078328790142,0.950617675278237,0.928043488948937,0.926931712912225,0.925367925777067,0.918205787035039,0.907195849941831,0.888004961677039,0.863562964667778,0.81290667179115,0.742794470723122,0.703508951620133,0,100000,2185.38899099619,98105.5306854577,4898785.75600636,48.9878575600636,2025,"Females","GMoH report",29.3687324399364
0,1,0.0219511,0.0120283,0.0138786,0.0140155,0.00924701,0.0100585,0.0104369,0.0161949,0.0150782,0.0140718,0.0159029,0.0176896,0.0249682,0.0321688,0.0422137,0.0622837,0.0694569,0.200869,0.131859804479,0.0215406085446124,0.0469829499658515,0.067066043037741,0.067705194612279,0.045190360706606,0.0490588537976898,0.0508575130549909,0.0778236350325292,0.072652333945748,0.0679679224714168,0.0764741000844187,0.0847021328757048,0.117506203993616,0.148871459485275,0.19091991044149,0.269460939245749,0.295903202189594,1,0.978459391455388,0.953017050034148,0.932933956962259,0.932294805387721,0.954809639293394,0.95094114620231,0.949142486945009,0.922176364967471,0.927347666054252,0.932032077528583,0.923525899915581,0.915297867124295,0.882493796006384,0.851128540514725,0.80908008955851,0.730539060754251,0.704096797810406,0,100000,2154.06085446123,98129.9731886439,4793594.89446675,47.9359489446676,2025,"Females","GMoH report",30.4206410553324
0,1,0.0240768,0.0121575,0.0154725,0.0154077,0.00999978,0.0101813,0.0114737,0.0173755,0.017212,0.0187418,0.0190737,0.0225166,0.0286633,0.0347195,0.0478887,0.0673275,0.0721929,0.211934,0.140109412352,0.0235884387931129,0.0474756300552076,0.0744814638754671,0.0741810996762939,0.0487794408084804,0.0496429261889803,0.0557688134138342,0.0832607568005309,0.0825096114205728,0.0895148275142343,0.0910279027292813,0.10658326797101,0.133733398683769,0.159732885228291,0.213841965649055,0.288138404010036,0.305777151668312,1,0.976411561206887,0.952524369944792,0.925518536124533,0.925818900323706,0.95122055919152,0.95035707381102,0.944231186586166,0.916739243199469,0.917490388579427,0.910485172485766,0.908972097270719,0.89341673202899,0.866266601316231,0.840267114771709,0.786158034350945,0.711861595989964,0.694222848331688,0,100000,2358.84387931129,97971.6523504491,4557408.67611102,45.5740867611102,2025,"Females","GMoH report",32.7825032388898
0,1,0.026367,0.0130776,0.0162694,0.0148064,0.0104342,0.0104971,0.0120732,0.0183773,0.0173838,0.0156104,0.0207945,0.0246694,0.0272249,0.0355857,0.0495724,0.0738961,0.0856561,0.226677,0.14899742663,0.025788351054343,0.0509770841681648,0.078167648162464,0.0713894481859489,0.0508446908176755,0.0511433576510041,0.0585973560037391,0.0878503685548905,0.0832988726443144,0.0751203530999224,0.0988344667052445,0.116181669788311,0.127449968389015,0.16339241623405,0.220531331549713,0.311866250851189,0.352743844872946,1,0.974211648945657,0.949022915831835,0.921832351837536,0.928610551814051,0.949155309182324,0.948856642348996,0.941402643996261,0.91214963144511,0.916701127355686,0.924879646900078,0.901165533294755,0.883818330211689,0.872550031610985,0.83660758376595,0.779468668450287,0.688133749148811,0.647256155127054,0,100000,2578.83510543429,97805.4046889785,4486620.04685977,44.8662004685977,2025,"Females","GMoH report",33.4903895314023
0,1,0.0233073,0.0110322,0.012695,0.0130883,0.00862751,0.0093889,0.0103136,0.0151313,0.016031,0.0132269,0.0157114,0.0185618,0.0231825,0.0286882,0.039967,0.054152,0.0717634,0.190226,0.137123067497,0.0228478003131946,0.043176144282102,0.0615224318201093,0.0633680498818291,0.0422267702925826,0.0458678777074806,0.0502717921121796,0.0728988635643711,0.0770663724578217,0.0640176135677518,0.0755880161092527,0.0886932347863565,0.109562659136425,0.133841799237768,0.181681807953778,0.238475224154028,0.304234707482607,1,0.977152199686805,0.956823855717898,0.938477568179891,0.936631950118171,0.957773229707417,0.954132122292519,0.94972820788782,0.927101136435629,0.922933627542178,0.935982386432248,0.924411983890747,0.911306765213644,0.890437340863575,0.866158200762232,0.818318192046222,0.761524775845972,0.695765292517393,0,100000,2284.78003131946,98028.516015131,4907787.35184358,49.0778735184358,2025,"Females","GMoH report",29.2787164815642
0,1,0.0243932,0.0128381,0.0147155,0.014061,0.00912733,0.00989078,0.0109161,0.0172158,0.0163697,0.0166659,0.0186469,0.0244163,0.0267802,0.032522,0.0426311,0.0621265,0.0694086,0.214056,0.141337325948,0.0238927536044554,0.050066872956592,0.0709667229703254,0.0679175290597279,0.0446185298840828,0.0482605634603442,0.0531305539013925,0.0825270759161087,0.078630601602374,0.0799964671934996,0.0890817536210109,0.115058257658813,0.125498793055535,0.150383101900019,0.19262586835855,0.268872267658314,0.295727858415888,1,0.976107246395545,0.949933127043408,0.929033277029675,0.932082470940272,0.955381470115917,0.951739436539656,0.946869446098607,0.917472924083891,0.921369398397626,0.9200035328065,0.910918246378989,0.884941742341187,0.874501206944465,0.849616898099981,0.80737413164145,0.731127732341686,0.704272141584112,0,100000,2389.27536044554,97948.4184299533,4648041.66092706,46.4804166092706,2025,"Females","GMoH report",31.8761733907294
0,1,0.0237316,0.0120881,0.0133486,0.0149484,0.00896175,0.00969925,0.0108331,0.0156921,0.0150503,0.0148929,0.016783,0.021442,0.0250118,0.0302415,0.0422979,0.0635301,0.0633767,0.206395,0.138769729124,0.0232562795013246,0.0472110170105495,0.0645876144252091,0.0720494403641513,0.0438268371064042,0.0473481462316565,0.0527372307635388,0.0754986683653598,0.0725227761550829,0.071791539455122,0.0805359143727071,0.101755401692285,0.117699320348282,0.140579186340695,0.191264303990591,0.274114237673023,0.273542886381642,1,0.976743720498675,0.95278898298945,0.935412385574791,0.927950559635849,0.956173162893596,0.952651853768343,0.947262769236461,0.92450133163464,0.927477223844917,0.928208460544878,0.919464085627293,0.898244598307715,0.882300679651718,0.859420813659305,0.808735696009409,0.725885762326977,0.726457113618358,0,100000,2325.62795013246,97997.0988105506,4763577.50651426,47.6357750651426,2025,"Females","GMoH report",30.7208149348574
0,1,0.0217685,0.0109575,0.0128465,0.0128888,0.00824967,0.00943742,0.0100195,0.0143517,0.0141841,0.0143558,0.0157242,0.0174287,0.0250444,0.0307299,0.0410004,0.0583626,0.0657368,0.198567,0.131151153965,0.0213644232102523,0.0428900642421336,0.0622337842273097,0.0624323062286989,0.0404148275245391,0.0460994503140431,0.0488732852949677,0.0692730354430789,0.0684917648939204,0.0692921397504271,0.0756472680685897,0.0835050393037182,0.117843688800511,0.142687563598441,0.185942688487357,0.254656902635599,0.282291629091796,1,0.978635576789748,0.957109935757866,0.93776621577269,0.937567693771301,0.959585172475461,0.953900549685957,0.951126714705032,0.930726964556921,0.93150823510608,0.930707860249573,0.92435273193141,0.916494960696282,0.882156311199489,0.857312436401559,0.814057311512643,0.745343097364401,0.717708370908204,0,100000,2136.44232102523,98143.7545547569,4929476.52543793,49.2947652543793,2025,"Females","GMoH report",29.0618247456207
0,1,0.022969,0.011746,0.0131708,0.0124711,0.00857216,0.00936937,0.0100407,0.0151696,0.0149342,0.0154644,0.0158894,0.0194552,0.0237133,0.0290026,0.0389599,0.0544247,0.0756734,0.189448,0.13581016241,0.022521948855966,0.0459055859742919,0.0637547474313286,0.0604701759711165,0.0419615472576497,0.0457746508977943,0.0489741628087163,0.073076641449663,0.0719834614741325,0.0744439234745504,0.0764116613695853,0.0927641378626371,0.111930874013159,0.135209436959123,0.177510064131143,0.239532314154578,0.318173772172251,1,0.977478051144034,0.954094414025708,0.936245252568671,0.939529824028884,0.95803845274235,0.954225349102206,0.951025837191284,0.926923358550337,0.928016538525868,0.92555607652545,0.923588338630415,0.907235862137363,0.888069125986841,0.864790563040877,0.822489935868857,0.760467685845422,0.681826227827749,0,100000,2252.19488559659,98053.6760675953,4885623.20069002,48.8562320069002,2025,"Females","GMoH report",29.5003579930998
0,1,0.0210123,0.0114281,0.0134083,0.0135561,0.00881094,0.00934905,0.010797,0.0160398,0.0150949,0.0148184,0.0167441,0.018487,0.0223868,0.0285012,0.0419326,0.0584553,0.0682618,0.202893,0.128216424947,0.02063431690965,0.0446909350503033,0.0648671059579597,0.0655586992913416,0.0431052065289642,0.0456776435660471,0.0525661092948585,0.077107046008579,0.0727298745419421,0.0714452396518573,0.08035674650223,0.0883516094884668,0.106001418604937,0.13302739875641,0.189769209150898,0.255009812297949,0.291553998212111,1,0.97936568309035,0.955309064949697,0.93513289404204,0.934441300708658,0.956894793471036,0.954322356433953,0.947433890705142,0.922892953991421,0.927270125458058,0.928554760348143,0.91964325349777,0.911648390511533,0.893998581395063,0.86697260124359,0.810230790849102,0.744990187702051,0.708446001787889,0,100000,2063.43169096501,98201.1341435729,4851059.82510711,48.5105982510711,2025,"Females","GMoH report",29.8459917489289
0,1,0.0263615,0.0140787,0.0162497,0.0158837,0.0100234,0.011379,0.0119706,0.0192759,0.0177257,0.0176377,0.0217222,0.0267943,0.0293314,0.0413989,0.0491806,0.0720258,0.0855207,0.232411,0.148976081735,0.0257830755974161,0.0547725474718171,0.078076692908127,0.0763852971395609,0.0488918437337967,0.0553212487754601,0.0581138556974697,0.0919485236332448,0.0848676535822431,0.0844641180621385,0.103016630378956,0.125560720937463,0.136637571815153,0.187580440277491,0.218979181202394,0.305177386490315,0.35228446490541,1,0.974216924402584,0.945227452528183,0.921923307091873,0.923614702860439,0.951108156266203,0.94467875122454,0.94188614430253,0.908051476366755,0.915132346417757,0.915535881937862,0.896983369621044,0.874439279062537,0.863362428184847,0.812419559722509,0.781020818797606,0.694822613509685,0.64771553509459,0,100000,2578.30755974162,97805.7985980164,4394376.01200859,43.9437601200859,2025,"Females","GMoH report",34.4128298799141
0,1,0.0227941,0.0115992,0.0148107,0.0142574,0.00867425,0.00927753,0.0110493,0.0163543,0.0149876,0.015617,0.0177027,0.0197688,0.0254669,0.028692,0.0415062,0.0605851,0.0682147,0.198273,0.135131394749,0.0223534267474728,0.0453448715322463,0.0714094404990035,0.0688335320020837,0.0424506804624955,0.0453361316952827,0.0537614344556723,0.0785595345118328,0.0722315558344394,0.0751509201981632,0.0847622004837412,0.0941889916544536,0.119712720307972,0.133858341186679,0.18802091567457,0.263078853397559,0.29138213729727,1,0.977646573252527,0.954655128467754,0.928590559500996,0.931166467997916,0.957549319537505,0.954663868304717,0.946238565544328,0.921440465488167,0.927768444165561,0.924849079801837,0.915237799516259,0.905811008345546,0.880287279692028,0.866141658813321,0.81197908432543,0.736921146602441,0.70861786270273,0,100000,2235.34267474727,98066.7222986333,4765396.85486013,47.6539685486013,2025,"Females","GMoH report",30.7026214513987
0,1,0.0227874,0.0125334,0.0134271,0.012126,0.00839602,0.00952423,0.0108338,0.0147946,0.0147038,0.0139303,0.0150559,0.0186693,0.0247009,0.0290332,0.0415599,0.0554542,0.0642465,0.197379,0.135105392786,0.0223469702808501,0.0489076419214826,0.0649551033301881,0.0588460810528819,0.0411170510427599,0.0465136336377459,0.0527405486111415,0.0713345834299675,0.0709122993326803,0.06730746698176,0.0725487819833425,0.0891839931898517,0.116321392302206,0.135342439699305,0.188241278250131,0.243511641785277,0.276777530902225,1,0.97765302971915,0.951092358078517,0.935044896669812,0.941153918947118,0.95888294895724,0.953486366362254,0.947259451388858,0.928665416570033,0.92908770066732,0.93269253301824,0.927451218016658,0.910816006810148,0.883678607697794,0.864657560300695,0.811758721749869,0.756488358214723,0.723222469097775,0,100000,2234.69702808501,98067.2225916521,4884918.68384725,48.8491868384725,2025,"Females","GMoH report",29.5074031615275
0,1,0.0255526,0.0139569,0.0151507,0.0157239,0.0102461,0.00985539,0.0116928,0.0179469,0.0169014,0.0196992,0.0243671,0.026668,0.0295314,0.0399339,0.0484423,0.0618472,0.0779527,0.217376,0.145836829814,0.0250067993511879,0.0543115580314225,0.0729889170366327,0.0756458793925488,0.0499509928308886,0.048092035583575,0.0568035195174655,0.0858812447227148,0.0810810421840752,0.0938729451950349,0.114839722494981,0.12500585935669,0.137505197524558,0.181545000282997,0.216046969699335,0.267825376011807,0.326194202899157,1,0.974993200648812,0.945688441968577,0.927011082963367,0.924354120607451,0.950049007169111,0.951907964416425,0.943196480482535,0.914118755277285,0.918918957815925,0.906127054804965,0.885160277505019,0.87499414064331,0.862494802475442,0.818454999717003,0.783953030300665,0.732174623988193,0.673805797100843,0,100000,2500.67993511879,97864.0112989984,4451957.73325335,44.5195773325335,2025,"Females","GMoH report",33.8370126674665
0,1,0.0262987,0.0137829,0.0158739,0.0158809,0.0099294,0.0112365,0.0122106,0.0183045,0.0170757,0.0188419,0.0207815,0.0243421,0.0303586,0.0426296,0.0470119,0.0793072,0.0760306,0.221317,0.148732361843,0.0257228368770745,0.0536526225376516,0.076339967475718,0.0763723460250278,0.0484444394571358,0.0546473866011407,0.0592444735773413,0.0875175858734487,0.0818829771190218,0.0899714188098182,0.0987757303968925,0.114728658787332,0.141085132259469,0.192619743460446,0.210338471973565,0.330924300740736,0.319435767364535,1,0.974277163122926,0.946347377462348,0.923660032524282,0.923627653974972,0.951555560542864,0.945352613398859,0.940755526422659,0.912482414126551,0.918117022880978,0.910028581190182,0.901224269603108,0.885271341212668,0.858914867740531,0.807380256539554,0.789661528026435,0.669075699259264,0.680564232635465,0,100000,2572.28368770744,97810.2981404955,4425069.48792473,44.2506948792473,2025,"Females","GMoH report",34.1058951207527
0,1,0.0257448,0.0133262,0.0156953,0.0169871,0.00975551,0.0114424,0.0117059,0.0187545,0.0168699,0.019422,0.0220711,0.0252189,0.0298091,0.0413836,0.050943,0.0715266,0.077463,0.223882,0.146582736872,0.0251913200768388,0.0519209812396094,0.075513483072818,0.0814754221413564,0.0476162480402033,0.0556209082972489,0.0568653497557358,0.0895727687702461,0.0809360426358439,0.0926131676449972,0.104584748872879,0.118616082210833,0.138708556891885,0.187517615063179,0.225939863796533,0.30338309652096,0.32447749878001,1,0.974808679923161,0.948079018760391,0.924486516927182,0.918524577858644,0.952383751959797,0.944379091702751,0.943134650244264,0.910427231229754,0.919063957364156,0.907386832355003,0.895415251127121,0.881383917789167,0.861291443108115,0.812482384936821,0.774060136203467,0.69661690347904,0.67552250121999,0,100000,2519.13200768387,97850.1292565443,4413296.52777136,44.1329652777136,2025,"Females","GMoH report",34.2236247222864
0,1,0.0258895,0.0134232,0.0161632,0.0148587,0.00965895,0.0107436,0.0119926,0.0181458,0.0163509,0.0174285,0.0201785,0.0235732,0.0297575,0.0356879,0.0435838,0.0702681,0.077551,0.212423,0.147144301655,0.0253302087971901,0.0522890278429179,0.0776772189371862,0.0716325823708169,0.0471560550550647,0.052312927091256,0.0582175505094023,0.0867917362795465,0.0785438436664842,0.0835041210650447,0.0960472751461581,0.111306381045826,0.138485075885819,0.16382323218065,0.196507627194681,0.298842723969582,0.324786253195994,1,0.97466979120281,0.947710972157082,0.922322781062814,0.928367417629183,0.952843944944935,0.947687072908744,0.941782449490598,0.913208263720453,0.921456156333516,0.916495878934955,0.903952724853842,0.888693618954174,0.861514924114181,0.83617676781935,0.803492372805319,0.701157276030418,0.675213746804006,0,100000,2533.02087971901,97839.6987087048,4509501.4789775,45.095014789775,2025,"Females","GMoH report",33.261575210225
0,1,0.0262773,0.0151708,0.0166815,0.0165221,0.0107289,0.0119963,0.0120335,0.0206697,0.0198796,0.0213808,0.02509,0.0260767,0.0303073,0.0444818,0.0536089,0.0742865,0.0804601,0.223333,0.148649310797,0.0257023085794526,0.0588961952036101,0.0800683495667554,0.0793336055877947,0.0522432193108398,0.058234989003542,0.0584102991625681,0.0982704482875757,0.0946919069180784,0.101479706716585,0.118045590345574,0.122403783168617,0.140863517769743,0.200151277285144,0.236366173591391,0.313255806353333,0.334929372907344,1,0.974297691420547,0.94110380479639,0.919931650433245,0.920666394412205,0.94775678068916,0.941765010996458,0.941589700837432,0.901729551712424,0.905308093081922,0.898520293283415,0.881954409654426,0.877596216831383,0.859136482230257,0.799848722714856,0.763633826408609,0.686744193646667,0.665070627092656,0,100000,2570.23085794525,97811.8321876775,4265067.73622898,42.6506773622898,2025,"Females","GMoH report",35.7059126377102
0,1,0.022655,0.0114145,0.0136494,0.0130257,0.00864692,0.0094343,0.0106167,0.0150304,0.0150529,0.0157982,0.0150701,0.0199308,0.0225897,0.0307701,0.0403102,0.0549262,0.0667248,0.206377,0.13459156295,0.0222193708340189,0.0446389376914421,0.0659950189701714,0.0630745253866769,0.0423197610298886,0.0460845610638874,0.0517109995769778,0.0724303569087951,0.0725348503769038,0.0759897469493615,0.0726147221878907,0.0949242113224369,0.106910793140486,0.142860890298561,0.183099096954829,0.241473012545771,0.285927810135652,1,0.977780629165981,0.955361062308558,0.934004981029829,0.936925474613323,0.957680238970111,0.953915438936113,0.948289000423022,0.927569643091205,0.927465149623096,0.924010253050639,0.927385277812109,0.905075788677563,0.893089206859514,0.857139109701439,0.816900903045171,0.758526987454229,0.714072189864348,0,100000,2221.93708340189,98077.1169014297,4858852.48097908,48.5885248097908,2025,"Females","GMoH report",29.7680651902092
0,1,0.0218204,0.010608,0.0130688,0.0117974,0.00826311,0.00919371,0.0107503,0.0144531,0.0151909,0.0141482,0.0155157,0.0175332,0.0224785,0.0285375,0.0365057,0.0559719,0.0632778,0.190482,0.131352572156,0.0214145044642273,0.0415504653276094,0.0632766260729447,0.0572971077525016,0.0404793369648313,0.0449357347159613,0.0523446970093509,0.0697454066575929,0.0731754958983928,0.068324334139325,0.0746816546282126,0.0839846987018038,0.106412515666478,0.133185543855555,0.167263336996516,0.245505918237505,0.273174324347076,1,0.978585495535773,0.958449534672391,0.936723373927055,0.942702892247498,0.959520663035169,0.955064265284039,0.947655302990649,0.930254593342407,0.926824504101607,0.931675665860675,0.925318345371787,0.916015301298196,0.893587484333522,0.866814456144445,0.832736663003484,0.754494081762495,0.726825675652924,0,100000,2141.45044642272,98139.8345778595,4971315.06011271,49.7131506011271,2025,"Females","GMoH report",28.6434393988729
0,1,0.0236486,0.0120193,0.0136539,0.0129822,0.00937783,0.00944477,0.0109267,0.0161803,0.0156634,0.015423,0.0178096,0.0224628,0.0264863,0.0302555,0.0397359,0.0648883,0.0750131,0.194881,0.138447615254,0.0231763924137083,0.0469486208820644,0.0660160583521635,0.0628705062833217,0.0458150359534614,0.0461345250545025,0.0531807740893936,0.0777562032609424,0.0753657887608098,0.0742520274515373,0.0852522297237785,0.106342144207727,0.12420703783451,0.140639689672764,0.180726204069306,0.279156519964043,0.315835921156701,1,0.976823607586292,0.953051379117936,0.933983941647836,0.937129493716678,0.954184964046539,0.953865474945498,0.946819225910606,0.922243796739058,0.92463421123919,0.925747972548463,0.914747770276222,0.893657855792273,0.87579296216549,0.859360310327236,0.819273795930694,0.720843480035957,0.684164078843299,0,100000,2317.63924137082,98003.2323846161,4760134.59994661,47.6013459994661,2025,"Females","GMoH report",30.7552440005339
0,1,0.0239461,0.0126233,0.014488,0.0146183,0.0093658,0.00995388,0.0114472,0.018131,0.0167138,0.0162487,0.0180142,0.0202137,0.0277059,0.0353297,0.0424931,0.068427,0.0722397,0.200647,0.139602180029,0.023462694072877,0.0492498097530877,0.0699079346084808,0.0705144948980786,0.045757608476331,0.0485609747125701,0.0556435916929317,0.0867240171142537,0.0802171658342009,0.0780720756605366,0.0861894165317829,0.0962067633682576,0.129555846669405,0.162312380708231,0.192062203907812,0.292156515316154,0.305945052904277,1,0.976537305927123,0.950750190246912,0.930092065391519,0.929485505101921,0.954242391523669,0.95143902528743,0.944356408307068,0.913275982885746,0.919782834165799,0.921927924339463,0.913810583468217,0.903793236631742,0.870444153330595,0.837687619291769,0.807937796092188,0.707843484683846,0.694054947095723,0,100000,2346.26940728771,97981.274916905,4637737.94151999,46.3773794151999,2025,"Females","GMoH report",31.9792105848001
0,1,0.0231218,0.0127798,0.0143837,0.0143948,0.00942032,0.00977495,0.0108072,0.0161067,0.0151323,0.0170066,0.0175979,0.0211401,0.0262537,0.0351405,0.040149,0.0622903,0.0756572,0.208279,0.136403162402,0.022669144486949,0.0498451772086186,0.069422132192941,0.0694738447490171,0.046017842983465,0.0477088704421781,0.0526144624534331,0.0774162011810913,0.0729035057016763,0.0815651358995277,0.0842815540978535,0.100394619272779,0.123183446853365,0.161513350285712,0.182433675868853,0.269485645707903,0.318116492297394,1,0.977330855513051,0.950154822791381,0.930577867807059,0.930526155250983,0.953982157016535,0.952291129557822,0.947385537546567,0.922583798818909,0.927096494298324,0.918434864100472,0.915718445902147,0.899605380727221,0.876816553146635,0.838486649714288,0.817566324131146,0.730514354292097,0.681883507702606,0,100000,2266.91444869489,98042.2998510019,4692095.46918267,46.9209546918267,2025,"Females","GMoH report",31.4356353081733
0,1,0.0227083,0.0118858,0.0134426,0.0137241,0.00901334,0.0097566,0.0111114,0.0167514,0.0167164,0.0153501,0.0185136,0.0188131,0.0265526,0.0343339,0.0419158,0.0596433,0.0711364,0.206593,0.134798414387,0.0222707410238149,0.0464392643827979,0.0650276483361898,0.0663442134504613,0.0440735747151914,0.0476214416070418,0.0540554214745687,0.0803903718139879,0.0802291438493901,0.0739140305973202,0.0884731105512461,0.0898400742479163,0.124498596421637,0.158099103017287,0.189700390888943,0.259519936437668,0.301977940995432,1,0.977729258976185,0.953560735617202,0.93497235166381,0.933655786549539,0.955926425284809,0.952378558392958,0.945944578525431,0.919609628186012,0.91977085615061,0.92608596940268,0.911526889448754,0.910159925752084,0.875501403578363,0.841900896982713,0.810299609111057,0.740480063562332,0.698022059004568,0,100000,2227.07410238149,98073.1319553419,4744242.72657488,47.4424272657488,2025,"Females","GMoH report",30.9141627342512
0,1,0.0232615,0.0128566,0.0145124,0.0143098,0.00935153,0.0101718,0.0110533,0.0163249,0.0165322,0.0172108,0.0172666,0.02001,0.0282684,0.0315113,0.0431604,0.0624827,0.0715287,0.208184,0.136945322735,0.0228036942569412,0.0501372118444025,0.0700215482094142,0.0690777770644093,0.0456894835595216,0.0495977539167734,0.053780373494143,0.0784238463757512,0.0793801775709057,0.0825040962506244,0.0827605180956252,0.0952834456322468,0.132012541667795,0.146050868192791,0.194784552049326,0.270205566608221,0.303390652573216,1,0.977196305743059,0.949862788155597,0.929978451790586,0.930922222935591,0.954310516440478,0.950402246083227,0.946219626505857,0.921576153624249,0.920619822429094,0.917495903749376,0.917239481904375,0.904716554367753,0.867987458332205,0.853949131807209,0.805215447950674,0.729794433391779,0.696609347426784,0,100000,2280.36942569412,98031.9165012626,4672011.15208963,46.7201115208963,2025,"Females","GMoH report",31.6364784791037
0,1,0.022235,0.0125793,0.0141463,0.0148635,0.00923345,0.00978031,0.0110929,0.0165083,0.0159569,0.0146927,0.0184413,0.0207875,0.0271286,0.0347756,0.0413,0.0635274,0.0721453,0.215106,0.13296158915,0.0218144480031181,0.0490823566226728,0.0683154720928329,0.0716548937180543,0.0451255878521172,0.0477344067605396,0.0539678500893594,0.0792699689297908,0.0767238144144261,0.0708606638120227,0.0881428291136654,0.0988028399132579,0.127027785074565,0.15997033872186,0.187174257874462,0.274104184563847,0.305606346181991,1,0.978185551996882,0.950917643377327,0.931684527907167,0.928345106281946,0.954874412147883,0.95226559323946,0.946032149910641,0.920730031070209,0.923276185585574,0.929139336187977,0.911857170886335,0.901197160086742,0.872972214925435,0.84002966127814,0.812825742125538,0.725895815436153,0.694393653818009,0,100000,2181.44480031182,98108.6035669806,4692065.39626174,46.9206539626174,2025,"Females","GMoH report",31.4359360373826
0,1,0.0226388,0.0122577,0.0155821,0.0142488,0.00928873,0.0104252,0.0115698,0.0174012,0.0174558,0.0171357,0.0205703,0.0241349,0.0258194,0.0356709,0.0465849,0.0698192,0.0682646,0.2203,0.134528692532,0.0222037566483693,0.0478575529464955,0.0749892740808615,0.0687934400775572,0.0453896201832872,0.0508019488082116,0.0562227840818252,0.0833787732282514,0.0836294525073074,0.0821588753971429,0.0978209826038596,0.113807658836847,0.12126925170624,0.163751584051173,0.208627295728091,0.29721731253214,0.291564213908119,1,0.977796243351631,0.952142447053504,0.925010725919138,0.931206559922443,0.954610379816713,0.949198051191788,0.943777215918175,0.916621226771749,0.916370547492693,0.917841124602857,0.90217901739614,0.886192341163153,0.87873074829376,0.836248415948827,0.791372704271909,0.70278268746786,0.708435786091881,0,100000,2220.37566483693,98078.3285702835,4586171.15212448,45.8617115212448,2025,"Females","GMoH report",32.4948784787552
0,1,0.0226525,0.0121056,0.0146119,0.0137353,0.0091768,0.00964713,0.0109396,0.0165425,0.0159418,0.01471,0.018574,0.0204769,0.0277068,0.0351187,0.0424319,0.0596009,0.0671939,0.200384,0.134581860725,0.0222169612597463,0.0472777489642761,0.0704847111238245,0.0663965583792343,0.0448549380121258,0.0470997074970353,0.0532418876156009,0.0794276694454948,0.0766539934192716,0.0709411395915218,0.088748942839259,0.0973984539935488,0.12955978254262,0.161421239767447,0.191812118429978,0.259359370271033,0.287648875552528,1,0.977783038740254,0.952722251035724,0.929515288876176,0.933603441620766,0.955145061987874,0.952900292502965,0.946758112384399,0.920572330554505,0.923346006580728,0.929058860408478,0.911251057160741,0.902601546006451,0.87044021745738,0.838578760232553,0.808187881570022,0.740640629728967,0.712351124447473,0,100000,2221.69612597463,98077.3038726246,4720707.93046825,47.2070793046825,2025,"Females","GMoH report",31.1495106953175
0,1,0.0257287,0.0154094,0.0171972,0.0165693,0.0111139,0.0107997,0.0127782,0.020169,0.0188817,0.0187027,0.0238991,0.0312244,0.0345628,0.0453438,0.0575969,0.0740588,0.0768341,0.221217,0.146520254543,0.0251758650837605,0.0597947961368186,0.082441588773846,0.0795512295313169,0.054067254841055,0.0525789088940425,0.0619131533593586,0.0960042268706163,0.0901528999715194,0.08933641937346,0.112758437090336,0.144817408291368,0.15906929907484,0.203635034326289,0.251736408179339,0.312445629107613,0.322267639835322,1,0.97482413491624,0.940205203863181,0.917558411226154,0.920448770468683,0.945932745158945,0.947421091105958,0.938086846640641,0.903995773129384,0.909847100028481,0.91066358062654,0.887241562909664,0.855182591708632,0.84093070092516,0.796364965673711,0.748263591820661,0.687554370892387,0.677732360164678,0,100000,2517.58650837604,97851.2909076652,4254153.32839396,42.5415332839396,2025,"Females","GMoH report",35.8150567160604
0,1,0.0237154,0.0128268,0.01454,0.0136882,0.00869092,0.00978976,0.0113675,0.01739,0.0170099,0.0172909,0.0183495,0.0210557,0.0252452,0.0337327,0.0427292,0.0613403,0.0723751,0.205651,0.138706858706,0.0232406877715619,0.0500239067069038,0.0701500458339364,0.0661764101562481,0.0425305264917557,0.0477794271872484,0.055266884233684,0.0833273437312825,0.0815803173977404,0.0828721642384246,0.0877233031233454,0.100013846149096,0.118732439543115,0.155546031000199,0.193026346579354,0.265922140337621,0.306430631081105,1,0.976759312228438,0.949976093293096,0.929849954166064,0.933823589843752,0.957469473508244,0.952220572812752,0.944733115766316,0.916672656268718,0.91841968260226,0.917127835761575,0.912276696876655,0.899986153850904,0.881267560456885,0.844453968999801,0.806973653420646,0.734077859662379,0.693569368918895,0,100000,2324.06877715618,97998.2955023399,4673350.97456396,46.7335097456396,2025,"Females","GMoH report",31.6230802543604
0,1,0.0243582,0.0130743,0.0157826,0.0152941,0.00853058,0.00978641,0.0112813,0.0180211,0.0167608,0.0161791,0.0203283,0.0221886,0.0296411,0.0347387,0.044123,0.0609926,0.0731885,0.218125,0.141201494798,0.0238590966686148,0.0509645484094604,0.0759175588396436,0.073654309078795,0.0417622592658792,0.0477634678026536,0.0548592897367325,0.0862210065472772,0.0804336684256293,0.0777506607131401,0.096725821221174,0.10511226499247,0.137980747186431,0.159814159631981,0.198697207755509,0.264614225911652,0.309341837343891,1,0.976140903331385,0.94903545159054,0.924082441160356,0.926345690921205,0.958237740734121,0.952236532197346,0.945140710263268,0.913778993452723,0.919566331574371,0.92224933928686,0.903274178778826,0.89488773500753,0.862019252813569,0.840185840368019,0.801302792244491,0.735385774088348,0.690658162656109,0,100000,2385.90966686148,97950.9843445524,4581621.32484931,45.8162132484931,2025,"Females","GMoH report",32.5403767515069
0,1,0.0261438,0.0128155,0.0137085,0.0139041,0.00927561,0.00972582,0.0107052,0.0175242,0.0163435,0.0174387,0.0178171,0.0213674,0.0276596,0.0324611,0.0446778,0.0634798,0.0702051,0.203777,0.148131211982,0.0255742340039095,0.0499809385636745,0.0662712997194885,0.06718512814925,0.0453269619462543,0.0474747722757624,0.0521308227896798,0.0839433977719136,0.0785096921172061,0.0835509501155499,0.0852866002851487,0.101419331443296,0.129353345511243,0.150122635307546,0.200944594040899,0.273926932737953,0.298614795968823,1,0.974425765996091,0.950019061436326,0.933728700280511,0.93281487185075,0.954673038053746,0.952525227724238,0.94786917721032,0.916056602228086,0.921490307882794,0.91644904988445,0.914713399714851,0.898580668556704,0.870646654488757,0.849877364692454,0.799055405959101,0.726073067262047,0.701385204031177,0,100000,2557.42340039095,97821.4108274601,4670865.69490982,46.7086569490982,2025,"Females","GMoH report",31.6479330509018
0,1,0.0246834,0.0139192,0.0170297,0.0159002,0.00984676,0.0106716,0.0121227,0.019416,0.0180428,0.018089,0.0221851,0.0229421,0.0324997,0.0368059,0.0483196,0.068829,0.0781739,0.239767,0.142463560226,0.0241717584446289,0.0541688265392692,0.0816714013414392,0.0764616126657309,0.0480509349396833,0.0519714535896809,0.0588305376044561,0.0925858813206935,0.0863203480600551,0.0865318149963285,0.105096555989304,0.108488135846491,0.150287734303631,0.168522906856341,0.215558721947468,0.293620915088444,0.326968494098068,1,0.975828241555371,0.945831173460731,0.918328598658561,0.923538387334269,0.951949065060317,0.948028546410319,0.941169462395544,0.907414118679306,0.913679651939945,0.913468185003671,0.894903444010696,0.891511864153509,0.849712265696369,0.831477093143659,0.784441278052532,0.706379084911556,0.673031505901932,0,100000,2417.17584446289,97927.1836320316,4410255.70480981,44.1025570480981,2025,"Females","GMoH report",34.2540329519019
0,1,0.023284,0.0119759,0.0140265,0.0133028,0.00889461,0.00958571,0.0110855,0.0168712,0.014626,0.0155157,0.0182221,0.0197508,0.0238666,0.0340569,0.0397792,0.0597031,0.0673899,0.21193,0.13703264276,0.0228253624161844,0.046783061468323,0.0677565324924854,0.0643731424031001,0.0435056358409811,0.0468068575927612,0.0539328193283392,0.080942027177699,0.0705503272829007,0.0746816546282126,0.0871407799826934,0.0941072655489876,0.11261373271685,0.156923665998628,0.18090532703684,0.259746344977878,0.288366950163022,1,0.977174637583816,0.953216938531677,0.932243467507515,0.9356268575969,0.956494364159019,0.953193142407239,0.946067180671661,0.919057972822301,0.929449672717099,0.925318345371787,0.912859220017307,0.905892734451012,0.88738626728315,0.843076334001372,0.81909467296316,0.740253655022122,0.711633049836978,0,100000,2282.53624161844,98030.245731766,4768032.99536164,47.6803299536165,2025,"Females","GMoH report",30.6762600463835
0,1,0.0241336,0.0150941,0.016592,0.015654,0.01018,0.0111359,0.0115814,0.0209406,0.0201699,0.018208,0.0251121,0.0276951,0.0296991,0.0472472,0.0507277,0.0731705,0.085747,0.231766,0.140329846904,0.023643078571335,0.0586071554692628,0.0796558743326804,0.0753222632285507,0.0496367448437271,0.0541713822607075,0.0562775674508129,0.0994943229519794,0.0960083052117727,0.0870762873976586,0.118143426169239,0.129508614898791,0.138232079145616,0.211280025900665,0.225092444950688,0.309277522584354,0.353052103255398,1,0.976356921428665,0.941392844530737,0.92034412566732,0.924677736771449,0.950363255156273,0.945828617739292,0.943722432549187,0.900505677048021,0.903991694788227,0.912923712602341,0.881856573830761,0.870491385101209,0.861767920854384,0.788719974099335,0.774907555049313,0.690722477415646,0.646947896744602,0,100000,2364.30785713349,97967.475102492,4319038.99847213,43.1903899847213,2025,"Females","GMoH report",35.1662000152787
0,1,0.0232083,0.0116379,0.0141841,0.0135748,0.00902709,0.0100522,0.0101023,0.016721,0.0157037,0.0157653,0.0169299,0.0182394,0.0229327,0.0315674,0.0378807,0.0558784,0.0706112,0.197543,0.136738859387,0.0227524585089075,0.045492720535363,0.0684917648939204,0.0656461660623423,0.0441393258329173,0.0490288797377505,0.0492672194230562,0.0802503353562695,0.0755523705947289,0.0758374977421156,0.0812122133720801,0.0872199032420188,0.10844609556083,0.146291865418936,0.173018358653396,0.245146074040797,0.30008295595175,1,0.977247541491092,0.954507279464637,0.93150823510608,0.934353833937658,0.955860674167083,0.95097112026225,0.950732780576944,0.91974966464373,0.924447629405271,0.924162502257884,0.91878778662792,0.912780096757981,0.89155390443917,0.853708134581064,0.826981641346604,0.754853925959203,0.699917044048251,0,100000,2275.24585089074,98035.8686715851,4796190.43760617,47.9619043760617,2025,"Females","GMoH report",30.3946856239383
0,1,0.0235259,0.0134783,0.0160856,0.0160518,0.0101255,0.0109216,0.0118674,0.0181397,0.0188742,0.0202221,0.0196616,0.0244668,0.0298431,0.0388522,0.0502489,0.068244,0.0829495,0.226369,0.137971430051,0.0230582781664287,0.0524980315623854,0.0773187055740453,0.0771625071685785,0.049377568573522,0.0531566118695148,0.0576272848980036,0.086763825582694,0.090118703897256,0.0962448191087523,0.0937021638386738,0.115282514439292,0.138855782493659,0.177062801553689,0.223204987285921,0.291489052716105,0.34351210633824,1,0.976941721833571,0.947501968437615,0.922681294425955,0.922837492831421,0.950622431426478,0.946843388130485,0.942372715101996,0.913236174417306,0.909881296102744,0.903755180891248,0.906297836161326,0.884717485560708,0.861144217506341,0.822937198446311,0.776795012714079,0.708510947283895,0.65648789366176,0,100000,2305.82781664286,98012.3105446707,4434129.10450318,44.3412910450318,2025,"Females","GMoH report",34.0152989549682
0,1,0.0219124,0.0110806,0.0127969,0.0126704,0.00816516,0.00848625,0.0103346,0.0148103,0.0133613,0.0146825,0.0136374,0.0170752,0.0224338,0.0275747,0.0363542,0.0566678,0.0669541,0.192657,0.131709614036,0.0215032717364273,0.0433614580557352,0.0620009501040342,0.0614068758020929,0.0400090982777658,0.0415497461664866,0.0503715748074864,0.0714075807664371,0.0646470775082234,0.0708132125180108,0.0659389117134959,0.0818806776331942,0.106212144956204,0.128981906553405,0.166627019975974,0.2481795300654,0.286769513320474,1,0.978496728263573,0.956638541944265,0.937999049895966,0.938593124197907,0.959990901722234,0.958450253833513,0.949628425192514,0.928592419233563,0.935352922491777,0.929186787481989,0.934061088286504,0.918119322366806,0.893787855043796,0.871018093446595,0.833372980024026,0.7518204699346,0.713230486679526,0,100000,2150.32717364273,98132.8915884489,4992355.93957744,49.9235593957744,2025,"Females","GMoH report",28.4330306042256
0,1,0.0250288,0.0133062,0.014602,0.014208,0.00967256,0.0107038,0.0108168,0.0169431,0.0167592,0.0187336,0.0223625,0.0214911,0.0284285,0.0372697,0.0487024,0.0675357,0.0732757,0.211146,0.143804019632,0.0245036966133508,0.0518450780450343,0.070438637536722,0.0686032138442522,0.0472209317607213,0.0521241829269658,0.0526599691151871,0.0812729602672403,0.0804262989275342,0.0894774147572586,0.105892450205688,0.101976530465293,0.132710592315871,0.170465504470125,0.217081076455129,0.288900719239194,0.309653337367627,1,0.975496303386649,0.948154921954966,0.929561362463278,0.931396786155748,0.952779068239279,0.947875817073034,0.947340030884813,0.91872703973276,0.919573701072466,0.910522585242741,0.894107549794312,0.898023469534707,0.867289407684129,0.829534495529875,0.782918923544871,0.711099280760806,0.690346662632373,0,100000,2450.36966133508,97902.0033455492,4564293.79601556,45.6429379601556,2025,"Females","GMoH report",32.7136520398444
0,1,0.0238941,0.0130147,0.014676,0.0145618,0.00919969,0.0101885,0.0106198,0.0168799,0.0171286,0.0161036,0.0178947,0.0203288,0.0264555,0.0359886,0.0415348,0.05843,0.0697576,0.201619,0.139400373749,0.0234126595459542,0.0507381172508312,0.0707829727305173,0.0702515282401804,0.0449643058136237,0.0496771606224943,0.0517257083072955,0.0809820766124728,0.0821262315746271,0.0774018778015859,0.0856421486082499,0.0967280852513556,0.124071561980089,0.165089637664838,0.188138284909819,0.254913509150797,0.296994024152031,1,0.976587340454046,0.949261882749169,0.929217027269483,0.92974847175982,0.955035694186376,0.950322839377506,0.948274291692704,0.919017923387527,0.917873768425373,0.922598122198414,0.91435785139175,0.903271914748644,0.875928438019911,0.834910362335162,0.811861715090181,0.745086490849203,0.703005975847969,0,100000,2341.26595459542,97985.107394521,4662998.46342733,46.6299846342733,2025,"Females","GMoH report",31.7266053657267
0,1,0.0240817,0.0133383,0.0138471,0.014198,0.00921095,0.0104044,0.0110127,0.0175198,0.0161684,0.0155014,0.0180115,0.0219031,0.0256865,0.0323691,0.0413431,0.0617591,0.0664943,0.221328,0.140128428713,0.0235931525967861,0.0519668998007747,0.0669189176389058,0.0685565840491745,0.0450181012995864,0.050703160102572,0.0535881251357926,0.0839232055581556,0.0777012382487474,0.0746153923909763,0.0861770549374838,0.103830002671229,0.120682708988892,0.149729016250236,0.187351291999354,0.267494890734151,0.28508086808349,1,0.976406847403214,0.948033100199225,0.933081082361094,0.931443415950825,0.954981898700414,0.949296839897428,0.946411874864207,0.916076794441844,0.922298761751253,0.925384607609024,0.913822945062516,0.89616999732877,0.879317291011108,0.850270983749764,0.812648708000646,0.732505109265849,0.71491913191651,0,100000,2359.31525967861,97971.2918804988,4673854.85332129,46.7385485332129,2025,"Females","GMoH report",31.6180414667871
0,1,0.0234745,0.0116715,0.0141186,0.0140053,0.00877403,0.0101749,0.0112582,0.0161849,0.0141366,0.0149432,0.0178957,0.0203753,0.0255906,0.0357711,0.0411941,0.0691208,0.0672137,0.206057,0.137771952305,0.0230087934541843,0.0456210674231416,0.0681862635486549,0.067657587958415,0.0429285099153682,0.0496124945724373,0.0547500329476713,0.077777449398092,0.0682702277461108,0.0720252796045338,0.0856467295547669,0.0969386165171931,0.120259235048894,0.164173805927011,0.186739124571249,0.294682307840539,0.287721443099806,1,0.976991206545816,0.954378932576858,0.931813736451345,0.932342412041585,0.957071490084632,0.950387505427563,0.945249967052329,0.922222550601908,0.931729772253889,0.927974720395466,0.914353270445233,0.903061383482807,0.879740764951106,0.835826194072989,0.813260875428751,0.705317692159461,0.712278556900194,0,100000,2300.87934541843,98016.1172940181,4743399.71538494,47.4339971538494,2025,"Females","GMoH report",30.9225928461506
0,1,0.0241569,0.0122068,0.0127102,0.0123693,0.0089299,0.00946556,0.010673,0.0150618,0.0141917,0.0152274,0.0156065,0.0203738,0.0249711,0.0293626,0.0395123,0.0594461,0.0726722,0.201597,0.140420271641,0.0236654912442759,0.0476635608898593,0.0615938254009714,0.0599913718116261,0.0436744781929617,0.0462337296450524,0.0519780944936726,0.0725761802218368,0.0685272061221893,0.0733448707864654,0.0751022902673563,0.0969318259130326,0.117519050118938,0.136772974637288,0.179800656318378,0.258772900673224,0.307495130875055,1,0.976334508755724,0.952336439110141,0.938406174599029,0.940008628188374,0.956325521807038,0.953766270354948,0.948021905506327,0.927423819778163,0.931472793877811,0.926655129213535,0.924897709732644,0.903068174086967,0.882480949881063,0.863227025362712,0.820199343681622,0.741227099326776,0.692504869124945,0,100000,2366.54912442759,97965.7623464763,4858818.29058171,48.588182905817,2025,"Females","GMoH report",29.7684070941829
0,1,0.024311,0.0129658,0.0149665,0.0150032,0.00939317,0.00993892,0.0113709,0.0170678,0.0165943,0.0192022,0.0192295,0.0234366,0.0269031,0.0356509,0.0450414,0.0674264,0.0779136,0.217443,0.14101831679,0.0238137054451769,0.0505522980284456,0.0721335336707903,0.0723040207882734,0.0458882594450709,0.048489760376985,0.0552829575451253,0.0818466445983123,0.0796664764736339,0.0916130688245434,0.0917373419570903,0.11069709137094,0.126038438231065,0.163667284975195,0.202414427062291,0.288500606726535,0.326057262233174,1,0.976186294554823,0.949447701971554,0.92786646632921,0.927695979211727,0.954111740554929,0.951510239623015,0.944717042454875,0.918153355401688,0.920333523526366,0.908386931175457,0.90826265804291,0.88930290862906,0.873961561768935,0.836332715024805,0.797585572937709,0.711499393273465,0.673942737766826,0,100000,2381.37054451769,97954.4463213235,4576721.39822909,45.7672139822909,2025,"Females","GMoH report",32.5893760177091
0,1,0.0233027,0.0130115,0.0148651,0.0148392,0.00888595,0.010319,0.0118478,0.0162459,0.0170374,0.015936,0.0198797,0.0218336,0.0272563,0.0314882,0.0454668,0.061731,0.073474,0.22355,0.137105215403,0.0228433705690409,0.0507259583849485,0.0716623307190699,0.0715419372132624,0.0434641982684903,0.0502974514950563,0.0575348466108111,0.0780591472492582,0.0817068205393569,0.076627173411294,0.0946923606928365,0.103517595563748,0.127587586186558,0.145951615826342,0.204131037374727,0.267389454032759,0.310361286997808,1,0.977156629430959,0.949274041615051,0.92833766928093,0.928458062786738,0.95653580173151,0.949702548504944,0.942465153389189,0.921940852750742,0.918293179460643,0.923372826588706,0.905307639307164,0.896482404436252,0.872412413813442,0.854048384173658,0.795868962625273,0.732610545967241,0.689638713002192,0,100000,2284.33705690409,98028.8574673358,4626235.59865291,46.2623559865291,2025,"Females","GMoH report",32.0942340134709
0,1,0.0237444,0.0126861,0.0148437,0.0140466,0.00921441,0.0100671,0.0105682,0.0158337,0.0163012,0.0165234,0.0166164,0.0224262,0.0269323,0.0313523,0.0447486,0.0615681,0.071669,0.204513,0.138819404516,0.0232685986562936,0.0494887612517679,0.0715628560829054,0.067850333754703,0.0450346311118418,0.0490997692816615,0.0514808501973606,0.076154000986452,0.0783144511714115,0.079339600128108,0.07976834325293,0.106178073235041,0.126166607679953,0.145367487318371,0.201230987573654,0.266777968408129,0.303895316418929,1,0.976731401343706,0.950511238748232,0.928437143917095,0.932149666245297,0.954965368888158,0.950900230718339,0.948519149802639,0.923845999013548,0.921685548828589,0.920660399871892,0.92023165674707,0.893821926764959,0.873833392320047,0.854632512681629,0.798769012426346,0.733222031591871,0.696104683581071,0,100000,2326.85986562936,97996.1534353095,4689318.93948909,46.8931893948909,2025,"Females","GMoH report",31.4634006051091
0,1,0.0258375,0.0133431,0.0157351,0.0146104,0.00944802,0.0100543,0.0119599,0.0179331,0.0168224,0.0185034,0.0223267,0.0231131,0.0280697,0.0361927,0.0447786,0.0672757,0.0768759,0.215261,0.146942495375,0.0252803001089263,0.0519851148286594,0.0756977219388019,0.0704777304187256,0.04615003389197,0.0490388711934005,0.0580634183084325,0.0858180412128161,0.0807173510828593,0.0884265217439094,0.105731889553751,0.109252585183489,0.131145465329595,0.16594821508934,0.201352313263273,0.287948635034948,0.322414699505678,1,0.974719699891074,0.948014885171341,0.924302278061198,0.929522269581274,0.95384996610803,0.9509611288066,0.941936581691568,0.914181958787184,0.919282648917141,0.911573478256091,0.894268110446249,0.890747414816511,0.868854534670405,0.83405178491066,0.798647686736727,0.712051364965052,0.677585300494322,0,100000,2528.03001089262,97843.4450272908,4522159.12020307,45.2215912020307,2025,"Females","GMoH report",33.1349987979693
0,1,0.0223966,0.0117948,0.0134699,0.0143121,0.00938597,0.00963121,0.0113037,0.0174906,0.0165483,0.0175136,0.0188281,0.023684,0.0269959,0.0317232,0.0430753,0.0641471,0.0724398,0.204588,0.133588740974,0.0219702741591396,0.0460919102734143,0.0651554079269132,0.0690884963292166,0.0458538918663969,0.0470238095383406,0.0549652239938517,0.0837891919003685,0.0794544114091931,0.0838947521709472,0.0899084851279081,0.111800304000151,0.126445710602842,0.146960830458034,0.194437830319135,0.27640849204918,0.306662563145611,1,0.97802972584086,0.953908089726586,0.934844592073087,0.930911503670783,0.954146108133603,0.952976190461659,0.945034776006148,0.916210808099632,0.920545588590807,0.916105247829053,0.910091514872092,0.888199695999849,0.873554289397158,0.853039169541966,0.805562169680865,0.72359150795082,0.693337436854389,0,100000,2197.02741591397,98096.4707104633,4682434.16785976,46.8243416785976,2025,"Females","GMoH report",31.5322483214024
0,1,0.023374,0.0134363,0.0155254,0.0154586,0.010102,0.0102652,0.0119343,0.0184044,0.0178443,0.0172711,0.0211499,0.0229447,0.0286968,0.0404436,0.0510803,0.0695229,0.0820197,0.204149,0.13738192286,0.0229120285503124,0.0523387224471663,0.0747265991441197,0.0744170417942967,0.0492657924126193,0.0500417778549095,0.0579427350429425,0.0879742182443588,0.0854112405027423,0.0827811942883176,0.100438822376546,0.108499763680689,0.133879235860869,0.183649393475124,0.226479852921974,0.296142744049332,0.340316796180737,1,0.977087971449688,0.947661277552834,0.92527340085588,0.925582958205703,0.950734207587381,0.949958222145091,0.942057264957057,0.912025781755641,0.914588759497258,0.917218805711682,0.899561177623454,0.891500236319311,0.866120764139131,0.816350606524876,0.773520147078026,0.703857255950668,0.659683203819263,0,100000,2291.20285503124,98023.5669988553,4490035.98618935,44.9003598618935,2025,"Females","GMoH report",33.4562301381065
0,1,0.0233159,0.0136713,0.0153712,0.0144395,0.00926596,0.0102518,0.0116557,0.0184436,0.0170905,0.0169136,0.018619,0.0224683,0.0271244,0.0366244,0.0444957,0.0599826,0.0704108,0.221108,0.137156443151,0.0228560819358805,0.0532297599651762,0.0740118717908223,0.0696820645715478,0.0452808731026641,0.0499780866287485,0.0566283911530922,0.0881533377496991,0.0819510394027196,0.0811371948528424,0.0889543952854505,0.106366797224786,0.127009367762647,0.167761581808071,0.20020756106302,0.260803778229872,0.299358773225445,1,0.977143918064119,0.946770240034824,0.925988128209178,0.930317935428452,0.954719126897336,0.950021913371252,0.943371608846908,0.911846662250301,0.91804896059728,0.918862805147158,0.91104560471455,0.893633202775214,0.872990632237353,0.832238418191929,0.79979243893698,0.739196221770128,0.700641226774555,0,100000,2285.60819358805,98027.8776966813,4578020.43968518,45.7802043968518,2025,"Females","GMoH report",32.5763856031482
0,1,0.0219135,0.0104177,0.0121642,0.0126507,0.00859909,0.00930352,0.00951,0.0147741,0.0148511,0.0154301,0.0153685,0.0159514,0.0205032,0.0259955,0.0363724,0.0527684,0.0619246,0.19288,0.131713883015,0.0215043330166505,0.0408202928699377,0.0590259901272357,0.0613143271052248,0.0420905979012337,0.0454602491569093,0.0464457522404825,0.0712392601177364,0.0715972550151126,0.074284939873158,0.0739993523822822,0.0766983835130739,0.0975174505211851,0.122045890156117,0.166703485371669,0.233092238769313,0.2681156188694,1,0.978495666983349,0.959179707130062,0.940974009872764,0.938685672894775,0.957909402098766,0.954539750843091,0.953554247759517,0.928760739882264,0.928402744984887,0.925715060126842,0.926000647617718,0.923301616486926,0.902482549478815,0.877954109843883,0.833296514628331,0.766907761230687,0.7318843811306,0,100000,2150.43330166505,98132.808618662,5005464.91264743,50.0546491264743,2025,"Females","GMoH report",28.3019408735257
0,1,0.0227771,0.0124605,0.0152282,0.0155849,0.00946801,0.0109632,0.0112825,0.018555,0.0178777,0.0161369,0.0200415,0.0226764,0.0292401,0.0346351,0.0455634,0.0684179,0.0736142,0.206301,0.135065419619,0.0223370445543876,0.0486300895386083,0.0733485827793006,0.0750022438255095,0.0462454197581882,0.0533536822761746,0.0548649650787476,0.0886621829867043,0.0855642691629632,0.0775557274541143,0.0954262852599089,0.107299106361273,0.136241231888633,0.159375531336517,0.204520389242025,0.292123336875043,0.310861456434372,1,0.977662955445612,0.951369910461392,0.926651417220699,0.92499775617449,0.953754580241812,0.946646317723825,0.945135034921252,0.911337817013296,0.914435730837037,0.922444272545886,0.904573714740091,0.892700893638727,0.863758768111367,0.840624468663483,0.795479610757975,0.707876663124957,0.689138543565628,0,100000,2233.70445543875,98067.9917741399,4556087.31797055,45.5608731797055,2025,"Females","GMoH report",32.7957168202945
0,1,0.0242278,0.0142288,0.0149218,0.0148846,0.00939138,0.00985168,0.0109941,0.0184714,0.0179702,0.016289,0.0194588,0.02133,0.0291998,0.0370392,0.0481986,0.0643244,0.0797114,0.219802,0.140695426742,0.0237336869627657,0.0553403465539075,0.0719258424117508,0.0717529645593016,0.0458797153960594,0.0480743668050842,0.0535000380784055,0.0882803460403746,0.0859879484231172,0.078258133171907,0.0927805066910028,0.101250801034818,0.136066233022476,0.169500584844563,0.215076977036519,0.277066637032213,0.332330647134923,1,0.976266313037234,0.944659653446092,0.928074157588249,0.928247035440698,0.954120284603941,0.951925633194916,0.946499961921594,0.911719653959625,0.914012051576883,0.921741866828093,0.907219493308997,0.898749198965182,0.863933766977524,0.830499415155437,0.784923022963481,0.722933362967787,0.667669352865077,0,100000,2373.36869627656,97960.5534252622,4552542.67252727,45.5254267252727,2025,"Females","GMoH report",32.8311632747273
0,1,0.0263115,0.0139599,0.0158805,0.0159377,0.0104754,0.0107644,0.0118406,0.01914,0.0190653,0.0178676,0.0226019,0.0246349,0.0332234,0.0391099,0.0459745,0.0697944,0.0827939,0.212615,0.148782037235,0.0257351152200067,0.0543229150756703,0.0763704958515727,0.0766350345256032,0.0510403303096848,0.0524115527051517,0.057500887479282,0.0913298659159231,0.0909896381303821,0.0855179966094524,0.106965444310591,0.116028616583328,0.153377679968349,0.178132626934624,0.206175465189153,0.297127424251971,0.342978235640508,1,0.974264884779993,0.94567708492433,0.923629504148427,0.923364965474397,0.948959669690315,0.947588447294848,0.942499112520718,0.908670134084077,0.909010361869618,0.914482003390548,0.893034555689409,0.883971383416672,0.846622320031651,0.821867373065376,0.793824534810847,0.702872575748029,0.657021764359492,0,100000,2573.51152200067,97809.3807650903,4402952.94550986,44.0295294550986,2025,"Females","GMoH report",34.3270605449014
0,1,0.0244042,0.0141609,0.0173366,0.0167527,0.0107107,0.0121855,0.0126899,0.019823,0.0185309,0.0209079,0.0262991,0.0283168,0.0334885,0.042538,0.0526492,0.070193,0.0861108,0.248961,0.141380015738,0.0239033311803707,0.0550835351346242,0.0830820972807082,0.0803963597596368,0.0521569075263927,0.05912629143917,0.061498476216646,0.0944350357174333,0.0885521236305372,0.0993466741774151,0.12338332405581,0.13222362512981,0.154506982307489,0.192245637662754,0.232626943778979,0.29857101232898,0.354284661027897,1,0.976096668819629,0.944916464865376,0.916917902719292,0.919603640240363,0.947843092473607,0.94087370856083,0.938501523783354,0.905564964282567,0.911447876369463,0.900653325822585,0.87661667594419,0.86777637487019,0.845493017692511,0.807754362337246,0.767373056221021,0.70142898767102,0.645715338972103,0,100000,2390.33311803707,97947.6122158101,4264474.46473651,42.6447446473651,2025,"Females","GMoH report",35.7118453526349
0,1,0.0245371,0.0114185,0.0141392,0.0136194,0.00882909,0.00946074,0.0109834,0.0159204,0.0153941,0.0145814,0.0171018,0.0207618,0.0245117,0.0322903,0.0405878,0.0572998,0.0718187,0.19668,0.141895786019,0.0240311155168781,0.0446542313193598,0.0682823553046898,0.0658547447242562,0.043192083029121,0.046210730728421,0.0534493607284382,0.0765550331265309,0.0741180483786361,0.0703427601913641,0.0820030026242994,0.0986867153814819,0.115481858332762,0.149391739763765,0.184243866943206,0.250600590684711,0.304433461412191,1,0.975968884483122,0.95534576868064,0.93171764469531,0.934145255275744,0.956807916970879,0.953789269271579,0.946550639271562,0.923444966873469,0.925881951621364,0.929657239808636,0.917996997375701,0.901313284618518,0.884518141667238,0.850608260236235,0.815756133056794,0.749399409315289,0.695566538587809,0,100000,2403.11155168781,97937.8798508303,4786735.71995797,47.8673571995797,2025,"Females","GMoH report",30.4892328004203
0,1,0.02439,0.0131497,0.0149564,0.0150706,0.00902489,0.0101237,0.0113759,0.0178129,0.016626,0.0167333,0.0186359,0.0211462,0.0274164,0.0344973,0.0399901,0.0661621,0.0759793,0.215704,0.1413249071,0.0238896764628921,0.0512509312584612,0.0720866095811512,0.0726170439438496,0.0441288059511488,0.0493690074482406,0.0553065942851781,0.0852673529228035,0.0798125897087556,0.080306997304991,0.0890315426842275,0.10042213369134,0.128288947265477,0.158791780754449,0.181777271806797,0.283858769299349,0.319254639855137,1,0.976110323537108,0.948749068741539,0.927913390418849,0.92738295605615,0.955871194048851,0.950630992551759,0.944693405714822,0.914732647077196,0.920187410291244,0.919693002695009,0.910968457315772,0.89957786630866,0.871711052734523,0.841208219245551,0.818222728193203,0.716141230700651,0.680745360144863,0,100000,2388.96764628921,97948.6529843875,4609120.66930833,46.0912066930833,2025,"Females","GMoH report",32.2653833069167
0,1,0.0229714,0.011232,0.0133639,0.0133125,0.00839556,0.00932271,0.0108587,0.0152992,0.0140454,0.0144372,0.0162784,0.0198411,0.0250898,0.0320007,0.0374232,0.0634676,0.0691495,0.195839,0.135819476546,0.0225242610623415,0.0439409113670506,0.0646592506021934,0.064418569484349,0.0411148446373903,0.0455518825232052,0.0528585618364659,0.0736779651875082,0.0678447339349743,0.0696713518960171,0.0782091984594925,0.0945171875740608,0.118044704907057,0.148151148829157,0.17110752241765,0.273881496786399,0.294786629848268,1,0.977475738937658,0.956059088632949,0.935340749397807,0.935581430515651,0.95888515536261,0.954448117476795,0.947141438163534,0.926322034812492,0.932155266065026,0.930328648103983,0.921790801540508,0.905482812425939,0.881955295092943,0.851848851170843,0.828892477582351,0.726118503213601,0.705213370151732,0,100000,2252.42610623415,98053.4972284731,4858899.7262865,48.588997262865,2025,"Females","GMoH report",29.767592737135
0,1,0.0242637,0.0135306,0.0154291,0.0155763,0.00904455,0.0104882,0.0120398,0.0168808,0.0178902,0.016922,0.0211069,0.0234276,0.027719,0.0345347,0.0479638,0.0639413,0.0756115,0.221996,0.140834750693,0.0237682152388501,0.0526963729133181,0.0742803043888837,0.0749624076252664,0.0442228114272638,0.0511011035152777,0.0584399856518715,0.0809862195620427,0.0856215340776118,0.0811758554357889,0.100244854691291,0.110656934030753,0.129613133856574,0.158950251844099,0.214141410533619,0.275643923056645,0.317954885447471,1,0.97623178476115,0.947303627086682,0.925719695611116,0.925037592374734,0.955777188572736,0.948898896484722,0.941560014348129,0.919013780437957,0.914378465922388,0.918824144564211,0.899755145308709,0.889343065969247,0.870386866143426,0.841049748155901,0.785858589466381,0.724356076943355,0.682045114552529,0,100000,2376.82152388501,97957.9175428731,4533961.05877466,45.3396105877466,2025,"Females","GMoH report",33.0169794122534
0,1,0.0202857,0.0111412,0.0133213,0.0135762,0.00890476,0.00911133,0.0107595,0.0152281,0.0154145,0.0156748,0.0159338,0.019836,0.0238144,0.0285693,0.0395521,0.0649462,0.0676878,0.196095,0.125396570273,0.0199320664178402,0.0435934336735133,0.0644597798371388,0.0656527140584976,0.0435542007385779,0.0445420565595189,0.0523883196858502,0.0733481187809785,0.0742126237769746,0.0754185724032344,0.076617000109152,0.0944940405301117,0.112381268781806,0.133324062176175,0.179965469394868,0.279370817526845,0.289457197728912,1,0.98006793358216,0.956406566326487,0.935540220162861,0.934347285941502,0.956445799261422,0.955457943440481,0.94761168031415,0.926651881219022,0.925787376223025,0.924581427596766,0.923382999890848,0.905505959469888,0.887618731218194,0.866675937823825,0.820034530605132,0.720629182473155,0.710542802271088,0,100000,1993.20664178403,98256.7346349411,4855521.12540033,48.5552112540033,2025,"Females","GMoH report",29.8013787459967
0,1,0.0262519,0.0140105,0.0159822,0.0164227,0.0100293,0.0109481,0.0116532,0.0183379,0.0168324,0.0187952,0.0255108,0.0259227,0.0342687,0.0404394,0.0518508,0.0655791,0.0827811,0.22262,0.148550736191,0.0256779424969922,0.0545144505802897,0.0768407878990976,0.078875142973714,0.048919918649716,0.0532821541211652,0.0566165889151354,0.0876702780216662,0.0807633955517853,0.0897584308511654,0.119906709770939,0.121724904542538,0.157822564693242,0.183632072879947,0.229504075238995,0.281709810427487,0.342934302937708,1,0.974322057503008,0.94548554941971,0.923159212100902,0.921124857026286,0.951080081350284,0.946717845878835,0.943383411084865,0.912329721978334,0.919236604448215,0.910241569148835,0.880093290229061,0.878275095457462,0.842177435306758,0.816367927120053,0.770495924761005,0.718290189572513,0.657065697062292,0,100000,2567.79424969922,97813.6534764806,4385940.23395358,43.8594023395358,2025,"Females","GMoH report",34.4971876604642
0,1,0.0246694,0.0128612,0.0155623,0.0140873,0.00971086,0.0096709,0.0119148,0.018692,0.0175143,0.0184181,0.0214727,0.02606,0.029159,0.0363947,0.0523334,0.0633291,0.0763772,0.221657,0.142409227766,0.0241583009504324,0.0501547007260444,0.0748975544701721,0.0680402417557844,0.0474034786385696,0.0472130190355234,0.0578507982718756,0.089287590878259,0.0838979646924668,0.0880368224988355,0.101893669506946,0.122330188236399,0.135889029473925,0.166797167793284,0.231393038851431,0.273365519238917,0.320658503387652,1,0.975841699049568,0.949845299273956,0.925102445529828,0.931959758244216,0.95259652136143,0.952786980964477,0.942149201728124,0.910712409121741,0.916102035307533,0.911963177501165,0.898106330493054,0.877669811763601,0.864110970526075,0.833202832206716,0.768606961148569,0.726634480761083,0.679341496612348,0,100000,2415.83009504325,97928.2064032057,4516944.64793965,45.1694464793965,2025,"Females","GMoH report",33.1871435206035
0,1,0.0254333,0.0129503,0.0149979,0.0149836,0.00965467,0.0102124,0.0110304,0.0184011,0.0162175,0.0192536,0.0189547,0.0251375,0.0280349,0.0362835,0.0430199,0.0617224,0.0746389,0.209293,0.145373839637,0.0248922431116849,0.0504933908801691,0.0722794018957686,0.0722129741994623,0.0471356520847181,0.0497907913071375,0.0536719425132545,0.0879591377747334,0.0779280063908894,0.0918470348256998,0.090485677807171,0.118255858398753,0.130993524126187,0.166329920796913,0.194212043296475,0.267357182584167,0.314508145034046,1,0.975107756888315,0.949506609119831,0.927720598104231,0.927787025800538,0.952864347915282,0.950209208692863,0.946328057486746,0.912040862225267,0.922071993609111,0.9081529651743,0.909514322192829,0.881744141601247,0.869006475873813,0.833670079203087,0.805787956703525,0.732642817415833,0.685491854965954,0,100000,2489.22431116849,97872.6437846638,4558783.90685293,45.5878390685293,2025,"Females","GMoH report",32.7687509314707
0,1,0.025886,0.0123613,0.0140647,0.013985,0.00915735,0.0102434,0.0109401,0.0166218,0.0159648,0.017875,0.0201993,0.0209578,0.0263682,0.03598,0.0471891,0.0649459,0.0714032,0.206796,0.14713071854,0.0253268496621972,0.0482522782263219,0.0679347937653222,0.0675628344022126,0.0447619968210274,0.0499381586638566,0.0532442562796865,0.0797932321352363,0.0767603412596451,0.0855518994914747,0.0961415214161471,0.0995719760983168,0.123687460744024,0.165053442818478,0.211047630633215,0.279369707314335,0.30293897029125,1,0.974673150337803,0.951747721773678,0.932065206234678,0.932437165597787,0.955238003178973,0.950061841336143,0.946755743720313,0.920206767864764,0.923239658740355,0.914448100508525,0.903858478583853,0.900428023901683,0.876312539255976,0.834946557181522,0.788952369366785,0.720630292685665,0.69706102970875,0,100000,2532.68496621972,97839.9507926956,4649926.14180179,46.4992614180179,2025,"Females","GMoH report",31.8573285819821
0,1,0.0246777,0.0131842,0.0156854,0.0160241,0.0099451,0.0110282,0.0121843,0.0176238,0.0180352,0.0171509,0.0227044,0.0267686,0.028461,0.0401499,0.0482589,0.0668777,0.0797501,0.225853,0.142441439153,0.0241662793515727,0.0513819404416582,0.0754676493328849,0.0770344794928948,0.048519179763339,0.0536615249270001,0.0591206409365907,0.0844003622398915,0.0862855568143544,0.0822287570277326,0.107424479139559,0.125447842226443,0.132852231591673,0.182437392352015,0.215317085728805,0.286489159794953,0.332465173014034,1,0.975833720648427,0.948618059558342,0.924532350667115,0.922965520507105,0.951480820236661,0.946338475073,0.940879359063409,0.915599637760109,0.913714443185646,0.917771242972267,0.892575520860441,0.874552157773557,0.867147768408327,0.817562607647985,0.784682914271195,0.713510840205047,0.667534826985966,0,100000,2416.62793515727,97927.6000258239,4452439.26690952,44.5243926690952,2025,"Females","GMoH report",33.8321973309048
0,1,0.0225193,0.0126833,0.0154458,0.0149968,0.0092501,0.0100191,0.0119265,0.017976,0.017994,0.0171611,0.0209198,0.0247844,0.0300562,0.0431396,0.0485242,0.0652928,0.0752278,0.220155,0.134064926177,0.0220885673762944,0.0494781086101303,0.0743577140507859,0.0722742922355064,0.0452051202919682,0.0488713818453823,0.0579059613790324,0.0860145080100293,0.0860969296209993,0.0822756484245535,0.0994004083438223,0.116691667584779,0.139778010408872,0.194699819199187,0.216372717458724,0.280652526753047,0.316596798419621,1,0.977911432623706,0.95052189138987,0.925642285949214,0.927725707764494,0.954794879708032,0.951128618154618,0.942094038620968,0.913985491989971,0.913903070379001,0.917724351575447,0.900599591656178,0.883308332415221,0.860221989591128,0.805300180800813,0.783627282541276,0.719347473246953,0.683403201580379,0,100000,2208.85673762944,98087.2734778364,4525241.19772499,45.2524119772499,2025,"Females","GMoH report",33.1041780227501
0,1,0.0222803,0.0111164,0.0134273,0.0129122,0.00821663,0.00908102,0.0104388,0.0147159,0.0138043,0.0144931,0.0158352,0.0195598,0.0234639,0.0300203,0.037383,0.0605288,0.066483,0.193312,0.133137393467,0.021858132918475,0.0434985064067598,0.0649560394294233,0.0625421094363402,0.0402562237604088,0.0443971710053916,0.0508665360097535,0.0709685835532228,0.0667189780289862,0.069931682819328,0.0761609406803464,0.0932396287728233,0.110818891527708,0.139622710834814,0.170939428372845,0.262866513451493,0.285039326191951,1,0.978141867081525,0.95650149359324,0.935043960570577,0.93745789056366,0.959743776239591,0.955602828994608,0.949133463990247,0.929031416446777,0.933281021971014,0.930068317180672,0.923839059319654,0.906760371227177,0.889181108472292,0.860377289165186,0.829060571627155,0.737133486548507,0.714960673808049,0,100000,2185.8132918475,98105.2001924346,4913019.9152685,49.130199152685,2025,"Females","GMoH report",29.226390847315
0,1,0.0232009,0.0114552,0.0140934,0.0143717,0.00868021,0.0100459,0.0105741,0.016172,0.015593,0.0164232,0.0178966,0.0192546,0.0268726,0.0304941,0.0430032,0.0578923,0.0679953,0.205839,0.136710140801,0.0227453314434488,0.0447945391893562,0.0680687014089092,0.0693662236103479,0.0424792284412304,0.0489989047567602,0.0515088506557038,0.0777178666512884,0.0750397624599067,0.078877449671392,0.0856508523878873,0.0918515861245172,0.125904543884991,0.141670234272665,0.19414397006613,0.252864265243159,0.290581123357435,1,0.977254668556551,0.955205460810644,0.931931298591091,0.930633776389652,0.95752077155877,0.95100109524324,0.948491149344296,0.922282133348712,0.924960237540093,0.921122550328608,0.914349147612113,0.908148413875483,0.874095456115009,0.858329765727335,0.80585602993387,0.747135734756841,0.709418876642565,0,100000,2274.53314434488,98036.418602075,4753023.58955199,47.5302358955199,2025,"Females","GMoH report",30.8263541044801
0,1,0.021216,0.011371,0.0136845,0.0137042,0.00857963,0.010098,0.0105562,0.0143174,0.0151716,0.0159615,0.0160873,0.0211793,0.0229951,0.0314144,0.0394332,0.0608566,0.0709207,0.203228,0.12900696224,0.0208310630302148,0.0444726040389463,0.0661591140107981,0.066251200737145,0.041997345780552,0.0492467654072929,0.0514238976296059,0.069113196790673,0.0730859239890204,0.0767450833791108,0.0773265610365902,0.100571419345633,0.108725136532314,0.145634452628378,0.179473012052799,0.264102108985745,0.301200180837241,1,0.979168936969785,0.955527395961054,0.933840885989202,0.933748799262855,0.958002654219448,0.950753234592707,0.948576102370394,0.930886803209327,0.92691407601098,0.923254916620889,0.92267343896341,0.899428580654367,0.891274863467686,0.854365547371622,0.820526987947201,0.735897891014255,0.698799819162759,0,100000,2083.10630302149,98185.6289131543,4828492.59035957,48.2849259035957,2025,"Females","GMoH report",30.0716640964043
0,1,0.0241659,0.0136495,0.0154115,0.0151559,0.009942,0.0108632,0.0130983,0.0181765,0.0178495,0.0172523,0.0222401,0.0227856,0.0322768,0.0413069,0.050552,0.0691254,0.0697239,0.212535,0.140455199651,0.023674148316268,0.0531471363254515,0.0741987162127192,0.0730130536504479,0.0485044225768523,0.0528798880016512,0.0634149305383247,0.0869321925072308,0.0854350669319935,0.0826948107895391,0.105343381644709,0.10778796628835,0.149333945286909,0.187202602089385,0.224400291198352,0.294699029300055,0.29687184322535,1,0.976325851683732,0.946852863674548,0.925801283787281,0.926986946349552,0.951495577423148,0.947120111998349,0.936585069461675,0.913067807492769,0.914564933068007,0.917305189210461,0.894656618355291,0.89221203371165,0.850666054713091,0.812797397910615,0.775599708801648,0.705300970699945,0.70312815677465,0,100000,2367.4148316268,97965.1008912061,4460831.40364702,44.6083140364702,2025,"Females","GMoH report",33.7482759635298
0,1,0.0254149,0.0134942,0.0162062,0.0153987,0.00974798,0.0102776,0.011541,0.018497,0.0172246,0.0172032,0.0194514,0.0227,0.0292542,0.0401649,0.0461037,0.0690614,0.0769956,0.211836,0.145302431261,0.0248745731967052,0.052558334641365,0.0778758221285507,0.0741393750148953,0.0475803687915679,0.0501007122982098,0.0560867568480419,0.0883972883915536,0.0825675187896399,0.082469166104191,0.092746859350094,0.107404778802934,0.136302452020271,0.182499331500535,0.206694990424872,0.294466353445412,0.322835682341724,1,0.975125426803295,0.947441665358635,0.922124177871449,0.925860624985105,0.952419631208432,0.94989928770179,0.943913243151958,0.911602711608446,0.91743248121036,0.917530833895809,0.907253140649906,0.892595221197066,0.863697547979729,0.817500668499465,0.793305009575128,0.705533646554588,0.677164317658276,0,100000,2487.45731967053,97873.9762765356,4498415.9083423,44.984159083423,2025,"Females","GMoH report",33.372430916577
0,1,0.0253614,0.0136319,0.0162586,0.0149293,0.0100608,0.0110997,0.0115275,0.0188895,0.0178663,0.0181156,0.0210569,0.0260275,0.0278127,0.0387581,0.0479398,0.0661535,0.0800674,0.216197,0.145094803646,0.024823193627574,0.053080425884763,0.078117785434343,0.0719606930626495,0.0490697964789612,0.0540000394064992,0.0560229875281725,0.0901884625897761,0.0855120405737433,0.0866535474878239,0.100019261054741,0.122186948025656,0.1300227880098,0.176671838081166,0.214045726680237,0.283827108452473,0.333567328254324,1,0.975176806372426,0.946919574115237,0.921882214565657,0.92803930693735,0.950930203521039,0.945999960593501,0.943977012471828,0.909811537410224,0.914487959426257,0.913346452512176,0.899980738945259,0.877813051974344,0.8699772119902,0.823328161918834,0.785954273319763,0.716172891547527,0.666432671745676,0,100000,2482.31936275741,97877.8522777685,4456563.57306162,44.5656357306162,2025,"Females","GMoH report",33.7909542693838
0,1,0.0233861,0.0141044,0.0150186,0.0145646,0.00960173,0.0103863,0.0114152,0.0172744,0.0160635,0.0177269,0.0196877,0.0255824,0.0279519,0.0377703,0.045148,0.0650208,0.0734646,0.214387,0.137428881629,0.0229236795377563,0.0548697890934215,0.0723755513608306,0.0702645619042243,0.0468832492479951,0.0506171867823073,0.0554923590572249,0.082796356546196,0.0772165787193542,0.0848731551642952,0.0938207147838738,0.120223016741294,0.130631035871087,0.172557617545092,0.202844896528795,0.279646845904527,0.3103277415038,1,0.977076320462244,0.945130210906579,0.927624448639169,0.929735438095776,0.953116750752005,0.949382813217693,0.944507640942775,0.917203643453804,0.922783421280646,0.915126844835705,0.906179285216126,0.879776983258706,0.869368964128913,0.827442382454908,0.797155103471205,0.720353154095473,0.6896722584962,0,100000,2292.36795377563,98022.6696103939,4555622.71492798,45.5562271492797,2025,"Females","GMoH report",32.8003628507202
0,1,0.0222101,0.0124843,0.0150185,0.0136779,0.00910699,0.0102992,0.0110762,0.0166689,0.0143146,0.0163089,0.0181673,0.0202498,0.0283677,0.0289826,0.0435967,0.0581351,0.0666354,0.198293,0.132864954989,0.021790434618988,0.0487207120296173,0.0723750868937168,0.0661282606588363,0.0445213121389102,0.0502033637891568,0.0538887923942082,0.0800102911448395,0.0691001475690212,0.0783499944392253,0.0868901035542473,0.0963703016634392,0.132445560204469,0.135122496809894,0.196560073598383,0.253790202933589,0.285599420875484,1,0.978209565381012,0.951279287970383,0.927624913106283,0.933871739341164,0.95547868786109,0.949796636210843,0.946111207605792,0.919989708855161,0.930899852430979,0.921650005560775,0.913109896445753,0.903629698336561,0.867554439795531,0.864877503190106,0.803439926401617,0.746209797066411,0.714400579124516,0,100000,2179.04346189879,98110.4750495855,4718043.30231303,47.1804330231303,2025,"Females","GMoH report",31.1761569768697
0,1,0.0268215,0.01304,0.0158481,0.0143392,0.00917456,0.0112781,0.011269,0.0181231,0.0172059,0.0171632,0.0193984,0.0241393,0.0279494,0.034018,0.0441321,0.0623357,0.0778526,0.210462,0.150761291135,0.0262241696394509,0.05083424294402,0.0762206199811903,0.0692147882700937,0.0448442346953339,0.0548441553294474,0.0548011155715602,0.0866878677595187,0.0824815756440645,0.0822853022510135,0.092505836932139,0.113827226102368,0.13062011536878,0.156758475454935,0.198734115367928,0.269655577105553,0.325843576031605,1,0.973775830360549,0.94916575705598,0.92377938001881,0.930785211729906,0.955155765304666,0.945155844670553,0.94519888442844,0.913312132240481,0.917518424355936,0.917714697748987,0.907494163067861,0.886172773897632,0.86937988463122,0.843241524545065,0.801265884632072,0.730344422894447,0.674156423968395,0,100000,2622.4169639451,97772.9420034336,4548102.16210623,45.4810216210623,2025,"Females","GMoH report",32.8755683789377
0,1,0.0233422,0.0114409,0.0141631,0.0128638,0.00899525,0.00903411,0.0108963,0.0163794,0.0149756,0.0155997,0.0170156,0.0215771,0.0253949,0.0294473,0.0433912,0.0566272,0.0649245,0.19455,0.137258510558,0.0228814077042963,0.0447398712148364,0.0683938284217015,0.062314981357048,0.0439870634194407,0.0441728930626348,0.0530367394400972,0.078675361941537,0.0721758098548445,0.0750707952869071,0.0816065394196284,0.10236371947148,0.119394473229463,0.137140459376506,0.195724227273793,0.248023770813478,0.2792905084589,1,0.977118592295704,0.955260128785164,0.931606171578299,0.937685018642952,0.956012936580559,0.955827106937365,0.946963260559903,0.921324638058463,0.927824190145155,0.924929204713093,0.918393460580372,0.89763628052852,0.880605526770537,0.862859540623494,0.804275772726207,0.751976229186522,0.7207094915411,0,100000,2288.14077042963,98025.9260236666,4802423.95995974,48.0242395995974,2025,"Females","GMoH report",30.3323504004026
0,1,0.0247178,0.0129914,0.0159611,0.0156971,0.0108871,0.0106013,0.0117069,0.0171916,0.0180434,0.0191314,0.0217848,0.0258482,0.0319652,0.0415607,0.0507993,0.0669004,0.0803529,0.22504,0.142597062842,0.0242048243896134,0.0506495820397769,0.0767432339225952,0.0755218162455307,0.0529931458057457,0.0516379271083652,0.0568700694596083,0.082415849216523,0.0863230946834707,0.0912907026292948,0.103298174803834,0.121396309764841,0.147998959175415,0.18824456071385,0.225374351734796,0.28657246813239,0.334557780331918,1,0.975795175610387,0.949350417960223,0.923256766077405,0.924478183754469,0.947006854194254,0.948362072891635,0.943129930540392,0.917584150783477,0.913676905316529,0.908709297370705,0.896701825196166,0.878603690235159,0.852001040824585,0.81175543928615,0.774625648265204,0.71342753186761,0.665442219668082,0,100000,2420.48243896133,97924.6712474952,4435886.17039858,44.3588617039858,2025,"Females","GMoH report",33.9977282960142
0,1,0.0216339,0.0103639,0.0138985,0.0130765,0.00872289,0.00991251,0.0111357,0.0153833,0.0153964,0.0163767,0.0155151,0.019625,0.0241139,0.0327697,0.0415452,0.0605882,0.0668447,0.201202,0.130628786171,0.0212345234213516,0.0406137659814889,0.067158977382136,0.06331272778771,0.0426836382958635,0.0483640277287463,0.0541704356979946,0.0740679752893292,0.0741287117558072,0.0786629030875167,0.0746788744861498,0.0935358951444742,0.113714264022,0.151441748347909,0.188180960861991,0.26309054378727,0.286368036308434,1,0.978765476578648,0.959386234018511,0.932841022617864,0.93668727221229,0.957316361704136,0.951635972271254,0.945829564302005,0.925932024710671,0.925871288244193,0.921337096912483,0.92532112551385,0.906464104855526,0.886285735978,0.848558251652091,0.811819039138009,0.73690945621273,0.713631963691566,0,100000,2123.45234213516,98153.9316598099,4831165.05133267,48.3116505133267,2025,"Females","GMoH report",30.0449394866733
0,1,0.0251826,0.0141561,0.0167913,0.0169164,0.0107155,0.010344,0.0122654,0.0190616,0.0184883,0.0184973,0.022395,0.0252088,0.0325074,0.0414226,0.051842,0.0678647,0.0748237,0.23821,0.144400900514,0.0246514545855847,0.0550653780048511,0.0805741386636429,0.0811500818869203,0.0521796718166225,0.0504162361335855,0.0595024467248525,0.0909727829989672,0.0883575478693192,0.0883986587249189,0.106038187005055,0.118571393630612,0.150320665033708,0.187677749168257,0.229469593353429,0.29010395526741,0.315164133551042,1,0.975348545414415,0.944934621995149,0.919425861336357,0.91884991811308,0.947820328183378,0.949583763866415,0.940497553275148,0.909027217001033,0.911642452130681,0.911601341275081,0.893961812994945,0.881428606369388,0.849679334966292,0.812322250831743,0.770530406646571,0.70989604473259,0.684835866448958,0,100000,2465.14545855847,97890.8237655554,4358354.44768903,43.5835444768903,2025,"Females","GMoH report",34.7730455231097
0,1,0.0240416,0.0112573,0.0126769,0.0121352,0.00871807,0.00948645,0.00985973,0.0154111,0.013702,0.0160814,0.0157328,0.0182797,0.0228707,0.0287502,0.0402326,0.0570279,0.0620655,0.197861,0.139972805024,0.0235545754735005,0.0440377086058233,0.0614374102354651,0.0588894129887474,0.0426605557224323,0.046333401263949,0.0481127043147176,0.0741968618556413,0.0662409173753088,0.077299297685501,0.0756870759295394,0.0874041938922687,0.108168761751524,0.134111657557244,0.18277883100888,0.249559818995733,0.268643731245895,1,0.9764454245265,0.955962291394177,0.938562589764535,0.941110587011253,0.957339444277568,0.953666598736051,0.951887295685282,0.925803138144359,0.933759082624691,0.922700702314499,0.924312924070461,0.912595806107731,0.891831238248476,0.865888342442756,0.81722116899112,0.750440181004267,0.731356268754105,0,100000,2355.45754735004,97974.2424526675,4918879.23613832,49.1887923613832,2025,"Females","GMoH report",29.1677976386168
0,1,0.0240621,0.0121158,0.0144088,0.0138552,0.0089517,0.0100054,0.0116998,0.017812,0.0174385,0.0157711,0.0183801,0.0210399,0.0272032,0.0323135,0.0460471,0.0617504,0.0650207,0.202312,0.140052363269,0.0235742971997923,0.0473166420563474,0.0695390638422736,0.066956752023413,0.043778764093657,0.0488061864551052,0.0568365590656104,0.0852632284376705,0.0835500319208698,0.0758643397773438,0.0878631655759918,0.0999425470127653,0.127354851274522,0.149491052210953,0.206467433596138,0.267462248002384,0.279646475952576,1,0.976425702800208,0.952683357943653,0.930460936157726,0.933043247976587,0.956221235906343,0.951193813544895,0.94316344093439,0.914736771562329,0.91644996807913,0.924135660222656,0.912136834424008,0.900057452987235,0.872645148725478,0.850508947789047,0.793532566403862,0.732537751997616,0.720353524047424,0,100000,2357.42971997923,97972.7338835444,4671396.07598563,46.7139607598563,2025,"Females","GMoH report",31.6426292401437
0,1,0.0239118,0.0121397,0.0137573,0.0140762,0.00869221,0.00981932,0.010851,0.015383,0.0152364,0.0161774,0.0163551,0.0212719,0.0246345,0.0315787,0.0399471,0.0619391,0.0664915,0.204922,0.139469065502,0.0234296909144677,0.0474077678414698,0.0664993705247013,0.0679884523669798,0.0425367050671213,0.0479202395826532,0.0528220693146664,0.0740665843330131,0.0733866298811954,0.0777428087157063,0.0785632264382014,0.100988933750388,0.11602684190757,0.146340400951205,0.181599560492614,0.26816998171404,0.285070574705005,1,0.976570309085532,0.95259223215853,0.933500629475299,0.93201154763302,0.957463294932879,0.952079760417347,0.947177930685334,0.925933415666987,0.926613370118805,0.922257191284294,0.921436773561799,0.899011066249612,0.88397315809243,0.853659599048795,0.818400439507386,0.73183001828596,0.714929425294995,0,100000,2342.96909144676,97983.8026182374,4769707.35885321,47.6970735885321,2025,"Females","GMoH report",30.6595164114679
0,1,0.0244517,0.0131405,0.0158077,0.0160832,0.00974926,0.0107001,0.0118019,0.0179327,0.0180646,0.0205396,0.0211676,0.0248417,0.0287753,0.0392386,0.0511402,0.0704215,0.0814568,0.228497,0.141564358013,0.0239490053299806,0.0512159925010791,0.0760337050035389,0.0773076153999969,0.0475864678803813,0.0521066345004542,0.0573183368022343,0.085816209164777,0.0864201369836145,0.0976821207800645,0.100518653381694,0.116945676471966,0.134220884458596,0.178666446892418,0.226715331508919,0.299397455260867,0.338376361077463,1,0.976050994670019,0.948784007498921,0.923966294996461,0.922692384600003,0.952413532119619,0.947893365499546,0.942681663197766,0.914183790835223,0.913579863016385,0.902317879219936,0.899481346618306,0.883054323528034,0.865779115541404,0.821333553107582,0.773284668491081,0.700602544739133,0.661623638922537,0,100000,2394.90053299806,97944.1320234608,4446057.66471034,44.4605766471034,2025,"Females","GMoH report",33.8960133528966
0,1,0.0224914,0.0130101,0.0144639,0.0133266,0.00867822,0.00991683,0.0109668,0.0168254,0.0160067,0.0160534,0.0178768,0.0213366,0.0247905,0.0336706,0.0437865,0.0595376,0.0719539,0.198072,0.133956649346,0.0220616711339546,0.0507206388334265,0.0697957047646369,0.0644845988620137,0.0424696965744835,0.0483845954800148,0.0533707345702865,0.0807311646555128,0.076954049057383,0.077169901748189,0.0855601459568945,0.101280543869201,0.116718711929763,0.155281912124087,0.197331374433427,0.259119601965106,0.304919188081717,1,0.977938328866045,0.949279361166574,0.930204295235363,0.935515401137986,0.957530303425516,0.951615404519985,0.946629265429714,0.919268835344487,0.923045950942617,0.922830098251811,0.914439854043106,0.898719456130799,0.883281288070237,0.844718087875913,0.802668625566573,0.740880398034894,0.695080811918283,0,100000,2206.16711339547,98089.3636410123,4716336.90497989,47.1633690497989,2025,"Females","GMoH report",31.1932209502011
0,1,0.0242518,0.0136269,0.0164797,0.0157783,0.0101462,0.010974,0.0122659,0.018809,0.0183391,0.0191381,0.0234493,0.0250968,0.0316333,0.0460835,0.0508068,0.0656082,0.0780654,0.221835,0.140788568102,0.02375677011294,0.0530614732211261,0.0791380708351451,0.0758976598826827,0.0494760161132786,0.0534048382622745,0.0595048001787196,0.0898213744212756,0.0876757635133795,0.09132121370021,0.110753754935951,0.118075694759405,0.14657488196578,0.206613784190628,0.225403875895395,0.281817201672995,0.326588788897921,1,0.97624322988706,0.946938526778874,0.920861929164855,0.924102340117317,0.950523983886721,0.946595161737726,0.94049519982128,0.910178625578724,0.912324236486621,0.90867878629979,0.889246245064049,0.881924305240595,0.85342511803422,0.793386215809372,0.774596124104605,0.718182798327005,0.673411211102079,0,100000,2375.677011294,97958.7911533989,4388589.49753039,43.8858949753039,2025,"Females","GMoH report",34.4706950246961
0,1,0.0222325,0.0139702,0.0149682,0.0156635,0.0092228,0.0100338,0.0123419,0.017313,0.0168107,0.0173163,0.0212762,0.0221487,0.0298335,0.0405789,0.0448584,0.0722074,0.0756482,0.218717,0.132951886925,0.0218120370574977,0.0543619065852456,0.0721414315602979,0.0753662517878043,0.0450747123571805,0.0489413311780639,0.0598624587993604,0.0829736912101947,0.0806634762495301,0.0829888504235277,0.101008317108823,0.104933166914881,0.138814215271727,0.184207187407295,0.20167495994231,0.305829175908721,0.318084668458747,1,0.978187962942502,0.945638093414754,0.927858568439702,0.924633748212196,0.954925287642819,0.951058668821936,0.94013754120064,0.917026308789805,0.91933652375047,0.917011149576472,0.898991682891177,0.895066833085119,0.861185784728273,0.815792812592705,0.79832504005769,0.694170824091279,0.681915331541253,0,100000,2181.20370574977,98108.7914426975,4527426.59352488,45.2742659352488,2025,"Females","GMoH report",33.0823240647512
0,1,0.0226651,0.0113982,0.0127286,0.012452,0.00864439,0.00867915,0.0103472,0.0161886,0.015421,0.0150913,0.01596,0.0163488,0.0247222,0.0304972,0.0382689,0.0573318,0.0652716,0.196938,0.134630759939,0.0222291054313168,0.0445766136838182,0.0616802421736706,0.0603803594115194,0.0423076406359084,0.0424741511770297,0.0504314395224337,0.0777945383415115,0.0742427561437674,0.0727131597313651,0.0767381478988364,0.07853415213398,0.116415859590104,0.141683616060685,0.174636621489684,0.250722998050868,0.280574185056642,1,0.977770894568683,0.955423386316182,0.938319757826329,0.939619640588481,0.957692359364092,0.95752584882297,0.949568560477566,0.922205461658488,0.925757243856233,0.927286840268635,0.923261852101164,0.92146584786602,0.883584140409896,0.858316383939315,0.825363378510316,0.749277001949132,0.719425814943358,0,100000,2222.91054313169,98076.3615925666,4903645.83750684,49.0364583750684,2025,"Females","GMoH report",29.3201316249316
0,1,0.022968,0.0124,0.0159347,0.0146026,0.0095048,0.0109071,0.0119337,0.0191763,0.0172461,0.0184199,0.019541,0.0243306,0.0286742,0.0381813,0.046951,0.0659285,0.073685,0.220906,0.13580628152,0.0225209854344449,0.04839968774395,0.0766211619275814,0.0704414299379695,0.0464209454931908,0.0530879120852378,0.0579399063490071,0.0914951537097875,0.0826663209074932,0.0880450475706342,0.09315418516903,0.114677565087222,0.133780852684859,0.174271699864873,0.21009461887321,0.282998357044053,0.311113925921235,1,0.977479014565555,0.95160031225605,0.923378838072419,0.92955857006203,0.953579054506809,0.946912087914762,0.942060093650993,0.908504846290212,0.917333679092507,0.911954952429366,0.90684581483097,0.885322434912778,0.86621914731514,0.825728300135127,0.78990538112679,0.717001642955947,0.688886074078765,0,100000,2252.09854344449,98053.7505853573,4522263.94802626,45.2226394802626,2025,"Females","GMoH report",33.1339505197374
0,1,0.0234382,0.01391,0.0154606,0.0151628,0.00952663,0.0107227,0.012248,0.0178562,0.0186514,0.0162458,0.0186787,0.0239181,0.0286245,0.0352979,0.0482945,0.0641165,0.073716,0.216022,0.137631075998,0.0229738440418092,0.0541339923332879,0.0744263114239954,0.0730450801468725,0.0465250818976046,0.0522138172543178,0.0594205429741321,0.0854657654954025,0.0891022936982893,0.0780586855170671,0.0892268940359278,0.112843023216041,0.13356446026767,0.162178131344075,0.215458811116353,0.276294852693235,0.311224446714909,1,0.977026155958191,0.945866007666712,0.925573688576005,0.926954919853128,0.953474918102395,0.947786182745682,0.940579457025868,0.914534234504597,0.910897706301711,0.921941314482933,0.910773105964072,0.887156976783959,0.86643553973233,0.837821868655925,0.784541188883647,0.723705147306765,0.688775553285091,0,100000,2297.38440418091,98018.8070833475,4522015.91748448,45.2201591748448,2025,"Females","GMoH report",33.1364308251552
0,1,0.0226656,0.0119393,0.0129616,0.0133219,0.00820373,0.00947411,0.0107664,0.0157292,0.0149172,0.0133899,0.015696,0.0190023,0.022266,0.0266722,0.038109,0.0542838,0.063412,0.192232,0.134632700384,0.0222295873386276,0.046643420421132,0.0627738753433733,0.0644625895700179,0.0401942921981629,0.0462745251464128,0.0524210354108807,0.075670412374209,0.0719044667225172,0.0647809731200496,0.0755167237596705,0.0907026047351053,0.105459591821269,0.125024316090901,0.173970404625333,0.238986290068015,0.273674397728155,1,0.977770412661372,0.953356579578868,0.937226124656627,0.935537410429982,0.959805707801837,0.953725474853587,0.947578964589119,0.924329587625791,0.928095533277483,0.93521902687995,0.924483276240329,0.909297395264895,0.894540408178731,0.874975683909099,0.826029595374667,0.761013709931985,0.726325602271845,0,100000,2222.95873386276,98076.3242033194,4902320.24366199,49.0232024366199,2025,"Females","GMoH report",29.3333875633801
0,1,0.0226702,0.0113752,0.0129288,0.0134676,0.00876631,0.00948417,0.0105696,0.0151551,0.015025,0.0174946,0.0161826,0.0180127,0.0244604,0.0312176,0.0401262,0.0589594,0.0682979,0.193798,0.134650552478,0.0222340208706321,0.0444886650740982,0.0626199964739684,0.0651446449492052,0.042891548474237,0.0463225232858208,0.0514874944467394,0.0730093403646011,0.0724052767905548,0.083807551043774,0.0777668263882248,0.0861825489991093,0.115254096730814,0.144788153359232,0.182339519892249,0.256926429658048,0.291685698355683,1,0.977765979129368,0.955511334925902,0.937380003526032,0.934855355050795,0.957108451525763,0.953677476714179,0.948512505553261,0.926990659635399,0.927594723209445,0.916192448956226,0.922233173611775,0.913817451000891,0.884745903269186,0.855211846640768,0.817660480107751,0.743073570341952,0.708314301644317,0,100000,2223.40208706321,98075.9802323406,4843790.0672284,48.437900672284,2025,"Females","GMoH report",29.918689327716
0,1,0.0241711,0.0128274,0.0146391,0.014557,0.00947487,0.0092294,0.0111256,0.0164713,0.0166524,0.0171053,0.0204976,0.0244276,0.0248797,0.0330728,0.0445116,0.0672884,0.0778681,0.205327,0.140475380279,0.0236791501334484,0.0500261881482932,0.0706112858145795,0.0702291844064869,0.046278151330752,0.0451062411449422,0.0541226330834178,0.0790993280929562,0.0799342569489579,0.0820190968563574,0.097492114104813,0.115108442523531,0.117114091353388,0.152735521602834,0.200271938910031,0.287995165298347,0.325897878515013,1,0.976320849866552,0.949973811851707,0.929388714185421,0.929770815593513,0.953721848669248,0.954893758855058,0.945877366916582,0.920900671907044,0.920065743051042,0.917980903143643,0.902507885895187,0.88489155747647,0.882885908646612,0.847264478397166,0.799728061089969,0.712004834701653,0.674102121484987,0,100000,2367.91501334484,97964.7187486231,4630268.39265318,46.3026839265318,2025,"Females","GMoH report",32.0539060734682
0,1,0.0213018,0.0113589,0.0130844,0.0131137,0.00846165,0.00942116,0.0101942,0.0156002,0.0137416,0.0144987,0.0157325,0.0186691,0.0221505,0.0305569,0.0385617,0.0593384,0.0674927,0.199483,0.129339942602,0.0209139173874315,0.0444263314865547,0.0633497658105704,0.0634871223103954,0.0414317965958371,0.0460218519238234,0.0497042620300336,0.0750731111293979,0.0664260011562772,0.0699577586129944,0.0756856873109511,0.0891830803849627,0.104941247256606,0.141941285809146,0.17585530154594,0.258364639228943,0.288743332248824,1,0.979086082612569,0.955573668513445,0.93665023418943,0.936512877689605,0.958568203404163,0.953978148076177,0.950295737969966,0.924926888870602,0.933573998843723,0.930042241387006,0.924314312689049,0.910816919615037,0.895058752743394,0.858058714190854,0.82414469845406,0.741635360771057,0.711256667751176,0,100000,2091.39173874314,98179.1087487042,4906225.85240752,49.0622585240752,2025,"Females","GMoH report",29.2943314759248
0,1,0.0251194,0.0153146,0.0166299,0.0167039,0.00951981,0.0106637,0.0118421,0.0194323,0.0186535,0.0196959,0.0230758,0.0256177,0.0294927,0.0389491,0.054752,0.0685615,0.0832183,0.225043,0.144155628266,0.024590740944977,0.0594378657231912,0.0798305642489893,0.0801715558697675,0.0464925494080494,0.0519339790685176,0.0575079623962679,0.0926600073480273,0.0891118789165742,0.0938579576307512,0.109085889573452,0.120378922211177,0.137337375000786,0.177465223188748,0.240799380761382,0.292646749679604,0.344433561394508,1,0.975409259055023,0.940562134276809,0.920169435751011,0.919828444130233,0.953507450591951,0.948066020931482,0.942492037603732,0.907339992651973,0.910888121083426,0.906142042369249,0.890914110426548,0.879621077788823,0.862662624999214,0.822534776811252,0.759200619238618,0.707353250320396,0.655566438605492,0,100000,2459.0740944977,97895.4152765473,4355444.31884456,43.5544431884456,2025,"Females","GMoH report",34.8021468115544
0,1,0.0222157,0.0113063,0.012763,0.0128272,0.00847417,0.00963511,0.00998406,0.0149441,0.0152932,0.0158915,0.0156646,0.0176669,0.0231905,0.0292059,0.0387371,0.0548234,0.063089,0.198435,0.132886687973,0.0217958352903159,0.0442251542764093,0.0618417832993752,0.0621431921152482,0.0414918279900049,0.0470424031768175,0.0487046252481133,0.0720294613178016,0.0736501344110619,0.0764213743247938,0.0753713450700396,0.0845980373354939,0.109598395994239,0.136092723795269,0.176584565107441,0.241075547124444,0.272470302684797,1,0.978204164709684,0.955774845723591,0.938158216700625,0.937856807884752,0.958508172009995,0.952957596823182,0.951295374751887,0.927970538682198,0.926349865588938,0.923578625675206,0.92462865492996,0.915401962664506,0.890401604005761,0.863907276204731,0.823415434892559,0.758924452875556,0.727529697315203,0,100000,2179.58352903159,98110.0541073019,4909654.60390462,49.0965460390462,2025,"Females","GMoH report",29.2600439609538
0,1,0.0242522,0.0146234,0.0164957,0.0153507,0.0099742,0.0108613,0.012097,0.0194913,0.0174112,0.0173479,0.0219506,0.0262597,0.0328547,0.0406285,0.0484462,0.0642215,0.0805224,0.215873,0.140790120458,0.0237571548259548,0.0568314616086249,0.0792118622113025,0.073916812948672,0.0486576960208716,0.0528708836777764,0.0587094785936321,0.0929282681190289,0.0834246900897724,0.0831339992366081,0.10404345911583,0.123209864784309,0.151804751109321,0.18441158481578,0.216062484195429,0.276684729164849,0.335145250252642,1,0.976242845174045,0.943168538391375,0.920788137788698,0.926083187051328,0.951342303979128,0.947129116322224,0.941290521406368,0.907071731880971,0.916575309910228,0.916866000763392,0.89595654088417,0.876790135215691,0.848195248890679,0.81558841518422,0.783937515804571,0.723315270835151,0.664854749747358,0,100000,2375.71548259548,97958.7617863731,4411228.75879201,44.1122875879202,2025,"Females","GMoH report",34.2443024120798
0,1,0.0231801,0.0114097,0.0138944,0.0136699,0.00904731,0.00977994,0.0106616,0.0158339,0.0157035,0.0160687,0.0181159,0.0212941,0.0252438,0.0310244,0.0403342,0.0597588,0.0707426,0.210891,0.136629418289,0.0227252982332825,0.0446205850221457,0.067139830836078,0.0660908613365391,0.0442360078104413,0.0477326440137602,0.0519240172443686,0.076154926281864,0.0755514447196139,0.0772406095435682,0.0866549203223317,0.101089001721125,0.118726245979365,0.1439565834324,0.183198125423826,0.259957177546139,0.300557459639302,1,0.977274701766717,0.955379414977854,0.932860169163922,0.933909138663461,0.955763992189559,0.95226735598624,0.948075982755631,0.923845073718136,0.924448555280386,0.922759390456432,0.913345079677668,0.898910998278875,0.881273754020635,0.8560434165676,0.816801874576174,0.740042822453861,0.699442540360698,0,100000,2272.52982332825,98037.9646044775,4765629.99035007,47.6562999035007,2025,"Females","GMoH report",30.7002900964993
0,1,0.0258718,0.0129406,0.0157425,0.0158871,0.0101982,0.011452,0.0128638,0.0190255,0.0185139,0.0191085,0.0239421,0.0279067,0.0318075,0.0404239,0.0484153,0.0701544,0.0712635,0.221979,0.147075609902,0.0253132210182351,0.0504565245956354,0.0757319735172613,0.0764010232584757,0.0497232801119069,0.0556662745593654,0.062314981357048,0.0908083159616778,0.0884744807759073,0.091186411156061,0.112949858011271,0.130433573486931,0.14732259166411,0.183568148776667,0.215939554248037,0.298431323837446,0.302435898388057,1,0.974686778981765,0.949543475404365,0.924268026482739,0.923598976741524,0.950276719888093,0.944333725440635,0.937685018642952,0.909191684038322,0.911525519224093,0.908813588843939,0.887050141988729,0.869566426513069,0.85267740833589,0.816431851223333,0.784060445751963,0.701568676162554,0.697564101611943,0,100000,2531.32210182351,97840.9736401606,4388256.96246609,43.8825696246609,2025,"Females","GMoH report",34.4740203753391
0,1,0.0220501,0.0116621,0.0139642,0.0126174,0.00862137,0.00962475,0.00961001,0.0151168,0.0146948,0.0159626,0.0159694,0.0184465,0.0230565,0.0319528,0.0424932,0.0588151,0.0646846,0.200224,0.132244012589,0.0216361123268621,0.0455851625516136,0.0674657373753576,0.0611578668277198,0.0421973525271084,0.0469930100659201,0.046922730233082,0.0728315500601276,0.0708704329063205,0.0767501693661882,0.0767816094164619,0.0881665876043891,0.108999625345551,0.147945794077501,0.192062612487604,0.256378222948634,0.27840216783599,1,0.978363887673138,0.954414837448386,0.932534262624642,0.93884213317228,0.957802647472892,0.95300698993408,0.953077269766918,0.927168449939872,0.929129567093679,0.923249830633812,0.923218390583538,0.911833412395611,0.891000374654449,0.852054205922499,0.807937387512396,0.743621777051366,0.72159783216401,0,100000,2163.61123268622,98122.5133984068,4861397.12924882,48.6139712924882,2025,"Females","GMoH report",29.7426187075118
0,1,0.0244649,0.0128829,0.0158199,0.0151608,0.0105307,0.010834,0.0112065,0.017406,0.0167107,0.0180351,0.021387,0.0237298,0.0336733,0.0361815,0.0479473,0.0680691,0.0758382,0.212986,0.141615585761,0.0239616974324407,0.0502371983936294,0.0760901534534543,0.0730357972139951,0.0513028623681493,0.0527414965655228,0.0545054613679502,0.0834008135963546,0.0802028841592021,0.0862850990263736,0.10150764024519,0.112004395253768,0.155293397126362,0.165901121436833,0.21407562898582,0.290850645770037,0.318756249498254,1,0.976038302567559,0.949762801606371,0.923909846546546,0.926964202786005,0.948697137631851,0.947258503434477,0.94549453863205,0.916599186403645,0.919797115840798,0.913714900973626,0.89849235975481,0.887995604746232,0.844706602873638,0.834098878563167,0.78592437101418,0.709149354229963,0.681243750501746,0,100000,2396.16974324407,97943.1652385282,4497376.31867453,44.9737631867453,2025,"Females","GMoH report",33.3828268132547
0,1,0.0217266,0.0112643,0.0134885,0.0127401,0.00853246,0.00884592,0.01011,0.0146051,0.0135191,0.0147388,0.0150544,0.0174508,0.0239001,0.026821,0.0377899,0.062747,0.0683405,0.185162,0.130988544674,0.0213239889239046,0.044064488758554,0.0652424432602116,0.0617342487439432,0.0417712707577753,0.0432726343459658,0.0493038453097949,0.0704530648561728,0.06538561338521,0.0710750959399024,0.0725418162052974,0.0836064992569184,0.112762889180729,0.125677977419105,0.172639432750733,0.271193546365509,0.291841085705806,1,0.978676011076095,0.955935511241446,0.934757556739788,0.938265751256057,0.958228729242225,0.956727365654034,0.950696154690205,0.929546935143827,0.93461438661479,0.928924904060098,0.927458183794703,0.916393500743082,0.887237110819271,0.874322022580895,0.827360567249267,0.728806453634491,0.708158914294194,0,100000,2132.39889239047,98146.9209351882,4942046.48849801,49.4204648849801,2025,"Females","GMoH report",28.9361251150199
0,1,0.0246683,0.0139867,0.0155764,0.0147742,0.010338,0.0102577,0.0117938,0.0167415,0.0171956,0.0186474,0.0203242,0.0236619,0.0302036,0.0370304,0.0464112,0.0653272,0.0724555,0.218694,0.142404958787,0.0241572435655022,0.0544243654553707,0.0749628708463715,0.0712397251323732,0.0503877291403672,0.0500061302932279,0.0572801241786545,0.0803447700792937,0.0824342346851213,0.0890840358736254,0.0967072559705104,0.111701807502634,0.140415375417593,0.169463726093196,0.207930266982549,0.280779632052457,0.306718833837261,1,0.975842756434498,0.945575634544629,0.925037129153629,0.928760274867627,0.949612270859633,0.949993869706772,0.942719875821346,0.919655229920706,0.917565765314879,0.910915964126375,0.90329274402949,0.888298192497366,0.859584624582407,0.830536273906804,0.792069733017451,0.719220367947543,0.693281166162739,0,100000,2415.72435655021,97928.2867708851,4510350.3209552,45.103503209552,2025,"Females","GMoH report",33.253086790448
0,1,0.0234803,0.0123878,0.0158548,0.0148558,0.00947237,0.0102631,0.0113386,0.0174058,0.0173457,0.0164473,0.0179961,0.0225028,0.0282809,0.0349325,0.0429162,0.0633728,0.0798499,0.224498,0.137794461467,0.0230143775014679,0.048353219963473,0.0762516147463009,0.071619102348334,0.0462662230421066,0.0500317966690156,0.0551302503582207,0.0833998952578043,0.0831238946513645,0.0789886259317806,0.086106545013219,0.106521424236715,0.132067061594388,0.160634121386652,0.193789254039477,0.273528355570288,0.332811989749295,1,0.976985622498532,0.951646780036527,0.923748385253699,0.928380897651666,0.953733776957893,0.949968203330984,0.944869749641779,0.916600104742196,0.916876105348635,0.921011374068219,0.913893454986781,0.893478575763285,0.867932938405612,0.839365878613348,0.806210745960523,0.726471644429712,0.667188010250705,0,100000,2301.4377501468,98015.6876252345,4592041.47454515,45.9204147454515,2025,"Females","GMoH report",32.4361752545485
0,1,0.0244711,0.0148493,0.017205,0.0159362,0.00970883,0.0109442,0.012897,0.0204523,0.0201872,0.02062,0.0264178,0.0274333,0.0318669,0.0378062,0.0518134,0.0767337,0.0793313,0.230609,0.141639647279,0.0239676587989805,0.0576840640552488,0.08247743914862,0.0766280982516069,0.0473938040339526,0.0532636791077718,0.0624707856923155,0.0972871357821089,0.0960866965961838,0.0980457419999049,0.123905709377048,0.1283629515997,0.147577413318779,0.172707467367982,0.229357517948782,0.321914309812795,0.331008219158649,1,0.976032341201019,0.942315935944751,0.91752256085138,0.923371901748393,0.952606195966047,0.946736320892228,0.937529214307684,0.902712864217891,0.903913303403816,0.901954258000095,0.876094290622952,0.8716370484003,0.852422586681221,0.827292532632018,0.770642482051219,0.678085690187205,0.668991780841351,0,100000,2396.76587989806,97942.7111939411,4296287.46187096,42.9628746187096,2025,"Females","GMoH report",35.3937153812904
0,1,0.0242942,0.0133935,0.0155054,0.0151615,0.00973571,0.0110943,0.0111228,0.0171214,0.0178273,0.0172659,0.0196048,0.0231043,0.0285688,0.0327947,0.0470074,0.0651186,0.0746242,0.197931,0.140953117838,0.0237975485699951,0.0521763520574374,0.074633927741974,0.0730390462506759,0.0475219013739369,0.0539744773887646,0.0541093804576151,0.0820931268450863,0.0853333422684444,0.0827573017589024,0.0934441169405116,0.109213260181946,0.133321884374224,0.151548528667287,0.210320455545031,0.280008582757172,0.314455942195952,1,0.976202451430005,0.947823647942563,0.925366072258026,0.926960953749324,0.952478098626063,0.946025522611235,0.945890619542385,0.917906873154914,0.914666657731556,0.917242698241098,0.906555883059488,0.890786739818054,0.866678115625776,0.848451471332713,0.789679544454969,0.719991417242828,0.685544057804048,0,100000,2379.75485699951,97955.6790097847,4547781.75967064,45.4778175967064,2025,"Females","GMoH report",32.8787724032936
0,1,0.0214635,0.0117198,0.0139718,0.0131126,0.00890359,0.00965615,0.0103449,0.0155985,0.0160576,0.0164561,0.0183855,0.0207078,0.0244964,0.031129,0.0401221,0.064976,0.0710858,0.213349,0.129967482515,0.0210700392886013,0.0458055365455861,0.067501216266422,0.063481965933743,0.0435486027403183,0.0471427073656773,0.0504205121106659,0.0750652372421941,0.0771893122490732,0.0790292182057124,0.0878878450615521,0.0984426720873727,0.115413935194739,0.144406894456184,0.182322587300206,0.279481091497196,0.30179555401585,1,0.978929960711399,0.954194463454414,0.932498783733578,0.936518034066257,0.956451397259682,0.952857292634323,0.949579487889334,0.924934762757806,0.922810687750927,0.920970781794288,0.912112154938448,0.901557327912627,0.884586064805261,0.855593105543816,0.817677412699794,0.720518908502804,0.69820444598415,0,100000,2107.00392886013,98166.838067423,4778540.1363303,47.785401363303,2025,"Females","GMoH report",30.571188636697
0,1,0.0221314,0.0125174,0.0148313,0.0136026,0.00872231,0.0100956,0.0105828,0.0156378,0.0161761,0.0159144,0.0183479,0.0220709,0.0263435,0.0318842,0.0437732,0.0630703,0.0710711,0.209958,0.132559528946,0.0217145315448757,0.0488467318377874,0.0715052118776958,0.0657761822580419,0.0426808607536006,0.0492353490259344,0.0515501379989615,0.0752472465208891,0.0777368042037974,0.0765272854221926,0.0877159894910432,0.10458385072271,0.123578757504219,0.147651615872959,0.197277347978652,0.272400540479491,0.301742560730217,1,0.978285468455124,0.951153268162213,0.928494788122304,0.934223817741958,0.957319139246399,0.950764650974066,0.948449862001039,0.924752753479111,0.922263195796203,0.923472714577807,0.912284010508957,0.89541614927729,0.876421242495781,0.852348384127041,0.802722652021348,0.727599459520509,0.698257439269783,0,100000,2171.45315448756,98116.3936527996,4713508.87270626,47.1350887270626,2025,"Females","GMoH report",31.2215012729374
0,1,0.0234857,0.0130255,0.0146004,0.0143667,0.00909387,0.0100773,0.0116068,0.0170632,0.0163594,0.0163746,0.0199101,0.0215888,0.0257609,0.0346573,0.047949,0.0656325,0.0768577,0.217365,0.137815418273,0.0230195764033294,0.0507791523033455,0.0704311910938822,0.0693429274118794,0.0444585982185458,0.0491482947239459,0.0563975133549786,0.0818254883192763,0.0785830702993616,0.0786532127560135,0.0948302981995432,0.102416382977916,0.121011112105409,0.15946954071633,0.214082406702549,0.281906868614197,0.322350671909041,1,0.976980423596671,0.949220847696654,0.929568808906118,0.930657072588121,0.955541401781454,0.950851705276054,0.943602486645021,0.918174511680724,0.921416929700638,0.921346787243987,0.905169701800457,0.897583617022084,0.878988887894591,0.84053045928367,0.785917593297451,0.718093131385803,0.677649328090959,0,100000,2301.95764033294,98015.2876147163,4626847.5136407,46.268475136407,2025,"Females","GMoH report",32.088114863593
0,1,0.0253146,0.0137983,0.0152978,0.0148975,0.00972902,0.00979545,0.01222,0.0181807,0.0170404,0.0183086,0.0220828,0.0243476,0.0299758,0.0408839,0.0454877,0.0670206,0.0717257,0.209541,0.144913177994,0.0247782456139393,0.0537109601180074,0.0736714714115991,0.0718129176483348,0.0474900215757234,0.047806533723105,0.0592887293192955,0.0869514064135432,0.0817206198727989,0.0875363308332652,0.104637289176436,0.114753093925829,0.139430172581806,0.185463338534249,0.204215290343594,0.287013463645929,0.304099183063378,1,0.975221754386061,0.946289039881993,0.926328528588401,0.928187082351665,0.952509978424277,0.952193466276895,0.940711270680704,0.913048593586457,0.918279380127201,0.912463669166735,0.895362710823564,0.885246906074171,0.860569827418194,0.814536661465751,0.795784709656406,0.712986536354071,0.695900816936622,0,100000,2477.82456139392,97881.2448703093,4496788.73630766,44.9678873630766,2025,"Females","GMoH report",33.3887026369233
0,1,0.0219057,0.0129528,0.0136126,0.0127555,0.00916478,0.00963226,0.0105192,0.0153126,0.0148117,0.0171542,0.0177949,0.0220404,0.0238395,0.0316038,0.0432567,0.0615202,0.0687405,0.198876,0.131683612073,0.0214968075405916,0.050502892273909,0.0658229463996019,0.0618065658725323,0.0447975018768722,0.0470288155527595,0.0512482729187819,0.0737401176848475,0.071414089814728,0.0822439280246969,0.0851848598439091,0.104446872858617,0.112493054564287,0.146448200873116,0.195176745213327,0.266598081730767,0.293298744187882,1,0.978503192459408,0.949497107726091,0.934177053600398,0.938193434127468,0.955202498123128,0.952971184447241,0.948751727081218,0.926259882315152,0.928585910185272,0.917756071975303,0.914815140156091,0.895553127141383,0.887506945435713,0.853551799126884,0.804823254786673,0.733401918269233,0.706701255812118,0,100000,2149.68075405915,98133.3969724392,4773752.62912801,47.7375262912801,2025,"Females","GMoH report",30.6190637087199
0,1,0.0253203,0.0135749,0.0155189,0.0151902,0.00972816,0.00986245,0.011726,0.0179521,0.0165362,0.0167135,0.0188732,0.0233132,0.0290598,0.0343094,0.043126,0.0682166,0.0699669,0.210857,0.144935299067,0.0247837201960828,0.0528643436429623,0.0746964819169477,0.0731722473218299,0.0474859233497644,0.0481256577664043,0.056960211402729,0.0859050594553778,0.0793986212963003,0.0802157837459069,0.0901141443281642,0.110146340818099,0.135458041046959,0.157995198814486,0.194644412650127,0.291389070784761,0.297752458736988,1,0.975216279803917,0.947135656357038,0.925303518083052,0.92682775267817,0.952514076650236,0.951874342233596,0.943039788597271,0.914094940544622,0.9206013787037,0.919784216254093,0.909885855671836,0.889853659181901,0.864541958953041,0.842004801185514,0.805355587349873,0.708610929215239,0.702247541263012,0,100000,2478.37201960827,97880.8315702529,4554591.07221583,45.5459107221583,2025,"Females","GMoH report",32.8106792778417
0,1,0.0242129,0.0132155,0.0154873,0.0148251,0.00964949,0.0102633,0.0106225,0.0177689,0.0162577,0.0177755,0.0189694,0.021814,0.0281526,0.0362189,0.0472665,0.0622071,0.0734504,0.211122,0.140637601481,0.0237193558080944,0.0515007828095605,0.0745500524324089,0.0714763884827606,0.0471109581998991,0.0500327472625507,0.0517385189559754,0.0850656906246492,0.0781136300902061,0.085095942677347,0.0905526752073063,0.103429473654265,0.131507317718029,0.166058371152648,0.211357210969299,0.269174142932897,0.310277063869837,1,0.976280644191906,0.94849921719044,0.925449947567591,0.928523611517239,0.952889041800101,0.949967252737449,0.948261481044025,0.914934309375351,0.921886369909794,0.914904057322653,0.909447324792694,0.896570526345735,0.868492682281971,0.833941628847352,0.788642789030701,0.730825857067103,0.689722936130163,0,100000,2371.93558080944,97961.647750143,4579911.63386796,45.7991163386796,2025,"Females","GMoH report",32.5574736613204
0,1,0.0220091,0.0113976,0.0124282,0.0125296,0.00856657,0.00935038,0.0103686,0.015679,0.0139205,0.0146713,0.0154391,0.018129,0.0228421,0.0298903,0.0404683,0.0552352,0.071551,0.188202,0.132084896099,0.0215965618214248,0.0445743194727547,0.0602684297533486,0.0607452168280773,0.0419347574129719,0.0456839932578052,0.0505331060904757,0.0754380182785274,0.067261708468172,0.070761106447444,0.0743266582274032,0.0867148655080131,0.108040802938023,0.139060127665128,0.183751248387228,0.242666647921778,0.303470886500082,1,0.978403438178575,0.955425680527245,0.939731570246651,0.939254783171923,0.958065242587028,0.954316006742195,0.949466893909524,0.924561981721473,0.932738291531828,0.929238893552556,0.925673341772597,0.913285134491987,0.891959197061977,0.860939872334872,0.816248751612772,0.757333352078222,0.696529113499918,0,100000,2159.65618214248,98125.6017802854,4927350.39361312,49.2735039361312,2025,"Females","GMoH report",29.0830860638688
0,1,0.0238356,0.0126759,0.0149521,0.0150557,0.00888333,0.0102012,0.0114661,0.0174699,0.0165177,0.0164284,0.0177797,0.0210976,0.0258289,0.0355424,0.0440153,0.0600355,0.0679813,0.197135,0.139173341684,0.0233563665985013,0.0494499546399587,0.0720666313051555,0.0725478532158455,0.0434516613822334,0.0497375434299071,0.0557329024189356,0.083694177711974,0.0793133160967709,0.0789014389988771,0.0851151934859449,0.100202898330458,0.121311165118197,0.163209827562139,0.198260285174858,0.2610037703612,0.290529984851959,1,0.976643633401499,0.950550045360041,0.927933368694845,0.927452146784155,0.956548338617767,0.950262456570093,0.944267097581064,0.916305822288026,0.920686683903229,0.921098561001123,0.914884806514055,0.899797101669542,0.878688834881803,0.836790172437861,0.801739714825142,0.7389962296388,0.709470015148041,0,100000,2335.63665985013,97989.4216990609,4643853.68203513,46.4385368203513,2025,"Females","GMoH report",31.9180531796487
0,1,0.024296,0.0119692,0.0143674,0.0134234,0.0091281,0.0100389,0.0114034,0.0164789,0.0159931,0.0164805,0.0172024,0.0221545,0.0266987,0.0305033,0.0401527,0.0606642,0.0661297,0.193983,0.14096010344,0.0237992796807723,0.0467575002558748,0.0693461889135101,0.0649377853309706,0.0446222100119742,0.0489655981420299,0.0554365860855793,0.0791343811175068,0.0768911792046551,0.0791417605386086,0.0824654891726414,0.104959203324849,0.125140760916309,0.141709947403423,0.182448954646876,0.263377097677658,0.283739482809184,1,0.976200720319228,0.953242499744125,0.93065381108649,0.935062214669029,0.955377789988026,0.95103440185797,0.944563413914421,0.920865618882493,0.923108820795345,0.920858239461391,0.917534510827359,0.895040796675151,0.874859239083691,0.858290052596577,0.817551045353124,0.736622902322342,0.716260517190816,0,100000,2379.92796807723,97955.5469244827,4724492.14072711,47.2449214072711,2025,"Females","GMoH report",31.1116685927289
0,1,0.0252882,0.0135698,0.0167229,0.0166232,0.00995374,0.0107408,0.0120621,0.0187066,0.0187602,0.0193532,0.022709,0.0249433,0.0317972,0.0418924,0.0507676,0.0709581,0.0760684,0.218472,0.144810722498,0.0247528891312654,0.0528450076309004,0.080259088233452,0.0797996847031082,0.0485603082923454,0.052299649803477,0.0585450591063823,0.0893542160548699,0.0895987727582516,0.0923002376040054,0.107445074507522,0.117395897287944,0.147278398285121,0.189604528161154,0.225249552097356,0.301335086921745,0.319569204761333,1,0.975247110868735,0.9471549923691,0.919740911766548,0.920200315296892,0.951439691707655,0.947700350196523,0.941454940893618,0.91064578394513,0.910401227241748,0.907699762395995,0.892554925492478,0.882604102712056,0.852721601714879,0.810395471838846,0.774750447902644,0.698664913078255,0.680430795238667,0,100000,2475.28891312654,97883.1594627746,4380472.45823941,43.8047245823941,2025,"Females","GMoH report",34.5518654176059
0,1,0.0232258,0.0142388,0.0171192,0.016346,0.00982164,0.0104028,0.0124364,0.0186751,0.0192997,0.0171558,0.02255,0.0268756,0.0328636,0.0400062,0.0501708,0.0699687,0.0854246,0.216028,0.136806774962,0.0227693127752225,0.0553781628301871,0.0820830112831057,0.0785212299385607,0.0479312903047287,0.0506955605566044,0.0603069952118678,0.0892104641522746,0.0920568271334322,0.0822512835731878,0.106732931014081,0.125917714669098,0.151842751388659,0.181843801291891,0.222896731640524,0.297758978417073,0.351958264991103,1,0.977230687224778,0.944621837169813,0.917916988716894,0.921478770061439,0.952068709695271,0.949304439443396,0.939693004788132,0.910789535847725,0.907943172866568,0.917748716426812,0.893267068985919,0.874082285330902,0.848157248611341,0.818156198708109,0.777103268359476,0.702241021582927,0.648041735008897,0,100000,2276.93127752225,98034.5683473657,4380212.10367175,43.8021210367175,2025,"Females","GMoH report",34.5544689632825
0,1,0.0238954,0.0136637,0.0153167,0.0145065,0.00995121,0.0103553,0.0111144,0.0165625,0.0163659,0.0163813,0.0218968,0.023242,0.0291192,0.0402627,0.0443912,0.066564,0.0696858,0.220021,0.139405418906,0.0234139104509625,0.0532009561898184,0.0737591336924328,0.0699940772943247,0.0485482650484188,0.0504699220407291,0.0540696214970821,0.0795198799699925,0.0786130660556016,0.0786841291863972,0.103801687995737,0.109828419674796,0.135716136681836,0.182903071279943,0.199784334163233,0.285337059867457,0.296733688776625,1,0.976586089549037,0.946799043810182,0.926240866307567,0.930005922705675,0.951451734951581,0.949530077959271,0.945930378502918,0.920480120030007,0.921386933944398,0.921315870813603,0.896198312004263,0.890171580325204,0.864283863318164,0.817096928720057,0.800215665836767,0.714662940132544,0.703266311223375,0,100000,2341.39104509626,97985.0115543681,4556841.79466549,45.5684179466549,2025,"Females","GMoH report",32.7881720533451
0,1,0.0217327,0.0112551,0.0129233,0.0135907,0.00862931,0.00940429,0.00978221,0.015204,0.01422,0.0147186,0.0163442,0.0182917,0.0240543,0.0287742,0.0395893,0.0542476,0.0673854,0.209183,0.131012218103,0.0213298756829107,0.0440292918349372,0.062594191221469,0.0657205299829034,0.0422353942256369,0.045941335885855,0.0477434586533173,0.0732362886677392,0.0686591666264304,0.0709811423939028,0.0785129227211524,0.0874590626589053,0.113449150262124,0.134216097890218,0.180119488804664,0.238845950974755,0.28835047051106,1,0.978670124317089,0.955970708165063,0.937405808778531,0.934279470017097,0.957764605774363,0.954058664114145,0.952256541346683,0.926763711332261,0.93134083337357,0.929018857606097,0.921487077278848,0.912540937341095,0.886550849737876,0.865783902109782,0.819880511195336,0.761154049025245,0.71164952948894,0,100000,2132.98756829106,98146.4598642169,4897362.27255493,48.9736227255493,2025,"Females","GMoH report",29.3829672744507
0,1,0.0247868,0.0127896,0.0147103,0.0145467,0.00927085,0.00958303,0.0109542,0.0156622,0.0159038,0.0158209,0.0194399,0.0198454,0.0274846,0.0296423,0.0508301,0.0623339,0.0736186,0.195395,0.142864844252,0.0242711440671077,0.0498824469139,0.0709425350660449,0.0701812365168991,0.0453042282390744,0.0467940773815751,0.0533110502338217,0.0753602324194984,0.076478262521285,0.0760947802286994,0.0926945672073639,0.0945367032722045,0.128587556136525,0.137985947845452,0.225495591354703,0.269648840372726,0.310877148828192,1,0.975728855932892,0.9501175530861,0.929057464933955,0.929818763483101,0.954695771760926,0.953205922618425,0.946688949766178,0.924639767580502,0.923521737478715,0.923905219771301,0.907305432792636,0.905463296727796,0.871412443863475,0.862014052154548,0.774504408645297,0.730351159627274,0.689122851171808,0,100000,2427.11440671077,97919.6349149858,4676790.03173346,46.7679003173346,2025,"Females","GMoH report",31.5886896826654
0,1,0.0215376,0.0111186,0.0127092,0.0125878,0.00805312,0.00892521,0.0104042,0.0147534,0.0149849,0.0139055,0.0153607,0.0165221,0.0219864,0.0299092,0.040169,0.0575817,0.0658132,0.195072,0.130255056464,0.0211415714598393,0.0435069277463195,0.0615891286164689,0.0610187698230534,0.0394709394698416,0.0436520409196586,0.0507022101625666,0.0711429972605408,0.0722190132701214,0.0671916657304626,0.0739631842877769,0.0793336055877947,0.104204306110339,0.139141939739833,0.182516260799829,0.25167833416415,0.282573357732241,1,0.978858428540161,0.95649307225368,0.938410871383531,0.938981230176947,0.960529060530158,0.956347959080341,0.949297789837433,0.928857002739459,0.927780986729879,0.932808334269537,0.926036815712223,0.920666394412205,0.895795693889661,0.860858060260167,0.817483739200171,0.74832166583585,0.717426642267759,0,100000,2114.15714598393,98161.22251244,4959392.49747293,49.5939249747293,2025,"Females","GMoH report",28.7626650252707
0,1,0.0252871,0.0136851,0.0159213,0.0147886,0.00944394,0.0106482,0.0118781,0.0169122,0.0169526,0.0178876,0.0200686,0.0221961,0.0294305,0.0356591,0.0474104,0.0663671,0.0726091,0.222322,0.144806453519,0.0247518325924712,0.0532820593784013,0.0765591952131329,0.0713066848992475,0.0461305642965433,0.0518604489195375,0.0576777449444387,0.0811307512708911,0.0813166772434085,0.0856096232575458,0.0955491555426899,0.10514592626507,0.137067581366484,0.163701848532488,0.211932489723082,0.284613129871297,0.307269157534207,1,0.975248167407529,0.946717940621599,0.923440804786867,0.928693315100752,0.953869435703457,0.948139551080463,0.942322255055561,0.918869248729109,0.918683322756591,0.914390376742454,0.90445084445731,0.89485407373493,0.862932418633516,0.836298151467512,0.788067510276918,0.715386870128703,0.692730842465793,0,100000,2475.18325924713,97883.239250334,4528111.68721968,45.2811168721968,2025,"Females","GMoH report",33.0754731278032
0,1,0.0252935,0.0137502,0.0171532,0.0162163,0.0105123,0.0108154,0.0121253,0.0194299,0.0189637,0.0186774,0.0235155,0.0265422,0.0363323,0.0418231,0.0470233,0.0743557,0.0764591,0.239606,0.144831291215,0.0247579797063212,0.0535287382856493,0.0822393307782369,0.0779224648337895,0.051215517781075,0.052653332859479,0.0588427839785619,0.0926490934480351,0.0905266971816413,0.0892209610549793,0.11104906431996,0.12445286773501,0.166535000961423,0.189320567439774,0.210384111969108,0.313501872118328,0.320947170491654,1,0.975242020293679,0.946471261714351,0.917760669221763,0.92207753516621,0.948784482218925,0.947346667140521,0.941157216021438,0.907350906551965,0.909473302818359,0.910779038945021,0.88895093568004,0.87554713226499,0.833464999038577,0.810679432560226,0.789615888030892,0.686498127881672,0.679052829508346,0,100000,2475.79797063212,97882.775046242,4338881.02284741,43.3888102284741,2025,"Females","GMoH report",34.9677797715259
0,1,0.0239715,0.013277,0.014959,0.0136132,0.0085863,0.0101746,0.0113285,0.0164569,0.0161683,0.0171893,0.018272,0.02151,0.0256152,0.0306137,0.0433166,0.0608523,0.0704547,0.215563,0.139700754635,0.0234871327676352,0.0517342487584677,0.0720986892680964,0.0658257521761878,0.042029309352761,0.0496110680671109,0.0550824948915526,0.0790329083273683,0.0777007763445702,0.082405277412436,0.0873689847754571,0.102061635548386,0.120367881598214,0.142186372611926,0.195420609108705,0.264085912124123,0.29951746682518,1,0.976512867232365,0.948265751241532,0.927901310731904,0.934174247823812,0.957970690647239,0.950388931932889,0.944917505108447,0.920967091672632,0.92229922365543,0.917594722587564,0.912631015224543,0.897938364451614,0.879632118401786,0.857813627388074,0.804579390891295,0.735914087875877,0.70048253317482,0,100000,2348.71327676352,97979.4037404216,4673874.87724331,46.7387487724331,2025,"Females","GMoH report",31.6178412275668
0,1,0.0251802,0.0147862,0.0165345,0.015873,0.00962174,0.0108176,0.0121282,0.0180945,0.0178534,0.0180906,0.0213643,0.02651,0.0343191,0.0420718,0.0477285,0.0729041,0.0877105,0.221198,0.144391586378,0.024649149094662,0.0574459843717644,0.0793907827562903,0.0763358044402979,0.046978658896376,0.0526637612409984,0.0588564432135437,0.0865569865185981,0.0854529363647633,0.0865391376892951,0.101405363482383,0.124311270544653,0.158036337798637,0.190339216389736,0.213202867362699,0.308325091704639,0.359682639598696,1,0.975350850905338,0.942554015628236,0.92060921724371,0.923664195559702,0.953021341103624,0.947336238759002,0.941143556786456,0.913443013481402,0.914547063635237,0.913460862310705,0.898594636517617,0.875688729455347,0.841963662201363,0.809660783610264,0.786797132637301,0.691674908295361,0.640317360401304,0,100000,2464.9149094662,97890.9980645984,4390927.96063938,43.9092796063938,2025,"Females","GMoH report",34.4473103936062
0,1,0.0229408,0.0108453,0.0137022,0.0133681,0.009128,0.010252,0.0110712,0.0153198,0.0145996,0.0163385,0.0166635,0.021791,0.0237319,0.0302633,0.0397222,0.0605146,0.0649067,0.199683,0.135700721312,0.0224947798731162,0.0424602125144344,0.0662418522309043,0.064678914507433,0.0446217320740697,0.0499790372746507,0.0538651211760882,0.0737735114001307,0.0704274678509097,0.0784866160588079,0.0799854078891,0.103326054847069,0.11201375209183,0.140673396964138,0.180669522712294,0.262812948818561,0.279224627220903,1,0.977505220126884,0.957539787485566,0.933758147769096,0.935321085492567,0.95537826792593,0.950020962725349,0.946134878823912,0.926226488599869,0.92957253214909,0.921513383941192,0.9200145921109,0.896673945152931,0.88798624790817,0.859326603035862,0.819330477287706,0.737187051181439,0.720775372779097,0,100000,2249.47798731162,98055.777798142,4808138.37167023,48.0813837167023,2025,"Females","GMoH report",30.2752062832976
0,1,0.0242727,0.0128074,0.0155611,0.0151389,0.00889285,0.0100392,0.011189,0.0180973,0.0184406,0.0170786,0.0195264,0.0228809,0.0284191,0.0356574,0.0429111,0.0648742,0.0767772,0.214815,0.140869678703,0.0237768710978543,0.0499501372250088,0.0748919954249808,0.0729341432469952,0.0434972144902998,0.0489670255916995,0.054422662084832,0.0865698008573602,0.0881396308102034,0.0818963140280993,0.0930878247471434,0.108214393225137,0.132669621872601,0.163694683023862,0.193768456017472,0.279104325428256,0.322067414297496,1,0.976223128902146,0.950049862774991,0.925108004575019,0.927065856753005,0.9565027855097,0.9510329744083,0.945577337915168,0.91343019914264,0.911860369189797,0.918103685971901,0.906912175252857,0.891785606774863,0.867330378127399,0.836305316976138,0.806231543982528,0.720895674571744,0.677932585702504,0,100000,2377.68710978543,97957.2569094263,4565851.35807131,45.6585135807131,2025,"Females","GMoH report",32.6980764192869
0,1,0.0225011,0.0120068,0.0139433,0.0140133,0.0094118,0.00958531,0.0110012,0.0159122,0.0153714,0.0153536,0.0177483,0.0210639,0.0226908,0.0289195,0.0424495,0.0599819,0.0673501,0.204457,0.133994293979,0.0220710222724288,0.046900939596896,0.067368163707445,0.0676949267088763,0.045977179944496,0.0468049501091726,0.0535336636486706,0.0765171110633446,0.0740127991479433,0.0739302608668855,0.0849712614030985,0.100050847389197,0.107363585864656,0.134848147496208,0.191884045523839,0.260801131522784,0.2882211857877,1,0.977928977727571,0.953099060403104,0.932631836292555,0.932305073291124,0.954022820055504,0.953195049890827,0.946466336351329,0.923482888936655,0.925987200852057,0.926069739133115,0.915028738596901,0.899949152610803,0.892636414135344,0.865151852503792,0.808115954476161,0.739198868477216,0.7117788142123,0,100000,2207.10222724287,98088.636877436,4769357.30476021,47.6935730476021,2025,"Females","GMoH report",30.6630169523979
0,1,0.0248203,0.0116332,0.0136852,0.0134308,0.00876144,0.0103372,0.0111201,0.0169481,0.0146178,0.0156695,0.0164404,0.0209391,0.0275485,0.0317832,0.0391712,0.0637558,0.0668786,0.211861,0.142994854067,0.0243033406082906,0.0454747659065127,0.0661623862782618,0.0649724210194306,0.0428682314065632,0.05038392814495,0.054096600968914,0.0812959694503944,0.0705121680738261,0.0753940329997751,0.0789567966988794,0.099487550574418,0.128867251317687,0.147218326234092,0.178386925189994,0.274954189252188,0.28649246292291,1,0.975696659391709,0.954525234093487,0.933837613721738,0.935027578980569,0.957131768593437,0.94961607185505,0.945903399031086,0.918704030549606,0.929487831926174,0.924605967000225,0.921043203301121,0.900512449425582,0.871132748682313,0.852781673765908,0.821613074810006,0.725045810747812,0.71350753707709,0,100000,2430.33406082906,97917.1912035332,4755583.03354614,47.5558303354614,2025,"Females","GMoH report",30.8007596645386
0,1,0.0226443,0.0121595,0.0145934,0.0133505,0.00891259,0.00974174,0.011097,0.0167999,0.0163928,0.0157755,0.0180213,0.0211227,0.0245326,0.0358511,0.038932,0.0614034,0.0757759,0.20796,0.134550037427,0.0222090577990628,0.0474832547282634,0.0703986122306819,0.0645965107094342,0.0435916634408346,0.0475506351879113,0.0539872584815749,0.0806137429495545,0.0787371923818087,0.0758847022010676,0.086221922184348,0.100316131141826,0.11557463431548,0.164510769847776,0.177394220517073,0.266159287079376,0.318536100714643,1,0.977790942200937,0.952516745271737,0.929601387769318,0.935403489290566,0.956408336559165,0.952449364812089,0.946012741518425,0.919386257050446,0.921262807618191,0.924115297798932,0.913778077815652,0.899683868858174,0.88442536568452,0.835489230152224,0.822605779482927,0.733840712920624,0.681463899285357,0,100000,2220.90577990627,98077.917175902,4720269.05733421,47.2026905733421,2025,"Females","GMoH report",31.1538994266579
0,1,0.0247059,0.0137066,0.0163,0.0150545,0.0105734,0.0109302,0.0122892,0.0185824,0.0178627,0.0180445,0.0228684,0.0259091,0.0291938,0.0390929,0.0503432,0.0706958,0.0770339,0.217491,0.142550880251,0.0241933860469036,0.0533635347492129,0.0783089118424213,0.0725422805920668,0.0515055286095008,0.0531973556579682,0.0596144647980107,0.0887872973158929,0.0854955467429852,0.0863281301392555,0.108158471997435,0.121664928032766,0.136040175790051,0.178062091188448,0.223577040799106,0.300388488701195,0.322970338166742,1,0.975806613953096,0.946636465250787,0.921691088157579,0.927457719407933,0.948494471390499,0.946802644342032,0.940385535201989,0.911212702684107,0.914504453257015,0.913671869860744,0.891841528002565,0.878335071967234,0.863959824209949,0.821937908811552,0.776422959200894,0.699611511298805,0.677029661833258,0,100000,2419.33860469036,97925.5402430335,4425618.17003469,44.2561817003469,2025,"Females","GMoH report",34.1004082996531
0,1,0.0238456,0.0120197,0.0149581,0.0137822,0.00886056,0.0101136,0.0103407,0.0161453,0.0155256,0.016923,0.0194942,0.0203033,0.0261081,0.032115,0.0446417,0.0655204,0.0831528,0.198782,0.139212150584,0.0233659896327283,0.0469501466447482,0.0720945078551304,0.0666157219909411,0.0433426985473972,0.0493209686291798,0.0504005573904806,0.0775945324866099,0.0747275258130907,0.0811804577823723,0.0929414518722786,0.0966126128441057,0.122542143648525,0.148640986774354,0.20079853059216,0.281493141868756,0.34420911976501,1,0.976634010367272,0.953049853355252,0.92790549214487,0.933384278009059,0.956657301452603,0.95067903137082,0.949599442609519,0.92240546751339,0.925272474186909,0.918819542217628,0.907058548127721,0.903387387155894,0.877457856351475,0.851359013225646,0.79920146940784,0.718506858131244,0.65579088023499,0,100000,2336.59896327283,97988.6840034567,4697503.63907061,46.9750363907061,2025,"Females","GMoH report",31.3815536092939
0,1,0.0246006,0.0120533,0.0145062,0.0143513,0.00934521,0.0098816,0.0115256,0.0166426,0.0165009,0.0164766,0.0184315,0.021595,0.0260603,0.0366689,0.0437157,0.0630018,0.0803596,0.209799,0.142142222534,0.0240921634152706,0.0470783022001811,0.0699926804472406,0.0692711715879738,0.0456593103898785,0.0482168509149959,0.0560140122509997,0.0798890943940922,0.0792358431878538,0.0791237731003375,0.0880980518914088,0.102444288950296,0.122331510351938,0.167948301333115,0.197043737690598,0.272144946304744,0.33458100972688,1,0.975907836584729,0.952921697799819,0.930007319552759,0.930728828412026,0.954340689610122,0.951783149085004,0.943985987749,0.920110905605908,0.920764156812146,0.920876226899663,0.911901948108591,0.897555711049704,0.877668489648062,0.832051698666885,0.802956262309402,0.727855053695256,0.66541899027312,0,100000,2409.21634152705,97933.2350238228,4654919.30261214,46.5491930261214,2025,"Females","GMoH report",31.8073969738786
0,1,0.0254626,0.0126273,0.0146711,0.0147381,0.00975864,0.0103974,0.011477,0.0176844,0.0190165,0.0180987,0.0195176,0.0243078,0.0275124,0.0373139,0.0455346,0.0624688,0.0799981,0.210513,0.145487549714,0.0249203796698824,0.0492650313395326,0.0707601759563181,0.0710718402770327,0.0476311616028402,0.0506699116514871,0.0557844059327739,0.0846782882003733,0.0907673086859348,0.0865762079623782,0.0930478244536105,0.114576258084344,0.12870924913523,0.170650418383683,0.204404326846894,0.270153575765544,0.333326736084997,1,0.975079620330118,0.950734968660467,0.929239824043682,0.928928159722967,0.95236883839716,0.949330088348513,0.944215594067226,0.915321711799627,0.909232691314065,0.913423792037622,0.90695217554639,0.885423741915657,0.87129075086477,0.829349581616317,0.795595673153106,0.729846424234456,0.666673263915003,0,100000,2492.03796698825,97870.5225306231,4550098.56579678,45.5009856579678,2025,"Females","GMoH report",32.8556043420322
0,1,0.0221203,0.0141964,0.0164332,0.0160094,0.0101745,0.0103773,0.0121491,0.0179423,0.0182331,0.0190568,0.0227303,0.0270923,0.0293256,0.0396731,0.0526716,0.0708047,0.0783019,0.219203,0.132516451067,0.0217038253741691,0.0552178117155235,0.0789235824617249,0.0769665300832145,0.0496105925648718,0.0505744347945171,0.0589548782224685,0.0858601773498399,0.0871910903273796,0.0909509164390126,0.107540434172805,0.126868594914963,0.136612398608422,0.180466351023067,0.232714400461615,0.300781619214931,0.327416219755765,1,0.978296174625831,0.944782188284476,0.921076417538275,0.923033469916785,0.950389407435128,0.949425565205483,0.941045121777532,0.91413982265016,0.91280890967262,0.909049083560987,0.892459565827195,0.873131405085037,0.863387601391578,0.819533648976933,0.767285599538385,0.699218380785069,0.672583780244235,0,100000,2170.38253741691,98117.2288538994,4412147.30174553,44.1214730174553,2025,"Females","GMoH report",34.2351169825447
0,1,0.0217701,0.0106208,0.0129395,0.0125876,0.00861081,0.00970916,0.010717,0.015862,0.0138895,0.0139726,0.0153162,0.0197504,0.0225577,0.0302169,0.0405895,0.0605831,0.0712124,0.196889,0.131157363389,0.0213659671942288,0.0415995588115486,0.0626701974502318,0.0610178299105451,0.0421467557356106,0.0473953767594554,0.0521867855481999,0.0762849214402855,0.0671169478810166,0.0675049508107541,0.073756814687219,0.0941054493336993,0.106767430814774,0.140472863804281,0.184250872978135,0.263071311127134,0.302251808314043,1,0.978634032805771,0.958400441188451,0.937329802549768,0.938982170089455,0.957853244264389,0.952604623240545,0.9478132144518,0.923715078559715,0.932883052118983,0.932495049189246,0.926243185312781,0.905894550666301,0.893232569185226,0.859527136195719,0.815749127021865,0.736928688872866,0.697748191685957,0,100000,2136.59671942287,98143.6336729222,4906779.57874864,49.0677957874864,2025,"Females","GMoH report",29.2887942125136
0,1,0.0219167,0.0110067,0.01271,0.0135101,0.00832275,0.00928601,0.0109387,0.0152204,0.0142883,0.0148886,0.0167194,0.0200193,0.0214057,0.0293475,0.0419084,0.0555434,0.0689171,0.198881,0.131726301863,0.021507420368223,0.0430784958396827,0.0615928860458918,0.0653435067245032,0.0407655463723244,0.0453766303910559,0.0532376240057215,0.0733123902390152,0.0689775694848249,0.0717715550632146,0.0802429644504191,0.0953256195608154,0.101591886393563,0.136707445600592,0.189670076423078,0.243855579951328,0.293941509064182,1,0.978492579631777,0.956921504160317,0.938407113954108,0.934656493275497,0.959234453627676,0.954623369608944,0.946762375994278,0.926687609760985,0.931022430515175,0.928228444936785,0.919757035549581,0.904674380439185,0.898408113606437,0.863292554399408,0.810329923576922,0.756144420048672,0.706058490935818,0,100000,2150.74203682231,98132.5672579496,4891404.93427266,48.9140493427265,2025,"Females","GMoH report",29.4425406572734
0,1,0.0242495,0.0121585,0.0139297,0.0131802,0.00898628,0.00970465,0.0102495,0.0154368,0.0144924,0.0144619,0.0169607,0.0207458,0.0245109,0.0293672,0.0412474,0.0589254,0.0691745,0.20677,0.140779642055,0.0237545580091895,0.0474794423991792,0.0673046655023788,0.0637987977158634,0.0439441636037277,0.0473738826249592,0.0499671541342524,0.0743159970421494,0.0699284232955779,0.0697863904981375,0.081353950144462,0.0986144127879589,0.115478306917443,0.13679293620938,0.186958155447488,0.256797292108914,0.294877492276328,1,0.976245441990811,0.952520557600821,0.932695334497621,0.936201202284137,0.956055836396272,0.952626117375041,0.950032845865748,0.925684002957851,0.930071576704422,0.930213609501862,0.918646049855538,0.901385587212041,0.884521693082557,0.86320706379062,0.813041844552512,0.743202707891086,0.705122507723672,0,100000,2375.45580091895,97958.9600164519,4808052.87575138,48.0805287575138,2025,"Females","GMoH report",30.2760612424862
0,1,0.0225421,0.0105984,0.0126474,0.0120482,0.00814886,0.00912532,0.00993258,0.0152943,0.0144282,0.014815,0.0154421,0.0169084,0.0225401,0.027402,0.0391823,0.0543552,0.0647851,0.20072,0.134153410469,0.0221105463474172,0.0415136435993532,0.0612988231599181,0.0584795662255047,0.039930823278546,0.0446089232511935,0.0484595784018923,0.0736552367802785,0.0696294315879084,0.0714294323975748,0.0743405639438083,0.0811132613303066,0.106688572279885,0.128225885700114,0.178432965080788,0.239263025932134,0.278774427149235,1,0.977889453652583,0.958486356400647,0.938701176840082,0.941520433774495,0.960069176721454,0.955391076748806,0.951540421598108,0.926344763219721,0.930370568412092,0.928570567602425,0.925659436056192,0.918886738669693,0.893311427720115,0.871774114299886,0.821567034919212,0.760736974067866,0.721225572850765,0,100000,2211.05463474171,98085.5658852422,4976188.33278941,49.7618833278941,2025,"Females","GMoH report",28.5947066721059
0,1,0.0222561,0.0117395,0.0139726,0.0132831,0.0085904,0.00896832,0.0103912,0.015257,0.0166452,0.0158223,0.0164834,0.0193717,0.0225803,0.0321375,0.0461579,0.0589055,0.0722343,0.197212,0.133043475929,0.0218347960577134,0.0458807655066689,0.0675049508107541,0.0642808767162267,0.042048956607889,0.0438582626644528,0.0506404620761849,0.0734822049959423,0.0799010765034615,0.0761012576766566,0.07915513559484,0.0923843931290547,0.106868682709535,0.148737381041914,0.20691284408502,0.256721699783507,0.305925681383161,1,0.978165203942287,0.954119234493331,0.932495049189246,0.935719123283773,0.957951043392111,0.956141737335547,0.949359537923815,0.926517795004058,0.920098923496539,0.923898742323343,0.92084486440516,0.907615606870945,0.893131317290465,0.851262618958086,0.79308715591498,0.743278300216493,0.694074318616839,0,100000,2183.47960577134,98107.0181106006,4811772.80562659,48.1177280562659,2025,"Females","GMoH report",30.2388619437341
0,1,0.0251867,0.0126353,0.0152944,0.0159168,0.00909706,0.0103958,0.01189,0.018226,0.0183957,0.0172887,0.0210271,0.023809,0.0279109,0.0396912,0.0477985,0.0662276,0.0739424,0.20184,0.144416812163,0.0246553931160812,0.0492954737997949,0.0736557006306851,0.0765383845999969,0.0444738468665602,0.0506623118462713,0.0577338609823011,0.0871586175895329,0.0879344601294899,0.0828620568925063,0.0998847817634542,0.112357217520156,0.130451923519593,0.18054125258818,0.213482180043033,0.284099868819435,0.312031166656539,1,0.975344606883919,0.950704526200205,0.926344299369315,0.923461615400003,0.95552615313344,0.949337688153729,0.942266139017699,0.912841382410467,0.91206553987051,0.917137943107494,0.900115218236546,0.887642782479844,0.869548076480408,0.81945874741182,0.786517819956967,0.715900131180565,0.687968833343461,0,100000,2465.53931160811,97890.5260160369,4515659.05812289,45.1565905812289,2025,"Females","GMoH report",33.1999994187711
0,1,0.0231295,0.0119845,0.0138739,0.0143967,0.00888592,0.00994663,0.0113463,0.0164268,0.0161072,0.0157729,0.0179047,0.0237618,0.0259515,0.0372193,0.042518,0.0596982,0.0662976,0.208149,0.136433045255,0.022676561270509,0.0468158704023266,0.0670440924155884,0.0694826961701191,0.0434640547172669,0.048526463066668,0.0551666564157742,0.0788940577311547,0.077418511383605,0.0758726699118678,0.0856879570868669,0.112146965583023,0.121851900979337,0.170254606784284,0.192163934574413,0.259727795323105,0.284357457555003,1,0.977323438729491,0.953184129597673,0.932955907584412,0.930517303829881,0.956535945282733,0.951473536933332,0.944833343584226,0.921105942268845,0.922581488616395,0.924127330088132,0.914312042913133,0.887853034416977,0.878148099020663,0.829745393215716,0.807836065425587,0.740272204676895,0.715642542444997,0,100000,2267.6561270509,98041.7271039538,4698551.64779698,46.9855164779698,2025,"Females","GMoH report",31.3710735220302
0,1,0.024136,0.0119379,0.01307,0.0124974,0.00914306,0.00886634,0.0105496,0.0155868,0.0148263,0.015828,0.0166548,0.0199353,0.0250755,0.0314729,0.0403177,0.0615267,0.0680106,0.209911,0.14033916104,0.0236453872045345,0.0466380785638258,0.0632822524027405,0.060593836470242,0.04469370689069,0.043370359125185,0.0513925722982071,0.0750110446241315,0.0714819672716026,0.0761276296930462,0.0799453168426237,0.0949446259935757,0.117981393893555,0.145885871395399,0.183130044511043,0.2666224944299,0.290637006939586,1,0.976354612795465,0.953361921436174,0.93671774759726,0.939406163529758,0.95530629310931,0.956629640874815,0.948607427701793,0.924988955375869,0.928518032728397,0.923872370306954,0.920054683157376,0.905055374006424,0.882018606106445,0.854114128604601,0.816869955488957,0.7333775055701,0.709362993060414,0,100000,2364.53872045346,97967.2986598216,4829932.24815617,48.2993224815617,2025,"Females","GMoH report",30.0572675184383
0,1,0.0229322,0.0119606,0.0136434,0.0131171,0.00925605,0.00957902,0.0105655,0.0162253,0.0146241,0.016027,0.0155329,0.0198308,0.0237853,0.0308993,0.039497,0.0567928,0.0685348,0.203695,0.135667345658,0.0224864940921083,0.046724689360861,0.0659669657487585,0.0635030600282583,0.045233540225001,0.0467749544398051,0.0514680361598819,0.0779640257331786,0.0705414856492905,0.0770478839113808,0.0747613486200491,0.0944704390435385,0.112251651956781,0.143417731242543,0.179737290584464,0.248658910560762,0.292549454170747,1,0.977513505907892,0.953275310639139,0.934033034251242,0.936496939971742,0.954766459774999,0.953225045560195,0.948531963840118,0.922035974266821,0.929458514350709,0.922952116088619,0.925238651379951,0.905529560956462,0.887748348043219,0.856582268757457,0.820262709415536,0.751341089439238,0.707450545829253,0,100000,2248.64940921083,98056.4188874522,4815798.50588672,48.1579850588672,2025,"Females","GMoH report",30.1986049411328
0,1,0.0249355,0.0134185,0.0161881,0.0156958,0.0100937,0.0106914,0.0110094,0.0189161,0.0178879,0.018684,0.0216398,0.024311,0.0313473,0.037084,0.0483321,0.0701293,0.088741,0.211625,0.143441932595,0.0244140475916224,0.052271197862952,0.0777922290425891,0.0755157978502549,0.0492263109625922,0.0520653707382234,0.0535724973686733,0.0903097302777334,0.0856109975905021,0.0892510819615748,0.102645907715543,0.114590477267853,0.145345989183194,0.169688206385958,0.215608474164576,0.29834047782174,0.363141213853554,1,0.975585952408378,0.947728802137048,0.922207770957411,0.924484202149745,0.950773689037408,0.947934629261777,0.946427502631327,0.909690269722267,0.914389002409498,0.910748918038425,0.897354092284457,0.885409522732147,0.854654010816806,0.830311793614042,0.784391525835424,0.70165952217826,0.636858786146446,0,100000,2441.40475916225,97908.7950577386,4447752.57710912,44.4775257710912,2025,"Females","GMoH report",33.8790642289088
0,1,0.025456,0.0127722,0.0146958,0.0147796,0.0097227,0.0101771,0.0112743,0.017754,0.0170445,0.0155987,0.0194005,0.0208656,0.0316957,0.0335057,0.0424913,0.0694768,0.0853386,0.205615,0.14546193584,0.0249140418343437,0.0498162731910973,0.0708750848212111,0.0712648355897928,0.0474599039789594,0.0496229555477378,0.0548261829149062,0.084997390808945,0.0817394786407686,0.0750661635852085,0.0925153880360181,0.0991556449374812,0.146842787639534,0.154580205058434,0.192054849439978,0.295975434781868,0.351666238786694,1,0.975085958165656,0.950183726808903,0.929124915178789,0.928735164410207,0.952540096021041,0.950377044452262,0.945173817085094,0.915002609191055,0.918260521359231,0.924933836414791,0.907484611963982,0.900844355062519,0.853157212360466,0.845419794941566,0.807945150560022,0.704024565218132,0.648333761213306,0,100000,2491.40418343438,97871.0002920479,4592415.15821811,45.9241515821811,2025,"Females","GMoH report",32.4324384178189
0,1,0.0236107,0.0133446,0.015483,0.0156035,0.00950238,0.0101287,0.0120072,0.0190197,0.0178296,0.0174621,0.0188456,0.0218004,0.028663,0.0371192,0.0449319,0.06538,0.0787827,0.205138,0.138300529523,0.0231399109294781,0.0519908069550162,0.0745301251796102,0.0750883955500856,0.0464094005998207,0.0493927881662512,0.0582863600441934,0.0907818892524623,0.0853438818121072,0.0836583728199518,0.0899882916282277,0.103368323026721,0.13373209257622,0.169835596331618,0.201972032124467,0.280974687352271,0.32909585078993,1,0.976860089070522,0.948009193044984,0.92546987482039,0.924911604449914,0.953590599400179,0.950607211833749,0.941713639955807,0.909218110747538,0.914656118187893,0.916341627180048,0.910011708371772,0.896631676973279,0.86626790742378,0.830164403668382,0.798027967875533,0.719025312647729,0.67090414921007,0,100000,2313.99109294781,98006.0351005184,4529416.06939602,45.2941606939602,2025,"Females","GMoH report",33.0624293060398
0,1,0.0239839,0.0140733,0.0161945,0.0145217,0.00950509,0.011496,0.0111639,0.0176752,0.0181304,0.0184971,0.0217165,0.0236401,0.0323742,0.0366928,0.0473772,0.074374,0.0781819,0.216509,0.139748877671,0.0234990631718232,0.0547521141440336,0.0778217876497647,0.0700648482335183,0.0464223289629929,0.0558741761766822,0.0543038919516037,0.0846361000126414,0.086721271641574,0.0883977451695603,0.102990990392835,0.111604637993429,0.149750840822602,0.168048568696347,0.211799796681637,0.313566932420411,0.326996483973986,1,0.976500936828177,0.945247885855966,0.922178212350235,0.929935151766482,0.953577671037007,0.944125823823318,0.945696108048396,0.915363899987359,0.913278728358426,0.91160225483044,0.897009009607165,0.888395362006571,0.850249159177398,0.831951431303653,0.788200203318363,0.686433067579589,0.673003516026014,0,100000,2349.90631718232,97978.4904532759,4468903.36584297,44.6890336584297,2025,"Females","GMoH report",33.6675563415703
0,1,0.0219199,0.0109342,0.013105,0.0128307,0.00849126,0.00901988,0.00995179,0.014626,0.0136095,0.0148879,0.0144508,0.0173352,0.0208802,0.0305661,0.0395603,0.0551727,0.0634749,0.197908,0.131738720711,0.0215105077062865,0.0428008146645889,0.0634463393084083,0.0621596213653684,0.0415737658622121,0.0441048488890076,0.0485510259633212,0.0705503272829007,0.0658084497575612,0.0717683017509067,0.069734694685111,0.0830756667542062,0.0992215837190726,0.141980987355948,0.179999422149817,0.24242534756588,0.273908684159595,1,0.978489492293714,0.957199185335411,0.936553660691592,0.937840378634632,0.958426234137788,0.955895151110992,0.951448974036679,0.929449672717099,0.934191550242439,0.928231698249093,0.930265305314889,0.916924333245794,0.900778416280927,0.858019012644052,0.820000577850184,0.75757465243412,0.726091315840405,0,100000,2151.05077062864,98132.3259060784,4960621.56314991,49.6062156314991,2025,"Females","GMoH report",28.7503743685009
0,1,0.0234458,0.0126411,0.0140421,0.0145495,0.0085404,0.00991324,0.0114723,0.0161018,0.0161261,0.0149102,0.0175422,0.0210114,0.0283887,0.0355957,0.0410726,0.0581775,0.0694202,0.20145,0.137660570762,0.0229811614138439,0.0493175439893524,0.0678293342633515,0.0701942711304681,0.0418093290161756,0.0483675033282653,0.05576219833024,0.0773935609026445,0.0775058329674587,0.0718719375903509,0.0840259978512352,0.099813924278535,0.132537109405547,0.163434579358795,0.186239634926314,0.253951798156828,0.29576997325637,1,0.977018838586156,0.950682456010648,0.932170665736649,0.929805728869532,0.958190670983824,0.951632496671735,0.94423780166976,0.922606439097356,0.922494167032541,0.928128062409649,0.915974002148765,0.900186075721465,0.867462890594453,0.836565420641205,0.813760365073686,0.746048201843172,0.70423002674363,0,100000,2298.11614138439,98018.2438383159,4708101.29330596,47.0810129330596,2025,"Females","GMoH report",31.2755770669404
0,1,0.0248595,0.01342,0.0172981,0.0159979,0.0101402,0.0101722,0.0113532,0.0186069,0.017154,0.0194321,0.0219682,0.025694,0.0325795,0.0385873,0.0495944,0.0706532,0.0803803,0.226364,0.143146984955,0.0243410135901597,0.0522768883175568,0.0829052420799424,0.0769133690338341,0.0494474816172616,0.0495996559493793,0.0551992788678926,0.0888991557473133,0.0822430085771681,0.0926590978611318,0.10412253814387,0.120715819344412,0.150628959532294,0.175961775454966,0.220618406279082,0.300234652606208,0.33465277406255,1,0.97565898640984,0.947723111682443,0.917094757920058,0.923086630966166,0.950552518382738,0.950400344050621,0.944800721132107,0.911100844252687,0.917756991422832,0.907340902138868,0.89587746185613,0.879284180655588,0.849371040467706,0.824038224545034,0.779381593720918,0.699765347393792,0.66534722593745,0,100000,2434.10135901597,97914.332911602,4412657.87901266,44.1265787901266,2025,"Females","GMoH report",34.2300112098734
0,1,0.0230851,0.0115473,0.0133373,0.0124887,0.00889143,0.00963685,0.0106844,0.0151678,0.0155895,0.0157301,0.0155508,0.0197368,0.0239239,0.0301487,0.0422218,0.0568356,0.0685732,0.207684,0.136260733739,0.0226337933122194,0.0451465582948048,0.0645347032556704,0.0605529315106086,0.043490419938613,0.0470506986859215,0.0520321687407654,0.0730682870877751,0.0750235508837447,0.0756745782900973,0.0748442789666149,0.0940436959542265,0.11286884273333,0.140178036107049,0.190953046638587,0.248822990152256,0.292689381296241,1,0.977366206687781,0.954853441705195,0.93546529674433,0.939447068489391,0.956509580061387,0.952949301314079,0.947967831259235,0.926931712912225,0.924976449116255,0.924325421709903,0.925155721033385,0.905956304045773,0.88713115726667,0.859821963892951,0.809046953361413,0.751177009847744,0.707310618703759,0,100000,2263.37933122193,98045.03039718,4844244.45609432,48.4424445609432,2025,"Females","GMoH report",29.9141454390568
0,1,0.0223651,0.0114609,0.0127752,0.0129954,0.0087324,0.00898897,0.00987966,0.0147202,0.0151478,0.0149348,0.0156962,0.0180744,0.022184,0.0305381,0.0353474,0.0584434,0.0672306,0.199389,0.133466492939,0.021939902311866,0.0448163290683608,0.0618990675796414,0.0629324200705383,0.0427291792869858,0.0439570289633972,0.0482076129369289,0.0709885845926965,0.0729754559701388,0.0719862494059308,0.0755176496681952,0.0864649928338114,0.10509161882023,0.141860151285101,0.162387095914665,0.254964516884745,0.28778337720175,1,0.978060097688134,0.955183670931639,0.938100932420359,0.937067579929462,0.957270820713014,0.956042971036603,0.951792387063071,0.929011415407303,0.927024544029861,0.928013750594069,0.924482350331805,0.913535007166189,0.89490838117977,0.858139848714899,0.837612904085335,0.745035483115255,0.71221662279825,0,100000,2193.9902311866,98098.8339505123,4917725.27790396,49.1772527790396,2025,"Females","GMoH report",29.1793372209604
0,1,0.0240349,0.0123528,0.0146722,0.0143832,0.00850736,0.00994578,0.0108875,0.0168543,0.0160905,0.0169995,0.018275,0.0192044,0.0258499,0.0309917,0.0463035,0.0611641,0.0712633,0.210045,0.139946803061,0.0235481297207572,0.0482198984762062,0.0707652936464031,0.0694198027333155,0.0416509509155478,0.0485224167937526,0.0529950412217456,0.080864225222098,0.0773413476154827,0.0815324718614771,0.0873827027673181,0.09162308410885,0.121403809182531,0.14381576257733,0.207497812587174,0.265259589807619,0.302435177956781,1,0.976451870279243,0.951780101523794,0.929234706353597,0.930580197266685,0.958349049084452,0.951477583206247,0.947004958778254,0.919135774777902,0.922658652384517,0.918467528138523,0.912617297232682,0.90837691589115,0.878596190817469,0.85618423742267,0.792502187412826,0.73474041019238,0.697564822043219,0,100000,2354.81297207573,97974.7355751728,4694258.62913613,46.9425862913613,2025,"Females","GMoH report",31.4140037086387
0,1,0.0236971,0.0121824,0.0140755,0.0135708,0.00877967,0.00967728,0.010822,0.0159991,0.0161676,0.0171163,0.0179709,0.0222873,0.0240252,0.0363857,0.0473034,0.0584797,0.0681012,0.204589,0.138635838419,0.0232230744893612,0.0475705529904971,0.0679851862764158,0.0656274572576207,0.0429555119509735,0.0472434302434345,0.0526846176689661,0.0769189164111172,0.0776975430091146,0.0820696769701879,0.0859911539296157,0.105555151670439,0.113319680056751,0.166759359896532,0.211504763880623,0.255102679573381,0.29096785054172,1,0.976776925510639,0.952429447009503,0.932014813723584,0.934372542742379,0.957044488049027,0.952756569756565,0.947315382331034,0.923081083588883,0.922302456990885,0.917930323029812,0.914008846070384,0.894444848329561,0.886680319943249,0.833240640103468,0.788495236119377,0.744897320426619,0.70903214945828,0,100000,2322.30744893612,97999.6475913138,4717623.23135772,47.1762323135772,2025,"Females","GMoH report",31.1803576864228
0,1,0.022285,0.0119988,0.0135811,0.0134098,0.00966986,0.0100758,0.0106699,0.0154917,0.0144716,0.0160075,0.0177676,0.0191719,0.024506,0.0323609,0.0398671,0.0555252,0.063728,0.199292,0.13315563365,0.0218626651950059,0.0468704223525524,0.0656756316959358,0.0648741273187041,0.0472080616328475,0.0491411587808888,0.051963389573962,0.0745704426827299,0.0698315638514195,0.0769577471560008,0.0850597317743166,0.0914751203503861,0.115456554206537,0.149693924681903,0.18126884233897,0.243785415164737,0.274850774592002,1,0.978137334804994,0.953129577647448,0.934324368304064,0.935125872681296,0.952791938367152,0.950858841219111,0.948036610426038,0.92542955731727,0.93016843614858,0.923042252843999,0.914940268225683,0.908524879649614,0.884543445793463,0.850306075318097,0.81873115766103,0.756214584835263,0.725149225407998,0,100000,2186.2665195006,98104.8471842313,4796330.0447031,47.963300447031,2025,"Females","GMoH report",30.393289552969
0,1,0.0233207,0.0144178,0.0162291,0.016179,0.00934939,0.0111074,0.0124836,0.0193615,0.0174925,0.0178077,0.0247741,0.0259259,0.0315544,0.0408456,0.0472268,0.075582,0.0799946,0.230926,0.137175071423,0.0228607041956111,0.0560548254745462,0.077981573128837,0.0777501988327138,0.0456792667994448,0.0540364877888357,0.0605289519389377,0.092337994784929,0.083797912537351,0.0852435223189999,0.116646000780179,0.121739016105853,0.146236024936833,0.185305694329262,0.21119843444087,0.317850549432064,0.333314583122393,1,0.977139295804389,0.943945174525454,0.922018426871163,0.922249801167286,0.954320733200555,0.945963512211164,0.939471048061062,0.907662005215071,0.916202087462649,0.914756477681,0.883353999219821,0.878260983894147,0.853763975063167,0.814694305670738,0.78880156555913,0.682149450567936,0.666685416877607,0,100000,2286.0704195611,98027.5214535202,4390193.88562963,43.9019388562962,2025,"Females","GMoH report",34.4546511437037
0,1,0.0229471,0.0108451,0.0127912,0.012028,0.00811679,0.00803581,0.0103571,0.0151129,0.013093,0.0143055,0.0144189,0.0188938,0.0221062,0.0278657,0.0390401,0.0565873,0.0645403,0.194231,0.135725170919,0.0225008496287186,0.0424594461217304,0.0619741893722541,0.0583843816439659,0.0397768001654624,0.0393877684412062,0.0504784735051495,0.0728134442461316,0.063390084073078,0.0690577363805211,0.0695861120233657,0.0902080670566143,0.104742361045633,0.130254423292169,0.177842980629788,0.24787067007777,0.277867388469849,1,0.977499150371281,0.95754055387827,0.938025810627746,0.941615618356034,0.960223199834538,0.960612231558794,0.94952152649485,0.927186555753868,0.936609915926922,0.930942263619479,0.930413887976634,0.909791932943386,0.895257638954367,0.869745576707831,0.822157019370212,0.75212932992223,0.722132611530151,0,100000,2250.08496287186,98055.3082032962,4994597.52916634,49.9459752916634,2025,"Females","GMoH report",28.4106147083366
0,1,0.0225151,0.0126142,0.0154498,0.0148292,0.0094925,0.00979776,0.0107321,0.0166067,0.0175146,0.0167591,0.0183375,0.021576,0.0257579,0.0325734,0.0475281,0.0594863,0.0732083,0.206983,0.134048626439,0.0220845185445192,0.0492151797589688,0.0743762543633431,0.0714954492113863,0.0463622654871579,0.0478175380948886,0.0522583942185186,0.0797236338253801,0.0838993414841062,0.0804258383320244,0.0876684495174351,0.102358768051312,0.120997872264966,0.150602880343544,0.212402751916584,0.258925238902662,0.309412577928156,1,0.977915481455481,0.950784820241031,0.925623745636657,0.928504550788614,0.953637734512842,0.952182461905111,0.947741605781481,0.92027636617462,0.916100658515894,0.919574161667976,0.912331550482565,0.897641231948688,0.879002127735034,0.849397119656456,0.787597248083416,0.741074761097338,0.690587422071844,0,100000,2208.45185445192,98087.588083194,4638750.00219255,46.3875000219255,2025,"Females","GMoH report",31.9690899780745
0,1,0.0239635,0.0124323,0.0136942,0.0143058,0.00966726,0.00983717,0.0101523,0.0165409,0.0159552,0.0159837,0.0176749,0.0228416,0.0303878,0.0331568,0.0440661,0.0649197,0.0717135,0.212883,0.139669707515,0.0234794356292106,0.0485227024135676,0.0662044573020361,0.0690591345812682,0.0471956680160382,0.0480052602354247,0.0495050253283963,0.079420292221004,0.0767159540258182,0.0768477226391323,0.0846347242795772,0.108038565741876,0.141211251805929,0.153093752654928,0.198466399484221,0.279272743228562,0.304055321715406,1,0.976520564370789,0.951477297586432,0.933795542697964,0.930940865418732,0.952804331983962,0.951994739764575,0.950494974671604,0.920579707778996,0.923284045974182,0.923152277360868,0.915365275720423,0.891961434258124,0.858788748194071,0.846906247345072,0.801533600515779,0.720727256771438,0.695944678284594,0,100000,2347.94356292106,97979.9930277738,4682622.24208587,46.8262224208587,2025,"Females","GMoH report",31.5303675791413
0,1,0.0259031,0.0140748,0.0158211,0.0153169,0.00979152,0.0101282,0.0119301,0.0182006,0.0183101,0.0171053,0.0203612,0.0227931,0.0309211,0.0351791,0.0526455,0.06605,0.0758708,0.220803,0.147197081759,0.0253432612940936,0.0547577901114779,0.076095705581078,0.0737600612929548,0.0477878117146006,0.0493904101205428,0.0579229340123482,0.0870424384852628,0.087543188653585,0.0820190968563574,0.0968747829247799,0.107821532565219,0.143511654453681,0.161676422420102,0.23261249697611,0.283445982190752,0.318871424764873,1,0.974656738705906,0.945242209888522,0.923904294418922,0.926239938707045,0.952212188285399,0.950609589879457,0.942077065987652,0.912957561514737,0.912456811346415,0.917980903143643,0.90312521707522,0.892178467434781,0.856488345546319,0.838323577579898,0.76738750302389,0.716554017809248,0.681128575235127,0,100000,2534.32612940935,97838.7192810653,4479063.43590045,44.7906343590045,2025,"Females","GMoH report",33.5659556409955
0,1,0.0240825,0.0117947,0.0134728,0.0137573,0.00893028,0.00948882,0.0106369,0.0163229,0.0154816,0.0163231,0.0193564,0.0203417,0.0272867,0.0347351,0.0409839,0.0582313,0.0714008,0.205103,0.140131533425,0.0235939221945009,0.0460915284976574,0.0651689784672656,0.0664993705247013,0.0436762961158073,0.0463447085075485,0.0518068395704331,0.0784146151941198,0.0745236371478304,0.0784155383162741,0.0923147947664564,0.0967864953679352,0.127720801981433,0.159798921228123,0.18587481311676,0.254156798106109,0.302930330198846,1,0.976406077805499,0.953908471502343,0.934831021532734,0.933500629475299,0.956323703884193,0.953655291492451,0.948193160429567,0.92158538480588,0.92547636285217,0.921584461683726,0.907685205233544,0.903213504632065,0.872279198018567,0.840201078771877,0.81412518688324,0.745843201893891,0.697069669801154,0,100000,2359.39221945009,97971.2330302125,4744994.49166609,47.4499449166609,2025,"Females","GMoH report",30.9066450833391
0,1,0.0235783,0.011408,0.0133837,0.0133213,0.00890664,0.00883656,0.0110793,0.0162584,0.0157766,0.016274,0.0144756,0.0202003,0.0231838,0.026843,0.0391703,0.0600723,0.0652618,0.189496,0.138174788687,0.023108722137827,0.0446140850358227,0.0647519483714525,0.0644597798371388,0.0435631957456108,0.0432278365711716,0.0539034682602602,0.0781168620260876,0.0758897927396588,0.0781888852054176,0.0698501914226073,0.0961460522517476,0.109568466467762,0.12577458222344,0.178383192123875,0.26114286819702,0.280537968085925,1,0.976891277862173,0.955385914964177,0.935248051628548,0.935540220162861,0.956436804254389,0.956772163428828,0.94609653173974,0.921883137973912,0.924110207260341,0.921811114794582,0.930149808577393,0.903853947748252,0.890431533532238,0.87422541777656,0.821616807876125,0.73885713180298,0.719462031914075,0,100000,2310.8722137827,98008.4320660394,4844478.02959092,48.4447802959092,2025,"Females","GMoH report",29.9118097040908
0,1,0.0213362,0.0123794,0.0133676,0.0132671,0.00882331,0.00965521,0.0109832,0.0166053,0.0161612,0.016625,0.0178843,0.0194935,0.0249652,0.0315144,0.0416143,0.0557233,0.0679615,0.200082,0.129473445218,0.0209471336234925,0.0483212244676503,0.0646765735872865,0.0642059336443671,0.0431644174105434,0.0471382263147587,0.0534484134631294,0.0797171807463803,0.0776679805806019,0.0798079807980798,0.0855945054647901,0.0929382696037006,0.117492914713958,0.146064186965719,0.188464458691668,0.244548830397744,0.290457655170351,1,0.979052866376507,0.95167877553235,0.935323426412713,0.935794066355633,0.956835582589457,0.952861773685241,0.946551586536871,0.92028281925362,0.922332019419398,0.92019201920192,0.91440549453521,0.907061730396299,0.882507085286042,0.853935813034281,0.811535541308332,0.755451169602256,0.709542344829649,0,100000,2094.71336234926,98176.4963934183,4777125.20803097,47.7712520803097,2025,"Females","GMoH report",30.5853379196903
0,1,0.0223241,0.0123163,0.0140219,0.0129961,0.00883354,0.00971566,0.0105925,0.0155328,0.0159299,0.0144399,0.0158493,0.0205707,0.0256213,0.031476,0.0422453,0.0596447,0.0688425,0.208235,0.133307376449,0.0219003687569776,0.0480808438068436,0.0677350642562628,0.0629357032669316,0.0432133821505936,0.047426354169621,0.0515961689509672,0.0747608853019545,0.0765989653544984,0.0696839276334156,0.0762261713558253,0.097822791744646,0.120394820465987,0.145899192539098,0.191049175649803,0.259525237645512,0.293670049110309,1,0.978099631243022,0.951919156193156,0.932264935743737,0.937064296733068,0.956786617849406,0.952573645830379,0.948403831049033,0.925239114698046,0.923401034645502,0.930316072366584,0.923773828644175,0.902177208255354,0.879605179534013,0.854100807460902,0.808950824350197,0.740474762354488,0.706329950889691,0,100000,2190.03687569777,98101.9111945281,4794870.97033323,47.9487097033322,2025,"Females","GMoH report",30.4078802966677
0,1,0.0235485,0.0121719,0.014303,0.0130679,0.00897588,0.0102486,0.011764,0.0177433,0.0163829,0.015167,0.017032,0.0202485,0.0252851,0.033655,0.0404663,0.0643025,0.0678476,0.194983,0.138059138165,0.0230800349662711,0.0475305263721028,0.0690460846288827,0.0632724063041452,0.0438944223312142,0.0499628761682551,0.0571395265249026,0.0849483402845719,0.0786915120673784,0.073064574014794,0.0816819812388498,0.096364412960427,0.118908938968236,0.155215551532901,0.183743001450962,0.276985370528912,0.290041457944852,1,0.976919965033729,0.952469473627897,0.930953915371117,0.936727593695855,0.956105577668786,0.950037123831745,0.942860473475097,0.915051659715428,0.921308487932622,0.926935425985206,0.91831801876115,0.903635587039573,0.881091061031764,0.844784448467099,0.816256998549038,0.723014629471088,0.709958542055148,0,100000,2308.00349662711,98010.637476999,4721265.82753597,47.2126582753597,2025,"Females","GMoH report",31.1439317246403
0,1,0.0238211,0.0125531,0.0140103,0.0135833,0.00950465,0.00941828,0.0111709,0.0164209,0.0157609,0.0171426,0.0178292,0.0228292,0.0256289,0.0321716,0.0426119,0.0633348,0.0731213,0.215918,0.139117068779,0.0233424129730409,0.0489826322384939,0.0676809248465558,0.0656859210707976,0.0464202299045933,0.0460081069169652,0.0543370165544303,0.0788668388162074,0.0758171343192686,0.082190598610643,0.0853420488563269,0.107983081584716,0.120428382565188,0.148883452776629,0.192547466527674,0.273386760502341,0.309101703939349,1,0.976657587026959,0.951017367761506,0.932319075153444,0.934314078929202,0.953579770095407,0.953991893083035,0.94566298344557,0.921133161183793,0.924182865680731,0.917809401389357,0.914657951143673,0.892016918415284,0.879571617434812,0.851116547223371,0.807452533472326,0.726613239497659,0.690898296060651,0,100000,2334.24129730409,97990.4915097997,4698665.32509812,46.9866532509812,2025,"Females","GMoH report",31.3699367490188
0,1,0.0225474,0.0112993,0.0125353,0.0128637,0.00809404,0.00940561,0.010106,0.0151871,0.0144022,0.0143852,0.015345,0.0187399,0.0229475,0.0300614,0.0394314,0.0589127,0.0656977,0.195777,0.134173979186,0.0221156553971309,0.0441983785231077,0.0607720115102877,0.0623145120290304,0.0396675236913531,0.0459476361352254,0.049284819046783,0.0731578606368069,0.0695083182473452,0.0694291205380887,0.073890380286268,0.0895061588351146,0.108512285803794,0.139800502904934,0.179465554805597,0.256749050527475,0.282147410219119,1,0.977884344602869,0.955801621476892,0.939227988489712,0.93768548797097,0.960332476308647,0.954052363864775,0.950715180953217,0.926842139363193,0.930491681752655,0.930570879461911,0.926109619713732,0.910493841164885,0.891487714196206,0.860199497095066,0.820534445194403,0.743250949472525,0.717852589780881,0,100000,2211.56553971309,98085.1690089809,4926245.33155463,49.2624533155463,2025,"Females","GMoH report",29.0941366844537
0,1,0.0238243,0.0134626,0.0155185,0.0148137,0.0100161,0.00977529,0.0120175,0.018236,0.016596,0.0171716,0.019139,0.0248216,0.0297137,0.0376832,0.0475341,0.0654073,0.0737589,0.210937,0.139129487627,0.0233454924168222,0.0524384833481543,0.0746946285183451,0.0714233883789277,0.0488571058551115,0.0477104903031122,0.0583349008233874,0.0872043535228914,0.0796743127634447,0.0823239165849257,0.0913253121279576,0.116856581680404,0.138295334777551,0.172193952155349,0.212426717874683,0.28107552245098,0.311377369375013,1,0.976654507583178,0.947561516651846,0.925305371481655,0.928576611621072,0.951142894144889,0.952289509696888,0.941665099176613,0.912795646477109,0.920325687236555,0.917676083415074,0.908674687872042,0.883143418319596,0.861704665222449,0.827806047844651,0.787573282125317,0.71892447754902,0.688622630624987,0,100000,2334.54924168221,97990.255398153,4533524.36849414,45.3352436849414,2025,"Females","GMoH report",33.0213463150586
0,1,0.0251007,0.0142036,0.0155595,0.0156235,0.010127,0.0104094,0.0112179,0.0188948,0.0188336,0.018074,0.0203457,0.0257836,0.0347616,0.0391846,0.0497133,0.0649448,0.0762159,0.204979,0.144083055623,0.0245727756751461,0.0552450430140901,0.0748845833147841,0.0751810232097078,0.0493847027871854,0.0507269083018079,0.0545593953959689,0.0902126261772646,0.0899335678894912,0.0864631620239479,0.0968046063038114,0.121111287517885,0.159911086903719,0.178442504586909,0.221088858168082,0.279365636522873,0.320089690411429,1,0.975427224324854,0.94475495698591,0.925115416685216,0.924818976790292,0.950615297212815,0.949273091698192,0.945440604604031,0.909787373822735,0.910066432110509,0.913536837976052,0.903195393696189,0.878888712482115,0.840088913096281,0.821557495413091,0.778911141831918,0.720634363477127,0.679910309588571,0,100000,2457.27756751461,97896.7744929268,4439850.58191245,44.3985058191245,2025,"Females","GMoH report",33.9580841808755
0,1,0.0217468,0.0114955,0.0130576,0.0132156,0.00871298,0.00983454,0.010282,0.015922,0.0137483,0.0138771,0.0145133,0.0183487,0.0249694,0.0291908,0.0408719,0.0593674,0.0647976,0.194182,0.131066938652,0.0213434825930745,0.0449485870354676,0.0632241120850942,0.0639646712273206,0.0426361795507449,0.0479927338481525,0.050121623663724,0.076562432379148,0.0664573123321594,0.0670590375741977,0.0700257386192433,0.0877196463141872,0.117511519652944,0.136027146900633,0.185413949040526,0.25847458918504,0.278820716802324,1,0.978656517406925,0.955051412964532,0.936775887914906,0.936035328772679,0.957363820449255,0.952007266151847,0.949878376336276,0.923437567620852,0.933542687667841,0.932940962425802,0.929974261380757,0.912280353685813,0.882488480347056,0.863972853099367,0.814586050959474,0.74152541081496,0.721179283197676,0,100000,2134.34825930744,98145.3942330572,4891792.24954777,48.9179224954777,2025,"Females","GMoH report",29.4386675045223
0,1,0.0221017,0.0112952,0.0133691,0.0131574,0.00863035,0.009701,0.0111811,0.0157272,0.0158315,0.0151301,0.0175707,0.0189388,0.0243111,0.0312313,0.0372726,0.0592164,0.0652662,0.196681,0.132444266513,0.0216858849413397,0.0441826952414183,0.0646835963307369,0.0636919488795311,0.0422403769078826,0.0473564868037911,0.0543852818137799,0.0756611547187675,0.0761438226781761,0.0728932929700834,0.0841567667463258,0.090413205938433,0.114590921613882,0.144847092500011,0.170477637976859,0.257901939042247,0.280554228955381,1,0.97831411505866,0.955817304758582,0.935316403669263,0.936308051120469,0.957759623092117,0.952643513196209,0.94561471818622,0.924338845281232,0.923856177321824,0.927106707029917,0.915843233253674,0.909586794061567,0.885409078386118,0.855152907499989,0.829522362023141,0.742098060957753,0.719445771044619,0,100000,2168.58849413398,98118.6286183401,4833493.67366619,48.3349367366619,2025,"Females","GMoH report",30.0216532633381
0,1,0.0228631,0.0128272,0.0143117,0.0150727,0.00976348,0.0102272,0.011485,0.0156469,0.0167198,0.0158366,0.0175078,0.0217018,0.0257728,0.0337516,0.0433569,0.0623681,0.0681877,0.221068,0.135399176159,0.0224199153304589,0.0500254276684232,0.0690866321177992,0.0726267952577946,0.047654222382141,0.0498611501138881,0.0558222049406418,0.0752893862554972,0.0802448071821881,0.076167417682811,0.0838681337210946,0.102924863019318,0.121063628301291,0.155626399994836,0.195584640726241,0.26977682932711,0.291283602708914,1,0.977580084669541,0.949974572331577,0.930913367882201,0.927373204742205,0.952345777617859,0.950138849886112,0.944177795059358,0.924710613744503,0.919755192817812,0.923832582317189,0.916131866278905,0.897075136980682,0.878936371698709,0.844373600005164,0.804415359273759,0.73022317067289,0.708716397291086,0,100000,2241.99153304589,98061.572273484,4659244.354831,46.59244354831,2025,"Females","GMoH report",31.76414645169
0,1,0.0241087,0.0118646,0.0147339,0.0149931,0.0089259,0.0101749,0.0112803,0.0174381,0.016605,0.014806,0.0175686,0.0200022,0.0275698,0.0319733,0.0441805,0.0589009,0.070798,0.208486,0.140233212743,0.0236191260722243,0.0463583533614163,0.071052306069024,0.0722571049976494,0.0436553419580418,0.0496124945724373,0.0548545602597547,0.08354819552887,0.0797157979380948,0.0713875884148252,0.0841471317527228,0.0952480725100964,0.128960464466854,0.148033686341262,0.198930389785234,0.25670422524776,0.300757437372291,1,0.976380873927776,0.953641646638584,0.928947693930976,0.927742895002351,0.956344658041958,0.950387505427563,0.945145439740245,0.91645180447113,0.920284202061905,0.928612411585175,0.915852868247277,0.904751927489904,0.871039535533146,0.851966313658738,0.801069610214766,0.74329577475224,0.699242562627709,0,100000,2361.91260722243,97969.3059859066,4679937.36331261,46.7993736331261,2025,"Females","GMoH report",31.5572163668739
0,1,0.0223381,0.0125815,0.0141051,0.0137242,0.00904224,0.00997608,0.0106234,0.0167376,0.0164115,0.0167892,0.017342,0.0212417,0.0247307,0.0310884,0.0439209,0.0586704,0.0671126,0.209129,0.133361708909,0.021913868266944,0.049090729961967,0.0681232856103439,0.066344680828436,0.044211766491402,0.0486666441612886,0.0517427891347644,0.0803268051646887,0.0788234714939429,0.0805644676013678,0.0831069003359355,0.100852788316067,0.116453555158598,0.144232134290786,0.197877144329091,0.255828150235986,0.287350844314626,1,0.978086131733056,0.950909270038033,0.931876714389656,0.933655319171564,0.955788233508598,0.951333355838711,0.948257210865236,0.919673194835311,0.921176528506057,0.919435532398632,0.916893099664065,0.899147211683934,0.883546444841402,0.855767865709214,0.802122855670909,0.744171849764014,0.712649155685374,0,100000,2191.3868266944,98100.8602653942,4724235.52992963,47.2423552992963,2025,"Females","GMoH report",31.1142347007037
0,1,0.0229247,0.0120171,0.0148878,0.01514,0.00930579,0.0102228,0.0114532,0.0156571,0.0152315,0.0181791,0.0189678,0.0207788,0.0262989,0.0387453,0.045759,0.0650347,0.0738957,0.216014,0.135638238983,0.022479268042184,0.0469402291446907,0.0717678369911094,0.0729392494098376,0.0454710889870383,0.0498402331611017,0.0556719451932808,0.0753366176110068,0.0733638945985553,0.0869440868756951,0.0905453832012866,0.0987635308622963,0.123382443632859,0.176618644119948,0.205308249524968,0.279698267677659,0.311864825952208,1,0.977520731957816,0.953059770855309,0.928232163008891,0.927060750590162,0.954528911012962,0.950159766838898,0.944328054806719,0.924663382388993,0.926636105401445,0.913055913124305,0.909454616798713,0.901236469137704,0.876617556367141,0.823381355880052,0.794691750475032,0.720301732322341,0.688135174047792,0,100000,2247.9268042184,98056.9780288685,4638461.17393419,46.3846117393419,2025,"Females","GMoH report",31.9719782606581
0,1,0.0236383,0.0131291,0.0145732,0.0139692,0.00958719,0.010423,0.0116585,0.0161393,0.015736,0.0168037,0.0182986,0.0231081,0.0290931,0.0342474,0.0428101,0.0647015,0.0752267,0.210365,0.138407642087,0.0231664781020603,0.0511726970853923,0.070304592771554,0.0674890788976571,0.0468139152496444,0.0507915004763378,0.056641609489419,0.0775668147661132,0.0757018877364481,0.080631241997132,0.0874906107742173,0.109230241633285,0.135602739824994,0.157732205189945,0.193356474931353,0.278464777927336,0.316592901871886,1,0.97683352189794,0.948827302914608,0.929695407228446,0.932510921102343,0.953186084750356,0.949208499523662,0.943358390510581,0.922433185233887,0.924298112263552,0.919368758002868,0.912509389225783,0.890769758366715,0.864397260175006,0.842267794810055,0.806643525068647,0.721535222072664,0.683407098128114,0,100000,2316.64781020604,98003.9939507506,4634312.28955921,46.3431228955921,2025,"Females","GMoH report",32.0134671044079
0,1,0.0212782,0.01208,0.0136751,0.0144511,0.00864644,0.00991005,0.0107375,0.016537,0.0155863,0.0176614,0.0180407,0.0197626,0.0269934,0.0360225,0.0437919,0.0578516,0.0649866,0.200669,0.129248353598,0.0208911285911452,0.0471801281049836,0.0661151710605739,0.0697360919056555,0.0423174615200367,0.0483523153433296,0.0522840013390547,0.0794023099988716,0.0750087286322961,0.0845728142461812,0.0863107348160119,0.0941608423427909,0.126434741145882,0.16523229879192,0.197353309062198,0.252708956351796,0.279520313058484,1,0.979108871408855,0.952819871895016,0.933884828939426,0.930263908094345,0.957682538479963,0.95164768465667,0.947715998660945,0.920597690001128,0.924991271367704,0.915427185753819,0.913689265183988,0.905839157657209,0.873565258854118,0.83476770120808,0.802646690937802,0.747291043648204,0.720479686941516,0,100000,2089.11285911451,98180.9015384065,4729752.75693473,47.2975275693473,2025,"Females","GMoH report",31.0590624306527
0,1,0.0266053,0.0144007,0.0170267,0.0167249,0.0102939,0.011428,0.0123039,0.020153,0.0189608,0.019028,0.0247712,0.0266831,0.033216,0.0454683,0.0525228,0.0724929,0.0758695,0.226816,0.149922242717,0.026016887152811,0.0559902037458347,0.0816576012998688,0.0802683017021541,0.0501781771554488,0.0555528549345207,0.0596836459708482,0.0959317201114832,0.0905134800200878,0.0908197065589889,0.116633142736607,0.125072214015507,0.153346136800118,0.20413708450186,0.232133275936594,0.306852864879028,0.318866832188237,1,0.973983112847189,0.944009796254165,0.918342398700131,0.919731698297846,0.949821822844551,0.944447145065479,0.940316354029152,0.904068279888517,0.909486519979912,0.909180293441011,0.883366857263393,0.874927785984493,0.846653863199882,0.79586291549814,0.767866724063406,0.693147135120972,0.681133167811763,0,100000,2601.6887152811,97788.3622917654,4294704.78691238,42.9470478691238,2025,"Females","GMoH report",35.4095421308762
0,1,0.0240639,0.0133406,0.0165135,0.0171569,0.00975189,0.011558,0.011813,0.0198632,0.0191736,0.0184592,0.0246691,0.026625,0.0306856,0.0387258,0.0513435,0.0700962,0.0834552,0.218029,0.140059348871,0.0235760288381579,0.0519756278774755,0.0792939484554522,0.0822563404800448,0.0475989994823453,0.0561670530034649,0.0573706998079225,0.0946174849331878,0.0914828605618293,0.0882246106669419,0.116180338998058,0.12481687664811,0.142496521824737,0.176537600478477,0.227514077415538,0.298220662068743,0.345244812756177,1,0.976423971161842,0.948024372122525,0.920706051544548,0.917743659519955,0.952401000517655,0.943832946996535,0.942629300192077,0.905382515066812,0.908517139438171,0.911775389333058,0.883819661001942,0.87518312335189,0.857503478175263,0.823462399521523,0.772485922584462,0.701779337931257,0.654755187243823,0,100000,2357.60288381579,97972.6014409878,4362788.02257513,43.6278802257513,2025,"Females","GMoH report",34.7287097742487
0,1,0.0232063,0.0120944,0.014917,0.0140905,0.00872564,0.00946288,0.0106803,0.0171798,0.0165987,0.0156311,0.0173272,0.0201812,0.0275936,0.0336135,0.0407682,0.067696,0.069737,0.206913,0.136731097607,0.0227505322819497,0.0472350410393084,0.0719035373339728,0.0680551715144395,0.0426968075699875,0.0462209419325141,0.0520127213309233,0.0823616100300158,0.0796867585040472,0.0752162193830057,0.083038920060806,0.0960595095639691,0.129064607140986,0.155038992097801,0.184987029463559,0.28948718825904,0.29691933997109,1,0.97724946771805,0.952764958960692,0.928096462666027,0.93194482848556,0.957303192430012,0.953779058067486,0.947987278669077,0.917638389969984,0.920313241495953,0.924783780616994,0.916961079939194,0.903940490436031,0.870935392859014,0.844961007902199,0.815012970536441,0.71051281174096,0.70308066002891,0,100000,2275.05322819497,98036.0172968105,4703619.26660583,47.0361926660583,2025,"Females","GMoH report",31.3203973339417
0,1,0.0245921,0.0133838,0.0163633,0.0159799,0.00938494,0.0104753,0.0117757,0.0167796,0.0175672,0.0174529,0.0198324,0.0251656,0.0318626,0.0336305,0.0487897,0.0653472,0.0709162,0.221097,0.142109234969,0.0240839919422316,0.0521395493975462,0.0786010678654915,0.076830154533909,0.0458489752944991,0.0510398555040949,0.057194730043565,0.0805202557898707,0.0841407083698145,0.0836161396890523,0.0944777011016777,0.118380226434124,0.147558968986895,0.155111321735902,0.217427895515427,0.280853521843475,0.301183947377474,1,0.975916008057768,0.947860450602454,0.921398932134509,0.923169845466091,0.954151024705501,0.948960144495905,0.942805269956435,0.919479744210129,0.915859291630186,0.916383860310948,0.905522298898322,0.881619773565876,0.852441031013105,0.844888678264098,0.782572104484573,0.719146478156525,0.698816052622526,0,100000,2408.39919422317,97933.8565727679,4497001.10447682,44.9700110447682,2025,"Females","GMoH report",33.3865789552318
0,1,0.0234202,0.0120334,0.0149517,0.014543,0.00996274,0.0101,0.0114115,0.0175168,0.0163799,0.0169761,0.0195166,0.022468,0.0290122,0.0322705,0.0433173,0.0667809,0.0725792,0.210026,0.137561219978,0.0229565131286159,0.0470024025776443,0.0720647728398269,0.0701640119360356,0.0486031486666325,0.0492562789563521,0.0554748712663598,0.0839094378956727,0.0786776691189945,0.0814248106785976,0.0930432788595254,0.106365452531316,0.135251165351475,0.149306973295656,0.195423458547636,0.286133815672407,0.307162058761791,1,0.977043486871384,0.952997597422356,0.927935227160173,0.929835988063964,0.951396851333367,0.950743721043648,0.94452512873364,0.916090562104327,0.921322330881006,0.918575189321402,0.906956721140475,0.893634547468684,0.864748834648525,0.850693026704344,0.804576541452364,0.713866184327594,0.692837941238209,0,100000,2295.65131286159,98020.1412823797,4617513.06525269,46.1751306525269,2025,"Females","GMoH report",32.1814593474731
0,1,0.0249455,0.0136309,0.0154893,0.0149548,0.0100023,0.0108508,0.01213,0.0181048,0.0168201,0.0171444,0.021008,0.0222413,0.0313572,0.039798,0.0488112,0.060929,0.0774088,0.21669,0.143480741495,0.0244236567934485,0.0530766353815551,0.074559320781546,0.0720791758524061,0.048791433609031,0.0528211214387315,0.0588649212627084,0.0866041241334709,0.0807067605424978,0.082198874058959,0.0997985786493368,0.105348766214958,0.145388555007312,0.180983087690258,0.217513288438435,0.264374773555146,0.324287277486297,1,0.975576343206552,0.946923364618445,0.925440679218454,0.927920824147594,0.951208566390969,0.947178878561268,0.941135078737292,0.913395875866529,0.919293239457502,0.917801125941041,0.900201421350663,0.894651233785042,0.854611444992688,0.819016912309742,0.782486711561565,0.735625226444854,0.675712722513703,0,100000,2442.36567934485,97908.0667593295,4498521.38255199,44.9852138255199,2025,"Females","GMoH report",33.3713761744801
0,1,0.0214784,0.0117342,0.0125957,0.0129632,0.0092545,0.00948213,0.0113604,0.015398,0.0149125,0.0153888,0.0153917,0.0180962,0.0255141,0.0286223,0.0389004,0.0604177,0.0647481,0.191233,0.130025307776,0.0210844235370971,0.0458605268125523,0.0610558956382725,0.0627813810044091,0.0452261367926315,0.0463127902553403,0.0552333185206938,0.074136129687673,0.0718826258548489,0.0740934757990586,0.0741069212504727,0.0865647666733159,0.119921290504827,0.133554880369034,0.177262996342678,0.262447338579729,0.278637395182465,1,0.978915576462903,0.954139473187448,0.938944104361727,0.937218618995591,0.954773863207369,0.95368720974466,0.944766681479306,0.925863870312327,0.928117374145151,0.925906524200941,0.925893078749527,0.913435233326684,0.880078709495173,0.866445119630966,0.822737003657322,0.737552661420271,0.721362604817535,0,100000,2108.44235370972,98165.7085122593,4867485.40738292,48.6748540738292,2025,"Females","GMoH report",29.6817359261708
0,1,0.0251398,0.014138,0.0163906,0.0163347,0.0101546,0.010907,0.0121691,0.0185199,0.0178067,0.018055,0.0222326,0.0260918,0.0314593,0.0427248,0.0484291,0.070358,0.0808045,0.231481,0.144234798422,0.0246103389267883,0.0549969074450828,0.0787270413885424,0.0784690778837315,0.0495159630051693,0.0530874382767877,0.0590490650560656,0.0885018848566102,0.08523893944257,0.0863761945198598,0.105309727387227,0.122470322123073,0.145827427986834,0.193008388055063,0.215994457094778,0.29916786787936,0.336122062085525,1,0.975389661073212,0.945003092554917,0.921272958611458,0.921530922116268,0.950484036994831,0.946912561723212,0.940950934943934,0.91149811514339,0.91476106055743,0.91362380548014,0.894690272612773,0.877529677876927,0.854172572013166,0.806991611944937,0.784005542905222,0.70083213212064,0.663877937914475,0,100000,2461.03389267884,97893.9328347414,4389835.90942861,43.8983590942861,2025,"Females","GMoH report",34.4582309057139
0,1,0.0224841,0.0139908,0.01563,0.0156869,0.0102042,0.0103423,0.0118836,0.0180548,0.0185459,0.0182319,0.022411,0.0235855,0.0328507,0.0413624,0.0499063,0.0690668,0.0822246,0.214086,0.133928318849,0.0220546335982618,0.0544398849162281,0.0752111252796959,0.0754745939792666,0.0497518065392797,0.0504081592368128,0.0577036813313276,0.0863752790304046,0.0886206267938594,0.0871856020547452,0.106109926114614,0.111361224593382,0.151787671823102,0.187430555933174,0.221851972288452,0.294485987923255,0.341022005098869,1,0.977945366401738,0.945560115083772,0.924788874720304,0.924525406020733,0.95024819346072,0.949591840763187,0.942296318668672,0.913624720969595,0.911379373206141,0.912814397945255,0.893890073885387,0.888638775406618,0.848212328176898,0.812569444066826,0.778148027711548,0.705514012076745,0.658977994901131,0,100000,2205.46335982619,98089.9106402384,4445086.14146065,44.4508614146065,2025,"Females","GMoH report",33.9057285853935
0,1,0.0249224,0.0123339,0.0154464,0.0158207,0.00970705,0.0103838,0.0121099,0.017157,0.0170089,0.0169198,0.0207881,0.0232646,0.028971,0.0381472,0.048017,0.0673754,0.0719816,0.210965,0.143391092936,0.0244014593489836,0.0481478972990075,0.0743604951204295,0.0760938548754307,0.0473853208042185,0.0506053114182382,0.0587702455097536,0.0822568001975276,0.0815757169691102,0.0811657301955916,0.0988055508223735,0.109929344433718,0.13507206780878,0.174129607583935,0.214353473194098,0.2883138479261,0.305018670219348,1,0.975598540651016,0.951852102700992,0.92563950487957,0.923906145124569,0.952614679195781,0.949394688581762,0.941229754490246,0.917743199802472,0.91842428303089,0.918834269804408,0.901194449177626,0.890070655566282,0.86492793219122,0.825870392416065,0.785646526805903,0.7116861520739,0.694981329780652,0,100000,2440.14593489836,97909.7492576301,4533719.14636021,45.3371914636021,2025,"Females","GMoH report",33.0193985363979
0,1,0.0223426,0.0109416,0.0121723,0.0124401,0.00838386,0.00967959,0.0100765,0.0156088,0.0144284,0.0151572,0.0141509,0.0161853,0.0231183,0.0282156,0.0379723,0.0559845,0.0621371,0.190508,0.133379172914,0.0219182073406701,0.0428291609060605,0.0590641341011999,0.060324396197169,0.0410587235254596,0.047254440964462,0.0491444888941454,0.0751129427480842,0.0696303631700916,0.0730190877094267,0.0683369274339377,0.0777792968660835,0.109275821915526,0.131782214379859,0.173400463910617,0.24555439932717,0.268911974390284,1,0.97808179265933,0.95717083909394,0.9409358658988,0.939675603802831,0.95894127647454,0.952745559035538,0.950855511105855,0.924887057251916,0.930369636829908,0.926980912290573,0.931663072566062,0.922220703133917,0.890724178084474,0.868217785620141,0.826599536089383,0.75444560067283,0.731088025609716,0,100000,2191.82073406701,98100.5225026186,4967281.30481341,49.6728130481341,2025,"Females","GMoH report",28.6837769518659
0,1,0.024462,0.0142327,0.0161362,0.0170078,0.00996757,0.0104772,0.0119839,0.0189697,0.0169992,0.0188514,0.0206751,0.0244616,0.0319917,0.0385786,0.0518626,0.0683302,0.0716152,0.227269,0.14160433118,0.0239589090347479,0.0553550950766064,0.0775524936306911,0.0815706564721331,0.0486261388919128,0.0510488767707439,0.0581765452484915,0.0905540424522346,0.0815310916663629,0.0900147403112417,0.0982948598574054,0.11525942511643,0.148112567903504,0.175925592356763,0.229550310204916,0.291803518116064,0.303701831493133,1,0.976041090965252,0.944644904923394,0.922447506369309,0.918429343527867,0.951373861108087,0.948951123229256,0.941823454751509,0.909445957547765,0.918468908333637,0.909985259688758,0.901705140142595,0.88474057488357,0.851887432096496,0.824074407643237,0.770449689795084,0.708196481883936,0.696298168506867,0,100000,2395.89090347478,97943.377625492,4414086.00795541,44.1408600795541,2025,"Females","GMoH report",34.2157299204459
0,1,0.0239242,0.0138447,0.0162281,0.0148962,0.00975134,0.00982799,0.0106187,0.0188388,0.0184969,0.0188246,0.020824,0.0242925,0.0312431,0.0409338,0.0443556,0.0653507,0.0754596,0.223964,0.139517188538,0.0234416222577534,0.0538867093501208,0.0779769554242013,0.0718068760330897,0.0475963788184317,0.047961536253295,0.0517204891058298,0.0899572818946096,0.0883968316133286,0.0898925230275394,0.098967739482539,0.114508269648886,0.144897854597558,0.185668687680554,0.199640108057601,0.280866451903908,0.317417505083502,1,0.976558377742247,0.946113290649879,0.922023044575799,0.92819312396691,0.952403621181568,0.952038463746705,0.94827951089417,0.91004271810539,0.911603168386671,0.910107476972461,0.901032260517461,0.885491730351114,0.855102145402442,0.814331312319446,0.800359891942399,0.719133548096092,0.682582494916498,0,100000,2344.16222577533,97982.8886974418,4481357.44842536,44.8135744842536,2025,"Females","GMoH report",33.5430155157464
0,1,0.0218405,0.0101707,0.0125839,0.0122909,0.0088704,0.00896059,0.010128,0.01472,0.0142456,0.0149433,0.0146945,0.0169495,0.0210407,0.0274069,0.0381251,0.0549107,0.0624399,0.193077,0.131430578045,0.0214338991378303,0.0398717527290376,0.0610004413647745,0.0596224655940745,0.0433897880599818,0.0438212885011732,0.0493894589006359,0.0709876543209877,0.0687785217272072,0.0720257442402372,0.0708690373274784,0.0813024119227868,0.0999461572242303,0.128247344626397,0.174037506639086,0.241413094921707,0.270045469692386,1,0.97856610086217,0.960128247270962,0.938999558635225,0.940377534405926,0.956610211940018,0.956178711498827,0.950610541099364,0.929012345679012,0.931221478272793,0.927974255759763,0.929130962672522,0.918697588077213,0.90005384277577,0.871752655373603,0.825962493360914,0.758586905078293,0.729954530307614,0,100000,2143.38991378303,98138.3170615613,4996744.40126778,49.9674440126778,2025,"Females","GMoH report",28.3891459873222
0,1,0.0219467,0.0130035,0.0141584,0.0143537,0.00901345,0.00947334,0.0106001,0.0157886,0.0151121,0.0147249,0.0174136,0.0214104,0.0232093,0.0326049,0.0421693,0.0607586,0.0661599,0.199976,0.131842728563,0.0215363636323416,0.0506955605566044,0.0683719079463316,0.0692823546646259,0.0440741007416749,0.0462708512353942,0.0516322329195731,0.075945324138276,0.0728097301909532,0.0710104457195601,0.0834357098091677,0.101613059383442,0.109682372291913,0.150737543657041,0.19073825342465,0.263732896141277,0.283850670124136,1,0.978463636367658,0.949304439443396,0.931628092053668,0.930717645335374,0.955925899258325,0.953729148764606,0.948367767080427,0.924054675861724,0.927190269809047,0.92898955428044,0.916564290190832,0.898386940616558,0.890317627708087,0.849262456342959,0.80926174657535,0.736267103858723,0.716149329875865,0,100000,2153.63636323415,98130.3049312271,4755442.29201399,47.5544229201399,2025,"Females","GMoH report",30.8021670798601
0,1,0.0233154,0.0120053,0.0139263,0.0131133,0.0088358,0.00973814,0.0117644,0.0173241,0.0157132,0.0171156,0.0192164,0.0217131,0.024657,0.0306142,0.0388511,0.0611826,0.0674738,0.214509,0.137154502706,0.0228556004487903,0.0468952176862232,0.0672887902991426,0.0634852472675172,0.0432241990549751,0.0475334807738425,0.0571414138764789,0.0830246803383749,0.0755963486365119,0.0820664583151529,0.0916777110819138,0.102975696036002,0.116126662223865,0.142188529779092,0.177058232279696,0.265329177640267,0.288674146016312,1,0.97714439955121,0.953104782313777,0.932711209700857,0.936514752732483,0.956775800945025,0.952466519226157,0.942858586123521,0.916975319661625,0.924403651363488,0.917933541684847,0.908322288918086,0.897024303963998,0.883873337776135,0.857811470220908,0.822941767720304,0.734670822359733,0.711325853983688,0,100000,2285.56004487904,98027.9148064811,4727344.73579055,47.2734473579055,2025,"Females","GMoH report",31.0831426420945
0,1,0.0235646,0.011783,0.01359,0.0136668,0.00933638,0.00994072,0.0104836,0.0160372,0.0150229,0.0181223,0.0169046,0.0196503,0.0260855,0.0326958,0.040671,0.0585866,0.0740279,0.19467,0.138121620494,0.0230955338811218,0.0460468597042106,0.0657172562199279,0.066076368710276,0.0456171523283613,0.0484983292218446,0.0510792635808105,0.0770950290022142,0.0723955232349829,0.0866842069891991,0.0810957710708877,0.0936508326099135,0.122442561410797,0.151126033578325,0.184586687120323,0.255509428317356,0.312335624126765,1,0.976904466118878,0.953953140295789,0.934282743780072,0.933923631289724,0.954382847671639,0.951501670778155,0.94892073641919,0.922904970997786,0.927604476765017,0.913315793010801,0.918904228929112,0.906349167390086,0.877557438589203,0.848873966421675,0.815413312879677,0.744490571682644,0.687664375873235,0,100000,2309.55338811218,98009.4458684713,4759589.94942452,47.5958994942452,2025,"Females","GMoH report",30.7606905057548
0,1,0.0245901,0.0125264,0.0151909,0.0146101,0.00968556,0.0108478,0.0114999,0.0166081,0.0168312,0.0181691,0.0189109,0.0241843,0.0290067,0.0364576,0.041975,0.0720404,0.069466,0.220193,0.142101473189,0.0240820692295412,0.0488809942278095,0.0731754958983928,0.0704763342716446,0.0472828966683619,0.0528069031889668,0.0558926016749943,0.0797300868610092,0.0807578703321632,0.0868983384951208,0.0902860250234597,0.114027322557671,0.135227258688501,0.167061359453931,0.189942870071837,0.305229806601299,0.295936233933874,1,0.975917930770459,0.95111900577219,0.926824504101607,0.929523665728355,0.952717103331638,0.947193096811033,0.944107398325006,0.920269913138991,0.919242129667837,0.913101661504879,0.90971397497654,0.885972677442329,0.864772741311499,0.832938640546069,0.810057129928163,0.694770193398701,0.704063766066126,0,100000,2408.20692295412,97934.0028285416,4570507.00674326,45.7050700674326,2025,"Females","GMoH report",32.6515199325674
0,1,0.0256284,0.0136249,0.0160961,0.0156717,0.0102023,0.0103999,0.0113781,0.0184835,0.0180378,0.0166464,0.0213461,0.0238673,0.0290749,0.0396944,0.0467924,0.0666539,0.0778151,0.221003,0.146131001276,0.0250795762041773,0.0530538920523518,0.0773672235812833,0.0754042192432152,0.0497427732609008,0.0506817862285054,0.0553169942687761,0.0883356213566365,0.0862974592249792,0.0799066066573478,0.101323353888881,0.112616849660259,0.135523657990714,0.180554494212344,0.209459247740114,0.285667386472073,0.325712184483077,1,0.974920423795823,0.946946107947648,0.922632776418717,0.924595780756785,0.950257226739099,0.949318213771495,0.944683005731224,0.911664378643363,0.913702540775021,0.920093393342652,0.898676646111119,0.887383150339741,0.864476342009286,0.819445505787656,0.790540752259886,0.714332613527927,0.674287815516923,0,100000,2507.95762041773,97858.5327378117,4469031.92493579,44.6903192493579,2025,"Females","GMoH report",33.6662707506421
0,1,0.0218359,0.0118189,0.0132173,0.0139456,0.008593,0.00944202,0.0108949,0.0155994,0.0163736,0.0145399,0.0168559,0.0200406,0.0250499,0.030266,0.0440612,0.0615633,0.0671707,0.197905,0.131412725951,0.0214294606029184,0.0461839138804761,0.0639726361892399,0.0673789019619969,0.042061415638545,0.0461214019997264,0.0530301057521035,0.0750694057787379,0.0786485982780849,0.0701495802937184,0.0808715913580688,0.0954222044250008,0.11786804325798,0.140685064587953,0.198446520434571,0.266759943869021,0.287563839084943,1,0.978570539397082,0.953816086119524,0.93602736381076,0.932621098038003,0.957938584361455,0.953878598000274,0.946969894247896,0.924930594221262,0.921351401721915,0.929850419706282,0.919128408641931,0.904577795574999,0.88213195674202,0.859314935412047,0.801553479565429,0.733240056130979,0.712436160915057,0,100000,2142.94606029184,98138.6643230571,4804844.75638787,48.0484475638787,2025,"Females","GMoH report",30.3081424361213
0,1,0.0228324,0.0146011,0.0168933,0.015829,0.010086,0.0106401,0.012106,0.0190666,0.0193512,0.0211199,0.0238824,0.0276508,0.0323998,0.0401522,0.0487744,0.0681943,0.0756366,0.21975,0.135280032836,0.0223903334912008,0.0567472553012421,0.0810437586787794,0.0761322562880415,0.049189682164229,0.0518220212784869,0.0587518745177212,0.090995560132924,0.0922911392646545,0.100303500262039,0.112684084076149,0.129314852211197,0.149860383839215,0.182446889962154,0.217367122545315,0.2913076899911,0.318043649290235,1,0.977609666508799,0.943252744698758,0.918956241321221,0.923867743711959,0.950810317835771,0.948177978721513,0.941248125482279,0.909004439867076,0.907708860735346,0.899696499737961,0.887315915923851,0.870685147788803,0.850139616160784,0.817553110037846,0.782632877454685,0.7086923100089,0.681956350709765,0,100000,2239.03334912007,98063.8631558698,4354892.87855314,43.5489287855314,2025,"Females","GMoH report",34.8076612144686
0,1,0.0218174,0.0130401,0.0152824,0.0142934,0.00931904,0.0108487,0.0112331,0.0170413,0.0175909,0.0160246,0.0190947,0.0213164,0.0289812,0.0362821,0.0455876,0.0658778,0.069896,0.222085,0.131340929486,0.0214116096910331,0.0508346228686608,0.0736000369868793,0.0690013405958193,0.0455343587241874,0.0528111686856986,0.0546313027818043,0.0817247596341178,0.0842494412593761,0.0770367906128628,0.0911235575157596,0.101189509831566,0.135116410695853,0.166324036672602,0.204617902293511,0.282811501213408,0.297495616051211,1,0.978588390308967,0.949165377131339,0.926399963013121,0.930998659404181,0.954465641275813,0.947188831314301,0.945368697218196,0.918275240365882,0.915750558740624,0.922963209387137,0.90887644248424,0.898810490168434,0.864883589304147,0.833675963327398,0.795382097706489,0.717188498786592,0.702504383948789,0,100000,2141.16096910331,98140.0611027579,4601705.74502688,46.0170574502688,2025,"Females","GMoH report",32.3395325497312
0,1,0.0249443,0.0130501,0.0154323,0.0148246,0.00956419,0.0106305,0.0118327,0.0183621,0.0172073,0.0171159,0.0208261,0.0221918,0.0288612,0.0387789,0.0491591,0.0671973,0.077521,0.214362,0.143476084427,0.0244225036957976,0.0508726145848135,0.0742951378600075,0.0714740639778837,0.0467042296837524,0.0517764754444689,0.057463625399343,0.0877808960228472,0.082488010157061,0.0820678377400622,0.0989772259847951,0.105126627281724,0.134594596107085,0.176758271648887,0.218893928676943,0.287661337083926,0.324681008793331,1,0.975577496304202,0.949127385415186,0.925704862139992,0.928525936022116,0.953295770316248,0.948223524555531,0.942536374600657,0.912219103977153,0.917511989842939,0.917932162259938,0.901022774015205,0.894873372718276,0.865405403892915,0.823241728351113,0.781106071323057,0.712338662916074,0.675318991206669,0,100000,2442.25036957976,97908.1541506379,4524714.8952966,45.247148952966,2025,"Females","GMoH report",33.109441047034
0,1,0.0245466,0.0134213,0.0154959,0.0151283,0.00898277,0.0110629,0.0118783,0.0184821,0.0176846,0.0175793,0.0202981,0.0262287,0.0289124,0.0405532,0.0543657,0.0712288,0.0740855,0.228084,0.141932654474,0.0240402489885208,0.0522818200179852,0.0745899057006339,0.0728849370182664,0.043927376207071,0.0538258256826388,0.0576786880979163,0.0883292260290225,0.0846792053142491,0.0841962233281199,0.0965890638097103,0.123073364135264,0.134817272711164,0.184101261777238,0.239303715047153,0.302310894410528,0.312540670406498,1,0.975959751011479,0.947718179982015,0.925410094299366,0.927115062981734,0.956072623792929,0.946174174317361,0.942321311902084,0.911670773970978,0.915320794685751,0.91580377667188,0.90341093619029,0.876926635864737,0.865182727288836,0.815898738222762,0.760696284952847,0.697689105589472,0.687459329593502,0,100000,2404.02489885208,97937.1847364636,4478973.6724557,44.789736724557,2025,"Females","GMoH report",33.566853275443
0,1,0.022791,0.0117261,0.0138177,0.0140797,0.00875,0.0103181,0.0108315,0.0162633,0.0155216,0.0146138,0.0150957,0.0189399,0.025421,0.0331988,0.040695,0.0619379,0.0704414,0.1998,0.13511936399,0.0223504394343345,0.0458295951681964,0.0667815803915589,0.0680047826541605,0.0428134556574924,0.050293174978145,0.052729647069419,0.078139485272903,0.0747089922641807,0.0704935532777732,0.07273358890492,0.0904182198926385,0.119509850242466,0.153272816083516,0.18468555350072,0.268165482849535,0.299469391937019,1,0.977649560565666,0.954170404831804,0.933218419608441,0.931995217345839,0.957186544342508,0.949706825021855,0.947270352930581,0.921860514727097,0.925291007735819,0.929506446722227,0.92726641109508,0.909581780107361,0.880490149757534,0.846727183916484,0.81531444649928,0.731834517150465,0.700530608062981,0,100000,2235.04394343344,98066.953772693,4783163.72711916,47.8316372711916,2025,"Females","GMoH report",30.5249527288084
0,1,0.0247702,0.0122307,0.0140977,0.0141365,0.00902041,0.0102123,0.0116122,0.0171274,0.0153379,0.0167502,0.0176751,0.0195897,0.0265437,0.0346601,0.0414001,0.0625506,0.0722696,0.202875,0.142800421478,0.0242551894413188,0.0477546542993226,0.0680887626277567,0.068269761298509,0.0441073832965939,0.0497903158925269,0.0564230117571831,0.0821207141990672,0.0738574543763042,0.0803848444463854,0.0846356414351729,0.0933755046894621,0.124459463356275,0.159481397073253,0.187585367561086,0.270459491350784,0.306052305716904,1,0.975744810558681,0.952245345700677,0.931911237372243,0.931730238701491,0.955892616703406,0.950209684107473,0.943576988242817,0.917879285800933,0.926142545623696,0.919615155553615,0.915364358564827,0.906624495310538,0.875540536643725,0.840518602926747,0.812414632438914,0.729540508649216,0.693947694283096,0,100000,2425.51894413188,97920.846183393,4692633.95948637,46.9263395948637,2025,"Females","GMoH report",31.4302504051363
0,1,0.0248804,0.0126735,0.0145089,0.0143414,0.00937725,0.00981857,0.0119184,0.0172293,0.0160426,0.0171593,0.0169002,0.0228617,0.0250174,0.0315481,0.0455109,0.0581605,0.0733505,0.205331,0.143228095556,0.0243610986575456,0.049440823448062,0.070005251998208,0.0692250400273784,0.0458122672913553,0.0479166671241862,0.0578677718693799,0.0825891182618287,0.0771199872320767,0.0822673736387994,0.0810755187932268,0.108128496858429,0.117724121412441,0.146208962569873,0.204308805912493,0.253887011211137,0.309920450068184,1,0.975638901342454,0.950559176551938,0.929994748001792,0.930774959972622,0.954187732708645,0.952083332875814,0.94213222813062,0.917410881738171,0.922880012767923,0.917732626361201,0.918924481206773,0.891871503141571,0.882275878587559,0.853791037430127,0.795691194087507,0.746112988788863,0.690079549931816,0,100000,2436.10986575457,97912.8095108826,4657526.97415969,46.5752697415969,2025,"Females","GMoH report",31.7813202584031
0,1,0.0220863,0.0118443,0.0127665,0.0125128,0.0080874,0.00930893,0.0101084,0.0140152,0.0147082,0.0141857,0.0134985,0.0173996,0.0229956,0.0302842,0.0368327,0.0579593,0.067545,0.187203,0.132384500807,0.0216710306904308,0.0462808709601728,0.0618582176605902,0.06066623872035,0.0396356270740042,0.0454860830913218,0.0492962348491277,0.0677037944500588,0.0709327667019847,0.0684992263132213,0.0652892332136634,0.0833714263262351,0.108727372105053,0.140763709194993,0.168635269291882,0.253119873316253,0.288934754943374,1,0.978328969309569,0.953719129039827,0.93814178233941,0.93933376127965,0.960364372925996,0.954513916908678,0.950703765150872,0.932296205549941,0.929067233298015,0.931500773686779,0.934710766786337,0.916628573673765,0.891272627894947,0.859236290805008,0.831364730708118,0.746880126683747,0.711065245056626,0,100000,2167.10306904308,98119.7877889495,4960942.2935041,49.609422935041,2025,"Females","GMoH report",28.747167064959
0,1,0.0233038,0.011047,0.0125938,0.0123587,0.00866351,0.00892357,0.010041,0.0149846,0.0146135,0.0139891,0.0142992,0.0190211,0.0225905,0.0287869,0.0381099,0.0583692,0.0633068,0.205972,0.137109484382,0.0228444298581591,0.0432328142029989,0.0610469667745856,0.0599415023861507,0.0423992345193727,0.0436441949286513,0.0489755902458535,0.0722176196417891,0.07049215715359,0.067581972568843,0.0690283736970769,0.0907882681802897,0.106914376920447,0.134271359502821,0.173974155799721,0.254682033609588,0.273282412431676,1,0.977155570141841,0.956767185797001,0.938953033225414,0.940058497613849,0.957600765480627,0.956355805071349,0.951024409754146,0.927782380358211,0.92950784284641,0.932418027431157,0.930971626302923,0.90921173181971,0.893085623079553,0.865728640497179,0.826025844200279,0.745317966390412,0.726717587568324,0,100000,2284.44298581591,98028.7758140694,4948598.99245939,49.4859899245939,2025,"Females","GMoH report",28.8706000754061
0,1,0.0232581,0.0130254,0.0153541,0.0150622,0.00966218,0.010716,0.0111792,0.0177416,0.0171624,0.0183579,0.019903,0.0248663,0.0284109,0.0366315,0.0469791,0.0688956,0.0768135,0.209464,0.136932127709,0.0228004199007228,0.0507787723570802,0.0739325794544944,0.0725780377013373,0.0471714523415366,0.052182043066255,0.0543762914077366,0.084940546979281,0.0822816246142989,0.0877616987751397,0.0947980843194738,0.117054706386456,0.132633880230405,0.167791375564979,0.21020714391344,0.293863282146388,0.32219515596769,1,0.977199580099277,0.94922122764292,0.926067420545506,0.927421962298663,0.952828547658463,0.947817956933745,0.945623708592263,0.915059453020719,0.917718375385701,0.91223830122486,0.905201915680526,0.882945293613544,0.867366119769595,0.832208624435021,0.78979285608656,0.706136717853612,0.67780484403231,0,100000,2280.04199007228,98032.1690108942,4536120.93797831,45.3612093797831,2025,"Females","GMoH report",32.9953806202169
0,1,0.0252179,0.0141097,0.0164286,0.0150409,0.00980473,0.0106204,0.0119234,0.0182979,0.0175238,0.0162879,0.0224224,0.0252682,0.0315885,0.0401593,0.045165,0.0672574,0.0782472,0.21565,0.144537895931,0.0246853636909604,0.0548898416038445,0.0789023616533543,0.0724791219371392,0.0478507410102367,0.0517285551326724,0.0578913458181788,0.087487410288218,0.0839415621337035,0.0782530551572602,0.106161036914709,0.118834185109538,0.146382491655825,0.182476208045587,0.202913526445251,0.287881583041809,0.327224916319426,1,0.97531463630904,0.945110158396156,0.921097638346646,0.927520878062861,0.952149258989763,0.948271444867328,0.942108654181821,0.912512589711782,0.916058437866296,0.92174694484274,0.893838963085291,0.881165814890462,0.853617508344175,0.817523791954413,0.797086473554749,0.71211841695819,0.672775083680573,0,100000,2468.53636909604,97888.2606837223,4455282.98578198,44.5528298578198,2025,"Females","GMoH report",33.8037601421802
0,1,0.0235313,0.0121727,0.0138483,0.0140278,0.00894063,0.0101405,0.0105162,0.0159796,0.0166985,0.0154418,0.0176271,0.0215709,0.0229619,0.0332146,0.0425931,0.0556758,0.0684135,0.211637,0.137992386857,0.0230634767532131,0.0475335760769756,0.0669245228263593,0.0677625995162644,0.0437258092941266,0.0494489083618906,0.0512340316898578,0.0768287675645633,0.080146676793893,0.0743391733812053,0.0844154988984192,0.102335811129279,0.108576682675201,0.153340169052474,0.192470691477115,0.244365840801728,0.292107294089517,1,0.976936523246787,0.952466423923024,0.933075477173641,0.932237400483736,0.956274190705873,0.950551091638109,0.948765968310142,0.923171232435437,0.919853323206107,0.925660826618795,0.915584501101581,0.897664188870721,0.891423317324799,0.846659830947526,0.807529308522885,0.755634159198272,0.707892705910483,0,100000,2306.3476753213,98011.9107453184,4743077.14958114,47.4307714958114,2025,"Females","GMoH report",30.9258185041886
0,1,0.0231532,0.0117175,0.012648,0.0121184,0.0086599,0.00903028,0.0101632,0.0151686,0.0153087,0.0138628,0.0148786,0.0184711,0.0213421,0.0308736,0.03605,0.0558495,0.0688325,0.201884,0.136525022348,0.0226993890728302,0.0457967530913053,0.0613016420775092,0.0588102836466413,0.0423819415606963,0.0441545794604742,0.0495568593184371,0.0730720001464465,0.0737220289389555,0.0669922496054248,0.0717250781312895,0.0882789755373788,0.10130532885273,0.143306993048541,0.165348010549249,0.245034819606032,0.293633653810263,1,0.97730061092717,0.954203246908695,0.938698357922491,0.941189716353359,0.957618058439304,0.955845420539526,0.950443140681563,0.926927999853553,0.926277971061044,0.933007750394575,0.928274921868711,0.911721024462621,0.89869467114727,0.856693006951459,0.834651989450751,0.754965180393968,0.706366346189737,0,100000,2269.93890728302,98039.9645527624,4932750.52891263,49.3275052891263,2025,"Females","GMoH report",29.0290847108737
0,1,0.0245671,0.012147,0.0142516,0.0135875,0.00937327,0.00982079,0.0107252,0.0164111,0.0166621,0.016872,0.0191057,0.021724,0.0260868,0.0367665,0.0438695,0.0670517,0.0651581,0.211468,0.142012212719,0.0240599576734113,0.047435599544662,0.0688064934450465,0.0657055641188382,0.0457932683294149,0.0479272415633184,0.0522256730290715,0.0788216260325433,0.079978956569364,0.0809457099541346,0.0911736585782537,0.103024727072683,0.122448289878964,0.168357692268065,0.197668458860093,0.287127527851842,0.280154639895554,1,0.975940042326589,0.952564400455338,0.931193506554954,0.934294435881162,0.954206731670585,0.952072758436682,0.947774326970928,0.921178373967457,0.920021043430636,0.919054290045865,0.908826341421746,0.896975272927317,0.877551710121036,0.831642307731935,0.802331541139907,0.712872472148158,0.719845360104446,0,100000,2405.99576734113,97935.6850153715,4677989.62916085,46.7798962916085,2025,"Females","GMoH report",31.5766937083915
0,1,0.0245962,0.0118225,0.0132072,0.0136589,0.00958333,0.0097717,0.0106374,0.0170057,0.0158803,0.0171082,0.0181757,0.0208874,0.0253218,0.0330303,0.0415325,0.0646696,0.0660793,0.210769,0.142125146618,0.0240879334875833,0.0461976564140889,0.0639253139829122,0.0660394349063927,0.0467955080105433,0.0476933863417117,0.0518092117279137,0.0815609954492229,0.0763695707635106,0.0820324318725933,0.0869285326717932,0.0992540997901101,0.119071253812995,0.152554220801639,0.18812884668739,0.27834659293399,0.283553893082143,1,0.975912066512417,0.953802343585911,0.936074686017088,0.933960565093607,0.953204491989457,0.952306613658288,0.948190788272086,0.918439004550777,0.923630429236489,0.917967568127407,0.913071467328207,0.90074590020989,0.880928746187005,0.847445779198361,0.81187115331261,0.72165340706601,0.716446106917857,0,100000,2408.79334875834,97933.5567591064,4727643.60447664,47.2764360447664,2025,"Females","GMoH report",31.0801539552336
0,1,0.0222632,0.0120184,0.0142294,0.0136636,0.00934928,0.00973818,0.0108791,0.0158843,0.015017,0.0156068,0.0179175,0.0206986,0.025358,0.0318553,0.0443718,0.0595164,0.0827075,0.201651,0.133071030248,0.0218416429022003,0.0469451879073096,0.0687029940414659,0.0660614083521006,0.0456787416359936,0.0475336713800994,0.0529552367107502,0.0763880723557009,0.0723681198601503,0.0751036797280507,0.0857465887406007,0.0984010880948974,0.119231329844507,0.147527655675408,0.199705741903514,0.259039285649,0.342681644681303,1,0.9781583570978,0.95305481209269,0.931297005958534,0.933938591647899,0.954321258364006,0.952466328619901,0.94704476328925,0.923611927644299,0.92763188013985,0.924896320271949,0.914253411259399,0.901598911905103,0.880768670155493,0.852472344324592,0.800294258096486,0.740960714351,0.657318355318697,0,100000,2184.16429022003,98106.4847021105,4745789.97001069,47.4578997001069,2025,"Females","GMoH report",30.8986902998931
0,1,0.0236025,0.0131302,0.0156267,0.0160946,0.00915722,0.0108103,0.0115873,0.0176297,0.017191,0.0176592,0.0192869,0.0210055,0.0263124,0.038935,0.0493639,0.0588565,0.070201,0.229401,0.138268706225,0.0231320175965945,0.0511768747970788,0.0751958428079813,0.0773602925873107,0.0447613755905371,0.0526291575454656,0.0563054302210005,0.0844274245821119,0.0824130913658252,0.0845627248244502,0.0919985814009453,0.0997872949403274,0.123441870327957,0.177406677526285,0.219705677291834,0.256535539978185,0.298599960442449,1,0.976867982403406,0.948823125202921,0.924804157192019,0.922639707412689,0.955238624409463,0.947370842454534,0.943694569778999,0.915572575417888,0.917586908634175,0.91543727517555,0.908001418599055,0.900212705059673,0.876558129672043,0.822593322473715,0.780294322708166,0.743464460021815,0.701400039557551,0,100000,2313.20175965944,98006.6416548861,4541381.50349694,45.4138150349694,2025,"Females","GMoH report",32.9427749650306
0,1,0.0246123,0.0143834,0.0169602,0.0166606,0.0100418,0.0112774,0.0124409,0.0214861,0.0194964,0.0201269,0.024231,0.0325067,0.0335138,0.0437418,0.0504798,0.0685515,0.0783564,0.227927,0.142187628947,0.024103411059578,0.0559248218352303,0.0813516493900377,0.0799720443929664,0.0489793967346744,0.05484084464646,0.0603281585313193,0.101954014616378,0.0929514532186689,0.0958134316084021,0.114234933326419,0.150317671379426,0.154614685853138,0.197149783950937,0.224115709516831,0.29261031071291,0.327606780216592,1,0.975896588940422,0.94407517816477,0.918648350609962,0.920027955607034,0.951020603265326,0.94515915535354,0.939671841468681,0.898045985383622,0.907048546781331,0.904186568391598,0.885765066673581,0.849682328620574,0.845385314146862,0.802850216049063,0.775884290483169,0.70738968928709,0.672393219783408,0,100000,2410.34110595781,97932.3795808518,4276185.77917024,42.7618577917024,2025,"Females","GMoH report",35.5947322082976
0,1,0.0228418,0.0116346,0.0129248,0.0131466,0.00872361,0.00962992,0.0102845,0.0150721,0.0149758,0.0141689,0.0166655,0.0210143,0.0238278,0.0319908,0.0417005,0.0609936,0.0729474,0.19726,0.135316513202,0.0223993912525076,0.0454801141283252,0.0626012290857803,0.0636413321566727,0.0426870862683954,0.0470176592569215,0.0501335049215849,0.0726240091781645,0.0721767389809237,0.0684208785353029,0.0799946239849472,0.0998270130016961,0.112440948894811,0.148108709722522,0.188817988659737,0.264617990358218,0.308479970499891,1,0.977600608747492,0.954519885871675,0.93739877091422,0.936358667843327,0.957312913731605,0.952982340743079,0.949866495078415,0.927375990821836,0.927823261019076,0.931579121464697,0.920005376015053,0.900172986998304,0.887559051105189,0.851891290277478,0.811182011340263,0.735382009641782,0.691520029500109,0,100000,2239.93912525076,98063.1616269629,4846345.05435267,48.4634505435267,2025,"Females","GMoH report",29.8931394564733
0,1,0.0211262,0.0110185,0.0129985,0.0121662,0.0083381,0.00906682,0.00995895,0.0142373,0.0141741,0.012785,0.0144323,0.0170177,0.0216639,0.0281152,0.0400104,0.0568954,0.0687495,0.203528,0.128658458318,0.0207443354583355,0.0431236833891532,0.0629469598557864,0.059035408531801,0.0408391967342749,0.0443292858609261,0.0485851083382861,0.0687398261817562,0.068445129717189,0.061945080368715,0.0696485288429497,0.0816161999838376,0.102754350087831,0.131344086825228,0.18186115600904,0.249052190063634,0.293331512886947,1,0.979255664541665,0.956876316610847,0.937053040144214,0.940964591468199,0.959160803265725,0.955670714139074,0.951414891661714,0.931260173818244,0.931554870282811,0.938054919631285,0.93035147115705,0.918383800016162,0.897245649912169,0.868655913174772,0.81813884399096,0.750947809936366,0.706668487113053,0,100000,2074.43354583354,98192.4598760565,4992857.46543754,49.9285746543754,2025,"Females","GMoH report",28.4280153456246
0,1,0.0216375,0.0109927,0.0128791,0.0133027,0.00842111,0.00907434,0.0102568,0.0155244,0.0143463,0.0152279,0.0152985,0.0200962,0.0235044,0.0339809,0.0387395,0.0579562,0.0652519,0.193883,0.130642757375,0.0212379980223907,0.0430248807859682,0.0623867858654022,0.0643726740715703,0.0412373885375318,0.0443652368906835,0.0500018524982401,0.0747219657858841,0.0692478730955242,0.0733471907836636,0.0736747183050264,0.0956742765109516,0.110999555140395,0.156600901099565,0.176594539584423,0.253108048324272,0.280501380005111,1,0.978762001977609,0.956975119214032,0.937613214134598,0.93562732592843,0.958762611462468,0.955634763109316,0.94999814750176,0.925278034214116,0.930752126904476,0.926652809216336,0.926325281694974,0.904325723489048,0.889000444859605,0.843399098900435,0.823405460415577,0.746891951675728,0.719498619994889,0,100000,2123.79980223907,98153.6592600379,4891992.75001077,48.9199275001077,2025,"Females","GMoH report",29.4366624998923
0,1,0.0251616,0.0134614,0.0154981,0.0141764,0.00954154,0.00959789,0.0110782,0.0169763,0.0185472,0.0169856,0.021354,0.0226586,0.0275775,0.0330735,0.0457116,0.0620166,0.0700243,0.206837,0.144319401824,0.0246312812981855,0.0524339317424835,0.0746001004577398,0.0684558560072472,0.0465962012058655,0.0468649386841324,0.0538982607202231,0.0814257309108455,0.0886265635034711,0.0814685207354882,0.10135895232987,0.107219396458513,0.12899415895364,0.152738507435805,0.205117389809913,0.268460483887375,0.297960339497341,1,0.975368718701814,0.947566068257517,0.92539989954226,0.931544143992753,0.953403798794135,0.953135061315868,0.946101739279777,0.918574269089155,0.911373436496529,0.918531479264512,0.89864104767013,0.892780603541487,0.87100584104636,0.847261492564195,0.794882610190087,0.731539516112625,0.702039660502659,0,100000,2463.12812981856,97892.3490484927,4579780.55297309,45.7978055297309,2025,"Females","GMoH report",32.5587844702691
0,1,0.0237972,0.0118349,0.0146771,0.0141087,0.0089665,0.00976475,0.0107602,0.0162888,0.0166565,0.0182944,0.0169041,0.0214536,0.0265774,0.030011,0.0409621,0.0684872,0.0773736,0.20318,0.139024315508,0.0233194129654049,0.0462449903279358,0.0707880902996573,0.0681400801287198,0.0438495573598327,0.0476602733641681,0.0523916387225442,0.0782572098985128,0.0799531508568809,0.0874714076975451,0.0810934696972277,0.101807648576261,0.124607632753165,0.139582475797131,0.185785127565385,0.292375970997713,0.324163715798276,1,0.976680587034595,0.953755009672064,0.929211909700343,0.93185991987128,0.956150442640167,0.952339726635832,0.947608361277456,0.921742790101487,0.920046849143119,0.912528592302455,0.918906530302772,0.898192351423739,0.875392367246835,0.860417524202869,0.814214872434615,0.707624029002287,0.675836284201724,0,100000,2331.94129654049,97992.2552460159,4695858.89680345,46.9585889680345,2025,"Females","GMoH report",31.3980010319655
0,1,0.0239636,0.0125957,0.0146101,0.0140351,0.00946662,0.00979987,0.0113889,0.0167083,0.0154189,0.0151317,0.0179559,0.0207858,0.0268333,0.0339841,0.045953,0.0661261,0.0810735,0.202032,0.139670095604,0.0234795318439418,0.0491447743318955,0.0704763342716446,0.0677966674806073,0.0462387874254561,0.0478275895987961,0.0553680471203769,0.0801918272326229,0.0742330211745301,0.0729007204219769,0.0859224621545,0.0987951589621133,0.125731989514408,0.156614493480291,0.206088982471247,0.28372622773108,0.337052446247819,1,0.976520468156058,0.950855225668105,0.929523665728355,0.932203332519393,0.953761212574544,0.952172410401204,0.944631952879623,0.919808172767377,0.92576697882547,0.927099279578023,0.9140775378455,0.901204841037887,0.874268010485592,0.843385506519709,0.793911017528753,0.71627377226892,0.662947553752181,0,100000,2347.95318439418,97979.9856613439,4676436.62272094,46.7643662272094,2025,"Females","GMoH report",31.5922237727906
0,1,0.0242057,0.0124046,0.0149274,0.014568,0.0094591,0.0109788,0.0112061,0.0167138,0.0172122,0.0171222,0.0208611,0.023196,0.0291652,0.0358053,0.0459608,0.0642016,0.073188,0.215727,0.140609659073,0.0237124305859745,0.0484172078080486,0.0719518643502454,0.0702803882595859,0.046202905247435,0.0534275733930801,0.0545035688916093,0.0802171658342009,0.0825105306124797,0.0820968052048057,0.0991353204180667,0.10962296430023,0.135915959635124,0.164317873141974,0.206120358560663,0.276610851836788,0.309340050888864,1,0.976287569414026,0.951582792191951,0.928048135649755,0.929719611740414,0.953797094752565,0.94657242660692,0.945496431108391,0.919782834165799,0.91748946938752,0.917903194795194,0.900864679581933,0.89037703569977,0.864084040364876,0.835682126858026,0.793879641439337,0.723389148163212,0.690659949111136,0,100000,2371.24305859745,97962.1766194512,4583199.46737658,45.8319946737658,2025,"Females","GMoH report",32.5245953262342
0,1,0.0256347,0.0136371,0.0161486,0.0158868,0.0097891,0.0106056,0.0119372,0.0186841,0.0168702,0.0180366,0.0212631,0.0244792,0.0327097,0.0387676,0.0483727,0.0687156,0.0775121,0.223403,0.146155450883,0.0250856246224976,0.0531001362635215,0.0776097768921967,0.076399635670091,0.0477762829709233,0.0516583310115595,0.0579564069474667,0.0892515383316443,0.0809374236872772,0.0862919658230882,0.1009492642484,0.115337571310915,0.151185425240063,0.176711315967724,0.215770050228303,0.293208077563452,0.3246497837437,1,0.974914375377502,0.946899863736478,0.922390223107803,0.923600364329909,0.952223717029077,0.948341668988441,0.942043593052533,0.910748461668356,0.919062576312723,0.913708034176912,0.8990507357516,0.884662428689085,0.848814574759937,0.823288684032276,0.784229949771697,0.706791922436548,0.6753502162563,0,100000,2508.56246224977,97858.0776154885,4444783.47482143,44.4478347482143,2025,"Females","GMoH report",33.9087552517857
0,1,0.0228779,0.0106646,0.0125867,0.0123028,0.00840833,0.00900119,0.00975601,0.0145883,0.0150988,0.0143988,0.0150083,0.0178768,0.0236065,0.027901,0.0405992,0.056163,0.0689843,0.19853,0.135456613331,0.022434175846022,0.0417675319573748,0.0610136002929808,0.0596784693191509,0.0411760945228517,0.0440154709574317,0.0476186304137431,0.0703748755090291,0.0727479819262306,0.0694924792253259,0.0723277100723046,0.0855601459568945,0.111454852557739,0.130408669295,0.184290847554875,0.246240927037046,0.294185967419378,1,0.977565824153978,0.958232468042625,0.938986399707019,0.940321530680849,0.958823905477148,0.955984529042568,0.952381369586257,0.929625124490971,0.927252018073769,0.930507520774674,0.927672289927695,0.914439854043106,0.888545147442261,0.869591330704999,0.815709152445125,0.753759072962954,0.705814032580622,0,100000,2243.4175846022,98060.4681636952,4959400.96566477,49.5940096566477,2025,"Females","GMoH report",28.7625803433523
0,1,0.0255788,0.0152026,0.0172564,0.0167503,0.0104854,0.0107386,0.0122673,0.0204692,0.0188243,0.0196694,0.0222465,0.0267107,0.0298452,0.0392596,0.0517129,0.0695628,0.0816668,0.230282,0.145938509132,0.0250319552091516,0.0590160065186007,0.0827136504077589,0.080385305061568,0.0510878097004181,0.052289217521801,0.059511389819178,0.0973636118888137,0.0898911548350943,0.0937375944016886,0.105372098999044,0.125193485891026,0.138864875075958,0.1787535206971,0.228963573986928,0.296287525332075,0.339100805785244,1,0.974968044790848,0.940983993481399,0.917286349592241,0.919614694938432,0.948912190299582,0.947710782478199,0.940488610180822,0.902636388111186,0.910108845164906,0.906262405598311,0.894627901000956,0.874806514108974,0.861135124924042,0.8212464793029,0.771036426013072,0.703712474667925,0.660899194214756,0,100000,2503.19552091516,97862.1171014731,4314822.69281849,43.1482269281849,2025,"Females","GMoH report",35.2083630718151
0,1,0.0228341,0.0128317,0.0162519,0.0146978,0.00957715,0.0102304,0.0120153,0.0178182,0.0164857,0.0178009,0.0198563,0.0240832,0.0284063,0.0358951,0.046566,0.0641144,0.07717,0.217697,0.135286630349,0.022391971605453,0.0500425383220265,0.0780868507747352,0.0708843885836867,0.0467660366307056,0.049876362161361,0.0583245330937953,0.0852916411970565,0.0791657432656151,0.0852123583266575,0.094586171506775,0.113577713052533,0.132613829441817,0.164696047282936,0.208551479512547,0.276287053364429,0.323448666093845,1,0.977608028394547,0.949957461677973,0.921913149225265,0.929115611416313,0.953233963369294,0.950123637838639,0.941675466906205,0.914708358802943,0.920834256734385,0.914787641673342,0.905413828493225,0.886422286947467,0.867386170558183,0.835303952717064,0.791448520487453,0.723712946635571,0.676551333906155,0,100000,2239.19716054529,98063.7362779919,4544561.01840649,45.4456101840649,2025,"Females","GMoH report",32.9109798159351
0,1,0.0213485,0.0111055,0.0135224,0.0118765,0.008659,0.00923885,0.0105831,0.0153722,0.0147871,0.0135228,0.0157577,0.0170172,0.0222512,0.0287143,0.0412064,0.0538753,0.0631343,0.187218,0.129521180165,0.0209590099759236,0.0434567814277092,0.0654010520349079,0.057670199683643,0.0423776302491809,0.0451513828660207,0.0515515616692455,0.0740165085674968,0.0712997101404552,0.0654029233696425,0.0758023242864774,0.0816138998583272,0.105393187751746,0.13395541039802,0.186789674855124,0.237401330277281,0.272639275475818,1,0.979040990024076,0.956543218572291,0.934598947965092,0.942329800316357,0.957622369750819,0.954848617133979,0.948448438330755,0.925983491432503,0.928700289859545,0.934597076630358,0.924197675713523,0.918386100141673,0.894606812248254,0.86604458960198,0.813210325144875,0.762598669722719,0.727360724524182,0,100000,2095.90099759235,98175.5625731248,4942770.08914116,49.4277008914116,2025,"Females","GMoH report",28.9288891085884
0,1,0.0236497,0.013824,0.0156923,0.0152082,0.0101234,0.0106256,0.0121214,0.0178089,0.0181323,0.0190404,0.0207193,0.0245488,0.029408,0.0360117,0.0510563,0.0700028,0.0773641,0.221428,0.138451884233,0.0231774512156891,0.0538083079030952,0.0754995942912582,0.0732557786671843,0.049367580586721,0.051753227270779,0.0588244143594581,0.085249021741758,0.0867299656113627,0.0908762019127511,0.098494649520476,0.115646540515484,0.136969967955883,0.165186851637238,0.226385486689799,0.297882480700115,0.324130365060967,1,0.976822548784311,0.946191692096905,0.924500405708742,0.926744221332816,0.950632419413279,0.948246772729221,0.941175585640542,0.914750978258242,0.913270034388637,0.909123798087249,0.901505350479524,0.884353459484516,0.863030032044117,0.834813148362762,0.773614513310201,0.702117519299885,0.675869634939033,0,100000,2317.74512156892,98003.1510576841,4468695.46092881,44.6869546092881,2025,"Females","GMoH report",33.6696353907119
0,1,0.0222404,0.0115776,0.012843,0.0138463,0.00906463,0.00924043,0.01006,0.0152363,0.0156566,0.0146276,0.0166866,0.0184839,0.0245855,0.0326735,0.0451003,0.0577976,0.0674588,0.200431,0.132982545956,0.0218196556176894,0.0452623414316811,0.0622173562346945,0.0669151808292112,0.0443188158311316,0.0451589301672858,0.0490659903428766,0.0733861659011989,0.0753343024025121,0.0705577728062483,0.0800918484059723,0.0883374485852383,0.115809418833191,0.151030742580722,0.202652301065625,0.252502852789093,0.288619232325929,1,0.978180344382311,0.954737658568319,0.937782643765305,0.933084819170789,0.955681184168868,0.954841069832714,0.950934009657123,0.926613834098801,0.924665697597488,0.929442227193752,0.919908151594028,0.911662551414762,0.884190581166809,0.848969257419278,0.797347698934375,0.747497147210907,0.711380767674071,0,100000,2181.96556176894,98108.1977738234,4837314.37522477,48.3731437522477,2025,"Females","GMoH report",29.9834462477522
0,1,0.0259935,0.0124476,0.0158601,0.0149168,0.0103276,0.0102886,0.011626,0.0172682,0.0185296,0.0183448,0.021468,0.024411,0.0312978,0.0391823,0.0531819,0.0658496,0.0763192,0.228724,0.147547914215,0.0254300162753554,0.0485809671076613,0.0762761322858336,0.0719026079445325,0.050338315043882,0.0501529898710322,0.0564881713011326,0.0827678696818976,0.0885461864584966,0.0877018191692594,0.101872502776011,0.115034718704275,0.145133130750957,0.178432965080788,0.234704431046341,0.282707551965269,0.3204540148707,1,0.974569983724645,0.951419032892339,0.923723867714166,0.928097392055467,0.949661684956118,0.949847010128968,0.943511828698867,0.917232130318102,0.911453813541503,0.912298180830741,0.898127497223989,0.884965281295725,0.854866869249043,0.821567034919212,0.765295568953659,0.71729244803473,0.6795459851293,0,100000,2543.00162753553,97832.2129584527,4480199.93027479,44.8019993027479,2025,"Females","GMoH report",33.5545906972521
