"x","n","X1","X2","X3","X4","X5","X6","X7","X8","X9","X10","X11","X12","X13","X14","X15","X16","X17","X18","ax","X1.1","X2.1","X3.1","X4.1","X5.1","X6.1","X7.1","X8.1","X9.1","X10.1","X11.1","X12.1","X13.1","X14.1","X15.1","X16.1","X17.1","X18.1","X1.2","X2.2","X3.2","X4.2","X5.2","X6.2","X7.2","X8.2","X9.2","X10.2","X11.2","X12.2","X13.2","X14.2","X15.2","X16.2","X17.2","X18.2","lx","dx","Lx","Tx","ex","year","sex","scenario","bmmr_lss"
0,1,0.0211245,0.00851403,0.00900909,0.0102727,0.0128957,0.0147058,0.0161786,0.0184098,0.0175203,0.0156731,0.0144929,0.0161744,0.0195511,0.0251248,0.0315135,0.0538866,0.0547329,0.174315,0.107137116475,0.0207334407279518,0.0334859197493528,0.0440532507480457,0.0500774241132788,0.0624646853914923,0.0709216027362048,0.0777483513087891,0.0879988948633612,0.0839255001493341,0.0754107013419921,0.0699307515279514,0.077728952093161,0.0932000893335758,0.118199643963373,0.146060320244905,0.237445212086014,0.240725489622589,1,0.979266559272048,0.966514080250647,0.955946749251954,0.949922575886721,0.937535314608508,0.929078397263795,0.922251648691211,0.912001105136639,0.916074499850666,0.924589298658008,0.930069248472049,0.922271047906839,0.906799910666424,0.881800356036627,0.853939679755095,0.762554787913986,0.759274510377411,0,100000,2073.34407279518,98148.7880326246,4885723.00291331,48.8572300291331,2023.5,"Total","GMoH report",29.1850899708669
0,1,0.0217799,0.00936525,0.00987237,0.0112396,0.0133805,0.0158078,0.0179379,0.0194286,0.0186934,0.0170381,0.015501,0.0169972,0.0200569,0.0270597,0.0339636,0.0550806,0.0567148,0.176675,0.105829298545,0.0213638403110219,0.0367722376035664,0.0481728983097836,0.0546620510281597,0.0647369675154005,0.0760341677092157,0.0858400255157525,0.0926431817000558,0.0892939797952392,0.0817100404015844,0.0746135388362483,0.081521890314851,0.0954961101698365,0.126725607684359,0.156527413819961,0.242069646563708,0.248359807915137,1,0.978636159688978,0.963227762396434,0.951827101690216,0.94533794897184,0.9352630324846,0.923965832290784,0.914159974484248,0.907356818299944,0.910706020204761,0.918289959598416,0.925386461163752,0.918478109685149,0.904503889830163,0.873274392315641,0.843472586180039,0.757930353436292,0.751640192084863,0,100000,2136.38403110219,98089.7079923321,4728288.49392927,47.2828849392927,2023.5,"Total","GMoH report",30.7594350607073
0,1,0.0219014,0.00898221,0.00924411,0.0106061,0.012912,0.0151364,0.016845,0.0185186,0.0174072,0.0159148,0.0147691,0.0164581,0.0198531,0.026253,0.0327401,0.0548843,0.0534989,0.174535,0.10558685137,0.0214806183130616,0.0352947895762408,0.0451765084658152,0.0516607035307074,0.0625411710001162,0.072922538230808,0.0808214084371889,0.0884959473724704,0.0834063236091759,0.0765291352940554,0.0712160091000029,0.07903844348327,0.0945716489886582,0.123180364712976,0.151315304498012,0.241311032277878,0.235938389266214,1,0.978519381686938,0.964705210423759,0.954823491534185,0.948339296469293,0.937458828999884,0.927077461769192,0.919178591562811,0.91150405262753,0.916593676390824,0.923470864705945,0.928783990899997,0.92096155651673,0.905428351011342,0.876819635287024,0.848684695501988,0.758688967722122,0.764061610733786,0,100000,2148.06183130617,98078.7452540095,4834742.40857687,48.3474240857687,2023.5,"Total","GMoH report",29.6948959142313
0,1,0.0218946,0.00909218,0.00980015,0.0108088,0.013097,0.0154062,0.0168646,0.0188866,0.0177788,0.0163472,0.0157151,0.0164208,0.0199796,0.0262604,0.0326545,0.0547543,0.0542333,0.175843,0.10560042043,0.0214740833118417,0.0357191894010236,0.0478289234398767,0.0526220470447566,0.0634088361813327,0.0741741456916146,0.0809116437327612,0.0901752407453473,0.0851110683452583,0.0785267680435944,0.0756051440036698,0.0788663774720187,0.095145573737391,0.123212946827808,0.150949545191371,0.240808278228485,0.238790506992772,1,0.978525916688158,0.964280810598976,0.952171076560123,0.947377952955243,0.936591163818667,0.925825854308385,0.919088356267239,0.909824759254653,0.914888931654742,0.921473231956406,0.92439485599633,0.921133622527981,0.904854426262609,0.876787053172192,0.849050454808629,0.759191721771515,0.761209493007228,0,100000,2147.40833118417,98079.3588914238,4792948.18837471,47.9294818837471,2023.5,"Total","GMoH report",30.1128381162529
0,1,0.0211754,0.00865194,0.00923773,0.0103323,0.0128215,0.0147328,0.0163276,0.0178118,0.0169899,0.0155835,0.0143335,0.0160815,0.0191482,0.0263006,0.0332762,0.0524858,0.0532326,0.171456,0.10703554807,0.0207824275820603,0.034019097617125,0.0451460328450165,0.0503606467246181,0.0621164353116298,0.0710471899015463,0.0784363083302668,0.0852623118830057,0.0814883046327981,0.0749957589750315,0.0691882263925075,0.0772997597826387,0.0913672061576311,0.123389927201604,0.153602713465452,0.231988716551989,0.234901902466857,1,0.97921757241794,0.965980902382875,0.954853967154983,0.949639353275382,0.93788356468837,0.928952810098454,0.921563691669733,0.914737688116994,0.918511695367202,0.925004241024968,0.930811773607493,0.922700240217361,0.908632793842369,0.876610072798396,0.846397286534548,0.768011283448011,0.765098097533143,0,100000,2078.24275820603,98144.2030944411,4888742.54149242,48.8874254149242,2023.5,"Total","GMoH report",29.1548945850758
0,1,0.020586,0.00859831,0.0089271,0.0102066,0.012078,0.0139642,0.0156443,0.0175939,0.0162855,0.0148508,0.0140389,0.0156187,0.0182523,0.0251747,0.0310739,0.0534901,0.0537149,0.174186,0.1082116663,0.0202148879186315,0.0338117914705615,0.0436610828678266,0.049763216876569,0.0586199700056785,0.0674657373753576,0.0752773465196082,0.0842632040362659,0.0782419757594247,0.0715958604876741,0.067814401014011,0.075158793384417,0.087278898406536,0.118420498679719,0.14416971196818,0.235904157554928,0.236778205873336,1,0.979785112081369,0.966188208529438,0.956338917132173,0.950236783123431,0.941380029994321,0.932534262624642,0.924722653480392,0.915736795963734,0.921758024240575,0.928404139512326,0.932185598985989,0.924841206615583,0.912721101593464,0.881579501320281,0.85583028803182,0.764095842445072,0.763221794126664,0,100000,2021.48879186314,98197.2598787111,4961636.33599674,49.6163633599674,2023.5,"Total","GMoH report",28.4259566400326
0,1,0.0214707,0.00827909,0.00910144,0.010211,0.0125853,0.014671,0.0160667,0.0181578,0.0178826,0.0153783,0.0146388,0.0161813,0.0189386,0.0257104,0.0326896,0.0535108,0.0553193,0.177129,0.106446291685,0.0210665338377382,0.0325769450795231,0.0444947834942845,0.0497841354814961,0.0610070208512034,0.0707597107104186,0.0772313669899562,0.0868466401918128,0.0855867174177628,0.0740447924217515,0.0706098898607656,0.0777608220263621,0.0904122943075668,0.120788216590433,0.151099541102906,0.235984677762911,0.242991237138421,1,0.978933466162262,0.967423054920477,0.955505216505716,0.950215864518504,0.938992979148797,0.929240289289581,0.922768633010044,0.913153359808187,0.914413282582237,0.925955207578249,0.929390110139234,0.922239177973638,0.909587705692433,0.879211783409567,0.848900458897094,0.764015322237089,0.757008762861579,0,100000,2106.65338377381,98117.5920567946,4891954.28665479,48.9195428665479,2023.5,"Total","GMoH report",29.1227771334521
0,1,0.0221593,0.00880241,0.00967657,0.0107914,0.0132207,0.0149706,0.0166883,0.0184449,0.0181163,0.0164486,0.0150044,0.0171056,0.0199026,0.0263147,0.03232,0.0545997,0.0555014,0.173385,0.105072224815,0.021728404594104,0.0346005043490262,0.0472400459708985,0.0525395614416465,0.0639885659164703,0.0721525814117916,0.0800996812245508,0.0881592773624437,0.0866567507652775,0.0789946226256974,0.0723095947898384,0.0820204763493945,0.0947962694205751,0.123451994500776,0.149518874907476,0.240210013337008,0.243693652752769,1,0.978271595405896,0.965399495650974,0.952759954029102,0.947460438558353,0.93601143408353,0.927847418588208,0.919900318775449,0.911840722637556,0.913343249234722,0.921005377374303,0.927690405210162,0.917979523650606,0.905203730579425,0.876548005499224,0.850481125092524,0.759789986662992,0.756306347247231,0,100000,2172.84045941039,98055.4647218279,4809405.40990937,48.0940540990937,2023.5,"Total","GMoH report",29.9482659009063
0,1,0.0223346,0.00945826,0.010249,0.011402,0.0141252,0.0159369,0.0180434,0.0193169,0.0187965,0.0169711,0.015715,0.0174438,0.0206683,0.0273305,0.0347469,0.0550823,0.0560291,0.175356,0.10472242243,0.0218967596938911,0.0371306571808258,0.0499647774887934,0.0554299687410367,0.0682170512685536,0.0766313351856976,0.0863230946834707,0.092135089236804,0.0897643604948943,0.0814018045854976,0.0756046810916133,0.0835743637826217,0.0982641192597588,0.127912704569414,0.159848868387561,0.242076213467322,0.24572598546891,1,0.978103240306109,0.962869342819174,0.950035222511207,0.944570031258963,0.931782948731446,0.923368664814302,0.913676905316529,0.907864910763196,0.910235639505106,0.918598195414502,0.924395318908387,0.916425636217378,0.901735880740241,0.872087295430586,0.840151131612439,0.757923786532678,0.75427401453109,0,100000,2189.67596938911,98039.6322024621,4692927.2776536,46.929272776536,2023.5,"Total","GMoH report",31.1130472234641
0,1,0.0211062,0.00845366,0.00911853,0.0102195,0.0126421,0.014637,0.0164097,0.0180141,0.0173535,0.0156334,0.0146016,0.0160657,0.0193083,0.0266306,0.0322273,0.0557234,0.0546848,0.175698,0.10717363321,0.0207158273884138,0.0332524305164801,0.0445764702957844,0.0498245451520466,0.0612739223651683,0.0706015140954618,0.0788151668897242,0.0861889586978047,0.083159719518346,0.0752268706027956,0.0704367759314002,0.0772267456798289,0.0920959589876947,0.124841490507244,0.149122001317362,0.24454921559876,0.240539380247591,1,0.979284172611586,0.96674756948352,0.955423529704216,0.950175454847953,0.938726077634832,0.929398485904538,0.921184833110276,0.913811041302195,0.916840280481654,0.924773129397204,0.9295632240686,0.922773254320171,0.907904041012305,0.875158509492756,0.850877998682638,0.75545078440124,0.759460619752409,0,100000,2071.58273884139,98150.4363097754,4885536.22394457,48.8553622394457,2023.5,"Total","GMoH report",29.1869577605543
0,1,0.0218039,0.0095096,0.0103743,0.0113776,0.0144259,0.0160227,0.0173998,0.0196219,0.0190521,0.0172512,0.0163281,0.0174552,0.0203379,0.0285095,0.0341573,0.056164,0.0561761,0.175376,0.105781407745,0.0213869097376297,0.0373284428791921,0.0505601837152083,0.0553146306459078,0.069618718328174,0.0770280083274302,0.0833723446920674,0.093521810944567,0.0909295049469982,0.0826897561948294,0.0784386160818835,0.0836266981462921,0.096769289659581,0.1330635610179,0.157349882174042,0.246244771617225,0.246291289701499,1,0.97861309026237,0.962671557120808,0.949439816284792,0.944685369354092,0.930381281671826,0.92297199167257,0.916627655307933,0.906478189055433,0.909070495053002,0.917310243805171,0.921561383918116,0.916373301853708,0.903230710340419,0.8669364389821,0.842650117825958,0.753755228382775,0.753708710298501,0,100000,2138.69097376298,98087.5427681732,4680863.6625153,46.808636625153,2023.5,"Total","GMoH report",31.233683374847
0,1,0.0211812,0.00844147,0.00932954,0.0102363,0.0127144,0.0145377,0.0164283,0.0179917,0.017413,0.0154975,0.0147229,0.0164087,0.0188616,0.0259708,0.0328158,0.0541955,0.0546984,0.173845,0.10702397446,0.0207880092772948,0.0332052772957328,0.0455844940973476,0.0499044087517365,0.0616135516473377,0.0701393383520968,0.0789009776713062,0.0860863983662834,0.0834329548911989,0.0745973200801449,0.0710011431729475,0.0788105531896908,0.0900612517356568,0.121936996620426,0.151638641657721,0.238643931963218,0.240592005601955,1,0.979211990722705,0.966794722704267,0.954415505902652,0.950095591248263,0.938386448352662,0.929860661647903,0.921099022328694,0.913913601633717,0.916567045108801,0.925402679919855,0.928998856827053,0.921189446810309,0.909938748264343,0.878063003379574,0.848361358342279,0.761356068036781,0.759407994398045,0,100000,2078.80092772949,98143.6806096673,4884586.46818302,48.8458646818302,2023.5,"Total","GMoH report",29.1964553181698
0,1,0.0215288,0.00933306,0.010046,0.0110212,0.0134936,0.015262,0.0173086,0.0187917,0.0179512,0.0162296,0.014964,0.016645,0.0208748,0.0267485,0.0322315,0.0549916,0.0554589,0.174827,0.10633035604,0.0211224124926692,0.0366481610284634,0.0489993805573033,0.05362837731971,0.0652663064192529,0.0735054014092308,0.0829534785528024,0.0897424662427646,0.0859009377171306,0.0779838819728342,0.0721219190098418,0.07990015480805,0.0991971959357034,0.125359550180024,0.149139986326772,0.241725781311128,0.243529767449928,1,0.978877587507331,0.963351838971537,0.951000619442697,0.94637162268029,0.934733693580747,0.926494598590769,0.917046521447198,0.910257533757235,0.914099062282869,0.922016118027166,0.927878080990158,0.92009984519195,0.900802804064297,0.874640449819976,0.850860013673228,0.758274218688872,0.756470232550072,0,100000,2112.24124926692,98112.35411481,4771004.37265395,47.7100437265395,2023.5,"Total","GMoH report",30.3322762734605
0,1,0.0219878,0.00904884,0.0100022,0.0109735,0.0134649,0.0155729,0.0173196,0.0192962,0.0183613,0.0166401,0.0155932,0.0168634,0.0201255,0.0254393,0.0347647,0.0539326,0.0548715,0.174558,0.10541444449,0.0215636438103052,0.0355519521466742,0.0487909577070562,0.0534024699889409,0.0651320099964955,0.0749466579750508,0.0830040093971144,0.092040900919207,0.0877772394339534,0.0798775729940541,0.0750406888274399,0.0809061193666798,0.0958070862159045,0.119590738326243,0.159924207278098,0.237623823448679,0.241261543095138,1,0.978436356189695,0.964448047853326,0.951209042292944,0.946597530011059,0.934867990003505,0.925053342024949,0.916995990602886,0.907959099080793,0.912222760566047,0.920122427005946,0.92495931117256,0.91909388063332,0.904192913784095,0.880409261673757,0.840075792721902,0.762376176551321,0.758738456904862,0,100000,2156.36438103052,98070.9475723138,4758313.26711322,47.5831326711322,2023.5,"Total","GMoH report",30.4591873288678
0,1,0.0214037,0.00868999,0.0095444,0.0108661,0.0128047,0.0149081,0.0167916,0.0186773,0.0181462,0.0164532,0.0151381,0.0165688,0.0199559,0.0248436,0.0335367,0.0541236,0.0542668,0.176673,0.106579986835,0.0210020877052183,0.0341661529451366,0.0466098425469864,0.0528936312827951,0.0620375688551996,0.0718621786366668,0.0805755202360124,0.0892205046703034,0.0867935664607259,0.0790158413958639,0.0729304296570226,0.0795489244513751,0.09503807423589,0.116954097931568,0.154712161623226,0.238365061846599,0.238920387754509,1,0.978997912294782,0.965833847054863,0.953390157453014,0.947106368717205,0.9379624311448,0.928137821363333,0.919424479763988,0.910779495329697,0.913206433539274,0.920984158604136,0.927069570342977,0.920451075548625,0.90496192576411,0.883045902068432,0.845287838376774,0.761634938153401,0.761079612245491,0,100000,2100.20877052183,98123.6314525911,4823064.62607897,48.2306462607897,2023.5,"Total","GMoH report",29.8116737392103
0,1,0.0208255,0.00839119,0.00902128,0.0101558,0.0122267,0.0140026,0.0156436,0.0171234,0.0167196,0.0152269,0.0138266,0.0157092,0.0196313,0.0250074,0.032582,0.0526775,0.0537616,0.172415,0.107733756025,0.0204455824228587,0.0330107608670402,0.0441115435363167,0.0495216695704413,0.0593202720735945,0.067644985804437,0.0752741050265179,0.0821023227179295,0.0802438858167459,0.0733425507836799,0.0668231573320806,0.0755778318112758,0.0935645172321512,0.117679833339372,0.150639647511917,0.232737434487024,0.236959672215542,1,0.979554417577141,0.96698923913296,0.955888456463683,0.950478330429559,0.940679727926406,0.932355014195563,0.924725894973482,0.917897677282071,0.919756114183254,0.92665744921632,0.933176842667919,0.924422168188724,0.906435482767849,0.882320166660628,0.849360352488083,0.767262565512976,0.763040327784458,0,100000,2044.55824228587,98175.7096965675,4952832.61535758,49.5283261535758,2023.5,"Total","GMoH report",28.5139938464242
0,1,0.0206845,0.00854955,0.00913069,0.0104167,0.0125035,0.014482,0.0162793,0.0178563,0.0170428,0.0153988,0.0145414,0.0159545,0.0194693,0.0252465,0.0313915,0.0522914,0.0534425,0.173842,0.108015114475,0.0203097792643152,0.0336232723045375,0.044634588522313,0.0507615796335773,0.0606225159301679,0.069879994788676,0.07821335339038,0.0854662236754597,0.08173165919661,0.0741398386321771,0.0701565633734049,0.07671271737654,0.0928282475022606,0.118738190672939,0.14553601542914,0.231228805146417,0.235718972085766,1,0.979690220735685,0.966376727695463,0.955365411477687,0.949238420366423,0.939377484069832,0.930120005211324,0.92178664660962,0.91453377632454,0.91826834080339,0.925860161367823,0.929843436626595,0.92328728262346,0.907171752497739,0.881261809327061,0.85446398457086,0.768771194853583,0.764281027914234,0,100000,2030.97792643151,98188.3983867882,4907555.92707842,49.0755592707842,2023.5,"Total","GMoH report",28.9667607292158
0,1,0.0209274,0.00857577,0.00896961,0.0104978,0.0124575,0.0146507,0.0163474,0.0177501,0.0170046,0.0155769,0.0144191,0.0158533,0.01913,0.0250108,0.0319647,0.0550411,0.0538775,0.173042,0.10753041967,0.0205437038484005,0.0337246503112014,0.043864432860916,0.051146680932273,0.0604062236715298,0.0706652611463094,0.0785276910579963,0.0849795128714511,0.0815559348745793,0.0749651869485527,0.0695870436473608,0.0762446757065532,0.0912843270584306,0.117694891518051,0.147996815480524,0.241917048811635,0.237409873809563,1,0.9794562961516,0.966275349688799,0.956135567139084,0.948853319067727,0.93959377632847,0.929334738853691,0.921472308942004,0.915020487128549,0.918444065125421,0.925034813051447,0.930412956352639,0.923755324293447,0.908715672941569,0.882305108481949,0.852003184519476,0.758082951188365,0.762590126190437,0,100000,2054.37038484005,98166.5369247994,4903885.77972808,49.0388577972808,2023.5,"Total","GMoH report",29.0034622027192
0,1,0.0231155,0.00949674,0.0105127,0.0117869,0.0146846,0.0166691,0.0181843,0.0204849,0.0196914,0.0178024,0.0160428,0.0175638,0.0216215,0.0288078,0.0346412,0.0576331,0.0567513,0.178825,0.103681384255,0.0226462947489565,0.0372789038846451,0.0512174166597038,0.0572475714987534,0.0708229820928966,0.0800112127345176,0.0869678751689148,0.0974346522312692,0.0938375196632573,0.0852192328239378,0.0771209115985182,0.0841251085462868,0.102563555226667,0.134362294715721,0.15940136369953,0.25187470049697,0.248499785331755,1,0.977353705251043,0.962721096115355,0.948782583340296,0.942752428501247,0.929177017907103,0.919988787265482,0.913032124831085,0.902565347768731,0.906162480336743,0.914780767176062,0.922879088401482,0.915874891453713,0.897436444773333,0.865637705284279,0.84059863630047,0.74812529950303,0.751500214668245,0,100000,2264.62947489566,97970.1704438862,4616725.5101711,46.167255101711,2023.5,"Total","GMoH report",31.875064898289
0,1,0.0210117,0.00905003,0.00969723,0.0105865,0.0128565,0.0153012,0.0170496,0.0183241,0.0183248,0.0159899,0.0146164,0.0165831,0.0198636,0.0258335,0.0324556,0.0549465,0.0545373,0.173254,0.107362203235,0.0206248634114505,0.0355565444127368,0.0473385187398021,0.0515676964537314,0.0622807198142696,0.0736872419342877,0.0817629365907556,0.0876071926049683,0.087610392690082,0.0768763857007105,0.0705056529360633,0.0796148475538254,0.0946193001727228,0.121331459361464,0.150099108440265,0.241551479129964,0.239968425033545,1,0.979375136588549,0.964443455587263,0.952661481260198,0.948432303546269,0.93771928018573,0.926312758065712,0.918237063409244,0.912392807395032,0.912389607309918,0.923123614299289,0.929494347063937,0.920385152446175,0.905380699827277,0.878668540638536,0.849900891559735,0.758448520870036,0.760031574966455,0,100000,2062.48634114505,98158.9467365824,4820004.2538474,48.200042538474,2023.5,"Total","GMoH report",29.842277461526
0,1,0.0220423,0.00926886,0.0101065,0.0115259,0.0139106,0.0159481,0.0178431,0.019463,0.0186115,0.0165812,0.0158479,0.0182032,0.0204247,0.0260666,0.0351646,0.0557358,0.0560004,0.175334,0.105305692465,0.0216160081030381,0.0364006548525272,0.0492871973499567,0.0560154294055368,0.0672154808308847,0.0766831246494454,0.0854057420117743,0.0927996033023175,0.0889201562785542,0.0796060888009349,0.0762196947489695,0.0870543314828772,0.0971622266722198,0.122359274348189,0.161615168145571,0.244596979214712,0.245615574021426,1,0.978383991896962,0.963599345147473,0.950712802650043,0.943984570594463,0.932784519169115,0.923316875350555,0.914594257988226,0.907200396697682,0.911079843721446,0.920393911199065,0.92378030525103,0.912945668517123,0.90283777332778,0.877640725651811,0.838384831854429,0.755403020785288,0.754384425978574,0,100000,2161.6008103038,98066.0280598581,4705139.59271502,47.0513959271502,2023.5,"Total","GMoH report",30.9909240728498
0,1,0.021711,0.0093553,0.00979052,0.0108683,0.0131957,0.0154535,0.0175828,0.0194688,0.0179437,0.0167716,0.0152268,0.0164786,0.0206606,0.0267194,0.0339196,0.0568313,0.0546115,0.177834,0.10596678505,0.0212976059059514,0.0367338869351119,0.0477830477874403,0.0529040570908001,0.0638714294461438,0.0743934038346048,0.0842122807740165,0.0928259741844924,0.085866589208068,0.0804834110577592,0.0733420867824524,0.0791329974697379,0.098229308853741,0.125231709643386,0.156340483352215,0.248806506909662,0.24025569084812,1,0.978702394094049,0.963266113064888,0.95221695221256,0.9470959429092,0.936128570553856,0.925606596165395,0.915787719225983,0.907174025815508,0.914133410791932,0.919516588942241,0.926657913217548,0.920867002530262,0.901770691146259,0.874768290356614,0.843659516647784,0.751193493090338,0.75974430915188,0,100000,2129.76059059513,98095.9232921164,4758841.9581915,47.588419581915,2023.5,"Total","GMoH report",30.453900418085
0,1,0.0223637,0.00945505,0.0102072,0.011672,0.0138846,0.0157684,0.0179982,0.0195516,0.0184978,0.0178184,0.0161745,0.017443,0.0207645,0.0275328,0.0336864,0.0559852,0.0563734,0.177501,0.104664354835,0.0219247013159966,0.037118289434956,0.0497660694400293,0.0567053382304359,0.0670940643841303,0.0758518444403182,0.0861161603088243,0.0932023617595547,0.0884009426094952,0.0852925577236426,0.0777294139837977,0.0835706910883642,0.0986989159018881,0.128798538965899,0.155349118625809,0.24555709264248,0.247049455555473,1,0.978075298684003,0.962881710565044,0.950233930559971,0.943294661769564,0.93290593561587,0.924148155559682,0.913883839691176,0.906797638240445,0.911599057390505,0.914707442276357,0.922270586016202,0.916429308911636,0.901301084098112,0.871201461034101,0.844650881374191,0.75444290735752,0.752950544444527,0,100000,2192.47013159966,98037.0033402192,4685528.22399813,46.8552822399813,2023.5,"Total","GMoH report",31.1870377600187
0,1,0.0211125,0.00835948,0.00914811,0.010116,0.0124348,0.0143648,0.0164912,0.0177125,0.0170163,0.0153529,0.0145125,0.0164118,0.0191421,0.0251664,0.0313654,0.055379,0.0535698,0.171691,0.107161061875,0.0207218910669489,0.032888065744343,0.0447178406861026,0.0493323840084269,0.0602994703647704,0.0693340747090486,0.0791911089598051,0.0848071340934255,0.0816097596185089,0.0739270148348549,0.070022013811405,0.0788248555876659,0.0913394287999225,0.118383766920434,0.145423810069143,0.243221580266108,0.23621413947754,1,0.979278108933051,0.967111934255657,0.955282159313897,0.950667615991573,0.93970052963523,0.930665925290951,0.920808891040195,0.915192865906575,0.918390240381491,0.926072985165145,0.929977986188595,0.921175144412334,0.908660571200077,0.881616233079566,0.854576189930857,0.756778419733892,0.76378586052246,0,100000,2072.18910669489,98149.8688783843,4912965.59404516,49.1296559404516,2023.5,"Total","GMoH report",28.9126640595484
0,1,0.020724,0.00836826,0.00884908,0.00992909,0.0124838,0.0137752,0.015345,0.0173976,0.0165123,0.0158585,0.0138644,0.0161733,0.0184642,0.0239509,0.0308818,0.0539264,0.0530859,0.170395,0.1079362942,0.0203478271108173,0.0329220396253692,0.0432877579179095,0.0484429636354912,0.0605298923254683,0.0665830141584126,0.073890380286268,0.0833622426195072,0.0792884147719047,0.0762687308303185,0.0669997226144602,0.077723871281507,0.0882474534261234,0.112989027738825,0.143342327292543,0.237599751854045,0.234330399599723,1,0.979652172889183,0.967077960374631,0.95671224208209,0.951557036364509,0.939470107674532,0.933416985841587,0.926109619713732,0.916637757380493,0.920711585228095,0.923731269169682,0.93300027738554,0.922276128718493,0.911752546573877,0.887010972261175,0.856657672707457,0.762400248145955,0.765669600400277,0,100000,2034.78271108173,98184.8441942547,4967788.95730453,49.6778895730453,2023.5,"Total","GMoH report",28.3644304269547
0,1,0.0215059,0.00912717,0.00945233,0.0105351,0.0132689,0.0149271,0.0169858,0.0188209,0.0178372,0.0163691,0.0151742,0.0167259,0.0199673,0.0260021,0.0331312,0.0552249,0.0554918,0.175222,0.106376051845,0.0211003887770834,0.0358541855073262,0.0461706006166823,0.0513237479572392,0.0642143650296454,0.0719504703356325,0.0814694409258061,0.089875648517063,0.0853787073051418,0.0786278328531104,0.0730979911564832,0.0802729084033414,0.095089784371307,0.122074985076365,0.152984592197468,0.242626886183071,0.243656636628804,1,0.978899611222917,0.964145814492674,0.953829399383318,0.948676252042761,0.935785634970355,0.928049529664367,0.918530559074194,0.910124351482937,0.914621292694858,0.92137216714689,0.926902008843517,0.919727091596659,0.904910215628693,0.877925014923635,0.847015407802532,0.757373113816929,0.756343363371196,0,100000,2110.03887770834,98114.4187273417,4809227.15547109,48.0922715547109,2023.5,"Total","GMoH report",29.9500484452891
0,1,0.0221745,0.00913865,0.0102191,0.0109266,0.013653,0.0156773,0.0177205,0.0196191,0.0186433,0.0170246,0.0157935,0.0171512,0.0205912,0.0267877,0.0340756,0.0542765,0.0574533,0.176474,0.105041893975,0.0217430046687329,0.0358984728423191,0.0498226435580401,0.053180300326141,0.066011850512386,0.0754301473763422,0.0848438130280894,0.0935090895528826,0.0890653212412572,0.0816479411526323,0.0759679985377357,0.0822301362191934,0.0979155056025899,0.125531733927665,0.1570030658254,0.238957991443537,0.251187607565625,1,0.978256995331267,0.964101527157681,0.95017735644196,0.946819699673859,0.933988149487614,0.924569852623658,0.915156186971911,0.906490910447117,0.910934678758743,0.918352058847368,0.924032001462264,0.917769863780807,0.90208449439741,0.874468266072335,0.8429969341746,0.761042008556463,0.748812392434375,0,100000,2174.30046687329,98054.0921722378,4724403.5753822,47.244035753822,2023.5,"Total","GMoH report",30.798284246178
0,1,0.0217706,0.00845006,0.00985304,0.0108031,0.0129311,0.0152325,0.0163542,0.0181961,0.0173267,0.0164395,0.0144831,0.0169003,0.0198747,0.0253306,0.0329442,0.0540461,0.0547951,0.176173,0.10584785623,0.0213549006214662,0.0332385052722779,0.0480808438068436,0.052595026668494,0.0626307875575368,0.0733685344957343,0.0785590730200392,0.087021854101461,0.0830366233456906,0.0789526449820442,0.0698851171495291,0.0810759790770119,0.0946696716901495,0.119110169830245,0.152186817608366,0.238064372758625,0.240966096600425,1,0.978645099378534,0.966761494727722,0.951919156193156,0.947404973331506,0.937369212442463,0.926631465504266,0.921440926979961,0.912978145898539,0.916963376654309,0.921047355017956,0.930114882850471,0.918924020922988,0.90533032830985,0.880889830169755,0.847813182391634,0.761935627241375,0.759033903399575,0,100000,2135.49006214662,98090.5469829321,4834418.75946065,48.3441875946065,2023.5,"Total","GMoH report",29.6981324053935
0,1,0.0228626,0.00947335,0.0105865,0.0121111,0.014896,0.0167159,0.01844,0.0201132,0.0198626,0.0174138,0.016515,0.0176508,0.0214239,0.0278098,0.0333287,0.0565449,0.0567242,0.180737,0.10366882483,0.0224034972044636,0.0371887950566992,0.0515676964537314,0.0587758980527338,0.0718059465504608,0.0802268403965388,0.0881368893987191,0.095751335592407,0.0946147620674002,0.0834366281133973,0.0793008655150475,0.0845242006001186,0.101673872791742,0.13001011197032,0.153826413990119,0.247707947235858,0.24839585903265,1,0.977596502795536,0.962811204943301,0.948432303546269,0.941224101947266,0.928194053449539,0.919773159603461,0.911863110601281,0.904248664407593,0.9053852379326,0.916563371886603,0.920699134484953,0.915475799399881,0.898326127208258,0.86998988802968,0.846173586009881,0.752292052764142,0.75160414096735,0,100000,2240.34972044635,97991.9047022805,4612391.74731449,46.1239174731449,2023.5,"Total","GMoH report",31.9184025268551
0,1,0.0216337,0.0083904,0.00917635,0.0105031,0.0127226,0.0150439,0.0161067,0.0179629,0.0174981,0.0151581,0.0145287,0.0160147,0.0197891,0.0257962,0.0312232,0.0536001,0.0547837,0.174659,0.106121033335,0.0212232860177934,0.0330077043154237,0.044852787801641,0.0511718425512499,0.0616520636379011,0.0724930543491905,0.0774162011810913,0.0859545189297902,0.0838236150056731,0.0730232651127366,0.0700974383679586,0.0769910294035283,0.0942811521309153,0.121166886881564,0.144812245723328,0.236331958480609,0.240922003141274,1,0.978776713982207,0.966992295684576,0.955147212198359,0.94882815744875,0.938347936362099,0.927506945650809,0.922583798818909,0.91404548107021,0.916176384994327,0.926976734887263,0.929902561632041,0.923008970596472,0.905718847869085,0.878833113118436,0.855187754276672,0.763668041519391,0.759077996858726,0,100000,2122.32860177934,98102.8951025179,4884079.38236475,48.8407938236475,2023.5,"Total","GMoH report",29.2015261763525
0,1,0.0225243,0.00905267,0.0100792,0.0109708,0.0140536,0.0155502,0.01769,0.0195004,0.0183561,0.0169944,0.0157101,0.0173788,0.0201027,0.0277251,0.0340039,0.0549243,0.0572258,0.177902,0.104343885565,0.0220788800767954,0.0355667322204596,0.0491573335102097,0.0533896812133611,0.0678829987228707,0.0748414992941888,0.0847039670569082,0.0929696372160789,0.087753471265269,0.0815090082744516,0.0755819981280224,0.0832759114741812,0.0957037410138045,0.129639808372247,0.156698591879013,0.241465668024328,0.250317458026209,1,0.977921119923205,0.96443326777954,0.95084266648979,0.946610318786639,0.932117001277129,0.925158500705811,0.915296032943092,0.907030362783921,0.912246528734731,0.918490991725548,0.924418001871978,0.916724088525819,0.904296258986195,0.870360191627753,0.843301408120987,0.758534331975672,0.749682541973791,0,100000,2207.88800767953,98022.4916059341,4723446.5747547,47.234465747547,2023.5,"Total","GMoH report",30.807854252453
0,1,0.0225067,0.00950979,0.0100335,0.0111263,0.0137711,0.0159423,0.0173411,0.02014,0.019468,0.0175392,0.0163519,0.0175654,0.0209428,0.0264065,0.0342272,0.0553696,0.0578971,0.177939,0.104379005485,0.0220619861098426,0.037329174774051,0.048939903690796,0.0541259462116629,0.0665638561997201,0.0766563054539055,0.083102766537971,0.0958728043033275,0.0928223368647906,0.084012231665913,0.0785484586476007,0.0841324496713569,0.0995042556850955,0.123855991876296,0.157646503950006,0.243185315840144,0.252882579950823,1,0.977938013890157,0.962670825225949,0.951060096309204,0.945874053788337,0.93343614380028,0.923343694546095,0.916897233462029,0.904127195696673,0.907177663135209,0.915987768334087,0.921451541352399,0.915867550328643,0.900495744314905,0.876144008123704,0.842353496049994,0.756814684159856,0.747117420049177,0,100000,2206.19861098427,98024.0822059327,4691154.90173637,46.9115490173637,2023.5,"Total","GMoH report",31.1307709826363
0,1,0.0216358,0.00871481,0.00931735,0.0102497,0.0128018,0.0145171,0.0165389,0.0180131,0.0174471,0.0161038,0.0146454,0.0163796,0.019511,0.0253607,0.0310602,0.0532902,0.0559458,0.172697,0.10611684289,0.0212253052036048,0.0342620652227522,0.0455262890761899,0.049968104790814,0.0620239543529122,0.0700434312601338,0.0794110706106921,0.0861843803459748,0.0835895134976384,0.0774028018970267,0.070640600378058,0.0786762848131849,0.0930178231321706,0.119243268125147,0.144110729777419,0.235126195095327,0.245405484599266,1,0.978774694796395,0.965737934777248,0.95447371092381,0.950031895209186,0.937976045647088,0.929956568739866,0.920588929389308,0.913815619654025,0.916410486502362,0.922597198102973,0.929359399621942,0.921323715186815,0.906982176867829,0.880756731874853,0.855889270222581,0.764873804904673,0.754594515400734,0,100000,2122.53052036048,98102.7057173978,4874174.76475846,48.7417476475846,2023.5,"Total","GMoH report",29.3005723524154
0,1,0.0222295,0.00888586,0.00932902,0.010695,0.0129503,0.014795,0.0169763,0.0186153,0.0174455,0.0161922,0.01485,0.0167801,0.01905,0.0263012,0.0325006,0.0557649,0.0537503,0.175338,0.104932144225,0.0217958303064031,0.0349228017457589,0.0455820112632131,0.0520824456104895,0.0627208649563882,0.0713364433033185,0.0814257309108455,0.0889375041953794,0.0835821682111797,0.0778111651299568,0.0715921417379776,0.0805225585386634,0.090919937954898,0.12339256844691,0.15029158341052,0.244709059429544,0.236915766226491,1,0.978204169693597,0.965077198254241,0.954417988736787,0.94791755438951,0.937279135043612,0.928663556696681,0.918574269089155,0.911062495804621,0.91641783178882,0.922188834870043,0.928407858262022,0.919477441461337,0.909080062045102,0.87660743155309,0.84970841658948,0.755290940570456,0.763084233773509,0,100000,2179.58303064031,98049.1252902812,4830254.58816485,48.3025458816485,2023.5,"Total","GMoH report",29.7397741183515
0,1,0.0221805,0.00876286,0.00963688,0.0110503,0.0138605,0.0159251,0.0173979,0.0192393,0.0188618,0.0168172,0.0153901,0.0173615,0.0198935,0.0268787,0.034266,0.0555596,0.0557409,0.176078,0.105029921275,0.0217487677381589,0.0344477189235079,0.0470508417113225,0.0537661692498461,0.0669815070537053,0.0765767682690946,0.0833636201811269,0.0917819488774072,0.0900621637017269,0.080693407085888,0.074099503093598,0.0831964615806681,0.0947549795364777,0.125931324284861,0.157811111162283,0.243918029605786,0.244616623173386,1,0.978251232261841,0.965552281076492,0.952949158288678,0.946233830750154,0.933018492946295,0.923423231730905,0.916636379818873,0.908218051122593,0.909937836298273,0.919306592914112,0.925900496906402,0.916803538419332,0.905245020463522,0.874068675715139,0.842188888837717,0.756081970394214,0.755383376826613,0,100000,2174.87677381589,98053.5503625208,4744433.1347533,47.444331347533,2023.5,"Total","GMoH report",30.597988652467
0,1,0.021416,0.00884761,0.00943837,0.0105119,0.0131678,0.0149257,0.0168976,0.0186283,0.0177275,0.0157463,0.0146469,0.0168437,0.0199284,0.0260461,0.0321816,0.0548605,0.0562649,0.17436,0.1065554428,0.021013919483113,0.0347750871817989,0.0461039838547618,0.0512136188987457,0.0637406884079544,0.0719439649074521,0.0810635513373068,0.0889968499501825,0.0848759059434679,0.0757495616918299,0.0706475799047334,0.080815423143015,0.0949133233189277,0.122268928174674,0.148926284691435,0.241219011103404,0.246632603121564,1,0.978986080516887,0.965224912818201,0.953896016145238,0.948786381101254,0.936259311592046,0.928056035092548,0.918936448662693,0.911003150049817,0.915124094056532,0.92425043830817,0.929352420095267,0.919184576856985,0.905086676681072,0.877731071825326,0.851073715308565,0.758780988896596,0.753367396878436,0,100000,2101.3919483113,98122.5228012374,4831008.32975432,48.3100832975432,2023.5,"Total","GMoH report",29.7322367024568
0,1,0.0226036,0.00930929,0.0101228,0.011629,0.0139903,0.016102,0.018703,0.0196416,0.019454,0.0169535,0.0160608,0.0172102,0.0197611,0.0270901,0.0339067,0.0571511,0.0556566,0.177462,0.10418564638,0.0221549917837069,0.0365565293340712,0.0493647268574193,0.0565023358412551,0.0675875739117559,0.0773944850060803,0.0893377883607235,0.0936113102228187,0.0927586815240765,0.0813208187483736,0.0772041009390935,0.0825013386537529,0.0941540319005263,0.126858946156795,0.15628567155105,0.25003155411854,0.244291863653462,1,0.977845008216293,0.963443470665929,0.950635273142581,0.943497664158745,0.932412426088244,0.92260551499392,0.910662211639277,0.906388689777181,0.907241318475923,0.918679181251626,0.922795899060906,0.917498661346247,0.905845968099474,0.873141053843205,0.84371432844895,0.74996844588146,0.755708136346538,0,100000,2215.49917837068,98015.3240355822,4677509.04802344,46.7750904802344,2023.5,"Total","GMoH report",31.2672295197656
0,1,0.0210959,0.00828069,0.00906469,0.0101463,0.0123259,0.0144905,0.0157156,0.0178962,0.0170091,0.0154111,0.014496,0.016425,0.0193227,0.0253665,0.0314076,0.0545958,0.0538788,0.171898,0.107194186345,0.0207059135973016,0.032583138265591,0.0443191026827566,0.0494764916811391,0.0597871732044967,0.0699195759613308,0.0756074585606121,0.085649020019804,0.0815766370566014,0.0741968618556413,0.069945186443295,0.0788857537371676,0.0921614784985406,0.119268912808131,0.145605223459207,0.240194916011103,0.237414922221527,1,0.979294086402698,0.967416861734409,0.955680897317243,0.950523508318861,0.940212826795503,0.930080424038669,0.924392541439388,0.914350979980196,0.918423362943399,0.925803138144359,0.930054813556705,0.921114246262832,0.907838521501459,0.880731087191869,0.854394776540793,0.759805083988897,0.762585077778473,0,100000,2070.59135973016,98151.3639963291,4922400.37262038,49.2240037262038,2023.5,"Total","GMoH report",28.8183162737962
0,1,0.0221933,0.00933281,0.0100255,0.0113635,0.0134151,0.0158149,0.0175119,0.0193558,0.0187606,0.0164923,0.0162605,0.0165381,0.0205633,0.0265865,0.0327535,0.054822,0.0572791,0.174312,0.105004379515,0.0217610620631615,0.0366471973403795,0.0489018365930899,0.0552479741153505,0.0648989357186034,0.0760670192434182,0.0838869502881235,0.0923120653154195,0.0896005975729331,0.079196182018251,0.0781265577685127,0.079407381941772,0.0977893220830253,0.124647638872773,0.151372548113418,0.241070132931125,0.250521399294217,1,0.978238937936838,0.963352802659621,0.95109816340691,0.944752025884649,0.935101064281397,0.923932980756582,0.916113049711876,0.907687934684581,0.910399402427067,0.920803817981749,0.921873442231487,0.920592618058228,0.902210677916975,0.875352361127227,0.848627451886582,0.758929867068875,0.749478600705783,0,100000,2176.10620631615,98052.3944756368,4730874.28060906,47.3087428060906,2023.5,"Total","GMoH report",30.7335771939094
0,1,0.0223312,0.00901829,0.00965406,0.0107884,0.0130004,0.0149082,0.0167631,0.0185961,0.0179897,0.0163399,0.0147471,0.01672,0.0200852,0.0269715,0.0331945,0.0538464,0.056154,0.174427,0.10472920696,0.0218934949345096,0.0354340509061079,0.0471327441500275,0.0525253390796819,0.0629558712291804,0.071862643350987,0.0804442619800073,0.0888498483382908,0.0860772406592794,0.0784930774110288,0.0711136979619628,0.080245728546746,0.0956244114289197,0.126338643211549,0.153254484994616,0.237289091639815,0.246206325056889,1,0.97810650506549,0.964565949093892,0.952867255849973,0.947474660920318,0.93704412877082,0.928137356649013,0.919555738019993,0.911150151661709,0.913922759340721,0.921506922588971,0.928886302038037,0.919754271453254,0.90437558857108,0.873661356788451,0.846745515005384,0.762710908360185,0.753793674943111,0,100000,2189.34949345097,98039.9393427564,4808130.39751109,48.0813039751109,2023.5,"Total","GMoH report",29.9610160248891
0,1,0.0211142,0.00868632,0.00928721,0.0106612,0.0129809,0.0147841,0.0165757,0.018111,0.0171595,0.0158381,0.0140977,0.0169172,0.019223,0.0259694,0.0324725,0.0552015,0.0566718,0.172512,0.10715766961,0.0207235272851007,0.0341519701178518,0.045382361203029,0.0519221197425031,0.0628644084992793,0.0712857604715321,0.0795807340658612,0.0866324971120109,0.0822682930629651,0.0761743572799125,0.0680887626277567,0.0811537638648633,0.0917077545840758,0.121930824139011,0.150171398181387,0.242536547001712,0.248194874305793,1,0.979276472714899,0.965848029882148,0.954617638796971,0.948077880257497,0.937135591500721,0.928714239528468,0.920419265934139,0.913367502887989,0.917731706937035,0.923825642720087,0.931911237372243,0.918846236135137,0.908292245415924,0.878069175860989,0.849828601818613,0.757463452998288,0.751805125694208,0,100000,2072.35272851007,98149.715760487,4860686.74903728,48.6068674903728,2023.5,"Total","GMoH report",29.4354525096272
0,1,0.0214456,0.00904734,0.0095908,0.0107474,0.0132254,0.0153209,0.0168669,0.0189286,0.0178325,0.0164749,0.0147346,0.0162441,0.0198252,0.0268729,0.0328023,0.0555311,0.053912,0.17564,0.10649637748,0.0210423915577559,0.035546163545418,0.0468311299960839,0.0523309459779904,0.0640105859901158,0.0737786131157859,0.0809222320121842,0.0903667116544442,0.0853571706365589,0.0791159323166894,0.0710555617978341,0.0780508360358741,0.0944450214041463,0.125905860971732,0.1515809874393,0.243808161506426,0.237543841096953,1,0.978957608442244,0.964453836454582,0.953168870003916,0.94766905402201,0.935989414009884,0.926221386884214,0.919077767987816,0.909633288345556,0.914642829363441,0.920884067683311,0.928944438202166,0.921949163964126,0.905554978595854,0.874094139028268,0.8484190125607,0.756191838493574,0.762456158903047,0,100000,2104.23915577559,98119.8546916661,4803339.5253203,48.033395253203,2023.5,"Total","GMoH report",30.008924746797
0,1,0.0204345,0.00824396,0.0086753,0.0101893,0.0120597,0.0140484,0.0157514,0.0178434,0.0166166,0.0151522,0.013962,0.0159954,0.01858,0.0255444,0.0311619,0.0530609,0.0542341,0.171919,0.108513976975,0.0200689033598421,0.0324409561109196,0.042455709948705,0.0496809643742536,0.0585337512986589,0.0678587334234355,0.075773166368171,0.0854071166374771,0.0797692650748914,0.0729958795834395,0.067455466926916,0.0769018118950354,0.0887763390510774,0.120055157581677,0.144548486311059,0.234232969563253,0.238793608846187,1,0.979931096640158,0.96755904388908,0.957544290051295,0.950319035625746,0.941466248701341,0.932141266576564,0.924226833631829,0.914592883362523,0.920230734925109,0.92700412041656,0.932544533073084,0.923098188104965,0.911223660948923,0.879944842418323,0.855451513688941,0.765767030436747,0.761206391153813,0,100000,2006.89033598421,98210.8853157261,4961326.41179218,49.6132641179218,2023.5,"Total","GMoH report",28.4290558820782
0,1,0.0214012,0.00844914,0.00880993,0.0102713,0.0123459,0.0143878,0.0163929,0.0180817,0.0167995,0.0154191,0.0143434,0.0157953,0.0190962,0.0255195,0.03217,0.0558484,0.0535109,0.171926,0.10658497546,0.0209996828380974,0.0332349465671237,0.0431003718525135,0.0500707702439825,0.0598812792851827,0.0694412335498294,0.0787376537880449,0.0864984044984509,0.0806119009259848,0.0742339483186979,0.069234359712258,0.0759763277747488,0.0911303896336927,0.119945149399734,0.148876599486313,0.245030584729485,0.235985066731582,1,0.979000317161903,0.966765053432876,0.956899628147487,0.949929229756018,0.940118720714817,0.930558766450171,0.921262346211955,0.913501595501549,0.919388099074015,0.925766051681302,0.930765640287742,0.924023672225251,0.908869610366307,0.880054850600266,0.851123400513687,0.754969415270515,0.764014933268418,0,100000,2099.96828380974,98123.8567841869,4914934.95823976,49.1493495823976,2023.5,"Total","GMoH report",28.8929704176024
0,1,0.0210036,0.00858556,0.00918,0.0103584,0.0126062,0.0143848,0.0160911,0.017981,0.0169171,0.0157119,0.0150285,0.0163959,0.0194706,0.0258783,0.0319851,0.0539978,0.0526837,0.175075,0.10737836638,0.0206170657315709,0.0337625000599702,0.0448702282614009,0.0504846495161303,0.0611052378757275,0.0694272569843295,0.077344120073705,0.0860374036140399,0.0811533036183932,0.0755903307073962,0.0724215324971659,0.0787514958720775,0.0928341581030947,0.121529084717395,0.148084274202976,0.23787692363267,0.232761639087071,1,0.979382934268429,0.96623749994003,0.955129771738599,0.94951535048387,0.938894762124272,0.930572743015671,0.922655879926295,0.91396259638596,0.918846696381607,0.924409669292604,0.927578467502834,0.921248504127922,0.907165841896905,0.878470915282605,0.851915725797024,0.76212307636733,0.767238360912929,0,100000,2061.70657315709,98159.6761106234,4893622.90374902,48.9362290374902,2023.5,"Total","GMoH report",29.1060909625098
0,1,0.0216594,0.00836597,0.00927179,0.0105628,0.0127965,0.0149776,0.0163963,0.0182039,0.0175264,0.0160341,0.0145816,0.0165301,0.0181681,0.0258575,0.0319643,0.0541233,0.0553919,0.172221,0.10606975027,0.0212479964447388,0.0329131786692961,0.0453087177105463,0.0514552219538643,0.0619990721820558,0.0721851010753352,0.0787533414682119,0.0870575334185071,0.0839534937191996,0.0770807008367824,0.0703436910851808,0.0793704944732685,0.0868937635367212,0.12143733525886,0.147995100521038,0.238363898086709,0.24327134496683,1,0.978752003555261,0.967086821330704,0.954691282289454,0.948544778046136,0.938000927817944,0.927814898924665,0.921246658531788,0.912942466581493,0.9160465062808,0.922919299163218,0.929656308914819,0.920629505526732,0.913106236463279,0.87856266474114,0.852004899478962,0.761636101913291,0.75672865503317,0,100000,2124.79964447388,98100.5773231893,4869835.82412836,48.6983582412836,2023.5,"Total","GMoH report",29.3439617587164
0,1,0.0209165,0.00811114,0.00905606,0.0101914,0.0120657,0.0144225,0.0157209,0.0173913,0.0171602,0.0148947,0.0144082,0.0154404,0.0188229,0.0252083,0.0322766,0.0534087,0.0525158,0.173886,0.107552170075,0.0205332089491542,0.0319266371526513,0.0442778429929629,0.04969094915203,0.0585620205709915,0.0696028811176999,0.0756319925219059,0.0833333133680553,0.0822715110406026,0.0717999048915303,0.0695362688286573,0.0743326840625033,0.0898847699111009,0.11856918126951,0.149333089045301,0.235587451233291,0.232105928676966,1,0.979466791050846,0.968073362847349,0.955722157007037,0.95030905084797,0.941437979429009,0.9303971188823,0.924368007478094,0.916666686631945,0.917728488959397,0.92820009510847,0.930463731171343,0.925667315937497,0.910115230088899,0.88143081873049,0.850666910954699,0.764412548766709,0.767894071323034,0,100000,2053.32089491542,98167.5182231931,4947279.24831142,49.4727924831142,2023.5,"Total","GMoH report",28.5695275168858
0,1,0.0210922,0.00851918,0.00918775,0.010308,0.0124554,0.0143576,0.0160589,0.0180206,0.017304,0.0149551,0.0141463,0.0158879,0.019092,0.0259322,0.031358,0.0536615,0.0556148,0.175456,0.10720156951,0.0207023522846813,0.0335058355124383,0.0449072583429001,0.0502451816684052,0.060396348308205,0.0693005268878862,0.07719532018183,0.0862187174507668,0.0829323466825144,0.0720805696809125,0.0683154720928329,0.0764047234843813,0.0911112595802354,0.121766797626477,0.145391994584545,0.23657065896048,0.244130787674149,1,0.979297647715319,0.966494164487562,0.9550927416571,0.949754818331595,0.939603651691795,0.930699473112114,0.92280467981817,0.913781282549233,0.917067653317486,0.927919430319088,0.931684527907167,0.923595276515619,0.908888740419765,0.878233202373523,0.854608005415455,0.76342934103952,0.755869212325851,0,100000,2070.23522846813,98151.6972372786,4909554.28410849,49.0955428410849,2023.5,"Total","GMoH report",28.9467771589151
0,1,0.0217673,0.00939038,0.00981219,0.0112001,0.0138201,0.0154245,0.0173572,0.019292,0.0189627,0.0167699,0.0159455,0.0172205,0.020927,0.0269005,0.0339693,0.0573122,0.0553859,0.176257,0.105854441215,0.0213517284350615,0.0368690904606404,0.0478862768821006,0.0544751813046738,0.0667927923269073,0.0742589808737809,0.0831767128972496,0.0920217891111684,0.0905221395603952,0.0804755813699598,0.0766711023439369,0.0825486762994627,0.0994329182969969,0.126027025032765,0.156551627039056,0.250648025572027,0.243248198945114,1,0.978648271564938,0.96313090953936,0.952113723117899,0.945524818695326,0.933207207673093,0.925741019126219,0.91682328710275,0.907978210888832,0.909477860439605,0.91952441863004,0.923328897656063,0.917451323700537,0.900567081703003,0.873972974967235,0.843448372960945,0.749351974427973,0.756751801054885,0,100000,2135.17284350615,98090.8446847406,4727861.77088717,47.2786177088716,2023.5,"Total","GMoH report",30.7637022911284
0,1,0.0211916,0.00865916,0.00960579,0.0108878,0.0131758,0.0145584,0.0161152,0.0185293,0.0182421,0.0159459,0.0150636,0.0163045,0.019894,0.0259873,0.0328002,0.0535675,0.0560642,0.176329,0.10700322178,0.0207980176785842,0.0340470031051834,0.0469026084811936,0.0529964627813238,0.0637781786832627,0.0702357014114296,0.0774554738687748,0.088544816336634,0.0872322513682865,0.0766729519391825,0.0725845388513953,0.0783296841614732,0.0947572482578936,0.122009740665978,0.151572018682062,0.236205195478071,0.245860999394384,1,0.979201982321416,0.965952996894817,0.953097391518806,0.947003537218676,0.936221821316737,0.92976429858857,0.922544526131225,0.911455183663366,0.912767748631714,0.923327048060818,0.927415461148605,0.921670315838527,0.905242751742106,0.877990259334022,0.848427981317938,0.763794804521929,0.754139000605616,0,100000,2079.80176785841,98142.7437219662,4834643.43748011,48.3464343748011,2023.5,"Total","GMoH report",29.6958856251989
0,1,0.0211376,0.00800633,0.00841411,0.0100018,0.0114949,0.0138746,0.014941,0.0172243,0.0162352,0.0146528,0.0137675,0.015869,0.0188706,0.0240169,0.0304232,0.0530325,0.054628,0.171456,0.10711097608,0.0207460488041041,0.0315205914855431,0.0412038163911624,0.0487890540968357,0.0558689791781138,0.0670473616887821,0.0720150575624004,0.0825661400834036,0.0780097406466344,0.070675032219727,0.0665470342644118,0.0763173018426476,0.0901022893466383,0.113282748871566,0.141364127212474,0.234122275995652,0.240319557968273,1,0.979253951195896,0.968479408514457,0.958796183608838,0.951210945903164,0.944131020821886,0.932952638311218,0.9279849424376,0.917433859916596,0.921990259353366,0.929324967780273,0.933452965735588,0.923682698157352,0.909897710653362,0.886717251128434,0.858635872787526,0.765877724004349,0.759680442031727,0,100000,2074.60488041041,98147.6080733107,5016199.40847402,50.1619940847402,2023.5,"Total","GMoH report",27.8803259152598
0,1,0.021424,0.0089165,0.00959928,0.0106441,0.0131382,0.0155421,0.0168232,0.0184346,0.0177142,0.0164826,0.0149345,0.0164892,0.0201938,0.025728,0.0335507,0.0542559,0.0555941,0.175353,0.1065394792,0.0210216147982287,0.0350411118523373,0.046871566766426,0.0518409980808199,0.0636019617648525,0.0748039729307813,0.0807210347216758,0.088112216341574,0.0848149284845954,0.0791514459427597,0.0719848554410395,0.0791818851485225,0.0961166014348617,0.12086590499098,0.15477174872512,0.238878130146466,0.244051009440201,1,0.978978385201771,0.964958888147663,0.953128433233574,0.94815900191918,0.936398038235147,0.925196027069219,0.919278965278324,0.911887783658426,0.915185071515405,0.92084855405724,0.928015144558961,0.920818114851478,0.903883398565138,0.87913409500902,0.84522825127488,0.761121869853534,0.755948990559799,0,100000,2102.16147982285,98121.8017094318,4811033.56500402,48.1103356500402,2023.5,"Total","GMoH report",29.9319843499598
0,1,0.02191,0.0089556,0.00984409,0.0109965,0.0134558,0.0154172,0.0170788,0.0184734,0.0181785,0.016231,0.0151301,0.0172055,0.0197104,0.0258013,0.0330601,0.055057,0.0551871,0.176065,0.1055696905,0.0214888830448702,0.0351920678346009,0.0480382186308945,0.053511404598336,0.0650894243108937,0.0742251404130595,0.0818972338080957,0.0882894826767962,0.0869413420345618,0.0779903467065163,0.0728932929700834,0.082479737203848,0.0939238103225462,0.121189390450428,0.152681348385594,0.24197847742151,0.242480949042712,1,0.97851111695513,0.964807932165399,0.951961781369105,0.946488595401664,0.934910575689106,0.925774859586941,0.918102766191904,0.911710517323204,0.913058657965438,0.922009653293484,0.927106707029917,0.917520262796152,0.906076189677454,0.878810609549572,0.847318651614406,0.75802152257849,0.757519050957288,0,100000,2148.88830448702,98077.9691687367,4784238.90086289,47.8423890086289,2023.5,"Total","GMoH report",30.1999309913711
0,1,0.0219607,0.00909898,0.00995571,0.0112497,0.0136982,0.0160712,0.0177306,0.0197685,0.0188905,0.0169566,0.0155306,0.0178767,0.0205567,0.0261545,0.0333946,0.0553365,0.057386,0.175977,0.105468521185,0.0215376037368763,0.0357454261644759,0.0485696857350761,0.0547098271439469,0.0662231549472538,0.0772521626106301,0.084890118176643,0.0941876296101303,0.0901930218040276,0.0813350837952919,0.0747506922474542,0.0855596878217905,0.0977594697694746,0.122746562572964,0.154107134698956,0.243057606846804,0.250930286453892,1,0.978462396263124,0.964254573835524,0.951430314264924,0.945290172856053,0.933776845052746,0.92274783738937,0.915109881823357,0.90581237038987,0.909806978195972,0.918664916204708,0.925249307752546,0.91444031217821,0.902240530230525,0.877253437427036,0.845892865301044,0.756942393153196,0.749069713546108,0,100000,2153.76037368763,98073.3935479121,4716526.67587208,47.1652667587208,2023.5,"Total","GMoH report",30.8770532412792
0,1,0.021465,0.00865622,0.00924913,0.0108361,0.0132474,0.0150601,0.0163479,0.0190529,0.0175997,0.0162737,0.01518,0.0162596,0.0204751,0.0260929,0.0332298,0.0538754,0.0558647,0.175722,0.10645766575,0.0210610514302176,0.0340356400242191,0.0452004870480726,0.052751450030803,0.0641136520157174,0.0725682858940187,0.0785299985901214,0.0909331494901956,0.0842898115108799,0.0781875001951841,0.0731249096777302,0.0781224024623096,0.0973903092002356,0.122475169147385,0.153404959677289,0.237401718621454,0.245093335807752,1,0.978938948569782,0.965964359975781,0.954799512951927,0.947248549969197,0.935886347984282,0.927431714105981,0.921470001409879,0.909066850509804,0.91571018848912,0.921812499804816,0.92687509032227,0.92187759753769,0.902609690799764,0.877524830852615,0.846595040322711,0.762598281378546,0.754906664192248,0,100000,2106.10514302176,98118.1058943284,4824381.11165321,48.2438111165321,2023.5,"Total","GMoH report",29.7985088834679
0,1,0.0223317,0.0101137,0.0105895,0.0121452,0.0148557,0.0163518,0.0183409,0.0202843,0.0199493,0.0182476,0.0161932,0.0186887,0.0205489,0.0282507,0.0344909,0.0578258,0.0570536,0.180736,0.104728209235,0.0218939750475284,0.0396527284015309,0.0515819328063674,0.0589365107248611,0.0716186375166112,0.0785479971504867,0.0876839916919431,0.0965265654700878,0.0950081355058813,0.0872574044656801,0.0778157836312559,0.0892725311191823,0.0977241885545296,0.131935336007624,0.158764659973316,0.252610490715027,0.249658245772487,1,0.978106024952472,0.960347271598469,0.948418067193633,0.941063489275139,0.928381362483389,0.921452002849513,0.912316008308057,0.903473434529912,0.904991864494119,0.91274259553432,0.922184216368744,0.910727468880818,0.90227581144547,0.868064663992376,0.841235340026684,0.747389509284973,0.750341754227513,0,100000,2189.39750475284,98039.8941752235,4596711.95149758,45.9671195149758,2023.5,"Total","GMoH report",32.0752004850242
0,1,0.0218018,0.00876154,0.00959812,0.0111818,0.0133023,0.0156918,0.016992,0.0191484,0.0181503,0.0161567,0.0153654,0.0164154,0.019643,0.0263928,0.0330811,0.054867,0.0574179,0.173496,0.10578559819,0.0213848912053856,0.0344426192278607,0.0468660354202798,0.0543885940476937,0.0643708007431848,0.0754972794748417,0.0814979663878444,0.091368116876982,0.0868123256159328,0.0776471939536237,0.0739849780458363,0.0788414645567863,0.0936176702578144,0.123795711372237,0.152770924429628,0.24124414389261,0.251052265335484,1,0.978615108794614,0.965557380772139,0.95313396457972,0.945611405952306,0.935629199256815,0.924502720525158,0.918502033612156,0.908631883123018,0.913187674384067,0.922352806046376,0.926015021954164,0.921158535443214,0.906382329742186,0.876204288627763,0.847229075570372,0.75875585610739,0.748947734664516,0,100000,2138.48912053856,98087.7322303004,4784383.31279003,47.8438331279002,2023.5,"Total","GMoH report",30.1984868720998
0,1,0.0225868,0.00921734,0.0101043,0.0115564,0.0140335,0.0162375,0.0176523,0.0199306,0.0187029,0.0171006,0.0154363,0.0172321,0.020775,0.0266583,0.0336016,0.0557791,0.0556717,0.177577,0.10421916994,0.0221388682102058,0.0362019879370172,0.0492767327726142,0.0561594960010341,0.067789200632316,0.078020360971801,0.0845310800395449,0.0949233039935646,0.0893373320318536,0.081997484539701,0.0743136793775604,0.0826019858011884,0.0987463608817064,0.124963231700872,0.154988357976539,0.244763746297274,0.244350044121678,1,0.977861131789794,0.963798012062983,0.950723267227386,0.943840503998966,0.932210799367684,0.921979639028199,0.915468919960455,0.905076696006435,0.910662667968146,0.918002515460299,0.92568632062244,0.917398014198812,0.901253639118294,0.875036768299128,0.845011642023461,0.755236253702726,0.755649955878322,0,100000,2213.88682102058,98016.8426258073,4696340.27675429,46.9634027675429,2023.5,"Total","GMoH report",31.0789172324571
0,1,0.0210775,0.00802675,0.00880037,0.0102653,0.0123589,0.0140158,0.0157826,0.0178884,0.0168189,0.0149947,0.0140379,0.0154407,0.0190771,0.0244889,0.0319525,0.0532555,0.0530686,0.17199,0.107230902625,0.0206882030360362,0.0315997139914384,0.0430546087812983,0.0500422531469271,0.0599424433424379,0.06770659477247,0.0759175588396436,0.0856132881410444,0.0807012349967816,0.0722645373543325,0.0678097343262537,0.0743340746344785,0.0910433903451179,0.115380637750481,0.147944507787315,0.234991081189307,0.23426297916033,1,0.979311796963964,0.968400286008562,0.956945391218702,0.949957746853073,0.940057556657562,0.93229340522753,0.924082441160356,0.914386711858956,0.919298765003218,0.927735462645668,0.932190265673746,0.925665925365522,0.908956609654882,0.884619362249519,0.852055492212685,0.765008918810693,0.76573702083967,0,100000,2068.82030360361,98153.0211649207,4954637.96580124,49.5463796580124,2023.5,"Total","GMoH report",28.4959403419876
0,1,0.0226153,0.0092625,0.0102643,0.011699,0.0146701,0.0162854,0.0183495,0.0206024,0.0196459,0.0176481,0.0162886,0.0177055,0.0207954,0.0279337,0.0342371,0.0562556,0.0586239,0.178378,0.104162299615,0.0221662203913835,0.0363761321518863,0.050037500216324,0.0568327831741151,0.0707555234872251,0.0782415141150758,0.0877233031233454,0.0979661552097658,0.0936308444810255,0.084511817484624,0.0782562866242314,0.0847750388730816,0.0988385329307307,0.13055153169755,0.157688507039127,0.24659686368781,0.255651308185204,1,0.977833779608617,0.963623867848114,0.949962499783676,0.943167216825885,0.929244476512775,0.921758485884924,0.912276696876655,0.902033844790234,0.906369155518974,0.915488182515376,0.921743713375769,0.915224961126918,0.901161467069269,0.86944846830245,0.842311492960873,0.75340313631219,0.744348691814796,0,100000,2216.62203913835,98014.2664098356,4637713.17300438,46.3771317300438,2023.5,"Total","GMoH report",31.6651882699562
0,1,0.021044,0.00824914,0.0089178,0.0100835,0.0124528,0.0143689,0.0158621,0.0173746,0.0163647,0.0149282,0.0140972,0.0154618,0.0190292,0.0250264,0.0320398,0.0542887,0.0533275,0.175292,0.1072977502,0.0206559566581739,0.032461009181442,0.043616589935679,0.0491777894014268,0.0603841215285725,0.0693531778084697,0.0762853840251372,0.0832566236661263,0.0786075284480168,0.0719555817126915,0.0680864299492969,0.0744318731589764,0.0908251739974207,0.11776397889637,0.148318742856561,0.239005284525017,0.235271409742405,1,0.979344043341826,0.967538990818558,0.956383410064321,0.950822210598573,0.939615878471427,0.93064682219153,0.923714615974863,0.916743376333874,0.921392471551983,0.928044418287309,0.931913570050703,0.925568126841024,0.909174826002579,0.88223602110363,0.851681257143439,0.760994715474983,0.764728590257595,0,100000,2065.59566581738,98156.0381019477,4948449.32509839,49.4844932509839,2023.5,"Total","GMoH report",28.5578267490161
0,1,0.022014,0.00945932,0.0102019,0.0113505,0.014127,0.0164512,0.0176791,0.0199424,0.0193785,0.0168259,0.0155305,0.0171674,0.0213918,0.0271936,0.0338928,0.0559106,0.0559697,0.178534,0.1053621637,0.021588817790377,0.0371347411997488,0.0497408715074211,0.0551865136908792,0.0682254477491204,0.0790066159012148,0.0846539843626363,0.0949768349183126,0.0924153241045976,0.0807334668982902,0.0747502289242306,0.0823046096123523,0.101529265638297,0.127312768730618,0.156226607125078,0.245270015656578,0.245497453010584,1,0.978411182209623,0.962865258800251,0.950259128492579,0.944813486309121,0.93177455225088,0.920993384098785,0.915346015637364,0.905023165081687,0.907584675895402,0.91926653310171,0.925249771075769,0.917695390387648,0.898470734361703,0.872687231269382,0.843773392874922,0.754729984343422,0.754502546989416,0,100000,2158.88177903771,98068.5826763742,4682400.01294087,46.8240001294087,2023.5,"Total","GMoH report",31.2183198705913
0,1,0.0211984,0.0080606,0.00881603,0.00996162,0.0122406,0.0133736,0.0154534,0.0171859,0.0165829,0.015137,0.0141431,0.0151967,0.0183289,0.0247715,0.0311339,0.0520772,0.0534447,0.174498,0.10698965272,0.0208045615251944,0.0317308604524736,0.0431295710200013,0.0485978175225281,0.0593857082490177,0.0647046642552887,0.0743929403393979,0.0823896493146101,0.0796139255835993,0.0729253234474402,0.0683005463570442,0.07320241225424,0.0876291358306825,0.116634472887188,0.144427983974352,0.230390738572969,0.235727531934986,1,0.979195438474806,0.968269139547526,0.956870428979999,0.951402182477472,0.940614291750982,0.935295335744711,0.925607059660602,0.91761035068539,0.920386074416401,0.92707467655256,0.931699453642956,0.92679758774576,0.912370864169318,0.883365527112812,0.855572016025648,0.769609261427031,0.764272468065014,0,100000,2080.45615251944,98142.1311287378,4988109.54846704,49.8810954846704,2023.5,"Total","GMoH report",28.1612245153296
0,1,0.0225461,0.00914178,0.00984091,0.0107582,0.0137186,0.0157423,0.0171518,0.0194072,0.0178899,0.0164858,0.014896,0.0170145,0.020224,0.0269008,0.0343016,0.0557498,0.0556898,0.17596,0.104300384755,0.0220998047613478,0.0359105473528415,0.0480230731480662,0.052382155730549,0.0663185073139085,0.0757310478149565,0.0822328945961638,0.0925458599661618,0.0856201597597836,0.0791662044660346,0.0718059465504608,0.0816014790852596,0.0962534267438319,0.126028341947356,0.157962116648891,0.244650902754099,0.244419778542333,1,0.977900195238652,0.964089452647159,0.951976926851934,0.947617844269451,0.933681492686091,0.924268952185043,0.917767105403836,0.907454140033838,0.914379840240216,0.920833795533965,0.928194053449539,0.91839852091474,0.903746573256168,0.873971658052644,0.842037883351109,0.755349097245901,0.755580221457667,0,100000,2209.98047613479,98020.5213378271,4757233.99341795,47.5723399341795,2023.5,"Total","GMoH report",30.4699800658205
0,1,0.02174,0.00882863,0.00952316,0.010832,0.0128259,0.015367,0.0168225,0.0186981,0.0176438,0.0167309,0.0143104,0.0167689,0.0201541,0.0259343,0.0324139,0.054931,0.0556596,0.174941,0.105908917,0.0213254850286563,0.0347017816194816,0.0465085295786446,0.0527320169801768,0.062137089751394,0.0739923970849875,0.0807178115384846,0.0893154279897616,0.0844920958960722,0.0802959415776464,0.0690805734058329,0.0804709756414166,0.0959367051279519,0.121776057950721,0.149920712539537,0.241491566852995,0.244303422993831,1,0.978674514971344,0.965298218380518,0.953491470421355,0.947267983019823,0.937862910248606,0.926007602915012,0.919282188461515,0.910684572010238,0.915507904103928,0.919704058422354,0.930919426594167,0.919529024358583,0.904063294872048,0.878223942049279,0.850079287460463,0.758508433147005,0.755696577006169,0,100000,2132.54850286563,98093.3073995228,4816421.91709401,48.1642191709401,2023.5,"Total","GMoH report",29.8781008290599
0,1,0.0215817,0.00881878,0.00966871,0.0110364,0.0132758,0.015351,0.017308,0.0192618,0.0179716,0.0158653,0.0151706,0.0164888,0.0203819,0.0257296,0.0328165,0.0555436,0.0546996,0.178988,0.106224796735,0.0211732845277241,0.034663736271684,0.0472025798601997,0.0537003535453308,0.0642466846594937,0.0739182041213335,0.0829507222483154,0.0918843548350935,0.0859943594253772,0.0763001866229281,0.0730812827305209,0.0791800403756355,0.0969684945997913,0.120872967254332,0.151641631037634,0.243856350961796,0.240596648864437,1,0.978826715472276,0.965336263728316,0.9527974201398,0.946299646454669,0.935753315340506,0.926081795878666,0.917049277751685,0.908115645164907,0.914005640574623,0.923699813377072,0.926918717269479,0.920819959624364,0.903031505400209,0.879127032745668,0.848358368962366,0.756143649038204,0.759403351135563,0,100000,2117.32845277242,98107.5843317446,4787995.70865558,47.8799570865558,2023.5,"Total","GMoH report",30.1623629134442
0,1,0.0225099,0.00938967,0.0100276,0.0116459,0.0136729,0.0160448,0.0177246,0.0202229,0.0189548,0.0173216,0.0157107,0.0171935,0.0208349,0.0264836,0.0337252,0.0550847,0.054781,0.181695,0.104372620045,0.022065057782967,0.0368663541999193,0.0489118293500242,0.0565821255598562,0.0661048862519155,0.0771301552140539,0.0848626104375945,0.0962484433856413,0.0904861335876806,0.083013196537155,0.075584775662498,0.0824245823580665,0.0990169779169931,0.124195162486905,0.155514136600779,0.242085484306548,0.2409115596298,1,0.977934942217033,0.963133645800081,0.951088170649976,0.943417874440144,0.933895113748085,0.922869844785946,0.915137389562405,0.903751556614359,0.909513866412319,0.916986803462845,0.924415224337502,0.917575417641934,0.900983022083007,0.875804837513095,0.844485863399221,0.757914515693452,0.7590884403702,0,100000,2206.50577829669,98023.7930109286,4692207.15250394,46.9220715250394,2023.5,"Total","GMoH report",31.1202484749606
0,1,0.020768,0.00806256,0.00846234,0.00982847,0.0118258,0.0135413,0.0153485,0.0170154,0.0163731,0.0145589,0.0136988,0.0152977,0.0183762,0.0246094,0.0312675,0.0532206,0.0543121,0.173428,0.1078484944,0.0203902061324083,0.0317384536266557,0.041435105131112,0.0479638225231156,0.0574310788687838,0.0654894686455742,0.0739066109544154,0.0816056193608198,0.0786462910308087,0.0702380289025275,0.066225959562851,0.0736710075687874,0.0878453411068794,0.115915474315924,0.145002811480114,0.234855167660075,0.239095987097856,1,0.979609793867592,0.968261546373344,0.958564894868888,0.952036177476884,0.942568921131216,0.934510531354426,0.926093389045585,0.91839438063918,0.921353708969191,0.929761971097472,0.933774040437149,0.926328992431213,0.912154658893121,0.884084525684076,0.854997188519886,0.765144832339925,0.760904012902144,0,100000,2039.02061324083,98180.8846899478,5015702.36081583,50.1570236081583,2023.5,"Total","GMoH report",27.8852963918417
0,1,0.0227961,0.009978,0.0103018,0.011705,0.0143252,0.0162497,0.0180571,0.0204328,0.0197637,0.0174556,0.0160908,0.0173638,0.0212858,0.0274484,0.0350304,0.0574637,0.0593773,0.176626,0.103801522255,0.0223397036495417,0.0391310997729314,0.0502157192583606,0.0568611020026475,0.0691495472638401,0.078076692908127,0.0863858071062541,0.0971988864807884,0.0941658366361836,0.0836285343878487,0.0773427338455933,0.083207024662896,0.101051590155662,0.128429068865388,0.161048055492214,0.251227365143945,0.258512120646797,1,0.977660296350458,0.960868900227069,0.949784280741639,0.943138897997353,0.93085045273616,0.921923307091873,0.913614192893746,0.902801113519212,0.905834163363816,0.916371465612151,0.922657266154407,0.916792975337104,0.898948409844338,0.871570931134612,0.838951944507786,0.748772634856055,0.741487879353203,0,100000,2233.97036495418,97997.9191596006,4634526.55378551,46.3452655378551,2023.5,"Total","GMoH report",31.6970544621449
0,1,0.020729,0.0085837,0.00912644,0.0101672,0.0126763,0.0147347,0.0159148,0.0178508,0.0167521,0.0152232,0.0143072,0.0160432,0.0184254,0.0237853,0.0311706,0.053687,0.0538951,0.171484,0.10792631695,0.0203526430886452,0.033755309106446,0.0446142762125078,0.0495758802751658,0.0614345917126813,0.0710560269010527,0.0765291352940554,0.0854410234466465,0.0803935960970562,0.0733253825894122,0.0690656594913147,0.0771227603287351,0.0880701792959988,0.112251651956781,0.144585924921597,0.236669774536189,0.237478219086304,1,0.979647356911355,0.966244690893554,0.955385723787492,0.950424119724834,0.938565408287319,0.928943973098947,0.923470864705945,0.914558976553353,0.919606403902944,0.926674617410588,0.930934340508685,0.922877239671265,0.911929820704001,0.887748348043219,0.855414075078403,0.763330225463811,0.762521780913696,0,100000,2035.26430886451,98184.394272011,4923342.58113815,49.2334258113815,2023.5,"Total","GMoH report",28.8088941886185
0,1,0.0221488,0.00941904,0.0100749,0.0114319,0.0139578,0.0165099,0.0179171,0.0198778,0.0194713,0.0172364,0.0162017,0.0177295,0.0217375,0.0281279,0.0342986,0.058587,0.0597229,0.179529,0.10509317704,0.0217183187660655,0.036979536532439,0.0491368771899963,0.0555712865239667,0.0674358594040262,0.0792773473091516,0.0857447565557858,0.0946837389354712,0.0928373407191386,0.0826217463289397,0.0778550399962326,0.0848850751503066,0.103085450072616,0.131399518695231,0.157949392422633,0.255510949939706,0.259821296698511,1,0.978281681233934,0.963020463467561,0.950863122810004,0.944428713476033,0.932564140595974,0.920722652690848,0.914255243444214,0.905316261064529,0.907162659280861,0.91737825367106,0.922144960003767,0.915114924849693,0.896914549927384,0.868600481304769,0.842050607577367,0.744489050060294,0.740178703301489,0,100000,2171.83187660655,98056.4128353028,4662367.3190317,46.623673190317,2023.5,"Total","GMoH report",31.418646809683
0,1,0.0212733,0.00830328,0.00911,0.0102883,0.0125429,0.0146438,0.0159447,0.0177029,0.0174132,0.0155732,0.0145504,0.01574,0.0191796,0.0255633,0.0324421,0.053718,0.0546042,0.174323,0.106840193515,0.0208766344156826,0.0326705741501412,0.044535699445137,0.0501515641562287,0.0608077366014541,0.0706331554939444,0.0766674031427736,0.0847631175172593,0.0834338731980685,0.0749480476604362,0.0701984607902923,0.075720402174436,0.0915101784533408,0.12013864917393,0.150041358137887,0.236790252976518,0.240227433006558,1,0.979123365584317,0.967329425849859,0.955464300554863,0.949848435843771,0.939192263398546,0.929366844506056,0.923332596857226,0.915236882482741,0.916566126801932,0.925051952339564,0.929801539209708,0.924279597825564,0.908489821546659,0.87986135082607,0.849958641862113,0.763209747023482,0.759772566993442,0,100000,2087.66344156825,98135.3829245231,4906035.58571335,49.0603558571335,2023.5,"Total","GMoH report",28.9819641428665
0,1,0.0219049,0.00915802,0.00989366,0.0112278,0.0136197,0.0154903,0.0177764,0.0189644,0.0179327,0.0168885,0.0152396,0.0167366,0.0202562,0.0273389,0.0330258,0.0548571,0.0565109,0.174774,0.105579867295,0.0214839818832388,0.0359731935480462,0.0482742767965721,0.0546062304153562,0.0658561475674394,0.074563954922654,0.0851000678832026,0.0905298875035683,0.085816209164777,0.0810216640660512,0.0734014771230875,0.0803221987221665,0.0963992916701764,0.127949503309902,0.152535022162652,0.241205864435226,0.247577440100554,1,0.978516018116761,0.964026806451954,0.951725723203428,0.945393769584644,0.934143852432561,0.925436045077346,0.914899932116797,0.909470112496432,0.914183790835223,0.918978335933949,0.926598522876912,0.919677801277833,0.903600708329824,0.872050496690098,0.847464977837348,0.758794135564774,0.752422559899446,0,100000,2148.39818832389,98078.4294072962,4750827.5395481,47.508275395481,2023.5,"Total","GMoH report",30.534044604519
0,1,0.0219218,0.00885901,0.00995347,0.0111352,0.0134457,0.0155681,0.0171845,0.0192068,0.01874,0.0167021,0.0149827,0.0166735,0.0196511,0.0271252,0.0344938,0.056208,0.0567974,0.174277,0.10554614419,0.0215002228027448,0.0348191142375567,0.0485590230520552,0.0541680692871834,0.0650421566846626,0.0749244227360088,0.082383214141465,0.0916340097536586,0.0895066150833453,0.0801632629161216,0.072208793282226,0.0800314874836053,0.0936544667701336,0.127012875849985,0.15877694917626,0.246413916459159,0.248676546757928,1,0.978499777197255,0.965180885762443,0.951440976947945,0.945831930712817,0.934957843315337,0.925075577263991,0.917616785858535,0.908365990246341,0.910493384916655,0.919836737083878,0.927791206717774,0.919968512516395,0.906345533229866,0.872987124150015,0.84122305082374,0.753586083540841,0.751323453242072,0,100000,2150.02228027448,98076.9042813311,4757370.20023368,47.5737020023368,2023.5,"Total","GMoH report",30.4686179976632
0,1,0.0215529,0.00899603,0.0099363,0.0113212,0.0140141,0.0158696,0.0178469,0.0198601,0.0190379,0.0163979,0.0159733,0.017251,0.0212144,0.0260564,0.0338897,0.0559039,0.0564896,0.175508,0.106282265695,0.021145589241538,0.0353481342477268,0.0484772878127651,0.0550479771040248,0.0676986605045577,0.0763200772549857,0.0854231537914964,0.0946034167095182,0.0908648119895599,0.0787607238172911,0.0767996407461729,0.0826888371747461,0.100729699649395,0.122314322704694,0.156213433967204,0.245244228005069,0.247495671314308,1,0.978854410758462,0.964651865752273,0.951522712187235,0.944952022895975,0.932301339495442,0.923679922745014,0.914576846208504,0.905396583290482,0.90913518801044,0.921239276182709,0.923200359253827,0.917311162825254,0.899270300350605,0.877685677295306,0.843786566032796,0.754755771994931,0.752504328685692,0,100000,2114.55892415381,98110.1811892508,4715012.67289327,47.1501267289327,2023.5,"Total","GMoH report",30.8921932710673
0,1,0.0211885,0.00864533,0.00909325,0.0105326,0.0126008,0.014627,0.0166429,0.017828,0.0169138,0.0160321,0.0150819,0.0163159,0.018705,0.0259545,0.0323272,0.054791,0.054829,0.176933,0.107009407675,0.0207950344260344,0.0339935491003132,0.0444556345038692,0.0513118812001775,0.0610798621815566,0.0705549807417269,0.0798904769528054,0.0853365499679294,0.0811381153610171,0.0770714567457655,0.0726695141368487,0.0783823053599442,0.0893469148923466,0.12186512878723,0.149549692917772,0.240950238681064,0.241097203564417,1,0.979204965573966,0.966006450899687,0.955544365496131,0.948688118799823,0.938920137818443,0.929445019258273,0.920109523047195,0.914663450032071,0.918861884638983,0.922928543254234,0.927330485863151,0.921617694640056,0.910653085107653,0.87813487121277,0.850450307082228,0.759049761318936,0.758902796435583,0,100000,2079.50344260344,98143.0229890477,4877524.88266395,48.7752488266395,2023.5,"Total","GMoH report",29.2670711733605
0,1,0.0211337,0.00847256,0.00897028,0.01043,0.0125115,0.0143774,0.0160726,0.017619,0.0166402,0.0154036,0.0143613,0.0163208,0.018885,0.0260154,0.0328383,0.0528255,0.0543432,0.173636,0.107118758335,0.0207422952878643,0.0333255348135207,0.0438676375212399,0.050824744779865,0.0606601270510034,0.0693927805908334,0.0772586322675418,0.0843783448549994,0.0798780338527103,0.0741620919992027,0.0693177668860485,0.0784049223579509,0.0901679458562613,0.122133613010234,0.151734724029736,0.233315040782818,0.239216521783533,1,0.979257704712136,0.966674465186479,0.95613236247876,0.949175255220135,0.939339872948997,0.930607219409167,0.922741367732458,0.915621655145001,0.92012196614729,0.925837908000797,0.930682233113951,0.921595077642049,0.909832054143739,0.877866386989766,0.848265275970264,0.766684959217182,0.760783478216467,0,100000,2074.22952878643,98147.959362839,4915098.61420719,49.1509861420719,2023.5,"Total","GMoH report",28.8913338579281
0,1,0.0219726,0.00906732,0.00946667,0.0112043,0.0131889,0.0155217,0.016594,0.01896,0.0182465,0.0165388,0.0146456,0.0175302,0.0197221,0.0264797,0.0339874,0.0557751,0.0582776,0.174834,0.10544477533,0.0215490384754495,0.0356232649151393,0.0462390259993567,0.0544950527025131,0.0638395658741075,0.0747094556072523,0.0796650935923225,0.0905098338743555,0.0872523738991241,0.0794106095278519,0.0706415309845323,0.0839709319230082,0.093976943315589,0.124178008941574,0.156628510412975,0.244748341890551,0.25433318146032,1,0.97845096152455,0.964376735084861,0.953760974000643,0.945504947297487,0.936160434125893,0.925290544392748,0.920334906407677,0.909490166125644,0.912747626100876,0.920589390472148,0.929358469015468,0.916029068076992,0.906023056684411,0.875821991058426,0.843371489587025,0.755251658109449,0.74566681853968,0,100000,2154.90384754495,98072.3195045172,4781639.04883572,47.8163904883572,2023.5,"Total","GMoH report",30.2259295116428
0,1,0.022382,0.00889808,0.00952951,0.0107648,0.013354,0.015292,0.016722,0.01882,0.0181043,0.016381,0.0149982,0.0168171,0.0196796,0.026419,0.0334705,0.0566688,0.0566094,0.174742,0.1046278381,0.0219422720468572,0.0349699884896402,0.0465388196323142,0.0524134492536848,0.0646128983873387,0.0736445681592711,0.0802549421436833,0.0898715438613247,0.0866018359533734,0.0786827448898965,0.0722807954347754,0.0806929466185528,0.0937839246892153,0.123910988956871,0.154430347624579,0.248183366150698,0.247955473540405,1,0.978057727953143,0.96503001151036,0.953461180367686,0.947586550746315,0.935387101612661,0.926355431840729,0.919745057856317,0.910128456138675,0.913398164046627,0.921317255110103,0.927719204565225,0.919307053381447,0.906216075310785,0.876089011043129,0.845569652375421,0.751816633849302,0.752044526459595,0,100000,2194.22720468571,98035.3500440408,4795208.71934435,47.9520871934435,2023.5,"Total","GMoH report",30.0902328065565
0,1,0.0216418,0.0084215,0.00891915,0.0102952,0.0125114,0.0143923,0.0158598,0.0179241,0.016984,0.0156836,0.0140582,0.0159249,0.0191592,0.0262504,0.0319776,0.0551202,0.0570451,0.171945,0.10610487019,0.0212310742609458,0.0331280246803096,0.0436230487126856,0.0501843550692282,0.0606596569209966,0.0694621980186408,0.0762747445172628,0.0857768192836929,0.0814611591811676,0.0754593156910689,0.0679044636720152,0.0765758433794178,0.0914172944313282,0.12316891667433,0.1480521212211,0.242222604050534,0.249625693394372,1,0.978768925739054,0.96687197531969,0.956376951287314,0.949815644930772,0.939340343079003,0.930537801981359,0.923725255482737,0.914223180716307,0.918538840818832,0.924540684308931,0.932095536327985,0.923424156620582,0.908582705568672,0.87683108332567,0.8519478787789,0.757777395949466,0.750374306605628,0,100000,2123.10742609459,98102.1646117506,4910779.47771766,49.1077947771766,2023.5,"Total","GMoH report",28.9345252228234
0,1,0.0221333,0.00905615,0.00993143,0.0114645,0.013442,0.0153532,0.0171961,0.019333,0.0184542,0.0167287,0.0153538,0.0169274,0.0201874,0.0265253,0.0323711,0.0548146,0.056361,0.175628,0.105124106515,0.0217034297891785,0.0355801614419156,0.0484541036533842,0.0557253420404433,0.0650248402436134,0.0739284059927792,0.0824365328439072,0.0922083403881879,0.0882017673618762,0.0802858070490465,0.0739311883025989,0.0812007078450589,0.0960876028172192,0.124378553863042,0.14973757496743,0.241041514498435,0.247001825309349,1,0.978296570210822,0.964419838558084,0.951545896346616,0.944274657959557,0.934975159756387,0.926071594007221,0.917563467156093,0.907791659611812,0.911798232638124,0.919714192950953,0.926068811697401,0.918799292154941,0.903912397182781,0.875621446136958,0.85026242503257,0.758958485501565,0.752998174690651,0,100000,2170.34297891785,98057.812387572,4752976.11897647,47.5297611897647,2023.5,"Total","GMoH report",30.5125588102353
0,1,0.0218766,0.00908526,0.009813,0.0110906,0.0131491,0.0150845,0.0168431,0.0188505,0.0176501,0.0164958,0.0146469,0.0163712,0.0205018,0.0258973,0.0327308,0.0547502,0.0530358,0.177772,0.10563633853,0.0214567843657279,0.0356924889162967,0.0478901352568123,0.0539569622851994,0.0636530492260542,0.072681586520335,0.0808126606869587,0.0900106362532694,0.0845209901781419,0.0792123233895756,0.0706475799047334,0.0786375234406222,0.0975111164803575,0.121612886486954,0.15127557363608,0.240792417463478,0.234135138989016,1,0.978543215634272,0.964307511083703,0.952109864743188,0.946043037714801,0.936346950773946,0.927318413479665,0.919187339313041,0.909989363746731,0.915479009821858,0.920787676610424,0.929352420095267,0.921362476559378,0.902488883519643,0.878387113513046,0.84872442636392,0.759207582536522,0.765864861010984,0,100000,2145.67843657279,98080.9831771295,4797698.2865124,47.976982865124,2023.5,"Total","GMoH report",30.065337134876
0,1,0.0208041,0.00834884,0.00865046,0.00984503,0.0123599,0.0138046,0.0157178,0.0173142,0.0168834,0.0150696,0.0141923,0.0157771,0.0194451,0.0249565,0.0313808,0.0520805,0.0532676,0.173151,0.107776458655,0.0204249735250899,0.0328468930901859,0.0423367197482171,0.0480426955525116,0.0599471481101824,0.0667203796187863,0.0756176425450149,0.0829792036791463,0.080998187982539,0.0726124004263381,0.0685300040585013,0.0758921066119322,0.0927182127053099,0.117454374741885,0.145490017172762,0.230403655986047,0.235038198185796,1,0.97957502647491,0.967153106909814,0.957663280251783,0.951957304447488,0.940052851889818,0.933279620381214,0.924382357454985,0.917020796320854,0.919001812017461,0.927387599573662,0.931469995941499,0.924107893388068,0.90728178729469,0.882545625258115,0.854509982827238,0.769596344013953,0.764961801814204,0,100000,2042.49735250899,98177.6357789566,4966370.25930476,49.6637025930476,2023.5,"Total","GMoH report",28.3786174069524
0,1,0.0211782,0.00849152,0.00965718,0.0104481,0.0126569,0.0150479,0.0159713,0.0183471,0.0175351,0.0155297,0.0146032,0.016154,0.0196151,0.0256587,0.0310264,0.053774,0.0542752,0.174605,0.10702996081,0.0207851222013147,0.033398865727397,0.0471476174297738,0.0509106997937133,0.0613434550591545,0.0725116305852891,0.0767903939526597,0.0877123326539135,0.083993417559386,0.0747465223304135,0.0704442223311349,0.0776347217616555,0.0934909158416844,0.12055996975981,0.143965195635349,0.237007849722549,0.238952951867062,1,0.979214877798685,0.966601134272603,0.952852382570226,0.949089300206287,0.938656544940845,0.927488369414711,0.92320960604734,0.912287667346087,0.916006582440614,0.925253477669587,0.929555777668865,0.922365278238344,0.906509084158316,0.87944003024019,0.856034804364652,0.762992150277451,0.761047048132938,0,100000,2078.51222013147,98143.9508613323,4871266.70002108,48.7126670002108,2023.5,"Total","GMoH report",29.3296529997893
0,1,0.021801,0.00943689,0.0102275,0.0118411,0.0141115,0.0164645,0.0183763,0.020455,0.0193526,0.0170343,0.0163053,0.0184152,0.0219968,0.0268352,0.0342537,0.0562956,0.0575485,0.18131,0.10578719455,0.021384122238573,0.0370483181930543,0.0498625762534204,0.0575032457906702,0.0681531423300246,0.0790679637760241,0.0878457981487001,0.0972993542709683,0.0922975081113125,0.0816925610195612,0.0783333769711796,0.0880235708454186,0.104251027495943,0.125740332568635,0.157758932163387,0.246750571340158,0.25155147487097,1,0.978615877761427,0.962951681806946,0.95013742374658,0.94249675420933,0.931846857669975,0.920932036223976,0.9121542018513,0.902700645729032,0.907702491888687,0.918307438980439,0.92166662302882,0.911976429154581,0.895748972504057,0.874259667431365,0.842241067836613,0.753249428659842,0.74844852512903,0,100000,2138.4122238573,98087.804406096,4645123.59779235,46.4512359779235,2023.5,"Total","GMoH report",31.5910840220765
0,1,0.022137,0.00902177,0.00979248,0.0113296,0.0139915,0.0156272,0.0177686,0.0196099,0.0186486,0.016973,0.0153609,0.0174241,0.0205974,0.0266158,0.0344168,0.0546384,0.0555245,0.178541,0.10511672335,0.0217069839725213,0.0354474819416859,0.0477923850628006,0.055087696095783,0.0675931752221966,0.0751981583495979,0.0850643155086332,0.0934672894991276,0.0890895132576581,0.0814105469658707,0.0739641116917842,0.0834839195916096,0.0979435441113045,0.124776438190991,0.158450593991761,0.240359811225801,0.243782716407131,1,0.978293016027479,0.964552518058314,0.952207614937199,0.944912303904217,0.932406824777803,0.924801841650402,0.914935684491367,0.906532710500872,0.910910486742342,0.918589453034129,0.926035888308216,0.91651608040839,0.902056455888695,0.875223561809009,0.841549406008239,0.759640188774199,0.756217283592869,0,100000,2170.69839725214,98057.4783056481,4724121.69403014,47.2412169403014,2023.5,"Total","GMoH report",30.8011030596986
0,1,0.0210369,0.00846636,0.00912857,0.0106412,0.0125373,0.0144556,0.0160134,0.017556,0.017225,0.0154304,0.0146233,0.0161882,0.0191196,0.0253136,0.032923,0.0537405,0.0536003,0.175992,0.107311917895,0.0206491220849755,0.0333015541087123,0.0446244563169959,0.0518272399359831,0.0607814129776871,0.0697570499710946,0.076985020194061,0.084089319755913,0.0825693570615375,0.0742863305140885,0.0705377628319489,0.0777926909028175,0.0912369643414434,0.119034989711121,0.152096331218254,0.236877686695369,0.236332736111506,1,0.979350877915025,0.966698445891288,0.955375543683004,0.948172760064017,0.939218587022313,0.930242950028905,0.923014979805939,0.915910680244087,0.917430642938462,0.925713669485911,0.929462237168051,0.922207309097183,0.908763035658557,0.880965010288879,0.847903668781746,0.763122313304631,0.763667263888494,0,100000,2064.91220849755,98156.6774808811,4900513.54687021,49.0051354687021,2023.5,"Total","GMoH report",29.0371845312979
0,1,0.0200931,0.00790411,0.00855124,0.00970678,0.0118887,0.0135476,0.0150207,0.0170725,0.0159372,0.0146114,0.0138013,0.0152715,0.0186743,0.0245483,0.0302547,0.0528615,0.0536004,0.172286,0.109195223605,0.0197397771474504,0.0311244183473924,0.0418612852576338,0.0473840340157417,0.0577277308166017,0.0655189390532069,0.0723853051185158,0.0818682603144537,0.0766327224398299,0.0704823842277371,0.0667049620192107,0.0735494730555793,0.0892068130286478,0.115644321270395,0.140636232445572,0.233455482526114,0.236333124926698,1,0.98026022285255,0.968875581652608,0.958138714742366,0.952615965984258,0.942272269183398,0.934481060946793,0.927614694881484,0.918131739685546,0.92336727756017,0.929517615772263,0.933295037980789,0.926450526944421,0.910793186971352,0.884355678729605,0.859363767554428,0.766544517473886,0.763666875073302,0,100000,1973.97771474504,98241.5712232078,5031277.96813566,50.3127796813566,2023.5,"Total","GMoH report",27.7295403186434
0,1,0.0213614,0.0085291,0.00924892,0.0103821,0.0130533,0.0146014,0.0160095,0.0178263,0.0174716,0.0157184,0.0143895,0.0157886,0.0193694,0.0253156,0.0320476,0.0542718,0.0557274,0.175425,0.10666439437,0.0209613957967906,0.0335441963891545,0.0451994839717598,0.0505972360880263,0.0632039497081854,0.0704358451273922,0.0769669923403191,0.0853287598219643,0.0837019811647068,0.0756204199765995,0.0694491535137835,0.075945324138276,0.0923739309544282,0.119043834742953,0.14835217230694,0.238939771299913,0.244564623500803,1,0.979038604203209,0.966455803610845,0.95480051602824,0.949402763911974,0.936796050291815,0.929564154872608,0.923033007659681,0.914671240178036,0.916298018835293,0.9243795800234,0.930550846486216,0.924054675861724,0.907626069045572,0.880956165257047,0.85164782769306,0.761060228700087,0.755435376499197,0,100000,2096.13957967906,98127.4438791024,4884518.00262669,48.8451800262669,2023.5,"Total","GMoH report",29.1971399737331
0,1,0.0221584,0.0092343,0.0100309,0.0113965,0.0136408,0.0159123,0.0179182,0.0192446,0.018021,0.0168693,0.0156371,0.0174136,0.020314,0.0271416,0.033261,0.0549843,0.0565178,0.174811,0.10507402072,0.0217275401025676,0.0362673920433089,0.048927532046975,0.0554039715943135,0.0659548091000694,0.0765175735365364,0.0857497950555874,0.0918060721593075,0.0862205487284132,0.0809332805270141,0.075244004926413,0.0834357098091677,0.0966610676779741,0.127084788744529,0.153537936717129,0.241697570663427,0.24760392694436,1,0.978272459897432,0.963732607956691,0.951072467953025,0.944596028405686,0.934045190899931,0.923482426463464,0.914250204944413,0.908193927840693,0.913779451271587,0.919066719472986,0.924755995073587,0.916564290190832,0.903338932322026,0.872915211255471,0.846462063282871,0.758302429336573,0.75239607305564,0,100000,2172.75401025676,98055.5459896364,4725134.18182704,47.2513418182704,2023.5,"Total","GMoH report",30.7909781817296
0,1,0.0209922,0.00876898,0.00953289,0.0105516,0.0130126,0.0151094,0.016406,0.0188237,0.0176116,0.0162015,0.014679,0.0168652,0.019749,0.0262752,0.0336261,0.0529489,0.0542733,0.175491,0.10740111451,0.0206060910138574,0.0344713626212038,0.0465549421439631,0.0514020649292318,0.0630130896732933,0.0727971951490378,0.0787980960889132,0.0898884184443239,0.0843444003950082,0.0778541163354769,0.0707969296733136,0.0809144059038749,0.0940990925529304,0.123278107663782,0.155092601667658,0.233796350979106,0.238945586280329,1,0.979393908986143,0.965528637378796,0.953445057856037,0.948597935070768,0.936986910326707,0.927202804850962,0.921201903911087,0.910111581555676,0.915655599604992,0.922145883664523,0.929203070326686,0.919085594096125,0.90590090744707,0.876721892336218,0.844907398332342,0.766203649020894,0.761054413719671,0,100000,2060.60910138575,98160.7026126725,4833313.99379492,48.3331399379492,2023.5,"Total","GMoH report",29.7091800620508
0,1,0.0224998,0.00936644,0.0101805,0.0114451,0.0138799,0.0164502,0.0179475,0.0197136,0.018868,0.0171239,0.0157185,0.0174814,0.0205849,0.0265015,0.0329174,0.0569368,0.0584811,0.17718,0.10439277409,0.022055362749987,0.0367768241661151,0.049639122288846,0.055633667772444,0.067072114398404,0.0790020031206613,0.0858839926067269,0.0939383427175102,0.0900904342179398,0.0821046216723616,0.0756208828810842,0.083746964535426,0.0978870140131041,0.124273888837437,0.15207242767327,0.249210831782426,0.255108007723764,1,0.977944637250013,0.963223175833885,0.950360877711154,0.944366332227556,0.932927885601596,0.920997996879339,0.914116007393273,0.90606165728249,0.90990956578206,0.917895378327638,0.924379117118916,0.916253035464574,0.902112985986896,0.875726111162563,0.84792757232673,0.750789168217574,0.744891992276236,0,100000,2205.5362749987,98024.7057751045,4687698.35516113,46.8769835516113,2023.5,"Total","GMoH report",31.1653364483887
0,1,0.0214736,0.00852004,0.00931519,0.0105983,0.0129999,0.0148275,0.0164752,0.0183858,0.0179656,0.016382,0.0145317,0.0160747,0.0201705,0.0259164,0.0321791,0.0540244,0.0551623,0.174735,0.10644050488,0.0210693231097246,0.033509161212211,0.0455159751095482,0.0516236915739787,0.0629535261388683,0.0714875460281683,0.0791173159890433,0.0878892161254039,0.0859668833990166,0.0786873592038081,0.0701114052314938,0.0772683366712756,0.0960110240961705,0.121697121782585,0.148915576898559,0.237980161418637,0.242385188755747,1,0.978930676890275,0.966490838787789,0.954484024890452,0.948376308426021,0.937046473861132,0.928512453971832,0.920882684010957,0.912110783874596,0.914033116600983,0.921312640796192,0.929888594768506,0.922731663328724,0.90398897590383,0.878302878217415,0.851084423101441,0.762019838581363,0.757614811244253,0,100000,2106.93231097246,98117.3306279554,4848328.74788762,48.4832874788762,2023.5,"Total","GMoH report",29.5590325211238
0,1,0.0224311,0.0100024,0.0102367,0.0116224,0.0143074,0.0165416,0.018499,0.0203584,0.0197033,0.0175457,0.0163601,0.0183359,0.0217273,0.0285283,0.0336492,0.0565142,0.0580173,0.177681,0.104529861505,0.021989412303577,0.0392249134513877,0.04990631018629,0.0564711735804465,0.0690665916177215,0.0794235197636923,0.0884064239102125,0.0968621062407698,0.0938915657799212,0.0840420581507605,0.0785863006565711,0.0876611354655434,0.103039570831673,0.133145465538682,0.155190877787852,0.2475901078214,0.253341085587815,1,0.978010587696423,0.960775086548612,0.95009368981371,0.943528826419553,0.930933408382278,0.920576480236308,0.911593576089788,0.90313789375923,0.906108434220079,0.91595794184924,0.921413699343429,0.912338864534457,0.896960429168328,0.866854534461318,0.844809122212148,0.7524098921786,0.746658914412185,0,100000,2198.9412303577,98030.9137919092,4623897.44513334,46.2389744513334,2023.5,"Total","GMoH report",31.8033455486666
0,1,0.0220701,0.0090307,0.00986383,0.0115222,0.0140694,0.0160797,0.0176555,0.0195192,0.0184987,0.0177155,0.0153536,0.0171485,0.0203966,0.0276524,0.0335817,0.0554352,0.0602983,0.178474,0.105250218955,0.0216427165762129,0.0354819463737649,0.0481322296724744,0.0559979510218404,0.0679567241626645,0.0772914420001745,0.0845457560118327,0.093055097359072,0.0884050535879801,0.0848208888585652,0.0739302608668855,0.0822177234246318,0.097035037866624,0.129321851110855,0.15490367789969,0.243438364008755,0.261996622624937,1,0.978357283423787,0.964518053626235,0.951867770327526,0.94400204897816,0.932043275837335,0.922708557999826,0.915454243988167,0.906944902640928,0.91159494641202,0.915179111141435,0.926069739133115,0.917782276575368,0.902964962133376,0.870678148889145,0.84509632210031,0.756561635991245,0.738003377375063,0,100000,2164.27165762128,98063.5184082215,4706912.752489,47.06912752489,2023.5,"Total","GMoH report",30.97319247511
0,1,0.021847,0.00923576,0.0100958,0.0112047,0.0137013,0.0160702,0.0178193,0.0195522,0.0185832,0.0168055,0.0158955,0.0177254,0.0210401,0.0268878,0.0342028,0.054702,0.0577411,0.178246,0.10569540385,0.021428335904943,0.0362730221459703,0.0492363003961513,0.0544969451954221,0.0662376453736065,0.0772475414004656,0.0852966820824217,0.0932050886635799,0.0887909500429067,0.0806395309083014,0.0764398749205029,0.0848662781817912,0.0999434495669177,0.125971273950673,0.157542973007083,0.240605935315877,0.252287155337373,1,0.978571664095057,0.96372697785403,0.950763699603849,0.945503054804578,0.933762354626393,0.922752458599534,0.914703317917578,0.90679491133642,0.911209049957093,0.919360469091699,0.923560125079497,0.915133721818209,0.900056550433082,0.874028726049327,0.842457026992917,0.759394064684123,0.747712844662627,0,100000,2142.83359049429,98083.6540712363,4710005.89537491,47.1000589537491,2023.5,"Total","GMoH report",30.9422610462509
0,1,0.0221202,0.00947181,0.0101449,0.0114213,0.0144951,0.0160183,0.0180379,0.0195943,0.0191029,0.0172046,0.0161643,0.0184996,0.0207736,0.0269234,0.0347241,0.0558839,0.0555142,0.177157,0.10515024691,0.0216908458549558,0.0371828619919128,0.0494698337099888,0.0555211895932466,0.0699409956836643,0.0770076700952819,0.0862979170070465,0.0933964069578638,0.0911609058300479,0.0824756007004717,0.0776822999954585,0.0884091645487833,0.0987400350212086,0.126127544191768,0.159752357874799,0.245167245432445,0.243743005157688,1,0.978309154145044,0.962817138008087,0.950530166290011,0.944478810406753,0.930059004316336,0.922992329904718,0.913702082992954,0.906603593042136,0.908839094169952,0.917524399299528,0.922317700004541,0.911590835451217,0.901259964978791,0.873872455808232,0.840247642125201,0.754832754567555,0.756256994842312,0,100000,2169.08458549558,98058.995194238,4673091.3741712,46.730913741712,2023.5,"Total","GMoH report",31.311406258288
0,1,0.0208346,0.00832728,0.00901729,0.010174,0.0124665,0.0144242,0.0161654,0.017559,0.0163805,0.0150118,0.0148226,0.0156378,0.0192826,0.0257279,0.0315884,0.0550582,0.0531919,0.173005,0.10771559743,0.0204543457634173,0.0327634590061741,0.0440924636706678,0.0496082150501982,0.0604485455182421,0.0696107997554197,0.0776873810268706,0.0841030848335206,0.0786804377246293,0.0723439670872009,0.0714647659023399,0.0752472465208891,0.0919790136771714,0.120865463597758,0.146382062168492,0.241983113368795,0.23474338354238,1,0.979545654236583,0.967236540993826,0.955907536329332,0.950391784949802,0.939551454481758,0.93038920024458,0.922312618973129,0.915896915166479,0.921319562275371,0.927656032912799,0.92853523409766,0.924752753479111,0.908020986322829,0.879134536402242,0.853617937831508,0.758016886631204,0.76525661645762,0,100000,2045.43457634174,98174.8906310529,4928858.53179978,49.2885853179978,2023.5,"Total","GMoH report",28.7537346820022
0,1,0.0210354,0.00847004,0.00911554,0.0105318,0.0127932,0.0149859,0.0165979,0.0181887,0.0174681,0.0158282,0.0145338,0.0160394,0.0193397,0.0251283,0.0319051,0.0536415,0.0542917,0.175838,0.10731491107,0.0206476781491459,0.0333157878879157,0.0445621791829272,0.0513080838073932,0.0619835791868664,0.0722236586833432,0.0796830708940203,0.086988003262642,0.0836859151633382,0.0761285550138254,0.0701211819156846,0.0771051972481452,0.0922388221291712,0.118215136465862,0.147741251492515,0.236492913456992,0.239016913582176,1,0.979352321850854,0.966684212112084,0.955437820817073,0.948691916192607,0.938016420813134,0.927776341316657,0.92031692910598,0.913011996737358,0.916314084836662,0.923871444986175,0.929878818084315,0.922894802751855,0.907761177870829,0.881784863534138,0.852258748507485,0.763507086543008,0.760983086417824,0,100000,2064.76781491459,98156.8125595232,4874220.73881885,48.7422073881885,2023.5,"Total","GMoH report",29.3001126118115
0,1,0.0216571,0.00831361,0.00898244,0.0100179,0.0123201,0.0142807,0.015779,0.0172972,0.0168979,0.0150575,0.0139691,0.0159526,0.0180166,0.025164,0.032215,0.0533767,0.0548067,0.172359,0.106074339805,0.0212457850555616,0.032710554415413,0.0439257978900023,0.0488656714743429,0.0597598807334399,0.068942144782511,0.0759008992758172,0.0829011074121753,0.0810649322052234,0.0725562120910958,0.0674886120727368,0.0767039321307284,0.0862004044815445,0.118373145421531,0.149069328921949,0.235462916378367,0.241010961360068,1,0.978754214944438,0.967289445584587,0.956074202109998,0.951134328525657,0.94024011926656,0.931057855217489,0.924099100724183,0.917098892587825,0.918935067794777,0.927443787908904,0.932511387927263,0.923296067869272,0.913799595518455,0.881626854578469,0.850930671078051,0.764537083621633,0.758989038639932,0,100000,2124.57850555616,98100.7847567846,4947081.33133536,49.4708133133536,2023.5,"Total","GMoH report",28.5715066866464
0,1,0.021426,0.00845063,0.00891055,0.0100728,0.0122021,0.0140493,0.0154909,0.0173628,0.0170207,0.0151084,0.0146325,0.0160312,0.0191003,0.0254413,0.0319811,0.0530923,0.0543702,0.172119,0.1065354883,0.0210235386085118,0.0332407101157491,0.0435819031815149,0.0491268867381597,0.0592044533494613,0.0678629332304148,0.0745667353966116,0.0832024320327542,0.0816300006210723,0.0727925524995399,0.0705805743640453,0.0770672968758112,0.0911490638398493,0.119599578132165,0.148067126084914,0.234355339960533,0.239321152663621,1,0.978976461391488,0.966759289884251,0.956418096818485,0.95087311326184,0.940795546650539,0.932137066769585,0.925433264603388,0.916797567967246,0.918369999378928,0.92720744750046,0.929419425635955,0.922932703124189,0.908850936160151,0.880400421867835,0.851932873915086,0.765644660039467,0.760678847336379,0,100000,2102.35386085117,98121.621434294,4944070.33394624,49.4407033394624,2023.5,"Total","GMoH report",28.6016166605376
0,1,0.0216228,0.00881329,0.00968294,0.0110424,0.0133023,0.0150705,0.0164142,0.018901,0.018019,0.0165543,0.0150346,0.0163595,0.020087,0.0258476,0.0333753,0.0548254,0.0556896,0.176388,0.10614278374,0.0212128053507815,0.0346425306618858,0.0472704086726189,0.0537287637479734,0.0643708007431848,0.0726165795931053,0.0788359282656547,0.0902408922394552,0.0862113923051345,0.0794820747259121,0.0724498632162234,0.0785835317796279,0.0956325713483159,0.121393662897243,0.154024929431834,0.241083281628511,0.244419008026516,1,0.978787194649219,0.965357469338114,0.952729591327381,0.946271236252027,0.935629199256815,0.927383420406895,0.921164071734345,0.909759107760545,0.913788607694866,0.920517925274088,0.927550136783777,0.921416468220372,0.904367428651684,0.878606337102757,0.845975070568166,0.758916718371489,0.755580991973484,0,100000,2121.28053507814,98103.8780860085,4802884.78398533,48.0288478398533,2023.5,"Total","GMoH report",30.0134721601467
0,1,0.0218224,0.00844914,0.00932916,0.0107272,0.0130664,0.014826,0.0165112,0.0180913,0.0175701,0.015391,0.0145602,0.0167003,0.0196233,0.0251766,0.0327162,0.0536575,0.0562535,0.175951,0.10574449192,0.0214046916926008,0.0332349465671237,0.0455826797191776,0.0522351575449593,0.063265373315283,0.071480572577418,0.0792833422006419,0.0865423413498439,0.0841540139008995,0.0741036758138718,0.0702440803531067,0.0801549698908304,0.0935281715767451,0.118428906953017,0.151213197009957,0.236555110408182,0.246588793291449,1,0.978595308307399,0.966765053432876,0.954417320280822,0.947764842455041,0.936734626684717,0.928519427422582,0.920716657799358,0.913457658650156,0.915845986099101,0.925896324186128,0.929755919646893,0.91984503010917,0.906471828423255,0.881571093046983,0.848786802990043,0.763444889591818,0.753411206708551,0,100000,2140.46916926009,98085.8736555137,4857059.30854251,48.5705930854251,2023.5,"Total","GMoH report",29.4717269145749
0,1,0.0218173,0.00865475,0.00945145,0.0106641,0.0131967,0.0149578,0.0164921,0.0183755,0.0174034,0.0155224,0.0144308,0.016092,0.0193528,0.0260627,0.03356,0.0547186,0.0542498,0.174577,0.105754668715,0.0213997897034323,0.0340299584344784,0.0461664014134032,0.0519358765472804,0.0638761151771057,0.0720931140467778,0.0791952596459813,0.087842141808017,0.0833888751265562,0.0747126990025087,0.0696415420861577,0.0773482787460465,0.092298417943078,0.12234208720923,0.154811329458437,0.240670163921159,0.238854480508302,1,0.978600210296568,0.965970041565522,0.953833598586597,0.94806412345272,0.936123884822894,0.927906885953222,0.920804740354019,0.912157858191983,0.916611124873444,0.925287300997491,0.930358457913842,0.922651721253953,0.907701582056922,0.87765791279077,0.845188670541563,0.759329836078841,0.761145519491698,0,100000,2139.97897034323,98086.3337967225,4847155.59109655,48.4715559109655,2023.5,"Total","GMoH report",29.5707640890345
0,1,0.0209487,0.00801256,0.00873532,0.0100053,0.0123314,0.014414,0.0155106,0.0173541,0.0164485,0.0146418,0.013887,0.0157379,0.0187737,0.0246429,0.0317367,0.0521957,0.0549565,0.173012,0.107487916585,0.0205642115962693,0.0315447318861565,0.0427431620051822,0.0488057105603269,0.0598130532867494,0.0695632869545913,0.074658023164752,0.0831624752218799,0.0789941613428791,0.0706238493080051,0.0671052726952042,0.0757106821389149,0.0896603583271824,0.116064109396389,0.147018773247676,0.230854472963807,0.2415901300454,1,0.979435788403731,0.968455268113844,0.957256837994818,0.951194289439673,0.940186946713251,0.930436713045409,0.925341976835248,0.91683752477812,0.921005838657121,0.929376150691995,0.932894727304796,0.924289317861085,0.910339641672818,0.883935890603611,0.852981226752324,0.769145527036193,0.7584098699546,0,100000,2056.42115962693,98164.6192664427,4972292.87226431,49.7229287226431,2023.5,"Total","GMoH report",28.3193912773569
0,1,0.0216754,0.00879803,0.00957368,0.0106515,0.0128359,0.0145283,0.0165991,0.0183163,0.0175785,0.0157254,0.014461,0.016353,0.0201911,0.02613,0.0330173,0.0536178,0.0546701,0.176228,0.10603782307,0.0212633797506269,0.0345835851605007,0.0467494883948597,0.0518761041905363,0.0621840300225828,0.0700955761042129,0.0796886023037496,0.0875715337891447,0.0841925530169776,0.0756528227527113,0.0697821990488852,0.0785535351012242,0.0961043677507686,0.122638631403562,0.15249875697807,0.236400776160018,0.240482494890251,1,0.978736620249373,0.965416414839499,0.95325051160514,0.948123895809464,0.937815969977417,0.929904423895787,0.92031139769625,0.912428466210855,0.915807446983022,0.924347177247289,0.930217800951115,0.921446464898776,0.903895632249231,0.877361368596438,0.84750124302193,0.763599223839982,0.759517505109749,0,100000,2126.33797506269,98099.134274924,4847308.81802982,48.4730881802982,2023.5,"Total","GMoH report",29.5692318197018
0,1,0.0221079,0.00950101,0.00976923,0.0113206,0.0137318,0.0157152,0.0176597,0.0194671,0.0186502,0.016745,0.0155065,0.0167078,0.019895,0.0270908,0.0332178,0.0540183,0.055294,0.175221,0.105174790945,0.0216790301156695,0.0372953529572002,0.0476816182610881,0.0550451399711077,0.066380200893429,0.0756056069155037,0.084565017884177,0.0928182448635424,0.0890968163875235,0.0803608921522754,0.0746390249009342,0.0801895236902213,0.0947617856845164,0.126862016226994,0.153353809561842,0.237956487656995,0.242893602814884,1,0.97832096988433,0.9627046470428,0.952318381738912,0.944954860028892,0.933619799106571,0.924394393084496,0.915434982115823,0.907181755136458,0.910903183612476,0.919639107847725,0.925360975099066,0.919810476309779,0.905238214315484,0.873137983773006,0.846646190438158,0.762043512343005,0.757106397185116,0,100000,2167.90301156694,98060.1057344637,4732630.79908515,47.3263079908515,2023.5,"Total","GMoH report",30.7160120091485
0,1,0.0223223,0.00959394,0.0100635,0.0117387,0.0138837,0.015359,0.0180616,0.0200156,0.0188916,0.0174067,0.016281,0.0176189,0.0205105,0.0266163,0.0340793,0.0575021,0.056251,0.175772,0.104746966465,0.0218849488451739,0.0376532735063529,0.0490826420786049,0.0570201440865287,0.067089861233965,0.0739553013176553,0.0864064051804806,0.0953088409097186,0.0901980369145622,0.0834040277743505,0.0782212015441493,0.0843778861540989,0.0975504773364756,0.124778635978044,0.157018775140856,0.251374146697906,0.246579185579867,1,0.978115051154826,0.962346726493647,0.950917357921395,0.942979855913471,0.932910138766035,0.926044698682345,0.913593594819519,0.904691159090281,0.909801963085438,0.916595972225649,0.921778798455851,0.915622113845901,0.902449522663524,0.875221364021956,0.842981224859144,0.748625853302094,0.753420814420133,0,100000,2188.49488451739,98040.74331576,4685057.19074506,46.8505719074506,2023.5,"Total","GMoH report",31.1917480925494
0,1,0.0212477,0.0084325,0.00900593,0.0102558,0.0126087,0.0143022,0.0160061,0.0181783,0.0171339,0.015829,0.0148011,0.0157202,0.0194604,0.0253225,0.0320531,0.0540133,0.0538572,0.170618,0.106891277035,0.0208520018572045,0.0331705781986793,0.0440381390069332,0.0499970993706853,0.0611169856573553,0.0690423560386597,0.0769512754740856,0.086940427085767,0.0821505996036285,0.0761322562880415,0.0713648059274674,0.0756287522232502,0.0927877816356443,0.11907434946423,0.14837574362966,0.237937082459919,0.237331037163231,1,0.979147998142796,0.966829421801321,0.955961860993067,0.950002900629315,0.938883014342645,0.93095764396134,0.923048724525914,0.913059572914233,0.917849400396372,0.923867743711959,0.928635194072533,0.92437124777675,0.907212218364356,0.88092565053577,0.85162425637034,0.762062917540081,0.762668962836769,0,100000,2085.20018572045,98137.6895250048,4906389.1625895,49.063891625895,2023.5,"Total","GMoH report",28.978428374105
0,1,0.0221326,0.00916917,0.00980932,0.0114454,0.0134822,0.0160611,0.0172353,0.0190868,0.0183429,0.0170814,0.0147437,0.0176948,0.0201094,0.0276065,0.0339769,0.0570347,0.0546349,0.176723,0.10512550333,0.0217027573732585,0.0360162026306503,0.0478726057279517,0.055635085481573,0.0652129644274893,0.0772054873671199,0.0826166913489822,0.0910875742209013,0.0876931340295246,0.0819091908677778,0.0710978852722778,0.0847259769573382,0.0957341111624734,0.129121049376003,0.156583910341772,0.249585862955264,0.24034626466204,1,0.978297242626742,0.96398379736935,0.952127394272048,0.944364914518427,0.934787035572511,0.92279451263288,0.917383308651018,0.908912425779099,0.912306865970475,0.918090809132222,0.928902114727722,0.915274023042662,0.904265888837527,0.870878950623997,0.843416089658228,0.750414137044736,0.75965373533796,0,100000,2170.27573732585,98057.8755919254,4735662.1504797,47.356621504797,2023.5,"Total","GMoH report",30.685698495203
0,1,0.0218351,0.0091331,0.00972303,0.0112439,0.0140178,0.0158764,0.0177591,0.0190035,0.0189114,0.0168314,0.0162561,0.0173264,0.0199036,0.0276211,0.0332978,0.0560186,0.0557579,0.179144,0.105719149705,0.0214168983974654,0.0358770624027391,0.0474614765979838,0.0546823916415538,0.067715929121888,0.0763515313684547,0.0850207691466206,0.0907080728442603,0.0902883044004054,0.0807587912043095,0.0781062427673732,0.0830352453139797,0.0948008066613385,0.129184925626916,0.153694756816213,0.245685592649072,0.244682099860474,1,0.978583101602535,0.964122937597261,0.952538523402016,0.945317608358446,0.932284070878112,0.923648468631545,0.914979230853379,0.90929192715574,0.909711695599595,0.91924120879569,0.921893757232627,0.91696475468602,0.905199193338662,0.870815074373084,0.846305243183787,0.754314407350928,0.755317900139526,0,100000,2141.68983974654,98084.7277890433,4722588.48695386,47.2258848695386,2023.5,"Total","GMoH report",30.8164351304614
0,1,0.0213113,0.00851743,0.00902201,0.0102341,0.0123943,0.0146493,0.0161489,0.0181098,0.0169868,0.0158673,0.0139979,0.0158642,0.0189619,0.0253691,0.0320166,0.0528508,0.0530945,0.174439,0.106764366415,0.0209131961357319,0.0334990680653758,0.044115034298521,0.0498939507954117,0.0601089782278756,0.0706587470423801,0.0776111627352613,0.0866270056334484,0.0814740418641549,0.0763094381308653,0.0676230483294722,0.0762950982556325,0.0905184934477336,0.119280408473488,0.148219304535983,0.233413742451156,0.234363913046837,1,0.979086803864268,0.966500931934624,0.955884965701479,0.950106049204588,0.939891021772124,0.92934125295762,0.922388837264739,0.913372994366552,0.918525958135845,0.923690561869135,0.932376951670528,0.923704901744367,0.909481506552266,0.880719591526512,0.851780695464017,0.766586257548844,0.765636086953163,0,100000,2091.31961357319,98131.9587999412,4909427.06272213,49.0942706272213,2023.5,"Total","GMoH report",28.9480493727787
0,1,0.0213486,0.00867957,0.00916419,0.0102712,0.0129439,0.0146467,0.0163232,0.0182049,0.017271,0.0155177,0.0147124,0.0162691,0.0192959,0.0259352,0.0326453,0.0538239,0.0541435,0.173782,0.10668993613,0.0209490817539377,0.0341258840019858,0.0447946825454104,0.0500702949658665,0.0626908400874792,0.0706466493040943,0.0784159998770186,0.08706210759367,0.0827807348222139,0.074690921710435,0.070952303331176,0.0781662631216201,0.0920395358027589,0.121780026633159,0.150910225998064,0.237201698720583,0.238442254485642,1,0.979050918246062,0.965874115998014,0.95520531745459,0.949929705034134,0.937309159912521,0.929353350695906,0.921584000122981,0.91293789240633,0.917219265177786,0.925309078289565,0.929047696668824,0.92183373687838,0.907960464197241,0.878219973366841,0.849089774001937,0.762798301279417,0.761557745514358,0,100000,2094.90817539378,98128.5974440372,4877494.75460127,48.7749475460127,2023.5,"Total","GMoH report",29.2673724539873
0,1,0.0227174,0.00888571,0.00958789,0.0110026,0.0133255,0.0153119,0.0174726,0.0192151,0.018351,0.0166203,0.0150847,0.0169377,0.019303,0.0270541,0.0342425,0.0559837,0.057997,0.177367,0.10395856417,0.0222641959994011,0.0349222225163289,0.046817253312836,0.0535402939056833,0.0644794477959865,0.0737368710118829,0.0837065714013327,0.0916717933108803,0.0877301596028216,0.0797863186215362,0.0726825151589543,0.0812481097295831,0.0920718430347505,0.126701043263605,0.157711417007778,0.245551321242404,0.253263667665945,1,0.977735804000599,0.965077777483671,0.953182746687164,0.946459706094317,0.935520552204014,0.926263128988117,0.916293428598667,0.90832820668912,0.912269840397178,0.920213681378464,0.927317484841046,0.918751890270417,0.90792815696525,0.873298956736395,0.842288582992222,0.754448678757596,0.746736332334055,0,100000,2226.41959994011,98005.0357849096,4766807.61223841,47.6680761223841,2023.5,"Total","GMoH report",30.3742438776159
0,1,0.0209536,0.00938469,0.00982017,0.0112479,0.0133722,0.0158691,0.0174306,0.0193834,0.018765,0.0161485,0.0152253,0.0172241,0.019922,0.0270888,0.034294,0.0550215,0.057789,0.174426,0.10747813888,0.0205689292225511,0.0368471616216027,0.0479242883531086,0.0547013127605028,0.0646981098390264,0.0763177644119267,0.0835137625272321,0.0924376119798733,0.0896206703043473,0.0776093149440644,0.0733351267372195,0.0825652209448112,0.0948842880344445,0.126853244571152,0.157929881600943,0.241841319585998,0.252470024399887,1,0.979431070777449,0.963152838378397,0.952075711646891,0.945298687239497,0.935301890160974,0.923682235588073,0.916486237472768,0.907562388020127,0.910379329695653,0.922390685055936,0.92666487326278,0.917434779055189,0.905115711965556,0.873146755428848,0.842070118399057,0.758158680414002,0.747529975600113,0,100000,2056.89292225511,98164.1781009043,4745269.73377511,47.4526973377511,2023.5,"Total","GMoH report",30.5896226622489
0,1,0.0211924,0.008128,0.00885145,0.00967534,0.0120258,0.0139086,0.015429,0.0173769,0.0166322,0.015023,0.0137255,0.0155304,0.0184589,0.0254455,0.032025,0.0540238,0.0537696,0.173332,0.10700162542,0.0207987875473268,0.0319919390389823,0.0432991004434496,0.0472341830484598,0.0583740144427849,0.0672061416457643,0.0742798408392289,0.0832671860852865,0.0798411644611242,0.0723959876922484,0.066350756721546,0.074749765600784,0.0882232400840322,0.119618141454076,0.14825530929923,0.237977832880127,0.236990754779518,1,0.979201212452673,0.968008060961018,0.95670089955655,0.95276581695154,0.941625985557215,0.932793858354236,0.925720159160771,0.916732813914714,0.920158835538876,0.927604012307752,0.933649243278454,0.925250234399216,0.911776759915968,0.880381858545924,0.85174469070077,0.762022167119873,0.763009245220482,0,100000,2079.87875473269,98142.6716527002,4979840.11588425,49.7984011588425,2023.5,"Total","GMoH report",28.2439188411575
0,1,0.0220461,0.00946929,0.0102606,0.0113337,0.0141477,0.0165221,0.0175106,0.0200271,0.019161,0.0176202,0.0175267,0.0166135,0.020963,0.0266823,0.035334,0.0578786,0.0564506,0.175395,0.105298109755,0.0216196589860481,0.037173153263075,0.0500199141716265,0.0551070821573822,0.0683220020297107,0.0793336055877947,0.0838809840995654,0.0953609898028008,0.091425490444006,0.0843838492486714,0.0839548704310407,0.0797549767350314,0.0995954513817129,0.125068698654713,0.162330532418786,0.252811989903001,0.247345934039741,1,0.978380341013952,0.962826846736925,0.949980085828373,0.944892917842618,0.931677997970289,0.920666394412205,0.916119015900435,0.904639010197199,0.908574509555994,0.915616150751329,0.916045129568959,0.920245023264969,0.900404548618287,0.874931301345287,0.837669467581214,0.747188010096999,0.752654065960259,0,100000,2161.96589860482,98065.685023873,4667280.25434458,46.6728025434458,2023.5,"Total","GMoH report",31.3695174565542
0,1,0.021712,0.00868243,0.00899704,0.0103992,0.0127708,0.0146932,0.0160877,0.0181178,0.017188,0.0157596,0.0150783,0.0161295,0.0192648,0.0262911,0.0326404,0.0545033,0.0544149,0.174106,0.1059647896,0.0212985672809302,0.0341369368704164,0.0439956240270101,0.0506784613615231,0.0618784080656868,0.0708629897958298,0.0773284093713897,0.0866636148951324,0.0823993019933459,0.0758111177709426,0.0726527982792644,0.0775215407703612,0.0918980081323307,0.123348106493427,0.150889283571298,0.239836762461351,0.239494347566508,1,0.97870143271907,0.965863063129584,0.95600437597299,0.949321538638477,0.938121591934313,0.92913701020417,0.92267159062861,0.913336385104868,0.917600698006654,0.924188882229057,0.927347201720736,0.922478459229639,0.908101991867669,0.876651893506573,0.849110716428702,0.760163237538649,0.760505652433492,0,100000,2129.85672809301,98095.8330919775,4877866.98441317,48.7786698441317,2023.5,"Total","GMoH report",29.2636501558683
0,1,0.0213814,0.00900569,0.00948562,0.0111453,0.0130704,0.0152932,0.0170721,0.0185691,0.0176734,0.0167258,0.0149495,0.016807,0.019826,0.0269956,0.0334835,0.0533237,0.0541444,0.179024,0.10662448537,0.0209806358822061,0.0353854197582742,0.0463294413122493,0.0542158696694332,0.0632841278387413,0.0736501344110619,0.081866420698004,0.0887265686836415,0.0846278455846123,0.0802724477342175,0.0720545512164733,0.0806464382795874,0.0944486525370034,0.126444394274789,0.154485695533971,0.235256616850167,0.238445745450126,1,0.979019364117794,0.964614580241726,0.953670558687751,0.945784130330567,0.936715872161259,0.926349865588938,0.918133579301996,0.911273431316359,0.915372154415388,0.919727552265782,0.927945448783527,0.919353561720413,0.905551347462997,0.873555605725211,0.845514304466029,0.764743383149833,0.761554254549874,0,100000,2098.06358822061,98125.6413621469,4797913.16983094,47.9791316983094,2023.5,"Total","GMoH report",30.0631883016906
0,1,0.0213312,0.00853076,0.0092661,0.0102288,0.0126739,0.0146608,0.0158638,0.0176554,0.0170518,0.0156181,0.0139793,0.0162275,0.0196881,0.0252768,0.0315653,0.0545479,0.0538953,0.175841,0.10672465696,0.0209323418660995,0.0335506155025902,0.0452815417646368,0.0498687561672901,0.0614233175395876,0.0707122544499022,0.0762932479335783,0.0845452973911028,0.0817730555293131,0.0751560146201525,0.0675362270528985,0.0779741847907695,0.093822531541876,0.118872226277098,0.146282845261192,0.240009468749058,0.237478995706719,1,0.979067658133901,0.96644938449741,0.954718458235363,0.95013124383271,0.938576682460412,0.929287745550098,0.923706752066422,0.915454702608897,0.918226944470687,0.924843985379848,0.932463772947101,0.922025815209231,0.906177468458124,0.881127773722902,0.853717154738808,0.759990531250942,0.762521004293281,0,100000,2093.23418660995,98130.1655138929,4901874.42701241,49.0187442701241,2023.5,"Total","GMoH report",29.0235757298759
0,1,0.021799,0.00897078,0.00943061,0.0106074,0.0132259,0.0153353,0.016609,0.0182367,0.0177854,0.0158988,0.0157025,0.016771,0.020034,0.026309,0.0330889,0.0560711,0.0559748,0.175836,0.10579118545,0.021382199816356,0.0352506680245966,0.0460669513693664,0.0516668720534506,0.0640129285216633,0.073845396719229,0.0797342352181542,0.0872075549563202,0.0851413189642338,0.0764551376440615,0.0755468153306752,0.0804806476458295,0.0953922777679902,0.123426903959335,0.152804193319201,0.245887538149205,0.245517076820912,1,0.978617800183644,0.964749331975403,0.953933048630634,0.948333127946549,0.935987071478337,0.926154603280771,0.920265764781846,0.91279244504368,0.914858681035766,0.923544862355938,0.924453184669325,0.91951935235417,0.90460772223201,0.876573096040665,0.847195806680799,0.754112461850795,0.754482923179088,0,100000,2138.2199816356,98087.9848449745,4813151.5121097,48.131515121097,2023.5,"Total","GMoH report",29.910804878903
0,1,0.0210952,0.00808486,0.00906711,0.0098856,0.012212,0.0138977,0.0157932,0.0173685,0.0167206,0.015222,0.0143668,0.0153235,0.018823,0.0256078,0.031603,0.053547,0.0526732,0.174781,0.10719558316,0.0207052398373944,0.031824841228294,0.0443306722948222,0.0482358980164221,0.0592510649859781,0.0671552415004964,0.0759666103245556,0.0832286097297712,0.0802484926351133,0.0733198144606981,0.0693433933413584,0.0737906716089988,0.089885225978516,0.120335200623673,0.146444765212475,0.236125473214463,0.232720647036317,1,0.979294760162606,0.968175158771706,0.955669327705178,0.951764101983578,0.940748935014022,0.932844758499504,0.924033389675444,0.916771390270229,0.919751507364887,0.926680185539302,0.930656606658642,0.926209328391001,0.910114774021484,0.879664799376327,0.853555234787525,0.763874526785537,0.767279352963683,0,100000,2070.52398373943,98151.4270421443,4958861.75390234,49.5886175390234,2023.5,"Total","GMoH report",28.4537024609766
0,1,0.022371,0.00938033,0.0104778,0.0116332,0.0139107,0.0162472,0.0181505,0.0204709,0.0187408,0.0169828,0.0161592,0.0184805,0.0204407,0.0283311,0.0353019,0.0559037,0.0569239,0.178813,0.10464978805,0.0219317104798522,0.0368303581726448,0.0510517255744403,0.0565221658505679,0.0672159477877716,0.0780651497475539,0.0868132406872645,0.097371304411316,0.0895102650613458,0.0814556379783531,0.0776587421352213,0.0883219170307816,0.0972346397482451,0.132285981568931,0.162195019134996,0.245243458212776,0.249161403025756,1,0.978068289520148,0.963169641827355,0.94894827442556,0.943477834149432,0.932784052212228,0.921934850252446,0.913186759312736,0.902628695588684,0.910489734938654,0.918544362021647,0.922341257864779,0.911678082969218,0.902765360251755,0.867714018431069,0.837804980865004,0.754756541787224,0.750838596974244,0,100000,2193.17104798522,98036.3438373438,4658454.47360421,46.5845447360421,2023.5,"Total","GMoH report",31.4577752639579
0,1,0.0216703,0.00919803,0.00970057,0.010958,0.0134803,0.0156441,0.0173314,0.0188511,0.0180472,0.0168935,0.0155755,0.0165487,0.0207942,0.0260665,0.0340419,0.0552516,0.0561315,0.175655,0.106047999865,0.0212584763733264,0.0361275160471457,0.0473544374126694,0.0533290506572448,0.0652040738095624,0.0752764203798394,0.083058212250504,0.0900133722938772,0.086340489782015,0.0810446792766018,0.0749587018484006,0.0794562556551011,0.0988331112928838,0.122358833656248,0.156859971352996,0.242729954161611,0.246119814132547,1,0.978741523626674,0.963872483952854,0.952645562587331,0.946670949342755,0.934795926190438,0.924723579620161,0.916941787749496,0.909986627706123,0.913659510217985,0.918955320723398,0.925041298151599,0.920543744344899,0.901166888707116,0.877641166343752,0.843140028647004,0.757270045838389,0.753880185867453,0,100000,2125.84763733264,98099.5942526242,4763214.21198751,47.6321421198751,2023.5,"Total","GMoH report",30.4101778801249
0,1,0.0218156,0.00897805,0.00958873,0.0109569,0.0131624,0.0152923,0.016985,0.0193531,0.0183739,0.0167151,0.0152349,0.0163779,0.0208083,0.026985,0.0332777,0.0542714,0.0531842,0.173809,0.10575806098,0.0213981556963381,0.0352787315680902,0.0468212589736051,0.0533238400425933,0.0637153816513797,0.0736459597252345,0.0814657601592383,0.092299782689099,0.0878348290847015,0.080223154860479,0.073379670157783,0.0786684403759181,0.098896813584713,0.126397882829608,0.153609105661335,0.238938220631983,0.234713390272653,1,0.978601844303662,0.96472126843191,0.953178741026395,0.946676159957407,0.93628461834862,0.926354040274766,0.918534239840762,0.907700217310901,0.912165170915298,0.919776845139521,0.926620329842217,0.921331559624082,0.901103186415287,0.873602117170392,0.846390894338666,0.761061779368017,0.765286609727347,0,100000,2139.81556963381,98086.4871758655,4782268.94390821,47.8226894390821,2023.5,"Total","GMoH report",30.2196305609179
0,1,0.0219423,0.0095901,0.010365,0.0118801,0.014359,0.0163533,0.0185345,0.0205953,0.0194926,0.0172621,0.0158534,0.0182925,0.0207814,0.0276044,0.0345745,0.0572345,0.0583679,0.180319,0.105505237465,0.0215199226161833,0.0376384863049734,0.0505160040451793,0.0576871764379974,0.0693070501666429,0.0785549195839207,0.0885685648375462,0.0979340472896392,0.0929341780999236,0.0827398414569643,0.0762451383107605,0.0874627204647466,0.0987752785650697,0.129111861337255,0.159118862243413,0.250350749998086,0.254677083626493,1,0.978480077383817,0.962361513695027,0.949483995954821,0.942312823562003,0.930692949833357,0.921445080416079,0.911431435162454,0.902065952710361,0.907065821900076,0.917260158543036,0.923754861689239,0.912537279535253,0.90122472143493,0.870888138662745,0.840881137756587,0.749649250001914,0.745322916373507,0,100000,2151.99226161833,98075.0541929665,4633930.19451687,46.3393019451687,2023.5,"Total","GMoH report",31.7030180548313
0,1,0.021615,0.00910536,0.00973622,0.0106923,0.0131265,0.0154405,0.0165018,0.0190786,0.0179767,0.0162059,0.0150478,0.0173016,0.0197701,0.0264181,0.0327711,0.0532796,0.0547537,0.176332,0.10615834825,0.0212053052889482,0.0357700417846711,0.0475243316297495,0.0520696394843536,0.0635471217653673,0.0743331475867182,0.0792399936806996,0.0910502230369196,0.0860177134275667,0.0778744366670439,0.0725111661837504,0.0829213211739423,0.0941948938240241,0.123907029274789,0.151447728371881,0.235084923301203,0.240805957158787,1,0.978794694711052,0.964229958215329,0.95247566837025,0.947930360515646,0.936452878234633,0.925666852413282,0.9207600063193,0.90894977696308,0.913982286572433,0.922125563332956,0.92748883381625,0.917078678826058,0.905805106175976,0.876092970725211,0.848552271628119,0.764915076698797,0.759194042841213,0,100000,2120.53052889481,98104.5814894664,4799316.73402115,47.9931673402115,2023.5,"Total","GMoH report",30.0491526597885
0,1,0.0219068,0.00878816,0.00951759,0.0113611,0.0137232,0.0154437,0.0173053,0.0194824,0.0181382,0.0163241,0.0160617,0.0172525,0.0202067,0.0252162,0.0335298,0.0548201,0.0564813,0.174646,0.10557607594,0.0214858078118314,0.0345454579760661,0.0464819594196186,0.0552366278678271,0.0663400070385224,0.0743479802437731,0.0829383187800394,0.0928878064967684,0.086756962171837,0.0784201539137417,0.0772082602171745,0.0826957298038957,0.0961750490889365,0.118604135966598,0.154682792278639,0.241062785044021,0.247463806293927,1,0.978514192188169,0.965454542023934,0.953518040580381,0.944763372132173,0.933659992961478,0.925652019756227,0.917061681219961,0.907112193503232,0.913243037828163,0.921579846086258,0.922791739782825,0.917304270196104,0.903824950911064,0.881395864033402,0.845317207721361,0.758937214955979,0.752536193706073,0,100000,2148.58078118315,98078.2579465343,4762120.12314627,47.6212012314627,2023.5,"Total","GMoH report",30.4211187685373
0,1,0.0211883,0.00856833,0.00899428,0.0100837,0.0130594,0.014417,0.0162228,0.0180953,0.0167953,0.015895,0.0147202,0.0170495,0.0193427,0.0257253,0.0324739,0.0540679,0.0561731,0.1735,0.107009806765,0.020794841957518,0.0336958850740863,0.0439824243996762,0.0491787408277871,0.0632325520252051,0.0695772615505638,0.0779524812191932,0.0865606477757583,0.080592559465042,0.0764375623655009,0.0709885845926965,0.0817624766364664,0.0922524703541996,0.120853987301201,0.15017738642725,0.238148964064626,0.24627975652225,1,0.979205158042482,0.966304114925914,0.956017575600324,0.950821259172213,0.936767447974795,0.930422738449436,0.922047518780807,0.913439352224242,0.919407440534958,0.923562437634499,0.929011415407303,0.918237523363534,0.9077475296458,0.879146012698799,0.84982261357275,0.761851035935374,0.75372024347775,0,100000,2079.48419575181,98143.0410062065,4887644.84136048,48.8764484136048,2023.5,"Total","GMoH report",29.1658715863952
0,1,0.0228407,0.00945917,0.00980664,0.0110324,0.0134817,0.0155645,0.0172842,0.0196986,0.0184047,0.0165559,0.015983,0.0175043,0.0198573,0.0263314,0.033678,0.0561864,0.0567034,0.178547,0.103712525185,0.02238248940743,0.037134163273575,0.0478598394598975,0.0536814129494414,0.0652106247991144,0.0749077459696389,0.0828413824439075,0.0938702202008775,0.0879755891843471,0.0794894514757803,0.0768444864333398,0.0838520705056211,0.0945907097482883,0.123525501522994,0.155313389196593,0.246330885795806,0.248316084355842,1,0.97761751059257,0.962865836726425,0.952140160540103,0.946318587050559,0.934789375200886,0.925092254030361,0.917158617556093,0.906129779799123,0.912024410815653,0.92051054852422,0.92315551356666,0.916147929494379,0.905409290251712,0.876474498477006,0.844686610803407,0.753669114204194,0.751683915644158,0,100000,2238.248940743,97993.8855088941,4735181.18324162,47.3518118324162,2023.5,"Total","GMoH report",30.6905081675838
0,1,0.0222129,0.00907346,0.0100698,0.0113775,0.0139032,0.0165794,0.0174436,0.0195948,0.0186093,0.0167387,0.0158111,0.0176198,0.020858,0.0268674,0.0344646,0.0561066,0.0554246,0.176652,0.104965268695,0.0217798871595274,0.0356469575137545,0.0491126144866069,0.0553141579206447,0.0671809253951165,0.0795977909613389,0.0835734456103771,0.0933986789159446,0.088910112603805,0.0803318722259296,0.0760494368716949,0.0843820144542955,0.099121318829629,0.125881714087325,0.158653202125098,0.24602406542681,0.243397480065855,1,0.978220112840473,0.964353042486246,0.950887385513393,0.944685842079355,0.932819074604883,0.920402209038661,0.916426554389623,0.906601321084055,0.911089887396195,0.91966812777407,0.923950563128305,0.915617985545705,0.900878681170371,0.874118285912675,0.841346797874902,0.75397593457319,0.756602519934145,0,100000,2177.98871595274,98050.6244548319,4704715.79618243,47.0471579618243,2023.5,"Total","GMoH report",30.9951620381757
0,1,0.0224727,0.00956525,0.0101892,0.0118324,0.0139046,0.0159283,0.0177122,0.0200759,0.0195664,0.0173178,0.0157149,0.0179241,0.0208292,0.027427,0.0344698,0.0551486,0.0559604,0.174899,0.104446850785,0.0220293484090345,0.0375427876999069,0.049680488906095,0.0574622103554747,0.06718746300476,0.0765915663829559,0.084805758606045,0.0955822507313559,0.0932696231156737,0.0829957408957873,0.075604218179334,0.0857768192836929,0.0989912296960382,0.128335364869323,0.158675240488522,0.242332284445124,0.245461667285141,1,0.977970651590966,0.962457212300093,0.950319511093905,0.942537789644525,0.93281253699524,0.923408433617044,0.915194241393955,0.904417749268644,0.906730376884326,0.917004259104213,0.924395781820666,0.914223180716307,0.901008770303962,0.871664635130677,0.841324759511478,0.757667715554876,0.754538332714859,0,100000,2202.93484090344,98027.1547657135,4672327.71577205,46.7232771577205,2023.5,"Total","GMoH report",31.3190428422795
0,1,0.0221771,0.00904413,0.0102714,0.0115793,0.0137187,0.0158358,0.0175021,0.0196163,0.0183894,0.0169847,0.015914,0.017048,0.0203768,0.0273602,0.0347573,0.0554234,0.0578225,0.175701,0.105036705805,0.0217455020070132,0.0355337758241117,0.0500712455218667,0.0562676500008625,0.06631897470431,0.0761637165438858,0.0838419734894747,0.0934963679914245,0.0879056687382615,0.0814643798681342,0.0765254355467717,0.081755577295659,0.0969454070728927,0.128042807917069,0.159892887364974,0.24339285157504,0.25259789547259,1,0.978254497992987,0.964466224175888,0.949928754478133,0.943732349999137,0.93368102529569,0.923836283456114,0.916158026510525,0.906503632008575,0.912094331261738,0.918535620131866,0.923474564453228,0.918244422704341,0.903054592927107,0.871957192082931,0.840107112635026,0.75660714842496,0.74740210452741,0,100000,2174.55020070131,98053.8573889879,4711741.6443038,47.117416443038,2023.5,"Total","GMoH report",30.924903556962
0,1,0.023045,0.00919892,0.00996034,0.0114549,0.0139056,0.016003,0.0178907,0.0195348,0.0184288,0.0171334,0.0162887,0.0169366,0.0206173,0.0282852,0.0355117,0.0550201,0.0558634,0.180723,0.10345153945,0.0225785063988399,0.0361309485888148,0.0485917247507405,0.055679978534707,0.0671921326988569,0.0769369451662608,0.0856238246029404,0.0931260052801341,0.0880857149412278,0.0821483007594213,0.078256748261483,0.0812430475041049,0.0980335330952864,0.132085815713454,0.163080348932072,0.241835910105949,0.245088331285205,1,0.97742149360116,0.963869051411185,0.95140827524926,0.944320021465293,0.932807867301143,0.923063054833739,0.91437617539706,0.906873994719866,0.911914285058772,0.917851699240579,0.921743251738517,0.918756952495895,0.901966466904714,0.867914184286546,0.836919651067928,0.758164089894051,0.754911668714795,0,100000,2257.850639884,97975.7274846602,4695720.5169594,46.957205169594,2023.5,"Total","GMoH report",31.085114830406
0,1,0.0215268,0.0085589,0.00927394,0.0104447,0.0126137,0.0147421,0.0161202,0.0179201,0.0169371,0.0160015,0.014322,0.0162074,0.0192284,0.026201,0.0323316,0.0536986,0.0559516,0.17335,0.10633434694,0.021120489062728,0.0336594246998725,0.0453189861050034,0.0508945541262928,0.0611404807935364,0.0710904439168341,0.0774785747002909,0.0857584978564084,0.0812453485189972,0.0769300110696716,0.0691346344147788,0.0778813639546053,0.091732334927691,0.122951377401742,0.149568525640966,0.236714858718982,0.245427804179216,1,0.978879510937272,0.966340575300128,0.954681013894997,0.949105445873707,0.938859519206464,0.928909556083166,0.922521425299709,0.914241502143592,0.918754651481003,0.923069988930328,0.930865365585221,0.922118636045395,0.908267665072309,0.877048622598258,0.850431474359034,0.763285141281018,0.754572195820784,0,100000,2112.0489062728,98112.5344348811,4884381.26042321,48.8438126042321,2023.5,"Total","GMoH report",29.1985073957679
0,1,0.021735,0.00895264,0.00978826,0.0114573,0.0137669,0.0160804,0.0174986,0.0195929,0.0183524,0.0173417,0.0157505,0.0176717,0.0210902,0.0267112,0.0342044,0.0554706,0.0571286,0.178494,0.10591889425,0.0213206783944508,0.0351806407763206,0.047772281226407,0.0556913196095925,0.0665442305800682,0.0772946767019067,0.0838259098353863,0.0933900454464315,0.0877365589393057,0.0831055224052617,0.075769000879133,0.0846200496705906,0.100169512375258,0.125195682700618,0.157549762277858,0.243574887160664,0.249945420172792,1,0.978679321605549,0.964819359223679,0.952227718773593,0.944308680390407,0.933455769419932,0.922705323298093,0.916174090164614,0.906609954553568,0.912263441060694,0.916894477594738,0.924230999120867,0.915379950329409,0.899830487624742,0.874804317299382,0.842450237722142,0.756425112839336,0.750054579827208,0,100000,2132.06783944507,98093.7584285749,4718288.75589662,47.1828875589662,2023.5,"Total","GMoH report",30.8594324410338
0,1,0.0223068,0.00928625,0.0104089,0.0114697,0.0138647,0.0163511,0.0182234,0.0198958,0.019687,0.0170337,0.0163149,0.0174124,0.020936,0.0283617,0.0333672,0.0556542,0.0553125,0.175064,0.10477789594,0.0218700648556401,0.0364677035753469,0.0507245335079234,0.0557499130555664,0.0670011237972217,0.078544766664481,0.087146725888604,0.0947654156102538,0.093817535449037,0.0816898010880176,0.0783776895806516,0.0834301999653101,0.0994735541745063,0.132419401641183,0.153990426594352,0.244282616071574,0.242964996568291,1,0.97812993514436,0.963532296424653,0.949275466492077,0.944250086944434,0.932998876202778,0.921455233335519,0.912853274111396,0.905234584389746,0.906182464550963,0.918310198911982,0.921622310419348,0.91656980003469,0.900526445825494,0.867580598358817,0.846009573405648,0.755717383928426,0.757035003431709,0,100000,2187.00648556401,98042.1434524005,4669534.53328169,46.6953453328169,2023.5,"Total","GMoH report",31.3469746671831
0,1,0.0221699,0.00930773,0.0102045,0.0112446,0.0136467,0.0157147,0.0175182,0.0194088,0.0183887,0.0173775,0.0152463,0.0172052,0.0204701,0.0268957,0.0333709,0.0556123,0.0562618,0.175837,0.105051073045,0.0217385862703002,0.0365505153436411,0.0497532328387426,0.0546857028639403,0.0659823951212472,0.0756032923541073,0.0839158628294527,0.0925531367009944,0.087902469641269,0.0832699414798354,0.0734325627946595,0.0824783583713722,0.0973676844084752,0.126005954147582,0.154006187309762,0.244121153006624,0.246620690138863,1,0.9782614137297,0.963449484656359,0.950246767161257,0.94531429713606,0.934017604878753,0.924396707645893,0.916084137170547,0.907446863299006,0.912097530358731,0.916730058520165,0.926567437205341,0.917521641628628,0.902632315591525,0.873994045852418,0.845993812690238,0.755878846993376,0.753379309861137,0,100000,2173.85862703003,98054.5075543876,4723889.99801065,47.2388999801065,2023.5,"Total","GMoH report",30.8034200198935
0,1,0.0216383,0.00840371,0.00924764,0.0101669,0.012905,0.0146395,0.0164552,0.0182047,0.017193,0.0155016,0.0145295,0.0166243,0.0195976,0.0258726,0.0329394,0.0558189,0.0561242,0.173802,0.106111854265,0.0212277089855946,0.0330592001384097,0.0451933699605452,0.0495744537162799,0.0625083251595403,0.0706131470831891,0.0790250668019033,0.0870611927603874,0.0824222841706357,0.074616319167002,0.070101162884668,0.0798047545474424,0.0934114017811351,0.121503942728412,0.15216633089989,0.244917005415967,0.246091744309993,1,0.978772291014405,0.96694079986159,0.954806630039455,0.95042554628372,0.93749167484046,0.929386852916811,0.920974933198097,0.912938807239613,0.917577715829364,0.925383680832998,0.929898837115332,0.920195245452558,0.906588598218865,0.878496057271588,0.84783366910011,0.755082994584033,0.753908255690007,0,100000,2122.77089855947,98102.4802576665,4874802.93984045,48.7480293984045,2023.5,"Total","GMoH report",29.2942906015955
0,1,0.0213607,0.00895202,0.00938997,0.0107919,0.0135164,0.0156267,0.0173754,0.0192096,0.0178992,0.0163647,0.0145201,0.0167916,0.0200363,0.0265515,0.0321564,0.055212,0.0544454,0.178394,0.106665791185,0.0209607223804033,0.0351782472540339,0.0458729851149016,0.0525419318151113,0.0653729815794488,0.0751958428079813,0.0832602975642551,0.0916467561811561,0.0856627626949274,0.0786075284480168,0.0700573989053848,0.0805755202360124,0.0954027068612879,0.124493759839082,0.148818344469734,0.242577084962611,0.239612503504271,1,0.979039277619597,0.964821752745966,0.954127014885098,0.947458068184889,0.934627018420551,0.924804157192019,0.916739702435745,0.908353243818844,0.914337237305073,0.921392471551983,0.929942601094615,0.919424479763988,0.904597293138712,0.875506240160918,0.851181655530266,0.757422915037389,0.760387496495729,0,100000,2096.07223804033,98127.5069656112,4789408.20044853,47.8940820044853,2023.5,"Total","GMoH report",30.1482379955147
0,1,0.021389,0.00871613,0.00936194,0.0105308,0.013195,0.0149671,0.0163452,0.0184334,0.0177846,0.0158116,0.0147879,0.0158255,0.0191082,0.0260982,0.0318429,0.0539699,0.0533779,0.174264,0.10660931995,0.0209879469207097,0.0342671658553465,0.045739181322035,0.0513033370456005,0.0638681494209756,0.0721363211685939,0.0785175378508026,0.0881067333535038,0.0851376522734443,0.0760517503600188,0.0713034300180888,0.0761160631082028,0.0911850448165891,0.122498522641025,0.147474463514394,0.237768627391376,0.235467586752685,1,0.97901205307929,0.965732834144653,0.954260818677965,0.948696662954399,0.936131850579024,0.927863678831406,0.921482462149197,0.911893266646496,0.914862347726556,0.923948249639981,0.928696569981911,0.923883936891797,0.908814955183411,0.877501477358975,0.852525536485606,0.762231372608625,0.764532413247315,0,100000,2098.79469207097,98124.9563827654,4853174.26346088,48.5317426346088,2023.5,"Total","GMoH report",29.5105773653912
0,1,0.0213161,0.00844551,0.00934444,0.0106578,0.0127785,0.0151421,0.0165006,0.018023,0.0177006,0.0160411,0.0145866,0.0164125,0.0203268,0.0259378,0.0330125,0.0550331,0.0550847,0.175685,0.106754788255,0.0209178142683537,0.0332209050287414,0.0456556341647147,0.0519059908273994,0.0619145619260693,0.07294899746376,0.0792344596862526,0.0862297050640754,0.0847525715787815,0.0771130544554372,0.0703669631387025,0.0788280851319305,0.0967190290983111,0.121791491621547,0.152478277185993,0.241886139711595,0.242085484306548,1,0.979082185731646,0.966779094971259,0.954344365835285,0.948094009172601,0.938085438073931,0.92705100253624,0.920765540313747,0.913770294935925,0.915247428421218,0.922886945544563,0.929633036861298,0.921171914868069,0.903280970901689,0.878208508378453,0.847521722814007,0.758113860288405,0.757914515693452,0,100000,2091.78142683537,98131.5262564622,4850122.4802131,48.501224802131,2023.5,"Total","GMoH report",29.541095197869
0,1,0.0216799,0.00889206,0.00946708,0.0107145,0.0130692,0.0149073,0.0166152,0.0187854,0.0177367,0.0159233,0.0147473,0.0165899,0.0203417,0.0257091,0.0327267,0.0541733,0.0546093,0.173553,0.106028843545,0.0212677062200249,0.0349467429301216,0.0462409823031439,0.0521749293000369,0.0632785015198422,0.0718584609140403,0.0797628123025756,0.0897137292751849,0.0849180835679508,0.0765684442299818,0.0711146281121059,0.0796461940147853,0.0967864953679352,0.120782477987903,0.151258057337345,0.238557836843337,0.240247174881816,1,0.978732293779975,0.965053257069878,0.953759017696856,0.947825070699963,0.936721498480158,0.92814153908596,0.920237187697424,0.910286270724815,0.915081916432049,0.923431555770018,0.928885371887894,0.920353805985215,0.903213504632065,0.879217522012097,0.848741942662655,0.761442163156663,0.759752825118184,0,100000,2126.7706220025,98098.7284075339,4828359.2325649,48.283592325649,2023.5,"Total","GMoH report",29.758727674351
0,1,0.0212925,0.00833614,0.00857202,0.0100515,0.0122673,0.0141173,0.0155747,0.0172695,0.0163549,0.0150436,0.0140549,0.0154093,0.018914,0.0259272,0.0320699,0.0534946,0.0544344,0.175341,0.106801880875,0.0208951080394788,0.0327977467822768,0.0419608763223678,0.0490255492297919,0.059511389819178,0.0681801991851101,0.0749549960572672,0.0827738428042308,0.0785623034579394,0.0724916611170489,0.0678890649524978,0.074188517204598,0.0903001570728121,0.121744748867882,0.148447739590284,0.23592166257327,0.239569891715944,1,0.979104891960521,0.967202253217723,0.958039123677632,0.950974450770208,0.940488610180822,0.93181980081489,0.925045003942733,0.917226157195769,0.921437696542061,0.927508338882951,0.932110935047502,0.925811482795402,0.909699842927188,0.878255251132118,0.851552260409716,0.76407833742673,0.760430108284056,0,100000,2089.51080394788,98133.6528800224,4962776.59007629,49.6277659007629,2023.5,"Total","GMoH report",28.4145540992371
0,1,0.0220116,0.00854798,0.00944628,0.010895,0.0127039,0.0147088,0.01668,0.0190521,0.0176884,0.0160066,0.0146243,0.0162196,0.0204241,0.025054,0.0327076,0.0543675,0.0562502,0.17565,0.10536695278,0.0215865118298621,0.0336172016650228,0.0461417307296088,0.0530305795884593,0.0615642352786102,0.0709355576732396,0.0800614380339829,0.0909295049469982,0.0846966303110165,0.0769535867940557,0.0705424163513812,0.0779377040389256,0.0971595110746506,0.117886197988961,0.151176452643771,0.239310690135188,0.246576111089924,1,0.978413488170138,0.966382798334977,0.953858269270391,0.946969420411541,0.93843576472139,0.92906444232676,0.919938561966017,0.909070495053002,0.915303369688984,0.923046413205944,0.929457583648619,0.922062295961074,0.902840488925349,0.882113802011039,0.848823547356229,0.760689309864812,0.753423888910076,0,100000,2158.6511829862,98068.79931428,4836712.53902738,48.3671253902738,2023.5,"Total","GMoH report",29.6751946097262
0,1,0.0216223,0.00839574,0.00886918,0.0102354,0.0123362,0.0142978,0.0162369,0.0175464,0.0167521,0.0153839,0.0146642,0.0161049,0.0183729,0.02578,0.0319762,0.0539617,0.0544265,0.174008,0.106143781465,0.0212123245809647,0.0330283648718221,0.0433839498491914,0.0499001305104338,0.0598356389761559,0.0690218485350393,0.0780175904635077,0.0840452701783562,0.0803935960970562,0.0740707571959337,0.0707280734628164,0.0774078844060716,0.0878302586042261,0.121095401380995,0.148046119207493,0.237736795857448,0.239539287431521,1,0.978787675419035,0.966971635128178,0.956616050150809,0.950099869489566,0.940164361023844,0.930978151464961,0.921982409536492,0.915954729821644,0.919606403902944,0.925929242804066,0.929271926537184,0.922592115593928,0.912169741395774,0.878904598619005,0.851953880792507,0.762263204142552,0.760460712568479,0,100000,2121.23245809648,98103.9231763722,4923828.15607099,49.2382815607099,2023.5,"Total","GMoH report",28.8040384392901
0,1,0.0211224,0.00863353,0.00901211,0.0101539,0.012314,0.0142253,0.0159137,0.0176255,0.0170848,0.0153501,0.0141735,0.0161595,0.0198623,0.0260137,0.0322658,0.0532678,0.054616,0.176754,0.10714130692,0.0207314195564831,0.0339479389021011,0.0440676927634245,0.0495126341600068,0.0597311757544008,0.0686838780731162,0.0765240481378709,0.0844081599423407,0.0819248267978119,0.0739140305973202,0.0684423315349727,0.0776601279076892,0.094613400631588,0.122126119418225,0.149286850821879,0.235038976957993,0.240273109613388,1,0.979268580443517,0.966052061097899,0.955932307236576,0.950487365839993,0.940268824245599,0.931316121926884,0.923475951862129,0.915591840057659,0.918075173202188,0.92608596940268,0.931557668465027,0.922339872092311,0.905386599368412,0.877873880581775,0.850713149178121,0.764961023042007,0.759726890386612,0,100000,2073.1419556483,98148.9771829105,4916776.82022274,49.1677682022274,2023.5,"Total","GMoH report",28.8745517977726
0,1,0.0223577,0.00898164,0.0100048,0.0107036,0.0137288,0.0154623,0.0173626,0.0190872,0.0188854,0.0169898,0.0152361,0.0174815,0.020512,0.0270593,0.0331512,0.0551472,0.056324,0.173425,0.104676327535,0.0219189402853729,0.0352925893358354,0.0488033310829532,0.0521232343714543,0.0663661799710342,0.0744341905390694,0.0832015135040849,0.0910893961924869,0.0901697695837573,0.0814878445467971,0.0733852379405355,0.0837474235385281,0.0975572635263679,0.126723853104241,0.153069874907423,0.242326877985847,0.246859687415082,1,0.978081059714627,0.964707410664165,0.951196668917047,0.947876765628546,0.933633820028966,0.925565809460931,0.916798486495915,0.908910603807513,0.909830230416243,0.918512155453203,0.926614762059464,0.916252576461472,0.902442736473632,0.873276146895759,0.846930125092577,0.757673122014153,0.753140312584918,0,100000,2191.8940285373,98037.5453887159,4748708.81332314,47.4870881332314,2023.5,"Total","GMoH report",30.5552318667686
0,1,0.0226883,0.00962912,0.00993243,0.0114211,0.013985,0.016135,0.0178711,0.0198435,0.0193634,0.0172787,0.0159696,0.0182119,0.0204002,0.027104,0.0353538,0.0556751,0.0568992,0.177418,0.104016631765,0.0222362734844271,0.0377887354631541,0.0484588643060028,0.0555202443433261,0.0675628344022126,0.0775469499080827,0.0855340319060112,0.0945280801060395,0.0923466377847948,0.0828161130678369,0.0767825341082618,0.0870941262073126,0.0970513334674912,0.126919907095227,0.162414110087014,0.244363143827697,0.249066752579125,1,0.977763726515573,0.962211264536846,0.951541135693997,0.944479755656674,0.932437165597787,0.922453050091917,0.914465968093989,0.90547191989396,0.907653362215205,0.917183886932163,0.923217465891738,0.912905873792687,0.902948666532509,0.873080092904773,0.837585889912986,0.755636856172303,0.750933247420875,0,100000,2223.62734844271,98007.6668786428,4676354.36239942,46.7635436239942,2023.5,"Total","GMoH report",31.2787763760058
0,1,0.0216843,0.00899036,0.00969567,0.010988,0.0132406,0.0155777,0.0172022,0.0188983,0.0179514,0.0162313,0.0151011,0.0165933,0.0202539,0.026239,0.0324656,0.0552864,0.0543064,0.175708,0.106020063565,0.0212719365094127,0.0353262486150032,0.0473310835821135,0.0534711475760849,0.0640817964159378,0.0749688927004505,0.0824645699375507,0.0902285829281236,0.0859018536604974,0.0779917320009331,0.0727586604805432,0.079661866861517,0.0963888734881461,0.123118719779279,0.150141884117488,0.242864271807812,0.239073893742197,1,0.978728063490587,0.964673751384997,0.952668916417886,0.946528852423915,0.935918203584062,0.92503110729955,0.917535430062449,0.909771417071876,0.914098146339503,0.922008267999067,0.927241339519457,0.920338133138483,0.903611126511854,0.876881280220721,0.849858115882512,0.757135728192188,0.760926106257803,0,100000,2127.19365094126,98098.3315551466,4786707.45293689,47.8670745293689,2023.5,"Total","GMoH report",30.1752454706311
0,1,0.0215428,0.00899586,0.00944707,0.0107724,0.0135224,0.0153034,0.0168617,0.0185593,0.018067,0.0165572,0.0153212,0.0167187,0.0201778,0.0267308,0.0336025,0.0552884,0.0544907,0.175731,0.10630241974,0.0211358762950286,0.0353474780718256,0.0461455005649448,0.0524494829740265,0.0654010520349079,0.0736974462525469,0.0808982931269531,0.0886818188008246,0.0864311222842272,0.0794954450433218,0.0737800044880926,0.0802397396613111,0.0960441032343927,0.125281793580402,0.154992187545044,0.242871990588822,0.239787964858247,1,0.978864123704971,0.964652521928174,0.953854499435055,0.947550517025973,0.934598947965092,0.926302553747453,0.919101706873047,0.911318181199175,0.913568877715773,0.920504554956678,0.926219995511907,0.919760260338689,0.903955896765607,0.874718206419598,0.845007812454956,0.757128009411178,0.760212035141753,0,100000,2113.58762950286,98111.0918498458,4794228.52724003,47.9422852724003,2023.5,"Total","GMoH report",30.1000347275997
0,1,0.0211983,0.00852199,0.0089588,0.0101039,0.0126573,0.01413,0.0158844,0.0178281,0.0166141,0.0155006,0.0138164,0.0158495,0.0192649,0.0248705,0.0325382,0.0545334,0.0524569,0.173901,0.106989852265,0.0208044652927751,0.0335167020014218,0.0438127263675461,0.0492748301101258,0.0613453342519325,0.0682394417211987,0.0763885348909456,0.0853370082098356,0.0797577422367606,0.0746116852779515,0.066775507205611,0.0762270965818163,0.0918984632388736,0.11707331998809,0.150452376229429,0.239953323562141,0.231875787505948,1,0.979195534707225,0.966483297998578,0.956187273632454,0.950725169889874,0.938654665748067,0.931760558278801,0.923611465109054,0.914662991790164,0.920242257763239,0.925388314722049,0.933224492794389,0.923772903418184,0.908101536761126,0.88292668001191,0.849547623770571,0.760046676437859,0.768124212494052,0,100000,2080.44652927751,98142.1401375351,4928624.60181699,49.2862460181699,2023.5,"Total","GMoH report",28.7560739818301
0,1,0.0218614,0.00867396,0.00955549,0.0107899,0.0133256,0.015246,0.0172121,0.0189032,0.0178107,0.0162171,0.014741,0.01684,0.0192492,0.0253284,0.0321241,0.0551905,0.0555583,0.173813,0.10566666937,0.0214421758993914,0.0341042030144417,0.046662736714871,0.0525324502866307,0.0644799160758491,0.0734311709203701,0.0825100710166364,0.0902509219313674,0.0852572708166641,0.0779261592087399,0.0710853279516614,0.0807983878706458,0.0918270088529686,0.119100440976902,0.148679974109289,0.242494076655818,0.24391301837767,1,0.978557824100609,0.965895796985558,0.953337263285129,0.947467549713369,0.935520083924151,0.92656882907963,0.917489928983364,0.909749078068633,0.914742729183336,0.92207384079126,0.928914672048339,0.919201612129354,0.908172991147031,0.880899559023098,0.851320025890711,0.757505923344182,0.75608698162233,0,100000,2144.21758993914,98082.3547411943,4811130.29105048,48.1113029105048,2023.5,"Total","GMoH report",29.9310170894952
0,1,0.0214751,0.00947253,0.00989244,0.0113141,0.0136794,0.0158521,0.0172369,0.0191718,0.0187928,0.0169023,0.0149912,0.0178449,0.0201537,0.0263848,0.0349707,0.0556276,0.0565337,0.177086,0.106437511705,0.0210707658305095,0.037185635896797,0.0482684676985016,0.0550144038339556,0.0661352728707303,0.0762391244387127,0.082624044038291,0.0914746650418754,0.0897474837198729,0.0810851847063448,0.0722482789996511,0.085413989736383,0.0959348923977106,0.123760509286447,0.16079565819031,0.24418011551539,0.247664958797127,1,0.978929234169491,0.962814364103203,0.951731532301498,0.944985596166044,0.93386472712927,0.923760875561287,0.917375955961709,0.908525334958125,0.910252516280127,0.918914815293655,0.927751721000349,0.914586010263617,0.904065107602289,0.876239490713553,0.83920434180969,0.75581988448461,0.752335041202873,0,100000,2107.07658305095,98117.1954054209,4729619.76295046,47.2961976295046,2023.5,"Total","GMoH report",30.7461223704954
0,1,0.0211976,0.00827822,0.00924366,0.0103689,0.0128801,0.0142509,0.0160915,0.0182217,0.0166651,0.0155133,0.014574,0.0155897,0.018959,0.0254779,0.0325518,0.0536234,0.0527205,0.17297,0.10699124908,0.0208037916653229,0.032573577518234,0.0451743589625799,0.0505345312473728,0.0623914787852454,0.0688032301197173,0.0773459683747445,0.0871389504657458,0.0799927807728557,0.0746705340117874,0.070308316488733,0.0750244772668812,0.0905052761726088,0.119761331904665,0.150510528450003,0.236422547866799,0.232905291454661,1,0.979196208334677,0.967426422481766,0.95482564103742,0.949465468752627,0.937608521214755,0.931196769880283,0.922654031625255,0.912861049534254,0.920007219227144,0.925329465988213,0.929691683511267,0.924975522733119,0.909494723827391,0.880238668095335,0.849489471549997,0.763577452133201,0.767094708545339,0,100000,2080.37916653229,98142.203199055,4906597.76363045,49.0659776363045,2023.5,"Total","GMoH report",28.9763423636955
0,1,0.021203,0.00890489,0.00933911,0.0104953,0.0127459,0.0144631,0.0168203,0.0182058,0.0173654,0.0153093,0.0141492,0.0161082,0.0196256,0.0264528,0.0344455,0.0540625,0.0555708,0.175492,0.10698047365,0.0208089881965007,0.0349962838832223,0.0456301866684569,0.0511348120185542,0.061761485698586,0.0697919790688242,0.0807076814636907,0.0870662243326133,0.0832143728253468,0.0737248118450514,0.0683289983416604,0.0774231317719766,0.0935386210946139,0.124059684917065,0.158572248993257,0.2381280110117,0.243961202078799,1,0.979191011803499,0.965003716116778,0.954369813331543,0.948865187981446,0.938238514301414,0.930208020931176,0.919292318536309,0.912933775667387,0.916785627174653,0.926275188154949,0.93167100165834,0.922576868228023,0.906461378905386,0.875940315082935,0.841427751006743,0.7618719889883,0.756038797921201,0,100000,2080.89881965007,98141.7167216938,4862086.25551063,48.6208625551063,2023.5,"Total","GMoH report",29.4214574448937
0,1,0.0213111,0.00816141,0.00901561,0.0104968,0.0124878,0.0146748,0.0162442,0.0181546,0.0171501,0.015908,0.0142179,0.0156771,0.0190232,0.0253445,0.0312111,0.0542847,0.0542902,0.172934,0.106764765505,0.0209130037126148,0.0321213293232951,0.0440844299316596,0.0511419333841336,0.0605486998645778,0.0707773898968541,0.0780512977718368,0.0868319994566603,0.082225079174139,0.0764976869884686,0.0686493751235763,0.0754292213836172,0.0907978364921083,0.119171636167859,0.144760188223355,0.23898977887655,0.239011099072795,1,0.979086996287385,0.967878670676705,0.95591557006834,0.948858066615866,0.939451300135422,0.929222610103146,0.921948702228163,0.91316800054334,0.917774920825861,0.923502313011531,0.931350624876424,0.924570778616383,0.909202163507892,0.880828363832141,0.855239811776645,0.76101022112345,0.760988900927205,0,100000,2091.30037126149,98131.9768224768,4904889.92710913,49.0488992710913,2023.5,"Total","GMoH report",28.9934207289087
0,1,0.0216434,0.00863879,0.00899631,0.0103241,0.0122214,0.0142235,0.0159286,0.0176817,0.017623,0.0149862,0.0145089,0.0163705,0.0195886,0.0253143,0.0313875,0.0523369,0.0537015,0.172605,0.10610167747,0.0212326126649832,0.0339682704891619,0.0439921328385579,0.050321684736529,0.0592953204273238,0.0686754855772306,0.0765929536944562,0.0846659070770877,0.08439669271089,0.0722250523029441,0.070005251998208,0.0786342932556461,0.0933705062530298,0.119038085481725,0.145518820086349,0.231406723616844,0.236726129404465,1,0.978767387335017,0.966031729510838,0.956007867161442,0.949678315263471,0.940704679572676,0.931324514422769,0.923407046305544,0.915334092922912,0.91560330728911,0.927774947697056,0.929994748001792,0.921365706744354,0.90662949374697,0.880961914518275,0.854481179913651,0.768593276383156,0.763273870595535,0,100000,2123.26126649832,98102.0203155842,4916271.33664103,49.1627133664103,2023.5,"Total","GMoH report",28.8796066335897
0,1,0.0212256,0.00868706,0.00969591,0.0108009,0.0129018,0.015222,0.0169091,0.0184231,0.0177327,0.0164429,0.0148644,0.0164323,0.0201861,0.0258681,0.0334097,0.0549707,0.0548986,0.173141,0.10693537648,0.0208307360570142,0.0341548298869643,0.0473322274562126,0.0525845975507843,0.0624933095472095,0.0733198144606981,0.0811164831854234,0.0880596697457669,0.084899745698625,0.0789683291514875,0.071659077038184,0.0789194306013246,0.0960817123650687,0.121484093314338,0.154171445632158,0.24164501142601,0.241366317680468,1,0.979169263942986,0.965845170113036,0.952667772543787,0.947415402449216,0.93750669045279,0.926680185539302,0.918883516814577,0.911940330254233,0.915100254301375,0.921031670848512,0.928340922961816,0.921080569398675,0.903918287634931,0.878515906685662,0.845828554367842,0.75835498857399,0.758633682319532,0,100000,2083.07360570143,98139.6806545598,4820277.02705368,48.2027702705368,2023.5,"Total","GMoH report",29.8395497294632
0,1,0.0225885,0.009667,0.0105489,0.0121019,0.0147758,0.0165275,0.0185013,0.0211208,0.0198115,0.0181144,0.016194,0.0179578,0.021696,0.0275452,0.0350552,0.0559954,0.0572909,0.177533,0.104215777675,0.0221404997861182,0.0379345729662701,0.0513892498554983,0.0587325610486144,0.0712471653360683,0.0793585057409175,0.0884169296487251,0.100307560206003,0.0943828361062048,0.0866480561300926,0.0778194784163155,0.0859311633853944,0.102898770678403,0.128852809012942,0.161152883588106,0.245596337156033,0.250566543091061,1,0.977859500213882,0.96206542703373,0.948610750144502,0.941267438951386,0.928752834663932,0.920641494259083,0.911583070351275,0.899692439793997,0.905617163893795,0.913351943869907,0.922180521583685,0.914068836614606,0.897101229321597,0.871147190987058,0.838847116411894,0.754403662843967,0.749433456908939,0,100000,2214.04997861182,98016.6889617205,4599330.70123709,45.9933070123709,2023.5,"Total","GMoH report",32.0490129876291
0,1,0.0219215,0.00895631,0.00973181,0.011084,0.0136363,0.0155875,0.0177738,0.0195394,0.0183238,0.0166468,0.0155483,0.0172251,0.0202518,0.0268283,0.0326581,0.0543935,0.0577483,0.177929,0.105546742825,0.0214999345070116,0.0351948087646266,0.047503316864756,0.0539257183446692,0.0659337683854149,0.0750142870033386,0.0850881505733486,0.0931469130193731,0.087605821136641,0.0799084500348977,0.0748326969452167,0.0825698166289612,0.0963793611353955,0.125710033753619,0.150964930507484,0.239411435242802,0.252314645406657,1,0.978500065492988,0.964805191235373,0.952496683135244,0.946074281655331,0.934066231614585,0.924985712996661,0.914911849426651,0.906853086980627,0.912394178863359,0.920091549965102,0.925167303054783,0.917430183371039,0.903620638864605,0.874289966246381,0.849035069492516,0.760588564757198,0.747685354593343,0,100000,2149.99345070116,98076.9313551154,4746990.68755491,47.4699068755491,2023.5,"Total","GMoH report",30.5724131244509
0,1,0.0203213,0.00850737,0.00857792,0.0100891,0.0120341,0.0140276,0.0154874,0.0171715,0.0170009,0.0149442,0.0136721,0.0161545,0.019097,0.0252668,0.0317407,0.0531025,0.0535131,0.170471,0.108739861915,0.0199597968490853,0.033460164009029,0.0419891510534882,0.0492044289887247,0.0584131264863758,0.0677616661304705,0.0745505158519849,0.0823234568996204,0.0815389127457519,0.0720299259514894,0.0661011462943718,0.0776370314390449,0.0911340334099266,0.11882799221571,0.147035940785754,0.23439508720433,0.235993623998954,1,0.980040203150915,0.966539835990971,0.958010848946512,0.950795571011275,0.941586873513624,0.932238333869529,0.925449484148015,0.91767654310038,0.918461087254248,0.927970074048511,0.933898853705628,0.922362968560955,0.908865966590073,0.88117200778429,0.852964059214246,0.76560491279567,0.764006376001046,0,100000,1995.97968490854,98221.0628704136,4970494.49331421,49.7049449331421,2023.5,"Total","GMoH report",28.3373750668579
0,1,0.0219427,0.00875876,0.00958732,0.010785,0.0131549,0.0152037,0.0170351,0.0187254,0.0179502,0.0168316,0.0145628,0.0162036,0.0194072,0.0251979,0.0317847,0.0544169,0.0567019,0.177177,0.105504439285,0.0215203069950425,0.0344318788732011,0.0468145351765284,0.0525092201516608,0.0636802322809193,0.0732348965098336,0.0816962409159325,0.0894400005349568,0.0858963579871477,0.080759712075572,0.0702561831404072,0.0778638147291374,0.0925458599661618,0.118523162978933,0.147224762711601,0.239502095982786,0.248310331093433,1,0.978479693004958,0.965568121126799,0.953185464823472,0.947490779848339,0.936319767719081,0.926765103490166,0.918303759084067,0.910559999465043,0.914103642012852,0.919240287924428,0.929743816859593,0.922136185270863,0.907454140033838,0.881476837021067,0.852775237288399,0.760497904017214,0.751689668906567,0,100000,2152.03069950425,98075.0180927711,4813215.79405006,48.1321579405006,2023.5,"Total","GMoH report",29.9101620594994
0,1,0.021912,0.00908806,0.00957324,0.0107859,0.0131147,0.0152173,0.0165577,0.0189619,0.0180882,0.0159265,0.0144342,0.0170934,0.0203134,0.0258436,0.0329055,0.0564034,0.0563892,0.177487,0.1055656996,0.021490805055886,0.03570329266807,0.0467473900394469,0.0525134869526924,0.0634918099017053,0.0732980056466819,0.0794977502516458,0.0905184934477336,0.0865281536288276,0.0765832424719271,0.0696573786622822,0.0819643753653259,0.096658350649777,0.121376016922645,0.152021630586814,0.247164679316587,0.247110141957785,1,0.978509194944114,0.96429670733193,0.953252609960553,0.947486513047308,0.936508190098295,0.926701994353318,0.920502249748354,0.909481506552266,0.913471846371172,0.923416757528073,0.930342621337718,0.918035624634674,0.903341649350223,0.878623983077355,0.847978369413186,0.752835320683413,0.752889858042215,0,100000,2149.0805055886,98077.7886814806,4803145.2565492,48.031452565492,2023.5,"Total","GMoH report",30.010867434508
0,1,0.0214432,0.0088506,0.0098194,0.0113148,0.0132368,0.0159611,0.0171133,0.0189651,0.0187142,0.0172436,0.0152516,0.0164995,0.0198278,0.0260344,0.0332631,0.0556577,0.0557282,0.171894,0.10650116656,0.021040083071536,0.034786634819729,0.0479206206441179,0.0550177139261704,0.0640639943006044,0.0767432339225952,0.082055882658261,0.0905330778148347,0.0893888958148542,0.0826548328122948,0.0734571522421587,0.0792293868299962,0.0944568225353347,0.122217360851612,0.153546886406897,0.244296102095937,0.244567705048755,1,0.978959916928464,0.965213365180271,0.952079379355882,0.94498228607383,0.935936005699396,0.923256766077405,0.917944117341739,0.909466922185165,0.910611104185146,0.917345167187705,0.926542847757841,0.920770613170004,0.905543177464665,0.877782639148388,0.846453113593103,0.755703897904063,0.755432294951245,0,100000,2104.00830715361,98120.0710320102,4763536.9915468,47.635369915468,2023.5,"Total","GMoH report",30.406950084532
0,1,0.0212856,0.00894048,0.00945872,0.0108047,0.0130774,0.0151007,0.0170394,0.0192576,0.0178945,0.0163455,0.014853,0.0161357,0.020042,0.0266788,0.0336308,0.0536995,0.0558747,0.174737,0.10681564948,0.0208884691593773,0.0351336957909106,0.0462010920172857,0.0526026114112132,0.0633169473808056,0.0727568033491632,0.0817160201170441,0.091865239890702,0.0856412324163156,0.0785189223853746,0.0716060869753865,0.0775501837501565,0.095428552382857,0.125053318796247,0.155112598090357,0.236718356533344,0.245131831180805,1,0.979111530840623,0.964866304209089,0.953798907982714,0.947397388588787,0.936683052619194,0.927243196650837,0.918283979882956,0.908134760109298,0.914358767583684,0.921481077614625,0.928393913024613,0.922449816249843,0.904571447617143,0.874946681203753,0.844887401909643,0.763281643466656,0.754868168819195,0,100000,2088.84691593774,98134.2746240524,4807314.57123557,48.0731457123557,2023.5,"Total","GMoH report",29.9691742876443
0,1,0.0212979,0.00811408,0.0092098,0.00995452,0.0124711,0.0140003,0.0154509,0.0172715,0.016082,0.0154556,0.0140197,0.0158387,0.018106,0.0249397,0.031872,0.0528579,0.0554743,0.175391,0.106791105445,0.020900303623378,0.0319380246262808,0.0450126072249492,0.0485640211992296,0.0604701759711165,0.0676342505065818,0.074381352886707,0.0827830321505303,0.0773020702649958,0.0744031371824089,0.0677247966703034,0.0761771331047351,0.0866096157433761,0.117379948260894,0.147599288678127,0.233441439356584,0.243589155304701,1,0.979099696376622,0.968061975373719,0.954987392775051,0.95143597880077,0.939529824028884,0.932365749493418,0.925618647113293,0.91721696784947,0.922697929735004,0.925596862817591,0.932275203329697,0.923822866895265,0.913390384256624,0.882620051739106,0.852400711321873,0.766558560643416,0.756410844695299,0,100000,2090.0303623378,98133.1662904699,4959299.62996929,49.5929962996929,2023.5,"Total","GMoH report",28.4493237003071
0,1,0.022064,0.00894004,0.00981353,0.0112614,0.013466,0.0158316,0.0171873,0.0191328,0.0185436,0.0169809,0.0149224,0.0169698,0.0200166,0.0266211,0.0336595,0.0539359,0.0545096,0.173831,0.1052623912,0.0216368562065722,0.0351319970816208,0.0478926598641094,0.0547651688196364,0.0651371575897414,0.0761442853308888,0.0823960844445648,0.0912970781575672,0.088610123294204,0.0814468960089059,0.071928630510187,0.0813958229109158,0.0953133757094362,0.124799734471642,0.155234694501101,0.237636635480913,0.23986116024832,1,0.978363143793428,0.964868002918379,0.952107340135891,0.945234831180364,0.934862842410259,0.923855714669111,0.917603915555435,0.908702921842433,0.911389876705796,0.918553103991094,0.928071369489813,0.918604177089084,0.904686624290564,0.875200265528358,0.844765305498899,0.762363364519087,0.76013883975168,0,100000,2163.68562065721,98064.0691015782,4757573.57372451,47.5757357372451,2023.5,"Total","GMoH report",30.4665842627549
0,1,0.0206804,0.00834225,0.00929067,0.0100513,0.0125847,0.0142657,0.0163197,0.0178614,0.016648,0.0149209,0.0144978,0.0157332,0.0187543,0.0251681,0.0325504,0.0546527,0.0541906,0.17307,0.10802329582,0.0203058298292609,0.0328213914936246,0.0453988848560853,0.0490245976540008,0.0610042010767728,0.0688722237926046,0.0783998451190275,0.0854895905675901,0.0799139801463106,0.0719216602489776,0.0699535679079599,0.0756889274178728,0.0895718563367588,0.118391290409605,0.150504542360844,0.240415156447988,0.238624929710126,1,0.979694170170739,0.967178608506375,0.954601115143915,0.950975402345999,0.938995798923227,0.931127776207395,0.921600154880972,0.91451040943241,0.920086019853689,0.928078339751022,0.93004643209204,0.924311072582127,0.910428143663241,0.881608709590395,0.849495457639156,0.759584843552012,0.761375070289874,0,100000,2030.58298292609,98188.7672833256,4922369.10406364,49.2236910406364,2023.5,"Total","GMoH report",28.8186289593636
0,1,0.0214174,0.0087088,0.00925668,0.0102843,0.0126976,0.014844,0.0163467,0.0181952,0.0174027,0.0153094,0.01453,0.0160348,0.0196012,0.0256163,0.0330035,0.0543535,0.0545928,0.17218,0.10655264917,0.0210152661718032,0.0342388415533602,0.0452365493459997,0.0501325544262844,0.0615346442528379,0.0715642506580787,0.07852446050371,0.0870177371715409,0.0833856608977374,0.0737252756619523,0.0701034907003112,0.0770839362476408,0.0934277595011644,0.120372739483897,0.152439876352039,0.239256437993765,0.240183302507211,1,0.978984733828197,0.96576115844664,0.954763450654,0.949867445573716,0.938465355747162,0.928435749341921,0.92147553949629,0.912982262828459,0.916614339102263,0.926274724338048,0.929896509299689,0.922916063752359,0.906572240498836,0.879627260516103,0.847560123647961,0.760743562006235,0.759816697492789,0,100000,2101.52661718032,98122.3966111815,4877142.9391261,48.771429391261,2023.5,"Total","GMoH report",29.270890608739
0,1,0.0224969,0.00952858,0.0102896,0.0115873,0.0146943,0.0164874,0.0177702,0.0205023,0.0189134,0.0174293,0.0160777,0.0177104,0.0212131,0.0274642,0.0349806,0.0568024,0.0579751,0.175458,0.104398560895,0.0220525789926561,0.0374015526273325,0.0501577422386529,0.0563054302210005,0.0708681069404619,0.0791735836426264,0.0850716494378967,0.0975133786426376,0.0902974218537769,0.0835077940144595,0.0772821999352525,0.0847975056402714,0.100723837886334,0.128498246168919,0.160837517811139,0.248695716134591,0.25318014014299,1,0.977947421007344,0.962598447372668,0.949842257761347,0.943694569778999,0.929131893059538,0.920826416357374,0.914928350562103,0.902486621357362,0.909702578146223,0.91649220598554,0.922717800064748,0.915202494359729,0.899276162113666,0.871501753831081,0.839162482188861,0.751304283865409,0.74681985985701,0,100000,2205.25789926561,98024.9678518201,4648153.26293322,46.4815326293322,2023.5,"Total","GMoH report",31.5607873706678
0,1,0.021331,0.00832705,0.00902648,0.0101283,0.0121924,0.014096,0.0159772,0.0178292,0.0161693,0.0145608,0.014107,0.0158519,0.0193066,0.0247905,0.0326662,0.0533839,0.0538372,0.170821,0.10672505605,0.0209321494503413,0.0327625689012615,0.0441364089679475,0.0493908857301484,0.0591587811905314,0.0680808314980101,0.0768176717377779,0.0853420488563269,0.0777053953763528,0.0702468733174965,0.0681321494203189,0.0762381992242911,0.0920882237484456,0.116718711929763,0.150999546532639,0.235490938253432,0.237253358693382,1,0.979067850549659,0.967237431098738,0.955863591032053,0.950609114269852,0.940841218809469,0.93191916850199,0.923182328262222,0.914657951143673,0.922294604623647,0.929753126682504,0.931867850579681,0.923761800775709,0.907911776251554,0.883281288070237,0.849000453467361,0.764509061746568,0.762746641306618,0,100000,2093.21494503412,98130.1835372993,4948811.81385379,49.4881181385379,2023.5,"Total","GMoH report",28.5542018614621
0,1,0.0221128,0.00892706,0.00959194,0.010798,0.0127483,0.0150772,0.0169466,0.019309,0.0179843,0.016939,0.0152128,0.0174717,0.0202018,0.0268509,0.0341162,0.0544612,0.0547687,0.173898,0.10516501324,0.0216837372324101,0.0350818838361631,0.0468365661687581,0.0525708499067668,0.0617727559386677,0.0726476905982791,0.0812890667533924,0.0920991440679785,0.0860525144126227,0.0812540923252562,0.0732771244046426,0.0837024401893589,0.0961528484647138,0.125809269700497,0.157175429067148,0.239673705918129,0.240863982063849,1,0.97831626276759,0.964918116163837,0.953163433831242,0.947429150093233,0.938227244061332,0.927352309401721,0.918710933246608,0.907900855932022,0.913947485587377,0.918745907674744,0.926722875595357,0.916297559810641,0.903847151535286,0.874190730299503,0.842824570932852,0.760326294081871,0.759136017936151,0,100000,2168.37372324101,98059.6633280729,4791257.66719808,47.9125766719808,2023.5,"Total","GMoH report",30.1297433280192
0,1,0.0217806,0.00886911,0.00930293,0.0103788,0.0127142,0.0145036,0.0161981,0.0184474,0.0173302,0.0159154,0.0144969,0.0168073,0.0192521,0.0262716,0.0320877,0.0547525,0.0563164,0.176148,0.10582790173,0.0213645131843998,0.0348581190161061,0.0454574317364403,0.0505815602560366,0.0616126123113767,0.0699805743544809,0.0778384139668105,0.0881706995909163,0.0830527002359283,0.076531910095178,0.0699493771847269,0.0806478197478787,0.0918402078367646,0.123262258147153,0.148524014916416,0.240801315001017,0.246830488669704,1,0.9786354868156,0.965141880983894,0.95454256826356,0.949418439743963,0.938387387688623,0.930019425645519,0.92216158603319,0.911829300409084,0.916947299764072,0.923468089904822,0.930050622815273,0.919352180252121,0.908159792163235,0.876737741852847,0.851475985083584,0.759198684998983,0.753169511330296,0,100000,2136.45131843998,98089.6448417388,4862911.39070137,48.6291139070137,2023.5,"Total","GMoH report",29.4132060929863
0,1,0.0217886,0.00861115,0.00908993,0.0103105,0.0127961,0.0149946,0.0161044,0.0181417,0.0174749,0.0154297,0.0144511,0.0157658,0.0193783,0.025978,0.0329971,0.0552787,0.0547513,0.172417,0.10581193813,0.0213722031014177,0.0338614283229929,0.0444397641369466,0.0502570614205583,0.061997194256438,0.0722640728337188,0.0774055741780188,0.086772976720571,0.0837171288621184,0.0742830856821262,0.0697360919056555,0.0758398117401672,0.0924144143843399,0.12196874016968,0.152412568121126,0.242834553867774,0.240796672818747,1,0.978627796898582,0.966138571677007,0.955560235863053,0.949742938579442,0.938002805743562,0.927735927166281,0.922594425821981,0.913227023279429,0.916282871137882,0.925716914317874,0.930263908094345,0.924160188259833,0.90758558561566,0.87803125983032,0.847587431878874,0.757165446132226,0.759203327181253,0,100000,2137.22031014177,98088.9231130851,4878586.70101832,48.7858670101832,2023.5,"Total","GMoH report",29.2564529898168
0,1,0.0213334,0.00835298,0.00890061,0.0101852,0.0123111,0.0145456,0.0160693,0.017504,0.0167481,0.0155932,0.0135517,0.0160203,0.019229,0.0247553,0.0324079,0.0534381,0.0545322,0.172142,0.10672026697,0.0209344584345584,0.0328629134818881,0.0435343444461968,0.0496614699896534,0.0597175288271405,0.0701761157276787,0.0772433822923249,0.0838506936460489,0.0803751714764866,0.0750406888274399,0.0655381177250632,0.0770169147995903,0.0917350660378934,0.116562642067091,0.149895041233058,0.235701852138142,0.239948676903419,1,0.979065541565442,0.967137086518112,0.956465655553803,0.950338530010347,0.94028247117286,0.929823884272321,0.922756617707675,0.916149306353951,0.919624828523513,0.92495931117256,0.934461882274937,0.92298308520041,0.908264933962107,0.883437357932909,0.850104958766942,0.764298147861858,0.760051323096582,0,100000,2093.44584345585,98129.967255845,4932328.06947287,49.3232806947287,2023.5,"Total","GMoH report",28.7190393052713
0,1,0.0219386,0.00906173,0.00952612,0.011151,0.0133837,0.015681,0.0170938,0.0189892,0.0181409,0.0160995,0.0146868,0.0162239,0.0207894,0.0262325,0.033233,0.0556153,0.0546662,0.173593,0.10551262063,0.0215163670976826,0.0356016941206718,0.046522649153612,0.0542428450861119,0.0647519483714525,0.0754472780810285,0.0819662147938905,0.0906429091728379,0.0867693162759252,0.0773829336492834,0.0708332167795069,0.0779575608224324,0.0988114244322695,0.123090097540661,0.153418599229514,0.244132714594966,0.240467402239269,1,0.978483632902317,0.964398305879328,0.953477350846388,0.945757154913888,0.935248051628548,0.924552721918972,0.91803378520611,0.909357090827162,0.913230683724075,0.922617066350717,0.929166783220493,0.922042439177568,0.901188575567731,0.876909902459339,0.846581400770486,0.755867285405034,0.759532597760731,0,100000,2151.63670976825,98075.3881181231,4781968.81928802,47.8196881928802,2023.5,"Total","GMoH report",30.2226318071198
0,1,0.022169,0.00929104,0.00996228,0.0116505,0.0138132,0.0161303,0.0179541,0.0198515,0.0191137,0.0175226,0.0161637,0.0178866,0.0204952,0.0273243,0.0336308,0.0566393,0.056234,0.17632,0.10505286895,0.0217377217964525,0.0364861710506433,0.0486009590931146,0.0566038423371282,0.0667605576622495,0.077525236686682,0.0859142188101516,0.0945643876465845,0.0912100940627806,0.0839360551979701,0.077679528512458,0.08560504213344,0.0974812554340692,0.127885542666308,0.155112598090357,0.248070194571514,0.246513850348725,1,0.978262278203547,0.963513828949357,0.951399040906885,0.943396157662872,0.93323944233775,0.922474763313318,0.914085781189848,0.905435612353415,0.908789905937219,0.91606394480203,0.922320471487542,0.91439495786656,0.902518744565931,0.872114457333692,0.844887401909643,0.751929805428486,0.753486149651275,0,100000,2173.77217964525,98054.5888242702,4684647.05862809,46.8464705862809,2023.5,"Total","GMoH report",31.1958494137191
0,1,0.0212487,0.00869318,0.00928186,0.01031,0.0132559,0.0150873,0.016578,0.0187817,0.0173772,0.0163192,0.0152166,0.0166976,0.0203308,0.0258309,0.0320777,0.0547566,0.0551318,0.175556,0.106889281585,0.0208529640892571,0.0341784806314879,0.0453568110739137,0.0502546854817089,0.0641534700412021,0.0726945873795705,0.0795913370365214,0.0896968516055023,0.0832685637835512,0.0783975372742838,0.0732947574832027,0.0801425302185566,0.0967371413182189,0.1213199887561,0.148481164383165,0.240817175605588,0.242267404738583,1,0.979147035910743,0.965821519368512,0.954643188926086,0.949745314518291,0.935846529958798,0.927305412620429,0.920408662963479,0.910303148394498,0.916731436216449,0.921602462725716,0.926705242516797,0.919857469781443,0.903262858681781,0.8786800112439,0.851518835616835,0.759182824394412,0.757732595261417,0,100000,2085.29640892571,98137.5994261161,4835607.75415323,48.3560775415323,2023.5,"Total","GMoH report",29.6862424584677
0,1,0.0215646,0.00895344,0.0100281,0.0115089,0.0136642,0.0156644,0.0178908,0.0192508,0.0185662,0.0168329,0.0151447,0.0177172,0.0202487,0.0262923,0.0338309,0.0551589,0.055655,0.177823,0.10625891893,0.0211568406366629,0.0351837291835575,0.048914208562779,0.0559351207227839,0.0660642134368891,0.0753704190207292,0.0856242827073484,0.0918342910735054,0.0887133265896769,0.0807656977172387,0.0729610663462643,0.0848286831377784,0.0963653189171079,0.12335338921205,0.155963533256852,0.242372059515919,0.244285698609694,1,0.978843159363337,0.964816270816443,0.951085791437221,0.944064879277216,0.933935786563111,0.924629580979271,0.914375717292652,0.908165708926495,0.911286673410323,0.919234302282761,0.927038933653736,0.915171316862222,0.903634681082892,0.87664661078795,0.844036466743148,0.757627940484082,0.755714301390306,0,100000,2115.6840636663,98109.1262377363,4731535.64106015,47.3153564106015,2023.5,"Total","GMoH report",30.7269635893985
0,1,0.0214301,0.0084272,0.00929192,0.0103349,0.0127052,0.0143613,0.0158746,0.0176557,0.0171312,0.0152025,0.0144998,0.0158385,0.01901,0.0259027,0.0324996,0.0557544,0.0550791,0.172137,0.106527306955,0.021027482396463,0.0331500753696891,0.0454048543152281,0.0503730002005679,0.0615703412508493,0.0693177668860485,0.0763432053796986,0.0845466732526337,0.0821381857794382,0.0732293278580933,0.0699628805611004,0.0761762078306843,0.0907376912245531,0.121636702467488,0.150287306624099,0.244668619765382,0.242063852196245,1,0.978972517603537,0.966849924630311,0.954595145684772,0.949626999799432,0.938429658749151,0.930682233113951,0.923656794620301,0.915453326747366,0.917861814220562,0.926770672141907,0.9300371194389,0.923823792169316,0.909262308775447,0.878363297532512,0.849712693375901,0.755331380234618,0.757936147803755,0,100000,2102.7482396463,98121.2518675276,4904194.33219123,49.0419433219123,2023.5,"Total","GMoH report",29.0003766780877
0,1,0.0208997,0.00843226,0.0091361,0.010159,0.0124054,0.0145769,0.01591,0.0176769,0.0169013,0.0154733,0.0145085,0.0159268,0.0191491,0.0250173,0.0321452,0.0540321,0.0524653,0.171796,0.107585693635,0.0205170328950032,0.0331696497779272,0.0446604442873655,0.0495368869145868,0.0601611909058417,0.0703218148430364,0.0765069365968599,0.0846438957960088,0.081080581902719,0.074485171489961,0.0700033895565471,0.0765846297954352,0.0913713043878658,0.117723678542026,0.148770366997019,0.238010043783248,0.231908612660463,1,0.979482967104997,0.966830350222073,0.955339555712635,0.950463113085413,0.939838809094158,0.929678185156964,0.92349306340314,0.915356104203991,0.918919418097281,0.925514828510039,0.929996610443453,0.923415370204565,0.908628695612134,0.882276321457974,0.851229633002981,0.761989956216752,0.768091387339537,0,100000,2051.70328950032,98169.0306320338,4921391.68466948,49.2139168466948,2023.5,"Total","GMoH report",28.8284031533052
0,1,0.0212495,0.00853823,0.00921748,0.0102738,0.0128348,0.0148092,0.016284,0.0176469,0.0179976,0.0154662,0.0147028,0.0157596,0.0189384,0.0252152,0.0330221,0.0557067,0.0559919,0.171381,0.106887685225,0.0208537338735684,0.0335795009944483,0.0450492975031272,0.0500826521215832,0.0621788667040666,0.0714024664833856,0.0782350510709035,0.0845063138263447,0.086113413091367,0.0744522659123654,0.0709076475972673,0.0758111177709426,0.0904113826758301,0.118599711393196,0.152519236316114,0.244484884685698,0.245582871099245,1,0.979146266126432,0.966420499005552,0.954950702496873,0.949917347878417,0.937821133295933,0.928597533516614,0.921764948929096,0.915493686173655,0.913886586908633,0.925547734087635,0.929092352402733,0.924188882229057,0.90958861732417,0.881400288606804,0.847480763683886,0.755515115314302,0.754417128900755,0,100000,2085.37338735684,98137.5273468475,4882121.49963214,48.8212149963214,2023.5,"Total","GMoH report",29.2211050036786
0,1,0.0209359,0.00827216,0.00882017,0.0101555,0.0125392,0.0142544,0.0159676,0.0172004,0.0167198,0.0153039,0.0140167,0.0159905,0.019159,0.0246963,0.0317523,0.0546363,0.0545392,0.172705,0.107513458345,0.0205518877918996,0.032550120392193,0.0431493876635294,0.0495202429322537,0.0607903442872823,0.0688195466360768,0.0767732871502492,0.082456296782074,0.0802448071821881,0.0736997654007102,0.0677107952408683,0.0768791595000367,0.0914163837589077,0.116300989671914,0.147085724847326,0.240351683312573,0.239975782066761,1,0.9794481122081,0.967449879607807,0.956850612336471,0.950479757067746,0.939209655712718,0.931180453363923,0.923226712849751,0.917543703217926,0.919755192817812,0.92630023459929,0.932289204759132,0.923120840499963,0.908583616241092,0.883699010328086,0.852914275152674,0.759648316687427,0.760024217933239,0,100000,2055.18877918996,98165.7716740126,4942664.48043394,49.4266448043394,2023.5,"Total","GMoH report",28.6156751956606
0,1,0.021254,0.00861757,0.00950412,0.0102995,0.0130225,0.0146884,0.0169379,0.0182064,0.0173015,0.0157407,0.0153241,0.015745,0.0198988,0.0256542,0.0317575,0.0534337,0.0527295,0.174874,0.1068787057,0.0208580638882755,0.0338862458094006,0.0464177014873501,0.0502047894282104,0.0630595185492316,0.0708406601197429,0.0812490301313457,0.0870689688153983,0.0829208617749996,0.0757236421644549,0.0737934543167613,0.0757435447209227,0.0947790277085812,0.120540100391351,0.147108040972073,0.235684731858263,0.232940420273033,1,0.979141936111724,0.966113754190599,0.95358229851265,0.94979521057179,0.936940481450768,0.929159339880257,0.918750969868654,0.912931031184602,0.917079138225,0.924276357835545,0.926206545683239,0.924256455279077,0.905220972291419,0.879459899608649,0.852891959027927,0.764315268141737,0.767059579726967,0,100000,2085.80638882756,98137.1218983511,4859938.0906124,48.599380906124,2023.5,"Total","GMoH report",29.442939093876
0,1,0.0223804,0.00958841,0.0103387,0.0117595,0.0140387,0.0171618,0.0180767,0.0201308,0.0195384,0.0172583,0.0161325,0.0178238,0.0210436,0.0278621,0.0353508,0.0561671,0.0587584,0.180559,0.10463103082,0.0219407358328824,0.0376319783254097,0.0503910549991994,0.0571182935669972,0.0678134676782629,0.0822788663775063,0.0864755199225405,0.0958311078359406,0.0931423678976704,0.0827223808370019,0.0775354003832914,0.0853173036097992,0.0999592441257865,0.130238691391455,0.16240144729262,0.246256689708662,0.256162720944183,1,0.978059264167118,0.96236802167459,0.949608945000801,0.942881706433003,0.932186532321737,0.917721133622494,0.913524480077459,0.904168892164059,0.90685763210233,0.917277619162998,0.922464599616709,0.914682696390201,0.900040755874214,0.869761308608545,0.83759855270738,0.753743310291338,0.743837279055817,0,100000,2194.07358328823,98035.4945974261,4636586.12394994,46.3658612394994,2023.5,"Total","GMoH report",31.6764587605006
0,1,0.0211886,0.00800087,0.00884715,0.010156,0.0123876,0.0146906,0.0160226,0.0175372,0.0167139,0.0152513,0.0142825,0.0161801,0.0197516,0.0252234,0.0318084,0.0534091,0.0566535,0.172094,0.10700920813,0.0207951306602648,0.0314994342430949,0.0432785210805554,0.0495226206614069,0.060077461106978,0.0708508946187833,0.077027546099659,0.0840030540991318,0.0802176265298566,0.0734557604033991,0.0689505349610471,0.077755279505195,0.0941108979691799,0.118635992280763,0.147326453121338,0.235589007807739,0.248124672207702,1,0.979204869339735,0.968500565756905,0.956721478919445,0.950477379338593,0.939922538893022,0.929149105381217,0.922972453900341,0.915996945900868,0.919782373470143,0.926544239596601,0.931049465038953,0.922244720494805,0.90588910203082,0.881364007719237,0.852673546878662,0.764410992192261,0.751875327792298,0,100000,2079.51306602648,98143.013980465,4931537.10391314,49.3153710391314,2023.5,"Total","GMoH report",28.7269489608686
0,1,0.0213626,0.00848072,0.00943671,0.0110172,0.0130029,0.0149599,0.0163512,0.0181405,0.0178222,0.0159001,0.0151132,0.01664,0.0206087,0.0250113,0.0333175,0.0544033,0.0557025,0.175266,0.10666199983,0.020962550222775,0.0333570956239993,0.0460960620751373,0.0536094353229013,0.0629675965955687,0.0721028706629243,0.0785452281631469,0.0867674860483498,0.0853099715620664,0.0764611501656287,0.0728148370131328,0.0798771121351766,0.0979946444284201,0.117697105935772,0.153778695760037,0.239449405407047,0.244468704911647,1,0.979037449777225,0.966642904376001,0.953903937924863,0.946390564677099,0.937032403404431,0.927897129337076,0.921454771836853,0.91323251395165,0.914690028437934,0.923538849834371,0.927185162986867,0.920122887864823,0.90200535557158,0.882302894064228,0.846221304239963,0.760550594592953,0.755531295088353,0,100000,2096.25502227749,98127.3357305523,4837382.57967999,48.3738257967999,2023.5,"Total","GMoH report",29.6684942032001
0,1,0.0216789,0.0087677,0.00951199,0.0104756,0.013164,0.0146408,0.0166941,0.0187651,0.0176093,0.0157338,0.0148409,0.0158273,0.0195703,0.0249069,0.0326342,0.0549057,0.0541366,0.171636,0.106030838995,0.0212667447856205,0.0344664175811475,0.0464552454251706,0.0510412799201706,0.0637228800185883,0.0706191961813695,0.0801264044775292,0.0896211264978863,0.0843338498448191,0.0756917046436927,0.0715498399506895,0.0761243910633092,0.0932873466019878,0.117234622454942,0.150862784310625,0.241393765784865,0.238415489964914,1,0.978733255214379,0.965533582418852,0.953544754574829,0.948958720079829,0.936277119981412,0.929380803818631,0.919873595522471,0.910378873502114,0.915666150155181,0.924308295356307,0.92845016004931,0.923875608936691,0.906712653398012,0.882765377545058,0.849137215689375,0.758606234215135,0.761584510035086,0,100000,2126.67447856205,98098.8186006691,4847690.88188987,48.4769088188987,2023.5,"Total","GMoH report",29.5654111811013
0,1,0.0225471,0.00947209,0.0104191,0.0115193,0.014244,0.0160307,0.017761,0.0198414,0.0188506,0.0177062,0.015772,0.0169604,0.0209313,0.0272754,0.0346505,0.0577206,0.0561803,0.176174,0.104298389305,0.0221007645880994,0.0371839407336327,0.0507729781581803,0.0559842515284216,0.0687710624656,0.0770649858291708,0.0850294785774642,0.0945185491473685,0.0900110922605817,0.0847782484435232,0.0758685048536217,0.0813525696924696,0.0994523334330329,0.12767128648174,0.159440746070694,0.252208880264511,0.246307435897605,1,0.977899235411901,0.962816059266367,0.94922702184182,0.944015748471578,0.9312289375344,0.922935014170829,0.914970521422536,0.905481450852632,0.909988907739418,0.915221751556477,0.924131495146378,0.91864743030753,0.900547666566967,0.87232871351826,0.840559253929306,0.747791119735489,0.753692564102395,0,100000,2210.07645880994,98020.4309560848,4673064.72404636,46.7306472404636,2023.5,"Total","GMoH report",31.3116727595364
0,1,0.0216005,0.00879898,0.00896573,0.010481,0.0129999,0.014926,0.0163293,0.0185903,0.0176355,0.0157008,0.0150402,0.0167329,0.0199667,0.0257748,0.0329119,0.0545009,0.0534473,0.174584,0.106187282275,0.0211913625670882,0.0345872548722484,0.0438458743230148,0.0510669190535007,0.0629535261388683,0.0719453589314721,0.0784441546631477,0.088823367383334,0.084454027495268,0.0755389453183636,0.0724758710120128,0.0803051546926101,0.0950870628552216,0.121072454264555,0.152048950375353,0.239827467888402,0.235737648013341,1,0.978808637432912,0.965412745127752,0.956154125676985,0.948933080946499,0.937046473861132,0.928054641068528,0.921555845336852,0.911176632616666,0.915545972504732,0.924461054681636,0.927524128987987,0.91969484530739,0.904912937144778,0.878927545735445,0.847951049624647,0.760172532111598,0.764262351986659,0,100000,2119.13625670882,98105.8890631615,4852306.08656447,48.5230608656447,2023.5,"Total","GMoH report",29.5192591343553
0,1,0.0214972,0.00805574,0.00887167,0.00993384,0.0121698,0.0138912,0.0155329,0.0176373,0.0162344,0.0148103,0.0142133,0.0163023,0.0192691,0.0256743,0.0319229,0.053345,0.0550018,0.168624,0.10639341226,0.0210920214343113,0.0317120322270151,0.0433958655046949,0.0484655767867322,0.0590523614296826,0.0671248869268059,0.0747613486200491,0.0844622834215239,0.0780060465929774,0.0714075807664371,0.0686279267227779,0.0783195288615989,0.0919175775176372,0.120628846984655,0.147817585036589,0.235339531703228,0.241765197412406,1,0.978907978565689,0.968287967772985,0.956604134495305,0.951534423213268,0.940947638570317,0.932875113073194,0.925238651379951,0.915537716578476,0.921993953407023,0.928592419233563,0.931372073277222,0.921680471138401,0.908082422482363,0.879371153015345,0.852182414963411,0.764660468296772,0.758234802587594,0,100000,2109.20214343113,98115.2030697546,4965082.4238178,49.650824238178,2023.5,"Total","GMoH report",28.391495761822
0,1,0.0218963,0.00912714,0.0098519,0.011145,0.0137574,0.0150992,0.0174544,0.0188565,0.0186876,0.0165253,0.0155269,0.0167163,0.0206244,0.027066,0.0334718,0.0557817,0.0545456,0.176754,0.105597028165,0.0214757170701773,0.035854069771256,0.0480754145582831,0.0542144498899415,0.0664998378276739,0.0727498390746116,0.0836230256526222,0.090037996306611,0.0892675111467357,0.0793483613120259,0.0747335491396586,0.0802286831592621,0.0980656376567788,0.126753241887671,0.15443588256491,0.244773759016652,0.24000056319982,1,0.978524282929823,0.964145930228744,0.951924585441717,0.945785550110058,0.933500162172326,0.927250160925388,0.916376974347378,0.909962003693389,0.910732488853264,0.920651638687974,0.925266450860341,0.919771316840738,0.901934362343221,0.873246758112329,0.84556411743509,0.755226240983348,0.75999943680018,0,100000,2147.57170701773,98079.2054830146,4753975.81697534,47.5397581697534,2023.5,"Total","GMoH report",30.5025618302466
0,1,0.0211339,0.00859015,0.00911523,0.0104558,0.0125348,0.014517,0.0161639,0.0181723,0.0171494,0.0160543,0.0145175,0.0158193,0.0191106,0.0256811,0.0327361,0.0529052,0.0582371,0.17238,0.107118359245,0.0207424877765603,0.0337802452524887,0.0445606974836894,0.0509472639928587,0.0607696611291944,0.0700429656684768,0.0776804523410127,0.0869129782149607,0.0822218610406727,0.0771740611742265,0.0700452936245153,0.0760873773776253,0.0911959754775947,0.120658868810478,0.15129821616454,0.233625933197499,0.254178895597934,1,0.97925751222344,0.966219754747511,0.955439302516311,0.949052736007141,0.939230338870806,0.929957034331523,0.922319547658987,0.913087021785039,0.917778138959327,0.922825938825773,0.929954706375485,0.923912622622375,0.908804024522405,0.879341131189522,0.84870178383546,0.766374066802501,0.745821104402066,0,100000,2074.24877765603,98147.9413480724,4889575.51739593,48.8957551739593,2023.5,"Total","GMoH report",29.1465648260407
0,1,0.0218401,0.00890715,0.00961462,0.0113633,0.0133306,0.0151932,0.0175928,0.0187351,0.0186063,0.016223,0.0156111,0.0170581,0.019275,0.026209,0.0336698,0.0560695,0.0565638,0.177493,0.105709172455,0.021421704104826,0.0350050102459751,0.0469447111043058,0.0552470285997803,0.064503329780084,0.073186169715689,0.0842581577076999,0.089484258663771,0.0888964165135594,0.0779534047854155,0.0751235951109102,0.0818020318991527,0.0919444278814621,0.122986609855728,0.155278509132985,0.245881384306559,0.247780485443655,1,0.978578295895174,0.964994989754025,0.953055288895694,0.94475297140022,0.935496670219916,0.926813830284311,0.9157418422923,0.910515741336229,0.911103583486441,0.922046595214584,0.92487640488909,0.918197968100847,0.908055572118538,0.877013390144272,0.844721490867015,0.754118615693441,0.752219514556345,0,100000,2142.17041048261,98084.2766508671,4769923.47529679,47.6992347529679,2023.5,"Total","GMoH report",30.3430852470321
0,1,0.0222101,0.00927874,0.00982301,0.0112778,0.0134888,0.0156156,0.0173681,0.0194932,0.0186634,0.0173682,0.0156113,0.0172633,0.0205473,0.0268758,0.0348378,0.0555843,0.0561147,0.176691,0.104970855955,0.0217771979036623,0.0364387486506898,0.0479378158878878,0.0548427364666899,0.0652438469917444,0.0751444363493574,0.0832267727217293,0.092936905771059,0.089157065079011,0.0832272319740699,0.075124521397758,0.0827453552708805,0.0977169512204692,0.12591859271479,0.160233539954438,0.244013237506209,0.246055213743385,1,0.978222802096338,0.96356125134931,0.952062184112112,0.94515726353331,0.934756153008256,0.924855563650643,0.916773227278271,0.907063094228941,0.910842934920989,0.91677276802593,0.924875478602242,0.917254644729119,0.902283048779531,0.87408140728521,0.839766460045562,0.755986762493791,0.753944786256615,0,100000,2177.71979036625,98050.8773200586,4727838.33206326,47.2783833206326,2023.5,"Total","GMoH report",30.7639366793674
0,1,0.0224077,0.00914077,0.00998561,0.0112209,0.0137703,0.0153385,0.0172426,0.0195284,0.0190791,0.0165105,0.0156828,0.0175198,0.0206218,0.0269667,0.032966,0.0560555,0.0560405,0.173203,0.104576555035,0.0219669468328923,0.0359066511212606,0.0487120023553997,0.0545735880642253,0.0665601180171704,0.0738602368911141,0.0826502375356687,0.0930969154889157,0.0910525005899841,0.0792801141867972,0.0754556118270951,0.0839232055581556,0.098053881182573,0.12631757933347,0.152279855693057,0.24582753634152,0.245769838424438,1,0.978033053167108,0.964093348878739,0.9512879976446,0.945426411935775,0.93343988198283,0.926139763108886,0.917349762464331,0.906903084511084,0.908947499410016,0.920719885813203,0.924544388172905,0.916076794441844,0.901946118817427,0.87368242066653,0.847720144306943,0.75417246365848,0.754230161575562,0,100000,2196.69468328923,98033.0280791529,4733056.75695758,47.3305675695758,2023.5,"Total","GMoH report",30.7117524304242
0,1,0.0219352,0.0092887,0.00998944,0.0112945,0.0136545,0.0156301,0.0178871,0.0195793,0.0183143,0.0171239,0.0158925,0.0176549,0.0208122,0.0266905,0.0336794,0.0568143,0.0587189,0.178028,0.10551940516,0.0215130998421027,0.03647714940465,0.0487302307103324,0.0549217166774659,0.0660188635685095,0.075211588381111,0.0856073326982336,0.0933282456975356,0.0875623902888331,0.0821046216723616,0.0764259995070842,0.084543004284159,0.0989144326138833,0.125104730477946,0.15531934419758,0.248741337563207,0.256012560197541,1,0.978486900157897,0.96352285059535,0.951269769289668,0.945078283322534,0.93398113643149,0.924788411618889,0.914392667301766,0.906671754302464,0.912437609711167,0.917895378327638,0.923574000492916,0.915456995715841,0.901085567386117,0.874895269522054,0.84468065580242,0.751258662436793,0.743987439802459,0,100000,2151.30998421027,98075.6949656384,4714519.87274358,47.1451987274358,2023.5,"Total","GMoH report",30.8971212725642
0,1,0.0210361,0.0085934,0.00929209,0.0107305,0.0131203,0.0150442,0.0166259,0.0181366,0.0173916,0.0154665,0.0149291,0.0170745,0.0193035,0.0264718,0.0326738,0.0526816,0.0557562,0.173474,0.107313514255,0.0206483519863836,0.0337928097376018,0.0454056661588549,0.0522508067942361,0.0635180599936628,0.0724944475793181,0.0798121288186836,0.0867496411459796,0.0833346909712606,0.0744536563116401,0.0719597637283093,0.0818774583437731,0.0920741181506951,0.12414326105501,0.151032024587576,0.232753440829051,0.244675552411574,1,0.979351648013616,0.966207190262398,0.954594333841145,0.947749193205764,0.936481940006337,0.927505552420682,0.920187871181316,0.91325035885402,0.916665309028739,0.92554634368836,0.928040236271691,0.918122541656227,0.907925881849305,0.87585673894499,0.848967975412424,0.767246559170949,0.755324447588426,0,100000,2064.83519863836,98156.7495228849,4850345.49175425,48.5034549175424,2023.5,"Total","GMoH report",29.5388650824576
0,1,0.0213807,0.00848108,0.0089081,0.0102062,0.0126379,0.0142615,0.0155222,0.017718,0.0171356,0.0153967,0.0146506,0.0166532,0.0198784,0.0253114,0.0326747,0.0544979,0.054029,0.174613,0.106625882185,0.0209799624917084,0.0333584879893663,0.0435701811727378,0.0497613151629595,0.0612541892055965,0.0688526450080444,0.0747117723192648,0.0848323510119267,0.0821584156327103,0.0741301026223848,0.0706647958546304,0.079937943594337,0.0946864616041216,0.119025260080026,0.151035870597472,0.239815849534178,0.23799801334276,1,0.979020037508292,0.966641512010634,0.956429818827262,0.950238684837041,0.938745810794404,0.931147354991956,0.925288227680735,0.915167648988073,0.91784158436729,0.925869897377615,0.92933520414537,0.920062056405663,0.905313538395878,0.880974739919974,0.848964129402528,0.760184150465822,0.76200198665724,0,100000,2097.99624917084,98125.7044517178,4912284.98704655,49.1228498704655,2023.5,"Total","GMoH report",28.9194701295345
0,1,0.0222832,0.00934321,0.0102344,0.0113658,0.014593,0.0163134,0.018005,0.0202417,0.0193383,0.0173455,0.0153898,0.0179353,0.0209797,0.027515,0.0342465,0.05638,0.0581923,0.176156,0.10482498856,0.0218474019253836,0.0366872859657833,0.04989537688697,0.0552588474783271,0.0703967505481279,0.0783707658701353,0.0861472948888171,0.0963336099201959,0.0922324528906613,0.0831229760474235,0.074098112182822,0.0858281174143462,0.099670839235241,0.128720629685508,0.157728386987575,0.24707480608265,0.254008196995017,1,0.978152598074616,0.963312714034217,0.95010462311303,0.944741152521673,0.929603249451872,0.921629234129865,0.913852705111183,0.903666390079804,0.907767547109339,0.916877023952576,0.925901887817178,0.914171882585654,0.900329160764759,0.871279370314492,0.842271613012425,0.75292519391735,0.745991803004983,0,100000,2184.74019253836,98044.2751731511,4663130.34557985,46.6313034557985,2023.5,"Total","GMoH report",31.4110165442015
0,1,0.0224858,0.00943649,0.00996193,0.0113257,0.0140747,0.0155992,0.0173447,0.0195959,0.0187616,0.0166973,0.016106,0.0170881,0.0200313,0.0267148,0.0337458,0.0557771,0.0552348,0.176682,0.10442071039,0.0220419237772674,0.0370467769201221,0.0485992931099724,0.0550692553370723,0.0679814535879637,0.075068479438844,0.0831193016228552,0.0934036772046629,0.089605159594385,0.0801411480227974,0.0774129668882448,0.0819400026037664,0.095380034773599,0.125211499577704,0.155601737238724,0.244756044127711,0.242665103810166,1,0.977958076222733,0.962953223079878,0.951400706890028,0.944930744662928,0.932018546412036,0.924931520561156,0.916880698377145,0.906596322795337,0.910394840405615,0.919858851977203,0.922587033111755,0.918059997396234,0.904619965226401,0.874788500422296,0.844398262761276,0.755243955872289,0.757334896189834,0,100000,2204.19237772674,98025.9709561917,4717183.64943122,47.1718364943122,2023.5,"Total","GMoH report",30.8704835056878
0,1,0.0215835,0.00871044,0.00915255,0.0104961,0.0126819,0.0146949,0.0160123,0.0181842,0.0176669,0.0162328,0.0149301,0.0164158,0.0191725,0.0261695,0.0328861,0.0542869,0.0556257,0.171007,0.106221204925,0.0211750154321477,0.0342451788486983,0.0447390588180374,0.0511386100866732,0.0614608976066069,0.0708708980988191,0.076979935449024,0.0869674177073165,0.0845980373354939,0.0779986584430636,0.0719644103910514,0.0788433099800728,0.0914778521968879,0.122812636756033,0.151938812542144,0.238998307016997,0.244172793589124,1,0.978824984567852,0.965754821151302,0.955260941181963,0.948861389913327,0.938539102393393,0.929129101901181,0.923020064550976,0.913032582292683,0.915401962664506,0.922001341556936,0.928035589608949,0.921156690019927,0.908522147803112,0.877187363243968,0.848061187457856,0.761001692983003,0.755827206410876,0,100000,2117.50154321478,98107.422022136,4867444.57937062,48.6744457937062,2023.5,"Total","GMoH report",29.3678742062938
0,1,0.0215199,0.00864019,0.00900193,0.010354,0.0126043,0.01479,0.016535,0.01786,0.0171771,0.0151504,0.0147087,0.0163958,0.0192792,0.0260768,0.0319399,0.0546457,0.0539355,0.173906,0.106348115545,0.0211138531726199,0.0339736818673334,0.0440190098858458,0.0504637459364354,0.0610963094664791,0.0713131946286072,0.0793930882158762,0.0854831761834107,0.0823491989373338,0.0729875245212337,0.0709350925119246,0.0787510344724899,0.091963541239346,0.122404223839458,0.147890481986036,0.240388064816185,0.23763508251723,1,0.97888614682738,0.966026318132667,0.955980990114154,0.949536254063565,0.938903690533521,0.928686805371393,0.920606911784124,0.914516823816589,0.917650801062666,0.927012475478766,0.929064907488075,0.92124896552751,0.908036458760654,0.877595776160542,0.852109518013964,0.759611935183815,0.76236491748277,0,100000,2111.38531726199,98113.1565324182,4887026.5219791,48.870265219791,2023.5,"Total","GMoH report",29.172054780209
0,1,0.0217677,0.00851542,0.00927465,0.0104014,0.0128107,0.0148091,0.016103,0.0179451,0.0174179,0.0151448,0.0147413,0.0155148,0.0192481,0.025327,0.0321122,0.0542075,0.0537486,0.172262,0.105853643035,0.0213521129435785,0.0334912951115622,0.045322377039477,0.0506889109052747,0.0620657361836793,0.0714020015472177,0.0773991055099338,0.0858730010233401,0.0834554531561775,0.072961530531034,0.0710867232175817,0.0746774844121076,0.091822002294107,0.119094249836009,0.148628990340935,0.23869046636174,0.23690916071146,1,0.978647887056421,0.966508704888438,0.954677622960523,0.949311089094725,0.937934263816321,0.928597998452782,0.922600894490066,0.91412699897666,0.916544546843822,0.927038469468966,0.928913276782418,0.925322515587892,0.908177997705893,0.880905750163991,0.851371009659065,0.76130953363826,0.76309083928854,0,100000,2135.21129435785,98090.8085997994,4888402.92942621,48.8840292942621,2023.5,"Total","GMoH report",29.1582907057379
0,1,0.0212981,0.00885491,0.00918612,0.0101758,0.0124068,0.014293,0.0159313,0.0179983,0.0173829,0.0153033,0.0146938,0.0161443,0.0185033,0.0250135,0.0316216,0.0535177,0.054641,0.173796,0.106790706355,0.020900496051376,0.0348032801727314,0.0448994701970829,0.0496167740758962,0.0601677760890461,0.0689994762161079,0.0766054394079022,0.0861166181776337,0.0832947396742895,0.0736969824222442,0.0708657809689945,0.0775899129220321,0.0884260649796549,0.117706849311845,0.14652464102816,0.236011516198816,0.240369874252432,1,0.979099503948624,0.965196719827269,0.955100529802917,0.950383225924104,0.939832223910954,0.931000523783892,0.923394560592098,0.913883381822366,0.916705260325711,0.926303017577756,0.929134219031006,0.922410087077968,0.911573935020345,0.882293150688155,0.85347535897184,0.763988483801183,0.759630125747568,0,100000,2090.0496051376,98133.148268512,4906693.51712563,49.0669351712563,2023.5,"Total","GMoH report",28.9753848287437
0,1,0.0223389,0.00957604,0.00999216,0.0117047,0.0138922,0.0163796,0.0173618,0.0196719,0.0181472,0.0170743,0.015489,0.0176943,0.0204161,0.0263202,0.0337412,0.0564286,0.0548842,0.172631,0.104713841995,0.0219008886235723,0.037584341681371,0.0487431759670722,0.0568596860808244,0.0671295569232762,0.0786762848131849,0.0831978393806045,0.0937489500726639,0.0867981418983554,0.0818765385448108,0.0745579305348637,0.0847236842829792,0.0971233023663937,0.123476204036309,0.155582176652806,0.247261455570488,0.241310645654432,1,0.978099111376428,0.962415658318629,0.951256824032928,0.943140313919176,0.932870443076724,0.921323715186815,0.916802160619395,0.906251049927336,0.913201858101645,0.918123461455189,0.925442069465136,0.915276315717021,0.902876697633606,0.876523795963691,0.844417823347194,0.752738544429512,0.758689354345568,0,100000,2190.08886235722,98039.2437567307,4703909.12349471,47.0390912349471,2023.5,"Total","GMoH report",31.0032287650529
0,1,0.0218102,0.00865702,0.00965654,0.0110001,0.0130656,0.0153219,0.0173425,0.0184443,0.017933,0.0160334,0.0148801,0.0167704,0.0203572,0.0254576,0.0320999,0.05383,0.0539309,0.174509,0.10576883641,0.0213929652853594,0.0340387320320478,0.047144566519065,0.0535284541293299,0.0632616223670042,0.073783251015658,0.0831091968826563,0.0881565360073013,0.0858175832011351,0.0770774654150364,0.0717320498139101,0.0804778842259431,0.0968566733244964,0.119671619451621,0.148576289881113,0.237225392768217,0.237617223238162,1,0.978607034714641,0.965961267967952,0.952855433480935,0.94647154587067,0.936738377632996,0.926216748984342,0.916890803117344,0.911843463992699,0.914182416798865,0.922922534584964,0.92826795018609,0.919522115774057,0.903143326675504,0.880328380548379,0.851423710118887,0.762774607231783,0.762382776761838,0,100000,2139.29652853594,98086.9743760233,4809783.13085315,48.0978313085315,2023.5,"Total","GMoH report",29.9444886914685
0,1,0.0209461,0.00847226,0.00890349,0.0105201,0.0129981,0.0143832,0.0161971,0.0177146,0.0168393,0.0152381,0.0143591,0.015171,0.0189881,0.0250162,0.0312276,0.0543365,0.0533546,0.175598,0.107493104755,0.0205617083479926,0.0333243744703005,0.0435481242774426,0.051252545246871,0.0629450837667292,0.0694198027333155,0.0778337955742603,0.0848167624497683,0.0807951649472591,0.0733945175069436,0.0693075161134388,0.0730831392366037,0.0906378963984896,0.117718806953711,0.144831174999003,0.239190555898547,0.235376899230757,1,0.979438291652007,0.9666756255297,0.956451875722557,0.948747454753129,0.937054916233271,0.930580197266685,0.92216620442574,0.915183237550232,0.919204835052741,0.926605482493056,0.930692483886561,0.926916860763396,0.90936210360151,0.882281193046289,0.855168825000997,0.760809444101453,0.764623100769243,0,100000,2056.17083479925,98164.85335214,4914139.25829698,49.1413925829698,2023.5,"Total","GMoH report",28.9009274170302
0,1,0.0212638,0.00865722,0.00926953,0.0102751,0.0127477,0.0148262,0.0165652,0.0179746,0.017306,0.0154795,0.0137571,0.0159703,0.0200307,0.0261735,0.0326363,0.0543829,0.0556974,0.173582,0.10685915029,0.0208674935685549,0.0340395050324853,0.045297923840067,0.0500888306407091,0.0617699383909347,0.0714815023737652,0.0795323277124445,0.0860080971427451,0.0829415345094487,0.0745139050181778,0.0664984359180785,0.0767857705225589,0.0953773140868037,0.122830255752645,0.150871759951719,0.239370363629441,0.244449057642198,1,0.979132506431445,0.965960494967515,0.954702076159933,0.949911169359291,0.938230061609065,0.928518497626235,0.920467672287555,0.913991902857255,0.917058465490551,0.925486094981822,0.933501564081922,0.923214229477441,0.904622685913196,0.877169744247355,0.849128240048281,0.760629636370559,0.755550942357802,0,100000,2086.74935685549,98136.2389062863,4878335.0431587,48.783350431587,2023.5,"Total","GMoH report",29.258969568413
0,1,0.0214787,0.00852632,0.00934848,0.010286,0.0127622,0.0145441,0.0165415,0.0182085,0.0172455,0.0156934,0.0151433,0.0157268,0.0196997,0.0257357,0.0313419,0.0533755,0.0527858,0.175291,0.106430328085,0.0210742283434111,0.0335334462137574,0.0456749222569484,0.0501406336068011,0.0618380268348216,0.0701691327894909,0.0794230586868295,0.0870785744431306,0.0826635637772007,0.0755046868677732,0.0729545677360083,0.0756593031769903,0.0938752160175478,0.12089989164639,0.145322770637399,0.235458245979326,0.233160138855945,1,0.978925771656589,0.966466553786243,0.954325077743052,0.949859366393199,0.938161973165178,0.929830867210509,0.92057694131317,0.912921425556869,0.917336436222799,0.924495313132227,0.927045432263992,0.92434069682301,0.906124783982452,0.87910010835361,0.854677229362601,0.764541754020674,0.766839861144055,0,100000,2107.42283434111,98116.8708693316,4878651.03350031,48.7865103350031,2023.5,"Total","GMoH report",29.2558096649969
0,1,0.0206536,0.00849097,0.009205,0.0103455,0.012627,0.0145858,0.0157832,0.0175333,0.0168791,0.0153987,0.014574,0.0160778,0.0199138,0.025189,0.0311843,0.0524954,0.0523621,0.171087,0.10807677388,0.0202800132459783,0.0333967385890845,0.0449896751017216,0.0504233627516325,0.0612029750840347,0.0703632396478606,0.0759203354055671,0.0839851575910233,0.0809783939756155,0.0741393750148953,0.070308316488733,0.0772826620406088,0.0948470852827414,0.118483780154237,0.144644876912262,0.232026226122962,0.231505247676585,1,0.979719986754022,0.966603261410915,0.955010324898278,0.949576637248367,0.938797024915965,0.929636760352139,0.924079664594433,0.916014842408977,0.919021606024385,0.925860624985105,0.929691683511267,0.922717337959391,0.905152914717259,0.881516219845763,0.855355123087738,0.767973773877038,0.768494752323415,0,100000,2028.00132459783,98191.1785159891,4916570.08732298,49.1657008732298,2023.5,"Total","GMoH report",28.8766191267702
0,1,0.0227258,0.00914007,0.00998128,0.0113161,0.0137571,0.015825,0.017753,0.0195639,0.0186627,0.0175218,0.0156339,0.0176686,0.0201178,0.0273963,0.0344252,0.0558617,0.0576031,0.17392,0.10394180239,0.022272255814258,0.0359039507536698,0.0486913939094975,0.0550238612103927,0.0664984359180785,0.0761137497745446,0.0849928067542304,0.0932582617331949,0.0891538701680374,0.0839323838898951,0.07522918606976,0.084605833428704,0.0957721858012205,0.12820092265656,0.15848620199749,0.245081786866499,0.251760095156698,1,0.977727744185742,0.96409604924633,0.951308606090502,0.944976138789607,0.933501564081922,0.923886250225455,0.91500719324577,0.906741738266805,0.910846129831963,0.916067616110105,0.92477081393024,0.915394166571296,0.90422781419878,0.87179907734344,0.84151379800251,0.754918213133501,0.748239904843302,0,100000,2227.2255814258,98004.2762598367,4709580.75673614,47.0958075673614,2023.5,"Total","GMoH report",30.9465124326386
0,1,0.021892,0.00921621,0.00964601,0.0106458,0.013262,0.0153084,0.0170879,0.019168,0.0183772,0.016606,0.0151123,0.0161615,0.0199023,0.0262107,0.033971,0.0547003,0.0548985,0.170402,0.1056056086,0.021471584612267,0.0361976300793724,0.0470943681350637,0.0518490631098626,0.0641820443205521,0.0737206374828922,0.081939082864787,0.0914573631574929,0.0878499115152546,0.0797204072913016,0.0728106587060899,0.0776693663397503,0.094794908244132,0.122994096581808,0.156558848402313,0.2405993574229,0.241365931081329,1,0.978528415387733,0.963802369920628,0.952905631864936,0.948150936890137,0.935817955679448,0.926279362517108,0.918060917135213,0.908542636842507,0.912150088484745,0.920279592708698,0.92718934129391,0.92233063366025,0.905205091755868,0.877005903418192,0.843441151597687,0.7594006425771,0.758634068918671,0,100000,2147.15846122669,98079.5935148318,4788123.00149141,47.8812300149141,2023.5,"Total","GMoH report",30.1610899850859
0,1,0.0226858,0.00980187,0.0105927,0.0119506,0.0144706,0.0166498,0.0187092,0.0202221,0.0200286,0.0176892,0.0164441,0.0182263,0.0209531,0.027615,0.0352651,0.0574757,0.0581565,0.177031,0.10402162039,0.022233874569566,0.0384536447463404,0.0515971180198771,0.0580195780756236,0.0698269069024437,0.0799222752537023,0.0893660803249606,0.0962448191087523,0.0953677916218086,0.0847002986909884,0.0789738646795572,0.0871599896993566,0.0995507575547015,0.129158238134771,0.16203963975058,0.251273237026579,0.253871766525194,1,0.977766125430434,0.96154635525366,0.948402881980123,0.941980421924376,0.930173093097556,0.920077724746298,0.910633919675039,0.903755180891248,0.904632208378191,0.915299701309012,0.921026135320443,0.912840010300643,0.900449242445299,0.870841761865229,0.83796036024942,0.748726762973421,0.746128233474806,0,100000,2223.3874569566,98007.8929090708,4606273.91628555,46.0627391628555,2023.5,"Total","GMoH report",31.9795808371445
0,1,0.0211262,0.0087136,0.00913015,0.0109452,0.012833,0.0149718,0.0171813,0.0182961,0.0176649,0.0161639,0.0149502,0.0172484,0.0199677,0.0258808,0.0328438,0.0546145,0.0542574,0.175305,0.10713372421,0.0207350769084107,0.0342573896196209,0.0446320076875293,0.053268416324123,0.0621704175780521,0.0721581562891744,0.0823685050120895,0.0874791804178906,0.0845888653798775,0.0776804523410127,0.0720578035629336,0.0826768898334901,0.0950915987110437,0.121540111693225,0.151758209312459,0.240267303396614,0.238883945533964,1,0.979264923091589,0.965742610380379,0.955367992312471,0.946731583675877,0.937829582421948,0.927841843710826,0.917631494987911,0.912520819582109,0.915411134620122,0.922319547658987,0.927942196437066,0.91732311016651,0.904908401288956,0.878459888306775,0.848241790687541,0.759732696603386,0.761116054466036,0,100000,2073.50769084107,98148.6349102568,4831641.9314917,48.316419314917,2023.5,"Total","GMoH report",29.725900685083
0,1,0.0214962,0.00900912,0.00939927,0.0109805,0.0129766,0.0153232,0.0168537,0.0187884,0.0188591,0.0166373,0.014671,0.0169981,0.020293,0.0255948,0.0325751,0.0539142,0.0570857,0.176021,0.10639540771,0.0210910596618015,0.0353986584759031,0.0459173754755352,0.0534356252912243,0.0628442386324068,0.0737892802521025,0.0808614629065305,0.0897274136532912,0.0900498520862982,0.0798646688618614,0.0707597107104186,0.0815260309339539,0.0965659670753498,0.120277785348881,0.150610148388106,0.237552383247759,0.249781167951655,1,0.978908940338199,0.964601341524097,0.954082624524465,0.946564374708776,0.937155761367593,0.926210719747897,0.919138537093469,0.910272586346709,0.909950147913702,0.920135331138139,0.929240289289581,0.918473969066046,0.90343403292465,0.879722214651119,0.849389851611894,0.762447616752241,0.750218832048344,0,100000,2109.10596618014,98115.2932229952,4797214.72009976,47.9721472009976,2023.5,"Total","GMoH report",30.0701727990024
0,1,0.0210563,0.00859463,0.0091149,0.0100435,0.012385,0.0142418,0.0158863,0.0176781,0.017041,0.0153736,0.0138259,0.0158993,0.0196369,0.0255843,0.0335224,0.0528585,0.0544858,0.171615,0.107273206165,0.0206677966138844,0.0337975648700813,0.044559120188485,0.0489874854741021,0.0600652303066309,0.0687608058868033,0.0763973230183346,0.0846493986637078,0.0817233797156634,0.0740230000173338,0.0668198873004324,0.0764574501568048,0.0935899583663877,0.120231408912406,0.154651293681711,0.233443779900344,0.239768987281891,1,0.979332203386116,0.966202435129919,0.955440879811515,0.951012514525898,0.939934769693369,0.931239194113197,0.923602676981665,0.915350601336292,0.918276620284337,0.925976999982666,0.933180112699568,0.923542549843195,0.906410041633612,0.879768591087594,0.845348706318289,0.766556220099656,0.760231012718109,0,100000,2066.77966138844,98154.9304193253,4923268.16395959,49.2326816395959,2023.5,"Total","GMoH report",28.8096383604041
0,1,0.0231622,0.00953008,0.0105232,0.0119515,0.0143113,0.0164409,0.0186203,0.02068,0.0200991,0.018186,0.0170273,0.0180066,0.0219234,0.0281737,0.0359249,0.0563814,0.0588106,0.180147,0.103833636062,0.0226911946841716,0.0374073302993221,0.0512672609002366,0.0580238207653085,0.0690847679027823,0.0789591032004782,0.0889603299218887,0.0983170105543406,0.0956874223248753,0.0869756519826106,0.0816603613240668,0.0861546205251305,0.103921233095865,0.131599395292144,0.164821509393017,0.247080183372942,0.256361121560836,1,0.977308805315828,0.962592669700678,0.948732739099763,0.941976179234691,0.930915232097218,0.921040896799522,0.911039670078111,0.901682989445659,0.904312577675125,0.913024348017389,0.918339638675933,0.91384537947487,0.896078766904135,0.868400604707856,0.835178490606983,0.752919816627058,0.743638878439164,0,100000,2269.11946841716,97966.4914566477,4598855.64412032,45.9885564412032,2023.5,"Total","GMoH report",32.0537635587968
0,1,0.0221544,0.00945802,0.0100016,0.0117668,0.0136476,0.0158709,0.0179971,0.0195505,0.0188813,0.0168624,0.0158316,0.0172872,0.0205995,0.0268229,0.0336803,0.0567076,0.0578717,0.17573,0.10508200252,0.021723697899791,0.0371297324949365,0.0487881022903325,0.0571527379089329,0.0659866030891996,0.0763260906209114,0.0861111237374613,0.0931973624152516,0.0901510762118051,0.0809015157039829,0.0761442853308888,0.0828551654591849,0.097953040838137,0.125686320954194,0.155323172392198,0.248332193289536,0.252785660262471,1,0.978276302100209,0.962870267505064,0.951211897709668,0.942847262091067,0.9340133969108,0.923673909379089,0.913888876262539,0.906802637584748,0.909848923788195,0.919098484296017,0.923855714669111,0.917144834540815,0.902046959161863,0.874313679045806,0.844676827607802,0.751667806710464,0.747214339737529,0,100000,2172.3697899791,98055.9071777659,4699150.32796013,46.9915032796013,2023.5,"Total","GMoH report",31.0508167203987
0,1,0.0210464,0.00849543,0.00880362,0.010295,0.0125081,0.0143838,0.0161007,0.0175405,0.0170784,0.0156355,0.0146553,0.0156829,0.0190458,0.0247961,0.0331184,0.0529116,0.0528469,0.170621,0.10729296112,0.0206582669153799,0.033413987614402,0.0430701665508735,0.0501834046235026,0.0606441425028987,0.0694225980841915,0.0773884783178687,0.0840181970371737,0.0818953942472207,0.0752365955266093,0.0706866643209432,0.0754560748108715,0.0909008036830342,0.116743538841341,0.15293000712969,0.233650893463537,0.233398528288479,1,0.97934173308462,0.966586012385598,0.956929833449127,0.949816595376497,0.939355857497101,0.930577401915809,0.922611521682131,0.915981802962826,0.918104605752779,0.924763404473391,0.929313335679057,0.924543925189129,0.909099196316966,0.883256461158659,0.84706999287031,0.766349106536463,0.766601471711521,0,100000,2065.82669153799,98155.8219713578,4922527.22589514,49.2252722589514,2023.5,"Total","GMoH report",28.8170477410486
0,1,0.0213878,0.00822739,0.00869661,0.00994833,0.0120359,0.013937,0.0156178,0.0172882,0.0165366,0.0154852,0.0136685,0.0155743,0.0187063,0.0258429,0.0320834,0.0533623,0.0570567,0.173932,0.10661171449,0.0209867925533106,0.0323768067675377,0.042557778984269,0.0485345555621607,0.0584216084083935,0.0673387496164875,0.0751546252350116,0.0828597597535708,0.0794004656493571,0.074540320569782,0.0660843163064144,0.0749531431563501,0.0893528470911472,0.121372928843008,0.148505589430189,0.235406869958089,0.24967011751496,1,0.979013207446689,0.967623193232462,0.957442221015731,0.951465444437839,0.941578391591607,0.932661250383512,0.924845374764988,0.917140240246429,0.920599534350643,0.925459679430218,0.933915683693586,0.92504685684365,0.910647152908853,0.878627071156992,0.851494410569811,0.764593130041911,0.75032988248504,0,100000,2098.67925533107,98125.0645382444,4965960.19287803,49.6596019287803,2023.5,"Total","GMoH report",28.3827180712197
0,1,0.0212576,0.00845303,0.00914567,0.0101189,0.0122142,0.0140411,0.0158228,0.0174265,0.0171741,0.0157165,0.0142018,0.0156575,0.0187673,0.025424,0.0325718,0.0537705,0.0549145,0.174377,0.10687152208,0.0208615278730897,0.0332499936129794,0.0447061800751796,0.0493461774134282,0.0592614228233768,0.0678246676477287,0.0761035710403566,0.0834949386299145,0.0823354086459346,0.0756116247490778,0.0685743036365366,0.0753384697737921,0.0896311627006216,0.119523111060965,0.15059603977883,0.236994251499381,0.241427784781536,1,0.97913847212691,0.966750006387021,0.95529381992482,0.950653822586572,0.940738577176623,0.932175332352271,0.923896428959643,0.916505061370085,0.917664591354065,0.924388375250922,0.931425696363463,0.924661530226208,0.910368837299378,0.880476888939035,0.84940396022117,0.763005748500619,0.758572215218464,0,100000,2086.15278730897,98136.7975363622,4929927.09716938,49.2992709716938,2023.5,"Total","GMoH report",28.7430490283062
0,1,0.0209047,0.00799091,0.00851551,0.00982135,0.012094,0.0136203,0.0154181,0.0172143,0.0159934,0.014648,0.0139051,0.0160773,0.0189527,0.0252277,0.0316297,0.0526859,0.0551516,0.169835,0.107575716385,0.0205218472513018,0.0314608385413826,0.0416900205331249,0.0479299089713115,0.0586953462074187,0.0658589532477008,0.0742293125889315,0.0825201820742961,0.0768925660839812,0.0706526981922016,0.067189797854629,0.0772803515116061,0.0904765621512882,0.118655017064975,0.146559423505843,0.232770227656748,0.242343869603007,1,0.979478152748698,0.968539161458617,0.958309979466875,0.952070091028688,0.941304653792581,0.934141046752299,0.925770687411068,0.917479817925704,0.923107433916019,0.929347301807798,0.932810202145371,0.922719648488394,0.909523437848712,0.881344982935025,0.853440576494157,0.767229772343252,0.757656130396993,0,100000,2052.18472513018,98168.5805168301,5000852.98784883,50.0085298784883,2023.5,"Total","GMoH report",28.0337901215117
0,1,0.0222014,0.00892623,0.00967011,0.0108401,0.0132942,0.0155726,0.0170912,0.0187896,0.0182052,0.0163927,0.0155115,0.0171712,0.0195911,0.0264268,0.0331868,0.0536067,0.0547102,0.178724,0.10498821637,0.0217688419087424,0.0350786792812782,0.0472092533184811,0.0527704087307933,0.0643328650631923,0.074945268287659,0.0819542584451554,0.0897328873496381,0.0870634798419532,0.0787367309753509,0.0746621934651628,0.0823220778423822,0.0933818662979267,0.123945305501437,0.153221658647032,0.236357619938153,0.240637663285319,1,0.978231158091258,0.964921320718722,0.952790746681519,0.947229591269207,0.935667134936808,0.925054731712341,0.918045741554845,0.910267112650362,0.912936520158047,0.921263269024649,0.925337806534837,0.917677922157618,0.906618133702073,0.876054694498563,0.846778341352968,0.763642380061847,0.759362336714681,0,100000,2176.88419087425,98051.6629975697,4782236.72146976,47.8223672146976,2023.5,"Total","GMoH report",30.2199527853024
0,1,0.021723,0.00918672,0.00939333,0.0108586,0.0128396,0.0150234,0.0168947,0.0184701,0.0177591,0.016137,0.0150732,0.0169446,0.0202582,0.0258815,0.0340322,0.0542255,0.0548198,0.172109,0.10594283965,0.0213091422835047,0.0360838947252984,0.0458890231553113,0.052858087916378,0.0622013973465724,0.0723978455190719,0.081050202844987,0.0882744071798678,0.0850207691466206,0.0775561894280009,0.0726291169846668,0.081279863080131,0.0964083508662056,0.121543199223258,0.156818779804816,0.238760263349372,0.241061624845708,1,0.978690857716495,0.963916105274702,0.954110976844689,0.947141912083622,0.937798602653428,0.927602154480928,0.918949797155013,0.911725592820132,0.914979230853379,0.922443810571999,0.927370883015333,0.918720136919869,0.903591649133794,0.878456800776742,0.843181220195184,0.761239736650628,0.758938375154292,0,100000,2130.91422835046,98094.8408760516,4815734.62617342,48.1573462617342,2023.5,"Total","GMoH report",29.8849737382658
0,1,0.0213204,0.00863267,0.00919697,0.0104087,0.0125385,0.0147779,0.0164758,0.0180598,0.0173164,0.0157256,0.0144117,0.0161991,0.0196937,0.0260893,0.0319113,0.0547016,0.0561481,0.173183,0.10674620782,0.0209219513093201,0.0339446146862725,0.0449513103677185,0.0507235835887495,0.0607870538143713,0.0712569305163076,0.0791200833277708,0.0863981660040023,0.082989309789886,0.0756537485302805,0.0695525729606572,0.0778430323371675,0.0938479657902895,0.122459306065653,0.147767840294986,0.240604387580778,0.24618364079561,1,0.97907804869068,0.966055385313727,0.955048689632282,0.94927641641125,0.939212946185629,0.928743069483692,0.920879916672229,0.913601833995998,0.917010690210114,0.924346251469719,0.930447427039343,0.922156967662833,0.906152034209711,0.877540693934347,0.852232159705014,0.759395612419222,0.75381635920439,0,100000,2092.195130932,98131.1387653145,4877072.79531211,48.7707279531211,2023.5,"Total","GMoH report",29.2715920468789
0,1,0.0219644,0.00904846,0.00963411,0.0108224,0.0135402,0.0153976,0.0168099,0.0189239,0.0177217,0.0161157,0.0150786,0.0166752,0.0196051,0.0279152,0.0323713,0.0559296,0.0566805,0.174645,0.10546113802,0.0215411591038695,0.0355504857042491,0.0470376356109602,0.0526865136857192,0.0654843229267675,0.0741342752100638,0.0806597923897681,0.0903452870557158,0.0848493147471151,0.0774577839769083,0.0726541912784711,0.0800393207947101,0.0934454800477878,0.130470710084615,0.149738430834794,0.245343140695406,0.248228247100544,1,0.97845884089613,0.964449514295751,0.95296236438904,0.947313486314281,0.934515677073233,0.925865724789936,0.919340207610232,0.909654712944284,0.915150685252885,0.922542216023092,0.927345808721529,0.91996067920529,0.906554519952212,0.869529289915385,0.850261569165206,0.754656859304594,0.751771752899456,0,100000,2154.11591038696,98073.0596049494,4789415.57375034,47.8941557375034,2023.5,"Total","GMoH report",30.1481642624966
0,1,0.0208134,0.00850223,0.00886539,0.0103535,0.0125436,0.0144091,0.0157138,0.0176021,0.0168232,0.0155717,0.0139756,0.0159951,0.0182102,0.0257731,0.0317229,0.0529428,0.0544892,0.176694,0.10775790097,0.0204339298321794,0.0334402859944193,0.0433658128901544,0.0504613705012873,0.060811027004176,0.0695404613460467,0.0755991261295632,0.0843008212841841,0.0807210347216758,0.074941099213445,0.0675189552234479,0.0769004250290448,0.0870863503568301,0.121064952201067,0.146959542799328,0.233772564659379,0.239782155439557,1,0.979566070167821,0.966559714005581,0.956634187109846,0.949538629498713,0.939188972995824,0.930459538653953,0.924400873870437,0.915699178715816,0.919278965278324,0.925058900786555,0.932481044776552,0.923099574970955,0.91291364964317,0.878935047798933,0.853040457200672,0.766227435340621,0.760217844560443,0,100000,2043.39298321794,98176.7987555104,4928561.08482943,49.2856108482943,2023.5,"Total","GMoH report",28.7567091517057
0,1,0.0220615,0.00912428,0.00991034,0.0112983,0.0132308,0.015488,0.0170939,0.0189531,0.0182042,0.0167016,0.014977,0.0167749,0.0204419,0.0266205,0.0325923,0.0548857,0.054921,0.174583,0.105267379825,0.0216344543958102,0.0358430362032626,0.0483536960790011,0.0549396873266921,0.0640358850308351,0.0745532963647566,0.0819666746504804,0.0904783852894274,0.0870589056733529,0.0801609593051718,0.0721823137185916,0.0804986096811492,0.0972400705067692,0.124797097185906,0.150683680685024,0.241316444988269,0.241452911604432,1,0.97836554560419,0.964156963796737,0.951646303920999,0.945060312673308,0.935964114969165,0.925446703635243,0.91803332534952,0.909521614710573,0.912941094326647,0.919839040694828,0.927817686281408,0.919501390318851,0.902759929493231,0.875202902814094,0.849316319314976,0.758683555011731,0.758547088395568,0,100000,2163.44543958102,98064.294793238,4767437.16563206,47.6743716563206,2023.5,"Total","GMoH report",30.3679483436794
0,1,0.0216631,0.00878199,0.00930431,0.0111175,0.0135738,0.0152609,0.0175554,0.0187824,0.0189799,0.0166407,0.0152971,0.016917,0.0204931,0.02662,0.034143,0.0548958,0.0547638,0.175687,0.106062367105,0.0212515538763469,0.0345216229057165,0.0454640216224452,0.0540842946359617,0.0656414888950896,0.0735002982462351,0.084086566716656,0.089700044701019,0.0906005276148092,0.0798803381426731,0.0736682245072263,0.0811528433717023,0.0974717539954877,0.124794899442126,0.15728918812465,0.241355492840338,0.240845027682502,1,0.978748446123653,0.965478377094284,0.954535978377555,0.945915705364038,0.93435851110491,0.926499701753765,0.915913433283344,0.910299955298981,0.909399472385191,0.920119661857327,0.926331775492774,0.918847156628298,0.902528246004512,0.875205100557873,0.84271081187535,0.758644507159662,0.759154972317498,0,100000,2125.15538763469,98100.2436232438,4772001.55568798,47.7200155568798,2023.5,"Total","GMoH report",30.3223044431202
0,1,0.021903,0.00943412,0.01035,0.0113613,0.0137696,0.0160657,0.0177266,0.0195549,0.0191048,0.016924,0.0161762,0.0175979,0.0208442,0.0265874,0.0341263,0.0564693,0.0564238,0.176409,0.10558365865,0.0214821559479585,0.037037644828344,0.0504447422931644,0.0552375733935108,0.0665568470955817,0.0772267456798289,0.0848717797717454,0.0932173596351753,0.0911695594991992,0.081185060106878,0.0777372660906606,0.0842815540978535,0.0990589866748787,0.124651595429213,0.157218302599958,0.247417734336132,0.24724302282221,1,0.978517844052041,0.962962355171656,0.949555257706836,0.944762426606489,0.933443152904418,0.922773254320171,0.915128220228255,0.906782640364825,0.908830440500801,0.918814939893122,0.922262733909339,0.915718445902147,0.900941013325121,0.875348404570787,0.842781697400042,0.752582265663868,0.75275697717779,0,100000,2148.21559479585,98078.6008672717,4693446.87852493,46.9344687852493,2023.5,"Total","GMoH report",31.1078512147507
0,1,0.0205381,0.00858374,0.00877843,0.010165,0.0122176,0.0141964,0.0158897,0.0174261,0.0163602,0.0156176,0.0144967,0.0165019,0.0187475,0.0254656,0.0320279,0.0540271,0.0545659,0.171227,0.108307248355,0.0201687363198429,0.0337554637511612,0.0429495753971167,0.0495654187948752,0.0592774301728019,0.0685491230730156,0.0764130489406206,0.0834931021323295,0.0785867621352857,0.0751536989771367,0.0699484459104258,0.0792404548454641,0.0895408330796005,0.119706975135005,0.148267739189992,0.237990639765776,0.240079161239327,1,0.979831263680157,0.966244536248839,0.957050424602883,0.950434581205125,0.940722569827198,0.931450876926984,0.923586951059379,0.91650689786767,0.921413237864714,0.924846301022863,0.930051554089574,0.920759545154536,0.9104591669204,0.880293024864995,0.851732260810008,0.762009360234224,0.759920838760673,0,100000,2016.8736319843,98201.5684013757,4939683.69326766,49.3968369326766,2023.5,"Total","GMoH report",28.6454830673234
0,1,0.0218561,0.00831908,0.0089096,0.0101503,0.0126249,0.0142499,0.0160597,0.0175213,0.0168798,0.0150474,0.01461,0.0153199,0.01865,0.0252622,0.0324597,0.0532479,0.0532392,0.173662,0.105677245255,0.0214370820572129,0.0327317243334639,0.0435773579294788,0.0494955142054023,0.0611931078323194,0.0687985682072585,0.0771990173525578,0.0839300893152038,0.0809816162836386,0.0725093085753579,0.0704758688888353,0.0737739751935797,0.0890959034993431,0.118807643848901,0.150116646707196,0.23496148575647,0.234927605555742,1,0.978562917942787,0.967268275666536,0.956422642070521,0.950504485794598,0.938806892167681,0.931201431792742,0.922800982647442,0.916069910684796,0.919018383716361,0.927490691424642,0.929524131111165,0.92622602480642,0.910904096500657,0.881192356151099,0.849883353292804,0.76503851424353,0.765072394444258,0,100000,2143.7082057213,98082.8329720899,4930844.71246652,49.3084471246652,2023.5,"Total","GMoH report",28.7338728753348
0,1,0.0212953,0.00876612,0.00922675,0.0103553,0.0126659,0.0145951,0.0160661,0.0182565,0.0165724,0.0156501,0.0142403,0.0163127,0.0193349,0.0254025,0.0314325,0.0538863,0.055346,0.176503,0.106796293615,0.0208978020526746,0.0344603135130146,0.0450935819811388,0.0504699220407291,0.0613857360155031,0.0704065243414599,0.0772285942065455,0.0872981053492295,0.0795655209034492,0.0753042041852029,0.0687538127024338,0.0783675347881532,0.0922169845629353,0.119428071062112,0.145712249308988,0.237444047110477,0.243094262385087,1,0.979102197947325,0.965539686486985,0.954906418018861,0.949530077959271,0.938614263984497,0.92959347565854,0.922771405793454,0.912701894650771,0.920434479096551,0.924695795814797,0.931246187297566,0.921632465211847,0.907783015437065,0.880571928937888,0.854287750691012,0.762555952889523,0.756905737614913,0,100000,2089.78020526747,98133.4005751251,4890991.95280923,48.9099195280923,2023.5,"Total","GMoH report",29.1324004719077
0,1,0.0217832,0.00856135,0.00951016,0.0106885,0.0129859,0.0149503,0.0168488,0.0184352,0.017694,0.0159941,0.0150782,0.0166725,0.0192746,0.0261567,0.0332274,0.0564491,0.0542894,0.171728,0.10582271356,0.0213670124204303,0.0336688975676189,0.0464465155150241,0.0520516157623113,0.062887861304708,0.0720582681829607,0.0808389036984153,0.088114957823816,0.0847223086757291,0.0768958021279629,0.072652333945748,0.0800268796236853,0.0919426075416923,0.122756253744221,0.153394729880889,0.247340174402798,0.239007997985425,1,0.97863298757957,0.966331102432381,0.953553484484976,0.947948384237689,0.937112138695292,0.927941731817039,0.919161096301585,0.911885042176184,0.915277691324271,0.923104197872037,0.927347666054252,0.919973120376315,0.908057392458308,0.877243746255779,0.846605270119111,0.752659825597202,0.760992002014575,0,100000,2136.70124204304,98089.410281457,4832553.79470444,48.3255379470444,2023.5,"Total","GMoH report",29.7167820529556
0,1,0.0214267,0.00919995,0.00982138,0.0107499,0.0133896,0.0156067,0.0168941,0.0193125,0.0185792,0.0168297,0.0153003,0.0166467,0.020111,0.0269297,0.03401,0.0561096,0.0553324,0.176316,0.106534091485,0.0210242119403631,0.0361349210658799,0.0479300518679626,0.0523428003269143,0.0647795687167747,0.0751032165747087,0.0810474410647692,0.0921150693098822,0.088772686268214,0.0807509637628989,0.073683067409294,0.079907989190842,0.0957413635920031,0.126155196042815,0.156724499435497,0.246035601969351,0.243041786615668,1,0.978975788059637,0.96386507893412,0.952069948132037,0.947657199673086,0.935220431283225,0.924896783425291,0.918952558935231,0.907884930690118,0.911227313731786,0.919249036237101,0.926316932590706,0.920092010809158,0.904258636407997,0.873844803957185,0.843275500564503,0.753964398030649,0.756958213384332,0,100000,2102.4211940363,98121.5583377892,4764393.01638584,47.6439301638584,2023.5,"Total","GMoH report",30.3983898361416
0,1,0.0219556,0.00911146,0.0096558,0.0109039,0.013706,0.0157684,0.0169079,0.0188968,0.0179473,0.0161282,0.0155701,0.0167337,0.0197595,0.0270293,0.0323873,0.0547271,0.0554461,0.172066,0.10547869798,0.0215327030543065,0.0357935765185879,0.0471410388916744,0.0530727501004493,0.0662596143154801,0.0758518444403182,0.0811109599985992,0.0902217443532631,0.0858830766462662,0.077515534876031,0.074933687481366,0.0803088399138347,0.0941467673751279,0.126592250227326,0.14980689765865,0.24070305024706,0.243480403059769,1,0.978467296945693,0.964206423481412,0.952858961108326,0.946927249899551,0.93374038568452,0.924148155559682,0.918889040001401,0.909778255646737,0.914116923353734,0.922484465123969,0.925066312518634,0.919691160086165,0.905853232624872,0.873407749772674,0.85019310234135,0.75929694975294,0.756519596940231,0,100000,2153.27030543065,98073.8538427852,4778043.11702051,47.7804311702051,2023.5,"Total","GMoH report",30.2618888297949
0,1,0.0208538,0.0083217,0.00901497,0.00993744,0.0123046,0.0141077,0.0159375,0.0178473,0.0170684,0.0150401,0.0138009,0.015511,0.0186179,0.0250793,0.0313432,0.0528517,0.0532634,0.173484,0.10767728479,0.0204728349474866,0.0327418640597086,0.0440813694422969,0.04848271482595,0.0596869401893649,0.0681354150140169,0.0766341096919609,0.0854249865919919,0.0818494040785636,0.0724754065932424,0.0667030932025522,0.0746598766338316,0.0889493736412131,0.117998218214813,0.145328360340444,0.233417253374559,0.235021843810906,1,0.979527165052513,0.967258135940291,0.955918630557703,0.95151728517405,0.940313059810635,0.931864584985983,0.923365890308039,0.914575013408008,0.918150595921436,0.927524593406758,0.933296906797448,0.925340123366168,0.911050626358787,0.882001781785187,0.854671639659556,0.76658274662544,0.764978156189094,0,100000,2047.28349474866,98173.1624331613,4949272.98048218,49.4927298048217,2023.5,"Total","GMoH report",28.5495901951783
0,1,0.0221901,0.00888654,0.0100844,0.0110261,0.0133164,0.0154719,0.0173494,0.0192969,0.0183793,0.0170005,0.0156095,0.0172659,0.0202277,0.0259792,0.0332614,0.0545629,0.0576613,0.174964,0.105010764955,0.021757988510393,0.0349254275815587,0.04918207081274,0.0536515807633627,0.0644368333799482,0.0744786831552266,0.0831408886654683,0.0920440861833226,0.0878595093017269,0.081537072497515,0.0751161847840341,0.0827573017589024,0.0962701887571905,0.121974030656896,0.153539641426631,0.240067546207577,0.251982415817112,1,0.978242011489607,0.965074572418441,0.95081792918726,0.946348419236637,0.935563166620052,0.925521316844773,0.916859111334532,0.907955913816677,0.912140490698273,0.918462927502485,0.924883815215966,0.917242698241098,0.90372981124281,0.878025969343104,0.846460358573369,0.759932453792423,0.748017584182888,0,100000,2175.7988510393,98052.6834506965,4754218.39085795,47.5421839085795,2023.5,"Total","GMoH report",30.5001360914205
0,1,0.0227515,0.00948089,0.0104077,0.0119091,0.0142298,0.016346,0.0184386,0.0199384,0.0194543,0.0170435,0.0164746,0.0176804,0.0207029,0.027612,0.0334391,0.0566282,0.0589931,0.177848,0.103890519325,0.0222969141957224,0.0372178434406048,0.0507188339789921,0.0578239228023853,0.0687048589937276,0.0785212299385607,0.0881304927413484,0.0949586891791748,0.0927600456116435,0.0817348789754546,0.0791145486423422,0.0846599457384163,0.0984205243177549,0.129145112859321,0.154296647441359,0.24802760758096,0.257054408878913,1,0.977703085804278,0.962782156559395,0.949281166021008,0.942176077197615,0.931295141006272,0.921478770061439,0.911869507258652,0.905041310820825,0.907239954388356,0.918265121024545,0.920885451357658,0.915340054261584,0.901579475682245,0.870854887140679,0.845703352558641,0.75197239241904,0.742945591121087,0,100000,2229.69141957225,98001.9523799416,4645444.20408975,46.4544420408975,2023.5,"Total","GMoH report",31.5878779591025
0,1,0.0214798,0.00872801,0.00944149,0.0105636,0.013055,0.0148549,0.0164316,0.0183784,0.0174665,0.0160784,0.0141947,0.0166435,0.0193463,0.0258509,0.0331142,0.0539253,0.053066,0.173872,0.10642813309,0.0210752863286824,0.0343130703575767,0.0461188728089085,0.0514590187732181,0.0632119209306267,0.071614918854761,0.0789162013641616,0.0878553959764653,0.0836785706158458,0.0772854346680818,0.0685411957226879,0.0798932420642588,0.0922688479664659,0.121408220576732,0.152912095701319,0.237595481018573,0.234252846163694,1,0.978924713671318,0.965686929642423,0.953881127191091,0.948540981226782,0.936788079069373,0.928385081145239,0.921083798635838,0.912144604023535,0.916321429384154,0.922714565331918,0.931458804277312,0.920106757935741,0.907731152033534,0.878591779423268,0.847087904298681,0.762404518981427,0.765747153836306,0,100000,2107.52863286824,98116.7717049616,4851729.72665325,48.5172972665325,2023.5,"Total","GMoH report",29.5250227334675
0,1,0.0217043,0.00911467,0.00966446,0.0108714,0.0130261,0.0155712,0.0167188,0.0188528,0.0181209,0.0163659,0.0155004,0.0166179,0.0207652,0.0268313,0.0327925,0.0547296,0.0548606,0.177469,0.105980154565,0.021291164645838,0.0358059609635684,0.0471823208681563,0.0529187478125759,0.0630764012250073,0.0749387830533011,0.0802402003461327,0.0900211243663645,0.086677800607432,0.0786130660556016,0.0746107584974647,0.0797752568960671,0.0987020789742117,0.125723207271819,0.151539132494209,0.240712722461876,0.24121939776714,1,0.978708835354162,0.964194039036432,0.952817679131844,0.947081252187424,0.936923598774993,0.925061216946699,0.919759799653867,0.909978875633635,0.913322199392568,0.921386933944398,0.925389241502535,0.920224743103933,0.901297921025788,0.874276792728181,0.848460867505791,0.759287277538124,0.75878060223286,0,100000,2129.1164645838,98096.5276274197,4786873.40717303,47.8687340717303,2023.5,"Total","GMoH report",30.1735859282697
0,1,0.0213875,0.00943164,0.0102327,0.011519,0.0139509,0.0160249,0.0176128,0.0202209,0.019257,0.0168944,0.0158089,0.017633,0.0203504,0.0263556,0.0337832,0.0569487,0.0556541,0.178304,0.106612313125,0.0209865039610448,0.0370280887932285,0.0498872956738944,0.0559828343284271,0.0674036461812258,0.0770381772821771,0.0843499049837553,0.0962393826675446,0.091862509153097,0.0810488219558718,0.0760392574569712,0.0844425608129626,0.0968258862130261,0.123632010462628,0.155760757908559,0.249256426377841,0.244282230753547,1,0.979013496038955,0.962971911206772,0.950112704326106,0.944017165671573,0.932596353818774,0.922961822717823,0.915650095016245,0.903760617332455,0.908137490846903,0.918951178044128,0.923960742543029,0.915557439187037,0.903174113786974,0.876367989537372,0.844239242091441,0.750743573622159,0.755717769246453,0,100000,2098.65039610448,98125.0915770649,4690776.86901537,46.9077686901537,2023.5,"Total","GMoH report",31.1345513098463
0,1,0.0229062,0.00970342,0.0105015,0.0118344,0.0142845,0.0163564,0.0187811,0.0198648,0.0193718,0.0174856,0.0165819,0.0181995,0.0208003,0.0280719,0.0336769,0.0562948,0.056541,0.180033,0.10358182321,0.0224453182927701,0.0380747690490286,0.0511642466592692,0.0574716439423224,0.0689598572961335,0.078569225788291,0.089694114657992,0.0946247458705755,0.0923848480036092,0.0837662424763872,0.0796093157191899,0.0870374067879087,0.0988606709643506,0.13115506997773,0.155308710240273,0.246747497451209,0.247692978286726,1,0.97755468170723,0.961925230950971,0.948835753340731,0.942528356057678,0.931040142703867,0.921430774211709,0.910305885342008,0.905375254129425,0.907615151996391,0.916233757523613,0.92039068428081,0.912962593212091,0.901139329035649,0.86884493002227,0.844691289759727,0.753252502548791,0.752307021713274,0,100000,2244.53182927701,97987.9608698524,4629568.47656186,46.2956847656186,2023.5,"Total","GMoH report",31.7466352343814
0,1,0.0212676,0.00836588,0.00869428,0.00979455,0.0123177,0.0141223,0.0154438,0.017092,0.0167109,0.015334,0.0139227,0.0159822,0.0187011,0.025363,0.0312598,0.0535417,0.0542018,0.17219,0.10685156758,0.0208711499274265,0.0329128304204838,0.0425466194437563,0.0478022462719429,0.0597485870725414,0.0682035234518885,0.0743484437606242,0.0819579373375658,0.0802038055640013,0.0738393678340805,0.0672719809761581,0.0768407878990976,0.0893291180749227,0.119253437652076,0.144969691123541,0.236104860920176,0.238668362829033,1,0.979128850072573,0.967087169579516,0.957453380556244,0.952197753728057,0.940251412927459,0.931796476548111,0.925651556239376,0.918042062662434,0.919796194435999,0.926160632165919,0.932728019023842,0.923159212100902,0.910670881925077,0.880746562347924,0.855030308876459,0.763895139079824,0.761331637170967,0,100000,2087.11499274266,98135.8965159516,4965961.21201793,49.6596121201793,2023.5,"Total","GMoH report",28.3827078798207
0,1,0.0222575,0.00873144,0.00970503,0.0109715,0.0135123,0.0147771,0.0168832,0.0186733,0.017837,0.0160028,0.0153248,0.0171999,0.0196982,0.0264003,0.0329748,0.0552275,0.0561841,0.174446,0.104876271625,0.0218227212033708,0.0343263235313312,0.0473756936789377,0.0533929968379803,0.065353799633046,0.0712532104593045,0.0809972673401087,0.0892022491044927,0.0853777908610295,0.0769360206229381,0.0737967007989891,0.0824539986706612,0.0938684035337774,0.123828712128017,0.152317409696823,0.242636923296593,0.246322044104562,1,0.978177278796629,0.965673676468669,0.952624306321062,0.94660700316202,0.934646200366954,0.928746789540695,0.919002732659891,0.910797750895507,0.914622209138971,0.923063979377062,0.926203299201011,0.917546001329339,0.906131596466223,0.876171287871983,0.847682590303177,0.757363076703407,0.753677955895438,0,100000,2182.27212033707,98046.5964433151,4800320.46629091,48.0032046629091,2023.5,"Total","GMoH report",30.0391153370909
0,1,0.0207198,0.00801658,0.00859924,0.00964347,0.0121236,0.0138292,0.0152754,0.0171199,0.0166292,0.0150951,0.0137724,0.0159556,0.0184121,0.0253039,0.0316742,0.0530998,0.0533907,0.173558,0.10794467509,0.0203437816537921,0.0315603085237887,0.0420913166651999,0.0470822591166899,0.0588347767514406,0.0668353030670625,0.0735675650423791,0.0820862298825829,0.0798273380742396,0.0727308031340288,0.0665699307155335,0.0767178035348003,0.0880094050817364,0.118992090126613,0.146750489142043,0.234384566049246,0.235517402540458,1,0.979656218346208,0.968439691476211,0.9579086833348,0.95291774088331,0.941165223248559,0.933164696932938,0.926432434957621,0.917913770117417,0.92017266192576,0.927269196865971,0.933430069284467,0.9232821964652,0.911990594918264,0.881007909873387,0.853249510857957,0.765615433950754,0.764482597459542,0,100000,2034.37816537921,98185.2221246928,4994368.84036639,49.9436884036639,2023.5,"Total","GMoH report",28.0986315963361
0,1,0.0216767,0.00930084,0.00976384,0.0106159,0.0129341,0.0154324,0.0168314,0.0188689,0.0179322,0.0164605,0.0146161,0.016902,0.0200894,0.0264333,0.0337801,0.0570771,0.0558897,0.175127,0.106035228985,0.0212646296234145,0.0365239531118778,0.04765593762495,0.0517072037395532,0.062644862703274,0.0742956014022979,0.0807587912043095,0.0900945379329905,0.0858139190997966,0.0790495136993785,0.0705042568293899,0.0810838038675756,0.0956434511320686,0.123973901662933,0.15574757809314,0.249748237222998,0.24518957107388,1,0.978735370376586,0.963476046888122,0.95234406237505,0.948292796260447,0.937355137296726,0.925704398597702,0.91924120879569,0.90990546206701,0.914186080900203,0.920950486300621,0.92949574317061,0.918916196132424,0.904356548867931,0.876026098337067,0.84425242190686,0.750251762777002,0.75481042892612,0,100000,2126.46296234145,98099.0170247986,4792512.13435797,47.9251213435797,2023.5,"Total","GMoH report",30.1171986564203
0,1,0.0227308,0.00930259,0.00973216,0.0111573,0.0136503,0.0159281,0.0175609,0.0198012,0.0182672,0.0168911,0.0159475,0.0177846,0.0205665,0.027097,0.035415,0.0557475,0.0568311,0.177391,0.10393182514,0.0222770532608718,0.0365306997555225,0.047504984719774,0.0542726591501598,0.0659992268831909,0.0765906415075106,0.0841118026137026,0.0943360809830939,0.0873470355791704,0.0810336320444356,0.0766803502845912,0.0851376522734443,0.0978037955947514,0.126889207838032,0.162672393004375,0.24464204411434,0.248805740239664,1,0.977722946739128,0.963469300244477,0.952495015280226,0.94572734084984,0.934000773116809,0.923409358492489,0.915888197386297,0.905663919016906,0.91265296442083,0.918966367955564,0.923319649715409,0.914862347726556,0.902196204405249,0.873110792161968,0.837327606995625,0.75535795588566,0.751194259760336,0,100000,2227.70532608718,98003.8241543272,4716264.98299081,47.1626498299081,2023.5,"Total","GMoH report",30.8796701700919
0,1,0.0213169,0.00829077,0.00911391,0.0101821,0.0124056,0.0143508,0.015549,0.0172845,0.0167549,0.015235,0.0141441,0.0158421,0.0188894,0.0247956,0.0305289,0.0548061,0.0550292,0.17185,0.106753191895,0.0209185839529825,0.0326221544412463,0.0445543882876043,0.0496467300742768,0.0601621316490368,0.0692688417640318,0.0748359399252555,0.0828427607543535,0.0804064931210167,0.0733801341409082,0.0683052106742556,0.0761928626274252,0.0901880066671537,0.11674132217942,0.141820444574104,0.241008640825178,0.241871071131259,1,0.979081416047017,0.967377845558754,0.955445611712396,0.950353269925723,0.939837868350963,0.930731158235968,0.925164060074744,0.917157239245647,0.919593506878983,0.926619865859092,0.931694789325744,0.923807137372575,0.909811993332846,0.88325867782058,0.858179555425896,0.758991359174822,0.758128928868741,0,100000,2091.85839529824,98131.4541653922,4942602.05828804,49.4260205828804,2023.5,"Total","GMoH report",28.6162994171196
0,1,0.0208656,0.00795018,0.00826037,0.00986108,0.0118496,0.0135975,0.0151434,0.016916,0.0161028,0.0149035,0.0136513,0.0154558,0.0179417,0.0246022,0.0312804,0.0525227,0.0521295,0.170847,0.10765373848,0.0204841977542247,0.0313029911712995,0.0404661858313605,0.0481191334390667,0.0575433362081692,0.0657523316751189,0.0729550319239087,0.0811482408926498,0.0773981814109398,0.0718408015357788,0.0660039023206261,0.0744040641627822,0.0858574293974495,0.115883525803682,0.145058296180397,0.232132885267413,0.230595437811512,1,0.979515802245775,0.9686970088287,0.959533814168639,0.951880866560933,0.942456663791831,0.934247668324881,0.927044968076091,0.91885175910735,0.92260181858906,0.928159198464221,0.933996097679374,0.925595935837218,0.914142570602551,0.884116474196318,0.854941703819603,0.767867114732587,0.769404562188488,0,100000,2048.41977542247,98172.1002713781,5029282.96375474,50.2928296375474,2023.5,"Total","GMoH report",27.7494903624526
0,1,0.0212628,0.00860158,0.00871308,0.0103063,0.0123816,0.0144325,0.0160022,0.0174132,0.0173355,0.015235,0.0146868,0.0158573,0.019285,0.0251445,0.0316234,0.0520855,0.0537827,0.172946,0.10686114574,0.0208665313644152,0.0338244328694378,0.0426366584597684,0.0502371033542502,0.0600492359503916,0.0696494604067007,0.0769332469876361,0.0834338731980685,0.0830770447278029,0.0733801341409082,0.0708332167795069,0.0762631797013062,0.0919899352469084,0.118286841297488,0.146532370580464,0.230423227464716,0.237041650111386,1,0.979133468635585,0.966175567130562,0.957363341540232,0.94976289664575,0.939950764049608,0.930350539593299,0.923066753012364,0.916566126801932,0.916922955272197,0.926619865859092,0.929166783220493,0.923736820298694,0.908010064753092,0.881713158702512,0.853467629419536,0.769576772535284,0.762958349888614,0,100000,2086.65313644151,98136.3290084806,4925022.28157908,49.2502228157908,2023.5,"Total","GMoH report",28.7920971842092
0,1,0.0223707,0.00945487,0.0104641,0.0113933,0.0146022,0.0158922,0.0186969,0.020037,0.0193612,0.0173232,0.016107,0.0181284,0.0212931,0.0270903,0.0350733,0.0574959,0.0600963,0.181657,0.104650386685,0.0219314224339707,0.0371175959118813,0.0509866758140359,0.0553888456618034,0.0704395683380358,0.0764246119547325,0.0893099519007664,0.0954058809104912,0.0923366300935804,0.083020546185786,0.0774175873032658,0.086712120009069,0.101084494381702,0.126859823320736,0.161229383646388,0.251350449260857,0.261233572189127,1,0.978068577566029,0.962882404088119,0.949013324185964,0.944611154338197,0.929560431661964,0.923575388045268,0.910690048099234,0.904594119089509,0.90766336990642,0.916979453814214,0.922582412696734,0.913287879990931,0.898915505618298,0.873140176679264,0.838770616353612,0.748649550739143,0.738766427810873,0,100000,2193.14224339707,98036.3709404296,4643486.67822856,46.4348667822856,2023.5,"Total","GMoH report",31.6074532177144
0,1,0.022184,0.00981117,0.0103957,0.0117228,0.0141638,0.0160131,0.0185613,0.0202384,0.0187638,0.0178155,0.0159143,0.0172861,0.0208469,0.0277934,0.0336215,0.0560116,0.0576701,0.1757,0.1050229372,0.0217521294978305,0.0384894273697455,0.0506618368564778,0.0569451096708756,0.0683970931307855,0.0769836334480813,0.0886909516001599,0.0963186610266934,0.0896151959648852,0.0852792680022642,0.076526822953671,0.0828501117099275,0.0990711824181193,0.129938423547441,0.155073030281017,0.245658663069097,0.252016026391062,1,0.97824787050217,0.961510572630254,0.949338163143522,0.943054890329124,0.931602906869215,0.923016366551919,0.91130904839984,0.903681338973307,0.910384804035115,0.914720731997736,0.923473177046329,0.917149888290072,0.900928817581881,0.870061576452559,0.844926969718983,0.754341336930903,0.747983973608938,0,100000,2175.21294978305,98053.2343032386,4653617.03969259,46.5361703969259,2023.5,"Total","GMoH report",31.5061496030741
0,1,0.0206093,0.00827247,0.00865068,0.0101303,0.0121202,0.0146121,0.0159264,0.0171495,0.0171026,0.0155007,0.0145255,0.0162067,0.0186293,0.024861,0.0323585,0.053134,0.0532035,0.172874,0.108165172315,0.0202373359138988,0.0325513203577601,0.0423377736701674,0.0494003978735538,0.0588187620990187,0.070485641880688,0.0765827800303131,0.0822223207746863,0.0820066813297256,0.0746121486678602,0.0700825401573607,0.0778781312266237,0.0890014148555775,0.117031217268707,0.149683653727173,0.234517824749412,0.234788566284241,1,0.979762664086101,0.96744867964224,0.957662226329833,0.950599602126446,0.941181237900981,0.929514358119312,0.923417219969687,0.917777679225314,0.917993318670274,0.92538785133214,0.929917459842639,0.922121868773376,0.910998585144423,0.882968782731293,0.850316346272827,0.765482175250588,0.765211433715759,0,100000,2023.73359138987,98195.1639012425,4944847.61284282,49.4484761284282,2023.5,"Total","GMoH report",28.5938438715718
0,1,0.0214723,0.0088634,0.0092692,0.0105359,0.0126361,0.0147906,0.0163072,0.0185117,0.0178479,0.0157638,0.0148269,0.0163436,0.020324,0.0255661,0.0321021,0.0536211,0.0558091,0.173293,0.106443098965,0.0210680727483442,0.0348360679899557,0.0452963477339609,0.0513275452889747,0.0612457320142372,0.0713159844991666,0.0783421473373509,0.0884644324161069,0.0854277357861557,0.0758305557145668,0.07148475665392,0.0785101536327207,0.0967063503392621,0.120151017667996,0.148585716199944,0.236413605980851,0.244879270729786,1,0.978931927251656,0.965163932010044,0.954703652266039,0.948672454711025,0.938754267985763,0.928684015500833,0.921657852662649,0.911535567583893,0.914572264213844,0.924169444285433,0.92851524334608,0.921489846367279,0.903293649660738,0.879848982332004,0.851414283800056,0.763586394019149,0.755120729270214,0,100000,2106.80727483443,98117.447820421,4855422.82911607,48.5542282911607,2023.5,"Total","GMoH report",29.4880917088393
0,1,0.0217992,0.00938364,0.0100074,0.0112658,0.0137712,0.0154846,0.0170846,0.0192894,0.0190768,0.0170723,0.0159215,0.0168017,0.020321,0.0264341,0.0340105,0.0548983,0.0551688,0.176405,0.10579078636,0.021382392058911,0.0368431149457411,0.0488157043019223,0.0547859802589955,0.0665643234715224,0.0745375400195338,0.0819239070442783,0.0920099578000303,0.0910420238008881,0.0818673405066699,0.0765601201188205,0.0806220320118656,0.0966927657671161,0.123977421130252,0.156726622973407,0.241365157882542,0.242410288227137,1,0.978617607941089,0.963156885054259,0.951184295698078,0.945214019741004,0.933435676528478,0.925462459980466,0.918076092955722,0.90799004219997,0.908957976199112,0.91813265949333,0.923439879881179,0.919377967988134,0.903307234232884,0.876022578869748,0.843273377026593,0.758634842117458,0.757589711772863,0,100000,2138.23920589111,98087.9668011259,4731502.25279279,47.3150225279279,2023.5,"Total","GMoH report",30.7272974720721
0,1,0.0226768,0.00927369,0.0102673,0.0113944,0.0138179,0.0157346,0.0175776,0.0198312,0.0188779,0.0173651,0.0157479,0.0176511,0.0209592,0.0272944,0.0336716,0.0560567,0.0565062,0.178995,0.10403957944,0.0222252383799481,0.0364192778150389,0.0500517589386237,0.0553940452276453,0.0667825147244718,0.0756954075989826,0.0841884239001326,0.0944722545632626,0.0901355741136021,0.0832129950491788,0.0757569671428286,0.084525576491957,0.0995782964239765,0.127754541131361,0.155286165845308,0.245832152010923,0.247559397878933,1,0.977774761620052,0.963580722184961,0.949948241061376,0.944605954772355,0.933217485275528,0.924304592401017,0.915811576099867,0.905527745436737,0.909864425886398,0.916787004950821,0.924243032857171,0.915474423508043,0.900421703576023,0.872245458868639,0.844713834154692,0.754167847989077,0.752440602121067,0,100000,2222.52383799481,98008.7066074055,4695168.64077204,46.9516864077204,2023.5,"Total","GMoH report",31.0906335922796
0,1,0.022488,0.0096661,0.0101473,0.0116036,0.0144885,0.0160449,0.018502,0.0197383,0.0191337,0.0174782,0.016078,0.018052,0.0204462,0.0276503,0.0345891,0.056082,0.0568363,0.177512,0.1044163204,0.0220440356399307,0.0379311082294859,0.0494812473469897,0.0563824028749991,0.0699102628902852,0.0771306173924978,0.0884201270244826,0.0940505071850722,0.0913011766889658,0.0837322763200569,0.0772835862506549,0.0863624620860563,0.097259530470248,0.129312665044313,0.159180706557067,0.245929460053236,0.248825673441449,1,0.977955964360069,0.962068891770514,0.95051875265301,0.943617597125001,0.930089737109715,0.922869382607502,0.911579872975517,0.905949492814928,0.908698823311034,0.916267723679943,0.922716413749345,0.913637537913944,0.902740469529752,0.870687334955687,0.840819293442933,0.754070539946764,0.751174326558551,0,100000,2204.40356399307,98025.7721448357,4656281.54928368,46.5628154928368,2023.5,"Total","GMoH report",31.4795045071632
0,1,0.0223803,0.00929162,0.0101829,0.0118287,0.0140304,0.0166503,0.0180466,0.0202038,0.0191018,0.0173959,0.0156914,0.018066,0.0211861,0.0267657,0.034711,0.0553139,0.05597,0.179168,0.104631230365,0.0219406398193512,0.0364884071722994,0.0496505339447354,0.0574447579782565,0.0677747334495245,0.0799245794374803,0.0863377432085322,0.0961619100065254,0.0911558957752031,0.0833544363995909,0.0754954276176991,0.0864265450909665,0.100602085396455,0.125435104086387,0.159696902079773,0.242970399102685,0.24549860736452,1,0.978059360180649,0.963511592827701,0.950349466055265,0.942555242021743,0.932225266550476,0.92007542056252,0.913662256791468,0.903838089993475,0.908844104224797,0.916645563600409,0.924504572382301,0.913573454909034,0.899397914603545,0.874564895913613,0.840303097920228,0.757029600897315,0.75450139263548,0,100000,2194.06398193512,98035.5036319943,4661416.63682604,46.6141663682604,2023.5,"Total","GMoH report",31.4281536317396
0,1,0.0208592,0.00815964,0.00849985,0.00986457,0.012071,0.013868,0.0152437,0.0171275,0.0167042,0.0144586,0.0133636,0.0152311,0.0184559,0.0250818,0.031329,0.0521132,0.0523572,0.171551,0.10766650936,0.020478034907894,0.0321144748921815,0.0416149479614252,0.0481357537198202,0.0585869910767805,0.0670165366735288,0.0734204998173362,0.0821211739815764,0.080172938021743,0.069771021761884,0.0646578460222429,0.0733620386334261,0.088209534146848,0.118009286683175,0.145267301758055,0.230531645614417,0.231486091080235,1,0.979521965092106,0.967885525107818,0.958385052038575,0.95186424628018,0.94141300892322,0.932983463326471,0.926579500182664,0.917878826018424,0.919827061978257,0.930228978238116,0.935342153977757,0.926637961366574,0.911790465853152,0.881990713316825,0.854732698241945,0.769468354385583,0.768513908919765,0,100000,2047.8034907894,98172.6763629191,5005643.80045193,50.0564380045193,2023.5,"Total","GMoH report",27.9858819954807
0,1,0.0208988,0.00853042,0.0092596,0.0102956,0.0124907,0.0149031,0.0159117,0.0176789,0.0168873,0.0156455,0.0150158,0.0160456,0.0189584,0.025154,0.032384,0.0549528,0.0557072,0.171776,0.10758748954,0.0205161663059674,0.0335493007478294,0.0452504962620303,0.0501862559578996,0.0605623351023429,0.0718389426350394,0.0765147986940497,0.0846530672246072,0.0810161403333707,0.0752829033395045,0.0723625461970363,0.0771338526353842,0.0905025415411172,0.118328887885331,0.149792776791001,0.241575829404721,0.24448681082941,1,0.979483833694033,0.966450699252171,0.95474950373797,0.9498137440421,0.939437664897657,0.928161057364961,0.92348520130595,0.915346932775393,0.918983859666629,0.924717096660496,0.927637453802964,0.922866147364616,0.909497458458883,0.881671112114669,0.850207223208999,0.758424170595279,0.75551318917059,0,100000,2051.61663059675,98169.1116521877,4899147.78769991,48.9914778769991,2023.5,"Total","GMoH report",29.0508421230009
0,1,0.0215018,0.00864936,0.00893259,0.0101431,0.012568,0.0143742,0.016381,0.0178172,0.017315,0.0153195,0.0141732,0.0164476,0.0192147,0.0247641,0.0327709,0.0536074,0.0551823,0.174711,0.10638423319,0.0210964455640277,0.0340091256578009,0.0436873471004109,0.0494612733945786,0.0609257140641058,0.0693778714987564,0.0786827448898965,0.0852870585509644,0.0829828786408349,0.0737721200184436,0.0684409324408243,0.0789900097875459,0.0916699724508706,0.116601661957778,0.151446874085111,0.236360341564093,0.242462415607988,1,0.978903554435972,0.965990874342199,0.956312652899589,0.950538726605421,0.939074285935894,0.930622128501244,0.921317255110103,0.914712941449036,0.917017121359165,0.926227879981556,0.931559067559176,0.921009990212454,0.908330027549129,0.883398338042222,0.848553125914889,0.763639658435907,0.757537584392012,0,100000,2109.64455640278,98114.7883620336,4904437.03946935,49.0443703946935,2023.5,"Total","GMoH report",28.9979496053065
0,1,0.0225665,0.00921747,0.00974911,0.0108972,0.0137736,0.015946,0.0170391,0.0188638,0.0187483,0.0166838,0.0154545,0.0168616,0.0203564,0.0261015,0.0334938,0.054891,0.0567225,0.177968,0.104259677575,0.0221193848597057,0.0362024892822314,0.0475857531453821,0.0530410039299367,0.066575537927021,0.076673414337438,0.0817146401860161,0.0900712833145285,0.089544482926856,0.080078947153693,0.0743980387744025,0.0808978327579225,0.0968530513630814,0.122513063202077,0.154529545751289,0.24133693566151,0.248389339259616,1,0.977880615140294,0.963797510717769,0.952414246854618,0.946958996070063,0.933424462072979,0.923326585662562,0.918285359813984,0.909928716685471,0.910455517073144,0.919921052846307,0.925601961225597,0.919102167242077,0.903146948636919,0.877486936797923,0.845470454248711,0.75866306433849,0.751610660740384,0,100000,2211.93848597056,98018.6775073925,4749403.27991849,47.4940327991849,2023.5,"Total","GMoH report",30.5482872008151
0,1,0.0222012,0.00956771,0.0100309,0.0112313,0.0137623,0.0159018,0.0174801,0.0197537,0.0191958,0.0171109,0.0155952,0.0171882,0.0209762,0.0271866,0.0336595,0.0569301,0.0580591,0.182146,0.10498861546,0.0217686498152548,0.0375522617004127,0.048927532046975,0.0546227877109549,0.0665227353966275,0.0764690126371177,0.0837409974750892,0.0941204330063082,0.0915839328542891,0.0820448470658523,0.0750499524537338,0.0824002212910145,0.0996550398811144,0.127282082349961,0.155234694501101,0.249185159830792,0.253500476248589,1,0.978231350184745,0.962447738299587,0.951072467953025,0.945377212289045,0.933477264603373,0.923530987362882,0.916259002524911,0.905879566993692,0.908416067145711,0.917955152934148,0.924950047546266,0.917599778708986,0.900344960118886,0.872717917650039,0.844765305498899,0.750814840169208,0.746499523751411,0,100000,2176.86498152548,98051.6810589282,4699145.42397334,46.9914542397334,2023.5,"Total","GMoH report",31.0508657602666
0,1,0.0209543,0.00885499,0.00921347,0.0105392,0.012709,0.0147347,0.0165488,0.0180821,0.0178913,0.0157066,0.0146292,0.0166573,0.019549,0.0263571,0.0323944,0.0548094,0.0549229,0.173739,0.107476742065,0.0205696031655433,0.0348035891325346,0.0450301403812538,0.0513432091259495,0.0615881892568372,0.0710560269010527,0.0794567167160246,0.0865002352408773,0.0856265732260997,0.0755657956837827,0.0705652182721333,0.0799568374297054,0.0931905450853178,0.123638611858463,0.149837278188617,0.241021403691305,0.24146025623243,1,0.979430396834457,0.965196410867465,0.954969859618746,0.948656790874051,0.938411810743163,0.928943973098947,0.920543283283975,0.913499764759123,0.9143734267739,0.924434204316217,0.929434781727867,0.920043162570295,0.906809454914682,0.876361388141537,0.850162721811383,0.758978596308695,0.75853974376757,0,100000,2056.96031655434,98164.1150768259,4858981.07060615,48.5898107060615,2023.5,"Total","GMoH report",29.4525092939385
0,1,0.022271,0.00924956,0.0101978,0.0115516,0.0136819,0.0160869,0.0178397,0.0201889,0.0190212,0.0173515,0.0156283,0.0174924,0.0214974,0.0273361,0.0342718,0.0564461,0.056854,0.176594,0.10484933305,0.0218356859377169,0.0363262365901701,0.0497213783204103,0.0561368246411872,0.0661469597775489,0.0773247126982368,0.0853901627825216,0.0960943994474866,0.0907887238163606,0.0831505337826748,0.0752032525215439,0.083797453558436,0.102004899674352,0.127937237223815,0.15783571486797,0.247328655015346,0.248893519592693,1,0.978164314062283,0.96367376340983,0.95027862167959,0.943863175358813,0.933853040222451,0.922675287301763,0.914609837217478,0.903905600552513,0.909211276183639,0.916849466217325,0.924796747478456,0.916202546441564,0.897995100325649,0.872062762776185,0.84216428513203,0.752671344984654,0.751106480407307,0,100000,2183.56859377169,98045.3771169542,4684334.43674436,46.8433443674436,2023.5,"Total","GMoH report",31.1989756325564
0,1,0.0225196,0.00950019,0.0102664,0.0117692,0.014372,0.0164779,0.0188823,0.0204034,0.0189219,0.0172856,0.016519,0.0186843,0.0204516,0.0272361,0.0355139,0.0565256,0.0558082,0.180659,0.10435326418,0.022074368675986,0.0372921941403005,0.0500474813438293,0.0571640618093825,0.0693676213643779,0.0791297689505253,0.09015563560456,0.0970658182117461,0.0903361700593834,0.0828478145423662,0.0793193107637347,0.0892524510711293,0.0972839680001218,0.127499057312807,0.16308962813816,0.247633867629767,0.244875805218072,1,0.977925631324014,0.9627078058597,0.949952518656171,0.942835938190618,0.930632378635622,0.920870231049475,0.90984436439544,0.902934181788254,0.909663829940617,0.917152185457634,0.920680689236265,0.910747548928871,0.902716031999878,0.872500942687193,0.83691037186184,0.752366132370233,0.755124194781928,0,100000,2207.4368675986,98022.9163750066,4634437.83062902,46.3443783062902,2023.5,"Total","GMoH report",31.6979416937098
0,1,0.0220468,0.0089894,0.00961605,0.0110645,0.0130532,0.0154833,0.0168228,0.0191478,0.0187754,0.0162495,0.0159094,0.0163956,0.0204773,0.0266829,0.0340707,0.0546495,0.0548305,0.176923,0.10529671294,0.0216203315142097,0.0353225430627828,0.0469515293651213,0.0538334008409872,0.0632034808107043,0.0745315154664459,0.080719192904035,0.091365384716322,0.0896681132654879,0.0780757694603837,0.0765041617236831,0.0787501116726498,0.0974002639381484,0.125071335176544,0.156982261184641,0.240402771805534,0.241103004306,1,0.97837966848579,0.964677456937217,0.953048470634879,0.946166599159013,0.936796519189296,0.925468484533554,0.919280807095965,0.908634615283678,0.910331886734512,0.921924230539616,0.923495838276317,0.92124988832735,0.902599736061852,0.874928664823456,0.843017738815359,0.759597228194466,0.758896995694,0,100000,2162.03315142097,98065.621832691,4774511.50760637,47.7451150760637,2023.5,"Total","GMoH report",30.2972049239363
0,1,0.0226706,0.00955222,0.00993351,0.0112974,0.0137706,0.016345,0.0178172,0.0202628,0.0189127,0.0167944,0.0155011,0.0176944,0.0198548,0.0263852,0.0340925,0.057256,0.0575325,0.17619,0.10405195123,0.0222192889173615,0.037492604781508,0.048464005784743,0.0549354311503063,0.0665615198373205,0.0785166148266462,0.0852870585509644,0.0964291866898522,0.0902942307549998,0.0805884148155541,0.0746140022252649,0.0847241428182901,0.0945793641039712,0.123762269422109,0.157074817003288,0.250433017828088,0.251490331287941,1,0.977780711082639,0.962507395218492,0.951535994215257,0.945064568849694,0.933438480162679,0.921483385173354,0.914712941449036,0.903570813310148,0.909705769245,0.919411585184446,0.925385997774735,0.91527585718171,0.905420635896029,0.876237730577891,0.842925182996711,0.749566982171912,0.748509668712059,0,100000,2221.92889173614,98009.2671449433,4694075.35030478,46.9407535030478,2023.5,"Total","GMoH report",31.1015664969522
0,1,0.0209662,0.00891277,0.009258,0.0105912,0.012775,0.0144954,0.0162731,0.0186447,0.017329,0.0158696,0.0145635,0.0159666,0.0192864,0.0261264,0.0324394,0.0555381,0.0542199,0.178093,0.10745299621,0.0205810600579652,0.0350267099801799,0.0452428541409087,0.0515899999805159,0.0618981285203804,0.0699423926055633,0.0781847301687282,0.0890717116447431,0.0830471881896537,0.0763200772549857,0.0702594415572041,0.0767686636378979,0.0919963061048486,0.122622771083885,0.150029807644724,0.243835147927254,0.238738549323797,1,0.979418939942035,0.96497329001982,0.954757145859091,0.948410000019484,0.93810187147962,0.930057607394437,0.921815269831272,0.910928288355257,0.916952811810346,0.923679922745014,0.929740558442796,0.923231336362102,0.908003693895151,0.877377228916115,0.849970192355276,0.756164852072746,0.761261450676203,0,100000,2058.10600579652,98163.0436510441,4862314.54434641,48.6231454434641,2023.5,"Total","GMoH report",29.4191745565359
0,1,0.0209121,0.00832627,0.00875488,0.0100007,0.0123218,0.0140238,0.0157801,0.0177123,0.0168514,0.0153421,0.0141544,0.0159083,0.0188458,0.024552,0.0312195,0.0541088,0.0544132,0.172299,0.107560950055,0.0205289724139126,0.0327595502786035,0.0428368219114595,0.0487838191495771,0.0597678803303633,0.0677439316290513,0.0759059897287051,0.084806217102058,0.0808508739565226,0.0738769318111504,0.0683532518307182,0.0764990744353984,0.0899892036639737,0.115660743560271,0.144796327624331,0.238307647858839,0.239487761359045,1,0.979471027586087,0.967240449721396,0.95716317808854,0.951216180850423,0.940232119669637,0.932256068370949,0.924094010271295,0.915193782897942,0.919149126043477,0.92612306818885,0.931646748169282,0.923500925564602,0.910010796336026,0.884339256439729,0.85520367237567,0.761692352141161,0.760512238640955,0,100000,2052.89724139126,98167.9143362581,4951847.57128966,49.5184757128966,2023.5,"Total","GMoH report",28.5238442871034
0,1,0.0208593,0.00835117,0.00917229,0.0101517,0.0126152,0.0144777,0.0163422,0.0180211,0.0172173,0.0158342,0.0144293,0.0155703,0.018814,0.0257415,0.0331461,0.0539458,0.0549434,0.174335,0.107666309815,0.0204781312029495,0.032855909429696,0.0448333879109947,0.0495021720012376,0.0611475292233539,0.0698599707535532,0.0785036923953421,0.0862210065472772,0.082533969708351,0.076156314223313,0.0696345552787894,0.074934613950997,0.0898441790389051,0.12092549117246,0.153048128564473,0.237675070459954,0.241539497001165,1,0.97952186879705,0.967144090570304,0.955166612089005,0.950497827998762,0.938852470776646,0.930140029246447,0.921496307604658,0.913778993452723,0.917466030291649,0.923843685776687,0.930365444721211,0.925065386049003,0.910155820961095,0.87907450882754,0.846951871435527,0.762324929540046,0.758460502998835,0,100000,2047.81312029494,98172.6673615579,4901443.70322859,49.0144370322859,2023.5,"Total","GMoH report",29.0278829677141
0,1,0.0229476,0.00985162,0.0104221,0.0121576,0.0144584,0.0170487,0.0189055,0.0207947,0.0198587,0.0182264,0.0166033,0.0181999,0.021855,0.0291532,0.0354744,0.0574338,0.0581061,0.177569,0.10349921158,0.0224850258722859,0.0386450473571115,0.0507872261264683,0.0589949087436456,0.0697700903154575,0.081758796994212,0.0902614074057275,0.0988353703124113,0.0945970632500887,0.0871604470688603,0.079707961986859,0.0870392364991001,0.103613800950564,0.13586383603804,0.162923009940424,0.251113057233637,0.253679660672495,1,0.977514974127714,0.961354952642889,0.949212773873532,0.941005091256354,0.930229909684543,0.918241203005788,0.909738592594272,0.901164629687589,0.905402936749911,0.91283955293114,0.920292038013141,0.9129607635009,0.896386199049436,0.86413616396196,0.837076990059576,0.748886942766363,0.746320339327505,0,100000,2248.50258722859,97984.2156577852,4580382.25988754,45.8038225988754,2023.5,"Total","GMoH report",32.2384974011246
0,1,0.0208336,0.008488,0.00905502,0.0104775,0.0121695,0.014138,0.0161732,0.0181221,0.0171921,0.0155399,0.0142189,0.0156801,0.019157,0.0258484,0.0312301,0.0539282,0.0535599,0.173702,0.10771759288,0.0204533827664362,0.0333852519626815,0.044272870676419,0.0510503011736331,0.0590509486995035,0.0682767579888829,0.0777234093882066,0.0866832917944304,0.0824181474193783,0.0747937803325264,0.0686540377563651,0.0754431111809298,0.0914072769869047,0.121397192052383,0.14484193009718,0.237606740449261,0.236175640747782,1,0.979546617233564,0.966614748037319,0.955727129323581,0.948949698826367,0.940949051300497,0.931723242011117,0.922276590611793,0.91331670820557,0.917581852580622,0.925206219667474,0.931345962243635,0.92455688881907,0.908592723013095,0.878602807947617,0.85515806990282,0.762393259550739,0.763824359252218,0,100000,2045.33827664363,98174.9806391418,4915949.19108281,49.1594919108281,2023.5,"Total","GMoH report",28.8828280891719
0,1,0.0222343,0.00955408,0.0105225,0.0117196,0.0140053,0.0165195,0.018383,0.0203345,0.0185471,0.0173906,0.0162318,0.0172416,0.0214106,0.0270358,0.0336146,0.0569455,0.0571864,0.175578,0.104922566065,0.0218004402777204,0.0374997684249727,0.0512639380301932,0.0569300077042725,0.067657587958415,0.0793216163949107,0.0878764194529892,0.0967538948147249,0.0886261068348102,0.0833300989528753,0.0779940408205236,0.0826456422370157,0.101613960351258,0.126620765753129,0.155043672422469,0.249244165879738,0.250166671624528,1,0.97819955972228,0.962500231575027,0.948736061969807,0.943069992295728,0.932342412041585,0.920678383605089,0.912123580547011,0.903246105185275,0.91137389316519,0.916669901047125,0.922005959179476,0.917354357762984,0.898386039648742,0.873379234246871,0.844956327577531,0.750755834120262,0.749833328375472,0,100000,2180.04402777205,98048.6917857565,4654660.37106032,46.5466037106033,2023.5,"Total","GMoH report",31.4957162893968
0,1,0.0214633,0.00839162,0.00930009,0.01059,0.0124991,0.0149536,0.0165935,0.0177417,0.0176808,0.0157216,0.0150286,0.0169814,0.0201445,0.0256771,0.0324987,0.0547818,0.0543272,0.175782,0.106461058015,0.0210594163145847,0.0330124245556998,0.0454438698022275,0.0515843055115809,0.0606018291918698,0.0720736005182266,0.0796627887857108,0.0849410054107598,0.0846617800004214,0.0756352328096495,0.0724219969418975,0.0814491965349054,0.0958931986495122,0.120641209029097,0.15028345749941,0.240914654016498,0.239154512430689,1,0.978940583685415,0.9669875754443,0.954556130197773,0.948415694488419,0.93939817080813,0.927926399481773,0.920337211214289,0.91505899458924,0.915338219999579,0.92436476719035,0.927578003058102,0.918550803465095,0.904106801350488,0.879358790970903,0.84971654250059,0.759085345983502,0.760845487569311,0,100000,2105.94163145847,98118.2591427444,4861991.8681986,48.619918681986,2023.5,"Total","GMoH report",29.422401318014
0,1,0.0219908,0.00942244,0.00955273,0.0114741,0.0138991,0.0156033,0.0180936,0.0198109,0.0185016,0.0175021,0.0154782,0.0178653,0.0207149,0.0264375,0.0340122,0.055097,0.0577325,0.177425,0.10540845814,0.0215665263915964,0.0369926381727511,0.0466495730598597,0.0557707034294503,0.0671617792838883,0.0750874692284686,0.086552867587545,0.0943801125697308,0.0884182999539309,0.0838419734894747,0.0745078803171863,0.0855074589825956,0.0984747628382071,0.123992378719039,0.156733842965705,0.242132995822869,0.252254318843429,1,0.978433473608404,0.963007361827249,0.95335042694014,0.94422929657055,0.932838220716112,0.924912530771531,0.913447132412455,0.905619887430269,0.911581700046069,0.916158026510525,0.925492119682814,0.914492541017404,0.901525237161793,0.876007621280961,0.843266157034295,0.757867004177131,0.747745681156571,0,100000,2156.65263915964,98070.6767902777,4709774.14510451,47.0977414510451,2023.5,"Total","GMoH report",30.9445785489549
0,1,0.022124,0.00935071,0.0102439,0.0114701,0.0138916,0.0158521,0.017534,0.0200199,0.0189073,0.0168654,0.0158507,0.0173485,0.0211022,0.0272573,0.0327334,0.0563318,0.0556899,0.175321,0.1051426642,0.0216944961892449,0.0367161950162001,0.0499405353742006,0.0557518031079293,0.067126754928102,0.0762391244387127,0.0839883698094047,0.0953283403953003,0.0902696133488244,0.0809153266258126,0.0762326479190729,0.0831367550140949,0.100223651170666,0.12759196858661,0.151286681360856,0.246889653537185,0.244420163799988,1,0.978305503810755,0.9632838049838,0.950059464625799,0.944248196892071,0.932873245071898,0.923760875561287,0.916011630190595,0.9046716596047,0.909730386651176,0.919084673374187,0.923767352080927,0.916863244985905,0.899776348829334,0.87240803141339,0.848713318639144,0.753110346462815,0.755579836200012,0,100000,2169.4496189245,98058.6520938569,4699003.01213353,46.9900301213353,2023.5,"Total","GMoH report",31.0522898786647
0,1,0.020788,0.00838719,0.00875156,0.00947263,0.0118931,0.0136913,0.0150006,0.0170064,0.016302,0.0148461,0.014028,0.014974,0.0181952,0.02447,0.0314921,0.0530306,0.0540318,0.171457,0.1078085854,0.0204094681429502,0.0329952845586058,0.0428209252583648,0.046267463590912,0.0577484789135822,0.0661909012831549,0.0722919436742983,0.0815642158010045,0.0783181440396635,0.0715740126278155,0.0677635329011565,0.0721683768139691,0.0870177371715409,0.115296722972177,0.145968373465007,0.234114869944768,0.238008879554251,1,0.97959053185705,0.967004715441394,0.957179074741635,0.953732536409088,0.942251521086418,0.933809098716845,0.927708056325702,0.918435784198996,0.921681855960336,0.928425987372185,0.932236467098844,0.927831623186031,0.912982262828459,0.884703277027823,0.854031626534993,0.765885130055233,0.761991120445749,0,100000,2040.94681429502,98179.0847746308,5011745.28513811,50.1174528513811,2023.5,"Total","GMoH report",27.9248671486189
0,1,0.0216571,0.00857285,0.00887122,0.0102376,0.0126371,0.0142775,0.0160452,0.0179776,0.0170065,0.0157144,0.0142966,0.0165726,0.0192435,0.0257559,0.0321114,0.0521556,0.0533298,0.173533,0.106074339805,0.0212457850555616,0.0337133608292303,0.0433937120837216,0.0499105884004782,0.0612504304629904,0.0689272287295352,0.0771320039264964,0.0860218346629101,0.0815646758503764,0.075601903614597,0.0690162555039071,0.0795664429201536,0.0918010654905801,0.120989045601012,0.148625562759973,0.230697574020979,0.235280363214596,1,0.978754214944438,0.96628663917077,0.956606287916278,0.950089411599522,0.93874956953701,0.931072771270465,0.922867996073504,0.91397816533709,0.918435324149624,0.924398096385403,0.930983744496093,0.920433557079846,0.90819893450942,0.879010954398988,0.851374437240026,0.769302425979021,0.764719636785404,0,100000,2124.57850555616,98100.7847567846,4908074.82688681,49.0807482688681,2023.5,"Total","GMoH report",28.9615717311319
0,1,0.0226567,0.00921983,0.0101164,0.0112496,0.0137535,0.015464,0.0173337,0.018887,0.0184162,0.0167036,0.015791,0.0167618,0.0197333,0.026835,0.0346554,0.0554041,0.0570106,0.17678,0.104079687985,0.0222059503466297,0.0362115905816158,0.0493342865586453,0.0547093541245998,0.0664816128443626,0.0744420695896636,0.083068776856506,0.0901770644589114,0.0880281404018296,0.0801701737158018,0.0759564300333581,0.0804382743332042,0.0940278028929322,0.125739454355899,0.159461495244279,0.243318406663445,0.249493556604595,1,0.97779404965337,0.963788409418384,0.950665713441355,0.9452906458754,0.933518387155637,0.925557930410336,0.916931223143494,0.909822935541089,0.91197185959817,0.919829826284198,0.924043569966642,0.919561725666796,0.905972197107068,0.874260545644101,0.840538504755721,0.756681593336555,0.750506443395405,0,100000,2220.59503466297,98010.5238036858,4737450.19711426,47.3745019711426,2023.5,"Total","GMoH report",30.6678180288574
0,1,0.0220812,0.00939798,0.00979625,0.0117328,0.0136515,0.0160901,0.0174248,0.0196409,0.0188768,0.0165176,0.015887,0.0173321,0.0207819,0.0262064,0.0338572,0.0571332,0.0550954,0.175934,0.10522806946,0.0216533803505824,0.0368983795342102,0.0478103447749949,0.0569923018034997,0.0660048374054004,0.0773394993055591,0.0834871334908707,0.0936081301894072,0.090130558675009,0.079312854966993,0.0764005607292365,0.0830614275777013,0.098777537722036,0.12297515945326,0.156075316947604,0.249963030469019,0.242126815608332,1,0.978346619649418,0.96310162046579,0.952189655225005,0.9430076981965,0.9339951625946,0.922660500694441,0.916512866509129,0.906391869810593,0.909869441324991,0.920687145033007,0.923599439270763,0.916938572422299,0.901222462277964,0.87702484054674,0.843924683052396,0.750036969530981,0.757873184391668,0,100000,2165.33803505824,98062.5163060992,4711963.11225239,47.1196311225239,2023.5,"Total","GMoH report",30.9226888774761
0,1,0.0209194,0.00796723,0.00845541,0.010014,0.0119574,0.0136068,0.0150268,0.0168227,0.0163729,0.0148116,0.0138808,0.0155386,0.0184877,0.0244087,0.0314382,0.0530228,0.0540128,0.172212,0.10754638327,0.0205360011914735,0.0313690707961614,0.0414018754213587,0.0488471125376207,0.0580516334941428,0.0657958234729216,0.0724136369024844,0.0807187324490725,0.0786453681303466,0.0714136248841643,0.0670763176257512,0.074787757382828,0.088354807082741,0.115024503503345,0.145736747464643,0.23408446550593,0.237935141916704,1,0.979463998808527,0.968630929203839,0.958598124578641,0.951152887462379,0.941948366505857,0.934204176527078,0.927586363097516,0.919281267550928,0.921354631869653,0.928586375115836,0.932923682374249,0.925212242617172,0.911645192917259,0.884975496496655,0.854263252535357,0.76591553449407,0.762064858083296,0,100000,2053.60011914735,98167.2571463498,5012966.57730383,50.1296657730383,2023.5,"Total","GMoH report",27.9126542269617
0,1,0.0211299,0.00880893,0.00903953,0.0103123,0.0125405,0.0139879,0.0158092,0.0173457,0.0170371,0.0154259,0.0147724,0.0158461,0.0188736,0.0256637,0.0320898,0.0530259,0.0542601,0.173642,0.107126341045,0.0207386379885975,0.0346256894508514,0.0441988088535111,0.0502656147524702,0.06079645513592,0.0675763711934576,0.0760406455653218,0.0831238946513645,0.0817054405950933,0.0742654706892372,0.0712313548346033,0.076211367618934,0.0901159681584134,0.120582046343158,0.148533013276407,0.234096549446731,0.238894413134678,1,0.979261362011402,0.965374310549149,0.955801191146489,0.94973438524753,0.93920354486408,0.932423628806542,0.923959354434678,0.916876105348635,0.918294559404907,0.925734529310763,0.928768645165397,0.923788632381066,0.909884031841587,0.879417953656842,0.851466986723593,0.765903450553269,0.761105586865322,0,100000,2073.86379885975,98148.3016417378,4919649.46070972,49.1964946070972,2023.5,"Total","GMoH report",28.8458253929028
0,1,0.0222551,0.00883198,0.00958077,0.0108452,0.0131772,0.0152496,0.0172068,0.0188287,0.0182185,0.0161223,0.0148574,0.0174759,0.0193904,0.0265321,0.0334452,0.0551524,0.0574635,0.173639,0.104881060705,0.0218204163263206,0.0347147205645368,0.0467832999093195,0.0527945805378765,0.06378473933218,0.0734478732791073,0.0824857121216624,0.0899112214611845,0.087124314204178,0.0774882768839834,0.0716265396254231,0.0837217190261761,0.0924694508982561,0.124408456010696,0.154322622559899,0.24234695895265,0.251226600592178,1,0.978179583673679,0.965285279435463,0.95321670009068,0.947205419462123,0.93621526066782,0.926552126720893,0.917514287878338,0.910088778538816,0.912875685795822,0.922511723116017,0.928373460374577,0.916278280973824,0.907530549101744,0.875591543989304,0.845677377440101,0.75765304104735,0.748773399407822,0,100000,2182.04163263206,98046.8132083009,4793226.26986488,47.9322626986488,2023.5,"Total","GMoH report",30.1100573013512
0,1,0.0220425,0.00934442,0.00954403,0.0110886,0.0131988,0.0159661,0.0172549,0.0192055,0.0190853,0.0169423,0.0150134,0.0168713,0.0201496,0.0262281,0.0346415,0.0550128,0.0557642,0.176536,0.105305293375,0.0216162002554427,0.0366919500168471,0.0466080777688299,0.0539474945303762,0.0638859551383015,0.0767663518733858,0.0827067579074566,0.091628091711583,0.0910807417964791,0.0812692787467235,0.0723513987741119,0.0809424875255265,0.0959163117137325,0.123070721991347,0.159402634124905,0.241807702992092,0.244706363509903,1,0.978383799744557,0.963308049983153,0.95339192223117,0.946052505469624,0.936114044861699,0.923233648126614,0.917293242092543,0.908371908288417,0.908919258203521,0.918730721253276,0.927648601225888,0.919057512474474,0.904083688286268,0.876929278008653,0.840597365875095,0.758192297007908,0.755293636490097,0,100000,2161.62002554428,98066.0100054109,4750194.16779186,47.5019416779186,2023.5,"Total","GMoH report",30.5403783220814
0,1,0.0209928,0.00815797,0.00860636,0.00976123,0.0121812,0.014474,0.0156374,0.0175888,0.0167954,0.0150903,0.0145571,0.0163173,0.0187203,0.0254897,0.0317771,0.0530856,0.0539716,0.169969,0.10739991724,0.0206066686365632,0.0321080076732832,0.042125433387772,0.0476435020463014,0.059106043652646,0.0698427404372771,0.0752453941825254,0.0842398071978942,0.0805930199805468,0.0727085166769737,0.0702296499082997,0.078388767413701,0.0894167299746394,0.119813476095896,0.147192150764828,0.234329230503022,0.237775226467911,1,0.979393331363437,0.967891992326717,0.957874566612228,0.952356497953699,0.940893956347354,0.930157259562723,0.924754605817475,0.915760192802106,0.919406980019453,0.927291483323026,0.9297703500917,0.921611232586299,0.910583270025361,0.880186523904104,0.852807849235172,0.765670769496978,0.762224773532089,0,100000,2060.66686365633,98160.6485869596,4958500.33105892,49.5850033105892,2023.5,"Total","GMoH report",28.4573166894108
0,1,0.0211183,0.00834099,0.00887033,0.0101789,0.0125002,0.0140966,0.0163523,0.0174763,0.0163245,0.015213,0.0144115,0.0159455,0.0192848,0.0258482,0.0324857,0.0541805,0.0540921,0.170613,0.107149488265,0.0207274734363217,0.0328165155440249,0.0433894530816164,0.0496315144440633,0.0606070009178177,0.0680836307277094,0.0785503046338401,0.083723555085642,0.0784220001465203,0.0732780524694554,0.0695516413033905,0.0766711023439369,0.0919890251208725,0.121396309764841,0.15022785724476,0.238585760507111,0.238242858662373,1,0.979272526563678,0.967183484455975,0.956610546918384,0.950368485555937,0.939392999082182,0.931916369272291,0.92144969536616,0.916276444914358,0.92157799985348,0.926721947530545,0.93044835869661,0.923328897656063,0.908010974879128,0.878603690235159,0.84977214275524,0.761414239492889,0.761757141337627,0,100000,2072.74734363217,98149.3464735406,4932670.70170561,49.3267070170561,2023.5,"Total","GMoH report",28.7156129829439
0,1,0.0228038,0.00937474,0.0100154,0.0113039,0.0139336,0.0162819,0.0182788,0.0199721,0.0190495,0.0179826,0.016346,0.0175617,0.020631,0.027829,0.0345492,0.0578718,0.0548306,0.177693,0.10378615729,0.022347090692347,0.0368088138803271,0.0488537747606553,0.0549661697834618,0.0673228749731841,0.0782253564231354,0.0874000786078568,0.0951115562200441,0.090917660085503,0.0860447300916354,0.0785212299385607,0.084115473234255,0.0980954803616471,0.130094032896321,0.159011683832349,0.252786041857131,0.241103391020745,1,0.977652909307653,0.963191186119673,0.951146225239345,0.945033830216538,0.932677125026816,0.921774643576865,0.912599921392143,0.904888443779956,0.909082339914497,0.913955269908365,0.921478770061439,0.915884526765745,0.901904519638353,0.869905967103679,0.840988316167651,0.747213958142869,0.758896608979255,0,100000,2234.7090692347,97997.2227977223,4669294.25710288,46.6929425710288,2023.5,"Total","GMoH report",31.3493774289712
0,1,0.0213282,0.00817402,0.00913182,0.0103522,0.0123905,0.0143156,0.0159197,0.0177472,0.0176225,0.0153862,0.0141342,0.0151856,0.0193758,0.0251465,0.0326984,0.0541822,0.0553726,0.174858,0.10673064331,0.0209294556219606,0.0321701609224336,0.0446399891360198,0.0504551943428109,0.0600911029715767,0.0691048080255728,0.0765517959356097,0.0849662188040997,0.0843943992481248,0.074081421096801,0.0682590329414958,0.0731508992604753,0.0924030428079064,0.118295693366875,0.151137143100136,0.238592353465195,0.243196889755774,1,0.979070544378039,0.967829839077566,0.95536001086398,0.949544805657189,0.939908897028423,0.930895191974427,0.92344820406439,0.9150337811959,0.915605600751875,0.925918578903199,0.931740967058504,0.926849100739525,0.907596957192094,0.881704306633125,0.848862856899864,0.761407646534805,0.756803110244226,0,100000,2092.94556219605,98130.4358640699,4917181.24974132,49.1718124974132,2023.5,"Total","GMoH report",28.8705075025868
0,1,0.0213028,0.00874156,0.00940968,0.0106227,0.0133183,0.014918,0.0159955,0.0182349,0.017298,0.0159157,0.0140677,0.0167079,0.0195145,0.0254079,0.0324972,0.0539173,0.0553091,0.174787,0.10678132774,0.0209050180880394,0.0343654251482816,0.0459670616483714,0.0517394678862128,0.0644457310503793,0.0719081842677348,0.0769022741832544,0.0871993226772801,0.0829047826732934,0.0765332974927371,0.0679487919487562,0.0801899843991439,0.0930337330414086,0.119451942476856,0.150277042255996,0.237564419774263,0.2429518759893,1,0.979094981911961,0.965634574851718,0.954032938351629,0.948260532113787,0.935554268949621,0.928091815732265,0.923097725816746,0.91280067732272,0.917095217326707,0.923466702507263,0.932051208051244,0.919810015600856,0.906966266958591,0.880548057523144,0.849722957744004,0.762435580225737,0.7570481240107,0,100000,2090.50180880394,98132.724749983,4856692.25062396,48.5669225062396,2023.5,"Total","GMoH report",29.4753974937604
0,1,0.0221,0.00914133,0.0100155,0.0110936,0.0139677,0.0158847,0.01754,0.0197914,0.0189995,0.0170051,0.015344,0.0171273,0.0209361,0.0270073,0.034147,0.0560935,0.0568867,0.174634,0.105190555,0.0216714409969918,0.0359088114099871,0.0488542506319883,0.0539711637447044,0.0674820765001714,0.0763899224953455,0.0840159026680079,0.0942915933961487,0.09068984569194,0.0815582351390906,0.073885742902269,0.0821202544163376,0.0994740056744955,0.126495729698298,0.157306165883906,0.245973687412778,0.249018848655476,1,0.978328559003008,0.964091188590013,0.951145749368012,0.946028836255296,0.932517923499829,0.923610077504655,0.915984097331992,0.905708406603851,0.90931015430806,0.918441764860909,0.926114257097731,0.917879745583662,0.900525994325505,0.873504270301702,0.842693834116094,0.754026312587222,0.750981151344524,0,100000,2167.14409969919,98060.8189909131,4715369.49548969,47.1536949548969,2023.5,"Total","GMoH report",30.8886250451031
0,1,0.0222795,0.00988566,0.0102937,0.0117688,0.0143326,0.016511,0.0179658,0.0201382,0.019514,0.0169484,0.015937,0.0179293,0.0204128,0.0281911,0.0333301,0.0592559,0.0556971,0.177485,0.104832371725,0.0218438487451769,0.0387759875419913,0.0501772267037003,0.0571621745018078,0.0691840323450291,0.0792824199120792,0.0859677992792712,0.0958646464425277,0.0930314602134851,0.0812973499838349,0.0766317976039641,0.0858006366148533,0.0971083658727803,0.131675319734576,0.15383237859544,0.258051774620642,0.244447901906771,1,0.978156151254823,0.961224012458009,0.9498227732963,0.942837825498192,0.930815967654971,0.920717580087921,0.914032200720729,0.904135353557472,0.906968539786515,0.918702650016165,0.923368202396036,0.914199363385147,0.90289163412722,0.868324680265424,0.84616762140456,0.741948225379358,0.755552098093229,0,100000,2184.38487451769,98044.6093726382,4645985.50620531,46.4598550620531,2023.5,"Total","GMoH report",31.5824649379469
0,1,0.0205871,0.00828603,0.00873288,0.0102312,0.0123422,0.0142602,0.0157728,0.0173549,0.0163134,0.015277,0.0139967,0.0155993,0.0191949,0.0252829,0.0305032,0.0534391,0.0545346,0.172144,0.108209471305,0.0202159477177524,0.0326038077418732,0.0427314778297259,0.0498801651361476,0.059863870348463,0.0688465848276035,0.0758722071285087,0.0831661494809334,0.0783707658701353,0.0735749872976351,0.0676174471922119,0.0750689426089024,0.0915798355371213,0.118899208033053,0.141709515748083,0.235705743064504,0.239957970196328,1,0.979784052282248,0.967396192258127,0.957268522170274,0.950119834863852,0.940136129651537,0.931153415172396,0.924127792871491,0.916833850519067,0.921629234129865,0.926425012702365,0.932382552807788,0.924931057391098,0.908420164462879,0.881100791966947,0.858290484251917,0.764294256935496,0.760042029803672,0,100000,2021.59477177524,98197.1609296715,4957634.90137495,49.5763490137495,2023.5,"Total","GMoH report",28.4659709862505
0,1,0.0221453,0.00948214,0.0101274,0.0115836,0.0142077,0.0161038,0.0180389,0.02001,0.019189,0.0168212,0.0158318,0.0175841,0.0211931,0.0266224,0.0333224,0.0540856,0.0586227,0.179292,0.105100161115,0.0217149567779611,0.0372226590710324,0.0493866052353488,0.0562879570517387,0.0686018149831594,0.0774028018970267,0.0863024948156739,0.0952834456322468,0.0915529749110783,0.0807118255981222,0.0761452106356464,0.0842182448996501,0.100633652355653,0.124805448565289,0.153799572789221,0.238217640022058,0.255646744044723,1,0.978285043222039,0.962777340928968,0.950613394764651,0.943712042948261,0.931398185016841,0.922597198102973,0.913697505184326,0.904716554367753,0.908447025088922,0.919288174401878,0.923854789364354,0.91578175510035,0.899366347644347,0.875194551434711,0.846200427210779,0.761782359977943,0.744353255955277,0,100000,2171.49567779611,98056.7288678008,4678667.5074833,46.786675074833,2023.5,"Total","GMoH report",31.255644925167
0,1,0.0213523,0.0086335,0.00915013,0.010383,0.0126013,0.0144009,0.0163923,0.0179208,0.0170353,0.0155765,0.014765,0.0162601,0.0197536,0.0258313,0.0315118,0.0533092,0.0526746,0.175677,0.106682552965,0.0209526413130804,0.033947822941273,0.0447274940374576,0.0506015112711784,0.0610822118107723,0.0695022621813804,0.0787348853473035,0.0857617041315005,0.0816971608878193,0.0749633340672536,0.0711969428471544,0.0781247109679741,0.0941199789590846,0.121321753473735,0.146053016394917,0.235200168008944,0.232726112752958,1,0.97904735868692,0.966052177058727,0.955272505962542,0.949398488728822,0.938917788189228,0.93049773781862,0.921265114652696,0.914238295868499,0.918302839112181,0.925036665932746,0.928803057152846,0.921875289032026,0.905880021040915,0.878678246526265,0.853946983605083,0.764799831991056,0.767273887247042,0,100000,2095.26413130804,98128.2639953559,4890912.40786325,48.9091240786325,2023.5,"Total","GMoH report",29.1331959213675
0,1,0.0213245,0.00865019,0.00919869,0.0104383,0.0124951,0.0147083,0.0160221,0.0179025,0.0176859,0.0157458,0.0141268,0.0159656,0.0187072,0.0254431,0.0324849,0.0542649,0.0549309,0.17344,0.106738026475,0.0209258958979376,0.034012333702264,0.044959528096241,0.0508641615560731,0.0605830226831785,0.0709332318644213,0.0770252349574698,0.0856778794096709,0.0846851665330336,0.0757472474767033,0.0682245148104397,0.0767640401033162,0.0893569539764303,0.119607533886435,0.15022443558145,0.238913021895374,0.241491180308922,1,0.979074104102062,0.965987666297736,0.955040471903759,0.949135838443927,0.939416977316821,0.929066768135579,0.92297476504253,0.914322120590329,0.915314833466966,0.924252752523297,0.93177548518956,0.923235959896684,0.91064304602357,0.880392466113565,0.84977556441855,0.761086978104626,0.758508819691078,0,100000,2092.58958979376,98130.769293243,4890877.17437693,48.9087717437693,2023.5,"Total","GMoH report",29.1335482562307
0,1,0.0207903,0.00809635,0.00877812,0.00969275,0.0120181,0.0138244,0.0155295,0.0173652,0.0159597,0.0145005,0.0130846,0.0151469,0.0189212,0.0245638,0.031218,0.0533155,0.0531353,0.170825,0.107803995865,0.0204116832268324,0.0318693491893811,0.042948091253025,0.0473171663398974,0.0583377283667878,0.0668128800525054,0.0747455956797291,0.0832134543081215,0.0767367607967791,0.0699661399684681,0.0633507034636488,0.0729712783595397,0.0903329790901009,0.115713115437538,0.144789874263134,0.23522469450085,0.234522889741761,1,0.979588316773168,0.968130650810619,0.957051908746975,0.952682833660103,0.941662271633212,0.933187119947495,0.925254404320271,0.916786545691878,0.923263239203221,0.930033860031532,0.936649296536351,0.92702872164046,0.909667020909899,0.884286884562462,0.855210125736866,0.76477530549915,0.765477110258239,0,100000,2041.16832268324,98178.8777787351,5006870.48024088,50.0687048024088,2023.5,"Total","GMoH report",27.9736151975912
0,1,0.0222753,0.00914279,0.00965193,0.0113452,0.0139114,0.0160154,0.0175323,0.019249,0.0182499,0.0173168,0.0156394,0.0172218,0.0203947,0.0269943,0.0338963,0.055281,0.0538738,0.174799,0.104840752615,0.0218398153747106,0.0359144435689642,0.0471225901462249,0.0551614556338569,0.0672192164796621,0.0769942651161471,0.0839805686889374,0.0918260985714933,0.0872679228375189,0.082991147253118,0.075254655838691,0.0825546507876626,0.0970264372980915,0.126438690165185,0.156241479819026,0.242843430760344,0.237395505094147,1,0.978160184625289,0.964085556431036,0.952877409853775,0.944838544366143,0.932780783520338,0.923005734883853,0.916019431311063,0.908173901428507,0.912732077162481,0.917008852746882,0.924745344161309,0.917445349212337,0.902973562701908,0.873561309834815,0.843758520180974,0.757156569239656,0.762604494905853,0,100000,2183.98153747106,98044.9887306147,4729599.11194434,47.2959911194434,2023.5,"Total","GMoH report",30.7463288805566
0,1,0.0207151,0.00833405,0.00895887,0.0101224,0.0120931,0.0140067,0.0162416,0.0175013,0.0170504,0.0153223,0.014177,0.0167433,0.0189649,0.0260651,0.0315666,0.0527796,0.0541543,0.17236,0.107954053705,0.0203392545561477,0.0327896586899894,0.0438130612009956,0.0493628243665793,0.0586911064514305,0.0676641223439138,0.0780392925647028,0.0838383018208566,0.0817666162171287,0.0737851061693533,0.0684586541502787,0.0803530614649354,0.0905321662984178,0.122352663947364,0.146288429178718,0.233135945170675,0.238484145146264,1,0.979660745443852,0.967210341310011,0.956186938799004,0.950637175633421,0.94130889354857,0.932335877656086,0.921960707435297,0.916161698179143,0.918233383782871,0.926214893830647,0.931541345849721,0.919646938535065,0.909467833701582,0.877647336052636,0.853711570821282,0.766864054829325,0.761515854853736,0,100000,2033.92545561476,98185.6450422526,4936249.13563633,49.3624913563633,2023.5,"Total","GMoH report",28.6798286436367
0,1,0.0208524,0.00833453,0.00875248,0.0103135,0.0128455,0.0140044,0.0155412,0.0178555,0.0165828,0.0154568,0.0141611,0.0155633,0.0184115,0.0249533,0.0312726,0.0516332,0.0554191,0.174429,0.10768007842,0.020471486800816,0.0327915162481683,0.0428253303808701,0.0502713169320532,0.0622290905435568,0.0676533872586862,0.0747998032445399,0.0854625582288614,0.0796134645981543,0.0744086990512612,0.0683845006206522,0.0749021869833068,0.0880066632967784,0.117440198723013,0.145024747688585,0.228651038054775,0.24337626594932,1,0.979528513199184,0.967208483751832,0.95717466961913,0.949728683067947,0.937770909456443,0.932346612741314,0.92520019675546,0.914537441771139,0.920386535401846,0.925591300948739,0.931615499379348,0.925097813016693,0.911993336703222,0.882559801276987,0.854975252311415,0.771348961945225,0.75662373405068,0,100000,2047.14868008161,98173.288450327,4944401.1075893,49.444011075893,2023.5,"Total","GMoH report",28.598308924107
0,1,0.0208637,0.008081,0.00893063,0.00989413,0.0124075,0.0140925,0.0156731,0.0174197,0.0168029,0.0150534,0.0141452,0.0162729,0.0188413,0.0247419,0.0321137,0.053793,0.0541508,0.173462,0.107657529835,0.0204823681671123,0.0318098885807578,0.0436779705154393,0.0482765147185689,0.0601710686638822,0.0680645024964229,0.0754107013419921,0.0834637176922891,0.0806275580136319,0.072537172325296,0.0683103413971718,0.0781838068248017,0.0899686826490129,0.116503222309831,0.148635417021029,0.237081664988222,0.238470569687425,1,0.979517631832888,0.968190111419242,0.956322029484561,0.951723485281431,0.939828931336118,0.931935497503577,0.924589298658008,0.916536282307711,0.919372441986368,0.927462827674704,0.931689658602828,0.921816193175198,0.910031317350987,0.883496777690169,0.851364582978971,0.762918335011779,0.761529430312575,0,100000,2048.23681671123,98172.271299493,4955373.37105376,49.5537337105376,2023.5,"Total","GMoH report",28.4885862894624
0,1,0.0216828,0.00925645,0.0100121,0.0112659,0.0138735,0.0158543,0.0171493,0.0189903,0.0184422,0.0167018,0.0148625,0.0176917,0.0203024,0.0271006,0.0335706,0.0551006,0.0570821,0.178588,0.10602305674,0.0212704943693295,0.0363528041716506,0.0488380708764449,0.0547864532410783,0.0670422242545126,0.0762493017386137,0.0822214013064387,0.0906479219208655,0.0881469412023931,0.0801618807502151,0.071650245563289,0.0847117622878309,0.0966085370913894,0.126904996153131,0.154856440911815,0.242146901146692,0.249767383146266,1,0.978729505630671,0.963647195828349,0.951161929123555,0.945213546758922,0.932957775745487,0.923750698261386,0.917778598693561,0.909352078079135,0.911853058797607,0.919838119249785,0.928349754436711,0.915288237712169,0.903391462908611,0.873095003846869,0.845143559088185,0.757853098853309,0.750232616853734,0,100000,2127.04943693295,98098.4668462078,4736482.43694112,47.3648243694112,2023.5,"Total","GMoH report",30.6774956305888
0,1,0.0223049,0.00970363,0.0104737,0.0118382,0.0143133,0.0166158,0.0187331,0.0201709,0.0196991,0.0177504,0.0160827,0.0178203,0.0209738,0.0282355,0.0350386,0.0580111,0.0571252,0.179638,0.104781687295,0.0218682403359362,0.038075577370324,0.051032258583193,0.0574895675049085,0.0690940889418708,0.0797655777817356,0.0894751334441915,0.0960128366814551,0.0938724910298831,0.0849808881092633,0.0773053049309668,0.0853012646824484,0.0996442058864471,0.131869030008021,0.161082717717462,0.253317441433188,0.249932403639091,1,0.978131759664064,0.961924422629676,0.948967741416807,0.942510432495091,0.930905911058129,0.920234422218264,0.910524866555808,0.903987163318545,0.906127508970117,0.915019111890737,0.922694695069033,0.914698735317552,0.900355794113553,0.868130969991979,0.838917282282538,0.746682558566812,0.750067596360909,0,100000,2186.82403359363,98042.3150784636,4620754.26691802,46.2075426691802,2023.5,"Total","GMoH report",31.8347773308198
0,1,0.0221937,0.00959111,0.0100322,0.0119982,0.014429,0.0167361,0.0182704,0.0203711,0.0194083,0.0174786,0.0156965,0.0179123,0.0211008,0.027135,0.035018,0.0562505,0.0565682,0.178339,0.105003581335,0.0217614462559225,0.0376423756686022,0.0489337178884975,0.0582439437842204,0.0696331579112466,0.0803198954926151,0.0873616684326694,0.0969196027034209,0.0925508627273232,0.0837341123592922,0.0755190385293117,0.085722770064437,0.10021733513686,0.127055848853407,0.160995636962149,0.246577264024916,0.247797371783668,1,0.978238553744078,0.962357624331398,0.951066282111502,0.94175605621578,0.930366842088753,0.919680104507385,0.912638331567331,0.903080397296579,0.907449137272677,0.916265887640708,0.924480961470688,0.914277229935563,0.89978266486314,0.872944151146593,0.839004363037851,0.753422735975084,0.752202628216332,0,100000,2176.14462559225,98052.3583535979,4640719.91517373,46.4071991517373,2023.5,"Total","GMoH report",31.6351208482627
0,1,0.021669,0.00845825,0.00905245,0.0101987,0.012062,0.0141192,0.0159653,0.0174611,0.0166858,0.0155299,0.0145809,0.015939,0.0192436,0.0249784,0.0314701,0.0538129,0.053917,0.170808,0.10605059395,0.0212572264851374,0.033270184916854,0.0442605832088281,0.0497256573460618,0.058544587950357,0.0681890624728339,0.0767626530386068,0.0836537823524156,0.0800881623515848,0.0747474489802057,0.0703404329528929,0.0766410459225992,0.0918015206433682,0.117551386141037,0.145873839230111,0.237158970139456,0.237563254956303,1,0.978742773514863,0.966729815083146,0.955739416791172,0.950274342653938,0.941455412049643,0.931810937527166,0.923237346961393,0.916346217647584,0.919911837648415,0.925252551019794,0.929659567047107,0.923358954077401,0.908198479356632,0.882448613858963,0.854126160769889,0.762841029860544,0.762436745043697,0,100000,2125.72264851374,98099.7115009341,4934315.97416846,49.3431597416846,2023.5,"Total","GMoH report",28.6991602583154
0,1,0.0220719,0.00994358,0.0104714,0.0115671,0.014457,0.0158786,0.0181315,0.0198792,0.0197763,0.0172951,0.0161132,0.017974,0.0205595,0.0274847,0.0341278,0.0565658,0.0567951,0.176647,0.105246627145,0.0216444458524361,0.0389987457043777,0.0510213379056373,0.0562100323373758,0.0697635701653006,0.0763617074790576,0.0867263050021345,0.0946900918168845,0.0942230421298201,0.0828914597846943,0.0774462333807243,0.0860053496150478,0.0977721345017768,0.12858799390949,0.157224669786178,0.2477881610931,0.248667728703745,1,0.978355554147564,0.961001254295622,0.948978662094363,0.943789967662624,0.930236429834699,0.923638292520942,0.913273694997865,0.905309908183116,0.90577695787018,0.917108540215306,0.922553766619276,0.913994650384952,0.902227865498223,0.87141200609051,0.842775330213822,0.7522118389069,0.751332271296255,0,100000,2164.44458524362,98063.3559069955,4650015.0195648,46.500150195648,2023.5,"Total","GMoH report",31.542169804352
0,1,0.0208937,0.00836746,0.00879556,0.0102528,0.012037,0.014379,0.0159527,0.0175782,0.0166166,0.0150563,0.0139614,0.0152064,0.0186939,0.0257425,0.0323944,0.0526508,0.0546558,0.172035,0.107597666335,0.0205112556065162,0.0329189441039362,0.0430315828283458,0.0499828398489907,0.0584267917687004,0.0694002350505214,0.0767043945140878,0.0841911766466736,0.0797692650748914,0.0725506395156513,0.0674526658765769,0.0732474258585609,0.0892962615409491,0.120929904813356,0.149837278188617,0.232633190971937,0.240427153904118,1,0.979488744393484,0.967081055896064,0.956968417171654,0.950017160151009,0.9415732082313,0.930599764949479,0.923295605485912,0.915808823353326,0.920230734925109,0.927449360484349,0.932547334123423,0.926752574141439,0.910703738459051,0.879070095186644,0.850162721811383,0.767366809028063,0.759572846095882,0,100000,2051.12556065161,98169.5707630346,4950278.20751806,49.5027820751806,2023.5,"Total","GMoH report",28.5395379248194
0,1,0.0205991,0.00863318,0.00880696,0.0100839,0.0119269,0.014219,0.0152928,0.0172869,0.0162137,0.0148261,0.0140952,0.0160342,0.0186529,0.0248443,0.0319197,0.0540573,0.0543733,0.172692,0.108185525905,0.0202275090177385,0.0339465860249227,0.0430861548932533,0.0491796922532194,0.0579078472418286,0.0686545040184057,0.0736482789973725,0.0828537871665753,0.0779104580171196,0.0714810374757037,0.068077099179126,0.0770811630390002,0.0891091402925908,0.116957200555592,0.14780386261613,0.238107833526738,0.239333165042928,1,0.979772490982261,0.966053413975077,0.956913845106747,0.950820307746781,0.942092152758171,0.931345495981594,0.926351721002628,0.917146212833425,0.92208954198288,0.928518962524296,0.931922900820874,0.922918836961,0.910890859707409,0.883042799444408,0.85219613738387,0.761892166473262,0.760666834957072,0,100000,2022.75090177385,98196.0814683094,4967864.1780728,49.678641780728,2023.5,"Total","GMoH report",28.363678219272
0,1,0.0213179,0.00860598,0.00907682,0.0105087,0.012458,0.0145209,0.0161779,0.0176339,0.0168264,0.0155198,0.0147546,0.0162168,0.0189426,0.0253829,0.0318115,0.0534588,0.0532036,0.175458,0.106751196445,0.0209195460571044,0.0338414424462724,0.0443770927915202,0.0511984277068915,0.0604085749336902,0.0700611235766399,0.0777451181333752,0.0844466888344074,0.0807357691355442,0.0747006520507567,0.0711485779783998,0.0779247738197978,0.0904305267595131,0.119341421575714,0.147339753573029,0.235782390814777,0.234788955780581,1,0.979080453942896,0.966158557553728,0.95562290720848,0.948801572293109,0.93959142506631,0.92993887642336,0.922254881866625,0.915553311165593,0.919264230864456,0.925299347949243,0.9288514220216,0.922075226180202,0.909569473240487,0.880658578424286,0.852660246426971,0.764217609185223,0.765211044219419,0,100000,2091.95460571045,98131.3640513578,4903494.95347381,49.0349495347381,2023.5,"Total","GMoH report",29.0073704652619
0,1,0.0214089,0.00876022,0.00982353,0.011,0.0133802,0.0152338,0.0168388,0.0188406,0.018439,0.0165717,0.0152593,0.01691,0.0199595,0.0262555,0.0333071,0.0548143,0.0576352,0.17555,0.106569610495,0.0210070897918033,0.0344375195057507,0.047940292740146,0.0535279805352798,0.0647355630482544,0.0733745663286563,0.0807928628524984,0.0899654904514987,0.0881323203621077,0.0795622938380116,0.0734928754154332,0.0811206255546761,0.0950544040556292,0.123191372310739,0.153734383766156,0.241040354272062,0.251882722308074,1,0.978992910208197,0.965562480494249,0.952059707259854,0.94647201946472,0.935264436951746,0.926625433671344,0.919207137147502,0.910034509548501,0.911867679637892,0.920437706161988,0.926507124584567,0.918879374445324,0.904945595944371,0.876808627689261,0.846265616233844,0.758959645727938,0.748117277691926,0,100000,2100.70897918033,98123.1627584943,4785190.86515679,47.8519086515679,2023.5,"Total","GMoH report",30.1904113484321
0,1,0.0216804,0.00862561,0.00932539,0.0107364,0.01282,0.0148233,0.0162223,0.0186243,0.0174434,0.0159237,0.0151631,0.0160004,0.018955,0.0260586,0.0330927,0.0533216,0.054291,0.173611,0.10602784582,0.021268186936533,0.0339173247686053,0.0455646789953587,0.0522787851283694,0.062109393924713,0.0714680202389789,0.0779501722997542,0.088978590110512,0.0835725274372526,0.0765702940226777,0.07304647257909,0.076924926033725,0.0904870451480469,0.122324018339261,0.152820400805647,0.235248441724374,0.239014200149244,1,0.978731813063467,0.966082675231395,0.954435321004641,0.947721214871631,0.937890606075287,0.928531979761021,0.922049827700246,0.911021409889488,0.916427472562747,0.923429705977322,0.92695352742091,0.923075073966275,0.909512954851953,0.877675981660739,0.847179599194353,0.764751558275626,0.760985799850756,0,100000,2126.8186936533,98098.6833108845,4855688.26191367,48.5568826191367,2023.5,"Total","GMoH report",29.4854373808633
0,1,0.0215779,0.00902531,0.00940415,0.0105492,0.0130688,0.0151457,0.0165079,0.0180108,0.017682,0.0158542,0.0148432,0.0172566,0.0201894,0.0260486,0.0321581,0.0536424,0.0564447,0.173212,0.106232379445,0.0211696303764732,0.035461144358421,0.0459406676752055,0.0513906737609037,0.0632766260729447,0.0729657081838979,0.0792681243260932,0.086173850053635,0.0846672827653574,0.0762488391364089,0.0715605317864678,0.082714569404055,0.0960966649801256,0.122279946466201,0.148825626547321,0.236496412151951,0.247323279249381,1,0.978830369623527,0.964538855641579,0.954059332324794,0.948609326239096,0.936723373927055,0.927034291816102,0.920731875673907,0.913826149946365,0.915332717234643,0.923751160863591,0.928439468213532,0.917285430595945,0.903903335019874,0.877720053533799,0.851174373452679,0.76350358784805,0.752676720750619,0,100000,2116.96303764732,98107.9269830391,4834277.02966497,48.3427702966497,2023.5,"Total","GMoH report",29.6995497033503
0,1,0.0219189,0.0092682,0.0102233,0.0110415,0.0143601,0.0159871,0.01834,0.0194489,0.0187025,0.0172186,0.0156543,0.017032,0.0203232,0.0278872,0.0348469,0.0555105,0.0550464,0.176012,0.105551930995,0.021497435937006,0.036398110072453,0.0498426101101522,0.053724502270452,0.069312175569028,0.0768634411980564,0.0876798776115122,0.0927354917368957,0.0893355067141944,0.0825399442881981,0.0753236523716945,0.0816819812388498,0.0967027278056505,0.13034837218781,0.16027204057336,0.24372873951314,0.241937525491906,1,0.978502564062994,0.963601889927547,0.950157389889848,0.946275497729548,0.930687824430972,0.923136558801944,0.912320122388488,0.907264508263104,0.910664493285806,0.917460055711802,0.924676347628306,0.91831801876115,0.90329727219435,0.86965162781219,0.83972795942664,0.75627126048686,0.758062474508094,0,100000,2149.74359370059,98077.1659937586,4696616.66826208,46.9661666826208,2023.5,"Total","GMoH report",31.0761533173792
0,1,0.0218954,0.00860973,0.00922852,0.0101616,0.0131386,0.0149735,0.0163386,0.0181915,0.0174146,0.0163874,0.0150015,0.0158963,0.019927,0.0252804,0.032123,0.0546356,0.0558716,0.173801,0.10559882407,0.0214748521399606,0.0338559390124133,0.0451020373653332,0.0495492508318672,0.0636038365817186,0.0721660539769407,0.0784870775854077,0.0870008118290305,0.0834403013215158,0.0787122761159439,0.0722961242308763,0.0764435749969403,0.0949069719260729,0.118888150029957,0.148675261441765,0.240348973991478,0.245119897795783,1,0.978525147860039,0.966144060987587,0.954897962634667,0.950450749168133,0.936396163418281,0.927833946023059,0.921512922414592,0.912999188170969,0.916559698678484,0.921287723884056,0.927703875769124,0.92355642500306,0.905093028073927,0.881111849970043,0.851324738558235,0.759651026008522,0.754880102204217,0,100000,2147.48521399606,98079.2866993096,4859069.87174803,48.5906987174803,2023.5,"Total","GMoH report",29.4516212825197
0,1,0.022178,0.00909245,0.0100691,0.0111616,0.0139739,0.0155748,0.0179308,0.0194179,0.0189366,0.0166734,0.0153659,0.0174731,0.0202412,0.0270094,0.033669,0.055457,0.0598418,0.178406,0.1050349099,0.0217463664673437,0.0357202311682289,0.04910928426453,0.0542930079073532,0.067511019414509,0.0749554592819391,0.0858075068887002,0.0925945220745228,0.0904031779510313,0.0800310266986086,0.0739872965017109,0.0837088665113992,0.0963313449514231,0.126504943450894,0.155275106129329,0.243522440098626,0.260271249808086,1,0.978253633532656,0.964279768831771,0.95089071573547,0.945706992092647,0.932488980585491,0.925044540718061,0.9141924931113,0.907405477925477,0.909596822048969,0.919968973301391,0.926012703498289,0.916291133488601,0.903668655048577,0.873495056549106,0.844724893870671,0.756477559901374,0.739728750191914,0,100000,2174.63664673438,98053.7761175206,4718418.15193666,47.1841815193666,2023.5,"Total","GMoH report",30.8581384806334
0,1,0.0219943,0.00918578,0.00947502,0.0107625,0.0131522,0.0151421,0.0173702,0.0191905,0.0182657,0.0159907,0.0150535,0.0168664,0.0201511,0.02617,0.0337596,0.0553218,0.0550115,0.173594,0.105401474065,0.0215698893820238,0.0360802691701249,0.0462788670234389,0.0524025440491768,0.0636675781951542,0.07294899746376,0.0832364169746666,0.0915598039554809,0.0873401763520174,0.0768800840980339,0.0725376367143031,0.0809199302222487,0.0959231095670105,0.122814839148697,0.155660416507208,0.243000884209805,0.241802679712491,1,0.978430110617976,0.963919730829875,0.953721132976561,0.947597455950823,0.936332421804846,0.92705100253624,0.916763583025333,0.908440196044519,0.912659823647983,0.923119915901966,0.927462363285697,0.919080069777751,0.904076890432989,0.877185160851303,0.844339583492792,0.756999115790195,0.758197320287509,0,100000,2156.98893820238,98070.360875426,4789276.6386802,47.892766386802,2023.5,"Total","GMoH report",30.1495536131981
0,1,0.0216503,0.00875279,0.0095893,0.0108128,0.0130169,0.0154961,0.0168834,0.018445,0.0181563,0.0164055,0.0149333,0.0163018,0.02011,0.0268794,0.0331043,0.0534254,0.0563148,0.173905,0.106087908865,0.0212392469781148,0.0344088137580533,0.0468239770911984,0.0526410082645916,0.0630332560241482,0.0745908325011956,0.080998187982539,0.0881597342542031,0.0868397773751107,0.078795789200671,0.0719792795613174,0.0783172208239311,0.0957368308300207,0.125934397396548,0.152869874531377,0.235652435880301,0.246824341441479,1,0.978760753021885,0.965591186241947,0.953176022908802,0.947358991735408,0.936966743975852,0.925409167498804,0.919001812017461,0.911840265745797,0.913160222624889,0.921204210799329,0.928020720438683,0.921682779176069,0.904263169169979,0.874065602603452,0.847130125468623,0.764347564119699,0.753175658558521,0,100000,2123.92469781147,98101.3980319661,4808623.16050569,48.0862316050569,2023.5,"Total","GMoH report",29.9560883949431
0,1,0.0210303,0.00845084,0.00918014,0.00995539,0.0122425,0.0141838,0.015705,0.0174233,0.0164491,0.0152392,0.0136415,0.0160529,0.0189684,0.0248549,0.0324189,0.054424,0.0548739,0.172564,0.107325087865,0.0206427687362377,0.0332415224252555,0.0448708972043462,0.0485681625017785,0.0593946524193891,0.0684903658713837,0.075558388761261,0.0834802465506837,0.0789969290364657,0.0733996212303655,0.065958082058981,0.0771675909481703,0.0905481177100707,0.117004181898338,0.149942104750741,0.239529602309737,0.241270822529057,1,0.979357231263762,0.966758477574745,0.955129102795654,0.951431837498221,0.940605347580611,0.931509634128616,0.924441611238739,0.916519753449316,0.921003070963534,0.926600378769634,0.934041917941019,0.92283240905183,0.909451882289929,0.882995818101662,0.850057895249259,0.760470397690263,0.758729177470943,0,100000,2064.27687362378,98157.2718232156,4946148.96228564,49.4614896228564,2023.5,"Total","GMoH report",28.5808303771436
0,1,0.0214736,0.00833855,0.00917937,0.0100332,0.0124361,0.014426,0.016071,0.0175781,0.0170082,0.0154998,0.0139253,0.015688,0.0190025,0.0249724,0.0324341,0.0524579,0.05451,0.173766,0.10644050488,0.0210693231097246,0.0328070731602,0.0448672180124819,0.0489384762014393,0.0603055843074842,0.0696191841245482,0.0772512383703743,0.0841907178561328,0.0815724966559411,0.0746079781506513,0.0672841210720872,0.075479686688093,0.0907035160888061,0.117524808669928,0.150007134034989,0.23187969532635,0.239862709291325,1,0.978930676890275,0.9671929268398,0.955132781987518,0.951061523798561,0.939694415692516,0.930380815875452,0.922748761629626,0.915809282143867,0.918427503344059,0.925392021849349,0.932715878927913,0.924520313311907,0.909296483911194,0.882475191330072,0.849992865965011,0.76812030467365,0.760137290708675,0,100000,2106.93231097246,98117.3306279554,4925932.42529052,49.2593242529053,2023.5,"Total","GMoH report",28.7829957470948
0,1,0.0217047,0.00862444,0.00929099,0.0101597,0.0127003,0.0148609,0.0160904,0.0179905,0.0178057,0.0156098,0.0150207,0.0157841,0.0194063,0.0251922,0.0321905,0.0527282,0.0550755,0.174705,0.105979356385,0.0212915492010133,0.0339128021453314,0.0454004130410982,0.0495402156769668,0.0615473262316504,0.0716428084690555,0.0773408855383349,0.0860809037525972,0.0852343565442023,0.0751175742246694,0.0723853051185158,0.0759245002394271,0.0925417667784199,0.118497940460808,0.148964403428581,0.232935346196681,0.242049945558484,1,0.978708450798987,0.966087197854669,0.954599586958902,0.950459784323033,0.93845267376835,0.928357191530945,0.922659114461665,0.913919096247403,0.914765643455798,0.924882425775331,0.927614694881484,0.924075499760573,0.90745823322158,0.881502059539192,0.851035596571419,0.767064653803319,0.757950054441516,0,100000,2129.15492010133,98096.491547975,4880275.64741082,48.8027564741082,2023.5,"Total","GMoH report",29.2395635258918
0,1,0.0220667,0.00978234,0.0102751,0.0115963,0.0146751,0.0167204,0.0187317,0.0203973,0.0195767,0.0176483,0.0157062,0.0183212,0.0206244,0.0291816,0.0341816,0.0577408,0.0566644,0.176321,0.105257003485,0.0216394501491833,0.0383784969875575,0.0500888306407091,0.0563479312131815,0.0707787856082991,0.0802475712732086,0.0894687457386197,0.0970382064775392,0.0933164305834905,0.0845127347579291,0.0755639439584976,0.0875939349954054,0.0980656376567788,0.135987190503973,0.157453010445399,0.252286009899052,0.248166487249718,1,0.978360549850817,0.961621503012443,0.949911169359291,0.943652068786819,0.929221214391701,0.919752428726791,0.91053125426138,0.902961793522461,0.90668356941651,0.915487265242071,0.924436056041502,0.912406065004595,0.901934362343221,0.864012809496027,0.842546989554601,0.747713990100948,0.751833512750282,0,100000,2163.94501491834,98063.8253530583,4623551.20884743,46.2355120884743,2023.5,"Total","GMoH report",31.8068079115257
0,1,0.0222009,0.00942756,0.0102701,0.0115525,0.0142939,0.016028,0.0178586,0.0198405,0.0192798,0.016845,0.0163343,0.0175201,0.0208827,0.0272065,0.0347673,0.0575575,0.0581147,0.176404,0.104989214095,0.0217683616748842,0.0370123673717221,0.0500650668912992,0.0561410755614411,0.0690036710653958,0.0770525060813214,0.0854767617562496,0.0945144644216077,0.0919662716877846,0.0808214084371889,0.0784672317414155,0.0839245823135221,0.099232874147595,0.127369316712175,0.159935211318791,0.251585866257246,0.253712443630383,1,0.978231638325116,0.962987632628278,0.949934933108701,0.943858924438559,0.930996328934604,0.922947493918679,0.91452323824375,0.905485535578392,0.908033728312215,0.919178591562811,0.921532768258585,0.916075417686478,0.900767125852405,0.872630683287825,0.840064788681209,0.748414133742754,0.746287556369617,0,100000,2176.83616748842,98051.7081509498,4671431.44918339,46.7143144918339,2023.5,"Total","GMoH report",31.3280055081661
0,1,0.0211749,0.00830427,0.00897486,0.0103807,0.012506,0.01437,0.0157541,0.0180279,0.0171753,0.0156545,0.0139041,0.0160171,0.0191815,0.0251551,0.0325466,0.0538223,0.0544022,0.171467,0.107036545795,0.0207819463985259,0.0326744058238976,0.0438895437240323,0.0505905857658511,0.0606342695621397,0.0693583029659483,0.0757856627270783,0.0862521377161668,0.0823409247862949,0.0753245784660096,0.06718512814925,0.0770021232300307,0.0915188289559535,0.118333756316224,0.150488294209225,0.23719548378297,0.239445143531435,1,0.979218053601474,0.967325594176102,0.956110456275968,0.949409414234149,0.93936573043786,0.930641697034052,0.924214337272922,0.913747862283833,0.917659075213705,0.92467542153399,0.93281487185075,0.922997876769969,0.908481171044047,0.881666243683776,0.849511705790775,0.76280451621703,0.760554856468565,0,100000,2078.19463985259,98144.2481358869,4918175.43515551,49.1817543515551,2023.5,"Total","GMoH report",28.8605656484449
0,1,0.0211996,0.00863979,0.00885942,0.0105279,0.0123212,0.0149419,0.0156044,0.0181752,0.0166487,0.0157033,0.014671,0.0160335,0.0192974,0.0251567,0.0320697,0.0547336,0.0533311,0.174305,0.10698725818,0.0208057163127837,0.0339721357623241,0.0433372429085772,0.0512895713056287,0.0597650569507462,0.0720192393200108,0.0750925639863293,0.0869262452675338,0.079917206029924,0.0755505188436079,0.0707597107104186,0.0770779276188095,0.0920463613654652,0.11834083762528,0.148446882528444,0.240728197784373,0.235285423832603,1,0.979194283687216,0.966027864237676,0.956662757091423,0.948710428694371,0.940234943049254,0.927980760679989,0.924907436013671,0.913073754732466,0.920082793970076,0.924449481156392,0.929240289289581,0.92292207238119,0.907953638634535,0.88165916237472,0.851553117471556,0.759271802215627,0.764714576167397,0,100000,2080.57163127838,98142.0230229992,4904364.43003105,49.0436443003105,2023.5,"Total","GMoH report",28.9986756996895
0,1,0.0231354,0.00893343,0.00996436,0.0111764,0.0140126,0.0157196,0.0177854,0.0194122,0.0179072,0.0165924,0.0154383,0.0180442,0.0199402,0.0270248,0.0322294,0.055805,0.0572568,0.172987,0.103746262434,0.0226654280715156,0.0351064774817406,0.0486108597342462,0.0543630422368599,0.0676916596258181,0.0756259748157171,0.0851413189642338,0.0925685995781716,0.0856994088639775,0.0796577181916905,0.0743229500024432,0.0863267568357604,0.094966854804565,0.126572508200929,0.149130993865757,0.24486348328781,0.250436078807357,1,0.977334571928484,0.964893522518259,0.951389140265754,0.94563695776314,0.932308340374182,0.924374025184283,0.914858681035766,0.907431400421828,0.914300591136023,0.92034228180831,0.925677049997557,0.91367324316424,0.905033145195435,0.873427491799071,0.850869006134243,0.755136516712191,0.749563921192643,0,100000,2266.54280715156,97968.6025377371,4732251.55770071,47.3225155770071,2023.5,"Total","GMoH report",30.7198044229929
0,1,0.0213246,0.00887583,0.00937211,0.010778,0.0130323,0.0146918,0.0164548,0.0180574,0.0172124,0.0161035,0.0148583,0.0165359,0.020076,0.0259175,0.0316161,0.0545664,0.0555237,0.177178,0.10673782693,0.0209259921070278,0.0348840698525611,0.0457877308739963,0.0524760332831846,0.0631054762545205,0.0708564770270355,0.0790232217277841,0.0863871803249984,0.0825114498035054,0.0774014157535325,0.0716307230685755,0.0793972380291831,0.0955827040821185,0.121701972799897,0.146501022552217,0.240081097063047,0.243779632102567,1,0.979074007892972,0.965115930147439,0.954212269126004,0.947523966716815,0.936894523745479,0.929143522972965,0.920976778272216,0.913612819675002,0.917488550196495,0.922598584246468,0.928369276931425,0.920602761970817,0.904417295917882,0.878298027200103,0.853498977447783,0.759918902936953,0.756220367897433,0,100000,2092.59921070279,98130.7602816831,4846981.73098374,48.4698173098374,2023.5,"Total","GMoH report",29.5725026901626
0,1,0.020846,0.00833742,0.00904736,0.0098499,0.0125744,0.0149767,0.0159536,0.0175361,0.0169636,0.0148751,0.0139365,0.0157403,0.018962,0.0259033,0.0312367,0.0530661,0.0545306,0.173604,0.1076928493,0.0204653237985309,0.0328027002222264,0.0442362468737116,0.0480658894878344,0.0609557936701841,0.0721809200371973,0.076708555954318,0.0839980063999257,0.0813672944113107,0.0717088106757913,0.0673364151264747,0.0757217907429229,0.0905189492125778,0.121639348650269,0.144870322957207,0.234253235896484,0.23994248132029,1,0.979534676201469,0.967197299777774,0.955763753126288,0.951934110512166,0.939044206329816,0.927819079962803,0.923291444045682,0.916001993600074,0.918632705588689,0.928291189324209,0.932663584873525,0.924278209257077,0.909481050787422,0.878360651349731,0.855129677042793,0.765746764103516,0.76005751867971,0,100000,2046.53237985309,98173.864523318,4930969.11275414,49.3096911275414,2023.5,"Total","GMoH report",28.7326288724586
0,1,0.0220398,0.00948163,0.0102379,0.0114687,0.0137565,0.0163517,0.0181134,0.0198287,0.0185435,0.0169239,0.0160117,0.0173486,0.020603,0.0274239,0.0342995,0.0559578,0.0571985,0.17875,0.10531068109,0.0216136061917254,0.0372206942966717,0.0499120144677028,0.0557451879085821,0.0664956320927889,0.0785475356531509,0.0866434799745715,0.094460907508229,0.0886096666176873,0.0811845998754209,0.0769771619403974,0.0831372143095724,0.0979688685054553,0.128321790147907,0.157953209708968,0.245451662412618,0.250212981888611,1,0.978386393808275,0.962779305703328,0.950087985532297,0.944254812091418,0.933504367907211,0.921452464346849,0.913356520025429,0.905539092491771,0.911390333382313,0.918815400124579,0.923022838059603,0.916862785690428,0.902031131494545,0.871678209852093,0.842046790291032,0.754548337587382,0.749787018111389,0,100000,2161.36061917254,98066.2537397136,4685496.30008337,46.8549630008337,2023.5,"Total","GMoH report",31.1873569991663
0,1,0.0223622,0.00927394,0.0104333,0.0114239,0.0139733,0.0160949,0.017672,0.019983,0.0189291,0.0168078,0.0155548,0.0177129,0.0208141,0.0278288,0.0329349,0.0568295,0.0582553,0.180218,0.10466734801,0.0219232610646026,0.0364202417268789,0.0508404167010815,0.0555334777585843,0.0675082185252044,0.0773616787901029,0.0846214254247352,0.0951609946116867,0.0903689908387839,0.0806501221906116,0.0748628099109913,0.0848089680735261,0.0989230161251726,0.130093158758831,0.152147124198118,0.248799606855512,0.254248232371781,1,0.978076738935397,0.963579758273121,0.949159583298918,0.944466522241416,0.932491781474796,0.922638321209897,0.915378574575265,0.904839005388313,0.909631009161216,0.919349877809388,0.925137190089009,0.915191031926474,0.901076983874827,0.869906841241169,0.847852875801882,0.751200393144488,0.745751767628219,0,100000,2192.32610646026,98037.138853076,4685057.04175371,46.8505704175371,2023.5,"Total","GMoH report",31.1917495824629
0,1,0.0214565,0.00895849,0.00963208,0.0107434,0.0130279,0.0146512,0.0165587,0.0179734,0.0178296,0.0155317,0.0149902,0.0167918,0.0200903,0.0263181,0.0333453,0.0561649,0.0567314,0.176479,0.106474627075,0.0210528757985932,0.0352032245301577,0.0470279573806817,0.0523119787195607,0.0630848424525317,0.0706675876013382,0.0795023606516921,0.0860026020794625,0.0853438818121072,0.0747557887881959,0.0722436337050851,0.0805764412831538,0.0956475310189262,0.12346696046919,0.153897134686819,0.246248231724975,0.248423471650953,1,0.978947124201407,0.964796775469842,0.952972042619318,0.947688021280439,0.936915157547468,0.929332412398662,0.920497639348308,0.913997397920538,0.914656118187893,0.925244211211804,0.927756366294915,0.919423558716846,0.904352468981074,0.87653303953081,0.846102865313181,0.753751768275025,0.751576528349047,0,100000,2105.28757985932,98118.8721300918,4829628.37489046,48.2962837489046,2023.5,"Total","GMoH report",29.7460362510954
0,1,0.0217327,0.00882699,0.00894095,0.0106179,0.0135087,0.0148117,0.0162193,0.0182304,0.0176413,0.0159757,0.014391,0.0162823,0.0197419,0.0249184,0.0328991,0.0549726,0.0573543,0.17662,0.105923483785,0.0213184673271727,0.0346954472678425,0.0437273400964125,0.051716693305382,0.0653369566347697,0.071414089814728,0.077936318666626,0.0871787416696634,0.0844806296695274,0.0768107367810187,0.0694561416633083,0.0782272030302513,0.094066853940481,0.117285577654439,0.15199430999048,0.241652354449477,0.25080905547406,1,0.978681532672827,0.965304552732158,0.956272659903588,0.948283306694618,0.93466304336523,0.928585910185272,0.922063681333374,0.912821258330337,0.915519370330473,0.923189263218981,0.930543858336692,0.921772796969749,0.905933146059519,0.882714422345561,0.84800569000952,0.758347645550523,0.74919094452594,0,100000,2131.84673271727,98093.9659001078,4850824.86083833,48.5082486083833,2023.5,"Total","GMoH report",29.5340713916167
0,1,0.0210772,0.00871985,0.00896163,0.010475,0.0126045,0.0149737,0.0166033,0.0184374,0.0173515,0.0152607,0.0148623,0.0160747,0.0196181,0.0256601,0.0333539,0.0536793,0.0558925,0.173862,0.10723150126,0.0206879142717029,0.0342815402229734,0.0438262631142193,0.051038431085937,0.0610972493029039,0.0721669831124238,0.079707961986859,0.0881250098581054,0.0831505337826748,0.073499370395513,0.071649315929647,0.0772683366712756,0.0935045461575656,0.120566151255427,0.153933770989485,0.236639846693468,0.245200348766431,1,0.979312085728297,0.965718459777027,0.956173736885781,0.948961568914063,0.938902750697096,0.927833016887576,0.920292038013141,0.911874990141895,0.916849466217325,0.926500629604487,0.928350684070353,0.922731663328724,0.906495453842434,0.879433848744573,0.846066229010515,0.763360153306532,0.754799651233569,0,100000,2068.79142717029,98153.048183359,4871499.57391119,48.7149957391119,2023.5,"Total","GMoH report",29.3273242608881
0,1,0.0214062,0.00892346,0.00933092,0.0106287,0.0129019,0.0148625,0.0162837,0.0182128,0.0175051,0.0159204,0.0149051,0.0167858,0.0195282,0.0251868,0.032844,0.053659,0.0550196,0.174978,0.10657499821,0.02100449256078,0.0350679844863116,0.0455910831265813,0.0517679353635048,0.0624937787886178,0.071650245563289,0.0782336661272108,0.0870982428084459,0.0838557421214735,0.0765550331265309,0.0718482371028941,0.0805488094843922,0.0930960064186388,0.11847404481983,0.151759063311493,0.236560941147426,0.241833978140722,1,0.97899550743922,0.964932015513688,0.954408916873419,0.948232064636495,0.937506221211382,0.928349754436711,0.921766333872789,0.912901757191554,0.916144257878526,0.923444966873469,0.928151762897106,0.919451190515608,0.906903993581361,0.88152595518017,0.848240936688507,0.763439058852574,0.758166021859278,0,100000,2100.44925607799,98123.4061196287,4851275.7114188,48.512757114188,2023.5,"Total","GMoH report",29.529562885812
0,1,0.0212394,0.00817554,0.0085949,0.00966153,0.01192,0.0137074,0.0152956,0.0170412,0.0160147,0.0146522,0.0142363,0.0152741,0.0190348,0.0244777,0.0305477,0.0539144,0.0540361,0.170295,0.10690783927,0.0208440152598252,0.032176046883327,0.0420705202145205,0.0471683538359094,0.0578753155952612,0.0662661581591241,0.0736612668181411,0.0817242996615203,0.0769910294035283,0.0706722404945639,0.0687351639631776,0.07356153441787,0.0908506882960556,0.115330911376499,0.141901582565648,0.237553159802817,0.238025566689521,1,0.979155984740175,0.967823953116673,0.957929479785479,0.952831646164091,0.942124684404739,0.933733841840876,0.926338733181859,0.91827570033848,0.923008970596472,0.929327759505436,0.931264836036822,0.92643846558213,0.909149311703944,0.884669088623501,0.858098417434352,0.762446840197183,0.761974433310479,0,100000,2084.40152598251,98138.4373373314,5007559.9946061,50.075599946061,2023.5,"Total","GMoH report",27.966720053939
0,1,0.0219549,0.00928512,0.0100679,0.0112736,0.0139545,0.0162034,0.0176628,0.019263,0.0184612,0.0169516,0.0156043,0.0169553,0.0208092,0.0276171,0.0330308,0.0554229,0.0577487,0.176381,0.105480094795,0.0215320304078395,0.0364633468969209,0.0491035752859465,0.0548228721707399,0.067420453214061,0.0778628910768148,0.0845792347319416,0.0918898161774352,0.0882337478361196,0.0813120755502557,0.0750921008276382,0.0813291017046672,0.0989008795435081,0.129167425718008,0.152556353959118,0.243390923030001,0.252316172607372,1,0.97846796959216,0.963536653103079,0.950896424714053,0.94517712782926,0.932579546785939,0.922137108923185,0.915420765268058,0.908110183822565,0.91176625216388,0.918687924449744,0.924907899172362,0.918670898295333,0.901099120456492,0.870832574281992,0.847443646040882,0.756609076969999,0.747683827392628,0,100000,2153.20304078396,98073.9170200708,4713599.45401233,47.1359945401233,2023.5,"Total","GMoH report",30.9063254598767
0,1,0.0210996,0.00841191,0.00932561,0.00994457,0.012262,0.0144564,0.0156164,0.017779,0.0171421,0.0147077,0.0138484,0.0158073,0.0190049,0.0262292,0.0311309,0.0527842,0.0559046,0.173796,0.10718680318,0.020709474884629,0.0330909242468376,0.0455657294445857,0.0485166567763051,0.059486443087163,0.069760775801749,0.0751481414111666,0.0851119850447246,0.0821882998623251,0.0709304408864364,0.0669249899238465,0.0760318541786063,0.0907144522653554,0.123075565916178,0.144415072081356,0.233153895387692,0.245246922272774,1,0.979290525115371,0.966909075753162,0.954434270555414,0.951483343223695,0.940513556912837,0.930239224198251,0.924851858588833,0.914888014955275,0.917811700137675,0.929069559113564,0.933075010076153,0.923968145821394,0.909285547734645,0.876924434083822,0.855584927918644,0.766846104612308,0.754753077727226,0,100000,2070.94748846289,98151.0307523791,4933279.36018215,49.3327936018215,2023.5,"Total","GMoH report",28.7095263981785
0,1,0.0213427,0.00867206,0.00938344,0.0104957,0.013151,0.0151267,0.0159071,0.0184498,0.0172909,0.01589,0.0152903,0.0170961,0.0195685,0.0261697,0.0329519,0.0543728,0.0554508,0.173806,0.106701709285,0.0209434056478028,0.0340968599690732,0.045841815194088,0.0511367110544641,0.0636619541039475,0.0728775094447069,0.0764935246356698,0.0881816648018472,0.0828721642384246,0.076414436509654,0.0736366825808356,0.0819767914396706,0.0932791665723237,0.122813517713718,0.152219680754375,0.239331227573482,0.243498529369144,1,0.979056594352197,0.965903140030927,0.954158184805912,0.948863288945536,0.936338045896053,0.927122490555293,0.92350647536433,0.911818335198153,0.917127835761575,0.923585563490346,0.926363317419164,0.918023208560329,0.906720833427676,0.877186482286282,0.847780319245625,0.760668772426518,0.756501470630856,0,100000,2094.34056478029,98129.1291533067,4846076.91923302,48.4607691923302,2023.5,"Total","GMoH report",29.5815508076698
0,1,0.0225742,0.00930427,0.010062,0.0113261,0.0139741,0.0163421,0.017315,0.0196348,0.018878,0.0169447,0.0157531,0.0174894,0.0202127,0.0273959,0.0347639,0.055564,0.0545008,0.178613,0.10424431261,0.0221267751861703,0.0365371764898025,0.0490755056552424,0.0550711467130338,0.067511953042473,0.0785032308767237,0.0829828786408349,0.0935804180206217,0.0901360300612589,0.0812803232658911,0.0757810344649264,0.0837836840887457,0.0962022328216163,0.128199170839028,0.159920821392945,0.243934990473347,0.239827080612399,1,0.97787322481383,0.963462823510198,0.950924494344758,0.944928853286966,0.932488046957527,0.921496769123276,0.917017121359165,0.906419581979378,0.909863969938741,0.918719676734109,0.924218965535074,0.916216315911254,0.903797767178384,0.871800829160972,0.840079178607055,0.756065009526653,0.760172919387601,0,100000,2212.67751861703,98017.9815283388,4701090.79173144,47.0109079173144,2023.5,"Total","GMoH report",31.0314120826856
0,1,0.0218539,0.00924048,0.0100785,0.0109499,0.0137157,0.0159373,0.017763,0.01951,0.0182276,0.0163496,0.0154408,0.0173932,0.0206281,0.0265696,0.0340552,0.055405,0.0577739,0.174869,0.105681635245,0.0214349676168765,0.0362912233528646,0.0491540034408046,0.0532906809321526,0.0663049528939801,0.0766331848574292,0.0850386463138191,0.0930132773950561,0.0871659354858455,0.0785378441578904,0.0743345381580239,0.0833420381549101,0.0980823677733371,0.124573340434949,0.156916447493314,0.243321878328082,0.252412380871867,1,0.978565032383124,0.963708776647135,0.950845996559195,0.946709319067847,0.93369504710602,0.923366815142571,0.914961353686181,0.906986722604944,0.912834064514154,0.92146215584211,0.925665461841976,0.91665796184509,0.901917632226663,0.875426659565051,0.843083552506686,0.756678121671918,0.747587619128133,0,100000,2143.49676168765,98083.0314812299,4731791.39714018,47.3179139714018,2023.5,"Total","GMoH report",30.7244060285982
0,1,0.0210456,0.0083842,0.00924976,0.0101967,0.0124452,0.0142457,0.015898,0.0175103,0.0166837,0.015693,0.0146229,0.0163993,0.0193342,0.025265,0.0323229,0.0517553,0.054515,0.174603,0.10729455748,0.0206574968308268,0.0329837158589901,0.0452034962708347,0.04971614837467,0.0603483808273196,0.0687789879291445,0.0764514376121068,0.0838796072815449,0.0800784863914763,0.0755028350248862,0.0705359014178908,0.0787671833261968,0.0922137998760893,0.118820029863732,0.149531287840639,0.229129796595635,0.239882072098831,1,0.979342503169173,0.96701628414101,0.954796503729165,0.95028385162533,0.93965161917268,0.931221012070856,0.923548562387893,0.916120392718455,0.919921513608524,0.924497164975114,0.929464098582109,0.921232816673803,0.907786200123911,0.881179970136268,0.85046871215936,0.770870203404365,0.760117927901169,0,100000,2065.74968308267,98155.8940150281,4919602.90195709,49.1960290195709,2023.5,"Total","GMoH report",28.8462909804291
0,1,0.0221499,0.00901146,0.00972645,0.0111445,0.0132054,0.0154492,0.0174782,0.0196765,0.0186138,0.0164151,0.0154641,0.0168686,0.0201479,0.0276923,0.0333513,0.0555617,0.0560112,0.175726,0.105090982045,0.0217193753862076,0.0354076900351124,0.0474777745005235,0.0542120835861844,0.0639168800794956,0.0743734733392193,0.0837322763200569,0.0937698441537708,0.0889306563710991,0.0788400804869948,0.07444253306122,0.0809300580566634,0.095908607421339,0.129496369235546,0.153922695051336,0.243926124606173,0.245657124210984,1,0.978280624613792,0.964592309964888,0.952522225499477,0.945787916413816,0.936083119920504,0.925626526660781,0.916267723679943,0.906230155846229,0.911069343628901,0.921159919513005,0.92555746693878,0.919069941943337,0.904091392578661,0.870503630764454,0.846077304948664,0.756073875393827,0.754342875789016,0,100000,2171.93753862075,98056.3135102533,4753732.54745022,47.5373254745022,2023.5,"Total","GMoH report",30.5049945254978
0,1,0.0215413,0.00865379,0.00927061,0.0107042,0.0126425,0.0150525,0.0164772,0.0186202,0.017959,0.0161139,0.0151109,0.0165307,0.0198054,0.0256856,0.0322866,0.0538723,0.0570111,0.173346,0.106305412915,0.0211344337621223,0.0340262479907994,0.0453030819877342,0.0521260800352176,0.0612758016927486,0.0725329928141621,0.07912654042046,0.088959873412702,0.0859366588588833,0.077449467561646,0.0728041590813443,0.0793732610825564,0.0943551464559532,0.120678735667826,0.149375900155129,0.23738967987251,0.249495471773005,1,0.978865566237878,0.965973752009201,0.954696918012266,0.947873919964782,0.938724198307251,0.927467007185838,0.92087345957954,0.911040126587298,0.914063341141117,0.922550532438354,0.927195840918656,0.920626738917444,0.905644853544047,0.879321264332174,0.850624099844871,0.76261032012749,0.750504528226995,0,100000,2113.44337621224,98111.2270945685,4842290.72262312,48.4229072262312,2023.5,"Total","GMoH report",29.6194127737688
0,1,0.0223014,0.00965803,0.0104485,0.0117884,0.0146363,0.0168396,0.0187455,0.0205453,0.0194894,0.0180767,0.0165318,0.017806,0.0211748,0.0278445,0.034101,0.0569078,0.0578854,0.178103,0.10478867137,0.021864879361057,0.0379000405428715,0.0509125992664122,0.0572546482610972,0.0705982568337601,0.0807965462014646,0.0895317084004485,0.0977079044754513,0.0929196303887536,0.0864755199225405,0.0793783331788833,0.085235731416016,0.100551125091055,0.130161776065837,0.15711090276226,0.249099708956599,0.252837937178167,1,0.978135120638943,0.962099959457129,0.949087400733588,0.942745351738903,0.92940174316624,0.919203453798535,0.910468291599552,0.902292095524549,0.907080369611246,0.913524480077459,0.920621666821117,0.914764268583984,0.899448874908945,0.869838223934163,0.84288909723774,0.750900291043401,0.747162062821833,0,100000,2186.48793610571,98042.6312296853,4611752.1265182,46.117521265182,2023.5,"Total","GMoH report",31.924798734818
0,1,0.0220304,0.00925312,0.0103704,0.0113359,0.0135393,0.0159756,0.0177148,0.020127,0.0190084,0.0166151,0.0158822,0.0176824,0.0213536,0.0264888,0.0334599,0.0547069,0.0565245,0.176799,0.10532943832,0.0216045749015301,0.0363399639063576,0.0505416570006024,0.0551174842750171,0.0654801127728368,0.0768102744487898,0.0848176794310376,0.0958138848491051,0.0907304006315864,0.0797623513886078,0.0763783590641773,0.0846691170133096,0.101357149909245,0.124218033392671,0.154385215333644,0.240624894849847,0.247629645287383,1,0.97839542509847,0.963660036093642,0.949458342999398,0.944882515724983,0.934519887227163,0.92318972555121,0.915182320568962,0.904186115150895,0.909269599368414,0.920237648611392,0.923621640935823,0.91533088298669,0.898642850090755,0.875781966607329,0.845614784666356,0.759375105150153,0.752370354712617,0,100000,2160.45749015301,98067.102283799,4701193.9051819,47.011939051819,2023.5,"Total","GMoH report",31.030380948181
0,1,0.022424,0.00873599,0.00938999,0.0107848,0.0133768,0.0154169,0.0169951,0.0191694,0.0176791,0.0161213,0.0154206,0.0166748,0.0200633,0.0270588,0.0330898,0.0540059,0.0562393,0.176468,0.1045440292,0.0219825959647259,0.0343439039962555,0.0458730805802067,0.0525082719711148,0.0647196456114615,0.0742237496837514,0.0815122288007701,0.0914637375724468,0.0846539843626363,0.0774836568087238,0.0742409018715008,0.0800374776684359,0.0955251268082691,0.126721659874472,0.152808031960115,0.237908361983842,0.246534220090203,1,0.978017404035274,0.965656096003744,0.954126919419793,0.947491728028885,0.935280354388539,0.925776250316249,0.91848777119923,0.908536262427553,0.915346015637364,0.922516343191276,0.925759098128499,0.919962522331564,0.904474873191731,0.873278340125528,0.847191968039885,0.762091638016158,0.753465779909797,0,100000,2198.25959647259,98031.5553189702,4795296.32322288,47.9529632322288,2023.5,"Total","GMoH report",30.0893567677712
0,1,0.021373,0.00899952,0.00938846,0.0108909,0.0132339,0.0155325,0.0169287,0.0186213,0.0182762,0.0164317,0.0150157,0.0173765,0.0199119,0.0262356,0.0340389,0.0535928,0.0555395,0.176131,0.10664124715,0.0209725551364277,0.0353616050561305,0.04586577745743,0.0530111521087471,0.0640504082554698,0.0747594953463327,0.0812066907363297,0.0889648950017593,0.0873881899089644,0.078916662684421,0.0723620817236553,0.083265349151186,0.0948384649256189,0.12310374825566,0.156847231895574,0.236303574483546,0.243840545111895,1,0.979027444863572,0.964638394943869,0.95413422254257,0.946988847891253,0.93594959174453,0.925240504653667,0.91879330926367,0.911035104998241,0.912611810091036,0.921083337315579,0.927637918276345,0.916734650848814,0.905161535074381,0.87689625174434,0.843152768104426,0.763696425516454,0.756159454888105,0,100000,2097.25551364277,98126.3984299243,4794430.89991446,47.9443089991446,2023.5,"Total","GMoH report",30.0980110008554
0,1,0.0212063,0.00836437,0.00955295,0.0103241,0.0125076,0.0147423,0.0157426,0.017836,0.0173606,0.0151354,0.0147613,0.0154365,0.019166,0.0259784,0.032118,0.0548667,0.0535917,0.174245,0.106973888665,0.0208121638279117,0.0329069875609103,0.0466506223432159,0.050321684736529,0.0606417918118357,0.0710913740894044,0.0757324363680797,0.0853732086273083,0.0831923281689743,0.0729178961851965,0.0711797363929566,0.0743146064440655,0.0914482567765515,0.121970503668731,0.148653839923354,0.241242983933535,0.236299297363686,1,0.979187836172088,0.96709301243909,0.953349377656784,0.949678315263471,0.939358208188164,0.928908625910596,0.92426756363192,0.914626791372692,0.916807671831026,0.927082103814804,0.928820263607043,0.925685393555935,0.908551743223448,0.878029496331269,0.851346160076646,0.758757016066465,0.763700702636314,0,100000,2081.21638279117,98141.4194268293,4898430.96736991,48.9843096736992,2023.5,"Total","GMoH report",29.0580103263009
0,1,0.0213327,0.00883375,0.00912694,0.0106822,0.0130143,0.0152876,0.0162924,0.0187291,0.0175286,0.0160714,0.0148058,0.0169634,0.019821,0.0261127,0.0321896,0.0549013,0.054803,0.17313,0.106721663785,0.0209337849819286,0.0347215568935826,0.0446166659179178,0.0520217335935183,0.0630210624668444,0.0736241582941557,0.078273828683877,0.0894568827435208,0.0839635895600924,0.0772530868499974,0.0713866585279184,0.0813663741230046,0.0944259577296038,0.122562411305741,0.148960548796176,0.24137675579296,0.240996651297375,1,0.979066215018071,0.965278443106417,0.955383334082082,0.947978266406482,0.936978937533156,0.926375841705844,0.921726171316123,0.910543117256479,0.916036410439908,0.922746913150003,0.928613341472082,0.918633625876995,0.905574042270396,0.877437588694259,0.851039451203824,0.75862324420704,0.759003348702625,0,100000,2093.37849819286,98130.030338066,4838338.90436053,48.3833890436053,2023.5,"Total","GMoH report",29.6589309563947
0,1,0.02116,0.00821231,0.00907559,0.00998934,0.0121448,0.0139432,0.0157909,0.0171523,0.0168377,0.0150687,0.0140183,0.0150983,0.0186466,0.0243876,0.0322334,0.0529569,0.0535098,0.174418,0.107066278,0.02076760691718,0.0323184221964242,0.0443712126651214,0.0487297547785023,0.058934626859298,0.0673676968241053,0.0759559672902894,0.0822351932375777,0.0807877982245848,0.0726082212414475,0.0677182626951514,0.0727456604857211,0.0890803842668255,0.114930784971097,0.149148122287634,0.233827545181451,0.235980788066763,1,0.97923239308282,0.967681577803576,0.955628787334879,0.951270245221498,0.941065373140702,0.932632303175895,0.924044032709711,0.917764806762422,0.919212201775415,0.927391778758552,0.932281737304849,0.927254339514279,0.910919615733174,0.885069215028903,0.850851877712366,0.766172454818549,0.764019211933237,0,100000,2076.76069171799,98145.590345841,4964192.00335851,49.6419200335851,2023.5,"Total","GMoH report",28.4003999664149
0,1,0.0219069,0.00926688,0.00970456,0.0116718,0.0135441,0.0157358,0.0176822,0.0195631,0.0186446,0.0170851,0.0154464,0.016761,0.0202645,0.0268017,0.032902,0.055648,0.0561734,0.176792,0.105575876395,0.021485903913151,0.0363930204925166,0.0473734536906301,0.0567043941314416,0.0655025667153757,0.0757009620051966,0.0846681998897727,0.0932546260622062,0.0890712551887687,0.0819262064264583,0.0743604951204295,0.0804345896089125,0.0964368867701174,0.125593220458119,0.152006689735783,0.244258726034132,0.246280909847001,1,0.978514096086849,0.963606979507483,0.95262654630937,0.943295605868558,0.934497433284624,0.924299037994803,0.915331800110227,0.906745373937794,0.910928744811231,0.918073793573542,0.92563950487957,0.919565410391087,0.903563113229883,0.874406779541881,0.847993310264217,0.755741273965868,0.753719090152999,0,100000,2148.5903913151,98078.2489222619,4728371.47772088,47.2837147772088,2023.5,"Total","GMoH report",30.7586052227912
0,1,0.0219219,0.00914285,0.00965304,0.0107829,0.0133456,0.0155008,0.0170863,0.018907,0.0180038,0.0172451,0.0150735,0.0172764,0.0199776,0.0268666,0.0328213,0.0558843,0.055812,0.17551,0.105545944645,0.0215003189012855,0.0359146750268613,0.0471278816825087,0.0524992642098783,0.064573567494126,0.074612612057546,0.0819317249211974,0.0902682456965389,0.086141800624779,0.0826617256859338,0.0726305100181052,0.0828055456766786,0.0951365025182296,0.125878201761393,0.151662129382265,0.245168785150092,0.244890437285548,1,0.978499681098714,0.964085324973139,0.952872118317491,0.947500735790122,0.935426432505874,0.925387387942454,0.918068275078803,0.909731754303461,0.913858199375221,0.917338274314066,0.927369489981895,0.917194454323321,0.90486349748177,0.874121798238607,0.848337870617735,0.754831214849908,0.755109562714452,0,100000,2150.03189012855,98076.8952567319,4773694.31738801,47.7369431738801,2023.5,"Total","GMoH report",30.3053768261199
0,1,0.0205983,0.0078166,0.00849247,0.0099837,0.0121232,0.0138248,0.0153554,0.0169863,0.0158494,0.0149574,0.0137303,0.0153184,0.017928,0.0246228,0.031418,0.052781,0.0535882,0.171838,0.108187122265,0.0202267382726691,0.0307851299071358,0.0415795669379169,0.048702911847471,0.0588328926884,0.0668147486569196,0.0739386077561529,0.081471741397739,0.076226633968932,0.0720912556325059,0.0663731904576484,0.0737670182683936,0.0857946823376275,0.115974931162434,0.145649926521378,0.233141408318812,0.236285688207938,1,0.979773261727331,0.969214870092864,0.958420433062083,0.951297088152529,0.9411671073116,0.933185251343081,0.926061392243847,0.918528258602261,0.923773366031068,0.927908744367494,0.933626809542352,0.926232981731606,0.914205317662372,0.884025068837566,0.854350073478622,0.766858591681188,0.763714311792062,0,100000,2022.6738272669,98196.1534333858,5013778.56014406,50.1377856014406,2023.5,"Total","GMoH report",27.9045343985594
0,1,0.0230693,0.00952347,0.0105524,0.011746,0.014472,0.0162474,0.0186521,0.0201241,0.0194586,0.0170265,0.016729,0.0181422,0.0211794,0.0280324,0.0341307,0.0549879,0.0565873,0.177509,0.103530762553,0.0226018725324942,0.0373818697694142,0.0514058619557455,0.0570545919086038,0.0698334266247177,0.0780660732055023,0.0891054887817355,0.0958007407811168,0.0927795973190203,0.0816566812900379,0.0802871890365201,0.086775264491362,0.100571870324142,0.130982607858657,0.157236979554775,0.241711482876797,0.24787067007777,1,0.977398127467506,0.962618130230586,0.948594138044255,0.942945408091396,0.930166573375282,0.921933926794498,0.910894511218264,0.904199259218883,0.90722040268098,0.918343318709962,0.91971281096348,0.913224735508638,0.899428129675858,0.869017392141343,0.842763020445225,0.758288517123203,0.75212932992223,0,100000,2260.18725324943,97973.811656592,4632552.90080855,46.3255290080855,2023.5,"Total","GMoH report",31.7167909919145
0,1,0.0217715,0.00914184,0.00970038,0.0114702,0.0135106,0.0148571,0.0172314,0.0191154,0.0185683,0.0160188,0.015821,0.0169677,0.0197653,0.0261797,0.0323492,0.055695,0.054781,0.177252,0.105846060325,0.0213557657597132,0.0359107788116569,0.0473535318663849,0.0557522756204459,0.0653458460315165,0.0716251451403387,0.0825987689325396,0.0912178364240493,0.0887229157105304,0.0770099812796922,0.076095242905,0.0813861601270314,0.0941731010162107,0.122857564543783,0.149643852700549,0.24443981171617,0.2409115596298,1,0.978644234240287,0.964089221188343,0.952646468133615,0.944247724379554,0.934654153968484,0.928374854859661,0.91740123106746,0.908782163575951,0.91127708428947,0.922990018720308,0.923904757095,0.918613839872969,0.905826898983789,0.877142435456217,0.850356147299451,0.75556018828383,0.7590884403702,0,100000,2135.57657597132,98090.4657911176,4768299.51936866,47.6829951936866,2023.5,"Total","GMoH report",30.3593248063134
0,1,0.0214484,0.00868422,0.00917687,0.0106742,0.0131436,0.0149952,0.0168898,0.0189146,0.0175111,0.0163054,0.0150703,0.0160628,0.020308,0.0258936,0.033222,0.053698,0.0561575,0.177164,0.10649079022,0.0210450847782132,0.0341438545115475,0.0448552724888873,0.0519837866610564,0.0636272714862338,0.0722668599540428,0.0810276480739034,0.0903028922840121,0.0838832787918692,0.0783338385713949,0.0726156508909455,0.077213343754837,0.0966338970469275,0.121596567781249,0.153371712424577,0.236712526835031,0.246219781544752,1,0.978954915221787,0.965856145488453,0.955144727511113,0.948016213338944,0.936372728513766,0.927733140045957,0.918972351926097,0.909697107715988,0.916116721208131,0.921666161428605,0.927384349109055,0.922786656245163,0.903366102953073,0.878403432218751,0.846628287575423,0.763287473164969,0.753780218455248,0,100000,2104.50847782132,98119.6022930066,4828518.67005633,48.2851867005633,2023.5,"Total","GMoH report",29.7571332994368
0,1,0.0207347,0.00810575,0.00857232,0.0097911,0.0120827,0.0138437,0.015279,0.0171112,0.0165475,0.0147208,0.0132666,0.0153983,0.0184223,0.0250684,0.0313436,0.0525325,0.0526749,0.170769,0.107914942885,0.0203581332470976,0.0319057597754011,0.0419623140402659,0.0477858108680252,0.0586421123721039,0.0669030360979278,0.0735842650362768,0.0820462265218484,0.0794507229067513,0.0709913754024394,0.0642035915798664,0.0741375205435362,0.0880560142229513,0.117949958171438,0.145330080242294,0.232171170026462,0.232727283973554,1,0.979641866752902,0.968094240224599,0.958037685959734,0.952214189131975,0.941357887627896,0.933096963902072,0.926415734963723,0.917953773478152,0.920549277093249,0.929008624597561,0.935796408420134,0.925862479456464,0.911943985777049,0.882050041828562,0.854669919757706,0.767828829973538,0.767272716026446,0,100000,2035.81332470977,98183.8813539508,5005916.3052648,50.059163052648,2023.5,"Total","GMoH report",27.983156947352
0,1,0.0215658,0.00877682,0.00933429,0.0104596,0.013359,0.0149149,0.0168919,0.0183618,0.0174842,0.0162633,0.0152506,0.0164962,0.0207119,0.0258949,0.0339423,0.053651,0.055395,0.174431,0.10625652439,0.0211579946115841,0.0345016504486191,0.0456071735402377,0.0509653081570025,0.0646363088743683,0.0718937787001624,0.0810373144692905,0.0877795248036508,0.0837598165391648,0.078139485272903,0.0734525127718058,0.0792141681004533,0.0984612034981659,0.12160230141286,0.156436927213595,0.236529843425893,0.243283303505748,1,0.978842005388416,0.965498349551381,0.954392826459762,0.949034691842997,0.935363691125632,0.928106221299838,0.918962685530709,0.912220475196349,0.916240183460835,0.921860514727097,0.926547487228194,0.920785831899547,0.901538796501834,0.87839769858714,0.843563072786405,0.763470156574107,0.756716696494252,0,100000,2115.79946115841,98109.0180358905,4826765.8302834,48.267658302834,2023.5,"Total","GMoH report",29.7746616971661
0,1,0.0209038,0.00842925,0.00911064,0.0105974,0.0125928,0.0146416,0.0167013,0.0183327,0.0175914,0.0156028,0.0144312,0.0162932,0.0196554,0.0255947,0.0320556,0.0544142,0.0544306,0.171934,0.10757751229,0.0205209806705745,0.0331580057598968,0.0445387585128561,0.0516194208730986,0.0610422673396143,0.0706229186844735,0.0801595771359485,0.0876465071939153,0.0842517350692567,0.0750851534205256,0.0696434052262474,0.0782775217082576,0.0936740001439276,0.120277343679327,0.148386457668874,0.239491635604697,0.239555170800558,1,0.979479019329425,0.966841994240103,0.955461241487144,0.948380579126901,0.938957732660386,0.929377081315526,0.919840422864052,0.912353492806085,0.915748264930743,0.924914846579474,0.930356594773753,0.921722478291742,0.906325999856072,0.879722656320673,0.851613542331126,0.760508364395303,0.760444829199442,0,100000,2052.09806705745,98168.6615379717,4877978.97603249,48.7797897603249,2023.5,"Total","GMoH report",29.2625302396751
0,1,0.0223898,0.00960149,0.0101693,0.0116611,0.0139734,0.0158806,0.0180908,0.0200551,0.0185569,0.0173674,0.0163144,0.0179855,0.0213722,0.0268853,0.0337922,0.0570335,0.0580322,0.179064,0.10461227359,0.0219497610219615,0.0376823466509095,0.0495858661289375,0.0566538834978578,0.0675086853406523,0.0763709583952702,0.0865400530219751,0.0954879490809658,0.0886708593264142,0.0832235579491834,0.0783753816826898,0.086058009189314,0.101440958848258,0.125960298937443,0.15579902082149,0.24958126701872,0.253397905212778,1,0.978050238978039,0.96231765334909,0.950414133871063,0.943346116502142,0.932491314659348,0.92362904160473,0.913459946978025,0.904512050919034,0.911329140673586,0.916776442050817,0.92162461831731,0.913941990810686,0.898559041151742,0.874039701062557,0.84420097917851,0.75041873298128,0.746602094787222,0,100000,2194.97610219615,98034.6453383303,4670297.23227486,46.7029723227486,2023.5,"Total","GMoH report",31.3393476772514
0,1,0.0207379,0.00858763,0.00942988,0.0106381,0.0132144,0.0153884,0.0165722,0.0187708,0.0178223,0.0166055,0.0147927,0.0166408,0.0198969,0.0259265,0.0326931,0.0538383,0.0552077,0.174522,0.107908557445,0.0203612154150396,0.0337705028335038,0.0460634675710527,0.0518125327386816,0.0639590488618015,0.0740916212393028,0.0795645988858594,0.0896471291694645,0.0853104298166948,0.0797181026174642,0.0713257489825641,0.0798807990000019,0.0947704067355582,0.121741662000369,0.1511144966259,0.237257631187143,0.242560483928545,1,0.97963878458496,0.966229497166496,0.953936532428947,0.948187467261318,0.936040951138199,0.925908378760697,0.920435401114141,0.910352870830536,0.914689570183305,0.920281897382536,0.928674251017436,0.920119200999998,0.905229593264442,0.878258337999631,0.848885503374101,0.762742368812857,0.757439516071455,0,100000,2036.12154150396,98183.5933968224,4826147.38969477,48.2614738969477,2023.5,"Total","GMoH report",29.7808461030523
0,1,0.0221172,0.00939569,0.0101689,0.011211,0.0138017,0.0156474,0.0177462,0.0195498,0.0184481,0.0166547,0.0154938,0.018175,0.0201701,0.0275566,0.0338545,0.0578444,0.0566536,0.175774,0.10515623326,0.0216879639931863,0.0368895543658801,0.0495839640694358,0.054526751473088,0.0667068308322561,0.0752917015720536,0.0849616346001472,0.0931941810006822,0.0881738977904309,0.0799448560162648,0.0745801742408671,0.0869253303042984,0.0960092115074347,0.128902699665962,0.156063841679641,0.252681478685772,0.248125055841014,1,0.978312036006814,0.96311044563412,0.950416035930564,0.945473248526912,0.933293169167744,0.924708298427946,0.915038365399853,0.906805818999318,0.911826102209569,0.920055143983735,0.925419825759133,0.913074669695702,0.903990788492565,0.871097300334038,0.843936158320359,0.747318521314228,0.751874944158986,0,100000,2168.79639931863,98059.2660607416,4712190.8737747,47.121908737747,2023.5,"Total","GMoH report",30.920411262253
0,1,0.0215753,0.0090015,0.00991799,0.01117,0.0131322,0.0153832,0.0168939,0.0185449,0.0179483,0.0162473,0.0152216,0.0168226,0.0202013,0.0258946,0.032515,0.0565115,0.0557115,0.175767,0.106237567615,0.021167130152326,0.0353692474383671,0.0483901182282827,0.0543327577401075,0.0635738390762085,0.0740675116374471,0.0810465204695967,0.0886160600690631,0.0858876564398037,0.078065611476639,0.0733179584106414,0.080718271993889,0.096150583065783,0.121600978270211,0.150353166942187,0.247579743336148,0.244503375490853,1,0.978832869847674,0.964630752561633,0.951609881771717,0.945667242259893,0.936426160923791,0.925932488362553,0.918953479530403,0.911383939930937,0.914112343560196,0.921934388523361,0.926682041589359,0.919281728006111,0.903849416934217,0.878399021729789,0.849646833057813,0.752420256663852,0.755496624509147,0,100000,2116.71301523261,98108.1614268447,4787605.25353848,47.8760525353848,2023.5,"Total","GMoH report",30.1662674646152
0,1,0.0212452,0.00849917,0.0093692,0.0105375,0.0131034,0.0151836,0.0166833,0.0182105,0.0177217,0.0158652,0.0139244,0.0154488,0.0192519,0.0251856,0.0319866,0.0534891,0.0541355,0.174385,0.10689626566,0.0208495962689856,0.0334284518104523,0.0457738393606554,0.0513351399080474,0.0634388387991965,0.0731416173471206,0.0800766433403979,0.0870877225703324,0.0848493147471151,0.0762997240451954,0.0672799187484478,0.0743716193186742,0.0918392975678822,0.118468734594963,0.148090704665376,0.235900267503673,0.238411223082098,1,0.979150403731014,0.966571548189548,0.954226160639345,0.948664860091953,0.936561161200803,0.926858382652879,0.919923356659602,0.912912277429668,0.915150685252885,0.923700275954805,0.932720081251552,0.925628380681326,0.908160702432118,0.881531265405037,0.851909295334624,0.764099732496327,0.761588776917902,0,100000,2084.95962689856,98137.9147712688,4863671.22561347,48.6367122561347,2023.5,"Total","GMoH report",29.4056077438653
0,1,0.0212049,0.00842151,0.00913349,0.0103666,0.0123465,0.0146529,0.0156748,0.0179966,0.0168409,0.0153876,0.0136664,0.0162968,0.0184644,0.0248564,0.0315141,0.0529602,0.0525211,0.176304,0.106976682295,0.0208108165928016,0.0331280633661625,0.044647970519353,0.0505236049912444,0.0598841023265627,0.0706754975064687,0.0754185724032344,0.0861088343780787,0.0808025316133806,0.0740879121090759,0.0660744986781619,0.0782941401423215,0.0882483671251366,0.117010830012211,0.146062898060573,0.23384041246891,0.232126634537041,1,0.979189183407198,0.966871936633838,0.955352029480647,0.949476395008756,0.940115897673437,0.929324502493531,0.924581427596766,0.913891165621921,0.919197468386619,0.925912087890924,0.933925501321838,0.921705859857679,0.911751632874863,0.882989169987789,0.853937101939427,0.76615958753109,0.767873365462958,0,100000,2081.08165928016,98141.5455522146,4923862.79172226,49.2386279172226,2023.5,"Total","GMoH report",28.8036920827774
0,1,0.0217367,0.0083037,0.00907875,0.0102959,0.012636,0.0143676,0.0164148,0.0174706,0.0173343,0.0162356,0.0140048,0.0164447,0.0193707,0.0259001,0.03248,0.0531705,0.0536182,0.176047,0.105915501985,0.0213223126552742,0.0326721997105274,0.0443863192600447,0.0501876816219709,0.0612452621681094,0.0693471207690949,0.0788386964152091,0.0836973909060902,0.0830715328215294,0.078011587668138,0.0676552542385982,0.078976632431629,0.0923798443715787,0.121625235589285,0.150203477617462,0.234660023103887,0.236402331299758,1,0.978677687344726,0.967327800289473,0.955613680739955,0.949812318378029,0.938754737831891,0.930652879230905,0.921161303584791,0.91630260909391,0.916928467178471,0.921988412331862,0.932344745761402,0.921023367568371,0.907620155628421,0.878374764410715,0.849796522382538,0.765339976896113,0.763597668700242,0,100000,2132.23126552741,98093.605079309,4897336.67984969,48.9733667984969,2023.5,"Total","GMoH report",29.0689532015031
0,1,0.0208814,0.00817089,0.00881143,0.00998535,0.0121518,0.0138596,0.0157277,0.0173671,0.0166134,0.0151936,0.0142873,0.0161088,0.0184528,0.0255705,0.031325,0.0535046,0.0538646,0.174716,0.10762221037,0.0204994119573287,0.0321580403788969,0.0431075520564579,0.0487107649090388,0.0589675939787234,0.066977303414008,0.0756634691409786,0.0832221801862198,0.0797545158173021,0.0731880260196689,0.0689729084140402,0.0774259039943399,0.0881953711386326,0.120170453544125,0.145250101431635,0.235960561370271,0.237359776461967,1,0.979500588042671,0.967841959621103,0.956892447943542,0.951289235090961,0.941032406021277,0.933022696585992,0.924336530859021,0.91677781981378,0.920245484182698,0.926811973980331,0.93102709158596,0.92257409600566,0.911804628861367,0.879829546455875,0.854749898568365,0.764039438629729,0.762640223538033,0,100000,2049.94119573287,98170.6780068804,4963259.60762582,49.6325960762582,2023.5,"Total","GMoH report",28.4097239237418
0,1,0.0213987,0.0086499,0.00888858,0.0102475,0.0127604,0.0144084,0.0160651,0.0182826,0.0170508,0.0153866,0.0142415,0.0161627,0.0191604,0.0260016,0.0325281,0.052571,0.0549247,0.174038,0.106589964085,0.0209972779594175,0.0340112128204488,0.043476782843874,0.049957647517657,0.0618295747363361,0.069537200500762,0.0772239728830897,0.0874174541326844,0.0817684560250214,0.0740832756762014,0.0687594072539811,0.0776749093563647,0.0914227584476014,0.122072780947302,0.150409187287485,0.232321558385314,0.241467214244467,1,0.979002722040582,0.965988787179551,0.956523217156126,0.950042352482343,0.938170425263664,0.930462799499238,0.92277602711691,0.912582545867316,0.918231543974979,0.925916724323799,0.931240592746019,0.922325090643635,0.908577241552398,0.877927219052698,0.849590812712515,0.767678441614686,0.758532785755533,0,100000,2099.72779594176,98124.082114416,4901096.0478002,49.010960478002,2023.5,"Total","GMoH report",29.031359521998
0,1,0.0207359,0.00818039,0.00886859,0.00997513,0.012527,0.0143695,0.0157092,0.0169407,0.0165354,0.0152623,0.014048,0.015548,0.0180674,0.025601,0.0323191,0.0534709,0.05413,0.170601,0.107912548345,0.0203592890622903,0.0321948275099714,0.043381126439671,0.0486621225048456,0.0607329944464241,0.0693559733522858,0.0755778318112758,0.0812619156633066,0.0793949325795599,0.0735067931762647,0.0678568668366953,0.0748313070932841,0.0864329531554003,0.120305168455901,0.149515022584013,0.235829465573204,0.238389888357959,1,0.97964071093771,0.967805172490029,0.956618873560329,0.951337877495154,0.939267005553576,0.930644026647714,0.924422168188724,0.918738084336693,0.92060506742044,0.926493206823735,0.932143133163305,0.925168692906716,0.9135670468446,0.879694831544099,0.850484977415987,0.764170534426796,0.761610111642041,0,100000,2035.92890622902,98183.7733702914,4960504.84642447,49.6050484642447,2023.5,"Total","GMoH report",28.4372715357553
0,1,0.0211357,0.00864408,0.00941769,0.0107769,0.0132661,0.0152165,0.0172244,0.0184975,0.0179952,0.0158398,0.0150598,0.0164422,0.0199679,0.0259757,0.0320165,0.0538136,0.0554241,0.175537,0.107114767435,0.0207442201714981,0.0339887176117335,0.0460052910757227,0.0524708181010178,0.0642012495096985,0.0732942934589545,0.0825665996523693,0.0883995722794043,0.0861024241426696,0.0761822220961053,0.0725668927706321,0.0789651000787144,0.095092505879616,0.121958599985868,0.148218875899416,0.237161689292696,0.24339555153098,1,0.979255779828502,0.966011282388267,0.953994708924277,0.947529181898982,0.935798750490301,0.926705706541045,0.917433400347631,0.911600427720596,0.91389757585733,0.923817777903895,0.927433107229368,0.921034899921286,0.904907494120384,0.878041400014132,0.851781124100584,0.762838310707304,0.75660444846902,0,100000,2074.42201714982,98147.7792147792,4821283.05745765,48.2128305745765,2023.5,"Total","GMoH report",29.8294894254235
0,1,0.0224164,0.00929703,0.00992384,0.011404,0.0137162,0.0160572,0.017617,0.0197504,0.0186247,0.0172523,0.0154553,0.0172789,0.0206994,0.0278699,0.0340178,0.0550648,0.0554937,0.176751,0.10455919462,0.0219752994983495,0.0365092645445036,0.0484179695428302,0.0554394220765962,0.0663072898764902,0.0771874636468255,0.0843691707952502,0.0941054493336993,0.0889804161101817,0.0826948107895391,0.0744017467101756,0.0828170319659106,0.0984047041664428,0.130272776841746,0.156757626069714,0.242008610641825,0.243663962860518,1,0.97802470050165,0.963490735455496,0.95158203045717,0.944560577923404,0.93369271012351,0.922812536353175,0.91563082920475,0.905894550666301,0.911019583889818,0.917305189210461,0.925598253289824,0.917182968034089,0.901595295833557,0.869727223158254,0.843242373930286,0.757991389358175,0.756336037139482,0,100000,2197.52994983495,98032.2420118731,4708445.63128829,47.0844563128829,2023.5,"Total","GMoH report",30.9578636871171
0,1,0.0219251,0.0090415,0.00946908,0.0107433,0.0132183,0.0152537,0.0168413,0.018489,0.0176762,0.0159728,0.0154941,0.0170688,0.0201247,0.0258586,0.0319563,0.053144,0.0557876,0.176498,0.105539559205,0.0215033940448053,0.0355236262662278,0.0462505251922807,0.0523115045333667,0.0639773214303432,0.0734668950571663,0.0808043732710746,0.0883607454437273,0.0846406857752489,0.0767973290561306,0.0745815644554279,0.0818512437276536,0.0958034602583471,0.121442187618144,0.147960800664326,0.234556785480995,0.24479647976382,1,0.978496605955195,0.964476373733772,0.953749474807719,0.947688495466633,0.936022678569657,0.926533104942834,0.919195626728925,0.911639254556273,0.915359314224751,0.923202670943869,0.925418435544572,0.918148756272346,0.904196539741653,0.878557812381856,0.852039199335674,0.765443214519005,0.75520352023618,0,100000,2150.33940448053,98076.6064684095,4810845.75595563,48.1084575595563,2023.5,"Total","GMoH report",29.9338624404437
0,1,0.0211529,0.00885937,0.0088526,0.010621,0.0125894,0.0146519,0.0163193,0.0183101,0.0175044,0.0159261,0.015314,0.0166483,0.0192225,0.0256169,0.03269,0.0522351,0.054812,0.174202,0.107080445695,0.0207607738656355,0.0348205045335021,0.0433046041531838,0.0517314019497298,0.0610262890903159,0.0706708446289526,0.078397998843676,0.087543188653585,0.0838525294583722,0.0765813927041366,0.0737466109979437,0.0799153626691865,0.0917054785943026,0.12037538922914,0.151101250317779,0.231008605922008,0.241031459152353,1,0.979239226134365,0.965179495466498,0.956695395846816,0.94826859805027,0.938973710909684,0.929329155371047,0.921602001156324,0.912456811346415,0.916147470541628,0.923418607295863,0.926253389002056,0.920084637330814,0.908294521405697,0.87962461077086,0.848898749682221,0.768991394077992,0.758968540847647,0,100000,2076.07738656354,98146.229905287,4871187.02843348,48.7118702843348,2023.5,"Total","GMoH report",29.3304497156652
0,1,0.0210431,0.00879863,0.00974648,0.0106863,0.013053,0.015216,0.0167181,0.0192594,0.0174231,0.0164778,0.0151186,0.0161667,0.0194857,0.0260425,0.0327044,0.0553579,0.0562705,0.177553,0.107299546105,0.0206550903089785,0.0345859028747778,0.0475732213733721,0.0520411808234168,0.063202543015061,0.0732919733343609,0.0802369755477384,0.0918734320566218,0.0834793282882524,0.079129307732609,0.0728399064749207,0.0776933858475462,0.0929028093210329,0.122253061607703,0.151162779948621,0.243140176112021,0.246654122938038,1,0.979344909691022,0.965414097125222,0.952426778626628,0.947958819176583,0.936797456984939,0.926708026665639,0.919763024452262,0.908126567943378,0.916520671711748,0.920870692267391,0.927160093525079,0.922306614152454,0.907097190678967,0.877746938392297,0.848837220051379,0.756859823887979,0.753345877061962,0,100000,2065.50903089785,98156.1191505933,4813324.65383633,48.1332465383633,2023.5,"Total","GMoH report",29.9090734616367
0,1,0.02166,0.00920841,0.00997247,0.011225,0.0140055,0.0160228,0.0172688,0.0194714,0.0187728,0.017007,0.0159586,0.0173004,0.0210253,0.0269219,0.0333999,0.0572194,0.0569846,0.178199,0.106068553,0.0212485733272616,0.0361675487645618,0.0486494617553222,0.0545929843759499,0.0676585214447634,0.0770284705549792,0.0827706265122147,0.0928377953777063,0.0896562527461191,0.0815669760939265,0.0767316747387841,0.0829158083720984,0.0998766582435782,0.126120960297422,0.154129707921022,0.25029296657141,0.249393962072245,1,0.978751426672738,0.963832451235438,0.951350538244678,0.94540701562405,0.932341478555237,0.922971529445021,0.917229373487785,0.907162204622294,0.910343747253881,0.918433023906074,0.923268325261216,0.917084191627902,0.900123341756422,0.873879039702578,0.845870292078978,0.74970703342859,0.750606037927755,0,100000,2124.85733272615,98100.5232098875,4714218.38930209,47.1421838930209,2023.5,"Total","GMoH report",30.9001361069791
0,1,0.0226009,0.00925663,0.0101108,0.0116139,0.0140093,0.0160995,0.0180741,0.0197655,0.0192476,0.0173998,0.0157307,0.0172206,0.0209903,0.0274017,0.0344837,0.056006,0.0548893,0.174626,0.104191034095,0.022152400530453,0.0363534982352611,0.0493076505178601,0.0564310388934873,0.067676257514022,0.0773829336492834,0.0864636197267422,0.0941740090598203,0.0918197265768486,0.0833723446920674,0.0756773555573356,0.0825491358767999,0.0997186871051423,0.128224571872316,0.158734148139504,0.24563711880984,0.241330363233428,1,0.977847599469547,0.963646501764739,0.95069234948214,0.943568961106513,0.932323742485978,0.922617066350717,0.913536380273258,0.90582599094018,0.908180273423151,0.916627655307933,0.924322644442664,0.9174508641232,0.900281312894858,0.871775428127684,0.841265851860496,0.75436288119016,0.758669636766572,0,100000,2215.2400530453,98015.5680988502,4682143.1249169,46.821431249169,2023.5,"Total","GMoH report",31.220888750831
0,1,0.0215269,0.00872782,0.00914681,0.0107751,0.0125929,0.0146447,0.0162371,0.0177915,0.0175507,0.0157167,0.0147896,0.0164202,0.0190034,0.026646,0.0317292,0.0547947,0.0531671,0.17372,0.106334147395,0.0211205852344008,0.0343123362115325,0.044711628082839,0.0524622841063151,0.0610427372841365,0.070637343248328,0.0780185139671596,0.0851692770197575,0.0840650009687446,0.0756125505662871,0.071311334710417,0.0788636094022336,0.0907076171696936,0.124909175288178,0.146986583256356,0.240964549498928,0.23464677819727,1,0.978879414765599,0.965687663788467,0.955288371917161,0.947537715893685,0.938957262715864,0.929362656751672,0.92198148603284,0.914830722980243,0.915934999031255,0.924387449433713,0.928688665289583,0.921136390597766,0.909292382830306,0.875090824711822,0.853013416743644,0.759035450501072,0.76535322180273,0,100000,2112.05852344008,98112.5254188983,4873131.22187061,48.7313122187061,2023.5,"Total","GMoH report",29.3110077812939
0,1,0.021246,0.00896978,0.00979256,0.0111541,0.0133409,0.0151485,0.0170405,0.0185866,0.0183857,0.0164037,0.0153679,0.0169455,0.0200246,0.0259587,0.0334347,0.0554914,0.0570789,0.174002,0.1068946693,0.0208503660584726,0.0352468077770747,0.0477927661741833,0.0542575156127593,0.0645515602254701,0.0729787052103043,0.0817210798471611,0.0888064739769501,0.0878887591043384,0.0787874843571275,0.0739965702693925,0.0812840047440253,0.0953496533298288,0.121883647405253,0.154277910836396,0.243655094256445,0.249755129803629,1,0.979149633941527,0.964753192222925,0.952207233825817,0.945742484387241,0.93544843977453,0.927021294789696,0.918278920152839,0.91119352602305,0.912111240895662,0.921212515642873,0.926003429730607,0.918715995255975,0.904650346670171,0.878116352594747,0.845722089163604,0.756344905743555,0.750244870196371,0,100000,2085.03660584726,98137.8426926132,4783666.76094976,47.8366676094976,2023.5,"Total","GMoH report",30.2056523905024
0,1,0.0214558,0.00836895,0.00914316,0.010253,0.012096,0.0144095,0.0159646,0.0174829,0.016542,0.0154528,0.0144093,0.0159637,0.0192595,0.0252136,0.0306914,0.053741,0.0542739,0.171968,0.10647602389,0.0210522025053265,0.0329247095047799,0.0446941847934107,0.0499837904902585,0.0587047678210902,0.0695423246812633,0.0767594165465042,0.0837538495588682,0.0794253640689294,0.0743901593634704,0.0695413930141047,0.0767552553263662,0.0918738871748881,0.118592632032466,0.142521536301863,0.23687962956841,0.238947912261743,1,0.978947797494673,0.96707529049522,0.955305815206589,0.950016209509742,0.94129523217891,0.930457675318737,0.923240583453496,0.916246150441132,0.920574635931071,0.92560984063653,0.930458606985895,0.923244744673634,0.908126112825112,0.881407367967534,0.857478463698137,0.76312037043159,0.761052087738257,0,100000,2105.22025053266,98118.9352311568,4931986.28702186,49.3198628702186,2023.5,"Total","GMoH report",28.7224571297814
0,1,0.0213319,0.00838242,0.00902493,0.0103894,0.0123431,0.0144908,0.0158613,0.0183214,0.0181517,0.0154663,0.0148682,0.0163357,0.0183886,0.0251723,0.0323543,0.0543126,0.054407,0.171098,0.106723260145,0.0209330153206708,0.0329768287424258,0.0441289972227365,0.0506319120328157,0.059868104983447,0.069920972914236,0.0762816833400944,0.0875948493192077,0.0868187310968722,0.0744527293790134,0.0716767397452974,0.0784736932240017,0.0879020126265391,0.118409877595507,0.149665679282015,0.239097925085063,0.239463740655404,1,0.979066984679329,0.967023171257574,0.955871002777263,0.949368087967184,0.940131895016553,0.930079027085764,0.923718316659906,0.912405150680792,0.913181268903128,0.925547270620987,0.928323260254703,0.921526306775998,0.912097987373461,0.881590122404493,0.850334320717985,0.760902074914937,0.760536259344596,0,100000,2093.30153206708,98130.1024319016,4898723.96352982,48.9872396352982,2023.5,"Total","GMoH report",29.0550803647018
0,1,0.0221667,0.00880251,0.00946701,0.0108282,0.0129076,0.0152752,0.016702,0.0189356,0.0174998,0.0157887,0.014831,0.0165709,0.0200116,0.0263561,0.0318488,0.0535239,0.0563362,0.174683,0.105057458485,0.0217355125786849,0.034600890628468,0.0462406483003356,0.0527140055137403,0.0625205251731864,0.0735666372564507,0.0801628021943739,0.0903986197401223,0.0838314174042718,0.0759457868864642,0.0715038172171318,0.0795586057499456,0.0952907014949111,0.123634210933067,0.147499773068722,0.236035631198268,0.246906557051577,1,0.978264487421315,0.965399109371532,0.953759351699664,0.94728599448626,0.937479474826814,0.926433362743549,0.919837197805626,0.909601380259878,0.916168582595728,0.924054213113536,0.928496182782868,0.920441394250054,0.904709298505089,0.876365789066933,0.852500226931278,0.763964368801732,0.753093442948423,0,100000,2173.55125786849,98054.79651317,4823228.02464409,48.2322802464409,2023.5,"Total","GMoH report",29.8100397535591
0,1,0.0213102,0.00846903,0.00909663,0.0103873,0.0127242,0.0147818,0.0164278,0.0178379,0.0172527,0.0151884,0.0143635,0.0163606,0.0195039,0.0268881,0.0323607,0.0532379,0.0567685,0.174287,0.10676656141,0.020912137807673,0.0333118813548979,0.0444717914200369,0.0506219368874232,0.061659577994215,0.0712750655887023,0.0788986710301281,0.0853819148526259,0.0826966488173713,0.0731638937889402,0.0693280175498083,0.0785886080479277,0.0929855479293518,0.125972590943622,0.149693068773364,0.234922542885315,0.248565739537643,1,0.979087862192327,0.966688118645102,0.955528208579963,0.949378063112577,0.938340422005785,0.928724934411298,0.921101328969872,0.914618085147374,0.917303351182629,0.92683610621106,0.930671982450192,0.921411391952072,0.907014452070648,0.874027409056378,0.850306931226636,0.765077457114685,0.751434260462357,0,100000,2091.2137807673,98132.0579237784,4885016.31710966,48.8501631710966,2023.5,"Total","GMoH report",29.1921568289034
0,1,0.0213125,0.0089628,0.00987711,0.0114403,0.0134837,0.0153192,0.0170063,0.0194338,0.0189719,0.0169938,0.0159684,0.0170954,0.0204121,0.026498,0.0326824,0.0563763,0.057906,0.176348,0.106761971875,0.020914350672881,0.0352198628269099,0.0481954701007822,0.0556109841452089,0.0652199832786637,0.0737707286347465,0.0815637557514119,0.0926668284720974,0.0905640688552144,0.0815062478147157,0.0767769859441246,0.0819735724728683,0.097105197495505,0.124258495936675,0.151068774694788,0.247060594513782,0.252916537455286,1,0.979085649327119,0.96478013717309,0.951804529899218,0.944389015854791,0.934780016721336,0.926229271365254,0.918436244248588,0.907333171527903,0.909435931144786,0.918493752185284,0.923223014055875,0.918026427527132,0.902894802504495,0.875741504063325,0.848931225305212,0.752939405486218,0.747083462544714,0,100000,2091.4350672881,98131.8506645441,4745175.05333165,47.4517505333165,2023.5,"Total","GMoH report",30.5905694666835
0,1,0.0213277,0.00861079,0.00913449,0.0102283,0.0122185,0.0140893,0.0161603,0.0177835,0.0169408,0.0148304,0.0138988,0.0157236,0.0187728,0.0253823,0.0313382,0.053118,0.0548955,0.173525,0.106731641035,0.0209289745796529,0.03386003666969,0.0446527497596206,0.0498663792819754,0.0592816673681555,0.0680495728819846,0.0776638232911693,0.08513261055068,0.0812623758576757,0.0715010278899521,0.0671603783340275,0.0756444907145036,0.0896562527461191,0.119338768914456,0.145306861298165,0.23445548400196,0.241354333028135,1,0.979071025420347,0.96613996333031,0.955347250240379,0.950133620718025,0.940718332631845,0.931950427118015,0.922336176708831,0.91486738944932,0.918737624142324,0.928498972110048,0.932839621665972,0.924355509285496,0.910343747253881,0.880661231085544,0.854693138701835,0.76554451599804,0.758645666971865,0,100000,2092.89745796529,98130.4809222413,4930966.97588739,49.3096697588739,2023.5,"Total","GMoH report",28.7326502411261
0,1,0.0208465,0.00825145,0.0089751,0.00987848,0.0121134,0.0144264,0.0157188,0.0182249,0.0173032,0.0153486,0.0146716,0.0159484,0.0185973,0.0252998,0.0320904,0.0520125,0.0529174,0.172892,0.107691851575,0.0204658052858073,0.0324699516351601,0.0438906916337938,0.0482019939178071,0.0587867320014346,0.069621047307797,0.075622271593202,0.0871535865033383,0.0829286715270815,0.0739070746837717,0.0707625021824499,0.0766845118288711,0.0888553270649381,0.118973956724174,0.148535584220339,0.230137440889356,0.233673513095324,1,0.979534194714193,0.96753004836484,0.956109308366206,0.951798006082193,0.941213267998565,0.930378952692203,0.924377728406798,0.912846413496662,0.917071328472919,0.926092925316228,0.92923749781755,0.923315488171129,0.911144672935062,0.881026043275826,0.851464415779661,0.769862559110644,0.766326486904676,0,100000,2046.58052858071,98173.8195179395,4936485.22802853,49.3648522802853,2023.5,"Total","GMoH report",28.6774677197147
0,1,0.0213792,0.0086217,0.00902188,0.0103379,0.0126534,0.014746,0.0158306,0.0178978,0.0166471,0.0157659,0.0147934,0.0166232,0.0189123,0.0257843,0.032334,0.0542485,0.0542111,0.176141,0.10662887536,0.0209785195090192,0.0339022106213714,0.0441144126568486,0.0503872540167506,0.0613270119669437,0.071108582120141,0.0761396587937492,0.0856563494710908,0.0799098325657373,0.0758402745391096,0.071329003788392,0.0797996847031082,0.0902924072651961,0.121114376457751,0.149578797873866,0.238849440339374,0.238704426201826,1,0.979021480490981,0.966097789378629,0.955885587343151,0.949612745983249,0.938672988033056,0.928891417879859,0.923860341206251,0.914343650528909,0.920090167434263,0.92415972546089,0.928670996211608,0.920200315296892,0.909707592734804,0.878885623542249,0.850421202126134,0.761150559660626,0.761295573798174,0,100000,2097.85195090192,98125.8396432945,4895134.97192873,48.9513497192873,2023.5,"Total","GMoH report",29.0909702807128
0,1,0.0227131,0.00944251,0.0103767,0.0115487,0.0144669,0.0164121,0.0177024,0.0201463,0.0192643,0.0180763,0.0164047,0.0182902,0.0210772,0.0279522,0.0352233,0.0568359,0.058322,0.178691,0.103967144605,0.022260070091075,0.0370699728218597,0.0505715845953243,0.056123127105006,0.0698096759958395,0.0788262396793945,0.0847608249318175,0.0959013562656627,0.0918957325963599,0.086473689132821,0.0787920981679602,0.0874522042352415,0.100110858531405,0.13063234632279,0.161863117163075,0.248824140134346,0.254502293147612,1,0.977739929908925,0.96293002717814,0.949428415404676,0.943876872894994,0.930190324004161,0.921173760320605,0.915239175068183,0.904098643734337,0.90810426740364,0.913526310867179,0.92120790183204,0.912547795764759,0.899889141468595,0.86936765367721,0.838136882836925,0.751175859865654,0.745497706852388,0,100000,2226.0070091075,98005.4245835001,4641227.65181044,46.4122765181044,2023.5,"Total","GMoH report",31.6300434818956
0,1,0.0216169,0.00916932,0.00984008,0.011018,0.0132223,0.015871,0.0173322,0.0193826,0.0181856,0.016053,0.0152469,0.0165621,0.0206396,0.0268661,0.0330983,0.0556107,0.0562748,0.175758,0.106154556895,0.0212071322374607,0.0360167812153332,0.0480191200431154,0.0536132237517578,0.0639960621679904,0.0763265531859639,0.0830618869092775,0.0924339731786679,0.0869738221497823,0.0771680531086184,0.0734353465372047,0.079518035846276,0.0981343649052538,0.125876006551,0.15284428500412,0.244114986763919,0.246670646724299,1,0.978792867762539,0.963983218784667,0.951980879956885,0.946386776248242,0.93600393783201,0.923673446814036,0.916938113090722,0.907566026821332,0.913026177850218,0.922831946891382,0.926564653462795,0.920481964153724,0.901865635094746,0.874123993449,0.84715571499588,0.755885013236081,0.753329353275701,0,100000,2120.71322374608,98104.4101488221,4762042.47004378,47.6204247004378,2023.5,"Total","GMoH report",30.4218952995622
0,1,0.0223751,0.00942135,0.0104633,0.0116522,0.0146537,0.0163532,0.0185003,0.0206472,0.019446,0.0177314,0.0160623,0.0182815,0.0212713,0.0285663,0.0341245,0.056367,0.0568834,0.178367,0.104641606705,0.0219356470901632,0.0369884379600502,0.0509828771536944,0.056611867979814,0.0706792197923231,0.0785544580899102,0.0884123619505171,0.0981687266669076,0.092722305135822,0.0848937858154786,0.0772110330592318,0.0874124244079645,0.100986229064263,0.133310995288244,0.157210661918413,0.24702487252584,0.249006201582286,1,0.978064352909837,0.96301156203995,0.949017122846306,0.943388132020186,0.929320780207677,0.92144554191009,0.911587638049483,0.901831273333092,0.907277694864178,0.915106214184521,0.922788966940768,0.912587575592036,0.899013770935737,0.866689004711756,0.842789338081587,0.75297512747416,0.750993798417714,0,100000,2193.56470901633,98035.9734265465,4627675.50105211,46.2767550105211,2023.5,"Total","GMoH report",31.7655649894789
0,1,0.0217013,0.00865458,0.00922081,0.0104828,0.0126835,0.0152003,0.0164845,0.0181061,0.0177921,0.0159406,0.0144778,0.0171073,0.0204126,0.026234,0.0328546,0.0554582,0.0539487,0.172463,0.105986140915,0.0212882804725818,0.0340293013777641,0.0450652057504114,0.0510754652813711,0.0614684134451705,0.0732191185796349,0.0791602088433063,0.086610073376112,0.0851720269483315,0.0766484445134714,0.0698604364335074,0.0820282934391223,0.0971074606232068,0.123096702750133,0.151804324131013,0.243527067906561,0.237686328873725,1,0.978711719527418,0.965970698622236,0.954934794249589,0.948924534718629,0.93853158655483,0.926780881420365,0.920839791156694,0.913389926623888,0.914827973051669,0.923351555486529,0.930139563566493,0.917971706560878,0.902892539376793,0.876903297249867,0.848195675868987,0.756472932093439,0.762313671126275,0,100000,2128.82804725818,98096.7982221423,4848594.18511352,48.4859418511352,2023.5,"Total","GMoH report",29.5563781488648
0,1,0.0219711,0.00961399,0.0101674,0.0117785,0.014697,0.0164531,0.0178627,0.0205219,0.0197411,0.0180431,0.0157262,0.0178722,0.0211986,0.027058,0.0335337,0.0565309,0.0563122,0.17655,0.105447768505,0.0215475971363009,0.0377304791024281,0.0495768313132638,0.0572079406768445,0.0708806670894653,0.079015380123236,0.0854955467429852,0.0976020511654684,0.0940632213524003,0.0863217213727484,0.0756565258576438,0.0855390715151666,0.10065845423038,0.126718150696158,0.154699392457841,0.247654211357873,0.246814352103669,1,0.978452402863699,0.962269520897572,0.950423168686736,0.942792059323156,0.929119332910535,0.920984619876764,0.914504453257015,0.902397948834532,0.9059367786476,0.913678278627252,0.924343474142356,0.914460928484833,0.89934154576962,0.873281849303842,0.845300607542159,0.752345788642127,0.753185647896331,0,100000,2154.75971363009,98072.4548898367,4641975.87002012,46.4197587002012,2023.5,"Total","GMoH report",31.6225612997988
0,1,0.0214784,0.0086909,0.00946888,0.0107151,0.0128933,0.0147271,0.0165781,0.0186154,0.0176415,0.0159019,0.0143427,0.0164173,0.019739,0.0261885,0.0336535,0.0538293,0.0558381,0.17351,0.10643092672,0.021073939801585,0.0341696696363155,0.046249570907562,0.0521777748127595,0.0624534231967436,0.0710206784172049,0.0795917980325898,0.0889379607152532,0.0844815469727027,0.0764694751334389,0.0692310978327843,0.0788502302858215,0.0940536857428068,0.122896324044408,0.155209170455214,0.237222673811497,0.24499092989375,1,0.978926060198415,0.965830330363684,0.953750429092438,0.94782222518724,0.937546576803256,0.928979321582795,0.92040820196741,0.911062039284747,0.915518453027297,0.923530524866561,0.930768902167216,0.921149769714179,0.905946314257193,0.877103675955592,0.844790829544786,0.762777326188503,0.75500907010625,0,100000,2107.39398015851,98116.8979141139,4843710.5247132,48.437105247132,2023.5,"Total","GMoH report",29.605214752868
0,1,0.0214602,0.008434,0.00912794,0.0102423,0.0128266,0.0145229,0.015755,0.0179386,0.0169936,0.0152932,0.0144708,0.0159153,0.0196375,0.0251232,0.0316122,0.0544553,0.0541891,0.173492,0.10646724391,0.0210564346193737,0.0331763808085219,0.0446214453112149,0.0499329298807071,0.0621403756443989,0.0700704351918796,0.075789828143979,0.0858432315177397,0.0815053276597051,0.0736501344110619,0.0698278382940366,0.0765314476288802,0.0935926841619255,0.118192561591557,0.146484274540896,0.239650852350055,0.238619112611905,1,0.978943565380626,0.966823619191478,0.955378554688785,0.950067070119293,0.937859624355601,0.92992956480812,0.924210171856021,0.91415676848226,0.918494672340295,0.926349865588938,0.930172161705963,0.92346855237112,0.906407315838075,0.881807438408443,0.853515725459104,0.760349147649945,0.761380887388095,0,100000,2105.64346193736,98118.5385941122,4906869.37803238,49.0686937803237,2023.5,"Total","GMoH report",28.9736262196763
0,1,0.0213356,0.00905898,0.00916354,0.0105398,0.0132395,0.0147307,0.0165077,0.0182049,0.0178839,0.015636,0.0146868,0.0165025,0.0189922,0.0252459,0.032538,0.0544341,0.0545019,0.173854,0.10671587698,0.0209365749940681,0.0355910821964087,0.0447915764928615,0.0513460570692537,0.0640766432056955,0.0710374225973626,0.0792672020229158,0.08706210759367,0.0855926729888373,0.0752389109701758,0.0708332167795069,0.0792432218294008,0.0906565802418279,0.118735536309698,0.15045152102243,0.239568729547364,0.23983134063906,1,0.979063425005932,0.964408917803591,0.955208423507139,0.948653942930746,0.935923356794304,0.928962577402637,0.920732797977084,0.91293789240633,0.914407327011163,0.924761089029824,0.929166783220493,0.920756778170599,0.909343419758172,0.881264463690302,0.84954847897757,0.760431270452635,0.76016865936094,0,100000,2093.65749940681,98129.7689967381,4852131.06443353,48.5213106443353,2023.5,"Total","GMoH report",29.5210093556647
0,1,0.0217064,0.00891756,0.00957693,0.0107236,0.0132395,0.0149246,0.0168106,0.0181479,0.0176262,0.0161236,0.0147868,0.0168802,0.019937,0.0270536,0.0339899,0.0566309,0.055952,0.175251,0.10597596412,0.0212931835572036,0.0350452045710508,0.0467649874713402,0.0522180853498557,0.0640766432056955,0.0719388534687989,0.0806630157678331,0.0868013446916749,0.0844113707425444,0.0774942829486239,0.0712983151826432,0.0809834575976504,0.0949523380888086,0.126698849980424,0.156639129159457,0.248037966769222,0.24542934343966,1,0.978706816442796,0.964954795428949,0.95323501252866,0.947781914650144,0.935923356794304,0.928061146531201,0.919336984232167,0.913198655308325,0.915588629257456,0.922505717051376,0.928701684817357,0.91901654240235,0.905047661911191,0.873301150019576,0.843360870840543,0.751962033230778,0.75457065656034,0,100000,2129.31835572037,98096.3382099455,4814393.69729446,48.1439369729446,2023.5,"Total","GMoH report",29.8983830270554
0,1,0.0221409,0.00869284,0.00968673,0.01087,0.0133646,0.0154476,0.0167446,0.0190418,0.0183434,0.0164258,0.0151969,0.0166995,0.0199045,0.0263151,0.0334442,0.0549154,0.0575527,0.177955,0.105108941095,0.0217107302464065,0.0341771667161661,0.0472884733171611,0.052912113320515,0.0646625279474827,0.0743660572356177,0.0803590496433547,0.0908825802103752,0.0876954196002614,0.0788894444100245,0.0732033403910289,0.0801512840788146,0.0948048901595482,0.123453755215333,0.154318364393848,0.241431263922918,0.251567524352932,1,0.978289269753593,0.965822833283834,0.952711526682839,0.947087886679485,0.935337472052517,0.925633942764382,0.919640950356645,0.909117419789625,0.912304580399739,0.921110555589975,0.926796659608971,0.919848715921185,0.905195109840452,0.876546244784667,0.845681635606152,0.758568736077082,0.748432475647067,0,100000,2171.07302464066,98057.1261620192,4786178.96364738,47.8617896364738,2023.5,"Total","GMoH report",30.1805303635262
0,1,0.0214617,0.00907461,0.00946935,0.0110503,0.0131591,0.0148848,0.0170955,0.0186558,0.0184219,0.0161028,0.0148932,0.0166126,0.0199315,0.0264918,0.0331992,0.0547531,0.0546316,0.178401,0.106464250735,0.0210578773773407,0.0356513949890371,0.0462518134751722,0.0537661692498461,0.0636999160855951,0.0717538940930109,0.0819740323259301,0.0891223769024578,0.0880541864563017,0.0773981814109398,0.0717929336995641,0.0797508284675019,0.0949273869666839,0.124231227892306,0.153274521282588,0.240803636082965,0.240333491996597,1,0.978942122622659,0.964348605010963,0.953748186524828,0.946233830750154,0.936300083914405,0.928246105906989,0.91802596767407,0.910877623097542,0.911945813543698,0.92260181858906,0.928207066300436,0.920249171532498,0.905072613033316,0.875768772107694,0.846725478717412,0.759196363917035,0.759666508003403,0,100000,2105.78773773406,98118.4033759707,4800559.87547939,48.0055987547939,2023.5,"Total","GMoH report",30.0367212452061
0,1,0.0220447,0.00922302,0.0100729,0.0112849,0.0136096,0.016355,0.0181652,0.0196293,0.0186395,0.0170751,0.0154159,0.0171243,0.0209456,0.0271312,0.032877,0.0552711,0.0572211,0.175778,0.105300903385,0.0216183139270003,0.0362238926276349,0.0491273624762816,0.0548763156634246,0.0658089173945672,0.0785627649481813,0.086880496033625,0.0935554309482202,0.0890479756449165,0.0818802177353671,0.0742191139048842,0.0821064608319391,0.099516897195267,0.127039186086149,0.151899962344962,0.242805220889268,0.250299472180965,1,0.978381686073,0.963776107372365,0.950872637523718,0.945123684336575,0.934191082605433,0.921437235051819,0.913119503966375,0.90644456905178,0.910952024355083,0.918119782264633,0.925780886095116,0.917893539168061,0.900483102804733,0.872960813913851,0.848100037655038,0.757194779110732,0.749700527819035,0,100000,2161.83139270003,98065.8114059173,4707510.72361616,47.0751072361616,2023.5,"Total","GMoH report",30.9672127638384
0,1,0.022085,0.00864968,0.00948605,0.0111006,0.0129504,0.0151871,0.0166118,0.0186279,0.0176802,0.0158191,0.0151449,0.016247,0.0196402,0.0258645,0.0339889,0.0537601,0.0545861,0.176086,0.10522048675,0.0216570309596019,0.0340103624954605,0.0463314928554953,0.0540042996774999,0.0627213340875805,0.0731578606368069,0.0797471411035405,0.0889950239819181,0.0846590286060962,0.0760864520172354,0.07296199471558,0.078064226288718,0.0936049501453864,0.121468213481049,0.156634881675545,0.236953844112781,0.24015736512841,1,0.978342969040398,0.965989637504539,0.953668507144505,0.9459957003225,0.937278665912419,0.926842139363193,0.920252858896459,0.911004976018082,0.915340971393904,0.923913547982765,0.92703800528442,0.921935773711282,0.906395049854614,0.878531786518951,0.843365118324455,0.763046155887219,0.75984263487159,0,100000,2165.70309596018,98062.1732379527,4822426.81050577,48.2242681050577,2023.5,"Total","GMoH report",29.8180518949423
0,1,0.0217649,0.00895947,0.00991769,0.0111271,0.0134073,0.0156027,0.0172315,0.0194488,0.0186018,0.0161005,0.0155005,0.0169871,0.0207851,0.0263098,0.0333617,0.0554995,0.0552627,0.173513,0.105859230295,0.0213494213777379,0.0352070077407146,0.0483886899343134,0.0541297326301282,0.0648624250224899,0.0750846902582683,0.0825992284858646,0.0927350370295493,0.088875872010106,0.0773875542086587,0.0746112218878196,0.0814754221413564,0.0987919961994852,0.123430425479311,0.153966998006515,0.243686326768745,0.242772799089405,1,0.978650578622262,0.964792992259285,0.951611310065687,0.945870267369872,0.93513757497751,0.924915309741732,0.917400771514135,0.907264962970451,0.911124127989894,0.922612445791341,0.92538877811218,0.918524577858644,0.901208003800515,0.876569574520689,0.846033001993485,0.756313673231255,0.757227200910595,0,100000,2134.94213777379,98091.0611936553,4757803.227633,47.57803227633,2023.5,"Total","GMoH report",30.46428772367
0,1,0.0221247,0.0091669,0.0103103,0.0112229,0.0139767,0.0159976,0.0176884,0.0195679,0.0192171,0.0163114,0.0157491,0.0176835,0.0202116,0.0268681,0.0344075,0.0565268,0.0560807,0.176724,0.105141267385,0.0216951686163256,0.0360074466741652,0.0502561110457135,0.0545830497280185,0.0675240901239128,0.0769119821845126,0.0846966303110165,0.093276439880172,0.0916808975588067,0.078361534178502,0.0757625211936718,0.0846741611770635,0.0961972491954054,0.125884787361717,0.158411169236259,0.247638473798252,0.245924460298364,1,0.978304831383674,0.963992553325835,0.949743888954287,0.945416950271981,0.932475909876087,0.923088017815487,0.915303369688984,0.906723560119828,0.908319102441193,0.921638465821498,0.924237478806328,0.915325838822936,0.903802750804595,0.874115212638283,0.841588830763741,0.752361526201748,0.754075539701636,0,100000,2169.51686163255,98058.5888908126,4705020.45944859,47.0502045944859,2023.5,"Total","GMoH report",30.9921154055141
0,1,0.0214291,0.00828624,0.00915386,0.0104789,0.0124277,0.0140783,0.0160309,0.0180701,0.0168797,0.0157839,0.0145353,0.0153007,0.0194019,0.0254294,0.032502,0.0531634,0.0552701,0.174365,0.106529302405,0.0210265204998296,0.0326046205775706,0.0447453190347514,0.0510569483595868,0.0602660781513948,0.0679982505724159,0.0770659102484936,0.0864453114441812,0.0809811559545836,0.0759235747223498,0.0701281652008888,0.0736849227559694,0.0925217553854668,0.119546980062967,0.150297570878285,0.234632364396595,0.242801361213926,1,0.97897347950017,0.967395379422429,0.955254680965249,0.948943051640413,0.939733921848605,0.932001749427584,0.922934089751506,0.913554688555819,0.919018844045416,0.92407642527765,0.929871834799111,0.926315077244031,0.907478244614533,0.880453019937033,0.849702429121715,0.765367635603405,0.757198638786075,0,100000,2102.65204998296,98121.3420061022,4911473.54127085,49.1147354127085,2023.5,"Total","GMoH report",28.9275845872915
0,1,0.0209469,0.00841713,0.00875364,0.0102027,0.0122068,0.0142691,0.0160856,0.017497,0.0170927,0.0153336,0.0143531,0.016183,0.0190606,0.0251645,0.0316319,0.052954,0.0548463,0.1746,0.107491508395,0.0205624785795611,0.0331111188169447,0.0428308846375044,0.0497446750106716,0.0592265823853464,0.0688880729940997,0.0773187055740453,0.0838185663609559,0.0819611563568483,0.0738375127849035,0.069279558907608,0.077768673876636,0.0909682275069525,0.118375358243692,0.146568870373112,0.233816237410421,0.241164103126705,1,0.979437521420439,0.966888881183055,0.957169115362496,0.950255324989328,0.940773417614654,0.9311119270059,0.922681294425955,0.916181433639044,0.918038843643152,0.926162487215097,0.930720441092392,0.922231326123364,0.909031772493048,0.881624641756308,0.853431129626888,0.766183762589579,0.758835896873295,0,100000,2056.24785795611,98164.7813259296,4934134.71425099,49.3413471425099,2023.5,"Total","GMoH report",28.7009728574901
0,1,0.021017,0.00830997,0.00894285,0.0102181,0.0125108,0.0146036,0.0161574,0.0177099,0.0168889,0.0156596,0.0143674,0.0155057,0.0191727,0.0258141,0.0317248,0.0545088,0.0519527,0.172831,0.10735162735,0.0206299655314631,0.0326964666854754,0.0437364291856429,0.0498178895567992,0.060656836136169,0.0704460839220885,0.0776504274584568,0.0847952131371557,0.0810235053032115,0.0753481935699308,0.0693461889135101,0.0746353178789124,0.0914787628106506,0.121245867621575,0.14696769794091,0.239858062154132,0.229903262000647,1,0.979370034468537,0.967303533314525,0.956263570814357,0.950182110443201,0.939343163863831,0.929553916077911,0.922349572541543,0.915204786862844,0.918976494696789,0.924651806430069,0.93065381108649,0.925364682121088,0.908521237189349,0.878754132378425,0.85303230205909,0.760141937845868,0.770096737999353,0,100000,2062.99655314631,98158.4694840514,4919634.57229625,49.1963457229625,2023.5,"Total","GMoH report",28.8459742770375
0,1,0.021926,0.00901958,0.00918201,0.0106711,0.0131759,0.0149847,0.0164656,0.0187663,0.0173917,0.0161912,0.0155287,0.0168213,0.0201625,0.0259144,0.0324859,0.0553301,0.0569257,0.17532,0.1055377633,0.021504258925502,0.0354390296734754,0.0448798323269393,0.0519690818272822,0.0637786473025169,0.0722180841847904,0.0790730374849687,0.0896266008033598,0.0833351501718889,0.0778065466064636,0.0747418890680716,0.0807122860563988,0.0959747716657246,0.121688301686912,0.150228712658609,0.243032911727118,0.249168300229118,1,0.978495741074498,0.964560970326525,0.955120167673061,0.948030918172718,0.936221352697483,0.92778191581521,0.920926962515031,0.91037339919664,0.916664849828111,0.922193453393536,0.925258110931928,0.919287713943601,0.904025228334275,0.878311698313088,0.849771287341391,0.756967088272882,0.750831699770882,0,100000,2150.42589255021,98076.5252462919,4822131.33833929,48.2213133833929,2023.5,"Total","GMoH report",29.8210066166071
0,1,0.0217242,0.0089059,0.0098142,0.0109712,0.0135645,0.0155798,0.0169956,0.0189288,0.018015,0.0164463,0.0153598,0.0165615,0.0204362,0.0265335,0.0333639,0.0549061,0.0550109,0.178051,0.10594044511,0.0213102959065968,0.0350001837274828,0.0478958513394607,0.0533915758573837,0.0655979901563118,0.0749786202313009,0.081514529170092,0.090367623328833,0.0861930791957226,0.0789840130648297,0.0739590109586917,0.0795152696540607,0.0972142741276798,0.12441461221686,0.153976369513012,0.241395312131449,0.241800361266071,1,0.978689704093403,0.964999816272517,0.952104148660539,0.946608424142616,0.934402009843688,0.925021379768699,0.918485470829908,0.909632376671167,0.913806920804277,0.92101598693517,0.926040989041308,0.920484730345939,0.90278572587232,0.87558538778314,0.846023630486988,0.758604687868551,0.758199638733929,0,100000,2131.02959065969,98094.7326327174,4774652.51032211,47.7465251032211,2023.5,"Total","GMoH report",30.2957948967789
0,1,0.0211276,0.00888003,0.00935088,0.0104395,0.0130225,0.0148409,0.0165473,0.0184305,0.0172058,0.0159138,0.0142697,0.016346,0.0200123,0.0255454,0.0326846,0.0556124,0.0531682,0.175993,0.10713093058,0.0207364243471319,0.0349002887772979,0.0456863803492984,0.0508698602351869,0.0630595185492316,0.0715498399506895,0.0794498007789271,0.0880934826691649,0.0824811160343408,0.0765245106077269,0.0688908698850049,0.0785212299385607,0.0952938759174434,0.120059575312058,0.151078175650347,0.244121538395355,0.234651063335865,1,0.979263575652868,0.965099711222702,0.954313619650702,0.949130139764813,0.936940481450768,0.92845016004931,0.920550199221073,0.911906517330835,0.917518883965659,0.923475489392273,0.931109130114995,0.921478770061439,0.904706124082557,0.879940424687942,0.848921824349653,0.755878461604645,0.765348936664135,0,100000,2073.6424347132,98148.5088090078,4853803.95481622,48.5380395481622,2023.5,"Total","GMoH report",29.5042804518378
0,1,0.0219942,0.00921255,0.00986277,0.0111026,0.0137197,0.0157267,0.0170099,0.0192706,0.0176709,0.0170489,0.0151989,0.0163677,0.0199751,0.0259251,0.0333054,0.0561253,0.057642,0.174466,0.10540167361,0.0215697932968981,0.0361835151156428,0.0481271816905937,0.0540137668796062,0.0663236485958972,0.0756588402909892,0.0815803173977404,0.0919244039529602,0.0846163809832095,0.081759716906099,0.0732126217097396,0.0786213724071296,0.0951251633727809,0.121735488234903,0.153727140257195,0.246095974066775,0.251908697191254,1,0.978430206703102,0.963816484884357,0.951872818309406,0.945986233120394,0.933676351404103,0.924341159709011,0.91841968260226,0.90807559604704,0.91538361901679,0.918240283093901,0.92678737829026,0.92137862759287,0.904874836627219,0.878264511765097,0.846272859742805,0.753904025933225,0.748091302808746,0,100000,2156.97932968981,98070.3699016017,4759016.97603869,47.5901697603869,2023.5,"Total","GMoH report",30.4521502396131
0,1,0.0218576,0.00960033,0.0102193,0.0113691,0.0143043,0.0163115,0.018032,0.0207941,0.0191362,0.0181374,0.0165052,0.0179986,0.0210932,0.0283935,0.0338623,0.0569974,0.0592822,0.175153,0.10567425208,0.0214385237159387,0.0376778798396775,0.0498235943555069,0.0552744481780474,0.0690521435572839,0.0783619957651902,0.0862709074903357,0.0988326594883341,0.0913125614060537,0.0867533016659117,0.0792556731584624,0.0861179917827476,0.100183047363387,0.132558033676982,0.156096992064072,0.249442994642858,0.258151524269828,1,0.978561476284061,0.962322120160322,0.950176405644493,0.944725551821953,0.930947856442716,0.92163800423481,0.913729092509664,0.901167340511666,0.908687438593946,0.913246698334088,0.920744326841538,0.913882008217252,0.899816952636613,0.867441966323018,0.843903007935928,0.750557005357142,0.741848475730172,0,100000,2143.85237159386,98082.6976243442,4645842.27534416,46.4584227534416,2023.5,"Total","GMoH report",31.5838972465584
0,1,0.0226001,0.00961745,0.0102431,0.012237,0.0146492,0.0162747,0.0190623,0.020511,0.0193816,0.0179709,0.0165767,0.0181172,0.0219229,0.0284512,0.0349133,0.0581841,0.0576153,0.176201,0.104192630455,0.0221516327491116,0.037743801747762,0.0499367326348694,0.0593687611737908,0.0706582817475591,0.0781921168881991,0.0909759718304414,0.0975527394051523,0.0924294246576388,0.0859911539296157,0.0795853440674911,0.0866608692491005,0.103918986146521,0.132809524165179,0.160552919397958,0.253976949440192,0.251806703141263,1,0.977848367250888,0.962256198252238,0.950063267365131,0.940631238826209,0.929341718252441,0.921807883111801,0.909024028169559,0.902447260594848,0.907570575342361,0.914008846070384,0.920414655932509,0.9133391307509,0.896081013853479,0.867190475834821,0.839447080602042,0.746023050559808,0.748193296858737,0,100000,2215.16327491116,98015.6404135891,4605217.21544508,46.0521721544508,2023.5,"Total","GMoH report",31.9901478455492
0,1,0.0219611,0.00937917,0.0100492,0.0114315,0.0139949,0.0164565,0.0176136,0.0197239,0.0187224,0.0166735,0.0155891,0.0177827,0.0214577,0.0275283,0.0341746,0.0562258,0.0559127,0.177711,0.105467723005,0.0215379881020985,0.0368258874818144,0.0490146060521518,0.0555693961206179,0.0676090454254388,0.0790310632683125,0.084353574692012,0.0939851173592926,0.0894263120387159,0.0800314874836053,0.0750216981147966,0.0851289438265395,0.101826114459411,0.128778843412237,0.157423303896635,0.246482333967084,0.245278098197308,1,0.978462011897901,0.963174112518186,0.950985393947848,0.944430603879382,0.932390954574561,0.920968936731687,0.915646425307988,0.906014882640707,0.910573687961284,0.919968512516395,0.924978301885203,0.914871056173461,0.898173885540589,0.871221156587763,0.842576696103365,0.753517666032916,0.754721901802692,0,100000,2153.79881020985,98073.3574461139,4692418.81940929,46.9241881940929,2023.5,"Total","GMoH report",31.1181318059071
0,1,0.0207226,0.00819522,0.00864725,0.00953171,0.0123504,0.013912,0.0151925,0.016983,0.0163699,0.0146513,0.013166,0.0158127,0.0184035,0.0249562,0.030909,0.0531772,0.0533724,0.173446,0.10793908783,0.0203464786287589,0.0322522514084253,0.0423213419397781,0.0465493136050442,0.0599024518952813,0.0672220182067686,0.0731829211751176,0.081456558181029,0.078631524517022,0.0706680528916707,0.0637322528959304,0.076056840014747,0.0879701054125981,0.117453045749185,0.143459523936608,0.234686122779345,0.235446180667372,1,0.979653521371241,0.967747748591575,0.957678658060222,0.953450686394956,0.940097548104719,0.932777981793231,0.926817078824882,0.918543441818971,0.921368475482978,0.929331947108329,0.93626774710407,0.923943159985253,0.912029894587402,0.882546954250815,0.856540476063392,0.765313877220654,0.764553819332628,0,100000,2034.64786287589,98184.9701714982,5003520.44516171,50.0352044516171,2023.5,"Total","GMoH report",28.0071155483829
0,1,0.0219281,0.00895488,0.0095284,0.0111239,0.0131265,0.0152257,0.0172894,0.0187593,0.0180988,0.016329,0.0151792,0.0174893,0.0202035,0.0261384,0.0331453,0.0560114,0.0571829,0.176252,0.105533572855,0.021506276974625,0.0351892882921174,0.046533524903279,0.0541145868678518,0.0635471217653673,0.0733369827541985,0.0828652728777678,0.0895946669124722,0.0865766656110948,0.0784427700208249,0.0731211968229622,0.0837832251030146,0.0961605507807526,0.122675637774019,0.153044717326957,0.245657893640378,0.250153275636512,1,0.978493723025375,0.964810711707883,0.953466475096721,0.945885413132148,0.936452878234633,0.926663017245801,0.917134727122232,0.910405333087528,0.913423334388905,0.921557229979175,0.926878803177038,0.916216774896985,0.903839449219247,0.877324362225981,0.846955282673043,0.754342106359622,0.749846724363488,0,100000,2150.62769746251,98076.3357273316,4783145.86080392,47.8314586080392,2023.5,"Total","GMoH report",30.2108613919608
0,1,0.0217303,0.0088829,0.00956906,0.0109198,0.0130695,0.0154679,0.0173387,0.0190672,0.0180801,0.016835,0.0148056,0.0175704,0.0198147,0.0276147,0.033072,0.0552195,0.0563404,0.171981,0.105928272865,0.0213161601160923,0.0349113715552242,0.0467274554381623,0.0531480838840085,0.0632799081026316,0.0744601448150387,0.083091742989567,0.0909982933524743,0.0864910814937138,0.0807753667518323,0.0713857286401148,0.0841553903246016,0.0943973615025867,0.129156925615513,0.152732109210478,0.242606039504019,0.24692269192033,1,0.978683839883908,0.965088628444776,0.953272544561838,0.946851916115992,0.936720091897368,0.925539855184961,0.916908257010433,0.909001706647526,0.913508918506286,0.919224633248168,0.928614271359885,0.915844609675398,0.905602638497413,0.870843074384487,0.847267890789522,0.757393960495981,0.75307730807967,0,100000,2131.61601160922,98094.1823909119,4781615.41906573,47.8161541906573,2023.5,"Total","GMoH report",30.2261658093427
0,1,0.0217329,0.00882881,0.00942138,0.0108201,0.0128197,0.0149114,0.0170075,0.018806,0.0176993,0.0159139,0.0147762,0.01707,0.0202523,0.0258036,0.0326907,0.054252,0.0566434,0.175769,0.105923084695,0.0213186595942814,0.0347024768507113,0.0460229018816751,0.052675611538968,0.0621079856411891,0.0718775140909601,0.0815692763319605,0.0898076913893306,0.0847466107795728,0.0765249730773605,0.0712490253780231,0.0818567626537512,0.0963816259899113,0.121199538942367,0.151104241436204,0.23886300995923,0.248085924377753,1,0.978681340405719,0.965297523149289,0.953977098118325,0.947324388461032,0.937892014358811,0.92812248590904,0.91843072366804,0.910192308610669,0.915253389220427,0.923475026922639,0.928750974621977,0.918143237346249,0.903618374010089,0.878800461057633,0.848895758563796,0.76113699004077,0.751914075622247,0,100000,2131.86595942813,98093.9478591508,4822276.54998419,48.2227654998419,2023.5,"Total","GMoH report",29.8195545001581
0,1,0.0212199,0.00855342,0.00938274,0.0105774,0.0129812,0.0145934,0.0160303,0.0184585,0.0170843,0.0158524,0.0138154,0.0163376,0.0187154,0.0262665,0.0320503,0.0545261,0.053362,0.174619,0.106946750545,0.0208252510661734,0.0336382360775393,0.0458384737959397,0.0515245115780849,0.0628658156836195,0.0703986122306819,0.0770631369878588,0.0882214126370954,0.0819225274123241,0.0762405122586764,0.0667708354981472,0.0784824623094335,0.0893943714513486,0.123239804206993,0.148363743758539,0.239925056008885,0.235405702286473,1,0.979174748933827,0.966361763922461,0.95416152620406,0.948475488421915,0.937134184316381,0.929601387769318,0.922936863012141,0.911778587362905,0.918077472587676,0.923759487741324,0.933229164501853,0.921517537690567,0.910605628548651,0.876760195793007,0.851636256241461,0.760074943991115,0.764594297713527,0,100000,2082.52510661734,98140.1941864638,4877595.66320597,48.7759566320597,2023.5,"Total","GMoH report",29.2663633679403
0,1,0.0220329,0.00902256,0.00963078,0.011182,0.013448,0.0153655,0.0167347,0.0188028,0.0182133,0.0155392,0.0149324,0.0165244,0.019954,0.0269371,0.0335713,0.0559329,0.0555197,0.176777,0.105324449695,0.021606976856397,0.0354505309155649,0.0470217594488383,0.0543895403981692,0.065052920802616,0.0739854417374577,0.0803134464204685,0.0897930959391867,0.0871005298014195,0.0747905372104485,0.071975097630361,0.079344211287502,0.0950294556070427,0.126187674952587,0.154859419892414,0.245355840738846,0.243764210417244,1,0.978393023143603,0.964549469084435,0.952978240551162,0.945610459601831,0.934947079197384,0.926014558262542,0.919686553579532,0.910206904060813,0.912899470198581,0.925209462789552,0.928024902369639,0.920655788712498,0.904970544392957,0.873812325047413,0.845140580107586,0.754644159261154,0.756235789582756,0,100000,2160.69768563969,98066.8766090576,4787526.14905674,47.8752614905674,2023.5,"Total","GMoH report",30.1670585094326
0,1,0.0217432,0.00821394,0.00888737,0.00966502,0.012211,0.0141821,0.0152358,0.0174395,0.0168583,0.0146788,0.0137289,0.0153945,0.0180504,0.0241162,0.0315626,0.0536023,0.0540567,0.171096,0.10590253156,0.0213285612502556,0.0323247331625732,0.0434709930023028,0.0471849903123288,0.0592463568415205,0.0684824380387274,0.0733838459978643,0.083554622885472,0.0808826404560015,0.0707959992167432,0.0663666473383899,0.0741199028874961,0.0863551380407721,0.113724493428923,0.146271247786532,0.236340512382763,0.238105505325656,1,0.978671438749744,0.967675266837427,0.956529006997697,0.952815009687671,0.94075364315848,0.931517561961273,0.926616154002136,0.916445377114528,0.919117359543999,0.929204000783257,0.93363335266161,0.925880097112504,0.913644861959228,0.886275506571077,0.853728752213468,0.763659487617236,0.761894494674344,0,100000,2132.85612502556,98093.0187380679,4979755.76244129,49.7975576244129,2023.5,"Total","GMoH report",28.2447623755871
0,1,0.0211856,0.00822726,0.00891513,0.0101575,0.0125734,0.0143059,0.0162446,0.017679,0.0172545,0.0153653,0.0139741,0.015625,0.019189,0.0255173,0.0312818,0.0548238,0.0529527,0.175415,0.10701519448,0.0207922436253123,0.032376303467075,0.0436038157844636,0.0495297538140836,0.0609510937932499,0.0690596006477339,0.078053144713469,0.0846535257937315,0.0827049198990065,0.0739845143539915,0.067511953042473,0.075187969924812,0.0915529749110783,0.119935429182315,0.145064317576118,0.241077094030699,0.233811168362613,1,0.979207756374688,0.967623696532925,0.956396184215536,0.950470246185916,0.93904890620675,0.930940399352266,0.921946855286531,0.915346474206268,0.917295080100993,0.926015485646008,0.932488046957527,0.924812030075188,0.908447025088922,0.880064570817685,0.854935682423882,0.758922905969301,0.766188831637387,0,100000,2079.22436253123,98143.2842369926,4924477.95914267,49.2447795914267,2023.5,"Total","GMoH report",28.7975404085733
0,1,0.0215259,0.00881513,0.00962409,0.0104744,0.0131992,0.0150559,0.0166784,0.0183968,0.0176206,0.0159584,0.015192,0.0170552,0.0202502,0.0256162,0.0327822,0.0557377,0.0558042,0.173733,0.106336142845,0.0211196235168399,0.0346496378753517,0.0469898633159002,0.051035582243375,0.0638878294052844,0.0725487819833425,0.0800540656775105,0.087939487108888,0.0843856840395325,0.0767307499980767,0.0731806007822887,0.0817886936789183,0.0963721135647288,0.120372297858963,0.15149514004966,0.244604297603644,0.24486040277821,1,0.97888037648316,0.965350362124648,0.9530101366841,0.948964417756625,0.936112170594716,0.927451218016658,0.91994593432249,0.912060512891112,0.915614315960467,0.923269250001923,0.926819399217711,0.918211306321082,0.903627886435271,0.879627702141037,0.84850485995034,0.755395702396356,0.75513959722179,0,100000,2111.96235168398,98112.615578628,4823890.97133775,48.2389097133775,2023.5,"Total","GMoH report",29.8034102866225
0,1,0.0217186,0.00869404,0.00922698,0.0103868,0.0126095,0.0146089,0.0164501,0.0182139,0.0174129,0.0155271,0.0143148,0.0165094,0.0190466,0.026019,0.0326311,0.0529157,0.0544278,0.17335,0.10595161963,0.0213049123093573,0.0341818040565209,0.0450946807075135,0.0506195618377589,0.0611207449174098,0.0704707496631163,0.0790015418413875,0.0871032741857695,0.0834324957374341,0.0747344758019393,0.0691010796621313,0.0792750415716908,0.0909044483358176,0.122149481595891,0.15084953439547,0.233666883263265,0.239544323652734,1,0.978695087690643,0.965818195943479,0.954905319292487,0.949380438162241,0.93887925508259,0.929529250336884,0.920998458158612,0.91289672581423,0.916567504262566,0.925265524198061,0.930898920337869,0.920724958428309,0.909095551664182,0.877850518404109,0.84915046560453,0.766333116736735,0.760455676347266,0,100000,2130.49123093573,98095.2377655894,4878349.08923799,48.7834908923799,2023.5,"Total","GMoH report",29.2588291076201
0,1,0.0216556,0.00869738,0.00956725,0.0107932,0.0133902,0.0149897,0.0168175,0.0181242,0.018029,0.0159852,0.0150843,0.0168741,0.0198942,0.0261449,0.0330889,0.0552256,0.0546439,0.174975,0.10607733298,0.0212443428399532,0.0341947112053142,0.0467188233434192,0.0525480947591148,0.0647823775212862,0.0722413110494068,0.0806947884865679,0.0866929012958351,0.086257173545376,0.076854657329155,0.0726806578808208,0.0809553771750272,0.0947581557449472,0.122704272654677,0.152804193319201,0.242629588494144,0.240381098261738,1,0.978755657160047,0.965805288794686,0.953281176656581,0.947451905240885,0.935217622478714,0.927758688950593,0.919305211513432,0.913307098704165,0.913742826454624,0.923145342670845,0.927319342119179,0.919044622824973,0.905241844255053,0.877295727345323,0.847195806680799,0.757370411505856,0.759618901738262,0,100000,2124.43428399532,98100.9200389422,4817514.69586196,48.1751469586196,2023.5,"Total","GMoH report",29.8671730413804
0,1,0.0220758,0.00904454,0.00962173,0.0105581,0.0132553,0.0151553,0.0168074,0.0188049,0.0180304,0.015969,0.0148719,0.0164895,0.0198013,0.0254832,0.0337456,0.0549363,0.0571549,0.175556,0.10523884489,0.0216481925969838,0.0355353580651312,0.0469786112177203,0.0514329153413366,0.0641506594107807,0.0730102686874044,0.0806482802368672,0.0898026742285011,0.0862635827442215,0.0767797600301946,0.0716939373334275,0.0791832687258622,0.0943365349273573,0.119784752958519,0.155600886787094,0.241512053445724,0.250046100348044,1,0.978351807403016,0.964464641934869,0.95302138878228,0.948567084658663,0.935849340589219,0.926989731312596,0.919351719763133,0.910197325771499,0.913736417255778,0.923220239969805,0.928306062666572,0.920816731274138,0.905663465072643,0.880215247041481,0.844399113212906,0.758487946554276,0.749953899651956,0,100000,2164.81925969839,98063.0038185879,4807787.45561626,48.0778745561626,2023.5,"Total","GMoH report",29.9644454438374
0,1,0.0218128,0.00882804,0.0094005,0.0103761,0.0129078,0.0147371,0.0163943,0.0180417,0.0174786,0.0153526,0.0148787,0.0164085,0.0201549,0.0266736,0.0326925,0.0557045,0.0540687,0.175114,0.10576364824,0.0213954643788682,0.0346995028025578,0.0459232463077109,0.0505687343877969,0.0625214636294107,0.0710671893110117,0.0787441134520814,0.086315312563316,0.0837341123592922,0.073925623674921,0.0717255429116992,0.078809630447025,0.0959403305780797,0.125030468254891,0.151111932839141,0.244476409603153,0.238152068178229,1,0.978604535621132,0.965300497197442,0.954076753692289,0.949431265612203,0.937478536370589,0.928932810688988,0.921255886547919,0.913684687436684,0.916265887640708,0.926074376325079,0.928274457088301,0.921190369552975,0.90405966942192,0.874969531745109,0.848888067160859,0.755523590396847,0.761847931821771,0,100000,2139.54643788682,98086.739798963,4854441.91953107,48.5444191953107,2023.5,"Total","GMoH report",29.4979008046893
0,1,0.0207776,0.00878418,0.00920583,0.0101443,0.0125346,0.0147247,0.0162767,0.0181861,0.0172497,0.01517,0.0145176,0.0158143,0.019439,0.0257838,0.032239,0.0540307,0.0533351,0.171385,0.10782933808,0.0203994519895991,0.0345300830697998,0.0449936404865004,0.0494669802798674,0.0607687209751618,0.0710095154689364,0.0782013502076864,0.0869761094402707,0.0826828635227299,0.0730784979646892,0.070045759215049,0.0760642431008265,0.0926904746578168,0.121112170073169,0.149172101545673,0.238004610701435,0.235300994782888,1,0.979600548010401,0.9654699169302,0.9550063595135,0.950533019720133,0.939231279024838,0.928990484531064,0.921798649792314,0.913023890559729,0.91731713647727,0.926921502035311,0.929954240784951,0.923935756899174,0.907309525342183,0.878887829926831,0.850827898454327,0.761995389298565,0.764699005217112,0,100000,2039.94519895992,98180.0207415634,4895286.73342108,48.9528673342108,2023.5,"Total","GMoH report",29.0894526657893
0,1,0.0212222,0.00847746,0.00917969,0.0104273,0.0128751,0.0145394,0.0160977,0.0181379,0.0170795,0.0161715,0.0140289,0.0164945,0.0193772,0.0261115,0.0327978,0.0536043,0.0531195,0.172878,0.10694216101,0.0208274643153186,0.0333444868923,0.0448687470289642,0.050811922111419,0.0623680139587008,0.0701472525892593,0.0773746165864411,0.0867555894837564,0.0819004530311367,0.0777155571681386,0.0677677331220115,0.0792063280547522,0.0924094109074122,0.122557124133003,0.151561768567215,0.236348288585448,0.234461328634058,1,0.979172535684681,0.9666555131077,0.955131252971036,0.949188077888581,0.937631986041299,0.929852747410741,0.922625383413559,0.913244410516244,0.918099546968863,0.922284442831861,0.932232266877988,0.920793671945248,0.907590589092588,0.877442875866997,0.848438231432785,0.763651711414552,0.765538671365942,0,100000,2082.74643153186,98139.986972692,4885160.65938081,48.8516065938081,2023.5,"Total","GMoH report",29.1907134061919
0,1,0.0214936,0.00835749,0.0092042,0.0104041,0.0126483,0.0143003,0.0167108,0.0179554,0.0169795,0.0160296,0.0148572,0.0158696,0.0189844,0.0255187,0.0321775,0.0533745,0.0540322,0.174071,0.10640059588,0.0210885590446179,0.0328803653507692,0.044985853028879,0.0507017351922167,0.0613030515332306,0.0690335005791693,0.0802033448617123,0.0859201723437477,0.0814404545067563,0.0770599015070082,0.0716256099689242,0.0763200772549857,0.0906210350552431,0.119941614786847,0.148908723846105,0.23545435396124,0.238010431859238,1,0.978911440955382,0.967119634649231,0.955014146971121,0.949298264807783,0.938696948466769,0.930966499420831,0.919796655138288,0.914079827656252,0.918559545493244,0.922940098492992,0.928374390031076,0.923679922745014,0.909378964944757,0.880058385213153,0.851091276153895,0.76454564603876,0.761989568140762,0,100000,2108.85590446179,98115.527620398,4891017.8694562,48.910178694562,2023.5,"Total","GMoH report",29.132141305438
0,1,0.0219201,0.00917315,0.00975706,0.0111017,0.0131358,0.0152774,0.0168373,0.0190717,0.017858,0.0165854,0.0158174,0.0163443,0.0201857,0.0268712,0.0335102,0.0576588,0.0566377,0.173064,0.105549536455,0.0214985891247187,0.0360315542954298,0.0476236333792516,0.0540095066500576,0.0635907127874176,0.0735768428525126,0.0807859565350798,0.0910187922496317,0.0854740127028799,0.0796254501477968,0.0760785864179806,0.078513384235115,0.0960798999109203,0.12589839745572,0.154599361214569,0.251972867122843,0.248064056033919,1,0.978501410875281,0.96396844570457,0.952376366620748,0.945990493349942,0.936409287212582,0.926423157147487,0.91921404346492,0.908981207750368,0.91452598729712,0.920374549852203,0.923921413582019,0.921486615764885,0.90392010008908,0.87410160254428,0.845400638785431,0.748027132877157,0.751935943966081,0,100000,2149.85891247187,98077.0576991832,4775624.61960705,47.7562461960705,2023.5,"Total","GMoH report",30.2860738039295
0,1,0.0208324,0.00834376,0.00897603,0.0104094,0.0126781,0.0144685,0.0155573,0.0175361,0.016784,0.0148728,0.0140796,0.0159915,0.0185682,0.0253929,0.0308368,0.0536326,0.0529872,0.174373,0.10771998742,0.0204522271676223,0.0328272348617007,0.0438951397713944,0.0507269083018079,0.0614430472564452,0.0698171272364486,0.0748743915700675,0.0839980063999257,0.0805405197896272,0.071698120484158,0.0680043160783579,0.0768837824811324,0.0887224590879097,0.119385631495025,0.143148403293312,0.236458314503852,0.233945683233434,1,0.979547772832378,0.967172765138299,0.956104860228606,0.949273091698192,0.938556952743555,0.930182872763551,0.925125608429933,0.916001993600074,0.919459480210373,0.928301879515842,0.931995683921642,0.923116217518868,0.91127754091209,0.880614368504975,0.856851596706688,0.763541685496148,0.766054316766566,0,100000,2045.22271676223,98175.0886485585,4936157.96546436,49.3615796546436,2023.5,"Total","GMoH report",28.6807403453564
0,1,0.0209646,0.00848664,0.00949653,0.0107559,0.0129958,0.0148104,0.0165144,0.0183165,0.0176424,0.0161012,0.0153578,0.0167423,0.0196646,0.0254543,0.0329472,0.0548779,0.055645,0.172997,0.10745618893,0.0205795196506716,0.033379992048562,0.0463814919261953,0.0523712501755909,0.0629342961841258,0.0714080456999149,0.0792980986971879,0.0875724481343672,0.0844856748261192,0.0773907885870072,0.0739497368293072,0.0803484551484215,0.0937157911341581,0.119657034844871,0.152199621570483,0.241286288034657,0.244247166105192,1,0.979420480349328,0.966620007951438,0.953618508073805,0.947628749824409,0.937065703815874,0.928591954300085,0.920701901302812,0.912427551865633,0.915514325173881,0.922609211412993,0.926050263170693,0.919651544851579,0.906284208865842,0.880342965155129,0.847800378429517,0.758713711965343,0.755752833894809,0,100000,2057.95196506716,98163.1877101,4843034.42900006,48.4303442900006,2023.5,"Total","GMoH report",29.6119757099994
0,1,0.0212968,0.00866058,0.00928979,0.0109141,0.0130292,0.0150644,0.0166772,0.0185109,0.0180064,0.0161947,0.015436,0.0163855,0.0189915,0.0252352,0.0330056,0.0543436,0.0567785,0.173928,0.10679330044,0.0208992452680672,0.0340524913489463,0.0453946823349784,0.0531210781036718,0.0630909388488756,0.072588253774595,0.0800485363730005,0.088460778440896,0.0861537048236582,0.0778227113415909,0.0743122887761292,0.0787035091279596,0.0906533903432409,0.118688198907334,0.15244883668941,0.239218071961397,0.248604082722808,1,0.979100754731933,0.965947508651054,0.954605317665022,0.946878921896328,0.936909061151124,0.927411746225405,0.919951463627,0.911539221559104,0.913846295176342,0.922177288658409,0.925687711223871,0.92129649087204,0.909346609656759,0.881311801092666,0.84755116331059,0.760781928038603,0.751395917277192,0,100000,2089.92452680672,98133.2654110815,4831276.01251337,48.3127601251337,2023.5,"Total","GMoH report",29.7295598748663
0,1,0.0213722,0.00863506,0.009643,0.0106226,0.013479,0.014754,0.0167816,0.0182772,0.0176384,0.016182,0.0149542,0.0160763,0.0195014,0.0260195,0.032487,0.0548678,0.0555152,0.178413,0.10664284351,0.0209717855347863,0.0339538528861931,0.0470800184550938,0.0517389934212096,0.0651979907081134,0.0711457876235069,0.0805294667518912,0.0873927625029526,0.0844673286747579,0.0777640551489493,0.0720763881893472,0.0772757304369415,0.0929741831612481,0.122151685544911,0.150233417420639,0.241247237109332,0.243746860697514,1,0.979028214465214,0.966046147113807,0.952919981544906,0.94826100657879,0.934802009291887,0.928854212376493,0.919470533248109,0.912607237497047,0.915532671325242,0.922235944851051,0.927923611810653,0.922724269563059,0.907025816838752,0.877848314455089,0.849766582579361,0.758752762890669,0.756253139302486,0,100000,2097.17855347863,98126.4705308125,4830258.06605188,48.3025806605188,2023.5,"Total","GMoH report",29.7397393394812
0,1,0.0225139,0.00924649,0.0100438,0.0113306,0.013795,0.016228,0.0177127,0.019426,0.0185359,0.0168414,0.0156115,0.0181088,0.0207546,0.0269282,0.033701,0.055784,0.0562047,0.17884,0.104364638245,0.0220688973476419,0.036314398553832,0.0489889128917447,0.0550924244391251,0.0666755277371645,0.0779764936525174,0.0848080510839149,0.0926313580941572,0.088574958563889,0.0808048336849459,0.0751254476837142,0.0866224293772339,0.0986541798948841,0.126148612342778,0.155411216483245,0.244782616327032,0.246401231727775,1,0.977931102652358,0.963685601446168,0.951011087108255,0.944907575560875,0.933324472262835,0.922023506347483,0.915191948916085,0.907368641905843,0.911425041436111,0.919195166315054,0.924874552316286,0.913377570622766,0.901345820105116,0.873851387657222,0.844588783516755,0.755217383672968,0.753598768272225,0,100000,2206.88973476419,98023.4315140511,4705797.71181245,47.0579771181245,2023.5,"Total","GMoH report",30.9843428818755
0,1,0.0222001,0.00890662,0.00955646,0.0111233,0.0127766,0.0151974,0.0165554,0.0180068,0.0178448,0.0163285,0.0147887,0.0162256,0.0195511,0.0257127,0.0328615,0.0553493,0.0548729,0.172618,0.104990810455,0.0217675932997468,0.0350029638050297,0.0466673630297517,0.0541117470111765,0.061905640968989,0.0732056607290893,0.0794871462475339,0.0861555362257265,0.0854135315313245,0.0784404622791858,0.0713071498813733,0.0779654110655375,0.0932000893335758,0.120798369416745,0.151833785171469,0.243106995003616,0.241266956110157,1,0.978232406700253,0.96499703619497,0.953332636970248,0.945888252988824,0.938094359031011,0.926794339270911,0.920512853752466,0.913844463774274,0.914586468468675,0.921559537720814,0.928692850118627,0.922034588934462,0.906799910666424,0.879201630583255,0.848166214828531,0.756893004996384,0.758733043889843,0,100000,2176.75932997468,98051.7803962448,4825112.84388524,48.2511284388524,2023.5,"Total","GMoH report",29.7911915611476
0,1,0.0207646,0.00827422,0.00876031,0.00993719,0.012068,0.0140456,0.0157316,0.0173157,0.0164643,0.0156206,0.0137609,0.0151875,0.0189881,0.0250952,0.0318953,0.0529313,0.0538429,0.171931,0.10785527893,0.0203869315172007,0.0325580943294744,0.0428628210013834,0.0484815246940635,0.0585728569071124,0.0678456672405165,0.0756815214431619,0.0829860942207542,0.0790670412806092,0.0751675927516586,0.0665161932894094,0.0731597169953334,0.0906378963984896,0.118068611454564,0.147699222473595,0.233727719855086,0.23727549775484,1,0.979613068482799,0.967441905670526,0.957137178998617,0.951518475305936,0.941427143092888,0.932154332759483,0.924318478556838,0.917013905779246,0.920932958719391,0.924832407248341,0.933483806710591,0.926840283004667,0.90936210360151,0.881931388545436,0.852300777526405,0.766272280144914,0.76272450224516,0,100000,2038.69315172007,98181.1906668114,4970117.52752511,49.7011752752511,2023.5,"Total","GMoH report",28.3411447247489
0,1,0.0216079,0.00897933,0.00930241,0.0108192,0.0129644,0.0148072,0.0160434,0.0182494,0.0177285,0.0162473,0.0148759,0.0164372,0.0193559,0.0252374,0.0319327,0.0540789,0.0552775,0.176725,0.106172515945,0.0211984782116905,0.0352836725216327,0.0454549485794623,0.052671345448314,0.0627870102120183,0.071393167717436,0.0771236846925104,0.087265636244786,0.0848804905578623,0.078065611476639,0.0717125289755322,0.0789420349574918,0.0923125202244681,0.118697932025734,0.147859608684408,0.23819164466792,0.242829922409959,1,0.978801521788309,0.964716327478367,0.954545051420538,0.947328654551686,0.937212989787982,0.928606832282564,0.92287631530749,0.912734363755214,0.915119509442138,0.921934388523361,0.928287471024468,0.921057965042508,0.907687479775532,0.881302067974266,0.852140391315591,0.76180835533208,0.757170077590041,0,100000,2119.84782116905,98105.221755425,4846860.15127431,48.4686015127431,2023.5,"Total","GMoH report",29.5737184872569
0,1,0.0207016,0.00812502,0.0086331,0.00998523,0.0120327,0.0139491,0.0152527,0.0169006,0.0164501,0.0148688,0.0135221,0.0156519,0.0189954,0.0248199,0.030748,0.053688,0.0535699,0.171475,0.10798099228,0.020326250963896,0.0319803972652242,0.0422535521473909,0.0487101937794198,0.0584065293846823,0.0673952425551837,0.0734622556337382,0.0810773599270426,0.0790015418413875,0.0716795285642111,0.0653996485314812,0.0753125391703971,0.090671162499636,0.116849045913339,0.142765607733524,0.236673661194477,0.236214528345025,1,0.979673749036104,0.968019602734776,0.957746447852609,0.95128980622058,0.941593470615318,0.932604757444816,0.926537744366262,0.918922640072957,0.920998458158612,0.928320471435789,0.934600351468519,0.924687460829603,0.909328837500364,0.883150954086661,0.857234392266476,0.763326338805523,0.763785471654975,0,100000,2032.6250963896,98186.8597784518,4996089.26298124,49.9608926298124,2023.5,"Total","GMoH report",28.0814273701876
0,1,0.021497,0.00885985,0.00934424,0.0107351,0.0132335,0.015081,0.0168457,0.0180388,0.0177067,0.0160594,0.015047,0.0172001,0.0199949,0.0265115,0.0332769,0.0543225,0.0549814,0.17563,0.10639381135,0.0210918290799573,0.0348223582583692,0.0456546792987731,0.0522726204797204,0.064048534303245,0.0726653351996357,0.0808246312724349,0.0863020370357967,0.0847805409872525,0.0771976309152011,0.0725074509633849,0.0824549179158874,0.0952149657055359,0.124317867161847,0.153605696495705,0.239136296353361,0.24168636344255,1,0.978908170920043,0.965177641741631,0.954345320701227,0.94772737952028,0.935951465696755,0.927334664800364,0.919175368727565,0.913697962964203,0.915219459012747,0.922802369084799,0.927492549036615,0.917545082084113,0.904785034294464,0.875682132838153,0.846394303504295,0.760863703646639,0.75831363655745,0,100000,2109.18290799574,98115.2211004202,4822391.47972203,48.2239147972203,2023.5,"Total","GMoH report",29.8184052027797
0,1,0.0211178,0.00839693,0.00904601,0.0106356,0.0128288,0.0141786,0.0161617,0.0179285,0.0170725,0.0157596,0.0144328,0.0162482,0.019103,0.0245335,0.0325,0.0547346,0.05521,0.174405,0.10715048599,0.0207269922000309,0.0330329689441673,0.0442297921448983,0.0518006719339483,0.0621507026641552,0.0684661158253951,0.0776702901780726,0.0857969724486365,0.0818682603144537,0.0758111177709426,0.0696508577506414,0.078069767028422,0.0911613612882752,0.11557862924834,0.15028901734104,0.240732066572458,0.242569363590431,1,0.979273007799969,0.966967031055833,0.955770207855102,0.948199328066052,0.937849297335845,0.931533884174605,0.922329709821927,0.914203027551364,0.918131739685546,0.924188882229057,0.930349142249359,0.921930232971578,0.908838638711725,0.88442137075166,0.84971098265896,0.759267933427542,0.757430636409569,0,100000,2072.69922000308,98149.3915087314,4897985.86840468,48.9798586840468,2023.5,"Total","GMoH report",29.0624613159532
0,1,0.0220939,0.00862176,0.00966504,0.0110008,0.0130934,0.0149824,0.0166617,0.018799,0.017939,0.0160252,0.0148952,0.0169544,0.0199737,0.0258413,0.0332841,0.0540048,0.0554277,0.176491,0.105202727245,0.0216655809654392,0.0339024425537751,0.0471850856494857,0.0535317692812277,0.0633919593002454,0.0722073996391172,0.0799771133271909,0.089775763552444,0.0858450635140535,0.0770395639494915,0.0718022286109842,0.0813249602354598,0.0951188133923624,0.121365870337142,0.153636378533161,0.237904092643954,0.243409436887567,1,0.978334419034561,0.966097557446225,0.952814914350514,0.946468230718772,0.936608040699755,0.927792600360883,0.920022886672809,0.910224236447556,0.914154936485946,0.922960436050508,0.928197771389016,0.91867503976454,0.904881186607638,0.878634129662858,0.846363621466839,0.762095907356046,0.756590563112433,0,100000,2166.55809654391,98061.3697239472,4812329.24755243,48.1232924755243,2023.5,"Total","GMoH report",29.9190275244757
0,1,0.0223164,0.00925451,0.00952848,0.0111702,0.0134613,0.0155633,0.0172907,0.0192011,0.0186952,0.0168184,0.0155559,0.0167536,0.0203938,0.0258927,0.0327942,0.0555545,0.0553068,0.173439,0.10475873962,0.0218792833791133,0.0363453236771531,0.0465339065063314,0.0543337041449015,0.0651151631361871,0.0749021869833068,0.0828712453931995,0.0916080611429693,0.0893021940542906,0.0806989326766765,0.0748679058581529,0.080400505238587,0.0970223633174419,0.121592598323474,0.151546393181794,0.243898370008418,0.242943000192398,1,0.978120716620887,0.963654676322847,0.953466093493669,0.945666295855098,0.934884836863813,0.925097813016693,0.917128754606801,0.908391938857031,0.910697805945709,0.919301067323324,0.925132094141847,0.919599494761413,0.902977636682558,0.878407401676526,0.848453606818206,0.756101629991582,0.757056999807602,0,100000,2187.92833791133,98041.2762771471,4757029.11207457,47.5702911207457,2023.5,"Total","GMoH report",30.4720288792543
0,1,0.0207946,0.00823669,0.0089435,0.01007,0.0121019,0.0138152,0.0156693,0.0177473,0.0165419,0.0150041,0.0142201,0.01521,0.018732,0.0243296,0.0319692,0.053325,0.0534716,0.171941,0.10779541543,0.0204158244444222,0.032412811440276,0.0437395385915169,0.0491135659765406,0.0587325610486144,0.066769901153945,0.0753931069722975,0.0849666772232879,0.0794249029929522,0.0723082012924691,0.0686596328859947,0.0732641314033862,0.0894701145362666,0.114673122025897,0.148016108555888,0.235261677604368,0.235832188829466,1,0.979584175555578,0.967587188559724,0.956260461408483,0.950886434023459,0.941267438951386,0.933230098846055,0.924606893027702,0.915033322776712,0.920575097007048,0.927691798707531,0.931340367114005,0.926735868596614,0.910529885463733,0.885326877974103,0.851983891444112,0.764738322395632,0.764167811170534,0,100000,2041.58244444222,98178.490783291,4967205.39812164,49.6720539812164,2023.5,"Total","GMoH report",28.3702660187836
0,1,0.0202895,0.00870675,0.00892015,0.0102706,0.0122946,0.0143342,0.0159799,0.0177942,0.0176899,0.0156113,0.0144909,0.0151711,0.0195699,0.0250066,0.0333569,0.0535194,0.0535801,0.17629,0.108803317225,0.0199291425381234,0.0342309198767266,0.0436278329644553,0.0500674432923051,0.0596398788633176,0.0691914884168384,0.076830154533909,0.0851816516361405,0.0847035085119367,0.075124521397758,0.069921438564755,0.0730836033625655,0.0932855288236835,0.117676290203493,0.153946550752971,0.236018128441694,0.236254191927732,1,0.980070857461877,0.965769080123273,0.956372167035545,0.949932556707695,0.940360121136682,0.930808511583162,0.923169845466091,0.91481834836386,0.915296491488063,0.924875478602242,0.930078561435245,0.926916396637435,0.906714471176317,0.882323709796507,0.846053449247029,0.763981871558306,0.763745808072268,0,100000,1992.91425381234,98223.9214279474,4913332.41267466,49.1333241267466,2023.5,"Total","GMoH report",28.9089958732534
0,1,0.0218945,0.00921267,0.00968663,0.010946,0.0134779,0.0155398,0.0169767,0.0193008,0.0186146,0.0170085,0.0159745,0.0169458,0.0201813,0.0264642,0.0337781,0.0570008,0.0576806,0.175695,0.105600619975,0.0214739872082434,0.0361839779045561,0.0472879966817565,0.0532722060806043,0.0651928434385489,0.0747933170300414,0.081427571372693,0.0920618324601336,0.0889343085501557,0.0815738767914803,0.0768051887796007,0.0812853852946834,0.0960599626875351,0.124109831493476,0.155739074886445,0.249456018457736,0.252056128225667,1,0.978526012791757,0.963816022095444,0.952712003318243,0.946727793919396,0.934807156561451,0.925206682969959,0.918572428627307,0.907938167539866,0.911065691449844,0.91842612320852,0.923194811220399,0.918714614705317,0.903940037312465,0.875890168506524,0.844260925113555,0.750543981542264,0.747943871774333,0,100000,2147.39872082435,98079.3679154282,4751735.37885222,47.5173537885223,2023.5,"Total","GMoH report",30.5249662114778
0,1,0.0214765,0.009142,0.00979392,0.0109467,0.0135055,0.0156893,0.017187,0.018873,0.0182942,0.0160779,0.0153989,0.0174101,0.0198539,0.0260519,0.0339227,0.0561894,0.0564705,0.173845,0.106434718075,0.0210721123661535,0.0359113960348979,0.047799245044924,0.0532755221054215,0.0653219848345427,0.0754857053092298,0.0823947054917819,0.0901132324117334,0.0874704932557038,0.0772831241457429,0.0741403022492356,0.0834196393426992,0.0945752796389411,0.122294490413022,0.156353654694719,0.246342418302573,0.247422341640917,1,0.978927887633847,0.964088603965102,0.952200754955076,0.946724477894579,0.934678015165457,0.92451429469077,0.917605294508218,0.909886767588267,0.912529506744296,0.922716875854257,0.925859697750764,0.916580360657301,0.905424720361059,0.877705509586978,0.843646345305281,0.753657581697426,0.752577658359083,0,100000,2107.21123661535,98117.0691972783,4768084.58807243,47.6808458807243,2023.5,"Total","GMoH report",30.3614741192757
0,1,0.0208583,0.00833209,0.00876144,0.0102173,0.0122128,0.0143993,0.0160106,0.017746,0.0169632,0.0148657,0.014465,0.0163523,0.0189301,0.0253204,0.0315394,0.0521407,0.0546751,0.173982,0.107668305265,0.0204771682515644,0.0327820736243506,0.0428682314065632,0.0498140863391183,0.059254831485097,0.0694948085095704,0.0769720771538033,0.084960717756723,0.0813654538338155,0.0716651195796616,0.0698008275728952,0.0785503046338401,0.0903735491911419,0.119065062479956,0.146171589430768,0.230639267820835,0.240501844064036,1,0.979522831748436,0.967217926375649,0.957131768593437,0.950185913660882,0.940745168514903,0.93050519149043,0.923027922846197,0.915039282243277,0.918634546166184,0.928334880420338,0.930199172427105,0.92144969536616,0.909626450808858,0.880934937520044,0.853828410569232,0.769360732179165,0.759498155935964,0,100000,2047.71682515644,98172.7573750708,4937121.95682201,49.3712195682201,2023.5,"Total","GMoH report",28.6711004317799
0,1,0.0221885,0.00918674,0.0103238,0.0118266,0.0141671,0.0163945,0.0181195,0.0199864,0.0186765,0.016925,0.0159031,0.0174998,0.0215701,0.0277085,0.0347546,0.0562874,0.0569181,0.176344,0.105013957675,0.0217564517268882,0.0360839718646248,0.0503202592684119,0.0574348524354668,0.0684124837535381,0.0787450362576835,0.0866713941827635,0.0951764152363029,0.0892168535850471,0.0811896624093062,0.0764750250719459,0.0838314174042718,0.102332209993071,0.129567216924611,0.159881459563625,0.246719063467455,0.249139178334148,1,0.978243548273112,0.963916028135375,0.949679740731588,0.942565147564533,0.931587516246462,0.921254963742317,0.913328605817237,0.904823584763697,0.910783146414953,0.918810337590694,0.923524974928054,0.916168582595728,0.897667790006929,0.870432783075389,0.840118540436375,0.753280936532545,0.750860821665852,0,100000,2175.6451726888,98052.8279373918,4668014.84602644,46.6801484602644,2023.5,"Total","GMoH report",31.3621715397356
0,1,0.0219709,0.00857525,0.00965197,0.0107214,0.012765,0.0149155,0.0162213,0.0187341,0.0181007,0.0160749,0.0149576,0.0164209,0.0199668,0.0258868,0.0324714,0.0546593,0.0530838,0.174782,0.105448167595,0.0215474049574328,0.0337226398649954,0.0471227808327151,0.0522076521944072,0.061851174397054,0.0718965668913309,0.0779455544442343,0.0894796960648774,0.0865853608951145,0.0772692608950936,0.0720921848400897,0.0788668388162074,0.0950875164417759,0.121566575907025,0.150166693103868,0.240440699222473,0.234322215890305,1,0.978452595042567,0.966277360135005,0.952877219167285,0.947792347805593,0.938148825602946,0.928103433108669,0.922054445555766,0.910520303935123,0.913414639104886,0.922730739104906,0.92790781515991,0.921133161183793,0.904912483558224,0.878433424092975,0.849833306896132,0.759559300777527,0.765677784109694,0,100000,2154.74049574327,98072.4729411756,4835354.35881159,48.3535435881159,2023.5,"Total","GMoH report",29.6887764118841
0,1,0.0213342,0.00848167,0.00905857,0.0100622,0.0123924,0.013841,0.015365,0.0174445,0.016485,0.014828,0.0141422,0.0159716,0.019417,0.0251395,0.032491,0.0525667,0.0536083,0.172705,0.10671867061,0.0209352280935974,0.0333607699172322,0.0442898433835526,0.0490764571813739,0.0601000406409041,0.0668904241000771,0.0739831232771177,0.0835775773785497,0.0791625148564774,0.0714898705005448,0.0682963484522949,0.0767917809773552,0.0925904290956256,0.118264710759645,0.15025052544446,0.23230476303272,0.2363638407851,1,0.979064771906403,0.966639230082768,0.955710156616447,0.950923542818626,0.939899959359096,0.933109575899923,0.926016876722882,0.91642242262145,0.920837485143523,0.928510129499455,0.931703651547705,0.923208219022645,0.907409570904374,0.881735289240355,0.84974947455554,0.76769523696728,0.7636361592149,0,100000,2093.52280935974,98129.8951617468,4951974.21606915,49.5197421606915,2023.5,"Total","GMoH report",28.5225778393085
0,1,0.0217345,0.00862885,0.00908555,0.0101223,0.0122165,0.0146874,0.0161949,0.0177808,0.017255,0.0155008,0.0139819,0.0161849,0.0189331,0.0255552,0.0314872,0.0523099,0.0542354,0.172044,0.105919891975,0.0213201977284844,0.0339298488475437,0.0444188263310694,0.0493623487432895,0.0592722513533544,0.0708360080388264,0.0778236350325292,0.0851202353004255,0.0827072174090185,0.074612612057546,0.0675483638294331,0.077777449398092,0.0903872241176455,0.120102867971065,0.145947318947121,0.231301149941666,0.238798649334684,1,0.978679802271516,0.966070151152456,0.955581173668931,0.950637651256711,0.940727748646646,0.929163991961174,0.922176364967471,0.914879764699575,0.917292782590982,0.925387387942454,0.932451636170567,0.922222550601908,0.909612775882354,0.879897132028935,0.854052681052879,0.768698850058334,0.761201350665316,0,100000,2132.01977284843,98093.8035311802,4912323.36370107,49.1232336370107,2023.5,"Total","GMoH report",28.9190863629893
0,1,0.0215046,0.0085149,0.00914983,0.0104882,0.0128756,0.0148358,0.0165474,0.0182051,0.0179906,0.0163718,0.0149429,0.0166974,0.0193458,0.0258583,0.0325136,0.0539935,0.0565276,0.17393,0.10637864593,0.0210991384933841,0.0334892841881329,0.0447260603774417,0.0511011035152777,0.06237036046693,0.0715261315440953,0.0794502618429499,0.0870630224260775,0.0860813616382761,0.0786402921619572,0.0720238856960801,0.0801416087549382,0.092266573314911,0.121440864249916,0.150347179834345,0.23786023368176,0.24764154456379,1,0.978900861506616,0.966510715811867,0.955273939622558,0.948898896484722,0.93762963953307,0.928473868455905,0.92054973815705,0.912936977573922,0.913918638361724,0.921359707838043,0.92797611430392,0.919858391245062,0.907733426685089,0.878559135750084,0.849652820165655,0.76213976631824,0.75235845543621,0,100000,2109.91384933841,98114.5359289832,4852976.78199842,48.5297678199842,2023.5,"Total","GMoH report",29.5125521800158
0,1,0.021772,0.00913657,0.00960538,0.0107904,0.0133032,0.0149954,0.017252,0.0188174,0.0176441,0.0160191,0.0150609,0.0170095,0.0201706,0.026396,0.0334532,0.0545848,0.0557681,0.173338,0.1058450626,0.0213562463914245,0.0358904488043355,0.0469006535021586,0.0525348206774063,0.064375015726953,0.0722677889923599,0.0826934322663522,0.0898596858678746,0.0844934718340329,0.0770113679876717,0.0725720008798709,0.081578477228936,0.0960114772428152,0.123809791836696,0.154356687180992,0.240152332414106,0.244721383528158,1,0.978643753608575,0.964109551195664,0.953099346497841,0.947465179322594,0.935624984273047,0.92773221100764,0.917306567733648,0.910140314132125,0.915506528165967,0.922988632012328,0.927427999120129,0.918421522771064,0.903988522757185,0.876190208163304,0.845643312819008,0.759847667585894,0.755278616471842,0,100000,2135.62463914245,98090.4206844777,4798053.1271861,47.980531271861,2023.5,"Total","GMoH report",30.061788728139
0,1,0.0218948,0.00969401,0.0105958,0.0119706,0.0145383,0.0169712,0.0185644,0.0203344,0.0193486,0.0170587,0.0164707,0.0177204,0.0215402,0.0273286,0.0350828,0.0567491,0.0579279,0.179981,0.10560002134,0.0214742755189826,0.038038547873066,0.0516118284697505,0.0581138556974697,0.0701421316196839,0.0814022647127667,0.0887051072666476,0.0967534420214001,0.0922793112937542,0.0818047915077662,0.0790965606944258,0.084843354550077,0.102197607725194,0.127904380844156,0.161269533063592,0.248491348970365,0.25300009018887,1,0.978525724481017,0.961961452126934,0.948388171530249,0.94188614430253,0.929857868380316,0.918597735287233,0.911294892733352,0.9032465579786,0.907720688706246,0.918195208492234,0.920903439305574,0.915156645449923,0.897802392274806,0.872095619155844,0.838730466936408,0.751508651029635,0.74699990981113,0,100000,2147.42755189825,98079.3408434083,4617351.93278989,46.1735193278989,2023.5,"Total","GMoH report",31.8688006721012
0,1,0.0221515,0.00866659,0.00979781,0.0110692,0.0133653,0.0157139,0.0175561,0.0194391,0.0186561,0.0160166,0.015217,0.0171652,0.0197171,0.027229,0.0320597,0.0548131,0.057247,0.175145,0.105087789325,0.0217209122842276,0.0340757194216353,0.0478177762833823,0.0538556525276036,0.0646658052816722,0.0755995890442922,0.0840897785950199,0.0926909293864115,0.0891237461964605,0.0769998120267316,0.0732966135779604,0.0822944962810896,0.0939542372707712,0.127467938740114,0.148404028424776,0.241035713351265,0.250398581073249,1,0.978279087715772,0.965924280578365,0.952182223716618,0.946144347472396,0.935334194718328,0.924400410955708,0.91591022140498,0.907309070613588,0.91087625380354,0.923000187973268,0.92670338642204,0.91770550371891,0.906045762729229,0.872532061259886,0.851595971575224,0.758964286648735,0.749601418926751,0,100000,2172.09122842275,98056.1690369844,4763663.57281436,47.6366357281436,2023.5,"Total","GMoH report",30.4056842718564
0,1,0.0213982,0.00855017,0.00912991,0.0102096,0.012212,0.0142874,0.0163276,0.0179587,0.017228,0.0158884,0.014474,0.0159451,0.0195155,0.0250414,0.031901,0.0531246,0.0551278,0.175658,0.10659096181,0.0209967969822945,0.0336256696168246,0.0446308606476608,0.0497774796104235,0.0592510649859781,0.0689733745221313,0.0784363083302668,0.0859352849934695,0.0825831439884188,0.0764070361183433,0.0698427404372771,0.0766692527451339,0.0930382786810023,0.117830404285324,0.147723668155434,0.234481200093749,0.242251956483432,1,0.979003203017705,0.966374330383175,0.955369139352339,0.950222520389576,0.940748935014022,0.931026625477869,0.921563691669733,0.914064715006531,0.917416856011581,0.923592963881657,0.930157259562723,0.923330747254866,0.906961721318998,0.882169595714676,0.852276331844566,0.765518799906251,0.757748043516568,0,100000,2099.67969822945,98124.1271802978,4904615.20258828,49.0461520258828,2023.5,"Total","GMoH report",28.9961679741172
0,1,0.021085,0.00863528,0.00929277,0.0104206,0.0131346,0.0147862,0.0159498,0.017978,0.0172268,0.0155576,0.0146119,0.016745,0.0190419,0.0257994,0.0325194,0.0524737,0.0542803,0.178646,0.10721593675,0.0206954220903289,0.0339547032600649,0.0454089135266181,0.050780102168361,0.0635850882496891,0.0712955252609658,0.0766909853064,0.086023666317366,0.0825776292414581,0.0748757813597922,0.0704847111238245,0.0803608921522754,0.0908830358014318,0.121181006830916,0.150371983314506,0.231941436596204,0.238972722347854,1,0.979304577909671,0.966045296739935,0.954591086473382,0.949219897831639,0.936414911750311,0.928704474739034,0.9233090146936,0.913976333682634,0.917422370758542,0.925124218640208,0.929515288876176,0.919639107847725,0.909116964198568,0.878818993169084,0.849628016685494,0.768058563403796,0.761027277652146,0,100000,2069.54220903289,98152.3456975522,4874996.55637429,48.7499655637429,2023.5,"Total","GMoH report",29.2923544362571
0,1,0.0210675,0.00895932,0.00960479,0.0109968,0.0133126,0.0152027,0.0168753,0.0183887,0.0182492,0.0170036,0.0149398,0.0163941,0.0201438,0.0269101,0.033031,0.0548242,0.0544667,0.17623,0.107250857125,0.0206785774686625,0.0352064286788186,0.0468978402327766,0.0535128254039934,0.06441903779367,0.073230255968952,0.0809609012575223,0.087902469641269,0.0872647216061621,0.0815513343290082,0.0720094818573682,0.0787431906455927,0.0958900262243546,0.126069165381658,0.15255720722073,0.241078640934233,0.239695009557356,1,0.979321422531337,0.964793571321181,0.953102159767223,0.946487174596007,0.93558096220633,0.926769744031048,0.919039098742478,0.912097530358731,0.912735278393838,0.918448665670992,0.927990518142632,0.921256809354407,0.904109973775645,0.873930834618342,0.84744279277927,0.758921359065767,0.760304990442644,0,100000,2067.85774686626,98153.9217688977,4796346.80884886,47.9634680884886,2023.5,"Total","GMoH report",30.0788519115114
0,1,0.0213822,0.00836757,0.00873572,0.01035,0.0123146,0.0139864,0.0156618,0.0170562,0.0161893,0.0145727,0.0134598,0.0156209,0.0185935,0.0255297,0.0316615,0.0542359,0.053333,0.172655,0.10662288901,0.0209814054702367,0.0329193697387109,0.0427450774304727,0.0504447422931644,0.0597339992326248,0.0675693694285609,0.0753583802985985,0.0817932930861596,0.0777977713506811,0.0703022654410192,0.0651081435244732,0.0751689821180792,0.088837977656127,0.119990214549067,0.146695964314631,0.238800587976424,0.23529282006825,1,0.979018594529763,0.967080630261289,0.957254922569527,0.949555257706836,0.940266000767375,0.932430630571439,0.924641619701401,0.91820670691384,0.922202228649319,0.929697734558981,0.934891856475527,0.924831017881921,0.911162022343873,0.880009785450933,0.853304035685369,0.761199412023576,0.76470717993175,0,100000,2098.14054702366,98125.569259649,4968245.3051923,49.682453051923,2023.5,"Total","GMoH report",28.359866948077
0,1,0.0217937,0.00858282,0.00914669,0.0105427,0.0127715,0.0147828,0.016298,0.0179464,0.017609,0.0153134,0.0146431,0.0167975,0.0195916,0.0251209,0.0330698,0.0532686,0.054059,0.174108,0.105801761335,0.0213771053616559,0.0337519069165569,0.0447110546097782,0.0513598220112061,0.0618816948360049,0.0712797155523325,0.0782996795564716,0.0858789548133445,0.0843324736775309,0.0737438281548344,0.0706298983390776,0.0806026907551029,0.0933841382906617,0.118182380588675,0.15272272506649,0.235042092039907,0.238114430063053,1,0.978622894638344,0.966248093083443,0.955288945390222,0.948640177988794,0.938118305163995,0.928720284447668,0.921700320443528,0.914121045186655,0.915667526322469,0.926256171845166,0.929370101660922,0.919397309244897,0.906615861709338,0.881817619411325,0.84727727493351,0.764957907960093,0.761885569936946,0,100000,2137.7105361656,98088.4630037851,4873604.74024333,48.7360474024333,2023.5,"Total","GMoH report",29.3062725975667
0,1,0.02155,0.00919307,0.00971023,0.0108382,0.0134331,0.0155751,0.0168779,0.0185585,0.0181853,0.016743,0.0152715,0.017515,0.0191068,0.025426,0.0328439,0.0554962,0.0539064,0.177815,0.1062880525,0.0211428003950264,0.0361083861569444,0.0474004761853274,0.052761403394329,0.0649831859132711,0.0749568489546173,0.0809728699938279,0.0886781656566525,0.0869724497728638,0.0803516795723024,0.0735494730555793,0.0839011772032142,0.0911786685398567,0.119531951502729,0.151758636312075,0.243673602545971,0.237522097066708,1,0.978857199604974,0.963891613843056,0.952599523814673,0.947238596605671,0.935016814086729,0.925043151045383,0.919027130006172,0.911321834343347,0.913027550227136,0.919648320427698,0.926450526944421,0.916098822796786,0.908821331460143,0.880468048497271,0.848241363687925,0.756326397454029,0.762477902933292,0,100000,2114.28003950264,98110.4426683357,4783896.10702194,47.8389610702194,2023.5,"Total","GMoH report",30.2033589297806
0,1,0.0209475,0.00825241,0.00915911,0.0105364,0.0124554,0.014277,0.0162053,0.0180772,0.0167213,0.0151437,0.0147295,0.0162067,0.019203,0.0251688,0.0321558,0.0544064,0.0544916,0.173149,0.107490311125,0.020563056252462,0.0324736679556522,0.0447704072872776,0.0513299186137941,0.060396348308205,0.0689248980754423,0.0778716657380384,0.0864778084047635,0.0802517173948152,0.0729564244862683,0.0710318412362757,0.0778781312266237,0.0916167107582723,0.118394388299424,0.148815774311024,0.239461416036394,0.239791450491054,1,0.979436943747538,0.967526332044348,0.955229592712722,0.948670081386206,0.939603651691795,0.931075101924558,0.922128334261962,0.913522191595237,0.919748282605185,0.927043575513732,0.928968158763724,0.922121868773376,0.908383289241728,0.881605611700576,0.851184225688976,0.760538583963606,0.760208549508946,0,100000,2056.3056252462,98164.7273061796,4910059.76158763,49.1005976158763,2023.5,"Total","GMoH report",28.9417223841237
0,1,0.0211107,0.0084469,0.00896499,0.0103742,0.0129425,0.0145795,0.0159041,0.0179169,0.0174175,0.0156652,0.0142737,0.0161527,0.0193337,0.0252721,0.032009,0.051602,0.0557746,0.174129,0.107164653685,0.0207201585948504,0.0332262818398539,0.043842334768069,0.0505597086756429,0.0626842720233446,0.0703339166553098,0.0764796499962371,0.0857438404620632,0.0834536165829176,0.075374123212624,0.0689095156173322,0.0776287165744689,0.092211525093261,0.118851436527343,0.148186727591323,0.228528660191939,0.244746416320699,1,0.97927984140515,0.966773718160146,0.956157665231931,0.949440291324357,0.937315727976655,0.92966608334469,0.923520350003763,0.914256159537937,0.916546383417082,0.924625876787376,0.931090484382668,0.922371283425531,0.907788474906739,0.881148563472657,0.851813272408677,0.771471339808061,0.755253583679301,0,100000,2072.01585948504,98150.0310025265,4900302.88370463,49.0030288370463,2023.5,"Total","GMoH report",29.0392911629537
0,1,0.0220687,0.00953673,0.0100877,0.0111997,0.0136177,0.0155492,0.0173214,0.0195891,0.0188241,0.0162073,0.0157353,0.0174281,0.0199065,0.0267509,0.0338802,0.0571485,0.0576853,0.174126,0.105253012585,0.0216413715794428,0.037432944235443,0.0491977691601089,0.0544732887694227,0.0658467952411127,0.0748368664889741,0.0830122778271136,0.0933727782728389,0.0898902427057087,0.077880902136988,0.0756986476731709,0.0835022845850579,0.0948139645373434,0.125370092951181,0.156173063440092,0.250021601295859,0.252074077974538,1,0.978358628420557,0.962567055764557,0.950802230839891,0.945526711230577,0.934153204758887,0.925163133511026,0.916987722172886,0.906627221727161,0.910109757294291,0.922119097863012,0.924301352326829,0.916497715414942,0.905186035462657,0.874629907048819,0.843826936559908,0.749978398704141,0.747925922025461,0,100000,2164.13715794428,98063.6447975765,4726976.37432919,47.2697637432919,2023.5,"Total","GMoH report",30.7725562567081
0,1,0.0223839,0.00915481,0.0102042,0.0113045,0.0140741,0.016269,0.0178572,0.019664,0.0190193,0.0173934,0.0165597,0.0175812,0.0202275,0.027003,0.0341974,0.0557139,0.0570455,0.177415,0.104624046745,0.0219440962947828,0.0359608112118198,0.0497518065392797,0.0549690071467733,0.0679786540621594,0.0781658014408952,0.0854703472861064,0.0937130656906477,0.0907800666938253,0.0833429565489057,0.0795069710296027,0.0842049402607206,0.0962692827099607,0.126476863160212,0.157520058848809,0.244512620747359,0.249627225298138,1,0.978055903705217,0.96403918878818,0.95024819346072,0.945030992853227,0.932021345937841,0.921834198559105,0.914529652713894,0.906286934309352,0.909219933306175,0.916657043451094,0.920493028970397,0.915795059739279,0.903730717290039,0.873523136839788,0.842479941151191,0.755487379252641,0.750372774701862,0,100000,2194.40962947828,98035.1783861739,4686092.50730189,46.8609250730189,2023.5,"Total","GMoH report",31.1813949269811
0,1,0.0214821,0.00835431,0.00902981,0.0100827,0.0124982,0.0143801,0.0157973,0.017642,0.0169081,0.0153805,0.0148095,0.0156768,0.0190617,0.0252511,0.0327598,0.054221,0.0536208,0.174392,0.106423543555,0.0210774984724707,0.0328680600740849,0.0441523320757477,0.0491739836867051,0.0605975977592145,0.069405359958164,0.0759855823979617,0.0844838402267971,0.0811118805319446,0.074054992952245,0.0714038612905442,0.0754278323928591,0.0909732385469729,0.118758540542282,0.151399459931352,0.238742814621077,0.236412439641216,1,0.978922501527529,0.967131939925915,0.955847667924252,0.950826016313295,0.939402402240786,0.930594640041836,0.924014417602038,0.915516159773203,0.918888119468055,0.925945007047755,0.928596138709456,0.924572167607141,0.909026761453027,0.881241459457718,0.848600540068648,0.761257185378924,0.763587560358784,0,100000,2107.74984724708,98116.5643604245,4922401.49389482,49.2240149389483,2023.5,"Total","GMoH report",28.8183050610518
0,1,0.0216758,0.00906172,0.00967945,0.0103746,0.0128879,0.0151763,0.0166266,0.0188241,0.0179272,0.0164088,0.0147668,0.0169019,0.0192222,0.0270477,0.0322172,0.055442,0.0562212,0.171963,0.10603702489,0.0212637643272024,0.035601655532064,0.0472537736515708,0.0505616088325155,0.0624280827798538,0.0731077376044827,0.0798153550445411,0.0898902427057087,0.0857910181486154,0.0788110145606913,0.0712053134436025,0.0810833435875442,0.0917041129978326,0.126672968851021,0.149078750220954,0.243464590441813,0.246464653549638,1,0.978736235672798,0.964398344467936,0.952746226348429,0.949438391167485,0.937571917220146,0.926892262395517,0.920184644955459,0.910109757294291,0.914208981851385,0.921188985439309,0.928794686556398,0.918916656412456,0.908295887002167,0.873327031148979,0.850921249779046,0.756535409558187,0.753535346450362,0,100000,2126.37643272025,98099.0981980016,4818210.92090682,48.1821092090683,2023.5,"Total","GMoH report",29.8602107909318
0,1,0.0223286,0.00987524,0.0103809,0.0118284,0.014543,0.016682,0.0182893,0.0207249,0.0194441,0.0172587,0.0161423,0.0176711,0.0213954,0.0283093,0.035265,0.0574687,0.0579616,0.175606,0.10473439513,0.0218909983393357,0.0387359072387983,0.0505915358146541,0.0574433429069001,0.0701640119360356,0.0800706533999549,0.0874480891574324,0.0985199592417753,0.0927136655396988,0.0827242188119744,0.077580673726271,0.0846172981563723,0.10154548435982,0.132190919039115,0.162039217488197,0.251246478720839,0.25312864659395,1,0.978109001660664,0.961264092761202,0.949408464185346,0.9425566570931,0.929835988063964,0.919929346600045,0.912551910842568,0.901480040758225,0.907286334460301,0.917275781188026,0.922419326273729,0.915382701843628,0.89845451564018,0.867809080960885,0.837960782511803,0.748753521279161,0.74687135340605,0,100000,2189.09983393358,98040.1742130526,4620763.26275498,46.2076326275498,2023.5,"Total","GMoH report",31.8346873724502
0,1,0.0208665,0.00819557,0.00890914,0.0100641,0.0121449,0.0143256,0.0155924,0.017674,0.016721,0.0150528,0.0141949,0.0157674,0.0190522,0.0255116,0.0330163,0.0522377,0.0526884,0.171547,0.107651942575,0.0204850643984255,0.0322536066184127,0.0435751570630091,0.0490854966333312,0.0589350978260316,0.0691514113537759,0.0750369833519574,0.0846305970685271,0.0802503353562695,0.072534385986554,0.0685421283555157,0.0758472164965315,0.0909299605156589,0.119910244515073,0.152494490392163,0.231018776187832,0.232779987293688,1,0.979514935601575,0.967746393381587,0.956424842936991,0.950914503366669,0.941064902173968,0.930848588646224,0.924963016648043,0.915369402931473,0.91974966464373,0.927465614013446,0.931457871644484,0.924152783503469,0.909070039484341,0.880089755484927,0.847505509607837,0.768981223812168,0.767220012706312,0,100000,2048.50643984255,98172.0192577839,4952082.34776631,49.5208234776631,2023.5,"Total","GMoH report",28.5214965223369
0,1,0.022037,0.00936375,0.010164,0.011313,0.0136703,0.0158281,0.0174278,0.0196058,0.018934,0.0167819,0.01516,0.0180477,0.020182,0.0265306,0.0335119,0.0574568,0.0566142,0.175829,0.10531626835,0.021610916037303,0.0367664561916705,0.0495606635394623,0.0550092022377119,0.0660927313370092,0.0761280923535471,0.083500907222758,0.0934486606238522,0.0903913265574052,0.0805308483885697,0.0730320840158011,0.0863427785872282,0.0960631345464584,0.124401860030675,0.154606597881165,0.251200987721682,0.247973891306928,1,0.978389083962697,0.963233543808329,0.950439336460538,0.944990797762288,0.933907268662991,0.923871907646453,0.916499092777242,0.906551339376148,0.909608673442595,0.91946915161143,0.926967915984199,0.913657221412772,0.903936865453542,0.875598139969325,0.845393402118835,0.748799012278318,0.752026108693072,0,100000,2161.0916037303,98066.5064995371,4715617.49078775,47.1561749078775,2023.5,"Total","GMoH report",30.8861450921225
0,1,0.0225643,0.00977523,0.0103134,0.0117592,0.0146572,0.016363,0.017983,0.0204962,0.0191877,0.0178149,0.0157217,0.0186184,0.0214169,0.0281251,0.0354177,0.0574812,0.0573513,0.177352,0.104264067565,0.0221172733176399,0.0383511376180439,0.0502708417516952,0.0571168780199689,0.0706955046240606,0.0785996834492978,0.0860465617022702,0.0974857798952761,0.0915470563663962,0.0852765183817044,0.0756356957070078,0.0889516562100472,0.101642340399732,0.131387297778149,0.162683786166708,0.251294260835199,0.250797581640196,1,0.97788272668236,0.961648862381956,0.949729158248305,0.942883121980031,0.929304495375939,0.921400316550702,0.91395343829773,0.902514220104724,0.908452943633604,0.914723481618296,0.924364304292992,0.911048343789953,0.898357659600268,0.868612702221851,0.837316213833292,0.748705739164801,0.749202418359804,0,100000,2211.72733176399,98018.8763561904,4628156.14688742,46.2815614688742,2023.5,"Total","GMoH report",31.7607585311258
0,1,0.0227659,0.00929395,0.010223,0.0116526,0.0139214,0.016151,0.0179224,0.0199559,0.0191218,0.0172499,0.0156295,0.0174803,0.021227,0.0276489,0.0349017,0.0558209,0.0554147,0.178138,0.103861784845,0.0223107300287365,0.0364973901614186,0.0498411839414172,0.0566137563566949,0.0672659108710011,0.0776208635807676,0.0857690327199499,0.09503807423589,0.0912469835737487,0.0826837825485398,0.0752088097692777,0.0837419154867906,0.100786511785807,0.129306540949831,0.160503856388697,0.244924706172973,0.243359294287163,1,0.977689269971263,0.963502609838581,0.950158816058583,0.943386243643305,0.932734089128999,0.922379136419232,0.91423096728005,0.90496192576411,0.908753016426251,0.91731621745146,0.924791190230722,0.916258084513209,0.899213488214193,0.870693459050169,0.839496143611303,0.755075293827027,0.756640705712837,0,100000,2231.07300287366,98000.6502213243,4675596.82746881,46.7559682746881,2023.5,"Total","GMoH report",31.2863517253119
0,1,0.0218454,0.0091061,0.00990544,0.0112501,0.0137318,0.0160337,0.0175118,0.0200354,0.0184401,0.0169472,0.0153529,0.0177113,0.0206148,0.0259675,0.0329362,0.0553464,0.0558339,0.173401,0.10569859657,0.0214267981040735,0.0357728968480244,0.0483303661449333,0.0547117192190348,0.066380200893429,0.0770788520256893,0.0838864913518612,0.0953986259253387,0.0881373463011791,0.0812918278381531,0.0739270148348549,0.0848016321320491,0.0980222284142165,0.121922447135051,0.152152672841864,0.243095805742617,0.244974759446369,1,0.978573201895926,0.964227103151976,0.951669633855067,0.945288280780965,0.933619799106571,0.922921147974311,0.916113508648139,0.904601374074661,0.911862653698821,0.918708172161847,0.926072985165145,0.915198367867951,0.901977771585784,0.878077552864949,0.847847327158135,0.756904194257383,0.755025240553632,0,100000,2142.67981040735,98083.7984384516,4727279.40027831,47.2727940027832,2023.5,"Total","GMoH report",30.7695259972169
0,1,0.0208858,0.00844385,0.00919479,0.0101662,0.0125087,0.0142026,0.0157178,0.0177609,0.0167465,0.0154146,0.0143995,0.0162156,0.0191159,0.0252275,0.0314289,0.0534994,0.0555807,0.175262,0.10761343039,0.0205036487419713,0.033214483762563,0.044940894775322,0.049571125070764,0.0606469633246523,0.0685780340345522,0.0756176425450149,0.0850290201883422,0.080367801529227,0.0742130873589903,0.0694957402216943,0.0779192322440581,0.0912201135771752,0.118654132199822,0.145696776456097,0.235940334209924,0.243999361693768,1,0.979496351258029,0.966785516237437,0.955059105224678,0.950428874929236,0.939353036675348,0.931421965965448,0.924382357454985,0.914970979811658,0.919632198470773,0.92578691264101,0.930504259778306,0.922080767755942,0.908779886422825,0.881345867800178,0.854303223543903,0.764059665790076,0.756000638306232,0,100000,2050.36487419713,98170.2819234664,4923489.76455411,49.2348976455411,2023.5,"Total","GMoH report",28.8074223544589
0,1,0.0220634,0.00936015,0.00995716,0.0112088,0.013819,0.0159327,0.0173261,0.0198465,0.018976,0.0167846,0.0161421,0.0176694,0.0205398,0.0270182,0.034231,0.0573837,0.0563619,0.178597,0.10526358847,0.0216362797730459,0.0367525806641921,0.0485765878561555,0.0545163430354603,0.0667876535393493,0.0766119134177236,0.0830338672802875,0.0945416955958904,0.0905827541434354,0.0805432830291714,0.0775797498018105,0.0846095021564903,0.0976830254829626,0.126543552476218,0.157662626574335,0.250921491080683,0.247005282430457,1,0.978363720226954,0.963247419335808,0.951423412143845,0.94548365696454,0.933212346460651,0.923388086582276,0.916966132719713,0.90545830440411,0.909417245856565,0.919456716970829,0.92242025019819,0.91539049784351,0.902316974517037,0.873456447523782,0.842337373425665,0.749078508919317,0.752994717569543,0,100000,2163.62797730458,98064.1232677006,4706884.89581274,47.0688489581274,2023.5,"Total","GMoH report",30.9734710418726
0,1,0.0208738,0.00828935,0.00895845,0.0100444,0.0124566,0.0143708,0.0157442,0.017655,0.0172824,0.0155156,0.0143986,0.0157542,0.0185148,0.0242157,0.0327375,0.0524674,0.0551484,0.17371,0.10763737579,0.0204920937905773,0.0326166582085578,0.0438110521985791,0.0489917677207639,0.0604019913852754,0.0693620303361144,0.0757398419508919,0.084543462905987,0.0828331125396135,0.0746811912717597,0.0694915475100543,0.075786125552069,0.0884785914381045,0.114166920271928,0.15130419711719,0.231916818758655,0.242331512095835,1,0.979507906209423,0.967383341791442,0.956188947801421,0.951008232279236,0.939598008614725,0.930637969663886,0.924260158049108,0.915456537094013,0.917166887460387,0.92531880872824,0.930508452489946,0.924213874447931,0.911521408561896,0.885833079728072,0.84869580288281,0.768083181241345,0.757668487904165,0,100000,2049.20937905772,98171.3621409483,4935049.57030348,49.3504957030348,2023.5,"Total","GMoH report",28.6918242969652
0,1,0.0211955,0.00816014,0.0091386,0.00974544,0.0119686,0.0141872,0.0155651,0.0170402,0.0167675,0.0150169,0.0137218,0.0154025,0.0188058,0.0255153,0.0313867,0.0529691,0.0549987,0.172644,0.106995439525,0.0208017707775326,0.0321164111769963,0.0446723921917903,0.0475682657993705,0.058104428347209,0.0685062213414611,0.0749105254507657,0.0817196999234127,0.0804645275843246,0.0723676553894552,0.0663334636946857,0.0741569923146827,0.089806779180231,0.119926592533805,0.145515380979525,0.233875114218608,0.241753218196008,1,0.979198229222467,0.967883588823004,0.95532760780821,0.95243173420063,0.941895571652791,0.931493778658539,0.925089474549234,0.918280300076587,0.919535472415675,0.927632344610545,0.933666536305314,0.925843007685317,0.910193220819769,0.880073407466194,0.854484619020475,0.766124885781392,0.758246781803992,0,100000,2080.17707775325,98142.3923829708,4970773.25230145,49.7077325230145,2023.5,"Total","GMoH report",28.3345874769855
0,1,0.0213302,0.00824351,0.00909815,0.0103678,0.0122667,0.014407,0.0160421,0.0178305,0.0166857,0.0161924,0.0144844,0.0161313,0.0192794,0.0240849,0.0308892,0.0525549,0.0545064,0.17384,0.10672665241,0.0209313797865689,0.0324392140295112,0.0444790571651326,0.0505293056618965,0.0595085656930332,0.0695306787771442,0.0771176763120848,0.0853480059497811,0.0800877015937912,0.0778120888319921,0.0698911708136663,0.0775298565620995,0.0919644513896938,0.11358527502394,0.143374213138784,0.232258671820811,0.23984876780613,1,0.979068620213431,0.967560785970489,0.955520942834867,0.949470694338103,0.940491434306967,0.930469321222856,0.922882323687915,0.914651994050219,0.919912298406209,0.922187911168008,0.930108829186334,0.9224701434379,0.908035548610306,0.88641472497606,0.856625786861216,0.767741328179189,0.76015123219387,0,100000,2093.13797865689,98130.2556308374,4920805.31448713,49.2080531448713,2023.5,"Total","GMoH report",28.8342668551287
0,1,0.0219503,0.00865799,0.00930249,0.0106209,0.0128561,0.0150464,0.0165752,0.0187562,0.0181446,0.0159055,0.014732,0.016581,0.0194025,0.0262415,0.0334223,0.0541002,0.0550302,0.174392,0.105489273865,0.0215276101370413,0.0340424810784944,0.0454553306040234,0.051730927480798,0.0622788424344463,0.0725046645387118,0.0795784290567465,0.0895805244196981,0.0867862457149991,0.0764861248528812,0.0710434690354253,0.0796051668222987,0.0925244842365031,0.12312972810015,0.154225105630236,0.238274283957594,0.241874934894431,1,0.978472389862959,0.965957518921506,0.954544669395977,0.948269072519202,0.937721157565554,0.927495335461288,0.920421570943253,0.910419475580302,0.913213754285001,0.923513875147119,0.928956530964575,0.920394833177701,0.907475515763497,0.87687027189985,0.845774894369764,0.761725716042406,0.758125065105569,0,100000,2152.76101370413,98074.3321824364,4835310.03715685,48.3531003715685,2023.5,"Total","GMoH report",29.6892196284315
0,1,0.020712,0.00837313,0.00884176,0.0100591,0.0125525,0.014327,0.0161666,0.0178704,0.0170904,0.0149303,0.0142469,0.0163181,0.0190043,0.024758,0.0328657,0.0525995,0.0552506,0.174939,0.1079602396,0.0203362685758187,0.0329408834019217,0.0432527244770691,0.0490617084220299,0.060852861151005,0.0691579356402069,0.0776929239395953,0.0855308248681888,0.0819505795386324,0.0719653397209122,0.0687845823348346,0.0783924599963345,0.0907117182329632,0.116574614250938,0.151851717518852,0.232432868352705,0.242726094155614,1,0.979663731424181,0.967059116598078,0.956747275522931,0.95093829157797,0.939147138848995,0.930842064359793,0.922307076060405,0.914469175131811,0.918049420461368,0.928034660279088,0.931215417665165,0.921607540003665,0.909288281767037,0.883425385749062,0.848148282481148,0.767567131647295,0.757273905844386,0,100000,2033.62685758187,98185.9239852197,4927181.79370468,49.2718179370468,2023.5,"Total","GMoH report",28.7705020629532
0,1,0.0212353,0.00865606,0.00908178,0.0108089,0.0129153,0.0150419,0.0162624,0.0187874,0.0176875,0.0155658,0.0148459,0.0165723,0.0193542,0.0251742,0.0325467,0.0547326,0.0551835,0.175872,0.106916020615,0.0208400700261803,0.0340350216214862,0.0444008041619453,0.0526225210797527,0.0625566550815627,0.0724837660968688,0.0781353300226011,0.0897228522157066,0.0846925033667515,0.0749137681686029,0.0715730829206701,0.079565059894765,0.0923047867411367,0.11841828596373,0.15048872179582,0.240724328979273,0.242467049003314,1,0.97915992997382,0.965964978378514,0.955599195838055,0.947377478920247,0.937443344918437,0.927516233903131,0.921864669977399,0.910277147784293,0.915307496633249,0.925086231831397,0.92842691707933,0.920434940105235,0.907695213258863,0.88158171403627,0.84951127820418,0.759275671020727,0.757532950996686,0,100000,2084.00700261803,98138.8067330357,4851958.67864065,48.5195867864065,2023.5,"Total","GMoH report",29.5227332135935
0,1,0.021203,0.00810375,0.00892682,0.0100321,0.0119861,0.0141844,0.0151317,0.0174936,0.0168489,0.0148282,0.013962,0.0150123,0.0190676,0.0243085,0.0329831,0.0525278,0.0530297,0.172241,0.10698047365,0.0208089881965007,0.0318980129550313,0.0436597433252238,0.0489332420559268,0.0581869145585251,0.0684931639144304,0.0729007204219769,0.0838029612909036,0.0808393640957191,0.0714908002879264,0.067455466926916,0.0723462894955162,0.091000115494493,0.114579368549063,0.152352828551507,0.232152809175481,0.234111361793719,1,0.979191011803499,0.968101987044969,0.956340256674776,0.951066757944073,0.941813085441475,0.93150683608557,0.927099279578023,0.916197038709096,0.919160635904281,0.928509199712074,0.932544533073084,0.927653710504484,0.908999884505507,0.885420631450937,0.847647171448493,0.767847190824519,0.765888638206281,0,100000,2080.89881965007,98141.7167216938,4974013.05890676,49.7401305890676,2023.5,"Total","GMoH report",28.3021894109324
0,1,0.0211593,0.00860056,0.00905316,0.0106486,0.0127362,0.0144935,0.0157628,0.0179323,0.0170979,0.0154714,0.014362,0.0158977,0.0189566,0.0247955,0.0322894,0.0545926,0.0548986,0.173085,0.107067674815,0.0207669332401811,0.0338204896982418,0.0442639778164774,0.0518623465415443,0.0617159338095374,0.069933545399385,0.0758259276683724,0.085814377113231,0.0819850687332638,0.0744763658822244,0.0693210284726881,0.076450050096454,0.0904943375996464,0.11674087884641,0.149387886910944,0.240182528268168,0.241366317680468,1,0.979233066759819,0.966179510301758,0.955736022183523,0.948137653458456,0.938284066190463,0.930066454600615,0.924174072331628,0.914185622886769,0.918014931266736,0.925523634117776,0.930678971527312,0.923549949903546,0.909505662400354,0.88325912115359,0.850612113089056,0.759817471731832,0.758633682319532,0,100000,2076.69332401811,98145.6534014883,4901412.39275219,49.0141239275219,2023.5,"Total","GMoH report",29.0281960724781
0,1,0.0212985,0.00836357,0.00891283,0.0103979,0.0125135,0.014169,0.0161676,0.017605,0.0170724,0.0152594,0.0146618,0.0161812,0.0188441,0.0251543,0.0325925,0.0535861,0.0529534,0.173198,0.106789908175,0.0209008809071501,0.0329038919921032,0.0435928117002345,0.0506722865784645,0.0606695296032736,0.0684213449099281,0.0776975430091146,0.0843141245914201,0.0818678004106721,0.0734933393440341,0.0707169071276881,0.0777603601508189,0.0899814513323692,0.118330215641709,0.150684535677341,0.236277522613678,0.23381389785351,1,0.97909911909285,0.967096108007897,0.956407188299765,0.949327713421536,0.939330470396726,0.931578655090072,0.922302456990885,0.91568587540858,0.918132199589328,0.926506660655966,0.929283092872312,0.922239639849181,0.910018548667631,0.881669784358291,0.849315464322659,0.763722477386322,0.76618610214649,0,100000,2090.088090715,98133.1122245701,4919588.74844241,49.1958874844241,2023.5,"Total","GMoH report",28.8464325155759
0,1,0.0213852,0.00865888,0.00936607,0.0104852,0.0128999,0.0146066,0.016826,0.0184338,0.0174012,0.0156779,0.0144619,0.016394,0.0192479,0.0259259,0.0320247,0.0545229,0.0554357,0.173148,0.10661690266,0.0209842914148102,0.0340459209126556,0.045758897409353,0.0510868601352741,0.0624843939172666,0.0704600457397446,0.0807339273461828,0.0881085610196882,0.0833787732282514,0.0754329253491706,0.0697863904981375,0.078742729242016,0.091821092007855,0.121739016105853,0.148254023438938,0.239912664466411,0.243440292449626,1,0.97901570858519,0.965954079087344,0.954241102590647,0.948913139864726,0.937515606082733,0.929539954260255,0.919266072653817,0.911891438980312,0.916621226771749,0.924567074650829,0.930213609501862,0.921257270757984,0.908178907992145,0.878260983894147,0.851745976561062,0.760087335533589,0.756559707550374,0,100000,2098.42914148101,98125.2988740352,4860609.6222862,48.606096222862,2023.5,"Total","GMoH report",29.436223777138
0,1,0.0223141,0.0095641,0.0100104,0.0115901,0.0142225,0.0161101,0.0177167,0.0197124,0.0186181,0.017381,0.016132,0.0179709,0.0207099,0.0277033,0.0353322,0.0568312,0.0558733,0.174099,0.104763329155,0.0218770747901045,0.037538358765855,0.0488299808980455,0.0563186529510792,0.0686708230479996,0.0774319104487009,0.0848263907093013,0.0939328930953672,0.0889502866694011,0.0832860144568153,0.0775330904616804,0.0859911539296157,0.0984521638307061,0.12954447627596,0.162322934071957,0.248806123574747,0.245126441930247,1,0.978122925209896,0.962461641234145,0.951170019101955,0.943681347048921,0.931329176952,0.922568089551299,0.915173609290699,0.906067106904633,0.911049713330599,0.916713985543185,0.92246690953832,0.914008846070384,0.901547836169294,0.87045552372404,0.837677065928043,0.751193876425253,0.754873558069753,0,100000,2187.70747901045,98041.484039708,4678548.71871097,46.7854871871097,2023.5,"Total","GMoH report",31.2568328128903
0,1,0.021401,0.00814396,0.00917633,0.0104183,0.012467,0.0144971,0.0155355,0.0177734,0.0168782,0.015566,0.0142115,0.0162967,0.0201592,0.0257155,0.0324748,0.0550287,0.055272,0.170957,0.10658537455,0.0209994904482284,0.0320537510669221,0.0448526922366208,0.0507691786647915,0.0604508966777948,0.0699503084581291,0.0747733948122363,0.0850863171278976,0.0809742509922562,0.074914694657407,0.0686195337406132,0.0782936785230342,0.0959598171359808,0.120810729231141,0.150181235993404,0.241869139243305,0.242808694582579,1,0.979000509551772,0.967946248933078,0.955147307763379,0.949230821335209,0.939549103322205,0.930049691541871,0.925226605187764,0.914913682872102,0.919025749007744,0.925085305342593,0.931380466259387,0.921706321476966,0.904040182864019,0.879189270768859,0.849818764006596,0.758130860756695,0.757191305417421,0,100000,2099.94904482283,98123.8748106555,4911837.70776261,49.1183770776261,2023.5,"Total","GMoH report",28.9239429223739
0,1,0.0221046,0.009635,0.0101637,0.0117062,0.0141662,0.0165281,0.0182068,0.0202817,0.019062,0.0178159,0.0159843,0.0174336,0.021041,0.0276625,0.0341233,0.0553295,0.0555401,0.179554,0.10518137593,0.0216758599915579,0.0378113748074602,0.0495592369583169,0.056866765669305,0.0684082863352924,0.0793612723847443,0.0870707984662134,0.0965147899611142,0.0909746051896855,0.08528110107825,0.0768504965211427,0.0835275358763645,0.0999475110499927,0.129366030456259,0.157205568095516,0.243030596524056,0.243842858180871,1,0.978324140008442,0.96218862519254,0.950440763041683,0.943133234330695,0.931591713664708,0.920638727615256,0.912929201533787,0.903485210038886,0.909025394810314,0.91471889892175,0.923149503478857,0.916472464123635,0.900052488950007,0.870633969543741,0.842794431904484,0.756969403475944,0.756157141819129,0,100000,2167.5859991558,98060.403678682,4654015.00330292,46.5401500330291,2023.5,"Total","GMoH report",31.5021699669709
0,1,0.0222813,0.00972672,0.0102478,0.0113968,0.0137535,0.0165201,0.0174717,0.0200607,0.0190345,0.017466,0.0162859,0.0177503,0.0204772,0.0274172,0.0337587,0.0571253,0.0596241,0.177432,0.104828779915,0.0218455773225034,0.0381644501587046,0.0499590735160554,0.0554053896384221,0.0664816128443626,0.0793243831450151,0.0837024401893589,0.0955133389055439,0.0908493214759167,0.0836762754332089,0.0782438223346022,0.0849804296968787,0.0973998114523213,0.128292450561185,0.155656589712206,0.249932786481081,0.259447230900207,1,0.978154422677497,0.961835549841295,0.950040926483945,0.944594610361578,0.933518387155637,0.920675616854985,0.916297559810641,0.904486661094456,0.909150678524083,0.916323724566791,0.921756177665398,0.915019570303121,0.902600188547679,0.871707549438815,0.844343410287794,0.750067213518919,0.740552769099793,0,100000,2184.55773225034,98044.4467894753,4671699.34264609,46.7169934264609,2023.5,"Total","GMoH report",31.3253265735391
0,1,0.0214711,0.00894438,0.0095539,0.0104594,0.0129167,0.0151944,0.0158946,0.0182747,0.0181332,0.0166587,0.0149094,0.0159959,0.0196751,0.0255885,0.0334491,0.0540334,0.053827,0.176843,0.106445493505,0.0210669185658337,0.0351487524039464,0.0466551533265829,0.0509643584724823,0.0625632240110415,0.0731917386168985,0.0764357123174958,0.0873813309769871,0.0867340837800012,0.0799632888980837,0.0718682199053577,0.0769041233339079,0.0937634851340954,0.120249959761601,0.154339229219763,0.238015088757787,0.237213740037503,1,0.978933081434166,0.964851247596054,0.953344846673417,0.949035641527518,0.937436775988959,0.926808261383101,0.923564287682504,0.912618669023013,0.913265916219999,0.920036711101916,0.928131780094642,0.923095876666092,0.906236514865905,0.879750040238399,0.845660770780237,0.761984911242213,0.762786259962497,0,100000,2106.69185658336,98117.5559977536,4837188.40679507,48.3718840679507,2023.5,"Total","GMoH report",29.6704359320493
0,1,0.0207422,0.00865469,0.00896302,0.0103698,0.0126294,0.014335,0.0158358,0.0179569,0.0170155,0.0156887,0.0140315,0.0157055,0.0197574,0.0258038,0.0321145,0.054069,0.0540789,0.174479,0.10789997701,0.0203653570484559,0.0340297265321588,0.0438329118363807,0.0505388067055617,0.0612142518201563,0.0691952164311487,0.0761637165438858,0.085927041759569,0.0816060793903344,0.0754829274887674,0.0677798669907966,0.0755607034306739,0.0941372326014979,0.121200421414745,0.148638844565503,0.238153232218011,0.23819164466792,1,0.979634642951544,0.965970273467841,0.956167088163619,0.949461193294438,0.938785748179844,0.930804783568851,0.923836283456114,0.914072958240431,0.918393920609666,0.924517072511233,0.932220133009203,0.924439296569326,0.905862767398502,0.878799578585254,0.851361155434497,0.761846767781989,0.76180835533208,0,100000,2036.53570484561,98183.2064508873,4909104.78616448,49.0910478616448,2023.5,"Total","GMoH report",28.9512721383552
0,1,0.0232004,0.00948936,0.0103227,0.011723,0.014693,0.0162281,0.0182423,0.0206413,0.0195525,0.0178487,0.0165742,0.0182137,0.0218248,0.0281913,0.034838,0.0576831,0.0558877,0.181049,0.103958176084,0.0227279199824361,0.0372504736899707,0.0503150325341493,0.0569460535359939,0.07086205940298,0.0779769554242013,0.0872331660379641,0.0981420511965896,0.0932064521126677,0.0854314013660926,0.0795738190219173,0.0871023593918611,0.103478031637779,0.131676192393447,0.160234386139206,0.252065676010322,0.245181872641003,1,0.977272080017564,0.962749526310029,0.949684967465851,0.943053946464006,0.92913794059702,0.922023044575799,0.912766833962036,0.90185794880341,0.906793547887332,0.914568598633907,0.920426180978083,0.912897640608139,0.896521968362221,0.868323807606553,0.839765613860794,0.747934323989678,0.754818127358997,0,100000,2272.7919982436,97963.4833125121,4619585.73590912,46.1958573590912,2023.5,"Total","GMoH report",31.8464626409088
0,1,0.0210705,0.00832522,0.0086321,0.0102012,0.0120713,0.0144695,0.0157198,0.0174397,0.0169315,0.0155713,0.0138569,0.0157859,0.0183593,0.0255987,0.0318835,0.0535596,0.0544727,0.172087,0.107244870775,0.0206814651582723,0.0327554867334735,0.0422487611717239,0.0497375434299071,0.0585884044824282,0.0698217842326154,0.0756269006191189,0.083555541075753,0.0812195768369624,0.0749392462857757,0.0669646923852182,0.0759328298530566,0.0877680979005367,0.120295010299609,0.147648613572873,0.236174474093372,0.239718249302983,1,0.979318534841728,0.967244513266526,0.957751238828276,0.950262456570093,0.941411595517572,0.930178215767385,0.924373099380881,0.916444458924247,0.918780423163038,0.925060753714224,0.933035307614782,0.924067170146943,0.912231902099463,0.879704989700391,0.852351386427127,0.763825525906628,0.760281750697017,0,100000,2068.14651582723,98153.6515900064,4949531.74718636,49.4953174718636,2023.5,"Total","GMoH report",28.5470025281364
0,1,0.021246,0.00836927,0.0090241,0.0103438,0.012414,0.0143228,0.016228,0.0175596,0.0166943,0.0155142,0.0139381,0.015731,0.0191927,0.0253566,0.0315984,0.0523138,0.054276,0.171629,0.1068946693,0.0208503660584726,0.032925947707264,0.0441250283296265,0.0504152859139093,0.06020164203931,0.0691383626486402,0.0779764936525174,0.0841058378253069,0.0801273259557426,0.0746747042580013,0.067343885474664,0.0756787441879485,0.0915698197988658,0.119225139565249,0.146425009916626,0.23131640025133,0.238956053148306,1,0.979149633941527,0.967074052292736,0.955874971670373,0.949584714086091,0.93979835796069,0.93086163735136,0.922023506347483,0.915894162174693,0.919872674044257,0.925325295741999,0.932656114525336,0.924321255812051,0.908430180201134,0.880774860434751,0.853574990083374,0.76868359974867,0.761043946851694,0,100000,2085.03660584726,98137.8426926132,4928057.87255082,49.2805787255082,2023.5,"Total","GMoH report",28.7617412744918
0,1,0.0215071,0.00848129,0.00933806,0.0106508,0.012675,0.0148759,0.0166048,0.0187887,0.0175807,0.0156124,0.0149935,0.0169764,0.0203181,0.0258538,0.0324913,0.0542895,0.0549687,0.172752,0.106373657305,0.0211015428823383,0.0333593002015866,0.045625173481303,0.0518727833965014,0.0614284848852002,0.0717125289755322,0.0797148760647981,0.0897287820803188,0.0842026463387796,0.0751296159594853,0.072258963092193,0.0814261910266384,0.0966796338297114,0.121421013502756,0.15025180853349,0.239008385621944,0.241637281861368,1,0.978898457117662,0.966640699798413,0.954374826518697,0.948127216603499,0.9385715151148,0.928287471024468,0.920285123935202,0.910271217919681,0.915797353661221,0.924870384040515,0.927741036907807,0.918573808973362,0.903320366170289,0.878578986497244,0.84974819146651,0.760991614378056,0.758362718138632,0,100000,2110.15428823384,98114.3105408834,4847874.57671233,48.4787457671233,2023.5,"Total","GMoH report",29.5635742328767
0,1,0.0220748,0.00941235,0.00989885,0.0110116,0.0138819,0.0161543,0.0177577,0.0195977,0.0189292,0.0172678,0.0157788,0.0174624,0.0201849,0.0268517,0.0330133,0.0551319,0.0560266,0.17739,0.10524084034,0.0216472318959414,0.036953756617797,0.0482989888846968,0.0535829159079695,0.0670814548787951,0.0776361075687551,0.0850143516205686,0.0934118561660371,0.090369446674999,0.082766031790615,0.0758999737360346,0.0836597499559242,0.0960762749922713,0.125812782284808,0.152481690516204,0.242267790941483,0.245716368299568,1,0.978352768104059,0.963046243382203,0.951701011115303,0.946417084092031,0.932918545121205,0.922363892431245,0.914985648379431,0.906588143833963,0.909630553325001,0.917233968209385,0.924100026263965,0.916340250044076,0.903923725007729,0.874187217715192,0.847518309483796,0.757732209058517,0.754283631700432,0,100000,2164.72318959414,98063.0940979822,4711773.89530502,47.1177389530502,2023.5,"Total","GMoH report",30.9245810469498
0,1,0.0223829,0.00854338,0.00941503,0.0107351,0.013131,0.014968,0.0170153,0.0187677,0.0175347,0.0159828,0.0153251,0.0162747,0.0203733,0.0267551,0.031751,0.0542888,0.0548976,0.174808,0.104626042195,0.0219431361651306,0.0335994148621107,0.0459925958262939,0.0522726204797204,0.0635682144404559,0.0721405024001851,0.0816051593310845,0.0896329874534258,0.0839915820170156,0.0768435618011129,0.0737980921451653,0.0781921168881991,0.0969295623675433,0.125388542515368,0.147080145732147,0.23900567216273,0.241362451681433,1,0.978056863834869,0.966400585137889,0.954007404173706,0.94772737952028,0.936431785559544,0.927859497599815,0.918394840668916,0.910367012546574,0.916008417982984,0.923156438198887,0.926201907854835,0.921807883111801,0.903070437632457,0.874611457484632,0.852919854267853,0.76099432783727,0.758637548318567,0,100000,2194.31361651307,98035.2687325173,4822500.77627897,48.2250077627897,2023.5,"Total","GMoH report",29.8173122372103
0,1,0.0229919,0.00992543,0.0106446,0.0123391,0.0150389,0.0166379,0.0184091,0.0212124,0.0192294,0.0178466,0.0167294,0.0180039,0.0214766,0.0281872,0.0351894,0.0566844,0.0559208,0.176069,0.103410813145,0.0225275113718145,0.0389289469246513,0.0518433701551171,0.0598492842420231,0.0724698335505419,0.0798674340476467,0.0879956960783119,0.100720681537391,0.0917368867736852,0.0854217791888219,0.0802890316833897,0.0861422584813204,0.10191123303168,0.131658302723669,0.161719931597599,0.248243206906126,0.245309273014085,1,0.977472488628185,0.961071053075349,0.948156629844883,0.940150715757977,0.927530166449458,0.920132565952353,0.912004303921688,0.899279318462609,0.908263113226315,0.914578220811178,0.91971096831661,0.91385774151868,0.89808876696832,0.868341697276331,0.838280068402401,0.751756793093874,0.754690726985915,0,100000,2252.75113718145,97980.2076897278,4584918.81363583,45.8491881363583,2023.5,"Total","GMoH report",32.1931318636417
0,1,0.0216944,0.00916269,0.00979448,0.0107668,0.013348,0.0156971,0.0163066,0.0189619,0.0184049,0.0167429,0.0152391,0.0169655,0.0198026,0.0263359,0.0338612,0.0549505,0.0569911,0.177958,0.10599990952,0.0212816468108613,0.0359912074468771,0.0478019128027298,0.0524229319409456,0.0645848050553045,0.0755218162455307,0.0783393777566822,0.0905184934477336,0.0879765031432471,0.0803512189409826,0.0733991572566264,0.0813760371061874,0.0943424361831013,0.123545307819492,0.156092317082053,0.241566939700033,0.249418861767767,1,0.978718353189139,0.964008792553123,0.95219808719727,0.947577068059054,0.935415194944695,0.924478183754469,0.921660622243318,0.909481506552266,0.912023496856753,0.919648781059017,0.926600842743374,0.918623962893813,0.905657563816899,0.876454692180508,0.843907682917947,0.758433060299967,0.750581138232232,0,100000,2128.16468108613,98097.4205825527,4777784.03609058,47.7778403609058,2023.5,"Total","GMoH report",30.2644796390942
0,1,0.0223575,0.00925247,0.00964662,0.0111315,0.0136663,0.0157701,0.0172117,0.0193061,0.0184202,0.0165093,0.0154665,0.0172591,0.0196794,0.0263647,0.0344571,0.0548047,0.0565601,0.17554,0.104676726625,0.0219187482498685,0.0363374575286792,0.0470972761840437,0.0541505576682886,0.0660740311695683,0.0758597118936643,0.08250823263106,0.0920859486661415,0.0880464184090539,0.0792745804235344,0.0744536563116401,0.0827260567834231,0.093783016273851,0.123672058216827,0.158621415094839,0.241003226219958,0.247766285314902,1,0.978081251750131,0.963662542471321,0.952902723815956,0.945849442331711,0.933925968830432,0.924140288106336,0.91749176736894,0.907914051333858,0.911953581590946,0.920725419576466,0.92554634368836,0.917273943216577,0.906216983726149,0.876327941783173,0.841378584905161,0.758996773780042,0.752233714685098,0,100000,2191.87482498685,98037.5634568645,4748710.89187262,47.4871089187262,2023.5,"Total","GMoH report",30.5552110812738
0,1,0.0211246,0.00839881,0.00892267,0.00998809,0.0123003,0.0144969,0.0157752,0.0176562,0.0163223,0.0152383,0.0140374,0.0158779,0.0190197,0.0257415,0.0314293,0.0529578,0.0527743,0.174487,0.10713691693,0.020733536974009,0.0330402425607566,0.0436398891751343,0.0487238056110362,0.0596667040989298,0.0699493771847269,0.0758833138676862,0.0845489663507928,0.0784118458223352,0.0733954454586679,0.0678074009739217,0.0763584696373623,0.0907818892524623,0.12092549117246,0.145698495674726,0.233831054460261,0.233115262946682,1,0.979266463025991,0.966959757439243,0.956360110824866,0.951276194388964,0.94033329590107,0.930050622815273,0.924116686132314,0.915451033649207,0.921588154177665,0.926604554541332,0.932192599026078,0.923641530362638,0.909218110747538,0.87907450882754,0.854301504325274,0.766168945539739,0.766884737053318,0,100000,2073.35369740089,98148.7790254441,4943651.60797714,49.4365160797714,2023.5,"Total","GMoH report",28.6058039202286
0,1,0.0211743,0.00876145,0.00923058,0.0105172,0.012669,0.01537,0.0163085,0.0180025,0.0177584,0.0166596,0.0146923,0.0160016,0.0192741,0.0262978,0.0318087,0.0549783,0.0547983,0.173437,0.107037743065,0.0207813689776748,0.0344422715203756,0.0451118780028609,0.0512387787892931,0.0614002990290039,0.0740063076293425,0.0783481480680793,0.0861358484698058,0.0850175603889712,0.0799674362477188,0.0708588030209387,0.0769304733443333,0.0919403321120957,0.123377601291867,0.147327740270171,0.2416743831519,0.240978473314434,1,0.979218631022325,0.965557728479624,0.954888121997139,0.948761221210707,0.938599700970996,0.925993692370658,0.921651851931921,0.913864151530194,0.914982439611029,0.920032563752281,0.929141196979061,0.923069526655667,0.908059667887904,0.876622398708133,0.852672259729829,0.7583256168481,0.759021526685566,0,100000,2078.13689776749,98144.3021855496,4854498.37386628,48.5449837386628,2023.5,"Total","GMoH report",29.4973362613372
0,1,0.0213127,0.00830657,0.00892433,0.0100211,0.012241,0.0143268,0.0160508,0.0176908,0.016633,0.0152182,0.0146601,0.0160283,0.0189682,0.025065,0.0332519,0.0532972,0.0564057,0.171846,0.106761572785,0.0209145430954803,0.0326833076346033,0.043647830883528,0.0488808990561705,0.0593875912391053,0.0691570036019876,0.0771578855274404,0.0847076354087761,0.0798448514639983,0.0733021818407767,0.0707089975620997,0.0770538927279707,0.0905472062080129,0.117934904073495,0.153499153725581,0.235153448995493,0.2471735125131,1,0.97908545690452,0.967316692365397,0.956352169116472,0.951119100943829,0.940612408760895,0.930842996398012,0.92284211447256,0.915292364591224,0.920155148536002,0.926697818159223,0.9292910024379,0.922946107272029,0.909452793791987,0.882065095926505,0.846500846274419,0.764846551004507,0.7528264874869,0,100000,2091.45430954802,98131.8326419473,4932347.30094009,49.3234730094009,2023.5,"Total","GMoH report",28.7188469905991
0,1,0.0212993,0.00849996,0.00923206,0.0103237,0.0124937,0.0146362,0.0160499,0.0175064,0.0169304,0.0151676,0.0149851,0.0157225,0.0189777,0.0257215,0.0314924,0.0551195,0.0519458,0.174945,0.106788311815,0.0209016506178108,0.0334315070545925,0.0451189479142959,0.0503197841119097,0.0605764403189673,0.070597791509762,0.0771537260314208,0.0838617084672235,0.0812145144609268,0.0730673588208714,0.0722199423545568,0.0756393988778572,0.0905905015947149,0.120837214000233,0.145969662501588,0.242219900487674,0.229876237371826,1,0.979098349382189,0.966568492945407,0.954881052085704,0.94968021588809,0.939423559681033,0.929402208490238,0.922846273968579,0.916138291532776,0.918785485539073,0.926932641179129,0.927780057645443,0.924360601122143,0.909409498405285,0.879162785999767,0.854030337498413,0.757780099512326,0.770123762628174,0,100000,2090.16506178108,98133.0401365812,4907885.56531507,49.0788556531507,2023.5,"Total","GMoH report",28.9634643468493
0,1,0.0219609,0.0091337,0.00962315,0.0109156,0.0135167,0.0155898,0.0173657,0.018982,0.0185342,0.0165539,0.0150172,0.0175185,0.0202082,0.0269514,0.033694,0.0545752,0.0551462,0.176733,0.105468122095,0.0215377959195245,0.0358793770673597,0.0469853815635176,0.0531281849606099,0.0653743851215682,0.0750249404581152,0.0832157505995342,0.0906100978084977,0.0885671947477649,0.0794802305295905,0.072369048800869,0.0839172395953712,0.0961818450948839,0.126250435061227,0.155381444059637,0.24011516686348,0.242323016208858,1,0.978462204080476,0.96412062293264,0.953014618436482,0.94687181503939,0.934625614878432,0.924975059541885,0.916784249400466,0.909389902191502,0.911432805252235,0.920519769470409,0.927630951199131,0.916082760404629,0.903818154905116,0.873749564938773,0.844618555940364,0.75988483313652,0.757676983791142,0,100000,2153.77959195244,98073.3754970173,4761982.12840362,47.6198212840362,2023.5,"Total","GMoH report",30.4224987159638
0,1,0.0212528,0.00849794,0.00888189,0.0103088,0.0126756,0.0144195,0.0156694,0.0177017,0.0172632,0.0155673,0.0138726,0.0163048,0.0190766,0.0252274,0.0334162,0.0537553,0.0546241,0.175306,0.10688110024,0.020856909221347,0.0334236948924513,0.0434447708114439,0.0502489832048447,0.0614313034257417,0.0695889068926535,0.0753935699861476,0.0847576153029782,0.0827448957875988,0.0749207168128965,0.0670380208788888,0.0783310689667763,0.0910411127703145,0.118653689766934,0.154199127766798,0.236935193925008,0.240304462521894,1,0.979143090778653,0.966576305107549,0.956555229188556,0.949751016795155,0.938568696574258,0.930411093107347,0.924606430013852,0.915242384697022,0.917255104212401,0.925079283187104,0.932961979121111,0.921668931033224,0.908958887229685,0.881346310233066,0.845800872233202,0.763064806074992,0.759695537478106,0,100000,2085.6909221347,98137.2300183836,4913105.18072314,49.1310518072314,2023.5,"Total","GMoH report",28.9112681927686
0,1,0.0216549,0.00940321,0.0101796,0.011787,0.0140868,0.0162268,0.0178401,0.0200483,0.019545,0.0169652,0.0154498,0.0176539,0.0209663,0.0263894,0.0349439,0.0557333,0.0575005,0.176718,0.106078729795,0.0212436698045773,0.0369185345337734,0.0496348428834589,0.0572480432845136,0.0680379089601504,0.0779709523750032,0.0853919956461814,0.0954571176695632,0.0931723653005041,0.0813746566859776,0.0743762543633431,0.0845384180538001,0.0996103488569037,0.123780750647178,0.160682331675418,0.244587349662621,0.251368031291769,1,0.978756330195423,0.963081465466227,0.950365157116541,0.942751956715486,0.93196209103985,0.922029047624997,0.914608004353819,0.904542882330437,0.906827634699496,0.918625343314022,0.925623745636657,0.9154615819462,0.900389651143096,0.876219249352822,0.839317668324582,0.755412650337379,0.748631968708231,0,100000,2124.36698045772,98100.9831704477,4676146.13160554,46.7614613160554,2023.5,"Total","GMoH report",31.2808586839446
0,1,0.0209296,0.00843469,0.00898736,0.010433,0.0126241,0.0144284,0.0156244,0.0176418,0.0172102,0.0157443,0.0142546,0.0160365,0.0194238,0.0252872,0.0319734,0.052998,0.054232,0.173252,0.10752602968,0.0205458220583378,0.0331790499975523,0.0439493288985753,0.0508389919913847,0.0611893488528663,0.0696303631700916,0.0751851912447874,0.0844829229258182,0.0825013386537529,0.0757403047979251,0.0688204790001125,0.077091793628684,0.0926213533900556,0.118918227494267,0.148034115063566,0.233987788025554,0.238785466457669,1,0.979454177941662,0.966820950002448,0.956050671101425,0.949161008008615,0.938810651147134,0.930369636829908,0.924814808755213,0.915517077074182,0.917498661346247,0.924259695202075,0.931179520999888,0.922908206371316,0.907378646609944,0.881081772505733,0.851965884936434,0.766012211974446,0.761214533542331,0,100000,2054.58220583378,98166.3388614107,4915341.14441345,49.1534114441344,2023.5,"Total","GMoH report",28.8889085558656
0,1,0.022027,0.00955779,0.00975115,0.0113998,0.0135131,0.0157488,0.0177973,0.0194042,0.0180528,0.0165942,0.0154988,0.0174393,0.020702,0.0272591,0.0351317,0.0555989,0.0551958,0.174543,0.10533622285,0.021601308224322,0.0375140570414987,0.0475954734965356,0.0554195699657608,0.0653575424817255,0.0757611326839669,0.085195859331786,0.0925322159387054,0.0863661240876751,0.0796660155134181,0.0746033442214514,0.0835537046943113,0.0984164563039872,0.127599856855009,0.161476169169013,0.244069509386436,0.242514539896897,1,0.978398691775678,0.962485942958501,0.952404526503464,0.944580430034239,0.934642457518275,0.924238867316033,0.914804140668214,0.907467784061295,0.913633875912325,0.920333984486582,0.925396655778549,0.916446295305689,0.901583543696013,0.872400143144991,0.838523830830987,0.755930490613564,0.757485460103103,0,100000,2160.1308224322,98067.4091992647,4726907.78347847,47.2690778347847,2023.5,"Total","GMoH report",30.7732421652153
0,1,0.0216669,0.00869217,0.00945445,0.0106318,0.0130942,0.0154791,0.0168301,0.0188227,0.0182778,0.0160224,0.0149065,0.0165982,0.0196088,0.025933,0.0337093,0.0543601,0.0547579,0.172493,0.106054784395,0.0212552074283775,0.0341745775249499,0.0461807168050073,0.0517826432341577,0.0633957097436856,0.0745120512680421,0.080752805519563,0.0898838577756172,0.0873955060488508,0.0770266216434499,0.0718547431770772,0.0796844537494401,0.0934622915439333,0.121770325379813,0.155446516825902,0.23928201441984,0.240822204518052,1,0.978744792571623,0.96582542247505,0.953819283194993,0.948217356765842,0.936604290256314,0.925487948731958,0.919247194480437,0.910116142224383,0.912604493951149,0.92297337835655,0.928145256822923,0.92031554625056,0.906537708456067,0.878229674620187,0.844553483174098,0.76071798558016,0.759177795481948,0,100000,2125.52074283775,98099.900901271,4816075.54654165,48.1607554654165,2023.5,"Total","GMoH report",29.8815645345835
0,1,0.021175,0.00820382,0.00889737,0.0099408,0.0118906,0.0137618,0.0155358,0.0166411,0.0164618,0.0152682,0.0134629,0.0156475,0.0184912,0.0249048,0.0312279,0.0533904,0.0547151,0.170962,0.10703634625,0.0207820426352697,0.0322855503132582,0.043518841904021,0.0484987100576473,0.0577366902764958,0.0665203989348461,0.0747747847477883,0.0798821815706612,0.0790555100131633,0.0735341641859405,0.0651226506658759,0.0752921646346965,0.0883707948936561,0.117225317294603,0.144832465617368,0.235516235015122,0.240656622135487,1,0.97921795736473,0.967714449686742,0.956481158095979,0.951501289942353,0.942263309723504,0.933479601065154,0.925225215252212,0.920117818429339,0.920944489986837,0.92646583581406,0.934877349334124,0.924707835365304,0.911629205106344,0.882774682705397,0.855167534382632,0.764483764984878,0.759343377864513,0,100000,2078.20426352698,98144.2391276021,4989628.93924234,49.8962893924234,2023.5,"Total","GMoH report",28.1460306075766
0,1,0.0216045,0.00879543,0.00953678,0.0108838,0.013601,0.0155282,0.0175986,0.0190953,0.0178529,0.0168619,0.0156032,0.0165565,0.0206342,0.0270449,0.0326134,0.0553092,0.0577851,0.179076,0.106179300475,0.0211952088740526,0.0345735416688,0.0465734970128934,0.0529775084829336,0.0657686997855421,0.0747395724285379,0.0842847653224891,0.0911262903688015,0.0854506454304852,0.0808992138643517,0.0750870060673258,0.0794922177423711,0.0981099492147809,0.126660686030907,0.150773878016724,0.242952261891479,0.252455136700605,1,0.978804791125947,0.9654264583312,0.953426502987107,0.947022491517066,0.934231300214458,0.925260427571462,0.915715234677511,0.908873709631199,0.914549354569515,0.919100786135648,0.924912993932674,0.920507782257629,0.901890050785219,0.873339313969093,0.849226121983277,0.757047738108521,0.747544863299395,0,100000,2119.52088740526,98105.5283577616,4768690.78491591,47.6869078491591,2023.5,"Total","GMoH report",30.3554121508409
0,1,0.0207168,0.00843404,0.00885198,0.0102945,0.0123308,0.0143575,0.0154635,0.0175081,0.0161905,0.0152414,0.0141351,0.0155617,0.0188539,0.0257106,0.0319228,0.0525725,0.0532609,0.171767,0.10795066144,0.020340892021703,0.0331765355443156,0.0433016369396083,0.0501810285051347,0.0598102300386001,0.0693000609377168,0.0744397522285351,0.0838695105556036,0.0778033136268127,0.0734098285960889,0.0682632310084318,0.0748947749515896,0.0900261403797362,0.12078909944925,0.147817156214027,0.232327417154158,0.23501210892005,1,0.979659107978297,0.966823464455684,0.956698363060392,0.949818971494865,0.9401897699614,0.930699939062283,0.925560247771465,0.916130489444396,0.922196686373187,0.926590171403911,0.931736768991568,0.92510522504841,0.909973859620264,0.87921090055075,0.852182843785973,0.767672582845842,0.76498789107995,0,100000,2034.0892021703,98185.4920726319,4951720.27536971,49.5172027536971,2023.5,"Total","GMoH report",28.5251172463029
0,1,0.021201,0.00883735,0.00978495,0.0105001,0.0133167,0.0151099,0.0169149,0.0184464,0.0182381,0.0164208,0.0151053,0.016905,0.0197342,0.02609,0.0328084,0.0556682,0.0561617,0.175676,0.10698446455,0.0208070635616076,0.0347354611449022,0.0477565122877256,0.0511576002052131,0.0644382382807179,0.0727995164653987,0.0811431781401912,0.0881661307159053,0.0872139577910286,0.0788663774720187,0.0727781601439442,0.0810976121658411,0.0940318897054374,0.122462390574761,0.151607039050074,0.24433655892599,0.246235929057613,1,0.979192936438392,0.965264538855098,0.952243487712274,0.948842399794787,0.935561761719282,0.927200483534601,0.918856821859809,0.911833869284095,0.912786042208971,0.921133622527981,0.927221839856056,0.918902387834159,0.905968110294563,0.877537609425239,0.848392960949926,0.75566344107401,0.753764070942387,0,100000,2080.70635616076,98141.8968992389,4806749.55325273,48.0674955325273,2023.5,"Total","GMoH report",29.9748244674727
0,1,0.0219393,0.00918962,0.0103518,0.0114668,0.0140652,0.0163496,0.0183353,0.0199133,0.019198,0.0169437,0.0157938,0.0180975,0.0210286,0.0268118,0.0327992,0.056029,0.0556508,0.17608,0.105511223815,0.0215170397652903,0.0360950798643539,0.0504532939784838,0.0557362100660369,0.0679371268099807,0.0785378441578904,0.0876583926816599,0.0948448167752724,0.0915939484444105,0.0812757213983567,0.0759693867489126,0.0865707161607041,0.0998915513102911,0.125637576093257,0.151567747814691,0.245725600784161,0.244269515163805,1,0.97848296023471,0.963904920135646,0.949546706021516,0.944263789933963,0.932062873190019,0.92146215584211,0.91234160731834,0.905155183224728,0.90840605155559,0.918724278601643,0.924030613251087,0.913429283839296,0.900108448689709,0.874362423906743,0.848432252185309,0.754274399215839,0.755730484836195,0,100000,2151.70397652902,98075.3249433221,4677921.42454396,46.7792142454396,2023.5,"Total","GMoH report",31.2631057545604
0,1,0.0217172,0.0091242,0.00941289,0.0108135,0.013369,0.0151441,0.017384,0.0187397,0.0177929,0.0157649,0.0152053,0.0164722,0.0204176,0.0266318,0.0319394,0.0538984,0.0564043,0.176205,0.10595441326,0.0213035664009755,0.0358427275702078,0.0459823822352051,0.0526443264401,0.0646831281494258,0.0729582812329502,0.0832997910796772,0.0895052463379995,0.085175693507477,0.075835646539667,0.0732423213287499,0.0791034791758009,0.0971300916041574,0.124846764821563,0.147888338040012,0.237491033235632,0.24716813579539,1,0.978696433599024,0.964157272429792,0.954017617764795,0.9473556735599,0.935316871850574,0.92704171876705,0.916700208920323,0.910494753662,0.914824306492523,0.924164353460333,0.92675767867125,0.920896520824199,0.902869908395843,0.875153235178437,0.852111661959988,0.762508966764368,0.75283186420461,0,100000,2130.35664009755,98095.3640477385,4800737.56102965,48.0073756102965,2023.5,"Total","GMoH report",30.0349443897035
0,1,0.0223898,0.009085,0.0094974,0.0109542,0.0132215,0.0150896,0.0169468,0.0188683,0.0178375,0.015739,0.015156,0.0168201,0.0196665,0.0262803,0.0321729,0.0535496,0.054985,0.177374,0.10461227359,0.0219497610219615,0.0356914857047448,0.0463856424973638,0.0533110502338217,0.0639923140494868,0.0727052665255887,0.0812899871158623,0.0900918021249161,0.0853800819696652,0.0757157735983393,0.0730135178101726,0.0807067605424978,0.0937244216538609,0.123300560687416,0.148889021037645,0.236135584729873,0.241700275833269,1,0.978050238978039,0.964308514295255,0.953614357502636,0.946688949766178,0.936007685950513,0.927294733474411,0.918710012884138,0.909908197875084,0.914619918030335,0.924284226401661,0.926986482189827,0.919293239457502,0.906275578346139,0.876699439312584,0.851110978962355,0.763864415270127,0.758299724166731,0,100000,2194.97610219615,98034.6453383303,4803797.59666458,48.0379759666458,2023.5,"Total","GMoH report",30.0043440333542
0,1,0.0210258,0.0084282,0.00889548,0.0100016,0.0122858,0.0141894,0.016237,0.0177293,0.0167373,0.0154917,0.0145205,0.0160016,0.0189783,0.0255065,0.0322311,0.054384,0.0545269,0.174958,0.10733406739,0.0206384368614204,0.0331539438607064,0.0435097986409632,0.0487881022903325,0.0595984630079425,0.0685164806245645,0.0780180522154446,0.0848841582335738,0.0803254232342533,0.0745704426827299,0.0700592612428095,0.0769304733443333,0.0905932359742736,0.119887710293497,0.149138273483791,0.239374625867108,0.239928153867241,1,0.97936156313858,0.966846056139294,0.956490201359037,0.951211897709668,0.940401536992057,0.931483519375435,0.921981947784555,0.915115841766426,0.919674576765747,0.92542955731727,0.929940738757191,0.923069526655667,0.909406764025726,0.880112289706503,0.850861726516209,0.760625374132892,0.760071846132759,0,100000,2063.84368614205,98157.6770511487,4927683.2814266,49.276832814266,2023.5,"Total","GMoH report",28.765487185734
0,1,0.0212405,0.00916151,0.00959025,0.010939,0.0135259,0.015407,0.017069,0.0192286,0.0185189,0.0166939,0.0155214,0.0172525,0.0201801,0.0262762,0.0334883,0.055379,0.0544374,0.174511,0.106905644275,0.020845073731858,0.0359866557862946,0.0468285072703757,0.0532390452110897,0.0654174260910864,0.0741778544896932,0.0818521635508753,0.091733245298627,0.088497317564392,0.0801254829984312,0.0747080655773686,0.0826957298038957,0.0960545251905076,0.12328251025978,0.154506130845977,0.243221580266108,0.239581513317346,1,0.979154926268142,0.964013344213705,0.953171492729624,0.94676095478891,0.934582573908914,0.925822145510307,0.918147836449125,0.908266754701373,0.911502682435608,0.919874517001569,0.925291934422631,0.917304270196104,0.903945474809492,0.87671748974022,0.845493869154023,0.756778419733892,0.760418486682654,0,100000,2084.5073731858,98138.3382305406,4768966.05777691,47.6896605777691,2023.5,"Total","GMoH report",30.3526594222309
0,1,0.0210859,0.00837145,0.00902842,0.0102747,0.0127898,0.0146905,0.015946,0.0175018,0.0162528,0.0153318,0.0147342,0.0158836,0.0190911,0.0251254,0.0318824,0.053354,0.0537662,0.172509,0.107214140845,0.0206962883698606,0.0329343829202053,0.0441456855247369,0.0500869295620715,0.061967616447887,0.0708504294166372,0.076673414337438,0.0838405966153919,0.0780910062346728,0.0738291650193893,0.0710537013827169,0.076384834602759,0.0911071602331808,0.118202299839059,0.147643895653076,0.23537456380665,0.236977544823744,1,0.979303711630139,0.967065617079795,0.955854314475263,0.949913070437928,0.938032383552113,0.929149570583363,0.923326585662562,0.916159403384608,0.921908993765327,0.926170834980611,0.928946298617283,0.923615165397241,0.908892839766819,0.881797700160941,0.852356104346924,0.76462543619335,0.763022455176256,0,100000,2069.62883698606,98152.2646406394,4921058.38435322,49.2105838435322,2023.5,"Total","GMoH report",28.8317361564678
0,1,0.0214698,0.00888407,0.00948968,0.0111702,0.0130847,0.0153161,0.0167625,0.0184734,0.0173872,0.0156301,0.015431,0.016888,0.0203632,0.0266427,0.0319062,0.0541707,0.0562214,0.180324,0.10644808759,0.0210656681984412,0.0349158895856182,0.0463488115256043,0.0543337041449015,0.0633511722898476,0.0737563508855062,0.0804414984553553,0.0882894826767962,0.0833144859257783,0.075211588381111,0.0742891117899242,0.0810193625146322,0.0968838375956792,0.124894671817894,0.147745968916399,0.238547753080505,0.246465422270854,1,0.978934331801559,0.965084110414382,0.953651188474396,0.945666295855098,0.936648827710152,0.926243649114494,0.919558501544645,0.911710517323204,0.916685514074222,0.924788411618889,0.925710888210076,0.918980637485368,0.903116162404321,0.875105328182107,0.852254031083601,0.761452246919495,0.753534577729146,0,100000,2106.56681984411,98117.6731895088,4809681.33865238,48.0968133865238,2023.5,"Total","GMoH report",29.9455066134762
0,1,0.0219424,0.00906476,0.00976936,0.0112334,0.0138075,0.0156533,0.0171945,0.0192628,0.0183643,0.0166509,0.0154724,0.0170936,0.0201291,0.0266537,0.033742,0.0547256,0.0551193,0.179225,0.10550503792,0.0215200187109259,0.0356133863990114,0.0476822376372894,0.054632721953032,0.0667339282154142,0.0753190218867503,0.0824291787164021,0.0918889059558826,0.0877909515701985,0.079927344450714,0.0744810004226514,0.0819652950800492,0.0958234028540275,0.124943015846341,0.155585578523638,0.240697246867122,0.242219128039615,1,0.978479981289074,0.964386613600989,0.952317762362711,0.945367278046968,0.933266071784586,0.92468097811325,0.917570821283598,0.908111094044117,0.912209048429802,0.920072655549286,0.925518999577349,0.918034704919951,0.904176597145973,0.875056984153659,0.844414421476362,0.759302753132878,0.757780871960385,0,100000,2152.00187109259,98075.0451679209,4747964.74665524,47.4796474665524,2023.5,"Total","GMoH report",30.5626725334476
0,1,0.0213451,0.0086535,0.00921311,0.0103907,0.012399,0.0144054,0.0156469,0.0176974,0.0173998,0.0150853,0.0140766,0.0164558,0.0188709,0.024743,0.0323786,0.053613,0.0525158,0.170523,0.106696920205,0.0209457145800985,0.0340251271248502,0.0450284205215224,0.0506380870716612,0.0601310866418202,0.0695232253247665,0.0752893862554972,0.084737898775525,0.0833723446920674,0.0726853010694428,0.067990318699487,0.0790278344064364,0.090103657236633,0.116508100192352,0.149769669451726,0.236382114269212,0.232105928676966,1,0.979054285419902,0.96597487287515,0.954971579478478,0.949361912928339,0.93986891335818,0.930476774675233,0.924710613744503,0.915262101224475,0.916627655307933,0.927314698930557,0.932009681300513,0.920972165593564,0.909896342763367,0.883491899807648,0.850230330548274,0.763617885730788,0.767894071323034,0,100000,2094.57145800984,98128.9128657091,4916190.48318401,49.1619048318401,2023.5,"Total","GMoH report",28.8804151681599
0,1,0.0206869,0.00834263,0.00894542,0.0103106,0.0119837,0.0139124,0.0154666,0.0175908,0.0169303,0.0151235,0.014101,0.0154264,0.0195387,0.02466,0.0308429,0.0529579,0.0529349,0.173138,0.108010325395,0.0203120911143464,0.0328228620133629,0.0437487232403777,0.0502575366076333,0.0581756025784515,0.067223886020327,0.0744541197776187,0.0842489824967408,0.081214054243599,0.0728626541258204,0.0681041581643126,0.0742677884698709,0.0931437314364563,0.11613997080017,0.14317469314221,0.233831444379268,0.233741758473458,1,0.979687908885654,0.967177137986637,0.956251276759622,0.949742463392367,0.941824397421548,0.932776113979673,0.925545880222381,0.915751017503259,0.918785945756401,0.92713734587418,0.931895841835687,0.925732211530129,0.906856268563544,0.88386002919983,0.85682530685779,0.766168555620732,0.766258241526542,0,100000,2031.20911143464,98188.1824456367,4959243.49684765,49.5924349684765,2023.5,"Total","GMoH report",28.4498850315235
0,1,0.0224132,0.00899661,0.00970713,0.0108461,0.0134837,0.0152395,0.0168563,0.0190586,0.0183342,0.0166343,0.0151152,0.0168622,0.0196748,0.0264839,0.0335293,0.057038,0.0563493,0.175164,0.10456558006,0.0219722272699137,0.0353503729622089,0.0473857020745526,0.0527988460885962,0.0652199832786637,0.0734010131502422,0.0808734328832262,0.0909591164576983,0.087653364224106,0.0798508428134698,0.0728241220750288,0.080900594968793,0.0937621224815023,0.124196481977397,0.154680664028936,0.249598501656317,0.246956881494066,1,0.978027772730086,0.964649627037791,0.952614297925447,0.947201153911404,0.934780016721336,0.926598986849758,0.919126567116774,0.909040883542302,0.912346635775894,0.92014915718653,0.927175877924971,0.919099405031207,0.906237877518498,0.875803518022603,0.845319335971064,0.750401498343683,0.753043118505934,0,100000,2197.22272699137,98032.5311419775,4777046.07824183,47.7704607824183,2023.5,"Total","GMoH report",30.2718592175817
0,1,0.0227096,0.00943986,0.0100083,0.0115873,0.0138984,0.0170134,0.0178321,0.019947,0.0194958,0.0175345,0.0163689,0.0170837,0.0212035,0.0267225,0.0344709,0.0557281,0.0572207,0.179057,0.10397412868,0.022256711768245,0.0370597620688731,0.0488199873026961,0.0563054302210005,0.0671585103977208,0.0815964187241945,0.0853553377062222,0.0949977020909781,0.0929487255891478,0.0839906642445115,0.0786269099349159,0.0819197681424616,0.100680549900464,0.125245329224496,0.158679902382415,0.244567319855853,0.250297941453657,1,0.977743288231755,0.962940237931127,0.951180012697304,0.943694569778999,0.932841489602279,0.918403581275806,0.914644662293778,0.905002297909022,0.907051274410852,0.916009335755488,0.921373090065084,0.918080231857538,0.899319450099536,0.874754670775504,0.841320097617585,0.755432680144147,0.749702058546343,0,100000,2225.6711768245,98005.741044514,4662782.17933736,46.6278217933736,2023.5,"Total","GMoH report",31.4144982066264
0,1,0.0220248,0.00893955,0.00969225,0.0107092,0.0131013,0.0154992,0.0165778,0.0185011,0.01792,0.0161598,0.0155299,0.0163135,0.0198091,0.0260991,0.0323986,0.0542941,0.0546283,0.177013,0.10534061284,0.0215991944805945,0.0351301053337277,0.0473147832305834,0.0521497935765744,0.0634289942926832,0.074605197795808,0.0795904150437205,0.0884160161108298,0.0857580398162328,0.0776615136781592,0.0747474489802057,0.0783712274523887,0.0943719419135984,0.122502488270921,0.149855249300067,0.23902621671732,0.240320719145729,1,0.978400805519405,0.964869894666272,0.952685216769417,0.947850206423426,0.936571005707317,0.925394802204192,0.920409584956279,0.91158398388917,0.914241960183767,0.922338486321841,0.925252551019794,0.921628772547611,0.905628058086402,0.877497511729079,0.850144750699933,0.76097378328268,0.759679280854271,0,100000,2159.91944805946,98067.6077902842,4808452.74508485,48.0845274508485,2023.5,"Total","GMoH report",29.9577925491515
0,1,0.0219114,0.0087287,0.00938372,0.0107119,0.0129188,0.0143971,0.0164262,0.0181461,0.0178668,0.0160713,0.0155314,0.0165719,0.0195534,0.0254262,0.0340667,0.0550211,0.0552205,0.173632,0.10556689687,0.0214902284533594,0.0343157364622833,0.0458431517501478,0.0521625986488339,0.0625730773217398,0.0694845596168506,0.0788912897411354,0.0867931089157594,0.085514331361094,0.0772526247304248,0.0747543988252151,0.0795632158578147,0.0932105424482318,0.119532835542334,0.156965277456207,0.241839774023666,0.242609900037454,1,0.978509771546641,0.965684263537717,0.954156848249852,0.947837401351166,0.93742692267826,0.930515440383149,0.921108710258865,0.913206891084241,0.914485668638906,0.922747375269575,0.925245601174785,0.920436784142185,0.906789457551768,0.880467164457666,0.843034722543793,0.758160225976334,0.757390099962546,0,100000,2149.02284533593,98077.8428277489,4843231.37076579,48.4323137076579,2023.5,"Total","GMoH report",29.6100062923421
0,1,0.0218296,0.00926677,0.00955937,0.0109392,0.0131165,0.015857,0.0171696,0.0187757,0.0187473,0.0165428,0.0151933,0.0174079,0.0204711,0.0264961,0.0325779,0.0552985,0.0575261,0.176281,0.10573012468,0.0214116120658884,0.0363925963596643,0.0466812418429103,0.0532399926801824,0.0635002475088746,0.0762617919140474,0.0823147228369469,0.0896694817774766,0.0895399206156076,0.0794290526687774,0.0731866337920193,0.083409537768691,0.0973722094098738,0.124250139684747,0.150622119160503,0.242910969397,0.251465872657319,1,0.978588387934112,0.963607403640336,0.95331875815709,0.946760007319818,0.936499752491125,0.923738208085953,0.917685277163053,0.910330518222523,0.910460079384392,0.920570947331223,0.926813366207981,0.916590462231309,0.902627790590126,0.875749860315253,0.849377880839497,0.757089030603,0.748534127342681,0,100000,2141.16120658883,98085.2240347438,4766067.33855708,47.6606733855708,2023.5,"Total","GMoH report",30.3816466144292
0,1,0.0219051,0.00911398,0.00953681,0.0109501,0.0134567,0.0158976,0.0173164,0.0186932,0.0189607,0.0164216,0.0149941,0.0166068,0.0199239,0.0259891,0.0336926,0.0539652,0.055671,0.175587,0.105579468205,0.0214841740865635,0.0358032988997867,0.0465736401081993,0.0532916283509847,0.0650936361655283,0.0764495875907916,0.082989309789886,0.0892930670954293,0.0905130242526328,0.0788700682193239,0.0722617502272924,0.0797240947579348,0.0948929079768977,0.122017676039129,0.155375489459585,0.237750382628448,0.244347347099113,1,0.978515825913437,0.964196701100213,0.953426359891801,0.946708371649015,0.934906363834472,0.923550412409208,0.917010690210114,0.910706932904571,0.909486975747367,0.921129931780676,0.927738249772708,0.920275905242065,0.905107092023102,0.877982323960871,0.844624510540415,0.762249617371552,0.755652652900887,0,100000,2148.41740865634,98078.411358832,4770737.43204348,47.7073743204348,2023.5,"Total","GMoH report",30.3349456795653
0,1,0.0209859,0.00811158,0.00885378,0.00986474,0.0119572,0.0140866,0.0153539,0.0173107,0.0162219,0.0151686,0.0135596,0.0152086,0.0189809,0.0253935,0.0322564,0.0513662,0.0539843,0.171029,0.107413685845,0.0206000259353043,0.0319283414087906,0.0433102514057715,0.048136563296467,0.0580506907028206,0.0680369758403194,0.0739316520201207,0.0829631255560905,0.077948325160209,0.0730720001464465,0.0655750706790509,0.0732576348370434,0.0906050848618636,0.119388284024086,0.149246604561552,0.227603218849794,0.23782452388772,1,0.979399974064696,0.968071658591209,0.956689748594229,0.951863436703533,0.941949309297179,0.931963024159681,0.926068347979879,0.91703687444391,0.922051674839791,0.926927999853553,0.934424929320949,0.926742365162957,0.909394915138136,0.880611715975914,0.850753395438448,0.772396781150206,0.76217547611228,0,100000,2060.00259353043,98161.2698778909,4985902.99800951,49.8590299800952,2023.5,"Total","GMoH report",28.1832900199049
0,1,0.0215468,0.00884778,0.00934723,0.0109175,0.0134016,0.0153202,0.0164345,0.0189831,0.0176884,0.0162792,0.0151454,0.0163487,0.0196567,0.0263951,0.0338279,0.0534273,0.0553715,0.174267,0.10629443794,0.0211397230290918,0.0347757437401024,0.0456689544473038,0.053137186904914,0.0648357432578877,0.0737753665725866,0.0789295795617318,0.0906151107288098,0.0846966303110165,0.0782128917322797,0.0729643156349559,0.0785336906299936,0.0936799055037129,0.123805831727428,0.155950781404331,0.235659829039848,0.243192646004416,1,0.978860276970908,0.965224256259898,0.954331045552696,0.946862813095086,0.935164256742112,0.926224633427413,0.921070420438268,0.90938488927119,0.915303369688984,0.92178710826772,0.927035684365044,0.921466309370006,0.906320094496287,0.876194168272572,0.844049218595669,0.764340170960152,0.756807353995584,0,100000,2113.97230290918,98110.7311948493,4812350.07049375,48.1235007049375,2023.5,"Total","GMoH report",29.9188192950625
0,1,0.0212671,0.00834436,0.00909442,0.00978252,0.012338,0.0145071,0.0158907,0.0173304,0.0167474,0.0153229,0.0141396,0.0158168,0.0192024,0.0250183,0.031547,0.0531302,0.0533259,0.174143,0.106852565305,0.0208706688291001,0.0328295567201729,0.0444612273127558,0.0477449355331213,0.0598441084741159,0.0699968709824271,0.0764176741629471,0.0830536189072255,0.0803719471315238,0.0737878888931961,0.0682842210694172,0.0760758103087706,0.0916139793092788,0.117728107236794,0.146204237313665,0.234503019220524,0.235265181186427,1,0.9791293311709,0.967170443279827,0.955538772687244,0.952255064466879,0.940155891525884,0.930003129017573,0.923582325837053,0.916946381092774,0.919628052868476,0.926212111106804,0.931715778930583,0.923924189691229,0.908386020690721,0.882271892763206,0.853795762686336,0.765496980779476,0.764734818813573,0,100000,2087.06688291,98135.941567492,4941295.15398952,49.4129515398952,2023.5,"Total","GMoH report",28.6293684601048
0,1,0.0225807,0.0100093,0.0105564,0.0121115,0.0146029,0.0172227,0.0188272,0.0206712,0.0197566,0.0182775,0.016184,0.0171706,0.0215733,0.0291353,0.0351297,0.0577375,0.0566739,0.183444,0.104231342185,0.0221330136877599,0.0392514411011721,0.0514248468663502,0.058777782226412,0.0704428261355625,0.082558786949991,0.0899043806132935,0.098277229342061,0.094133600281687,0.0873941342768856,0.0777732925821271,0.0823193197219555,0.102346614455897,0.135786079588419,0.16146771870548,0.252273409978427,0.248202929924395,1,0.97786698631224,0.960748558898828,0.94857515313365,0.941222217773588,0.929557173864437,0.917441213050009,0.910095619386706,0.901722770657939,0.905866399718313,0.912605865723114,0.922226707417873,0.917680680278045,0.897653385544103,0.864213920411581,0.83853228129452,0.747726590021573,0.751797070075605,0,100000,2213.30136877598,98017.3940035514,4582115.72607908,45.8211572607908,2023.5,"Total","GMoH report",32.2211627392092
0,1,0.0216742,0.00873977,0.00946105,0.0106347,0.0131553,0.0146783,0.0163942,0.018892,0.0180977,0.0162928,0.0152577,0.016574,0.0200344,0.0252214,0.0329649,0.053771,0.0547941,0.175496,0.10604021761,0.0212622260191231,0.0343585090664329,0.0462122099281482,0.0517964020088901,0.0636821069462258,0.0707936730713905,0.0787436520489479,0.0901998605845898,0.0865716314631724,0.0782756751978415,0.0734854525274306,0.0795728970122955,0.0953940915315507,0.11862714341282,0.152275161335249,0.236996194115534,0.240962228841579,1,0.978737773980877,0.965641490933567,0.953787790071852,0.94820359799111,0.936317893053774,0.929206326928609,0.921256347951052,0.90980013941541,0.913428368536828,0.921724324802158,0.926514547472569,0.920427102987704,0.904605908468449,0.88137285658718,0.847724838664751,0.763003805884466,0.759037771158421,0,100000,2126.2226019123,98099.2425054818,4828405.30962546,48.2840530962546,2023.5,"Total","GMoH report",29.7582669037454
0,1,0.0225614,0.00935516,0.0104166,0.0116105,0.0144779,0.0159787,0.0177069,0.0195092,0.0190254,0.017541,0.0160644,0.0180713,0.021223,0.02713,0.0344591,0.056075,0.0573447,0.17726,0.10426985437,0.0221144899075507,0.0367333473170273,0.0507611046921591,0.0564149845545728,0.0698609021132369,0.0768246066445229,0.0847814580032075,0.093009640789761,0.0908078603349582,0.0840204914008445,0.077220737943453,0.086450803965735,0.100768476555174,0.12703392409805,0.15862989174355,0.245902537959765,0.250772338675839,1,0.977885510092449,0.963266652682973,0.949238895307841,0.943585015445427,0.930139097886763,0.923175393355477,0.915218541996793,0.906990359210239,0.909192139665042,0.915979508599156,0.922779262056547,0.913549196034265,0.899231523444826,0.87296607590195,0.84137010825645,0.754097462040235,0.749227661324161,0,100000,2211.44899075507,98019.1384734576,4667608.84873603,46.6760884873603,2023.5,"Total","GMoH report",31.3662315126397
0,1,0.0221645,0.0091222,0.00972742,0.0112488,0.0136265,0.0158108,0.0180182,0.0192608,0.018588,0.0166051,0.0154857,0.0170731,0.0203393,0.0271875,0.0341435,0.0554772,0.054466,0.174318,0.105061848475,0.0217333994046855,0.0358350117123158,0.0474823969555174,0.0547055699615415,0.0658879448004419,0.0760480487760299,0.0862077297112901,0.0918798036925942,0.0888128661117853,0.0797162588744113,0.0745426376888543,0.0818710197325121,0.0967756286409574,0.127286027798098,0.157291310361666,0.243600338282575,0.239692298213728,1,0.978266600595314,0.964164988287684,0.952517603044483,0.945294430038458,0.934112055199558,0.92395195122397,0.91379227028871,0.908120196307406,0.911187133888215,0.920283741125589,0.925457362311146,0.918128980267488,0.903224371359043,0.872713972201902,0.842708689638334,0.756399661717425,0.760307701786272,0,100000,2173.33994046855,98054.9951710416,4734767.48374737,47.3476748374737,2023.5,"Total","GMoH report",30.6946451625263
0,1,0.022324,0.00968899,0.0103152,0.011921,0.0141341,0.0162254,0.0182723,0.0210318,0.0195777,0.0174734,0.016336,0.018071,0.0218016,0.0280412,0.0342956,0.0560433,0.0567279,0.180463,0.1047435742,0.021886581255614,0.0380192242331937,0.0502793949627018,0.0578800303941775,0.0682585664884877,0.0779644875108535,0.0873703565834983,0.0999059928489962,0.0933209748754522,0.0837102435748002,0.0784750778217593,0.0864494308383026,0.103373718828947,0.13102103255481,0.157936668020583,0.245780608990418,0.248410048959129,1,0.978113418744386,0.961980775766806,0.949720605037298,0.942119969605822,0.931741433511512,0.922035512489147,0.912629643416502,0.900094007151004,0.906679025124548,0.9162897564252,0.921524922178241,0.913550569161697,0.896626281171053,0.86897896744519,0.842063331979417,0.754219391009582,0.751589951040871,0,100000,2188.6581255614,98040.5897492118,4628702.48363024,46.2870248363024,2023.5,"Total","GMoH report",31.7552951636976
0,1,0.0218335,0.0094062,0.0100534,0.0115947,0.0134346,0.0160451,0.0177015,0.019621,0.0185162,0.016903,0.015512,0.0176587,0.0203298,0.026586,0.0339745,0.0576979,0.0574271,0.175625,0.105722342425,0.0214153605613307,0.0369300569957727,0.0490345891535103,0.0563403756170816,0.0649902064316823,0.0771315417487191,0.084756698264191,0.0935177219443259,0.0884849857663813,0.0810884066557449,0.0746645102909182,0.0845604317592331,0.0967326132955598,0.124645440778647,0.156573715736754,0.252122196759041,0.251087441037053,1,0.978584639438669,0.963069943004227,0.95096541084649,0.943659624382918,0.935009793568318,0.922868458251281,0.915243301735809,0.906482278055674,0.911515014233619,0.918911593344255,0.925335489709082,0.915439568240767,0.90326738670444,0.875354559221353,0.843426284263246,0.747877803240959,0.748912558962947,0,100000,2141.53605613307,98084.8721521089,4710506.99211792,47.1050699211792,2023.5,"Total","GMoH report",30.9372500788208
0,1,0.0213986,0.00895275,0.0096406,0.0103433,0.0132351,0.0149119,0.0165577,0.0188463,0.0174047,0.0162372,0.0143794,0.0160594,0.0190281,0.0261676,0.0322999,0.0544372,0.0553961,0.176726,0.10659016363,0.0209971817640299,0.0351810654328914,0.0470685766986964,0.0504129103606663,0.0640560300903771,0.0718798376233605,0.0794977502516458,0.0899914837495282,0.0833948443800465,0.0780189757186527,0.0694020986564487,0.0771976309152011,0.0908201621800543,0.122804267616778,0.149432835862326,0.239580738548693,0.243287546819132,1,0.97900281823597,0.964818934567109,0.952931423301304,0.949587089639334,0.935943969909623,0.92812016237664,0.920502249748354,0.910008516250472,0.916605155619953,0.921981024281347,0.930597901343551,0.922802369084799,0.909179837819946,0.877195732383222,0.850567164137674,0.760419261451307,0.756712453180868,0,100000,2099.71817640298,98124.0911275967,4836804.1495928,48.368041495928,2023.5,"Total","GMoH report",29.674278504072
0,1,0.0208992,0.00847083,0.0092115,0.0103294,0.0125124,0.0146908,0.0158963,0.0178575,0.0172791,0.0151502,0.0140533,0.0161852,0.0191682,0.0259126,0.0311677,0.0534495,0.053113,0.170828,0.10758669136,0.0205165514568346,0.0333188434821325,0.045020728889584,0.0503468676629069,0.0606643582108077,0.0708518250224022,0.0764435749969403,0.0854717218190412,0.0828179508631034,0.0729865961765164,0.0678815988183164,0.0777788349994185,0.0914582737908076,0.121680363529982,0.144573445552624,0.23574620768134,0.234436001615491,1,0.979483448543165,0.966681156517867,0.954979271110416,0.949653132337093,0.939335641789192,0.929148174977598,0.92355642500306,0.914528278180959,0.917182049136897,0.927013403823484,0.932118401181684,0.922221165000581,0.908541726209192,0.878319636470018,0.855426554447376,0.76425379231866,0.765563998384509,0,100000,2051.65514568346,98169.0756432523,4911484.63191682,49.1148463191682,2023.5,"Total","GMoH report",28.9274736808318
0,1,0.0216202,0.00899198,0.0096842,0.0106886,0.0132336,0.0154507,0.0174346,0.0191125,0.0180945,0.0173352,0.0154786,0.0171571,0.0202534,0.0260468,0.0330801,0.0542881,0.0554723,0.174352,0.10614797191,0.0212103053426817,0.0353325017026791,0.0472764143698976,0.0520520900750593,0.0640490027916413,0.0743804258844672,0.0835321269487484,0.0912046288287751,0.0865569865185981,0.0830756667542062,0.0745097340753531,0.0822572599147899,0.0963866086508759,0.122272013309336,0.152766659100707,0.239002958695154,0.243581442823197,1,0.978789694657318,0.964667498297321,0.952723585630102,0.947947909924941,0.935950997208359,0.925619574115533,0.916467873051252,0.908795371171225,0.913443013481402,0.916924333245794,0.925490265924647,0.91774274008521,0.903613391349124,0.877727986690664,0.847233340899293,0.760997041304846,0.756418557176803,0,100000,2121.03053426818,98104.1125553036,4775327.64596224,47.7532764596224,2023.5,"Total","GMoH report",30.2890435403776
0,1,0.0214143,0.00828699,0.00871316,0.0101022,0.0123221,0.0138319,0.0157462,0.0172899,0.0168761,0.01482,0.0138159,0.0147011,0.0187423,0.0248578,0.0316591,0.0537583,0.0537945,0.169985,0.106558835065,0.0210122842134014,0.0326075235567214,0.0426370415868185,0.0492667437531425,0.0597692920170905,0.0668479157841626,0.0757490988492499,0.0828675700034916,0.0809645839615176,0.0714526782700931,0.0667731713547015,0.0708997395955786,0.0895171087325068,0.11701703487614,0.146685660049794,0.236946850338605,0.23708749224594,1,0.978987715786599,0.967392476443279,0.957362958413182,0.950733256246857,0.94023070798291,0.933152084215837,0.92425090115075,0.917132429996508,0.919035416038482,0.928547321729907,0.933226828645298,0.929100260404421,0.910482891267493,0.88298296512386,0.853314339950206,0.763053149661395,0.76291250775406,0,100000,2101.22842134014,98122.6760314433,4970818.1807878,49.708181807878,2023.5,"Total","GMoH report",28.334138192122
0,1,0.0214039,0.00848759,0.0091241,0.0105624,0.0124874,0.0146858,0.0158754,0.017537,0.0171094,0.0153258,0.0144268,0.015875,0.0183873,0.0257765,0.0321964,0.0532558,0.0538519,0.172632,0.106579587745,0.0210022800940886,0.0333836662562404,0.0446030923135547,0.0514533235386387,0.0605468191270812,0.0708285646626916,0.0763469058280437,0.084002136337618,0.0820379497561071,0.0738013386117597,0.0696229104874492,0.0763450556056507,0.0878960714151696,0.121079956268136,0.148989672287877,0.234992249409715,0.237310453035451,1,0.978997719905911,0.96661633374376,0.955396907686445,0.948546676461361,0.939453180872919,0.929171435337308,0.923653094171956,0.915997863662382,0.917962050243893,0.92619866138824,0.930377089512551,0.923654944394349,0.91210392858483,0.878920043731864,0.851010327712123,0.765007750590285,0.762689546964549,0,100000,2100.22800940885,98123.6134260044,4909863.68398528,49.0986368398528,2023.5,"Total","GMoH report",28.9436831601472
0,1,0.0226178,0.00927788,0.00976667,0.0109023,0.013694,0.0159166,0.0176868,0.019204,0.0183764,0.0166488,0.0154508,0.017717,0.0205528,0.0260043,0.0339175,0.0557301,0.0555405,0.176631,0.10415731099,0.022168619633568,0.036435432852493,0.0476694212342844,0.0530651690194969,0.0662035224102839,0.0765374596734057,0.0846892935089163,0.0916212631558859,0.0878462551903023,0.0799176668695553,0.0743808893856986,0.0848277661670461,0.0977418293255924,0.122084683182775,0.156331560722948,0.24457502368178,0.243844400223471,1,0.977831380366432,0.963564567147507,0.952330578765716,0.946934830980503,0.933796477589716,0.923462540326594,0.915310706491084,0.908378736844114,0.912153744809698,0.920082333130445,0.925619110614301,0.915172233832954,0.902258170674408,0.877915316817225,0.843668439277051,0.75542497631822,0.756155599776529,0,100000,2216.8619633568,98014.0404175825,4736574.64083502,47.3657464083502,2023.5,"Total","GMoH report",30.6765735916498
0,1,0.0210501,0.00834859,0.00886847,0.0100931,0.0125341,0.0142628,0.0156034,0.0179748,0.0168499,0.0156623,0.0144912,0.0158254,0.0192843,0.0252725,0.0317339,0.0546655,0.0528987,0.170449,0.107285577955,0.0206618285410596,0.0328459256668736,0.04338055218589,0.049223456819927,0.0607663705860921,0.0688587051504504,0.0750879323893885,0.0860090129835579,0.0808439680566074,0.0753606954491663,0.0699228355149639,0.0761156004419162,0.091986749801984,0.118853205885638,0.147006755781744,0.240464693274506,0.233600582205248,1,0.97933817145894,0.967154074333126,0.95661944781411,0.950776543180073,0.939233629413908,0.93114129484955,0.924912067610612,0.913990987016442,0.919156031943393,0.924639304550834,0.930077164485036,0.923884399558084,0.908013250198016,0.881146794114362,0.852993244218256,0.759535306725494,0.766399417794752,0,100000,2066.18285410595,98155.4887675575,4930962.26593531,49.3096226593531,2023.5,"Total","GMoH report",28.7326973406469
0,1,0.0212077,0.00882433,0.00947966,0.0107732,0.0132081,0.0153817,0.0167109,0.0191464,0.0178061,0.0163354,0.0147502,0.0166814,0.0201301,0.0252422,0.0322392,0.053914,0.0553507,0.17233,0.106971095035,0.0208135110593993,0.0346851731716524,0.0463010055249142,0.0524532759196559,0.0639295309070659,0.0740605568324267,0.0802038055640013,0.0913590096443629,0.0852361897061819,0.0784723086242486,0.0711281151883712,0.080067888799452,0.0958279352038809,0.118719167570857,0.149172957936254,0.237551606692017,0.243112396664812,1,0.979186488940601,0.965314826828348,0.953698994475086,0.947546724080344,0.936070469092934,0.925939443167573,0.919796194435999,0.908640990355637,0.914763810293818,0.921527691375751,0.928871884811629,0.919932111200548,0.904172064796119,0.881280832429143,0.850827042063746,0.762448393307983,0.756887603335188,0,100000,2081.35110593993,98141.2933010148,4816026.95764806,48.1602695764806,2023.5,"Total","GMoH report",29.8820504235194
0,1,0.0206793,0.00831268,0.00888282,0.0104604,0.0123805,0.0143557,0.0158971,0.018194,0.0168333,0.0158111,0.0144035,0.015841,0.0189095,0.0258046,0.0318387,0.0537538,0.0543258,0.173183,0.108025490815,0.0203047702194575,0.0327069550970084,0.0434492209772961,0.0509691068858287,0.0600440612492589,0.0692916737962094,0.0764472750591432,0.0870122479040828,0.0807675394456249,0.0760494368716949,0.0695143742753138,0.0761877736923488,0.0902796427390642,0.12120395129597,0.147456446122128,0.236929365660409,0.239149086404514,1,0.979695229780542,0.967293044902992,0.956550779022704,0.949030893114171,0.939955938750741,0.930708326203791,0.923552724940857,0.912987752095917,0.919232460554375,0.923950563128305,0.930485625724686,0.923812226307651,0.909720357260936,0.87879604870403,0.852543553877872,0.763070634339591,0.760850913595486,0,100000,2030.47702194576,98188.8662549385,4918880.26712398,49.1888026712398,2023.5,"Total","GMoH report",28.8535173287602
0,1,0.0223714,0.00955826,0.0103781,0.0114921,0.0139849,0.0162304,0.0185092,0.0202851,0.0186358,0.0167753,0.0156232,0.01736,0.0211773,0.0265345,0.0326237,0.0577004,0.0557386,0.17615,0.10464898987,0.0219320945407678,0.0375158671748349,0.0505782350471431,0.0558557503291072,0.067562367612925,0.077987576111692,0.0884530136971899,0.096530188674307,0.0890310862090629,0.0805004519221748,0.07517963386067,0.0831895725512747,0.10056239973047,0.124419009482234,0.150817904798096,0.252131743821941,0.244607764187629,1,0.978067905459232,0.962484132825165,0.949421764952857,0.944144249670893,0.932437632387075,0.922012423888308,0.91154698630281,0.903469811325693,0.910968913790937,0.919499548077825,0.92482036613933,0.916810427448725,0.89943760026953,0.875580990517766,0.849182095201904,0.747868256178059,0.755392235812371,0,100000,2193.20945407677,98036.3076998657,4674533.71010883,46.7453371010883,2023.5,"Total","GMoH report",31.2969828989117
0,1,0.0224229,0.00977697,0.0107171,0.0119445,0.014744,0.0166101,0.0185693,0.0207573,0.019662,0.0180293,0.01593,0.0180641,0.0219094,0.0289359,0.0336375,0.0567497,0.0560504,0.179746,0.104546224195,0.0219815399038583,0.0383578332304812,0.0521872597951242,0.0579908215791205,0.0710992805200316,0.0797393054081022,0.0887274819247374,0.0986663808328459,0.093703980822662,0.0862585469487426,0.0765994277883298,0.0864178483634448,0.103858316501126,0.134919459993906,0.155141102879709,0.248493649804258,0.245807919475567,1,0.978018460096142,0.961642166769519,0.947812740204876,0.94200917842088,0.928900719479968,0.920260694591898,0.911272518075263,0.901333619167154,0.906296019177338,0.913741453051257,0.92340057221167,0.913582151636555,0.896141683498874,0.865080540006094,0.844858897120291,0.751506350195742,0.754192080524433,0,100000,2198.15399038584,98031.6547095082,4599657.31784115,45.9965731784115,2023.5,"Total","GMoH report",32.0457468215885
0,1,0.0221363,0.00917007,0.00985934,0.0110136,0.0134324,0.0155307,0.0173402,0.019515,0.0180167,0.0163009,0.0156504,0.0172214,0.0203912,0.0270369,0.0342747,0.055901,0.0564583,0.180777,0.105118120165,0.0217063115614031,0.0360196741336348,0.048110847004243,0.0535923872105449,0.064979909653912,0.0747511555704548,0.0830986327221773,0.0930360058639143,0.0862008623100465,0.0783130663421578,0.0753055933544151,0.0825528124875665,0.0970105939420235,0.126625591371612,0.157848016474365,0.245233065950722,0.247375499580137,1,0.978293688438597,0.963980325866365,0.951889152995757,0.946407612789455,0.935020090346088,0.925248844429545,0.916901367277823,0.906963994136086,0.913799137689954,0.921686933657842,0.924694406645585,0.917447187512433,0.902989406057977,0.873374408628388,0.842151983525635,0.754766934049278,0.752624500419863,0,100000,2170.63115614031,98057.5415105647,4748213.13628547,47.4821313628547,2023.5,"Total","GMoH report",30.5601886371453
0,1,0.0206456,0.00855166,0.00902694,0.0102385,0.0121174,0.0140848,0.0160466,0.0175407,0.0165362,0.0156169,0.0140602,0.0152847,0.0192466,0.0256422,0.0314641,0.0542309,0.0538973,0.173945,0.10809273748,0.0202723065464074,0.0336314308756754,0.0441386085718461,0.0499148665958948,0.0588055733633183,0.0680285777212783,0.0771384743920513,0.0840191147833014,0.0793986212963003,0.0751504570675543,0.067913796109841,0.0736107061011398,0.0918151751260475,0.120487113354832,0.145848055492914,0.23878120136697,0.237486761873226,1,0.979727693453593,0.966368569124325,0.955861391428154,0.950085133404105,0.941194426636682,0.931971422278722,0.922861525607949,0.915980885216699,0.9206013787037,0.924849542932446,0.932086203890159,0.92638929389886,0.908184824873952,0.879512886645168,0.854151944507086,0.76121879863303,0.762513238126775,0,100000,2027.23065464073,98191.8982563228,4938048.19487391,49.3804819487391,2023.5,"Total","GMoH report",28.6618380512609
0,1,0.0215086,0.00886436,0.00940752,0.0108447,0.0130788,0.0154857,0.0165791,0.0184432,0.0177142,0.0161847,0.014894,0.0165691,0.0199112,0.0267772,0.0320688,0.0559734,0.0541952,0.173843,0.10637066413,0.0211029855101606,0.0348397753774699,0.0459567523332253,0.0527922107794016,0.0633235111557407,0.0745426376888543,0.0795964079811013,0.0881515101691221,0.0848149284845954,0.0777765256627646,0.0717966516748856,0.0795503075000042,0.0948352889849092,0.125485616382506,0.148443025740345,0.245511689936299,0.238642768571751,1,0.978897014489839,0.96516022462253,0.954043247666775,0.947207789220598,0.936676488844259,0.925457362311146,0.920403592018899,0.911848489830878,0.915185071515405,0.922223474337235,0.928203348325114,0.920449692499996,0.905164711015091,0.874514383617494,0.851556974259655,0.754488310063701,0.761357231428249,0,100000,2110.29855101605,98114.1753073681,4819312.15194478,48.1931215194478,2023.5,"Total","GMoH report",29.8491984805522
0,1,0.0215801,0.00852942,0.00890726,0.0105123,0.0124634,0.0142118,0.0161577,0.0179588,0.0168043,0.0150447,0.0145135,0.0163538,0.0189452,0.0255346,0.0320326,0.0533125,0.0539572,0.171151,0.106227989455,0.0211717459409807,0.0335454338118727,0.043566162165964,0.051215517781075,0.0604339682017847,0.0686209325760396,0.0776518132429125,0.0859357429488265,0.0806340049754765,0.0724967696250548,0.0700266698189564,0.0785572270506478,0.0904423776665779,0.120011862725146,0.148287883830989,0.235213015304012,0.237719326844028,1,0.978828254059019,0.966454566188127,0.956433837834036,0.948784482218925,0.939566031798215,0.93137906742396,0.922348186757088,0.914064257051173,0.919365995024524,0.927503230374945,0.929973330181044,0.921442772949352,0.909557622333422,0.879988137274854,0.851712116169011,0.764786984695988,0.762280673155971,0,100000,2117.17459409808,98107.7286063582,4914349.01316546,49.1434901316546,2023.5,"Total","GMoH report",28.8988298683454
0,1,0.0226517,0.0100162,0.0104323,0.0118457,0.0142639,0.0168655,0.0184908,0.0207171,0.0190985,0.0172765,0.0161558,0.0172789,0.0212134,0.0279534,0.0340259,0.0572253,0.0565431,0.178666,0.104089665235,0.0222011522118511,0.0392779680331723,0.0508356676606593,0.0575249419867683,0.0688638329335479,0.0809157869864501,0.0883689677288007,0.0984847062313369,0.0911408654528709,0.0828060051308904,0.077643036574283,0.0828170319659106,0.100725190604098,0.130637588111229,0.156792025545019,0.250315544655993,0.247701038521883,1,0.977798847788149,0.960722031966828,0.949164332339341,0.942475058013232,0.931136167066452,0.91908421301355,0.911631032271199,0.901515293768663,0.908859134547129,0.91719399486911,0.922356963425717,0.917182968034089,0.899274809395902,0.869362411888771,0.843207974454981,0.749684455344007,0.752298961478117,0,100000,2220.1152211851,98010.9758289712,4623181.45586815,46.2318145586815,2023.5,"Total","GMoH report",31.8105054413185
0,1,0.0211495,0.00894556,0.00969475,0.0108647,0.0132699,0.0151035,0.0166691,0.0189199,0.0177363,0.0159306,0.0155168,0.0164863,0.0202793,0.0263786,0.0322526,0.0549018,0.0556578,0.176625,0.107087230225,0.0207575016671219,0.035153307949086,0.0473266987189853,0.0528869966195684,0.0642190491008418,0.0727698031936613,0.0800112127345176,0.0903270529759985,0.0849162497968216,0.0766022023866482,0.0746867515344747,0.07916851046481,0.096503920131208,0.123733226761381,0.149230334299898,0.241378688763157,0.244296487407875,1,0.979242498332878,0.964846692050914,0.952673301281015,0.947113003380432,0.935780950899158,0.927230196806339,0.919988787265482,0.909672947024001,0.915083750203178,0.923397797613352,0.925313248465525,0.92083148953519,0.903496079868792,0.876266773238619,0.850769665700102,0.758621311236843,0.755703512592125,0,100000,2075.75016671218,98146.5361692801,4805832.67461577,48.0583267461577,2023.5,"Total","GMoH report",29.9839932538423
0,1,0.0210082,0.00812847,0.00891406,0.00999249,0.0120369,0.0142006,0.015417,0.0172772,0.0163931,0.0149285,0.0138056,0.0154654,0.0183583,0.0242605,0.0317301,0.0536118,0.0531204,0.173262,0.10736918731,0.0206214940584696,0.0319937593734907,0.0435986965085035,0.0487447465196253,0.0584263205552707,0.0685687080124944,0.0742242132604106,0.0828092213042074,0.0787385765998524,0.0719569757199132,0.0667250515701092,0.0744485581711498,0.0877635271010519,0.114366055760553,0.146990446114366,0.236377448734799,0.234464835394743,1,0.97937850594153,0.968006240626509,0.956401303491496,0.951255253480375,0.941573679444729,0.931431291987506,0.925775786739589,0.917190778695793,0.921261423400148,0.928043024280087,0.933274948429891,0.92555144182885,0.912236472898948,0.885633944239447,0.853009553885634,0.763622551265201,0.765535164605257,0,100000,2062.14940584695,98159.2618999706,4979005.2120856,49.790052120856,2023.5,"Total","GMoH report",28.252267879144
0,1,0.021691,0.00895115,0.00926774,0.0105728,0.0131944,0.0150593,0.0165823,0.0186601,0.017614,0.0162815,0.0151672,0.0168702,0.0201604,0.0265483,0.0331196,0.0524209,0.054359,0.175344,0.10600669405,0.0212783780175978,0.0351748885919601,0.0452893746279636,0.0515026811323108,0.0638653379619859,0.0725645708938458,0.0796111596676095,0.0891420032623123,0.0843554095408679,0.0782235098124707,0.0730655022843809,0.0809374236872772,0.0959652551739764,0.124479689638899,0.152935124616849,0.231735094466237,0.239277751733761,1,0.978721621982402,0.96482511140804,0.954710625372036,0.948497318867689,0.936134662038014,0.927435429106154,0.920388840332391,0.910857996737688,0.915644590459132,0.921776490187529,0.926934497715619,0.919062576312723,0.904034744826024,0.875520310361101,0.847064875383151,0.768264905533763,0.760722248266239,0,100000,2127.83780175979,98097.7272490794,4824688.56897089,48.2468856897089,2023.5,"Total","GMoH report",29.7954343102911
0,1,0.0214268,0.00895302,0.00925553,0.0107243,0.013131,0.0153093,0.0166691,0.0186952,0.0183273,0.0163547,0.0152265,0.017269,0.020173,0.0268298,0.0333929,0.0545145,0.0556966,0.176479,0.10653389194,0.0210243081305535,0.0351821077709687,0.0452310564991022,0.0522214049667867,0.0635682144404559,0.0737248118450514,0.0800112127345176,0.0893021940542906,0.0876218214780628,0.0785613804767906,0.0733406947774287,0.0827715454538919,0.0960223526975793,0.125716620535867,0.154099894114555,0.239880135837251,0.244445975677677,1,0.978975691869446,0.964817892229031,0.954768943500898,0.947778595033213,0.936431785559544,0.926275188154949,0.919988787265482,0.910697805945709,0.912378178521937,0.921438619523209,0.926659305222571,0.917228454546108,0.903977647302421,0.874283379464133,0.845900105885445,0.760119864162749,0.755554024322323,0,100000,2102.43081305535,98121.549323994,4804358.09683755,48.0435809683755,2023.5,"Total","GMoH report",29.9987390316245
0,1,0.0228801,0.00976567,0.0104806,0.0118843,0.0143833,0.0168,0.0184341,0.0211208,0.0195813,0.0179781,0.01628,0.0185546,0.0218668,0.0279499,0.0349633,0.0587232,0.0589953,0.178858,0.103633904455,0.0224202836161928,0.0383143494147026,0.051065019881573,0.0577069822763334,0.0694202686256903,0.0806142034548944,0.0881099317670333,0.100307560206003,0.0933373341471605,0.0860241242304322,0.0782165849908715,0.0886603563788333,0.103666844605928,0.130622299479448,0.160764367936329,0.25602890806482,0.257062762952039,1,0.977579716383807,0.961685650585297,0.948934980118427,0.942293017723667,0.93057973137431,0.919385796545106,0.911890068232967,0.899692439793997,0.906662665852839,0.913975875769568,0.921783415009128,0.911339643621167,0.896333155394072,0.869377700520552,0.839235632063671,0.74397109193518,0.742937237047961,0,100000,2242.02836161928,97990.3217913942,4597848.69667444,45.9784869667444,2023.5,"Total","GMoH report",32.0638330332556
0,1,0.0217428,0.00931917,0.00978318,0.0112475,0.0135993,0.0157156,0.0172881,0.019303,0.0183691,0.0165534,0.0150961,0.0170638,0.0205795,0.02679,0.0342597,0.0555358,0.0554314,0.175718,0.10590332974,0.0213281767235925,0.0365946170846073,0.0477480798504224,0.0546994206651712,0.0657607495950791,0.0756074585606121,0.0828593003251231,0.0920718430347505,0.0878128905791561,0.0794779252792079,0.07273544608104,0.0818282478603993,0.0978625919713158,0.125541835563158,0.157784385702841,0.243826281051895,0.243423707719758,1,0.978671823276407,0.963405382915393,0.952251920149578,0.945300579334829,0.934239250404921,0.924392541439388,0.917140699674877,0.90792815696525,0.912187109420844,0.920522074720792,0.92726455391896,0.918171752139601,0.902137408028684,0.874458164436842,0.842215614297159,0.756173718948105,0.756576292280242,0,100000,2132.81767235926,98093.0548208719,4745339.98200192,47.4533998200192,2023.5,"Total","GMoH report",30.5889201799808
0,1,0.0208533,0.0082743,0.00885518,0.00989396,0.012269,0.0141592,0.0157576,0.0172641,0.0160535,0.0149025,0.0139519,0.0152115,0.0191307,0.024485,0.0309807,0.0544404,0.0542894,0.171121,0.107678282515,0.0204723534669482,0.0325584039956378,0.0433169514936805,0.0482757052580136,0.0595193914652812,0.0683756391262104,0.0758018614692792,0.0827490311292057,0.0771703639075263,0.0718361542772097,0.0674083148307811,0.0732710919615666,0.0912875148491867,0.115363322614462,0.143768386844237,0.239593134765307,0.239007997985425,1,0.979527646533052,0.967441596004362,0.95668304850632,0.951724294741986,0.940480608534719,0.93162436087379,0.924198138530721,0.917250968870794,0.922829636092474,0.92816384572279,0.932591685169219,0.926728908038433,0.908712485150813,0.884636677385538,0.856231613155763,0.760406865234693,0.760992002014575,0,100000,2047.23534669483,98173.2074393413,4973364.73779022,49.7336473779022,2023.5,"Total","GMoH report",28.3086726220978
0,1,0.0228202,0.0095347,0.0100759,0.0111806,0.0136721,0.0155718,0.0179595,0.0196361,0.0187029,0.016908,0.015367,0.0174169,0.0207266,0.0272978,0.0343339,0.0557119,0.0575282,0.177447,0.10375343191,0.0223628237669681,0.0374251253153122,0.0491416345120501,0.0543829159255082,0.0661011462943718,0.074941562444805,0.0859389486301902,0.0935863239602122,0.0893373320318536,0.0811114202653823,0.0739923970849875,0.0834508617164279,0.0985276424167143,0.127769438550819,0.158099103017287,0.2445049163737,0.251473898220918,1,0.977637176233032,0.962574874684688,0.95085836548795,0.945617084074492,0.933898853705628,0.925058437555195,0.91406105136981,0.906413676039788,0.910662667968146,0.918888579734618,0.926007602915012,0.916549138283572,0.901472357583286,0.872230561449181,0.841900896982713,0.7554950836263,0.748526101779082,0,100000,2236.28237669681,97995.7395946053,4707770.49622617,47.0777049622617,2023.5,"Total","GMoH report",30.9646150377383
0,1,0.0220885,0.00934689,0.0100174,0.0114503,0.0136407,0.015941,0.0178624,0.0197438,0.018916,0.017448,0.0154681,0.0171683,0.0208736,0.0264532,0.0337308,0.0569492,0.0551786,0.176502,0.105213502675,0.0216603933389654,0.0367014707795703,0.0488632921432115,0.0556582411046972,0.0659543415336063,0.0766502941522956,0.0854941722442603,0.0940754812816771,0.0903092744130088,0.0835936451965275,0.0744610717405259,0.0823087468534882,0.0991917763433012,0.124061444491447,0.155537951190001,0.249258342065157,0.242448129151942,1,0.978339606661035,0.96329852922043,0.951136707856788,0.944341758895303,0.934045658466394,0.923349705847704,0.91450582775574,0.905924518718323,0.909690725586991,0.916406354803473,0.925538928259474,0.917691253146512,0.900808223656699,0.875938555508553,0.844462048809999,0.750741657934843,0.757551870848058,0,100000,2166.03933389654,98061.8572513545,4704709.29619404,47.0470929619404,2023.5,"Total","GMoH report",30.9952270380596
0,1,0.02129,0.00866535,0.00902711,0.0107029,0.0127136,0.0147067,0.0163851,0.0181981,0.017363,0.0159803,0.0152702,0.0167019,0.0194338,0.0255011,0.0326564,0.0536525,0.0552028,0.175983,0.1068068695,0.0208927026583058,0.0340709269856891,0.0441394214676871,0.0521199144198884,0.0616097942980314,0.0709257892385148,0.0787016634360836,0.0870310027711747,0.0832033505605432,0.076832003823258,0.073543442317797,0.0801623414724051,0.0926668284720974,0.119863849940693,0.150957665251225,0.236535674332226,0.242541566088785,1,0.979107297341694,0.965929073014311,0.955860578532313,0.947880085580112,0.938390205701969,0.929074210761485,0.921298336563916,0.912968997228825,0.916796649439457,0.923167996176742,0.926456557682203,0.919837658527595,0.907333171527903,0.880136150059307,0.849042334748775,0.763464325667774,0.757458433911215,0,100000,2089.27026583058,98133.8781508022,4863724.32557245,48.6372432557245,2023.5,"Total","GMoH report",29.4050767442755
0,1,0.0211792,0.00805674,0.00898316,0.0095934,0.0120191,0.0139584,0.0155006,0.0170558,0.0165184,0.0150314,0.0143101,0.0153064,0.0188244,0.0253703,0.0313374,0.0523956,0.0535518,0.171634,0.10702796536,0.0207860845618228,0.0317159063769137,0.0439292414875957,0.0468435282404453,0.0583424409208214,0.0674386605030844,0.0746116852779515,0.0817914533259099,0.0793165439990166,0.0724350013035158,0.0690791752361335,0.0737113610577636,0.0898916108994605,0.119285714117793,0.145303421405146,0.231636205126663,0.236144140536979,1,0.979213915438177,0.968284093623086,0.956070758512404,0.953156471759555,0.941657559079179,0.932561339496916,0.925388314722049,0.91820854667409,0.920683456000983,0.927564998696484,0.930920824763867,0.926288638942236,0.910108389100539,0.880714285882207,0.854696578594854,0.768363794873337,0.763855859463021,0,100000,2078.60845618228,98143.860777663,4984161.35492771,49.8416135492771,2023.5,"Total","GMoH report",28.2007064507229
0,1,0.0213065,0.00865688,0.00932101,0.0109313,0.0131572,0.0154961,0.0165976,0.0188646,0.0177558,0.0158478,0.0151198,0.0165213,0.0193899,0.0265535,0.0344312,0.0551694,0.0544343,0.175203,0.106773944575,0.0209085779605116,0.0340381909313799,0.0455437652711743,0.0532025669497553,0.0636910115568602,0.0745908325011956,0.079681688036609,0.0900749311352642,0.0850056420521271,0.0762192321325254,0.0728454773778557,0.0793299166213109,0.0924671767250475,0.124502553606992,0.158511635444231,0.242412605065279,0.239569504326588,1,0.979091422039488,0.96596180906862,0.954456234728826,0.946797433050245,0.93630898844314,0.925409167498804,0.920318311963391,0.909925068864736,0.914994357947873,0.923780767867475,0.927154522622144,0.920670083378689,0.907532823274952,0.875497446393008,0.841488364555769,0.757587394934721,0.760430495673412,0,100000,2090.85779605116,98132.3913383786,4817113.97878195,48.1711397878195,2023.5,"Total","GMoH report",29.8711802121805
0,1,0.0207645,0.00833647,0.00871912,0.0100273,0.0122043,0.0138189,0.0157297,0.0169551,0.0164223,0.0144519,0.0137297,0.0156935,0.0191173,0.0250822,0.0311846,0.053714,0.0536779,0.173485,0.107855478475,0.0203868352046658,0.0327990238434004,0.0426655841302457,0.0489104018195862,0.0592148116844002,0.0667871863754894,0.0756727267741516,0.0813281813797217,0.0788732976115833,0.0697398178172184,0.0663703862691027,0.0755051498279381,0.091226489577023,0.118011057626031,0.144646167789852,0.236774708296416,0.236634405158373,1,0.979613164795334,0.9672009761566,0.957334415869754,0.951089598180414,0.9407851883156,0.933212813624511,0.924327273225848,0.918671818620278,0.921126702388417,0.930260182182782,0.933629613730897,0.924494850172062,0.908773510422977,0.881988942373969,0.855353832210148,0.763225291703584,0.763365594841627,0,100000,2038.68352046658,98181.1996660924,4979665.91351029,49.7966591351029,2023.5,"Total","GMoH report",28.2456608648971
0,1,0.0222199,0.00945853,0.0101424,0.0114736,0.0137622,0.0165329,0.0174248,0.0196003,0.0185006,0.0173899,0.0159818,0.0172687,0.0203089,0.0267319,0.0336394,0.0569678,0.0569465,0.179376,0.104951300545,0.0217866102355816,0.0371316974514098,0.0494579443627384,0.055768340909356,0.0665222681047229,0.079383405248421,0.0834871334908707,0.0934236700974713,0.0884137322622716,0.0833268845269136,0.0768389386266419,0.0827701670410457,0.0966379726910375,0.125286626099432,0.155149186167124,0.249329602654717,0.249247997303842,1,0.978213389764418,0.96286830254859,0.950542055637262,0.944231659090644,0.933477731895277,0.920616594751579,0.916512866509129,0.906576329902529,0.911586267737728,0.916673115473086,0.923161061373358,0.917229832958954,0.903362027308963,0.874713373900568,0.844850813832876,0.750670397345283,0.750752002696158,0,100000,2178.66102355816,98049.992284311,4695186.15415619,46.9518615415619,2023.5,"Total","GMoH report",31.0904584584381
0,1,0.0221087,0.0095501,0.0101642,0.0114079,0.0140852,0.015947,0.0174996,0.0197116,0.0190379,0.0176017,0.0159865,0.0173657,0.0201191,0.0272605,0.0332323,0.0551441,0.0565101,0.177575,0.105173194585,0.0216797986275654,0.0374844397047513,0.0495616145923998,0.0554578558165752,0.0680304439762638,0.0766780383077652,0.0838304994783229,0.0939292599966262,0.0908648119895599,0.0842989863307549,0.0768606673533877,0.0832157505995342,0.095778078168786,0.127605992128924,0.153415615594682,0.242314906421944,0.247574369110344,1,0.978320201372435,0.962515560295249,0.9504383854076,0.944542144183425,0.931969556023736,0.923321961692235,0.916169500521677,0.906070740003374,0.90913518801044,0.915701013669245,0.923139332646612,0.916784249400466,0.904221921831214,0.872394007871076,0.846584384405318,0.757685093578056,0.752425630889656,0,100000,2167.97986275655,98060.0335052055,4692557.41159992,46.9255741159992,2023.5,"Total","GMoH report",31.1167458840008
0,1,0.0208599,0.00801498,0.00905518,0.0100492,0.011928,0.0141236,0.0155061,0.0172428,0.0167273,0.0146856,0.0142338,0.0154611,0.0190328,0.0249026,0.0322716,0.0526813,0.0518118,0.173755,0.107665112545,0.0204787089728944,0.0315541088965526,0.0442736356498407,0.0490146060521518,0.0579130333456332,0.0682095876689954,0.0746371713917076,0.0826511565927561,0.0802793577478605,0.0708276342366361,0.0687235083182493,0.0744286288174753,0.0908415761248284,0.117215568932739,0.149311682747606,0.232752269643124,0.229351247576978,1,0.979521291027106,0.968445891103447,0.955726364350159,0.950985393947848,0.942086966654367,0.931790412331005,0.925362828608292,0.917348843407244,0.919720642252139,0.929172365763364,0.931276491681751,0.925571371182525,0.909158423875172,0.882784431067261,0.850688317252394,0.767247730356876,0.770648752423022,0,100000,2047.87089728944,98172.6133533449,4971828.11394715,49.7182811394715,2023.5,"Total","GMoH report",28.3240388605285
0,1,0.0218105,0.00892677,0.00953856,0.0107871,0.0132338,0.0152796,0.0168139,0.0184569,0.0172166,0.0159805,0.0146607,0.0168122,0.0202046,0.0258983,0.0334728,0.0548632,0.0541749,0.177248,0.105768237775,0.0213932536429417,0.0350807641735961,0.0465819872980947,0.0525191759916512,0.0640499397677538,0.0735870483404434,0.0806782115471677,0.0882141028144117,0.0825307526114733,0.0768329284665988,0.0707117891808893,0.0806703834484691,0.0961655345990977,0.121617296899283,0.154440140188727,0.241229450964598,0.238564042178465,1,0.978606746357058,0.964919235826404,0.953418012701905,0.947480824008349,0.935950060232246,0.926412951659557,0.919321788452832,0.911785897185588,0.917469247388527,0.923167071533401,0.929288210819111,0.919329616551531,0.903834465400902,0.878382703100717,0.845559859811273,0.758770549035402,0.761435957821535,0,100000,2139.32536429417,98086.9473095146,4816873.82891215,48.1687382891215,2023.5,"Total","GMoH report",29.8735817108785
0,1,0.0212778,0.00851255,0.00954875,0.0106354,0.0128882,0.0149745,0.0166672,0.0186245,0.0179712,0.0154589,0.0149492,0.0166185,0.0189985,0.0256277,0.032987,0.0537236,0.0554648,0.176013,0.10683121399,0.0208809642324056,0.0334801963098059,0.0466305903753827,0.0517997230633306,0.0624294905981813,0.0721706996453999,0.0800024575968543,0.0889795031107831,0.0859925277148282,0.074418432244441,0.0720531573503455,0.0797780223393824,0.0906852888494828,0.12042308336605,0.152369470676949,0.236812015068205,0.243552520414311,1,0.979119035767594,0.966519803690194,0.953369409624617,0.948200276936669,0.937570509401819,0.9278293003546,0.919997542403146,0.911020496889217,0.914007472285172,0.925581567755559,0.927946842649654,0.920221977660618,0.909314711150517,0.87957691663395,0.847630529323051,0.763187984931796,0.756447479585689,0,100000,2088.09642324055,98134.9774525824,4843590.6816315,48.435906816315,2023.5,"Total","GMoH report",29.606413183685
0,1,0.0224035,0.00995037,0.0102056,0.0117639,0.014523,0.0166397,0.0180912,0.0206814,0.0188193,0.017532,0.015076,0.0174193,0.0206056,0.0281235,0.0348682,0.0565606,0.0571731,0.17778,0.104584935925,0.0219629144613671,0.0390248564777,0.0497584625855912,0.0571390546864356,0.070070900770283,0.079875729557217,0.086541883684708,0.0983233392301157,0.0898683513391097,0.0839791920140253,0.0726421185517833,0.0834618811348685,0.0979806260306568,0.131380314325189,0.160362151106933,0.247768204264669,0.25011576577887,1,0.978037085538633,0.9609751435223,0.950241537414409,0.942860945313564,0.929929099229717,0.920124270442783,0.913458116315292,0.901676660769884,0.91013164866089,0.916020807985975,0.927357881448217,0.916538118865132,0.902019373969343,0.868619685674811,0.839637848893067,0.752231795735331,0.74988423422113,0,100000,2196.29144613672,98033.4075540301,4642456.26397706,46.4245626397706,2023.5,"Total","GMoH report",31.6177573602294
0,1,0.0216253,0.00890357,0.0093111,0.0107113,0.0130777,0.015065,0.0165101,0.0188356,0.0175161,0.0160554,0.0151002,0.0162182,0.0194848,0.0258735,0.0326002,0.0548196,0.0552428,0.173764,0.106137795115,0.0212152091929245,0.0349911870337243,0.0454964451245031,0.0521597530917703,0.0633183539077515,0.072591039957597,0.0792782696025859,0.0899426887303754,0.0839062254126248,0.0771791448927234,0.0727544819299051,0.0779312389511079,0.0928987176650977,0.12150791256089,0.15071745228042,0.241060851379316,0.242695985526844,1,0.978784790807075,0.965008812966276,0.954503554875497,0.94784024690823,0.936681646092248,0.927408960042403,0.920721730397414,0.910057311269625,0.916093774587375,0.922820855107277,0.927245518070095,0.922068761048892,0.907101282334902,0.87849208743911,0.84928254771958,0.758939148620684,0.757304014473156,0,100000,2121.52091929245,98103.6526333716,4832459.75983435,48.3245975983435,2023.5,"Total","GMoH report",29.7177224016565
0,1,0.0213699,0.00855539,0.00930706,0.0105899,0.0130014,0.0148564,0.0169668,0.0184138,0.0178018,0.0159261,0.0150176,0.0160557,0.0191422,0.0257871,0.0325814,0.0546123,0.0550218,0.174859,0.106647433045,0.0209695729234746,0.0336458532078482,0.0454771535091528,0.0515838309710005,0.0629605613927701,0.0716218913339652,0.081382018904143,0.0880171734297483,0.0852164830309491,0.0765813927041366,0.0723709066796203,0.077180531356739,0.0913398841729609,0.121126732115651,0.150637082408074,0.240258787542704,0.241842478755963,1,0.979030427076525,0.966354146792152,0.954522846490847,0.948416169029,0.93703943860723,0.928378108666035,0.918617981095857,0.911982826570252,0.914783516969051,0.923418607295863,0.92762909332038,0.922819468643261,0.908660115827039,0.878873267884349,0.849362917591926,0.759741212457296,0.758157521244037,0,100000,2096.95729234746,98126.6778200864,4846589.01104327,48.4658901104327,2023.5,"Total","GMoH report",29.5764298895673
0,1,0.0217784,0.00875078,0.00938759,0.0106371,0.0128275,0.0149884,0.0168077,0.0182001,0.0178452,0.0160811,0.015032,0.0165683,0.019946,0.0267282,0.0340274,0.0540997,0.0563687,0.174353,0.10583229172,0.0213623984364426,0.034401047994462,0.0458616246769962,0.0518077884341186,0.0621446003476028,0.0722352721184496,0.0806496617025069,0.0870401513533832,0.0854153643502426,0.0772979113927549,0.0724377879296054,0.0795466193658999,0.0949931657879822,0.125270371163659,0.156798395677324,0.238272344157021,0.247031402460335,1,0.978637601563557,0.965598952005538,0.954138375323004,0.948192211565881,0.937855399652397,0.92776472788155,0.919350338297493,0.912959848646617,0.914584635649757,0.922702088607245,0.927562212070395,0.9204533806341,0.905006834212018,0.874729628836341,0.843201604322676,0.761727655842979,0.752968597539665,0,100000,2136.23984364426,98089.8433146722,4830478.23195904,48.3047823195904,2023.5,"Total","GMoH report",29.7375376804096
0,1,0.022509,0.00917215,0.0101574,0.0112862,0.0134881,0.0156082,0.0174113,0.0193712,0.0185444,0.0165813,0.0155217,0.0175027,0.0201914,0.0266134,0.0337884,0.0573324,0.0562542,0.175837,0.10437441595,0.022064193876822,0.0360276971157987,0.049529278272195,0.0548824638414807,0.0652405716149993,0.0751101638514351,0.0834251492472772,0.0923821187530284,0.0886137766984817,0.0796065497899209,0.0747094556072523,0.0838447272317041,0.0961057270567651,0.124765888741423,0.155782865563026,0.250725293025379,0.246591483431824,1,0.977935806123178,0.963972302884201,0.950470721727805,0.945117536158519,0.934759428385001,0.924889836148565,0.916574850752723,0.907617881246972,0.911386223301518,0.920393450210079,0.925290544392748,0.916155272768296,0.903894272943235,0.875234111258577,0.844217134436974,0.749274706974621,0.753408516568176,0,100000,2206.4193876822,98023.8743472479,4730804.5369787,47.308045369787,2023.5,"Total","GMoH report",30.734274630213
0,1,0.0214464,0.00841586,0.00924607,0.010504,0.0127075,0.0146403,0.016534,0.0183147,0.0174582,0.0159636,0.0148386,0.0162535,0.0192871,0.0250197,0.0329607,0.0532866,0.0533131,0.175604,0.10649478112,0.0210431610507949,0.0331062056167957,0.04518587069144,0.0511761152144681,0.0615811440305786,0.0706168696096351,0.0793884772911695,0.0875642189958899,0.0836404698721932,0.0767547929674616,0.0715391479963533,0.0780942382466454,0.0919994915178645,0.117734307374458,0.152257237204208,0.235112178476046,0.235215351155746,1,0.978956838949205,0.966893794383204,0.95481412930856,0.948823884785532,0.938418855969421,0.929383130390365,0.920611522708831,0.91243578100411,0.916359530127807,0.923245207032538,0.928460852003647,0.921905761753355,0.908000508482136,0.882265692625542,0.847742762795792,0.764887821523954,0.764784648844254,0,100000,2104.3161050795,98119.7825779382,4872485.32037373,48.7248532037373,2023.5,"Total","GMoH report",29.3174667962627
0,1,0.0223565,0.0093657,0.0104549,0.0114061,0.014561,0.0161066,0.0181478,0.0202326,0.0191029,0.0172894,0.0166567,0.018253,0.0213564,0.0276597,0.0350414,0.0571077,0.0567982,0.181406,0.104678722075,0.021917788071233,0.0367739720204953,0.0509429903260992,0.0554493479800129,0.0702478043038298,0.0774157391399223,0.0868008871504286,0.09629238664492,0.0911609058300479,0.0828652728777678,0.0799540725014142,0.0872820995904393,0.101369766781755,0.129353782926004,0.161094553299985,0.249865403711204,0.248679613886394,1,0.978082211928767,0.963226027979505,0.949057009673901,0.944550652019987,0.92975219569617,0.922584260860078,0.913199112849571,0.90370761335508,0.908839094169952,0.917134727122232,0.920045927498586,0.912717900409561,0.898630233218245,0.870646217073996,0.838905446700015,0.750134596288796,0.751320386113606,0,100000,2191.77880712331,98037.6537974774,4646843.2335412,46.468432335412,2023.5,"Total","GMoH report",31.573887664588
0,1,0.0218951,0.00864492,0.00974017,0.0107942,0.0133421,0.0153281,0.0170794,0.0187674,0.0180466,0.0166331,0.0150058,0.0165722,0.0201721,0.0262409,0.0329754,0.0555301,0.059472,0.177841,0.105599422705,0.021474563829555,0.0339919643746761,0.047543153994396,0.0525528354587285,0.0645571791501519,0.0738120054963775,0.0818999931427925,0.0896316188891494,0.0863377432085322,0.079845312338362,0.072316097750923,0.0795645988858594,0.0960182744166021,0.123127086114918,0.152319970141491,0.243804306235746,0.25887105199011,1,0.978525436170445,0.966008035625324,0.952456846005604,0.947447164541272,0.935442820849848,0.926187994503623,0.918100006857207,0.91036838111085,0.913662256791468,0.920154687661638,0.927683902249077,0.920435401114141,0.903981725583398,0.876872913885082,0.847680029858509,0.756195693764254,0.74112894800989,0,100000,2147.4563829555,98079.3137713688,4790278.2256923,47.902782256923,2023.5,"Total","GMoH report",30.139537743077
0,1,0.0217516,0.00854928,0.00942358,0.0103526,0.0128369,0.0148351,0.0163457,0.0179023,0.0168445,0.0160817,0.0144587,0.0158086,0.0193911,0.0254226,0.032763,0.0546578,0.0537731,0.174349,0.10588576978,0.0213366362417451,0.0336222283118757,0.0460334013981315,0.0504570947034331,0.0621887239246298,0.0715228774035755,0.0785198454073142,0.0856769632519371,0.0808191064053862,0.077300683976248,0.0697714874847603,0.0760378693466177,0.0924726347316383,0.119516922702273,0.151413129126104,0.240434894111571,0.237004353056627,1,0.978663363758255,0.966377771688124,0.953966598601868,0.949542905296567,0.93781127607537,0.928477122596424,0.921480154592686,0.914323036748063,0.919180893594614,0.922699316023752,0.93022851251524,0.923962130653382,0.907527365268362,0.880483077297727,0.848586870873896,0.759565105888429,0.762995646943373,0,100000,2133.66362417451,98092.2609911228,4876396.23762494,48.7639623762494,2023.5,"Total","GMoH report",29.2783576237506
0,1,0.0225656,0.00944315,0.0102851,0.0113623,0.0143057,0.0163046,0.0182671,0.0201219,0.0194077,0.017374,0.0158771,0.0178994,0.0217052,0.026886,0.0348086,0.0568655,0.0560275,0.178731,0.10426147348,0.0221185210481285,0.0370724387991084,0.0501363564019264,0.0552423010081381,0.0690586685145775,0.0783301457634626,0.0873465782988908,0.0957907692981489,0.092548133951761,0.0832538682332872,0.0763547692335067,0.0856636788662535,0.10294015819582,0.125963371954105,0.16010998862488,0.248937597608049,0.245719830492679,1,0.977881478951871,0.962927561200892,0.949863643598074,0.944757698991862,0.930941331485422,0.921669854236537,0.912653421701109,0.904209230701851,0.907451866048239,0.916746131766713,0.923645230766493,0.914336321133747,0.89705984180418,0.874036628045895,0.83989001137512,0.751062402391951,0.754280169507321,0,100000,2211.85210481285,98018.7588547548,4655936.96172273,46.5593696172273,2023.5,"Total","GMoH report",31.4829503827727
0,1,0.0217069,0.00917682,0.00958484,0.0110256,0.0136246,0.0151302,0.017174,0.0188391,0.0186944,0.0168195,0.0150302,0.0173739,0.0202869,0.0272445,0.0336433,0.0550172,0.0555832,0.177358,0.105974966395,0.0212936642491825,0.0360457100148432,0.0468027088111953,0.0536492130903769,0.0658790603847063,0.0728937571875041,0.0823349489661388,0.089958649992324,0.0892985432812094,0.0807039977736166,0.0724294280271652,0.0832534089937104,0.0965383408333688,0.127535872316671,0.155165777956214,0.241824704648528,0.244008997697896,1,0.978706335750817,0.963954289985157,0.953197291188805,0.946350786909623,0.934120939615294,0.927106242812496,0.917665051033861,0.910041350007676,0.910701456718791,0.919296002226383,0.927570571972835,0.91674659100629,0.903461659166631,0.872464127683329,0.844834222043786,0.758175295351472,0.755991002302104,0,100000,2129.36642491826,98096.2931104051,4764673.14549875,47.6467314549875,2023.5,"Total","GMoH report",30.3955885450125
0,1,0.0225029,0.00955451,0.01018,0.0118607,0.0146567,0.0165796,0.0177876,0.0203194,0.019584,0.0172861,0.0161267,0.0172935,0.021029,0.0281846,0.0344671,0.0564523,0.0550734,0.176825,0.104386588195,0.0220583384733192,0.0375014245286535,0.0496367448437271,0.0575956870854636,0.0706931782363579,0.0795987129470574,0.0851514022914993,0.0966855205826807,0.0933496034167175,0.0828501117099275,0.0775086049513285,0.0828841091462005,0.0998933565146344,0.131646957877514,0.158663797557974,0.247352461582514,0.242041833251515,1,0.977941661526681,0.962498575471347,0.950363255156273,0.942404312914536,0.929306821763642,0.920401287052943,0.914848597708501,0.903314479417319,0.906650396583283,0.917149888290072,0.922491395048672,0.9171158908538,0.900106643485366,0.868353042122486,0.841336202442026,0.752647538417486,0.757958166748485,0,100000,2205.83384733192,98024.4256221161,4644354.43892287,46.4435443892287,2023.5,"Total","GMoH report",31.5987756107713
0,1,0.0215413,0.00894726,0.00968193,0.0109037,0.0133944,0.0149872,0.0168265,0.0189875,0.0178635,0.0165764,0.0153053,0.0161913,0.0202172,0.0260988,0.0337423,0.0541847,0.0548223,0.176776,0.106305412915,0.0211344337621223,0.0351598709854534,0.0472655945552688,0.0530718024685589,0.0648020389245718,0.0722296976870612,0.0807362295823322,0.0906351621468421,0.0854992120632695,0.0795839610693261,0.0737062589858593,0.0778070084598116,0.0962226201116946,0.12250116639615,0.155586854221965,0.238602048902132,0.241071293118213,1,0.978865566237878,0.964840129014547,0.952734405444731,0.946928197531441,0.935197961075428,0.927770302312939,0.919263770417668,0.909364837853158,0.914500787936731,0.920416038930674,0.926293741014141,0.922192991540188,0.903777379888305,0.87749883360385,0.844413145778035,0.761397951097868,0.758928706881787,0,100000,2113.44337621224,98111.2270945685,4796779.34988561,47.9677934988561,2023.5,"Total","GMoH report",30.0745265011439
0,1,0.021178,0.00863454,0.00930376,0.0102321,0.0128057,0.0150398,0.0161791,0.0179232,0.0174396,0.0151711,0.0146102,0.0156673,0.0197166,0.0253587,0.0321074,0.0531161,0.0538571,0.172826,0.1070303599,0.0207849297289913,0.0339518429086629,0.0454613952239286,0.0498844434650531,0.0620422634668078,0.0724740133355885,0.0777506607131401,0.0857726969931318,0.0835550819807225,0.0730836033625655,0.0704767996542294,0.0753838466485095,0.0939519666365352,0.119234424968856,0.148608424664794,0.234448080745751,0.237330648787911,1,0.979215070271009,0.966048157091337,0.954538604776071,0.950115556534947,0.937957736533192,0.927525986664411,0.92224933928686,0.914227303006868,0.916444918019278,0.926916396637435,0.929523200345771,0.92461615335149,0.906048033363465,0.880765575031144,0.851391575335206,0.765551919254249,0.762669351212089,0,100000,2078.49297289913,98143.9688780399,4886320.21955108,48.8632021955108,2023.5,"Total","GMoH report",29.1791178044892
0,1,0.022581,0.0095448,0.0103829,0.0114239,0.0142939,0.016082,0.018283,0.0204418,0.0192821,0.017771,0.0161492,0.0178348,0.0215652,0.0276767,0.0345476,0.0566563,0.0561482,0.177568,0.10423074355,0.0221333016167087,0.0374640267156097,0.0506010362517542,0.0555334777585843,0.0690036710653958,0.0773020702649958,0.0874192831169328,0.0972396179447429,0.0919767383344054,0.0850753163814626,0.0776125485763279,0.085367709917891,0.102310152735567,0.129428140462176,0.15900490533143,0.248135413876914,0.246184025279503,1,0.977866698383291,0.96253597328439,0.949398963748246,0.944466522241416,0.930996328934604,0.922697929735004,0.912580716883067,0.902760382055257,0.908023261665595,0.914924683618537,0.922387451423672,0.914632290082109,0.897689847264433,0.870571859537824,0.84099509466857,0.751864586123086,0.753815974720497,0,100000,2213.33016167086,98017.3668868017,4647488.92434364,46.4748892434364,2023.5,"Total","GMoH report",31.5674307565636
0,1,0.0221917,0.00936981,0.0102142,0.0115246,0.0139066,0.0159539,0.0176393,0.020377,0.0191322,0.0176789,0.0158497,0.0173664,0.0208564,0.0263744,0.0338673,0.0559613,0.0558403,0.178417,0.105007572235,0.0217595252891508,0.0367898128866334,0.0497993487304925,0.0560092883876201,0.0671968023703898,0.0767099430970596,0.0844714565894541,0.0969463124766578,0.0912943457935229,0.0846530672246072,0.0762280218069173,0.0832189653982688,0.0991140921226338,0.123714744600051,0.156118241683575,0.245465130483662,0.24499940000917,1,0.978240474710849,0.963210187113367,0.950200651269507,0.94399071161238,0.93280319762961,0.92329005690294,0.915528543410546,0.903053687523342,0.908705654206477,0.915346932775393,0.923771978193083,0.916781034601731,0.900885907877366,0.876285255399949,0.843881758316425,0.754534869516338,0.75500059999083,0,100000,2175.95252891508,98052.5389634449,4683595.40028691,46.8359540028691,2023.5,"Total","GMoH report",31.2063659971309
0,1,0.0228838,0.00992932,0.0105621,0.0117552,0.0144005,0.0165785,0.0183445,0.0205998,0.0199664,0.0181164,0.0160493,0.0180543,0.0212663,0.0284217,0.0343261,0.0580744,0.0572028,0.178548,0.10362652129,0.0224238326703529,0.0389439069712642,0.0514518997247919,0.0570980038624892,0.0695003987688239,0.0795936420146503,0.0877004478366514,0.0979543975056574,0.0950857020942628,0.0866572083754668,0.0771509530240767,0.0863729903029343,0.100963689713609,0.132680954302735,0.158066024583832,0.253558810533835,0.250229438664855,1,0.977576167329647,0.961056093028736,0.948548100275208,0.942901996137511,0.930499601231176,0.92040635798535,0.912299552163349,0.902045602494343,0.904914297905737,0.913342791624533,0.922849046975923,0.913627009697066,0.899036310286391,0.867319045697265,0.841933975416168,0.746441189466165,0.749770561335145,0,100000,2242.38326703529,97989.9871103265,4607876.5258366,46.078765258366,2023.5,"Total","GMoH report",31.963554741634
0,1,0.0218432,0.00899555,0.00924705,0.0103159,0.0126768,0.0148224,0.0173436,0.0189808,0.0179079,0.016408,0.0152094,0.0167062,0.0205999,0.0259707,0.0333686,0.0563303,0.0566334,0.176596,0.10570298656,0.0214246836201358,0.0353462815146419,0.0451905517706236,0.0502827211911603,0.0614369404822369,0.0714638360898543,0.0831142492660724,0.0906046291381371,0.0857026153370157,0.0788073235864825,0.0732613471660324,0.0801821523173881,0.0979548497277341,0.121936555730242,0.153996390139941,0.246883890900955,0.248047558500977,1,0.978575316379864,0.964653718485358,0.954809448229376,0.94971727880884,0.938563059517763,0.928536163910146,0.916885750733928,0.909395370861863,0.914297384662984,0.921192676413518,0.926738652833968,0.919817847682612,0.902045150272266,0.878063444269758,0.846003609860059,0.753116109099045,0.751952441499023,0,100000,2142.46836201358,98083.9969424616,4816248.873672,48.16248873672,2023.5,"Total","GMoH report",29.87983126328
0,1,0.0214142,0.0082825,0.00911282,0.010449,0.01258,0.0142117,0.0158826,0.0177225,0.0172452,0.0156776,0.0140875,0.0154794,0.0192095,0.0251354,0.0318246,0.053906,0.0558443,0.171942,0.10655903461,0.0210121880208989,0.0325901442603277,0.0445491783904499,0.0509149736020797,0.0609821125599884,0.0686204662977893,0.0763802092225065,0.084852982542238,0.0826621852090809,0.0754315363637588,0.0680411748724605,0.0745134415809785,0.0916463009545347,0.118246563330177,0.147395956599045,0.23752054390116,0.245014800009565,1,0.978987811979101,0.967409855739672,0.95545082160955,0.94908502639792,0.939017887440012,0.931379533702211,0.923619790777493,0.915147017457762,0.917337814790919,0.924568463636241,0.931958825127539,0.925486558419021,0.908353699045465,0.881753436669823,0.852604043400955,0.76247945609884,0.754985199990435,0,100000,2101.21880208989,98122.6850449652,4916836.94500256,49.1683694500256,2023.5,"Total","GMoH report",28.8739505499744
0,1,0.0211091,0.00889549,0.00931007,0.010664,0.0132043,0.01485,0.0167867,0.0183159,0.0174341,0.0161554,0.0144863,0.0165325,0.0195173,0.026638,0.0317223,0.0552873,0.0568544,0.173688,0.107167846405,0.0207186186146261,0.0349599875605107,0.0454915267537884,0.0519354021779362,0.0639117259912348,0.0715921417379776,0.0805529543049238,0.0875697050960769,0.083529831415306,0.0776411888443596,0.0699000184083286,0.0793815608625977,0.0930464607776604,0.124874014972881,0.146956967476547,0.242867745267658,0.248895052778303,1,0.979281381385374,0.965040012439489,0.954508473246212,0.948064597822064,0.936088274008765,0.928407858262022,0.919447045695076,0.912430294903923,0.916470168584694,0.92235881115564,0.930099981591671,0.920618439137402,0.90695353922234,0.875125985027119,0.853043032523453,0.757132254732342,0.751104947221697,0,100000,2071.8618614626,98150.175112279,4838989.4781168,48.389894781168,2023.5,"Total","GMoH report",29.652425218832
0,1,0.0213594,0.00854138,0.00946274,0.0104751,0.012649,0.0146511,0.0165996,0.0180314,0.0174764,0.015917,0.0149055,0.0165109,0.0194706,0.0260614,0.0332179,0.0532729,0.0533807,0.172781,0.10666838527,0.0209594717475658,0.0335916813691739,0.0462202739130794,0.051038905892221,0.0613063402552775,0.0706671223107813,0.0796909070483985,0.0862681607171136,0.0837240140999587,0.0765393095256987,0.0718500959857124,0.0792819587674656,0.0928341581030947,0.122336358092988,0.153354235824512,0.23505883541681,0.235478484196614,1,0.979040528252434,0.966408318630826,0.953779726086921,0.948961094107779,0.938693659744723,0.929332877689219,0.920309092951601,0.913731839282886,0.916275985900041,0.923460690474301,0.928149904014288,0.920718041232534,0.907165841896905,0.877663641907012,0.846645764175488,0.76494116458319,0.764521515803386,0,100000,2095.94717475658,98127.6241259859,4865315.77168614,48.6531577168614,2023.5,"Total","GMoH report",29.3891622831386
0,1,0.0207169,0.00830961,0.00873997,0.0095954,0.0123275,0.0139315,0.015099,0.0169579,0.0163655,0.0148142,0.0131367,0.0161828,0.0182717,0.0249934,0.0309479,0.0531577,0.0526412,0.17254,0.107950461895,0.0203409883430402,0.0326950733825394,0.0427654285926576,0.0468530652443851,0.0597947020269082,0.0673130699161576,0.0727489105008685,0.0813410658486145,0.0786112201899533,0.0714257130059675,0.0635949311692716,0.0777677501328743,0.0873676129654481,0.117617826535659,0.14362710666417,0.234610158891706,0.232595707151713,1,0.97965901165696,0.967304926617461,0.957234571407342,0.953146934755615,0.940205297973092,0.932686930083842,0.927251089499131,0.918658934151386,0.921388779810047,0.928574286994033,0.936405068830728,0.922232249867126,0.912632387034552,0.882382173464341,0.85637289333583,0.765389841108294,0.767404292848287,0,100000,2034.09883430402,98185.4830743992,4998229.43647301,49.9822943647301,2023.5,"Total","GMoH report",28.0600256352699
0,1,0.02159,0.00860214,0.00938497,0.0105376,0.0128665,0.0151988,0.0163467,0.0188273,0.0172213,0.0162892,0.0145157,0.0161114,0.0195524,0.0252926,0.0335,0.0540416,0.05561,0.174341,0.1062082345,0.0211812658704246,0.0338265977410162,0.0458491184959721,0.0513356145697739,0.0623276531275848,0.0732121576459277,0.07852446050371,0.089904836671344,0.0825523529119918,0.0782590564444141,0.0700369129564936,0.0774379168655317,0.0932059976298551,0.118942111854286,0.154555940023068,0.238046910239062,0.244112289019117,1,0.978818734129575,0.966173402258984,0.954150881504028,0.948664385430226,0.937672346872415,0.926787842354072,0.92147553949629,0.910095163328656,0.917447647088008,0.921740943555586,0.929963087043506,0.922562083134468,0.906794002370145,0.881057888145714,0.845444059976932,0.761953089760938,0.755887710980883,0,100000,2118.12658704245,98106.8358982148,4848575.64017859,48.4857564017859,2023.5,"Total","GMoH report",29.5565635982141
0,1,0.02062,0.00841813,0.00881373,0.0100105,0.0124141,0.0144377,0.0158351,0.0174313,0.0166901,0.0154678,0.0142003,0.0153061,0.0187008,0.025403,0.0325904,0.0536428,0.0548196,0.172279,0.108143821,0.0202476443144109,0.0331149874612064,0.0431185616001694,0.0488304567809849,0.0602021123914047,0.0696736807486385,0.0761604780356444,0.0835169763264039,0.0801079747275013,0.0744596813519604,0.0685673091014179,0.0737099695862883,0.0893277490752346,0.119430281403751,0.150675558218583,0.236497967123032,0.241060851379316,1,0.979752355685589,0.966885012538794,0.956881438399831,0.951169543219015,0.939797887608595,0.930326319251362,0.923839521964356,0.916483023673596,0.919892025272499,0.92554031864804,0.931432690898582,0.926290030413712,0.910672250924765,0.880569718596249,0.849324441781417,0.763502032876968,0.758939148620684,0,100000,2024.7644314411,98194.2013307998,4943629.03170055,49.4362903170055,2023.5,"Total","GMoH report",28.6060296829945
0,1,0.0224552,0.00944752,0.00972776,0.0114076,0.0136997,0.0155418,0.0178239,0.019865,0.0188051,0.0167921,0.015497,0.0170041,0.0208472,0.027115,0.0338619,0.056406,0.0565557,0.176112,0.10448177116,0.0220125487560417,0.0370892766344215,0.0474840171922937,0.0554564378489848,0.0662301664709933,0.0748025830373743,0.085317761860918,0.0946256534838579,0.0898035864415214,0.0805778228522086,0.0745950030926818,0.0815536346045518,0.0990725374910419,0.126968146752046,0.156095292073353,0.247174664662603,0.247749398375707,1,0.977987451243958,0.962910723365578,0.952515982807706,0.944543562151015,0.933769833529007,0.925197416962626,0.914682238139082,0.905374346516142,0.910196413558479,0.919422177147791,0.925404996907318,0.918446365395448,0.900927462508958,0.873031853247954,0.843904707926647,0.752825335337397,0.752250601624292,0,100000,2201.25487560417,98028.7361325735,4715810.28455219,47.1581028455219,2023.5,"Total","GMoH report",30.8842171544781
0,1,0.0219453,0.00889423,0.00959765,0.010787,0.0133568,0.015476,0.0176263,0.0189112,0.018262,0.0166299,0.0150751,0.0171925,0.0203352,0.0263531,0.0338909,0.055239,0.0553334,0.180759,0.105499251115,0.0215228054504012,0.0349551222068287,0.0468637942624915,0.0525187019063408,0.0646260083298496,0.0744976845834657,0.0844118294274092,0.0902873926502801,0.0873232567146908,0.0798305642489893,0.0726379394957684,0.0824199859776961,0.0967570643619664,0.123621008033013,0.156218533276453,0.242681316846755,0.243045645234898,1,0.978477194549599,0.965044877793171,0.953136205737508,0.947481298093659,0.93537399167015,0.925502315416534,0.915588170572591,0.90971260734972,0.912676743285309,0.920169435751011,0.927362060504232,0.917580014022304,0.903242935638034,0.876378991966987,0.843781466723547,0.757318683153245,0.756954354765102,0,100000,2152.28054504012,98074.783440651,4771718.53886628,47.7171853886628,2023.5,"Total","GMoH report",30.3251346113372
0,1,0.0206353,0.0085823,0.00900806,0.0101014,0.01234,0.0143304,0.0161437,0.018169,0.0169785,0.0157671,0.0138259,0.0158614,0.0191044,0.0251657,0.0326099,0.0554538,0.0544702,0.175263,0.108113290615,0.0202623839968528,0.0337498965260883,0.044048325111246,0.0492629383854822,0.05985351894068,0.069173780152265,0.0775871411726286,0.0868978810002655,0.08143585340731,0.0758458281090543,0.0668198873004324,0.0762821459265034,0.0911677376806352,0.118380668995641,0.150758916982714,0.243510099158246,0.239708566150212,1,0.979737616003147,0.966250103473912,0.955951674888754,0.950737061614518,0.94014648105932,0.930826219847735,0.922412858827371,0.913102118999735,0.91856414659269,0.924154171890946,0.933180112699568,0.923717854073497,0.908832262319365,0.881619331004359,0.849241083017287,0.756489900841754,0.760291433849788,0,100000,2026.23839968529,98192.8249012752,4914847.03371482,49.1484703371482,2023.5,"Total","GMoH report",28.8938496628518
0,1,0.0216079,0.00891227,0.00980778,0.0108709,0.0133932,0.0150426,0.0176487,0.019187,0.0181284,0.0166818,0.0154461,0.0166242,0.0199545,0.0259551,0.033456,0.0554528,0.0557548,0.179764,0.106172515945,0.0211984782116905,0.0350247794182679,0.0478652699077602,0.0529163783563158,0.0647964214215425,0.0724870169953638,0.0845145693019037,0.0915438694425161,0.086712120009069,0.0800697318673386,0.0743591045866118,0.0798042936536092,0.0950317236748267,0.121867774326449,0.15436860950131,0.243506242578814,0.244670160358158,1,0.978801521788309,0.964975220581732,0.95213473009224,0.947083621643684,0.935203578578457,0.927512983004636,0.915485430698096,0.908456130557484,0.913287879990931,0.919930268132661,0.925640895413388,0.920195706346391,0.904968276325173,0.878132225673551,0.84563139049869,0.756493757421186,0.755329839641842,0,100000,2119.84782116905,98105.221755425,4774265.51493955,47.7426551493955,2023.5,"Total","GMoH report",30.2996648506046
0,1,0.0225202,0.00945994,0.0102759,0.0114812,0.0141702,0.0163582,0.0178523,0.0199136,0.0192906,0.0174082,0.0163257,0.0176694,0.0210234,0.0260633,0.0335517,0.0556427,0.0561827,0.17923,0.10435206691,0.0220749446017769,0.0371371299576567,0.0500926327868637,0.0558042505951669,0.0684269413878642,0.0785775325188744,0.0854478963021144,0.0948461778804021,0.0920154184234037,0.0834109152623259,0.0784275388235701,0.0846095021564903,0.099868083341686,0.122344731404934,0.154776004799428,0.244238303389915,0.246316662161893,1,0.977925055398223,0.962862870042343,0.949907367213136,0.944195749404833,0.931573058612136,0.921422467481126,0.914552103697886,0.905153822119598,0.907984581576596,0.916589084737674,0.92157246117643,0.91539049784351,0.900131916658314,0.877655268595066,0.845223995200572,0.755761696610085,0.753683337838107,0,100000,2207.49446017768,98022.8621494342,4669600.42800545,46.6960042800545,2023.5,"Total","GMoH report",31.3463157199455
0,1,0.021782,0.00844809,0.00903767,0.0102414,0.0128944,0.0146691,0.0165076,0.0176893,0.0177844,0.0160161,0.0144838,0.0157649,0.0191141,0.0256434,0.0311013,0.0541247,0.0553117,0.175565,0.1058251081,0.0213658589284333,0.0332308849857219,0.0441899153200242,0.0499286517645464,0.0624585850522555,0.0707508709956927,0.0792667408709949,0.0847007572374969,0.0851367355985527,0.076997500817877,0.0698883768195524,0.075835646539667,0.0912119158004944,0.12049241219293,0.144287665103306,0.238369328953039,0.242961909390863,1,0.978634141071567,0.966769115014278,0.955810084679976,0.950071348235454,0.937541414947744,0.929249129004307,0.920733259129005,0.915299242762503,0.914863264401447,0.923002499182123,0.930111623180448,0.924164353460333,0.908788084199506,0.87950758780707,0.855712334896694,0.761630671046961,0.757038090609137,0,100000,2136.58589284333,98089.5185402317,4884654.68521109,48.8465468521109,2023.5,"Total","GMoH report",29.1957731478891
0,1,0.0228611,0.00901608,0.00958756,0.0108808,0.0128495,0.0150489,0.0164965,0.0187955,0.0177139,0.0162352,0.0148064,0.0166103,0.0201071,0.0261551,0.0335903,0.0550453,0.0565464,0.17301,0.103671818005,0.0224020583426892,0.0354255213312711,0.0468156796558958,0.0529632925169538,0.0622478651421402,0.0725162745883678,0.0792155516312862,0.0897597992337549,0.0848135530084108,0.0780097406466344,0.0713894481859489,0.0797402272579435,0.0957236856982422,0.122749205629594,0.154940274263516,0.241933275654094,0.247713704455889,1,0.977597941657311,0.964574478668729,0.953184320344104,0.947036707483046,0.93775213485786,0.927483725411632,0.920784448368714,0.910240200766245,0.915186446991589,0.921990259353366,0.928610551814051,0.920259772742057,0.904276314301758,0.877250794370406,0.845059725736484,0.758066724345906,0.752286295544111,0,100000,2240.20583426893,97992.0403772751,4810868.50323176,48.1086850323176,2023.5,"Total","GMoH report",29.9336349676824
0,1,0.0210893,0.00844185,0.0093438,0.0102361,0.0128542,0.0152371,0.0161772,0.017755,0.0177935,0.0161248,0.0145341,0.0155864,0.0197907,0.0255551,0.0325126,0.0547943,0.0541741,0.177308,0.107207356315,0.0206995609679196,0.033206747241597,0.0456525785904171,0.0499034580330692,0.062269924830606,0.0733898777349134,0.077741884947085,0.0850019748417134,0.0851784434176214,0.0774998269749844,0.0701225785767685,0.075009191831109,0.0942884156318851,0.120102426219307,0.150342903305014,0.240963002394709,0.238560939516366,1,0.97930043903208,0.966793252758403,0.954347421409583,0.950096541966931,0.937730075169394,0.926610122265087,0.922258115052915,0.914998025158287,0.914821556582379,0.922500173025016,0.929877421423231,0.924990808168891,0.905711584368115,0.879897573780693,0.849657096694986,0.759036997605291,0.761439060483634,0,100000,2069.95609679195,98151.9584240332,4870875.39888543,48.7087539888543,2023.5,"Total","GMoH report",29.3335660111457
0,1,0.0212657,0.00812057,0.00866168,0.0099162,0.0122126,0.0132782,0.0158261,0.0171658,0.0162287,0.0151804,0.0138491,0.015403,0.018663,0.0247822,0.0309469,0.0536918,0.0527351,0.169037,0.106855358935,0.0208693217513274,0.031963161814134,0.0423904683208859,0.0483815960432889,0.0592538898616879,0.0642579260169058,0.0761188391012493,0.0822972544729218,0.0779797260496453,0.0731267660997484,0.0669282595999363,0.074159310356449,0.0891552394169057,0.116681913696007,0.143622799003775,0.236688430339715,0.23296227749958,1,0.979130678248673,0.968036838185866,0.957609531679114,0.951618403956711,0.940746110138312,0.935742073983094,0.923881160898751,0.917702745527078,0.922020273950355,0.926873233900252,0.933071740400064,0.925840689643551,0.910844760583094,0.883318086303993,0.856377200996225,0.763311569660285,0.76703772250042,0,100000,2086.93217513275,98136.0677115141,4992753.77460544,49.9275377460544,2023.5,"Total","GMoH report",28.1147822539456
0,1,0.0221138,0.00920676,0.00997971,0.0110369,0.0134887,0.015409,0.0170225,0.0196898,0.0178195,0.0163715,0.0158327,0.0170128,0.0194709,0.0267376,0.0335207,0.0540607,0.0564737,0.173372,0.10516301779,0.0216846978630108,0.0361611852914129,0.0486839214555276,0.0537027210938969,0.0652433790814598,0.0741871264223933,0.0816382809081045,0.0938302527247505,0.085297598604182,0.0786389078022871,0.0761493744960413,0.0815936585159976,0.0928355220826999,0.125311666935372,0.154644057365658,0.238121026549975,0.247434627668582,1,0.978315302136989,0.963838814708587,0.951316078544472,0.946297278906103,0.93475662091854,0.925812873577607,0.918361719091896,0.906169747275249,0.914702401395818,0.921361092197713,0.923850625503959,0.918406341484002,0.9071644779173,0.874688333064628,0.845355942634342,0.761878973450026,0.752565372331418,0,100000,2168.46978630108,98059.5730404128,4760831.56642563,47.6083156642563,2023.5,"Total","GMoH report",30.4340043357437
0,1,0.0210221,0.00787851,0.00863409,0.0100021,0.0119532,0.0142376,0.0159577,0.0170365,0.015892,0.0149368,0.0136112,0.0151477,0.0182713,0.0244451,0.0310757,0.0525522,0.0527542,0.171261,0.107341450555,0.0206348750696611,0.0310251756862089,0.042258295190203,0.0487904818048493,0.058031834684134,0.0687412248429404,0.076727513398598,0.0817026807006101,0.0764236869187193,0.0719955424536941,0.0658163995559115,0.0729749917920779,0.0873657838823749,0.115186157173213,0.144177461174453,0.232248125188652,0.233036822187403,1,0.979365124930339,0.968974824313791,0.957741704809797,0.951209518195151,0.941968165315866,0.93125877515706,0.923272486601402,0.91829731929939,0.923576313081281,0.928004457546306,0.934183600444089,0.927025008207922,0.912634216117625,0.884813842826787,0.855822538825547,0.767751874811348,0.766963177812597,0,100000,2063.48750696611,98158.0102352338,4998194.74396245,49.9819474396245,2023.5,"Total","GMoH report",28.0603725603755
0,1,0.0216916,0.00904347,0.00959446,0.010936,0.0134359,0.0155468,0.0167422,0.0190994,0.0186042,0.0170225,0.0156246,0.0167589,0.0199407,0.0261006,0.0338558,0.0561557,0.0574417,0.176455,0.10600549678,0.0212789548650229,0.0355312287966291,0.0468485828641335,0.0532248330640294,0.064996290839765,0.0748257476654856,0.0803479945155542,0.0911449646551629,0.0888868291335825,0.0816382809081045,0.0751861174723537,0.0804249171403418,0.0949691230214171,0.122509097616854,0.156069366826489,0.24621286109107,0.251143260441713,1,0.978721045134977,0.964468771203371,0.953151417135866,0.946775166935971,0.935003709160235,0.925174252334514,0.919652005484446,0.908855035344837,0.911113170866418,0.918361719091896,0.924813882527646,0.919575082859658,0.905030876978583,0.877490902383146,0.843930633173511,0.75378713890893,0.748856739558287,0,100000,2127.89548650228,98097.6731316403,4768870.13671412,47.6887013671412,2023.5,"Total","GMoH report",30.3536186328588
0,1,0.0211442,0.00903684,0.00984841,0.0103793,0.0133023,0.0151997,0.0168251,0.0184836,0.0176681,0.0160994,0.0148366,0.0167935,0.0202827,0.0265525,0.0321713,0.0547392,0.0557063,0.175443,0.10709780611,0.0207524008444832,0.0355056423814041,0.0480587932499238,0.050583935398301,0.0643708007431848,0.0732163342121875,0.0807297833071953,0.0883360781641144,0.0846035404667007,0.0773824715921244,0.0715298505483846,0.0805842701481669,0.096519319020269,0.124498156733345,0.14888216778856,0.240749862778489,0.244483343767685,1,0.979247599155517,0.964494357618596,0.951941206750076,0.949416064601699,0.935629199256815,0.926783665787812,0.919270216692805,0.911663921835886,0.915396459533299,0.922617528407876,0.928470149451615,0.919415729851833,0.903480680979731,0.875501843266655,0.85111783221144,0.759250137221511,0.755516656232315,0,100000,2075.24008444832,98147.0135757476,4813240.57230912,48.1324057230912,2023.5,"Total","GMoH report",29.9099142769088
0,1,0.0221719,0.00931742,0.0101543,0.0111151,0.0137021,0.0158157,0.0173864,0.0193672,0.0186553,0.0171437,0.0151868,0.0171482,0.0203613,0.0268557,0.0343928,0.0555619,0.0550625,0.17477,0.105047082145,0.021740507317918,0.0365878708802067,0.0495145363586338,0.0540729348058488,0.0662413848032195,0.0760707207544111,0.0833108122353771,0.0923639235495766,0.0891200947414257,0.0821956558375447,0.0731564683655646,0.0822163442153172,0.0968752356603712,0.125830345008864,0.158348849244278,0.243926895554698,0.241999725312457,1,0.978259492682082,0.963412129119793,0.950485463641366,0.945927065194151,0.93375861519678,0.923929279245589,0.916689187764623,0.907636076450423,0.910879905258574,0.917804344162455,0.926843531634435,0.917783655784683,0.903124764339629,0.874169654991136,0.841651150755722,0.756073104445302,0.758000274687543,0,100000,2174.05073179179,98054.3269540181,4726771.79044345,47.2677179044345,2023.5,"Total","GMoH report",30.7746020955655
0,1,0.0213142,0.00821707,0.00899896,0.0101615,0.0127102,0.0143617,0.0155851,0.0177362,0.0168243,0.0151488,0.0144098,0.016058,0.0194042,0.0252633,0.0317594,0.0539207,0.0534711,0.172668,0.10675857961,0.020915986262618,0.032336851652779,0.04400480627139,0.0495487752994857,0.0615938254009714,0.0693196306511919,0.075003170229154,0.0849157913534905,0.0807260997019607,0.0729800977384494,0.0695437221803152,0.0771911608477664,0.0925322159387054,0.11881250980275,0.147116194806645,0.237577620936873,0.23583024364728,1,0.979084013737382,0.967663148347221,0.95599519372861,0.950451224700514,0.938406174599029,0.930680369348808,0.924996829770846,0.915084208646509,0.919273900298039,0.927019902261551,0.930456277819685,0.922808839152234,0.907467784061295,0.88118749019725,0.852883805193355,0.762422379063127,0.76416975635272,0,100000,2091.5986262618,98131.6974721921,4928863.32529604,49.2886332529604,2023.5,"Total","GMoH report",28.7536867470396
0,1,0.0215229,0.00857179,0.00915302,0.0101076,0.0124155,0.0148245,0.0158716,0.0177502,0.0170258,0.0159621,0.0153036,0.0162616,0.0193078,0.0259138,0.0329487,0.0541875,0.0531261,0.1733,0.106342129195,0.0211167383530558,0.0337092625605522,0.0447413048545994,0.0492924295965254,0.0602086972967796,0.0714735990762358,0.0763293285716072,0.0849799712842747,0.0816534612486805,0.076747857557215,0.0736983739124823,0.0781316364516929,0.0920936839238383,0.121685655642057,0.152206023484999,0.238612907664786,0.234487044555588,1,0.978883261646944,0.966290737439448,0.955258695145401,0.950707570403475,0.93979130270322,0.928526400923764,0.923670671428393,0.915020028715725,0.918346538751319,0.923252142442785,0.926301626087518,0.921868363548307,0.907906316076162,0.878314344357943,0.847793976515001,0.761387092335214,0.765512955444412,0,100000,2111.67383530557,98112.8860565062,4893595.3517341,48.935953517341,2023.5,"Total","GMoH report",29.106366482659
0,1,0.0208104,0.00826772,0.00870852,0.0101711,0.0124239,0.0139741,0.0154508,0.0172541,0.0168618,0.015494,0.0142472,0.0153683,0.0182592,0.0252251,0.0307002,0.0528223,0.0552228,0.174061,0.10776388732,0.0204310407183027,0.0325329336279707,0.0426148199699874,0.0495944253507865,0.0602482057902076,0.067511953042473,0.0743808893856986,0.0827030818870324,0.0808987534957629,0.0745811010507974,0.0687859809311928,0.073998425012212,0.0873104524658394,0.118643513753069,0.142559488015097,0.233302555991611,0.242618779199987,1,0.979568959281697,0.967467066372029,0.957385180030013,0.950405574649213,0.939751794209792,0.932488046957527,0.925619110614301,0.917296918112968,0.919101246504237,0.925418898949203,0.931214019068807,0.926001574987788,0.912689547534161,0.881356486246931,0.857440511984903,0.766697444008389,0.757381220800013,0,100000,2043.10407183027,98177.0687651495,4962105.04790061,49.6210504790061,2023.5,"Total","GMoH report",28.4212695209939
0,1,0.0214918,0.0083417,0.00855754,0.0098963,0.0123318,0.014025,0.0153737,0.0171905,0.0168486,0.0151436,0.0143088,0.0155568,0.0186873,0.0255256,0.032054,0.0529629,0.0536392,0.170072,0.10640418769,0.02108682784078,0.032819263105899,0.0418914799614272,0.0482868471854954,0.0598149354476177,0.0677495320330898,0.0740234636906477,0.0824107931508508,0.0808379829031452,0.0729559602990387,0.0690731164773715,0.0748720752494003,0.0892661420587632,0.11997210038597,0.148379600698061,0.233850940110106,0.236483972284582,1,0.97891317215922,0.967180736894101,0.958108520038573,0.951713152814505,0.940185064552382,0.93225046796691,0.925976536309352,0.917589206849149,0.919162017096855,0.927044039700961,0.930926883522629,0.9251279247506,0.910733857941237,0.88002789961403,0.851620399301939,0.766149059889894,0.763516027715418,0,100000,2108.682784078,98115.6898946577,4967659.24837294,49.6765924837294,2023.5,"Total","GMoH report",28.3657275162706
0,1,0.021053,0.00865438,0.00905776,0.010113,0.012243,0.0143963,0.0159749,0.0176443,0.0166115,0.0149536,0.014264,0.0158834,0.0195064,0.0239946,0.0319045,0.0548169,0.0554495,0.172198,0.10727979115,0.020664620067833,0.0340285283693025,0.0442859707636398,0.049318114763492,0.0593970061347312,0.0694808327197902,0.0768070381169633,0.0844943891249084,0.079745758338404,0.0720736005182266,0.0688642990942974,0.076383909528488,0.0929969125620014,0.113183516959886,0.147738678342087,0.241050409516445,0.243493515746532,1,0.979335379932167,0.965971471630697,0.95571402923636,0.950681885236508,0.940602993865269,0.93051916728021,0.923192961883037,0.915505610875092,0.920254241661596,0.927926399481773,0.931135700905703,0.923616090471512,0.907003087437999,0.886816483040114,0.852261321657913,0.758949590483555,0.756506484253468,0,100000,2066.4620067833,98155.2276057238,4931162.01395246,49.3116201395246,2023.5,"Total","GMoH report",28.7306998604754
0,1,0.0222445,0.00922786,0.00989543,0.0112646,0.0135187,0.0159373,0.0174738,0.0193606,0.0181228,0.0171989,0.0148479,0.0171201,0.0204074,0.0269689,0.0336256,0.0563037,0.0573102,0.177433,0.104902212475,0.0218102363248928,0.0362425575065748,0.048282704688852,0.0547803044560606,0.0653837420169874,0.0766331848574292,0.0837120796562563,0.0923339007050257,0.0866864949722904,0.0824494024313103,0.0715823799517847,0.0820871494804494,0.0970839238319782,0.126327233669712,0.155090474363137,0.246781693858717,0.250640374957742,1,0.978189763675107,0.963757442493425,0.951717295311148,0.945219695543939,0.934616257983013,0.923366815142571,0.916287920343744,0.907666099294974,0.91331350502771,0.91755059756869,0.928417620048215,0.917912850519551,0.902916076168022,0.873672766330288,0.844909525636863,0.753218306141283,0.749359625042258,0,100000,2181.02363248928,98047.7705720191,4734352.71720186,47.3435271720186,2023.5,"Total","GMoH report",30.6987928279814
0,1,0.022374,0.00980034,0.0103694,0.0118685,0.0144747,0.0169214,0.0182912,0.0207294,0.0195223,0.0172627,0.0161836,0.0181529,0.0206154,0.0272857,0.0343285,0.0588081,0.0585739,0.175317,0.1046438017,0.0219345909294827,0.0384477578025939,0.0505369065042374,0.0576324725003247,0.0698460002504375,0.0811730940172416,0.0874567765231494,0.0985402969224399,0.0930691884555362,0.0827425983678867,0.0777714451025941,0.0868242214749676,0.098024941549929,0.127716420184434,0.158076202689899,0.256351620644884,0.255461115427633,1,0.978065409070517,0.961552242197406,0.949463093495763,0.942367527499675,0.930153999749562,0.918826905982758,0.912543223476851,0.90145970307756,0.906930811544464,0.917257401632113,0.922228554897406,0.913175778525032,0.901975058450071,0.872283579815566,0.841923797310101,0.743648379355116,0.744538884572367,0,100000,2193.45909294827,98036.0728054113,4621454.35451449,46.2145435451449,2023.5,"Total","GMoH report",31.8277764548551
0,1,0.0222825,0.00913275,0.0101134,0.0109521,0.0135236,0.0160299,0.0175292,0.0200143,0.0188681,0.0174454,0.0154391,0.0171439,0.0204031,0.0274094,0.0345579,0.0564447,0.0566402,0.176001,0.104826385375,0.0218467297040489,0.035875712179191,0.049320017341545,0.0533011024885869,0.0654066660282509,0.0770612881429916,0.0839663429527803,0.0953029456378033,0.0900908901871496,0.0835817091289064,0.0743266582274032,0.0821965753304795,0.0970644602763396,0.128258292868617,0.159048541057475,0.247323279249381,0.248073647480007,1,0.978153270295951,0.964124287820809,0.950679982658455,0.946698897511413,0.934593333971749,0.922938711857008,0.91603365704722,0.904697054362197,0.90990910981285,0.916418290871094,0.925673341772597,0.91780342466952,0.90293553972366,0.871741707131383,0.840951458942525,0.752676720750619,0.751926352519993,0,100000,2184.67297040489,98044.3384003091,4714456.26048103,47.1445626048103,2023.5,"Total","GMoH report",30.8977573951897
0,1,0.021253,0.00877678,0.00923173,0.0108985,0.0127194,0.0150066,0.0163778,0.0182427,0.0172255,0.0159954,0.0145597,0.0159809,0.0194309,0.0259104,0.0319932,0.0538751,0.0560295,0.176301,0.10688070115,0.02085710166602,0.0345014959212565,0.0451173715195545,0.0530471637156135,0.0616370347504866,0.0723198137089868,0.0786679789364371,0.0872349953746951,0.0825716548964529,0.0769018118950354,0.0702417528766062,0.0768347777506131,0.0926536409215439,0.12167066124706,0.148118998169416,0.237400553588421,0.245727524206219,1,0.97914289833398,0.965498504078743,0.954882628480446,0.946952836284387,0.938362965249513,0.927680186291013,0.921332021063563,0.912765004625305,0.917428345103547,0.923098188104965,0.929758247123394,0.923165222249387,0.907346359078456,0.87832933875294,0.851881001830584,0.762599446411579,0.754272475793781,0,100000,2085.71016660199,98137.2119984001,4857729.74195904,48.5772974195904,2023.5,"Total","GMoH report",29.4650225804096
0,1,0.0215475,0.00899141,0.00970325,0.0111862,0.013386,0.0157073,0.0168137,0.0188317,0.0178564,0.0167142,0.0152276,0.0164117,0.020457,0.0266101,0.0327563,0.0559846,0.0544868,0.174981,0.106293041125,0.021140396204509,0.0353303015467393,0.0473672102918393,0.0544094135454935,0.064762715718481,0.075569036194457,0.0806772905976939,0.089924903009968,0.0854666818552977,0.0802190086154971,0.0733457987860152,0.0788243942233131,0.0973084049022849,0.124751383054457,0.151384509018124,0.245554784087006,0.239772860289892,1,0.978859603795491,0.964669698453261,0.952632789708161,0.945590586454506,0.935237284281519,0.924430963805543,0.919322709402306,0.910075096990032,0.914533318144702,0.919780991384503,0.926654201213985,0.921175605776687,0.902691595097715,0.875248616945543,0.848615490981876,0.754445215912994,0.760227139710108,0,100000,2114.0396204509,98110.6680798656,4779148.68260205,47.7914868260205,2023.5,"Total","GMoH report",30.2508331739795
0,1,0.0221609,0.00957418,0.0102284,0.0117725,0.0145304,0.0163164,0.0181385,0.0198914,0.0189472,0.0174314,0.0152044,0.0178262,0.0206545,0.0278428,0.0343172,0.055794,0.057608,0.175246,0.105069032095,0.0217299414642383,0.0375771786553235,0.0498668546595019,0.0571796319569665,0.0701053529487825,0.0783846132412752,0.0867583348579478,0.0947454508475287,0.0904514936488417,0.0835174354396914,0.0732381448751507,0.0853283015761099,0.0982017308741497,0.130154346409476,0.15802827979182,0.244821125332935,0.251778815055681,1,0.978270058535762,0.962422821344676,0.950133145340498,0.942820368043033,0.929894647051217,0.921615386758725,0.913241665142052,0.905254549152471,0.909548506351158,0.916482564560309,0.926761855124849,0.91467169842389,0.90179826912585,0.869845653590524,0.84197172020818,0.755178874667064,0.748221184944319,0,100000,2172.99414642382,98055.320245289,4661534.95683829,46.6153495683829,2023.5,"Total","GMoH report",31.4269704316171
0,1,0.0221828,0.00898213,0.0098636,0.0110542,0.0137318,0.0158112,0.0174132,0.0193731,0.0186157,0.0164105,0.0153979,0.0177418,0.0205768,0.0273276,0.0330817,0.0554256,0.0569477,0.174426,0.10502533174,0.0217509768970734,0.0352944807708671,0.0481311343578693,0.0537846347270019,0.066380200893429,0.0760498995698048,0.0834338731980685,0.0923907613530768,0.0889393302735659,0.0788188578337962,0.0741356660686056,0.0849414638420192,0.0978503807152463,0.127899999906395,0.152773483617525,0.243401337122902,0.24925259499063,1,0.978249023102927,0.964705519229133,0.951868865642131,0.946215365272998,0.933619799106571,0.923950100430195,0.916566126801932,0.907609238646923,0.911060669726434,0.921181142166204,0.925864333931394,0.915058536157981,0.902149619284754,0.872100000093605,0.847226516382475,0.756598662877098,0.75074740500937,0,100000,2175.09768970734,98053.3426667211,4739849.58811055,47.3984958811055,2023.5,"Total","GMoH report",30.6438241188945
0,1,0.0216723,0.00852679,0.00924704,0.0106032,0.0127649,0.0145536,0.0162186,0.0183545,0.0173179,0.0162884,0.0141812,0.0159298,0.0198156,0.0260245,0.0323437,0.0529341,0.053348,0.177402,0.106044008965,0.0212603992721239,0.03353526369771,0.0451905040046227,0.051646942839218,0.0618507048443315,0.0702133572112267,0.0779330861234938,0.0877461578637256,0.0829962002588434,0.0782553633490628,0.0684782409245036,0.0765985029204447,0.0944014467304216,0.122173724750572,0.149620313653235,0.233738638799772,0.235351209225584,1,0.978739600727876,0.96646473630229,0.954809495995377,0.948353057160782,0.938149295155668,0.929786642788773,0.922066913876506,0.912253842136274,0.917003799741157,0.921744636650937,0.931521759075496,0.923401497079555,0.905598553269578,0.877826275249428,0.850379686346765,0.766261361200228,0.764648790774416,0,100000,2126.03992721239,98099.4138698889,4871545.80853093,48.7154580853093,2023.5,"Total","GMoH report",29.3268619146907
0,1,0.0220037,0.00913885,0.00964163,0.011244,0.0136394,0.0159723,0.0173554,0.0193644,0.0181537,0.0170346,0.0156113,0.0167238,0.0197194,0.0275401,0.0335779,0.0562468,0.0573273,0.176561,0.105382716835,0.0215789213011025,0.0358992443809778,0.0470734871355726,0.0546828646740135,0.0659482631490134,0.076795017360531,0.0831684458856888,0.0923511867006355,0.0868278817095245,0.0816939409823549,0.075124521397758,0.0802632343053121,0.0939646821185773,0.128830488648901,0.154887506950885,0.24656304438738,0.250705785550086,1,0.978421078698897,0.964100755619022,0.952926512864427,0.945317135325986,0.934051736850987,0.923204982639469,0.916831554114311,0.907648813299364,0.913172118290476,0.918306059017645,0.924875478602242,0.919736765694688,0.906035317881423,0.871169511351099,0.845112493049115,0.75343695561262,0.749294214449914,0,100000,2157.89213011025,98069.5124051976,4741371.10527027,47.4137110527027,2023.5,"Total","GMoH report",30.6286089472973
0,1,0.0216286,0.00835247,0.0091695,0.0103087,0.0128293,0.0145859,0.0167083,0.018342,0.0175911,0.0154528,0.0147095,0.0163826,0.0188961,0.0259464,0.0315753,0.052313,0.0564386,0.174654,0.10613121013,0.0212183822468408,0.0328609399694665,0.0448200562358631,0.0502485080136005,0.0621530496987496,0.0703637050850017,0.0801918272326229,0.0876890199884305,0.0842503587839875,0.0743901593634704,0.0709388137961633,0.0786901277815163,0.0902185530015677,0.12182941327829,0.146325797607046,0.231313272004121,0.247299855884231,1,0.978781617753159,0.967139060030534,0.955179943764137,0.9497514919864,0.93784695030125,0.929636294914998,0.919808172767377,0.91231098001157,0.915749641216013,0.92560984063653,0.929061186203837,0.921309872218484,0.909781446998432,0.87817058672171,0.853674202392954,0.768686727995879,0.752700144115769,0,100000,2121.83822468408,98103.3550338017,4878444.29547414,48.7844429547414,2023.5,"Total","GMoH report",29.2578770452586
0,1,0.0214913,0.00891795,0.00985023,0.0110617,0.0136115,0.0150873,0.0170972,0.0184736,0.018309,0.0162224,0.0149616,0.0168325,0.0199984,0.0265961,0.0330112,0.0538346,0.056808,0.173077,0.106405185415,0.0210863469497613,0.0350467103783626,0.0480674611308624,0.0538201442751782,0.065817802454719,0.0726945873795705,0.0819818497942446,0.088290396335635,0.0875381595901594,0.0779506340840858,0.0721107688036676,0.0807638559853178,0.0952308389746247,0.124689841280781,0.152472730497502,0.237243259989432,0.24871718533826,1,0.978913653050239,0.964953289621637,0.951932538869138,0.946179855724822,0.934182197545281,0.927305412620429,0.918018150205755,0.911709603664365,0.912461840409841,0.922049365915914,0.927889231196332,0.919236144014682,0.904769161025375,0.875310158719219,0.847527269502498,0.762756740010568,0.75128281466174,0,100000,2108.63469497614,98115.7349707153,4788053.22136653,47.8805322136653,2023.5,"Total","GMoH report",30.1617877863347
0,1,0.0207593,0.00815218,0.00855093,0.00959029,0.0118438,0.0138892,0.0152172,0.0169962,0.0164443,0.014769,0.014109,0.015055,0.0183423,0.0247064,0.0321229,0.0524128,0.0533496,0.171031,0.107865854815,0.0203818269274178,0.0320855850702048,0.0418597994624562,0.0468286980143011,0.0575159805732173,0.0671155468661661,0.0732975416239982,0.0815172896059964,0.0789747872644673,0.0712155440739303,0.0681414796587372,0.0725446025225573,0.0876903913374287,0.116345786171341,0.148674833016255,0.231703435446566,0.235357437174313,1,0.979618173072582,0.967914414929795,0.958140200537544,0.953171301985699,0.942484019426783,0.932884453133834,0.926702458376002,0.918482710394004,0.921025212735533,0.92878445592607,0.931858520341263,0.927455397477443,0.912309608662571,0.883654213828659,0.851325166983745,0.768296564553434,0.764642562825687,0,100000,2038.18269274177,98181.66762568,5010674.24121683,50.1067424121683,2023.5,"Total","GMoH report",27.9355775878317
0,1,0.0221215,0.00915568,0.00987697,0.0112086,0.0135523,0.0156472,0.0171848,0.0195667,0.0186076,0.0168732,0.0158261,0.0171703,0.0206394,0.0259099,0.0326812,0.0576496,0.0573015,0.180968,0.105147652825,0.021692094656541,0.035964167187529,0.0481948034308929,0.0545153968083352,0.0655409243280717,0.0752907754460995,0.0823845931107749,0.0932709864724727,0.0889023515101016,0.0809512340922851,0.0761188391012493,0.0823179406587669,0.0981334606316004,0.121668456168781,0.151063646860552,0.251937727029588,0.250607094006908,1,0.978307905343459,0.964035832812471,0.951805196569107,0.945484603191665,0.934459075671928,0.9247092245539,0.917615406889225,0.906729013527527,0.911097648489898,0.919048765907715,0.923881160898751,0.917682059341233,0.9018665393684,0.878331543831219,0.848936353139448,0.748062272970412,0.749392905993092,0,100000,2169.2094656541,98058.8778181452,4734853.83244554,47.3485383244554,2023.5,"Total","GMoH report",30.6937816755446
0,1,0.0216687,0.00935729,0.00948212,0.011023,0.0135465,0.0148969,0.0168668,0.0184453,0.0188721,0.0164596,0.0155994,0.0165918,0.0196654,0.0269126,0.032799,0.0538747,0.0540992,0.177385,0.106051192585,0.0212569380489572,0.0367415571886681,0.0463127425441677,0.0536369010979921,0.0655137934911793,0.0718101292152339,0.0809217716546388,0.088161104928171,0.0901091287770181,0.07904536238329,0.0750694057787379,0.0796549524018476,0.0937194250467158,0.12608013911981,0.151566893638849,0.237399000208648,0.238270404352177,1,0.978743061951043,0.963258442811332,0.953687257455832,0.946363098902008,0.934486206508821,0.928189870784766,0.919078228345361,0.911838895071829,0.909890871222982,0.92095463761671,0.924930594221262,0.920345047598152,0.906280574953284,0.873919860880189,0.848433106361151,0.762600999791352,0.761729595647823,0,100000,2125.69380489572,98099.738558184,4785059.91668369,47.8505991668369,2023.5,"Total","GMoH report",30.1917208331631
0,1,0.0224995,0.00942087,0.0101383,0.011644,0.0142612,0.0158603,0.0179262,0.0193396,0.0186753,0.0173702,0.0163622,0.0174734,0.0205161,0.0275365,0.0340703,0.0557411,0.0569608,0.179524,0.104393372725,0.0220550747758146,0.0369865883193988,0.0494384455194748,0.0565731554449962,0.0688512465082417,0.0762770574637685,0.0857864378926232,0.0922383671849737,0.0892113769310012,0.0832364169746666,0.078595991663028,0.0837102435748002,0.0975758121983914,0.128814732777201,0.156980562825883,0.244617393515748,0.24930278483406,1,0.977944925224185,0.963013411680601,0.950561554480525,0.943426844555004,0.931148753491758,0.923722942536232,0.914213562107377,0.907761632815026,0.910788623068999,0.916763583025333,0.921404008336972,0.9162897564252,0.902424187801609,0.871185267222799,0.843019437174117,0.755382606484252,0.75069721516594,0,100000,2205.50747758146,98024.7328865735,4682770.0448081,46.827700448081,2023.5,"Total","GMoH report",31.214619551919
0,1,0.0221536,0.0089479,0.00976703,0.0109809,0.0134812,0.0153909,0.0176354,0.0194998,0.0188798,0.0163263,0.0151172,0.0174253,0.0203055,0.0273761,0.0332254,0.0553284,0.0556748,0.175262,0.10508359888,0.0217229294556757,0.0351623417642552,0.0476711364503874,0.0534375198458128,0.0652082851650813,0.0741032121791787,0.0844535688306116,0.0929669096385743,0.090144237081855,0.0784303081501217,0.0728334070474555,0.0834894291266006,0.0966225757217072,0.128112451772572,0.153386204963975,0.24302635196926,0.244361987979147,1,0.978277070544324,0.964837658235745,0.952328863549613,0.946562480154187,0.934791714834919,0.925896787820821,0.915546431169388,0.907033090361426,0.909855762918145,0.921569691849878,0.927166592952544,0.916510570873399,0.903377424278293,0.871887548227428,0.846613795036025,0.75697364803074,0.755638012020853,0,100000,2172.29294556758,98055.9794149743,4752368.66552552,47.5236866552552,2023.5,"Total","GMoH report",30.5186333447448
0,1,0.021622,0.00866203,0.00951505,0.0106774,0.0130444,0.0150848,0.0167552,0.0183408,0.0180398,0.0159396,0.0146465,0.0166232,0.0199046,0.0264429,0.0333031,0.0540085,0.0550742,0.177214,0.1061443801,0.0212120361188526,0.0340580955099008,0.046469842805533,0.0519989656114507,0.0631622169432633,0.0726829794779284,0.0804078749347339,0.0876835345727694,0.0863066148247129,0.0766438204008467,0.0706457187025575,0.0797996847031082,0.0948053438804909,0.124016134399236,0.153717340125192,0.23791845306861,0.242044923662998,1,0.978787963881147,0.965941904490099,0.953530157194467,0.948001034388549,0.936837783056737,0.927317020522072,0.919592125065266,0.912316465427231,0.913693385175287,0.923356179599153,0.929354281297442,0.920200315296892,0.905194656119509,0.875983865600764,0.846282659874808,0.76208154693139,0.757955076337002,0,100000,2121.20361188526,98103.9502305642,4827154.11406095,48.2715411406095,2023.5,"Total","GMoH report",29.7707788593905
0,1,0.0208308,0.00811805,0.00881776,0.0100038,0.0119269,0.0143236,0.0152076,0.0176154,0.0166826,0.0149594,0.0139592,0.0153956,0.0192988,0.0247685,0.0313195,0.0535008,0.0539352,0.172618,0.10772318014,0.0204506863650689,0.0319534013798565,0.0431378519367652,0.0487985721107951,0.0579078472418286,0.0691420908681041,0.0732529944056901,0.0843618314841838,0.080073417992496,0.0721005476680369,0.0674423952891976,0.0741250027684453,0.0920527318465972,0.116621171296836,0.145226450461897,0.235945780029495,0.237633917792672,1,0.979549313634931,0.968046598620144,0.956862148063235,0.951201427889205,0.942092152758171,0.930857909131896,0.92674700559431,0.915638168515816,0.919926582007504,0.927899452331963,0.932557604710802,0.925874997231555,0.907947268153403,0.883378828703164,0.854773549538103,0.764054219970505,0.762366082207328,0,100000,2045.06863650688,98175.2326606222,4972380.97165166,49.7238097165166,2023.5,"Total","GMoH report",28.3185102834834
0,1,0.0213291,0.00842365,0.00910632,0.0101532,0.0127065,0.0141017,0.0156945,0.0178141,0.0170827,0.0155836,0.0147687,0.0156743,0.0192148,0.0253055,0.0309683,0.0538123,0.0537385,0.171137,0.106728847405,0.0209303214969496,0.0331363421036767,0.0445181096200127,0.0495093053034817,0.0615764471846215,0.068107423852643,0.0755097794173365,0.0852728522086737,0.0819151693417157,0.074996222180086,0.0712141489943672,0.0754162573919052,0.0916704276661988,0.118999166481506,0.14371497857267,0.237156639430002,0.236869915160384,1,0.97906967850305,0.966863657896323,0.955481890379987,0.950490694696518,0.938423552815378,0.931892576147357,0.924490220582664,0.914727147791326,0.918084830658284,0.925003777819914,0.928785851005633,0.924583742608095,0.908329572333801,0.881000833518494,0.85628502142733,0.762843360569998,0.763130084839616,0,100000,2093.03214969495,98130.3547592236,4921556.07412701,49.2155607412701,2023.5,"Total","GMoH report",28.8267592587299
0,1,0.0212025,0.00826282,0.0087685,0.0101325,0.0120919,0.0144031,0.015958,0.0174621,0.0166907,0.0155596,0.0137177,0.015932,0.0186915,0.0249329,0.031353,0.0525511,0.0526178,0.173339,0.106981471375,0.0208085070384705,0.0325139659044901,0.0429020337917428,0.0494108611241489,0.0586854534146388,0.0695125108861396,0.0767289005139942,0.0836583728199518,0.0801107392125622,0.0748850465733435,0.0663143007901281,0.0766086764182607,0.0892853091118401,0.117349821583596,0.145370497017524,0.232243828376508,0.232504333678437,1,0.979191492961529,0.96748603409551,0.957097966208257,0.950589138875851,0.941314546585361,0.93048748911386,0.923271099486006,0.916341627180048,0.919889260787438,0.925114953426657,0.933685699209872,0.923391323581739,0.91071469088816,0.882650178416404,0.854629502982476,0.767756171623492,0.767495666321563,0,100000,2080.85070384706,98141.7617661622,4952293.4590368,49.522934590368,2023.5,"Total","GMoH report",28.519385409632
0,1,0.0206181,0.00788233,0.00876417,0.0101671,0.0122828,0.0139892,0.0151487,0.0169435,0.016303,0.0150469,0.0136249,0.0149551,0.0176969,0.0246353,0.032002,0.0527641,0.0529142,0.172448,0.108147612355,0.020245813866189,0.03103998518712,0.0428813024390078,0.0495754047557691,0.0595843435622345,0.0675824393486593,0.0729796335626247,0.0812748010222008,0.0783227601050197,0.0725069865598321,0.0658804631926173,0.0720805696809125,0.0847356061297079,0.116030391255743,0.14815672149666,0.233075458058623,0.233661033370117,1,0.979754186133811,0.96896001481288,0.957118697560992,0.950424595244231,0.940415656437766,0.932417560651341,0.927020366437375,0.918725198977799,0.92167723989498,0.927493013440168,0.934119536807383,0.927919430319088,0.915264393870292,0.883969608744257,0.85184327850334,0.766924541941377,0.766338966629883,0,100000,2024.58138661891,98194.3722563623,4998518.5408935,49.985185408935,2023.5,"Total","GMoH report",28.057134591065
0,1,0.02281,0.00976048,0.0106002,0.0122099,0.0146839,0.0169546,0.0186351,0.0205161,0.0196559,0.0174531,0.0166793,0.0182358,0.0219912,0.0275662,0.0355099,0.0567985,0.0576385,0.181447,0.1037737855,0.0223530386207749,0.0382943769983895,0.051632707436577,0.0592411778562329,0.0708197255789289,0.0813258805634954,0.0890278908768042,0.0975758121983914,0.0936762714404826,0.0836170578203875,0.0800582126349929,0.0872034388256577,0.104225870112931,0.128944710783967,0.163072756784633,0.2486807640568,0.251895327862494,1,0.977646961379225,0.96170562300161,0.948367292563423,0.940758822143767,0.929180274421071,0.918674119436505,0.910972109123196,0.902424187801609,0.906323728559517,0.916382942179612,0.919941787365007,0.912796561174342,0.895774129887069,0.871055289216032,0.836927243215367,0.7513192359432,0.748104672137506,0,100000,2235.30386207749,97996.6620814331,4590943.43230461,45.9094343230461,2023.5,"Total","GMoH report",32.1328856769539
0,1,0.0225185,0.00907169,0.00960565,0.0115756,0.0134327,0.0156722,0.0176615,0.019093,0.0181147,0.0170549,0.015513,0.0166814,0.0203501,0.0270124,0.0338622,0.0548556,0.0570038,0.176357,0.104355459175,0.0220733128103003,0.0356401276213179,0.0469019409278168,0.0562501761523278,0.0649813137664244,0.0754065342835051,0.0845732728537344,0.0911158143896462,0.0866494289724805,0.0817873138524448,0.0746691439257015,0.080067888799452,0.0968245279351664,0.126518105797396,0.156096567066686,0.241200064372078,0.249467509898167,1,0.9779266871897,0.964359872378682,0.953098059072183,0.943749823847672,0.935018686233576,0.924593465716495,0.915426727146266,0.908884185610354,0.913350571027519,0.918212686147555,0.925330856074299,0.919932111200548,0.903175472064834,0.873481894202604,0.843903432933314,0.758799935627922,0.750532490101833,0,100000,2207.33128103003,98023.0157883532,4743082.70238817,47.4308270238817,2023.5,"Total","GMoH report",30.6114929761183
0,1,0.0209511,0.00819555,0.00894241,0.00985985,0.012242,0.014052,0.0155513,0.0169069,0.0170077,0.0151583,0.0138485,0.0159748,0.0190852,0.0251194,0.0314638,0.0530857,0.053605,0.17178,0.107483127505,0.0205665222759064,0.0322535291778922,0.0437343243514411,0.0481132757941526,0.0593922986983374,0.0678755325418063,0.0748465953541717,0.0811063573186244,0.0815701964256296,0.0730241934221236,0.066925457021108,0.0768065757829561,0.0910802862997787,0.118175740744835,0.14584676628723,0.234329620202094,0.236351010240187,1,0.979433477724094,0.967746470822108,0.956265675648559,0.951886724205847,0.940607701301663,0.932124467458194,0.925153404645828,0.918893642681376,0.91842980357437,0.926975806577876,0.933074542978892,0.923193424217044,0.908919713700221,0.881824259255164,0.85415323371277,0.765670379797906,0.763648989759813,0,100000,2056.65222759063,98164.4031860209,4966368.77080492,49.6636877080492,2023.5,"Total","GMoH report",28.3786322919509
0,1,0.0223073,0.00951228,0.010081,0.0114108,0.0139758,0.0158598,0.0175129,0.0190496,0.0176967,0.0169363,0.0158642,0.0171471,0.0212874,0.0279532,0.0335169,0.0551856,0.0562212,0.17899,0.104776898215,0.0218705449912912,0.037338766398329,0.0491658964936195,0.0554715627300013,0.067519888843744,0.0762747445172628,0.0838915396386555,0.0909181156598169,0.0847346890698442,0.0812416668925205,0.0762950982556325,0.0822112870975251,0.101058802138398,0.130636714481864,0.154627881865736,0.24247515738635,0.246464653549638,1,0.978129455008709,0.962661233601671,0.95083410350638,0.944528437269999,0.932480111156256,0.923725255482737,0.916108460361345,0.909081884340183,0.915265310930156,0.918758333107479,0.923704901744367,0.917788712902475,0.898941197861602,0.869363285518136,0.845372118134264,0.75752484261365,0.753535346450362,0,100000,2187.05449912912,98042.0982875168,4714134.85592053,47.1413485592053,2023.5,"Total","GMoH report",30.9009714407947
0,1,0.0219851,0.0089434,0.00979355,0.0110087,0.0133727,0.0152294,0.0168458,0.0192137,0.0179285,0.0165785,0.0153852,0.017007,0.0194595,0.0268106,0.0325685,0.0542608,0.0550382,0.175699,0.105419832205,0.0215610494728838,0.0351449689690445,0.0477974824152308,0.0535691823555073,0.0647004507070738,0.0733541507417346,0.0808250916765864,0.0916654202856443,0.0857969724486365,0.0795936420146503,0.0740767846326735,0.0815669760939265,0.0927836894861125,0.125632306226696,0.150581930954288,0.238897126936773,0.241905844388449,1,0.978438950527116,0.964855031030955,0.952202517584769,0.946430817644493,0.935299549292926,0.926645849258265,0.919174908323414,0.908334579714356,0.914203027551364,0.92040635798535,0.925923215367326,0.918433023906074,0.907216310513888,0.874367693773304,0.849418069045712,0.761102873063227,0.758094155611551,0,100000,2156.10494728838,98071.1912744711,4783372.86631321,47.8337286631321,2023.5,"Total","GMoH report",30.2085913368679
0,1,0.0206754,0.00833025,0.00902282,0.0102637,0.0125136,0.0147854,0.0156931,0.0177935,0.0167417,0.0153905,0.0147183,0.0158297,0.0190906,0.0255662,0.0315189,0.0543536,0.0548254,0.176321,0.10803327307,0.0203010134030756,0.0327749528972553,0.0441189075954246,0.0500346484468404,0.0606699997284938,0.0712918053528403,0.075503297985942,0.0851784434176214,0.0803456913479021,0.0741013576381742,0.070979746975236,0.076135494891298,0.0911048828105426,0.120151459396916,0.146083520327847,0.239256825520916,0.241083281628511,1,0.979698986596924,0.967225047102745,0.955881092404575,0.94996535155316,0.939330000271506,0.92870819464716,0.924496702014058,0.914821556582379,0.919654308652098,0.925898642361826,0.929020253024764,0.923864505108702,0.908895117189457,0.879848540603084,0.853916479672153,0.760743174479084,0.758916718371489,0,100000,2030.10134030755,98189.2171521497,4917592.03511215,49.1759203511215,2023.5,"Total","GMoH report",28.8663996488785
0,1,0.0225404,0.00939778,0.0104312,0.0122497,0.0146417,0.016814,0.0189561,0.0203414,0.0197923,0.0177501,0.0159199,0.0181935,0.0215247,0.0277682,0.0342067,0.0559715,0.0573059,0.179331,0.10431175882,0.0220943337134141,0.0368976087803131,0.0508304436894661,0.059428545369469,0.0706233839963516,0.0806786720215732,0.0904920587145049,0.0967851370338491,0.0942956790774866,0.0849795128714511,0.0765527208484134,0.0870099607000109,0.102127823114517,0.129828257453453,0.157559521766937,0.245504379111414,0.250623925910425,1,0.977905666286586,0.963102391219687,0.949169556310534,0.940571454630531,0.929376616003648,0.919321327978427,0.909507941285495,0.903214862966151,0.905704320922513,0.915020487128549,0.923447279151587,0.912990039299989,0.897872176885483,0.870171742546547,0.842440478233063,0.754495620888586,0.749376074089575,0,100000,2209.43337134141,98021.0365096188,4608493.75560156,46.0849375560156,2023.5,"Total","GMoH report",31.9573824439844
0,1,0.0213026,0.00843178,0.00880316,0.0100661,0.0121541,0.0144196,0.0155072,0.0177341,0.017232,0.0151843,0.0142702,0.0160793,0.0195432,0.0251231,0.0323623,0.0541094,0.0542269,0.17525,0.10678172683,0.0209048256617793,0.0331677929337934,0.0430679645431312,0.0490950117554219,0.0589784257878303,0.0695893727034146,0.0746422685334935,0.0849061639928366,0.0826015262491851,0.0731448660269668,0.0688932006212371,0.077289593594298,0.0931641842842406,0.118192118941549,0.149699916019505,0.238309975525721,0.238765691772108,1,0.979095174338221,0.966832207066207,0.956932035456869,0.950904988244578,0.94102157421217,0.930410627296585,0.925357731466506,0.915093836007163,0.917398473750815,0.926855133973033,0.931106799378763,0.922710406405702,0.906835815715759,0.881807881058451,0.850300083980495,0.761690024474279,0.761234308227892,0,100000,2090.48256617793,98132.7427721466,4933094.88467949,49.3309488467949,2023.5,"Total","GMoH report",28.7113711532051
0,1,0.020967,0.00806596,0.00869173,0.00963545,0.0119856,0.013575,0.0151218,0.0168717,0.0160007,0.0144194,0.0136652,0.0152244,0.0181818,0.0236357,0.0307451,0.0530295,0.0529424,0.172828,0.10745139985,0.0205818302598391,0.0317516253204604,0.0425344060668906,0.0470440241439065,0.0581845579068783,0.0656471014930786,0.0728547621445079,0.0809443289146277,0.0769263128643774,0.0695884410816675,0.0660688885601206,0.0733309506859424,0.0869564385633234,0.111585024585983,0.142753103865836,0.234110582202704,0.233771004878325,1,0.979418169740161,0.96824837467954,0.957465593933109,0.952955975856093,0.941815442093122,0.934352898506921,0.927145237855492,0.919055671085372,0.923073687135623,0.930411558918332,0.933931111439879,0.926669049314058,0.913043561436677,0.888414975414017,0.857246896134164,0.765889417797296,0.766228995121676,0,100000,2058.18302598392,98162.9716213056,5027252.54803125,50.2725254803125,2023.5,"Total","GMoH report",27.7697945196875
0,1,0.0209815,0.00831441,0.0087601,0.0101507,0.01239,0.0140971,0.0155546,0.0171836,0.0166798,0.0148733,0.014152,0.0154234,0.019268,0.0248851,0.032308,0.0528407,0.055462,0.172785,0.107422465825,0.0205957899639507,0.0327136505927503,0.0428618155245583,0.0494974164374217,0.0600887509396445,0.068085963412929,0.0748618833722452,0.0823790772216357,0.0800605164925202,0.0717004444489438,0.0683420579883714,0.0742538817023788,0.0919125714340231,0.117138021549826,0.149467509275794,0.23337434113144,0.24354172247081,1,0.979404210036049,0.96728634940725,0.957138184475442,0.950502583562578,0.939911249060356,0.931914036587071,0.925138116627755,0.917620922778364,0.91993948350748,0.928299555551056,0.931657942011629,0.925746118297621,0.908087428565977,0.882861978450174,0.850532490724206,0.76662565886856,0.75645827752919,0,100000,2059.57899639507,98161.6660579591,4958785.91123676,49.5878591123676,2023.5,"Total","GMoH report",28.4544608876324
0,1,0.0220573,0.00942499,0.0102554,0.011758,0.0135863,0.0156444,0.0176775,0.0194304,0.0186846,0.0168765,0.0162106,0.0170218,0.0204153,0.0269123,0.0340778,0.0550391,0.0559763,0.178352,0.105275760715,0.0216304193276509,0.0370024642882164,0.0499951981131754,0.0571112158112289,0.0656999518601076,0.0752778095891584,0.0846466472338108,0.0926513671875,0.0892538201787216,0.0809664253082148,0.0778961420011888,0.0816350608049747,0.0971196814197771,0.126078822278018,0.157012406531732,0.241909321638514,0.24552284844629,1,0.978369580672349,0.962997535711784,0.950004801886825,0.942888784188771,0.934300048139892,0.924722190410842,0.915353352766189,0.9073486328125,0.910746179821278,0.919033574691785,0.922103857998811,0.918364939195025,0.902880318580223,0.873921177721982,0.842987593468268,0.758090678361486,0.75447715155371,0,100000,2163.0419327651,98064.6739521652,4706548.76305461,47.0654876305461,2023.5,"Total","GMoH report",30.9768323694539
0,1,0.0217769,0.00864412,0.00948014,0.0107066,0.0133925,0.0153488,0.0172543,0.0190762,0.018014,0.016595,0.0148686,0.0168419,0.0202584,0.025967,0.0336171,0.0549149,0.0548471,0.177355,0.105835284895,0.0213609565576967,0.0339888722197359,0.0463032956860863,0.0521374626071264,0.0647931445297145,0.0739080021418143,0.0827040008934599,0.0910392907065589,0.0861885008636074,0.0796697031889485,0.0716785989588029,0.0808071357509886,0.0964092567810661,0.121920242647905,0.155054309435675,0.241429331068294,0.241167196624976,1,0.978639043442303,0.966011127780264,0.953696704313914,0.947862537392874,0.935206855470285,0.926091997858186,0.91729599910654,0.908960709293441,0.913811499136393,0.920330296811051,0.928321401041197,0.919192864249011,0.903590743218934,0.878079757352095,0.844945690564325,0.758570668931706,0.758832803375024,0,100000,2136.09565576966,98089.9786365217,4794816.32347855,47.9481632347855,2023.5,"Total","GMoH report",30.0941567652145
0,1,0.0209039,0.00842803,0.00884373,0.0102526,0.0125791,0.0143785,0.0156412,0.018096,0.0166802,0.0150383,0.0141564,0.0158701,0.0184393,0.0250214,0.0322566,0.0539509,0.0566263,0.172977,0.107577312745,0.0205210769573959,0.033153286218307,0.0432621529991422,0.049981889206796,0.0609778827865978,0.0693979055380528,0.0752629912530327,0.08656385136428,0.080062359574561,0.0724670470171066,0.068362579933571,0.0763223900924832,0.0881336910753842,0.117741836058137,0.149247460883188,0.237694869643391,0.248020317708376,1,0.979478923042604,0.966846713781693,0.956737847000858,0.950018110793204,0.939022117213402,0.930602094461947,0.924737008746967,0.91343614863572,0.919937640425439,0.927532952982893,0.931637420066429,0.923677609907517,0.911866308924616,0.882258163941863,0.850752539116812,0.762305130356609,0.751979682291624,0,100000,2052.10769573959,98168.6525356314,4931667.84311516,49.3166784311516,2023.5,"Total","GMoH report",28.7256415688484
0,1,0.0202057,0.00809028,0.00844316,0.00977081,0.0120051,0.0136415,0.015202,0.0171139,0.0156975,0.0146363,0.0140295,0.0150993,0.0185962,0.0247597,0.0310006,0.0520097,0.0528485,0.171695,0.108970535935,0.0198483527570203,0.0318458365312558,0.0413431332771003,0.047689146037513,0.0582764630826172,0.065958082058981,0.0732270075770348,0.0820586415365204,0.0755236680518887,0.0705982568337601,0.0677705332591035,0.0727503033611476,0.0888503049000445,0.116582152214534,0.14385409208247,0.230126477374269,0.233404770027945,1,0.98015164724298,0.968154163468744,0.9586568667229,0.952310853962487,0.941723536917383,0.934041917941019,0.926772992422965,0.91794135846348,0.924476331948111,0.92940174316624,0.932229466740896,0.927249696638852,0.911149695099955,0.883417847785466,0.85614590791753,0.769873522625731,0.766595229972055,0,100000,1984.83527570202,98231.4532880339,5023762.17700591,50.2376217700591,2023.5,"Total","GMoH report",27.8046982299409
0,1,0.0215278,0.00885484,0.00899302,0.0102267,0.0128499,0.0145638,0.0162048,0.0178607,0.0174609,0.0157273,0.0147838,0.0153884,0.0191525,0.0255895,0.0322083,0.0545752,0.0549376,0.173666,0.10633235149,0.0211214507786237,0.0348030098328238,0.043976398423621,0.0498587732100324,0.0622497425819892,0.0702608380181772,0.077869356624431,0.0854863833808731,0.0836528642562693,0.0756616176036551,0.0712843654935414,0.0740916212393028,0.0913867864321458,0.12025437657649,0.149040636193243,0.24011516686348,0.241517078386135,1,0.978878549221376,0.965196990167176,0.956023601576379,0.950141226789968,0.937750257418011,0.929739161981823,0.922130643375569,0.914513616619127,0.916347135743731,0.924338382396345,0.928715634506459,0.925908378760697,0.908613213567854,0.87974562342351,0.850959363806757,0.75988483313652,0.758482921613865,0,100000,2112.14507786237,98112.4442749548,4887520.48748333,48.8752048748333,2023.5,"Total","GMoH report",29.1671151251667
0,1,0.0215376,0.00865309,0.00948461,0.0108064,0.0134798,0.015574,0.016652,0.0186938,0.0186847,0.0162526,0.0153566,0.016904,0.0193,0.0272166,0.0310207,0.0557681,0.0547282,0.173271,0.10631279608,0.0211308754964867,0.0340235424501206,0.0463246225541907,0.0526106701356162,0.0652017341596857,0.0749517534783215,0.0799324136209595,0.0892958051922431,0.0892542765474831,0.078090082800684,0.0739441723088065,0.0810930094218333,0.0920581922251371,0.127413588329667,0.143940650646245,0.244721383528158,0.240707306034682,1,0.978869124503513,0.965976457549879,0.953675377445809,0.947389329864384,0.934798265840314,0.925048246521678,0.920067586379041,0.910704194807757,0.910745723452517,0.921909917199316,0.926055827691194,0.918906990578167,0.907941807774863,0.872586411670333,0.856059349353755,0.755278616471842,0.759292693965318,0,100000,2113.08754964867,98111.5606961163,4800540.49437077,48.0054049437077,2023.5,"Total","GMoH report",30.0369150562923
0,1,0.0215701,0.0085413,0.0091576,0.010247,0.012753,0.0146403,0.016149,0.0177671,0.0173316,0.0158872,0.0144816,0.0162672,0.0195298,0.0255421,0.0323146,0.0536378,0.0553699,0.173214,0.106247943955,0.0211621296665032,0.0335913720281912,0.0447631914939378,0.0499552708490251,0.0617948264458405,0.0706168696096351,0.0776116246825055,0.0850574398989293,0.0830591309165182,0.0764014857874924,0.0698781321052611,0.0781574911499152,0.0931032789565843,0.120044996723003,0.149495760726101,0.236478529787421,0.243186473238569,1,0.978837870333497,0.966408627971809,0.955236808506062,0.950044729150975,0.93820517355416,0.929383130390365,0.922388375317494,0.914942560101071,0.916940869083482,0.923598514212508,0.930121867894739,0.921842508850085,0.906896721043416,0.879955003276997,0.850504239273899,0.763521470212579,0.756813526761431,0,100000,2116.21296665032,98108.6303100272,4888381.47500602,48.8838147500602,2023.5,"Total","GMoH report",29.1585052499398
0,1,0.0215308,0.0085699,0.00917485,0.0103606,0.0127483,0.0149244,0.0165472,0.0183707,0.0177509,0.0156646,0.0147481,0.0164593,0.0195971,0.0255801,0.0310384,0.0563254,0.0553001,0.172868,0.10632636514,0.0211243359152095,0.0337019552277868,0.044845620399201,0.0504951011378773,0.0617727559386677,0.0719379241134048,0.079449339714683,0.0878202034702717,0.0849831801678943,0.0753713450700396,0.0711183487037071,0.0790439786072733,0.093409129853376,0.120212857697059,0.144016867174711,0.246865066025253,0.242917144099024,1,0.978875664084791,0.966298044772213,0.955154379600799,0.949504898862123,0.938227244061332,0.928062075886595,0.920550660285317,0.912179796529728,0.915016819832106,0.92462865492996,0.928881651296293,0.920956021392727,0.906590870146624,0.879787142302941,0.855983132825289,0.753134933974747,0.757082855900976,0,100000,2112.43359152095,98112.1737938651,4864156.9857524,48.641569857524,2023.5,"Total","GMoH report",29.400750142476
0,1,0.0217739,0.00962772,0.00990055,0.0112748,0.0136257,0.0157058,0.0175474,0.0192027,0.0184892,0.0166603,0.0151829,0.0170622,0.0203631,0.0270085,0.0327543,0.0563813,0.0564064,0.177577,0.105841271245,0.0213580727877055,0.0377833450660808,0.0483070832669046,0.0548285477252679,0.0658842040037648,0.0755620922296489,0.0840498587705252,0.0916153450347529,0.0883616590344506,0.0799706619517146,0.0731383686563199,0.081820889066427,0.0968833848641805,0.126500994710878,0.151375965530556,0.247079799281872,0.247176200859585,1,0.978641927212294,0.962216654933919,0.951692916733095,0.945171452274732,0.934115795996235,0.924437907770351,0.915950141229475,0.908384654965247,0.911638340965549,0.920029338048285,0.92686163134368,0.918179110933573,0.90311661513582,0.873499005289122,0.848624034469444,0.752920200718128,0.752823799140415,0,100000,2135.80727877055,98090.2492787489,4732601.17875748,47.3260117875748,2023.5,"Total","GMoH report",30.7163082124252
0,1,0.0220821,0.00913641,0.0100355,0.0114316,0.0139026,0.0156375,0.01755,0.0198082,0.0193766,0.0171022,0.0164094,0.0173039,0.0205631,0.0264069,0.0349642,0.0562234,0.0555544,0.176202,0.105226273555,0.0216542449709271,0.0358898315679289,0.0489494202331262,0.0555698687217997,0.0671781235488736,0.0752458572674506,0.0840617890073045,0.0943678565592573,0.0924066817271159,0.0820048419787764,0.0788137827820409,0.0829318872888559,0.0977884174812293,0.123857751832815,0.160768173564629,0.246473109445943,0.243897984521717,1,0.978345755029073,0.964110168432071,0.951050579766874,0.9444301312782,0.932821876451126,0.924754142732549,0.915938210992695,0.905632143440743,0.907593318272884,0.917995158021224,0.921186217217959,0.917068112711144,0.902211582518771,0.876142248167185,0.839231826435371,0.753526890554058,0.756102015478283,0,100000,2165.42449709271,98062.4350534011,4703486.97761685,47.0348697761685,2023.5,"Total","GMoH report",31.0074502238315
0,1,0.0218117,0.00898499,0.00946692,0.0110829,0.0133857,0.0152119,0.016624,0.0191284,0.0182739,0.0161289,0.0158152,0.0166823,0.0195202,0.026671,0.0324224,0.056956,0.0561654,0.174168,0.105765843235,0.0213944070716039,0.0353055205026773,0.0462402188679857,0.0539205109237091,0.0647613112887069,0.073272948101921,0.079803371865279,0.0912770406395749,0.0873776728598175,0.0775187688237948,0.0760684073117096,0.0800720356972206,0.093059642896814,0.125019042775347,0.149957079004233,0.249284394996455,0.246250154001158,1,0.978605592928396,0.964694479497323,0.953759781132014,0.946079489076291,0.935238688711293,0.926727051898079,0.920196628134721,0.908722959360425,0.912622327140183,0.922481231176205,0.92393159268829,0.919927964302779,0.906940357103186,0.874980957224653,0.850042920995767,0.750715605003545,0.753749845998842,0,100000,2139.44070716039,98086.8390432837,4788662.70052172,47.8866270052172,2023.5,"Total","GMoH report",30.1556929947828
0,1,0.0219819,0.008899,0.00949191,0.0107811,0.0130203,0.0150005,0.0163206,0.0185867,0.0176107,0.016457,0.0147664,0.0164344,0.0192511,0.0263425,0.0335742,0.0560246,0.0546264,0.174872,0.105426217645,0.0215579746851136,0.0349735409187285,0.046359450666559,0.0524907304644737,0.0630492012135965,0.0722914791668926,0.0784039992255968,0.0888069305594277,0.0843402719326876,0.0790333695915785,0.0712034533173372,0.078929118247676,0.0918356564836681,0.123574356298047,0.154871761280999,0.245708674488175,0.240313364995962,1,0.978442025314886,0.965026459081271,0.953640549333441,0.947509269535526,0.936950798786403,0.927708520833107,0.921596000774403,0.911193069440572,0.915659728067312,0.920966630408422,0.928796546682663,0.921070881752324,0.908164343516332,0.876425643701953,0.845128238719001,0.754291325511825,0.759686635004039,0,100000,2155.79746851136,98071.4801046025,4825529.48375014,48.2552948375014,2023.5,"Total","GMoH report",29.7870251624986
0,1,0.0217384,0.0093452,0.00968648,0.0110741,0.0131406,0.0153384,0.016742,0.0185615,0.0184952,0.0163862,0.0152445,0.0171683,0.0198457,0.0272308,0.0326463,0.0560438,0.0546486,0.17516,0.10591210972,0.0213239469107467,0.0366949565834723,0.0472872817282132,0.0538788505527349,0.0636132106115932,0.0738597731392041,0.0803470732491566,0.0886918648752931,0.0883890663501039,0.0787067390802097,0.0734242115187558,0.0823087468534882,0.0945380648176223,0.127475828053595,0.150914499904425,0.245782532291854,0.240399288593432,1,0.978676053089253,0.963305043416528,0.952712718271787,0.946121149447265,0.936386789388407,0.926140226860796,0.919652926750843,0.911308135124707,0.911610933649896,0.92129326091979,0.926575788481244,0.917691253146512,0.905461935182378,0.872524171946405,0.849085500095575,0.754217467708146,0.759600711406568,0,100000,2132.39469107467,98093.4517294128,4780441.14239649,47.8044114239649,2023.5,"Total","GMoH report",30.2379085760351
0,1,0.0206791,0.00830979,0.00888761,0.010166,0.0125292,0.014312,0.0160365,0.0175448,0.0165091,0.0155537,0.0143766,0.016285,0.0190671,0.0249763,0.0328756,0.0539551,0.0551484,0.171464,0.108025889905,0.0203045775628898,0.0326957700342541,0.0434721414033553,0.0495701740271012,0.060743336471697,0.0690880302766997,0.077091793628684,0.0840379283851697,0.0792736581265571,0.074857713936851,0.0693890533394019,0.0782396675354625,0.0909978378164261,0.117542084111514,0.15189398524657,0.237711174519242,0.242331512095835,1,0.97969542243711,0.967304229965746,0.956527858596645,0.950429825972899,0.939256663528303,0.9309119697233,0.922908206371316,0.91596207161483,0.920726341873443,0.925142286063149,0.930610946660598,0.921760332464537,0.909002162183574,0.882457915888486,0.84810601475343,0.762288825480758,0.757668487904165,0,100000,2030.45775628898,98188.8842497486,4930590.41811351,49.3059041811351,2023.5,"Total","GMoH report",28.7364158188649
0,1,0.0216003,0.00856553,0.00898182,0.0104812,0.0122438,0.014456,0.0156578,0.0179878,0.0172406,0.0156638,0.0141198,0.0162126,0.0194262,0.0250954,0.0308985,0.0544603,0.0564685,0.172518,0.106187681365,0.0211911702509627,0.0336850592292403,0.0439228325601368,0.0510678686380765,0.0594007720674028,0.0697589128882197,0.0753398588935418,0.0860685407564527,0.0826410469163356,0.0753676408674511,0.0681918613889024,0.077905378164909,0.0926322676075076,0.118069496870585,0.143414284338423,0.239670219818981,0.247414662786151,1,0.978808829749037,0.96631494077076,0.956077167439863,0.948932131361924,0.940599227932597,0.93024108711178,0.924660141106458,0.913931459243547,0.917358953083664,0.924632359132549,0.931808138611098,0.922094621835091,0.907367732392492,0.881930503129415,0.856585715661577,0.760329780181019,0.752585337213849,0,100000,2119.11702509628,98105.9070983398,4910500.35838846,49.1050035838846,2023.5,"Total","GMoH report",28.9373164161154
0,1,0.0226286,0.00942947,0.0102512,0.0110893,0.0137747,0.0158002,0.0178491,0.0198611,0.0187756,0.0170352,0.0162689,0.0171568,0.0204011,0.027578,0.0340458,0.0551103,0.0551986,0.17602,0.10413576013,0.0221789842264376,0.0370197271861795,0.0499752346854805,0.0539508082550434,0.0665806778423137,0.0759990014434818,0.0854332341507975,0.094607954868884,0.0896690256070315,0.0816967009019862,0.0781653397599484,0.0822558807623417,0.0970554073241007,0.128996346865367,0.156876532384371,0.242184367174287,0.242525350473398,1,0.977821015773562,0.96298027281382,0.95002476531452,0.946049191744957,0.933419322157686,0.924000998556518,0.914566765849202,0.905392045131116,0.910330974392968,0.918303299098014,0.921834660240052,0.917744119237658,0.902944592675899,0.871003653134633,0.84312346761563,0.757815632825713,0.757474649526602,0,100000,2217.89842264376,98013.0641154894,4701294.14093479,47.0129414093479,2023.5,"Total","GMoH report",31.0293785906521
0,1,0.0216623,0.00858565,0.00970732,0.0107998,0.0135368,0.0151066,0.0167463,0.0184968,0.0179081,0.01541,0.015063,0.0168808,0.0204264,0.0258045,0.0335609,0.0547678,0.0551717,0.175831,0.106063963465,0.0212507847040924,0.0337628480080002,0.0473866075909994,0.0525793829500404,0.0654684178046549,0.072784195674075,0.0803668802818405,0.0883963748348853,0.0857035314701964,0.0741917623552635,0.0725817526495978,0.0809862195620427,0.0971699208232404,0.121203510061542,0.15481515976187,0.240860500677489,0.242421486221573,1,0.978749215295908,0.966237151992,0.952613392409001,0.94742061704996,0.934531582195345,0.927215804325925,0.91963311971816,0.911603625165115,0.914296468529804,0.925808237644737,0.927418247350402,0.919013780437957,0.90283007917676,0.878796489938458,0.84518484023813,0.759139499322511,0.757578513778427,0,100000,2125.07847040924,98100.3157748365,4812661.66221406,48.1266166221406,2023.5,"Total","GMoH report",29.9157033778594
0,1,0.0215584,0.00831016,0.00896316,0.0100112,0.0123603,0.0141933,0.0157646,0.0176152,0.0164332,0.0154011,0.0143524,0.0156825,0.0181093,0.0252536,0.0309663,0.0530524,0.0541406,0.16951,0.10627129072,0.0211508783904541,0.0326972020390071,0.0438335814893449,0.0488337879550607,0.059949030010891,0.0685346672676743,0.075834258135493,0.0843609140663462,0.0789235824617249,0.0741505017680502,0.0692762971808538,0.0754542228744294,0.0866247175080774,0.118769600069229,0.14370636404749,0.234199840901406,0.238431005728182,1,0.978849121609546,0.967302797960993,0.956166418510655,0.951166212044939,0.940050969989109,0.931465332732326,0.924165741864507,0.915639085933654,0.921076417538275,0.92584949823195,0.930723702819146,0.924545777125571,0.913375282491923,0.881230399930771,0.85629363595251,0.765800159098594,0.761568994271818,0,100000,2115.08783904542,98109.6852755961,4950900.64788807,49.5090064788807,2023.5,"Total","GMoH report",28.5333135211193
0,1,0.0219686,0.00896708,0.00980114,0.0107086,0.0135785,0.0157019,0.0169276,0.0194373,0.0183062,0.0165817,0.0148196,0.0171613,0.0204585,0.0262633,0.0330999,0.0546336,0.0549854,0.176114,0.10545275713,0.0215451948951217,0.0352363850329966,0.0478336395062249,0.0521469479820973,0.0656634713845134,0.0755440376866211,0.0812016282922982,0.092682744238531,0.0875253582184534,0.0796083937436522,0.0714508186209138,0.0822765678407849,0.0973151928192676,0.123225715185896,0.152851108947381,0.240341233028091,0.24170182164087,1,0.978454805104878,0.964763614967003,0.952166360493775,0.947853052017903,0.934336528615487,0.924455962313379,0.918798371707702,0.907317255761469,0.912474641781547,0.920391606256348,0.928549181379086,0.917723432159215,0.902684807180732,0.876774284814104,0.847148891052619,0.759658766971909,0.75829817835913,0,100000,2154.51948951217,98072.6805309472,4770417.27097851,47.7041727097851,2023.5,"Total","GMoH report",30.3381472902149
0,1,0.0224948,0.00891036,0.00975409,0.0110185,0.0135975,0.0155069,0.0174402,0.0189174,0.0181806,0.0163129,0.0155848,0.0167491,0.0204576,0.0267268,0.0327218,0.0548688,0.056283,0.172018,0.10440275134,0.0220505631586369,0.0350174046368402,0.047609482067647,0.0536155915123042,0.0657523316751189,0.074640878406592,0.0835578365476061,0.0903156564993481,0.0869509489440687,0.0783684579555426,0.0750017806233529,0.0803797776647868,0.0973111200748898,0.125264220573913,0.151237122788822,0.241251103614932,0.246702156337185,1,0.977949436841363,0.96498259536316,0.952390517932353,0.946384408487696,0.934247668324881,0.925359121593408,0.916442163452394,0.909684343500652,0.913049051055931,0.921631542044457,0.924998219376647,0.919620222335213,0.90268887992511,0.874735779426087,0.848762877211178,0.758748896385067,0.753297843662815,0,100000,2205.05631586369,98025.1576303721,4766904.14027165,47.6690414027165,2023.5,"Total","GMoH report",30.3732785972835
0,1,0.0212513,0.00848475,0.00922302,0.0104774,0.0126894,0.0145719,0.0164736,0.0180024,0.0178716,0.0152605,0.0143163,0.01585,0.02008,0.0249829,0.0329471,0.0538309,0.0527262,0.174508,0.106884093415,0.0208554658839431,0.0333726822682489,0.0450757633331575,0.0510498263729014,0.0614961275962019,0.0702985417004867,0.0791099363801211,0.0861353906101975,0.0855363226407346,0.0734984425438971,0.0691080703317731,0.0762294096429001,0.0956008379356313,0.117571318751884,0.152199194774604,0.23722888855739,0.232927539868468,1,0.979144534116057,0.966627317731751,0.954924236666842,0.948950173627099,0.938503872403798,0.929701458299513,0.920890063619879,0.913864609389803,0.914463677359265,0.926501557456103,0.930891929668227,0.9237705903571,0.904399162064369,0.882428681248116,0.847800805225396,0.76277111144261,0.767072460131532,0,100000,2085.54658839431,98137.365167981,4882933.01467952,48.8293301467952,2023.5,"Total","GMoH report",29.2129898532048
0,1,0.0217507,0.00913791,0.0103144,0.0113563,0.0136327,0.0161364,0.0179767,0.0196975,0.0187128,0.0173352,0.0157149,0.0176231,0.0202838,0.0277098,0.0337054,0.0561348,0.056082,0.177091,0.105887565685,0.0213357710703346,0.0358956181440113,0.0502755935448524,0.0552139349755917,0.0659169354840659,0.0775534175813507,0.0860177134275667,0.0938652243580198,0.0893825075326095,0.0830756667542062,0.075604218179334,0.084397151402784,0.0965243009604463,0.129572902000375,0.155429930086183,0.246132502935536,0.245929460053236,1,0.978664228929665,0.964104381855989,0.949724406455148,0.944786065024408,0.934083064515934,0.922446582418649,0.913982286572433,0.90613477564198,0.910617492467391,0.916924333245794,0.924395781820666,0.915602848597216,0.903475699039554,0.870427097999625,0.844570069913817,0.753867497064464,0.754070539946764,0,100000,2133.57710703346,98092.3421790316,4700052.83835662,47.0005283835662,2023.5,"Total","GMoH report",31.0417916164338
0,1,0.0212893,0.00878579,0.00894242,0.0104747,0.0127606,0.0143678,0.0162238,0.0175672,0.0171567,0.0159564,0.0141159,0.0160226,0.0190692,0.0253156,0.0328641,0.0553878,0.0539955,0.173591,0.106808266315,0.0208920291495067,0.0345363025960297,0.0437343721886323,0.0510370066656971,0.0618305138620304,0.0693480526237801,0.0779570990414291,0.0841407083698145,0.0822554210444181,0.0767215025420934,0.0681736682894813,0.077027546099659,0.0910074040277835,0.119043834742953,0.151844886189453,0.243255528584648,0.237867996488952,1,0.979107970850493,0.96546369740397,0.956265627811368,0.948962993334303,0.93816948613797,0.93065194737622,0.922042900958571,0.915859291630186,0.917744578955582,0.923278497457907,0.931826331710519,0.922972453900341,0.908992595972216,0.880956165257047,0.848155113810547,0.756744471415352,0.762132003511048,0,100000,2089.20291495067,98133.9412263754,4895099.97679661,48.9509997679661,2023.5,"Total","GMoH report",29.0913202320339
0,1,0.0207307,0.00833063,0.00902725,0.0100538,0.0122695,0.0142707,0.0155773,0.0173824,0.0163517,0.0149274,0.0141112,0.0154336,0.0185077,0.0251793,0.031307,0.0526312,0.0526454,0.171875,0.107922924685,0.0203542805105979,0.0327764234864226,0.0441400909108134,0.0490364922846709,0.059521744878047,0.0688955313518431,0.074967039826285,0.0832924435721295,0.0785475356531509,0.0719518643502454,0.0681517428169052,0.0743011638923766,0.0884461624003573,0.118440855422642,0.145172696014672,0.232556659814878,0.232612106518701,1,0.979645719489402,0.967223576513577,0.955859909089187,0.950963507715329,0.940478255121953,0.931104468648157,0.925032960173715,0.91670755642787,0.921452464346849,0.928048135649755,0.931848257183095,0.925698836107623,0.911553837599643,0.881559144577358,0.854827303985328,0.767443340185122,0.767387893481299,0,100000,2035.42805105979,98184.2412971965,4963379.93384965,49.6337993384965,2023.5,"Total","GMoH report",28.4085206615035
0,1,0.0214887,0.00860254,0.00906535,0.0104831,0.0127456,0.014687,0.0164853,0.0182998,0.0173213,0.0152406,0.0143979,0.0163889,0.0189468,0.0263028,0.0328768,0.053858,0.053832,0.170995,0.106410373585,0.0210838463090086,0.0338281440749391,0.0443222580450776,0.0510768896453959,0.0617600769093601,0.0708341472001775,0.0791638984617224,0.0874960972967235,0.0830118184717627,0.0734061168392493,0.0694882864995214,0.0787191973657319,0.0904496704593519,0.12339961173138,0.15189910847613,0.237334144159627,0.237233161169772,1,0.978916153690991,0.966171855925061,0.955677741954922,0.948923110354604,0.93823992309064,0.929165852799823,0.920836101538278,0.912503902703276,0.916988181528237,0.926593883160751,0.930511713500479,0.921280802634268,0.909550329540648,0.87660038826862,0.84810089152387,0.762665855840373,0.762766838830228,0,100000,2108.38463090087,98115.9693653342,4880769.24731752,48.8076924731752,2023.5,"Total","GMoH report",29.2346275268248
0,1,0.0217791,0.00891963,0.00962638,0.0108116,0.0131104,0.0154767,0.0171973,0.01884,0.0183875,0.0161362,0.0152492,0.0175132,0.0200509,0.0267736,0.0328589,0.0545036,0.0543141,0.173367,0.105830894905,0.0213630713117648,0.0350531969065528,0.0470007815414622,0.0526353199374117,0.0634716530980581,0.0745009286922708,0.0824420484025184,0.0899627542737083,0.0878969854500911,0.0775524936306911,0.0734460174757712,0.0838929164395281,0.0954689062682641,0.12546980413034,0.151822684020128,0.239837924276067,0.239103739021087,1,0.978636928688235,0.964946803093447,0.952999218458538,0.947364680062588,0.936528346901942,0.925499071307729,0.917557951597482,0.910037245726292,0.912103014549909,0.922447506369309,0.926553982524229,0.916107083560472,0.904531093731736,0.87453019586966,0.848177315979872,0.760162075723933,0.760896260978913,0,100000,2136.30713117648,98089.7801643079,4788384.43414684,47.8838443414684,2023.5,"Total","GMoH report",30.1584756585316
0,1,0.0208899,0.00830534,0.0089463,0.0102337,0.0124488,0.01413,0.0159183,0.0177962,0.0167485,0.0151045,0.0143939,0.0159533,0.0188777,0.0258515,0.0311332,0.0531693,0.0544709,0.173842,0.107605249045,0.0205075966227631,0.032678547111073,0.0437529328422827,0.0498920493367561,0.0603653107973644,0.0682394417211987,0.0765453215210776,0.0851908179155292,0.0803770139544593,0.0727744459527661,0.0694696519422704,0.0767071688095755,0.0901346622176354,0.121410867403308,0.144424971215392,0.234655348453657,0.239711277443726,1,0.979492403377237,0.967321452888927,0.956247067157717,0.950107950663244,0.939634689202636,0.931760558278801,0.923454678478922,0.914809182084471,0.919622986045541,0.927225554047234,0.93053034805773,0.923292831190424,0.909865337782365,0.878589132596692,0.855575028784608,0.765344651546343,0.760288722556274,0,100000,2050.75966227631,98169.9128419144,4934872.06970625,49.3487206970625,2023.5,"Total","GMoH report",28.6935993029375
0,1,0.0216635,0.00934809,0.00966162,0.0112584,0.0134928,0.0154768,0.0175481,0.0195186,0.0187264,0.0167996,0.0154623,0.0171551,0.0207626,0.02668,0.0339677,0.0562847,0.0566623,0.177914,0.106061568925,0.0212519384620299,0.0367060962180107,0.0471687828603519,0.0547509789465698,0.0652625632175457,0.0745013921354935,0.0840530707719662,0.0930523700260251,0.0894445633234494,0.0806123614322087,0.0744341905390694,0.0822480655276659,0.0986903303668149,0.125058591919003,0.15654483041019,0.246708688676171,0.248158431295949,1,0.97874806153797,0.963293903781989,0.952831217139648,0.94524902105343,0.934737436782454,0.925498607864507,0.915946929228034,0.906947629973975,0.910555436676551,0.919387638567791,0.925565809460931,0.917751934472334,0.901309669633185,0.874941408080997,0.84345516958981,0.753291311323829,0.751841568704051,0,100000,2125.19384620299,98100.2075473951,4736754.90351885,47.3675490351885,2023.5,"Total","GMoH report",30.6747709648115
0,1,0.0213782,0.0086604,0.00935514,0.0106473,0.0132464,0.014925,0.0167439,0.0182302,0.0178914,0.0158718,0.0149521,0.017075,0.0194077,0.0259723,0.033608,0.0542722,0.0538099,0.174042,0.10663087081,0.0209775575182481,0.0340517956577709,0.0457067181323288,0.0518561792565055,0.0641089674344411,0.0719407121768994,0.0803558252442327,0.0871778269479344,0.0856270313291922,0.0763302536983753,0.0720666313051555,0.0818797578373194,0.092548133951761,0.121943609948346,0.155015590118263,0.238941321965113,0.237147316530556,1,0.979022442481752,0.965948204342229,0.954293281867671,0.948143820743494,0.935891032565559,0.928059287823101,0.919644174755767,0.912822173052066,0.914372968670808,0.923669746301625,0.927933368694845,0.918120242162681,0.907451866048239,0.878056390051654,0.844984409881737,0.761058678034887,0.762852683469444,0,100000,2097.75575182482,98125.9297707389,4835231.62648614,48.3523162648614,2023.5,"Total","GMoH report",29.6900037351386
0,1,0.0214792,0.00838802,0.00926474,0.0100193,0.0124274,0.0143026,0.0166042,0.0177525,0.016704,0.0156315,0.0144911,0.0162101,0.0201568,0.0258892,0.0326591,0.055957,0.0540386,0.174079,0.10642933036,0.0210747092460846,0.0329984959126299,0.0452750461718251,0.0488723335706392,0.0602646671874856,0.0690442203355712,0.0797121104395971,0.0849905147186432,0.0801720165873138,0.0752180717775241,0.0699223698651189,0.0778938329463894,0.095948940966801,0.121577161383759,0.150969204160966,0.245448583967348,0.238035268367051,1,0.978925290753915,0.96700150408737,0.954724953828175,0.951127666429361,0.939735332812514,0.930955779664429,0.920287889560403,0.915009485281357,0.919827983412686,0.924781928222476,0.930077630134881,0.922106167053611,0.904051059033199,0.878422838616241,0.849030795839034,0.754551416032652,0.761964731632949,0,100000,2107.47092460847,98116.8257946508,4899378.35229133,48.9937835229133,2023.5,"Total","GMoH report",29.0485364770867
0,1,0.0217619,0.00857863,0.00881475,0.0103277,0.0125514,0.0145185,0.0158901,0.0178334,0.0168492,0.014752,0.0143625,0.0160078,0.0183565,0.0251322,0.0315099,0.0533868,0.0553547,0.174337,0.105865216645,0.0213465375410846,0.033735707691847,0.0431234440538165,0.0503387901913519,0.0608476907362331,0.070049949519744,0.0764148990322203,0.0853612947169853,0.080840745286305,0.0711364863822236,0.0693233581706839,0.0769591339393156,0.0877552996069142,0.118232399239578,0.146044853200355,0.23550222459057,0.243127829799495,1,0.978653462458915,0.966264292308153,0.956876555946183,0.949661209808648,0.939152309263767,0.929950050480256,0.92358510096778,0.914638705283015,0.919159254713695,0.928863513617776,0.930676641829316,0.923040866060684,0.912244700393086,0.881767600760422,0.853955146799645,0.76449777540943,0.756872170200505,0,100000,2134.65375410847,98091.3318280323,4923220.35529962,49.2322035529962,2023.5,"Total","GMoH report",28.8101164470038
0,1,0.0220663,0.00944026,0.0100629,0.011322,0.0135749,0.0156943,0.0177291,0.0195897,0.0189086,0.0165985,0.0152726,0.0175621,0.0213304,0.02602,0.0333026,0.0563836,0.0561505,0.178008,0.105257801665,0.0216390658622417,0.037061303321414,0.0490797875155251,0.0550517599350387,0.0656466337778236,0.0755088535012388,0.0848832413159629,0.0933755046894621,0.090275539819426,0.0796858366028682,0.0735545759580574,0.0841173085392568,0.101252603657367,0.122153889488756,0.153715209647946,0.247088633333888,0.246192868362525,1,0.978360934137758,0.962938696678586,0.950920212484475,0.944948240064961,0.934353366222176,0.924491146498761,0.915116758684037,0.906624495310538,0.909724460180574,0.920314163397132,0.926445424041943,0.915882691460743,0.898747396342633,0.877846110511244,0.846284790352054,0.752911366666112,0.753807131637475,0,100000,2163.90658622417,98063.8614640502,4717146.15538774,47.1714615538774,2023.5,"Total","GMoH report",30.8708584461226
0,1,0.0203888,0.00792933,0.00870807,0.00983818,0.0121081,0.0137956,0.0150838,0.0171913,0.0163921,0.0153618,0.0132943,0.0157158,0.0185684,0.0245456,0.0312513,0.0542882,0.0541782,0.172676,0.10860516904,0.0200248587861247,0.0312221780931611,0.0426126648294466,0.0480100707064432,0.0587617666335605,0.066678331040736,0.0726783362781202,0.0824144702921657,0.07873396253195,0.0739682849987649,0.0643333334139861,0.0756083843818301,0.0887233723329329,0.115632337256587,0.144933128317526,0.239003346333891,0.238576840544086,1,0.979975141213875,0.968777821906839,0.957387335170553,0.951989929293557,0.94123823336644,0.933321668959264,0.92732166372188,0.917585529707834,0.92126603746805,0.926031715001235,0.935666666586014,0.92439161561817,0.911276627667067,0.884367662743413,0.855066871682474,0.760996653666109,0.761423159455914,0,100000,2002.48587861247,98214.9944387345,4999627.13651419,49.9962713651419,2023.5,"Total","GMoH report",28.0460486348581
0,1,0.0219614,0.00930822,0.0101937,0.0115386,0.0143104,0.0158204,0.0180708,0.0200196,0.0186783,0.0169774,0.0160173,0.0166812,0.019738,0.0269663,0.0333961,0.0550191,0.0584049,0.180765,0.10546712437,0.0215382763758206,0.0365524043574243,0.0497018847437199,0.0560754203858399,0.0690805734058329,0.0760924668438585,0.0864485154189195,0.0953269799790295,0.0892250685072525,0.0814307921724295,0.0770030477097948,0.0800669672641818,0.0940491449427976,0.126315823988919,0.154113523402726,0.241832046171249,0.254817956788856,1,0.978461723624179,0.963447595642576,0.95029811525628,0.94392457961416,0.930919426594167,0.923907533156141,0.91355148458108,0.90467302002097,0.910774931492748,0.91856920782757,0.922996952290205,0.919933032735818,0.905950855057202,0.873684176011081,0.845886476597274,0.758167953828751,0.745182043211144,0,100000,2153.82763758206,98073.3303697424,4692868.44313291,46.9286844313291,2023.5,"Total","GMoH report",31.1136355686709
0,1,0.022115,0.00953074,0.0101807,0.0113824,0.0139696,0.0157707,0.0176281,0.0196493,0.0195227,0.0171595,0.0156944,0.0177734,0.0213083,0.0266627,0.0344205,0.0565824,0.0548231,0.174991,0.10516062325,0.0216858506172846,0.0374098724642207,0.0496400732652707,0.0553373211882667,0.0674909461950829,0.0758624886265434,0.0844200857174122,0.0936462898901535,0.0930710066463626,0.0822682930629651,0.075509316459399,0.0850863171278976,0.101153003631782,0.124982568197314,0.158466278640165,0.247851866388192,0.241074386942967,1,0.978314149382715,0.962590127535779,0.950359926734729,0.944662678811733,0.932509053804917,0.924137511373457,0.915579914282588,0.906353710109846,0.906928993353637,0.917731706937035,0.924490683540601,0.914913682872102,0.898846996368218,0.875017431802686,0.841533721359835,0.752148133611808,0.758925613057033,0,100000,2168.58506172846,98059.4646949335,4690798.13054385,46.9079813054385,2023.5,"Total","GMoH report",31.1343386945615
0,1,0.0228631,0.00976895,0.0102842,0.0117915,0.014236,0.0163826,0.0178799,0.0205088,0.0188666,0.0178895,0.0165008,0.0175745,0.0211243,0.0274576,0.0338486,0.0573653,0.0568061,0.178467,0.103667827105,0.0224039768241258,0.038326971464229,0.0501320791782867,0.0572692734065662,0.0687337652932145,0.0786901277815163,0.0855743480363617,0.0975427862627369,0.0900840506261421,0.0856183273329433,0.0792353820208749,0.0841742012503158,0.100323348712007,0.128469349942544,0.156038765597031,0.250851124910438,0.248709901203158,1,0.977596023175874,0.961673028535771,0.949867920821713,0.942730726593434,0.931266234706785,0.921309872218484,0.914425651963638,0.902457213737263,0.909915949373858,0.914381672667057,0.920764617979125,0.915825798749684,0.899676651287993,0.871530650057456,0.843961234402969,0.749148875089562,0.751290098796842,0,100000,2240.39768241259,97991.8594771742,4642304.94643956,46.4230494643956,2023.5,"Total","GMoH report",31.6192705356044
0,1,0.0209331,0.00800846,0.00897746,0.00977818,0.0121171,0.0138431,0.0153961,0.0172111,0.0164732,0.0150349,0.0137414,0.0158694,0.0188858,0.0251264,0.0325027,0.0521825,0.0538397,0.171979,0.107519045605,0.0205491919193646,0.0315288450117543,0.0439019793413554,0.0477242590125223,0.0588041602738639,0.0669002334459606,0.0741273208872207,0.0825054750460858,0.0791080914690309,0.07245125650879,0.0664250664787232,0.0763191521184295,0.0901715933077703,0.118206726281878,0.150300564597631,0.230802828503978,0.237263068876522,1,0.979450808080635,0.968471154988246,0.956098020658645,0.952275740987478,0.941195839726136,0.933099766554039,0.925872679112779,0.917494524953914,0.920891908530969,0.92754874349121,0.933574933521277,0.923680847881571,0.90982840669223,0.881793273718122,0.849699435402369,0.769197171496022,0.762736931123478,0,100000,2054.91919193645,98166.023758376,4981466.83545853,49.8146683545854,2023.5,"Total","GMoH report",28.2276516454147
0,1,0.0209627,0.00818642,0.00884466,0.00987422,0.0122814,0.0139434,0.0154892,0.0174115,0.0166439,0.0149364,0.0142045,0.0161399,0.019017,0.0257753,0.0311891,0.0520946,0.0538095,0.172802,0.107459980285,0.0205776904108701,0.0322181769438074,0.0432666039957572,0.0481817080371632,0.05957775441725,0.067368630590559,0.0745588573662083,0.0834260675616268,0.0798950854674699,0.0719936838513083,0.0685868936720871,0.0775695865741305,0.0907695869141348,0.121074660742415,0.144665530738138,0.23045884644497,0.237145762704395,1,0.97942230958913,0.967781823056193,0.956733396004243,0.951818291962837,0.94042224558275,0.932631369409441,0.925441142633792,0.916573932438373,0.92010491453253,0.928006316148692,0.931413106327913,0.92243041342587,0.909230413085865,0.878925339257585,0.855334469261862,0.76954115355503,0.762854237295605,0,100000,2057.76904108701,98163.3587794993,4965814.49629493,49.6581449629493,2023.5,"Total","GMoH report",28.3841750370507
0,1,0.0215749,0.00862001,0.00913099,0.0107026,0.0127513,0.0147678,0.0162402,0.0182907,0.0175771,0.0159179,0.0143921,0.0158571,0.0191701,0.026187,0.0325285,0.0532471,0.0540291,0.175776,0.106238365795,0.0211667455013469,0.0338956778361905,0.0446360223164713,0.0521184915800387,0.06178684355446,0.0712099637435693,0.0780328281602786,0.0874544903819282,0.0841861299386389,0.0765434716803484,0.0694612662741399,0.0762622545100228,0.0914669247639562,0.122889717424511,0.15041089777899,0.234958370390015,0.23799840142405,1,0.978833254498653,0.966104322163809,0.955363977683529,0.947881508419961,0.93821315644554,0.928790036256431,0.921967171839721,0.912545509618072,0.915813870061361,0.923456528319652,0.93053873372586,0.923737745489977,0.908533075236044,0.877110282575489,0.84958910222101,0.765041629609985,0.76200159857595,0,100000,2116.67455013469,98108.1974949915,4869690.90227702,48.6969090227702,2023.5,"Total","GMoH report",29.3454109772298
0,1,0.0214165,0.00847192,0.00885736,0.0100647,0.0124517,0.0143297,0.0156698,0.018135,0.0170501,0.0159262,0.0142196,0.0159963,0.0191278,0.0254736,0.0316414,0.0540745,0.0547465,0.171618,0.106554445075,0.0210144004437756,0.0333230594129957,0.0433273843963577,0.0490883511797041,0.0603789486138619,0.0691705180680989,0.0753954220393206,0.0867423200640941,0.0817652363588931,0.0765818551464178,0.0686573015859221,0.0769059724810052,0.0912743082181616,0.119742329488833,0.146609662557855,0.238174572674748,0.240778103844669,1,0.978985599556224,0.966676940587004,0.956672615603642,0.950911648820296,0.939621051386138,0.930829481931901,0.924604577960679,0.913257679935906,0.918234763641107,0.923418144853582,0.931342698414078,0.923094027518995,0.908725691781838,0.880257670511167,0.853390337442145,0.761825427325252,0.759221896155331,0,100000,2101.44004437757,98122.4777334095,4921237.4392086,49.212374392086,2023.5,"Total","GMoH report",28.829945607914
0,1,0.021089,0.00864611,0.00919739,0.0106158,0.0127462,0.0149015,0.0163846,0.0181793,0.0178012,0.0154807,0.0145134,0.0164424,0.0193896,0.0258686,0.0319849,0.054976,0.0554338,0.173532,0.10720795495,0.0206992722101265,0.0339965639371547,0.0449533170287328,0.0517067292588351,0.0617628944857639,0.0718315069962389,0.0786993563162518,0.0869450018209892,0.0852137332300625,0.0745194662471686,0.0700262042192122,0.078966022672043,0.0924658122185195,0.121486298825506,0.148083416804615,0.241665494443663,0.243432964351789,1,0.979300727789874,0.966003436062845,0.955046682971267,0.948293270741165,0.938237105514236,0.928168493003761,0.921300643683748,0.913054998179011,0.914786266769937,0.925480533752831,0.929973795780788,0.921033977327957,0.907534187781481,0.878513701174494,0.851916583195385,0.758334505556337,0.756567035648211,0,100000,2069.92722101265,98151.9854432475,4865987.64035128,48.6598764035128,2023.5,"Total","GMoH report",29.3824435964872
0,1,0.0207194,0.00848426,0.00903119,0.01026,0.0128656,0.0147317,0.0163885,0.0180712,0.0178767,0.0160369,0.0144971,0.0161717,0.0201087,0.0254508,0.0324626,0.0558783,0.0571531,0.174449,0.10794547327,0.0203433963704731,0.0333707871311493,0.0441589307651575,0.0500170623507044,0.0623234292224879,0.0710420737069291,0.0787173517039976,0.0864503462568098,0.0855596878217905,0.0770936424148916,0.0699503084581291,0.0777164809620644,0.0957309382071831,0.119641566075325,0.150129051622036,0.245145689101675,0.25003921005895,1,0.979656603629527,0.966629212868851,0.955841069234842,0.949982937649296,0.937676570777512,0.928957926293071,0.921282648296002,0.91354965374319,0.91444031217821,0.922906357585108,0.930049691541871,0.922283519037936,0.904269061792817,0.880358433924675,0.849870948377964,0.754854310898325,0.74996078994105,0,100000,2034.33963704731,98185.2581178657,4873194.72362083,48.7319472362083,2023.5,"Total","GMoH report",29.3103727637917
0,1,0.0208042,0.00824241,0.00877596,0.0101615,0.0121191,0.0141864,0.0158921,0.017394,0.0166623,0.0145631,0.0138968,0.0153938,0.0191498,0.0247763,0.0318103,0.0531577,0.0531952,0.171899,0.10777625911,0.0204250698303163,0.0324349555953034,0.0429377500575132,0.0495487752994857,0.0588135808313665,0.0685024906660383,0.0764241494368371,0.0833457117256118,0.0799798781891234,0.0702575796060962,0.0671510386163894,0.0741166574946472,0.091374491888103,0.116655755040947,0.147334605033738,0.234610158891706,0.234756237488835,1,0.979574930169684,0.967565044404697,0.957062249942487,0.950451224700514,0.941186419168634,0.931497509333962,0.923575850563163,0.916654288274388,0.920020121810877,0.929742420393904,0.932848961383611,0.925883342505353,0.908625508111897,0.883344244959053,0.852665394966262,0.765389841108294,0.765243762511165,0,100000,2042.50698303162,98177.6267788056,4965387.65430281,49.6538765430281,2023.5,"Total","GMoH report",28.3884434569719
0,1,0.0223153,0.00909288,0.0101254,0.0115055,0.013878,0.0157305,0.0178285,0.0194049,0.0187259,0.0168337,0.0159038,0.0177652,0.0207327,0.0267238,0.0333443,0.0563121,0.0570515,0.17447,0.104760934615,0.0218782270986378,0.0357218902766819,0.0493770929574223,0.0559190581899877,0.0670632408584172,0.0756764298024802,0.0853388411752669,0.0925353995625707,0.0894422819319273,0.0807693811704764,0.076478262521285,0.0850487307224249,0.0985552109450965,0.125251040602844,0.153892874557252,0.246813967896096,0.249650203532862,1,0.978121772901362,0.964278109723318,0.950622907042578,0.944080941810012,0.932936759141583,0.92432357019752,0.914661158824733,0.907464600437429,0.910557718068073,0.919230618829524,0.923521737478715,0.914951269277575,0.901444789054904,0.874748959397156,0.846107125442748,0.753186032103904,0.750349796467138,0,100000,2187.82270986377,98041.3756419935,4709739.25511459,47.0973925511459,2023.5,"Total","GMoH report",30.9449274488541
0,1,0.0215847,0.00886946,0.00973015,0.0111039,0.0136741,0.0152813,0.0172112,0.0189815,0.0177196,0.0165673,0.015424,0.0167192,0.019685,0.0263466,0.0322215,0.0540591,0.0548519,0.176332,0.106218810385,0.0211761693650991,0.0348594706390908,0.0474954064278648,0.0540199205115787,0.0661104961611085,0.0735949343252393,0.0825059346441323,0.0906078191996544,0.0848396867180759,0.0795420091783489,0.0742566630719458,0.0802420430832081,0.0938084515767778,0.123592401112147,0.149097164301174,0.238114818093063,0.241185757386085,1,0.978823830634901,0.965140529360909,0.952504593572135,0.945980079488421,0.933889503838892,0.926405065674761,0.917494065355868,0.909392180800346,0.915160313281924,0.920457990821651,0.925743336928054,0.919757956916792,0.906191548423222,0.876407598887853,0.850902835698826,0.761885181906937,0.758814242613915,0,100000,2117.61693650992,98107.3138153373,4782954.85063265,47.8295485063265,2023.5,"Total","GMoH report",30.2127714936735
0,1,0.0211417,0.00872542,0.00927804,0.0105603,0.0130034,0.0146655,0.0164373,0.0185898,0.0171356,0.0155155,0.0148507,0.0163953,0.0187698,0.0265168,0.0327609,0.05367,0.0536064,0.172598,0.107102794735,0.0207499947780522,0.0343030627406038,0.0453385673954068,0.0514433567980148,0.0629699416518121,0.070734121840375,0.0789424962653441,0.0888210845080315,0.0821584156327103,0.0746807279150838,0.0715953956447464,0.0787487274712275,0.0896425673484573,0.124341174837662,0.151404158739849,0.236603698723742,0.236356453524465,1,0.979250005221948,0.965696937259396,0.954661432604593,0.948556643201985,0.937030058348188,0.929265878159625,0.921057503734656,0.911178915491968,0.91784158436729,0.925319272084916,0.928404604355254,0.921251272528772,0.910357432651543,0.875658825162338,0.848595841260151,0.763396301276258,0.763643546475535,0,100000,2074.99947780522,98147.2387653414,4864279.14342719,48.6427914342719,2023.5,"Total","GMoH report",29.3995285657281
0,1,0.0213591,0.00863341,0.00905088,0.0103435,0.0127073,0.0144304,0.0162526,0.0181556,0.0174123,0.0155352,0.0148633,0.0159793,0.0196206,0.0253527,0.0323092,0.0533246,0.0538117,0.173445,0.106668983905,0.0209591831395442,0.0339474750587068,0.0442530767810596,0.0504138605826582,0.061580204663208,0.0696396789424714,0.078090082800684,0.0868365747104666,0.0834297408102253,0.0747720048746773,0.0716539640888939,0.076827380593217,0.0935159046052553,0.119207895001019,0.149472645967285,0.23526012045232,0.237154308714385,1,0.979040816860456,0.966052524941293,0.95574692321894,0.949586139417342,0.938419795336792,0.930360321057529,0.921909917199316,0.913163425289533,0.916570259189775,0.925227995125323,0.928346035911106,0.923172619406783,0.906484095394745,0.880792104998981,0.850527354032715,0.76473987954768,0.762845691285615,0,100000,2095.91831395442,98127.651162943,4889129.29487853,48.8912929487853,2023.5,"Total","GMoH report",29.1510270512147
0,1,0.0219484,0.0092001,0.00975855,0.0111086,0.0133213,0.0155341,0.0174286,0.0190829,0.0184755,0.0165894,0.0157247,0.0167577,0.0198793,0.0258415,0.0332233,0.0545141,0.0574267,0.176274,0.10549306522,0.0215257843615747,0.0361354995806167,0.0476307327815368,0.054042167933242,0.0644597798371388,0.0747669084197903,0.0835045801844914,0.0910698098156713,0.0882990760510472,0.0796438891628064,0.0756495825242041,0.080419389971679,0.0946905455925072,0.121366752653276,0.153377253716501,0.239878586824919,0.251085911688146,1,0.978474215638425,0.963864500419383,0.952369267218463,0.945957832066758,0.935540220162861,0.92523309158021,0.916495419815509,0.908930190184329,0.911700923948953,0.920356110837194,0.924350417475796,0.919580610028321,0.905309454407493,0.878633247346724,0.846622746283499,0.760121413175081,0.748914088311854,0,100000,2152.57843615748,98074.5036611993,4760484.91266982,47.6048491266982,2023.5,"Total","GMoH report",30.4374708733018
0,1,0.0215375,0.00868544,0.00882261,0.0101733,0.0124239,0.0145204,0.0163813,0.018151,0.0174237,0.015677,0.0146947,0.0158959,0.0200101,0.0255355,0.0326845,0.0541959,0.0554381,0.174232,0.106312995625,0.0211307793267937,0.0341485693005092,0.0431610668499964,0.0496048865199173,0.0602482057902076,0.0700587956587903,0.0786841291863972,0.0868155283617641,0.0834820830729065,0.0754287583869206,0.0708699677135975,0.0764417249605009,0.0952838991252829,0.120015838866558,0.151077748336259,0.238645483149452,0.243449548906866,1,0.978869220673206,0.965851430699491,0.956838933150004,0.950395113480083,0.939751794209792,0.92994120434121,0.921315870813603,0.913184471638236,0.916517916927094,0.924571241613079,0.929130032286402,0.923558275039499,0.904716100874717,0.879984161133442,0.848922251663741,0.761354516850548,0.756550451093134,0,100000,2113.07793267937,98111.5697123329,4891522.85023779,48.9152285023779,2023.5,"Total","GMoH report",29.1270914976221
0,1,0.0210607,0.00803501,0.00863268,0.00977123,0.0118028,0.0136404,0.0150537,0.0167439,0.0162503,0.0147524,0.0134671,0.0159059,0.0184963,0.0238898,0.0307751,0.0524576,0.0528296,0.171593,0.107264426185,0.0206720319773262,0.0316317176644972,0.0422515399404668,0.047691147082239,0.0573225825565052,0.0659529388328606,0.072538565491646,0.0803558252442327,0.0780794632460325,0.0711383466376566,0.0651423051555976,0.076487974803916,0.0883940909393942,0.112717031643602,0.142882446083815,0.231878522982043,0.233331036663681,1,0.979327968022674,0.968368282335503,0.957748460059533,0.952308852917761,0.942677417443495,0.934047061167139,0.927461434508354,0.919644174755767,0.921920536753968,0.928861653362343,0.934857694844402,0.923512025196084,0.911605909060606,0.887282968356398,0.857117553916185,0.768121477017957,0.766668963336319,0,100000,2067.20319773263,98154.53416708,5022377.27897457,50.2237727897457,2023.5,"Total","GMoH report",27.8185472102543
0,1,0.0215107,0.00910803,0.00977363,0.0112776,0.0135216,0.0158497,0.0173565,0.0187441,0.0188736,0.0171587,0.0152702,0.0168502,0.0202952,0.0264222,0.0333282,0.0556907,0.0542789,0.175206,0.106366473685,0.0211050051821183,0.0357803431228535,0.0477025815448398,0.054841790557035,0.0653973093545779,0.0762280218069173,0.0831734979567827,0.0895253210731805,0.0901159681584134,0.0822646153610125,0.073543442317797,0.0808453492405665,0.0965759304412708,0.123925067691129,0.153824283764592,0.244423245855138,0.238967295201252,1,0.978894994817882,0.964219656877147,0.95229741845516,0.945158209442965,0.934602690645422,0.923771978193083,0.916826502043217,0.91047467892682,0.909884031841587,0.917735384638988,0.926456557682203,0.919154650759433,0.903424069558729,0.876074932308871,0.846175716235408,0.755576754144862,0.761032704798748,0,100000,2110.50051821182,98113.9859796207,4750100.98133351,47.5010098133351,2023.5,"Total","GMoH report",30.541310186665
0,1,0.0218026,0.00902183,0.00979282,0.0111002,0.0134553,0.0151302,0.0169082,0.0191915,0.0179642,0.0166681,0.0152068,0.016763,0.0202022,0.0263704,0.034361,0.0550984,0.0562796,0.176938,0.10578400183,0.021385660171013,0.0354477135096544,0.0477940047851497,0.0540024062260247,0.065087084383729,0.0728937571875041,0.0811123407982861,0.0915643566245976,0.0859604722126919,0.0800066047772796,0.0732492820445137,0.0804438013931179,0.0961546607799769,0.123697142203117,0.158214020135325,0.242138403474941,0.246689091513186,1,0.978614339828987,0.964552286490346,0.95220599521485,0.945997593773975,0.934912915616271,0.927106242812496,0.918887659201714,0.908435643375402,0.914039527787308,0.91999339522272,0.926750717955486,0.919556198606882,0.903845339220023,0.876302857796883,0.841785979864675,0.757861596525059,0.753310908486814,0,100000,2138.5660171013,98087.6600543653,4774226.31005398,47.7422631005398,2023.5,"Total","GMoH report",30.3000568994602
0,1,0.0212603,0.00898143,0.00928394,0.0107804,0.0130127,0.0147983,0.0165451,0.0186383,0.0174846,0.0162071,0.0151117,0.0168491,0.0191688,0.0253892,0.032348,0.0533059,0.0543388,0.175123,0.106866134365,0.0208641258459784,0.0352917787197069,0.0453667446614201,0.0524874117655078,0.0630135586629661,0.0713517871215962,0.0794396573144181,0.0890424980227562,0.0837616525256261,0.0778799785010875,0.0728078731579958,0.0808402848896639,0.0914610056855377,0.119369274067137,0.149638716959486,0.235187320526823,0.23919946964688,1,0.979135874154022,0.964708221280293,0.95463325533858,0.947512588234492,0.936986441337034,0.928648212878404,0.920560342685582,0.910957501977244,0.916238347474374,0.922120021498912,0.927192126842004,0.919159715110336,0.908538994314462,0.880630725932863,0.850361283040514,0.764812679473177,0.76080053035312,0,100000,2086.41258459784,98136.5542630086,4839530.24391895,48.3953024391895,2023.5,"Total","GMoH report",29.6470175608105
0,1,0.0210056,0.00823438,0.00925866,0.0101219,0.0125024,0.0142171,0.0159823,0.0177204,0.0170313,0.0158315,0.0148316,0.0166076,0.0187148,0.0257496,0.0316512,0.0531818,0.0549319,0.176134,0.10737437548,0.0206189910958943,0.032403868467143,0.0452460065231118,0.0493604462478107,0.0606173442869666,0.0686456450011359,0.0768412502166559,0.084843354550077,0.0816787612824265,0.0761438226781761,0.0715066065362426,0.0797277822104061,0.0893916336370245,0.12096124106752,0.146651741035354,0.2347040415127,0.241495045742011,1,0.979381008904106,0.967596131532857,0.954753993476888,0.950639553752189,0.939382655713033,0.931354354998864,0.923158749783344,0.915156645449923,0.918321238717573,0.923856177321824,0.928493393463757,0.920272217789594,0.910608366362975,0.879038758932481,0.853348258964646,0.7652959584873,0.758504954257989,0,100000,2061.89910958943,98159.4960196055,4912374.88454199,49.1237488454199,2023.5,"Total","GMoH report",28.9185711545801
0,1,0.0217135,0.00906566,0.00959361,0.0107897,0.0131506,0.0150984,0.0168986,0.0191386,0.0177909,0.0159794,0.0152267,0.0175715,0.020203,0.0260622,0.0334554,0.0547154,0.0547449,0.176379,0.105961796425,0.021300009339927,0.0356168593261624,0.0468445296302352,0.0525315021287048,0.0636600793996185,0.0727461247742704,0.0810681542226335,0.0913234906066872,0.085166527083285,0.0768278429172214,0.0733416227810013,0.0841604371945882,0.0961582854001518,0.122339883707121,0.154366054731352,0.240657782868141,0.240771914099531,1,0.978699990660073,0.964383140673838,0.953155470369765,0.947468497871295,0.936339920600382,0.92725387522573,0.918931845777367,0.908676509393313,0.914833472916715,0.923172157082779,0.926658377218999,0.915839562805412,0.903841714599848,0.877660116292879,0.845633945268648,0.759342217131859,0.759228085900469,0,100000,2130.00093399269,98095.6977913601,4796635.99688519,47.9663599688519,2023.5,"Total","GMoH report",30.0759600311481
0,1,0.0211696,0.00878574,0.00940775,0.0107753,0.013313,0.0149586,0.0169387,0.0185656,0.0183376,0.0159187,0.0153304,0.0162648,0.0199223,0.0260864,0.0322114,0.0559645,0.0536537,0.176268,0.10704712168,0.0207768458246575,0.0345361094436334,0.0459578500895501,0.0524632323316421,0.0644209110286877,0.072096830864573,0.081252711729566,0.0887105868231885,0.0876689066438207,0.0765471713582486,0.0738226722628539,0.0781464106501438,0.0948856490831756,0.122446527277097,0.149053912043967,0.245477443967677,0.236540339029528,1,0.979223154175342,0.965463890556367,0.95404214991045,0.947536767668358,0.935579088971312,0.927903169135427,0.918747288270434,0.911289413176811,0.912331093356179,0.923452828641751,0.926177327737146,0.921853589349856,0.905114350916824,0.877553472722903,0.850946087956033,0.754522556032323,0.763459660970472,0,100000,2077.68458246575,98144.7255718461,4817485.17398373,48.1748517398373,2023.5,"Total","GMoH report",29.8674682601627
0,1,0.021953,0.00908608,0.0100466,0.0113424,0.0138524,0.016103,0.01748,0.019414,0.0181694,0.0164518,0.0156626,0.017006,0.0199258,0.0268831,0.0323908,0.0543114,0.0566457,0.175444,0.10548388615,0.0215302046485668,0.0356956528844788,0.0490022353556888,0.0551482171543707,0.0669436736382343,0.0773991055099338,0.0837405384689087,0.0925767857057704,0.0868997109783738,0.0790093835589137,0.0753620845368335,0.0815623756013103,0.0949015278413472,0.125950640819466,0.149821874100929,0.239093273908601,0.248094748291728,1,0.978469795351433,0.964304347115521,0.950997764644311,0.944851782845629,0.933056326361766,0.922600894490066,0.916259461531091,0.90742321429423,0.913100289021626,0.920990616441086,0.924637915463167,0.91843762439869,0.905098472158653,0.874049359180534,0.850178125899071,0.760906726091399,0.751905251708272,0,100000,2153.02046485669,98074.0885007369,4734837.54657718,47.3483754657718,2023.5,"Total","GMoH report",30.6939445342282
0,1,0.0216286,0.00877444,0.00934701,0.0106785,0.0129615,0.0153443,0.0169371,0.0188969,0.0174611,0.0161905,0.0144297,0.0165286,0.0190979,0.0263213,0.0315976,0.0547645,0.0560866,0.177381,0.10613121013,0.0212183822468408,0.0344924560282549,0.0456679041090345,0.0520041833210163,0.0627734062376275,0.0738871341198134,0.0812453485189972,0.0902222002597775,0.0836537823524156,0.0778033136268127,0.0696364184323662,0.079363577915178,0.0911381326415618,0.123481045868456,0.146421574170014,0.240847735476274,0.245947151264694,1,0.978781617753159,0.965507543971745,0.954332095890965,0.947995816678984,0.937226593762372,0.926112865880187,0.918754651481003,0.909777799740222,0.916346217647584,0.922196686373187,0.930363581567634,0.920636422084822,0.908861867358438,0.876518954131544,0.853578425829986,0.759152264523726,0.754052848735306,0,100000,2121.83822468408,98103.3550338017,4828467.48758179,48.2846748758179,2023.5,"Total","GMoH report",29.7576451241821
0,1,0.0221627,0.00954937,0.0100256,0.0116827,0.0144334,0.0170945,0.0184984,0.0198439,0.0195427,0.0177758,0.0158824,0.0183143,0.0205919,0.027831,0.0348214,0.0571297,0.0576772,0.176593,0.105065440285,0.0217316704374656,0.0374816281295765,0.0489023124409793,0.0567558461893104,0.0696536524324536,0.0819694337853892,0.0884036832637831,0.0945298955159287,0.0931619117672647,0.0850973177479404,0.0763792841437868,0.0875623902888331,0.097918671282067,0.130102774226272,0.160164150154523,0.249949631362828,0.252043143071143,1,0.978268329562534,0.962518371870423,0.951097687559021,0.94324415381069,0.930346347567546,0.918030566214611,0.911596316736217,0.905470104484071,0.906838088232735,0.91490268225206,0.923620715856213,0.912437609711167,0.902081328717933,0.869897225773728,0.839835849845477,0.750050368637172,0.747956856928857,0,100000,2173.16704374657,98055.1577085175,4638239.33946964,46.3823933946964,2023.5,"Total","GMoH report",31.6599266053036
0,1,0.0216724,0.00839737,0.00940873,0.0102773,0.0125916,0.0144974,0.0161494,0.0181151,0.0170071,0.0158943,0.0143063,0.0161087,0.0200771,0.0252574,0.0318195,0.0536221,0.0552568,0.174789,0.10604380942,0.0212604954168694,0.0330346712847865,0.0459625274722403,0.0500992865069552,0.061036627987579,0.0699517053665475,0.0776134724692622,0.0866512594259332,0.0815674361419746,0.0764343247791566,0.069061464911347,0.0774254419578346,0.0955876909262609,0.118786410301149,0.14737407643703,0.236417493768491,0.242750025919437,1,0.978739504583131,0.966965328715213,0.95403747252776,0.949900713493045,0.938963372012421,0.930048294633453,0.922386527530738,0.913348740574067,0.918432563858025,0.923565675220843,0.930938535088653,0.922574558042165,0.904412309073739,0.881213589698851,0.85262592356297,0.763582506231509,0.757249974080563,0,100000,2126.04954168695,98099.4048507292,4889448.64053535,48.8944864053535,2023.5,"Total","GMoH report",29.1478335946465
0,1,0.0221233,0.00939486,0.0100172,0.0113851,0.0140307,0.0164448,0.0178453,0.0195094,0.0189519,0.0172213,0.0157535,0.017672,0.021066,0.0268433,0.0342625,0.0556844,0.0573419,0.178174,0.105144061015,0.0216938237612558,0.0368863557044922,0.0488623404091341,0.0553500843856523,0.0677761335089403,0.0789770937228655,0.0854158225544239,0.0930105499423851,0.0904729158645658,0.0825523529119918,0.0757828857724589,0.0846214254247352,0.100060323084742,0.125775899492858,0.157796263780547,0.244398974377881,0.250761629319334,1,0.978306176238744,0.963113644295508,0.951137659590866,0.944649915614348,0.93222386649106,0.921022906277134,0.914584177445576,0.906989450057615,0.909527084135434,0.917447647088008,0.924217114227541,0.915378574575265,0.899939676915258,0.874224100507142,0.842203736219453,0.755601025622119,0.749238370680666,0,100000,2169.38237612558,98058.7152967946,4688170.43607029,46.8817043607029,2023.5,"Total","GMoH report",31.1606156392971
0,1,0.0212364,0.00870235,0.00917233,0.0104195,0.0129152,0.0144201,0.0165934,0.0178814,0.0169686,0.0155265,0.0145899,0.0164828,0.0196293,0.0250461,0.0319832,0.0542582,0.0565314,0.173036,0.10691382562,0.0208411285065496,0.0342139170381265,0.0448335790448,0.0507748778993201,0.0625561858706097,0.0695917017538483,0.0796623278237245,0.0855812199346513,0.0813903013320427,0.0747316958124211,0.0703823223865318,0.0791523683571086,0.0935554309482202,0.11785121660921,0.148076128886494,0.238887047058259,0.247656130553123,1,0.97915887149345,0.965786082961874,0.9551664209552,0.94922512210068,0.93744381412939,0.930408298246152,0.920337672176275,0.914418780065349,0.918609698667957,0.925268304187579,0.929617677613468,0.920847631642891,0.90644456905178,0.88214878339079,0.851923871113506,0.761112952941741,0.752343869446877,0,100000,2084.11285065496,98138.7076272324,4881742.43252954,48.8174243252954,2023.5,"Total","GMoH report",29.2248956747046
0,1,0.0219854,0.00900453,0.00968172,0.0111246,0.0137782,0.0154294,0.0175709,0.0193646,0.0180437,0.0162851,0.015464,0.0174572,0.0212469,0.0269912,0.0333951,0.0553692,0.0545678,0.176064,0.10541923357,0.0215613377332644,0.03538094248395,0.0472645935971954,0.0541179000234965,0.0665970319364336,0.0742816950365092,0.0841576843597099,0.0923520964812004,0.0863244679922218,0.0782401291806985,0.0744420695896636,0.0836358793188859,0.100876231967523,0.126425087917503,0.154109264271793,0.243183772639871,0.240086517346807,1,0.978438662266736,0.96461905751605,0.952735406402805,0.945882099976504,0.933402968063566,0.925718304963491,0.91584231564029,0.9076479035188,0.913675532007778,0.921759870819301,0.925557930410336,0.916364120681114,0.899123768032477,0.873574912082497,0.845890735728207,0.756816227360129,0.759913482653193,0,100000,2156.13377332644,98071.164196532,4751053.0743212,47.510530743212,2023.5,"Total","GMoH report",30.531789256788
0,1,0.0214811,0.00862536,0.00914691,0.0104226,0.0123807,0.0146342,0.0164557,0.0181944,0.0174192,0.0152992,0.0144467,0.0162645,0.0198258,0.025666,0.0319175,0.0540738,0.0549347,0.173609,0.106425539005,0.0210765366720261,0.0339163583978589,0.0447121059767994,0.0507896007675991,0.0600450021060636,0.0705884849826666,0.079027373139568,0.0870140776634025,0.0834614219949633,0.0736779651875082,0.0697155991349431,0.0781450255786885,0.0944477447550865,0.12059220139734,0.147794428334115,0.238171856645329,0.241505868864257,1,0.978923463327974,0.966083641602141,0.955287894023201,0.949210399232401,0.939954997893936,0.929411515017333,0.920972626860432,0.912985922336597,0.916538578005037,0.926322034812492,0.930284400865057,0.921854974421311,0.905552255244913,0.87940779860266,0.852205571665885,0.761828143354671,0.758494131135743,0,100000,2107.6536672026,98116.6545103653,4884728.44598898,48.8472844598898,2023.5,"Total","GMoH report",29.1950355401102
0,1,0.0219951,0.0086313,0.00927528,0.010151,0.0124956,0.0147076,0.0165474,0.0183291,0.017424,0.0153804,0.0143341,0.0165761,0.0192334,0.0261812,0.0312359,0.0539379,0.0551972,0.171894,0.105399877705,0.0215706580623628,0.0339393191099329,0.0453253858869756,0.0494988431090013,0.0605853735167115,0.0709299757226537,0.0794502618429499,0.0876300501208259,0.0834834604622638,0.0740545292941121,0.0691910224140374,0.0795825780691691,0.0917550939405114,0.12286417139001,0.144866881444703,0.237644400258273,0.242519945201772,1,0.978429341937637,0.966060680890067,0.954674614113024,0.950501156890999,0.939414626483289,0.929070024277346,0.92054973815705,0.912369949879174,0.916516539537736,0.925945470705888,0.930808977585963,0.920417421930831,0.908244906059489,0.87713582860999,0.855133118555297,0.762355599741727,0.757480054798228,0,100000,2157.06580623628,98070.2886659427,4880714.49918847,48.8071449918847,2023.5,"Total","GMoH report",29.2351750081153
0,1,0.0220841,0.00899276,0.00961291,0.010832,0.0130334,0.0149018,0.0169183,0.0183241,0.0181684,0.0158644,0.0151164,0.017297,0.0195011,0.0263417,0.0324488,0.056067,0.0547564,0.179013,0.105222282655,0.0216561663440952,0.0353355124344008,0.0469365577369131,0.0527320169801768,0.0631106346363272,0.0718329011828823,0.081158826561463,0.0876071926049683,0.0868951360265386,0.0762960234153248,0.0728296930692211,0.0829001885946939,0.092972819379973,0.123570835318244,0.150070019849749,0.245871768840982,0.240816401924195,1,0.978343833655905,0.964664487565599,0.953063442263087,0.947267983019823,0.936889365363673,0.928167098817118,0.918841173438537,0.912392807395032,0.913104863973461,0.923703976584675,0.927170306930779,0.917099811405306,0.907027180620027,0.876429164681756,0.849929980150251,0.754128231159018,0.759183598075805,0,100000,2165.61663440951,98062.2544912187,4808349.04338931,48.0834904338931,2023.5,"Total","GMoH report",29.9588295661069
0,1,0.0216161,0.00856224,0.00965802,0.0107559,0.0131526,0.0151864,0.0168796,0.0186887,0.0182635,0.016201,0.0144467,0.016663,0.0191604,0.0267768,0.0341915,0.0554327,0.055818,0.172993,0.106156153255,0.0212063629967961,0.0336723387092207,0.0471516217356125,0.0523712501755909,0.0636694528849631,0.0731546120007785,0.0809806956253076,0.0892725311191823,0.0873301160631994,0.077851807179704,0.0697155991349431,0.0799831038513139,0.0914227584476014,0.125483859478772,0.157495022357646,0.243428721740885,0.244913540053267,1,0.978793637003204,0.966327661290779,0.952848378264388,0.947628749824409,0.936330547115037,0.926845387999222,0.919019304374692,0.910727468880818,0.912669883936801,0.922148192820296,0.930284400865057,0.920016896148686,0.908577241552398,0.874516140521228,0.842504977642354,0.756571278259115,0.755086459946733,0,100000,2120.63629967961,98104.4822923473,4813406.47395329,48.1340647395329,2023.5,"Total","GMoH report",29.9082552604671
0,1,0.0211856,0.00852485,0.00929882,0.0105195,0.0128264,0.014641,0.0159751,0.0182113,0.0171042,0.015567,0.0147607,0.0157986,0.0200615,0.0256107,0.0317896,0.054478,0.0535308,0.172628,0.10701519448,0.0207922436253123,0.0335277617209857,0.0454378050735646,0.0512496970302263,0.0621394368189631,0.0706201268084922,0.0768079627843109,0.0870913817967138,0.0820140386982438,0.0749193270880508,0.0711769461282132,0.0759915978553078,0.0955169659680785,0.120348008168028,0.147245788226488,0.239738777234542,0.236062468083755,1,0.979207756374688,0.966472238279014,0.954562194926435,0.948750302969774,0.937860563181037,0.929379873191508,0.923192037215689,0.912908618203286,0.917985961301756,0.925080672911949,0.928823053871787,0.924008402144692,0.904483034031922,0.879651991831972,0.852754211773512,0.760261222765458,0.763937531916245,0,100000,2079.22436253123,98143.2842369926,4883268.69426992,48.8326869426992,2023.5,"Total","GMoH report",29.2096330573008
0,1,0.0216547,0.00860106,0.00935522,0.0106602,0.0130576,0.015165,0.0165854,0.0186026,0.0178763,0.0160918,0.0153608,0.0162061,0.0197689,0.0256633,0.0322582,0.0530712,0.0551051,0.176908,0.106079128885,0.021243477508589,0.0338224226272749,0.0457071000584773,0.0519173759716671,0.0632241120850942,0.0730552912697361,0.0796254501477968,0.0888795243985584,0.0855578552791819,0.077347354598192,0.0739636479898922,0.0778753603082704,0.0941894456687954,0.120580280235576,0.149254311427753,0.234273112040668,0.24216428249211,1,0.978756522491411,0.966177577372725,0.954292899941523,0.948082624028333,0.936775887914906,0.926944708730264,0.920374549852203,0.911120475601442,0.914442144720818,0.922652645401808,0.926036352010108,0.92212463969173,0.905810554331205,0.879419719764424,0.850745688572247,0.765726887959332,0.75783571750789,0,100000,2124.3477508589,98101.001208001,4833987.64294751,48.3398764294751,2023.5,"Total","GMoH report",29.7024435705249
0,1,0.0208542,0.00807526,0.00893671,0.0100353,0.0122412,0.0140519,0.0159653,0.0173042,0.0166254,0.0152235,0.0144048,0.0158769,0.0194172,0.0257277,0.0316732,0.0549765,0.0561274,0.171616,0.10767648661,0.020473220131585,0.0317876528764656,0.0437070567716946,0.0489484685830708,0.0593885327327788,0.0678750659035739,0.0767626530386068,0.0829332654691709,0.0798098243650051,0.0733267746165619,0.0695204302652865,0.0763538441303184,0.0925913386480097,0.120864580810692,0.146746195964911,0.241667426779185,0.246104049000345,1,0.979526779868415,0.968212347123534,0.956292943228305,0.951051531416929,0.940611467267221,0.932124934096426,0.923237346961393,0.917066734530829,0.920190175634995,0.926673225383438,0.930479569734713,0.923646155869682,0.90740866135199,0.879135419189308,0.853253804035089,0.758332573220815,0.753895950999655,0,100000,2047.3220131585,98173.1264281777,4947779.2654547,49.477792654547,2023.5,"Total","GMoH report",28.564527345453
0,1,0.0204636,0.00799114,0.00848155,0.00958301,0.0120104,0.0141909,0.0153,0.0169557,0.0165001,0.0146999,0.014311,0.0152147,0.0180816,0.0256102,0.0309939,0.0513674,0.054684,0.170575,0.10845590938,0.0200969472419126,0.031461729824658,0.0415272121837571,0.0467939820062361,0.0583014409345007,0.0685234755278303,0.073681675896942,0.0813309423519093,0.0792321538458214,0.0708941574377037,0.0690833697391573,0.0732859409842667,0.0864979468122969,0.120345799983177,0.143825237433755,0.227607930922791,0.240536284540472,1,0.979903052758087,0.968538270175342,0.958472787816243,0.953206017993764,0.941698559065499,0.93147652447217,0.926318324103058,0.918669057648091,0.920767846154179,0.929105842562296,0.930916630260843,0.926714059015733,0.913502053187703,0.879654200016823,0.856174762566245,0.772392069077208,0.759463715459528,0,100000,2009.69472419126,98208.2685446971,5008091.31619518,50.0809131619518,2023.5,"Total","GMoH report",27.9614068380482
0,1,0.0223131,0.00914403,0.0102348,0.0112125,0.0140164,0.0156552,0.0173933,0.0191457,0.0187856,0.0164285,0.0154866,0.0171933,0.0206244,0.0267379,0.0329665,0.0565772,0.0551467,0.176531,0.104765324605,0.0218761145309528,0.0359192270210848,0.0498972783391365,0.0545338480712527,0.0677093950867647,0.0753278197890944,0.0833424973520179,0.0913558220924132,0.0897146415731582,0.0789019003262265,0.0745468084891306,0.0824236630837552,0.0980656376567788,0.125312984855575,0.152281989484175,0.247831911010887,0.242324947099474,1,0.978123885469047,0.964080772978915,0.950102721660864,0.945466151928747,0.932290604913235,0.924672180210906,0.916657502647982,0.908644177907587,0.910285358426842,0.921098099673774,0.925453191510869,0.917576336916245,0.901934362343221,0.874687015144425,0.847718010515825,0.752168088989113,0.757675052900526,0,100000,2187.61145309529,98041.5743708979,4727225.52356624,47.2722552356624,2023.5,"Total","GMoH report",30.7700647643376
0,1,0.0217445,0.00895861,0.00989381,0.0110955,0.0135818,0.0157807,0.017823,0.0198136,0.0189039,0.0170898,0.0154301,0.0167876,0.0201948,0.0273194,0.0336274,0.0543567,0.0554997,0.177394,0.105899937475,0.0213298109598645,0.0352036877812127,0.0482749910275542,0.0539801578951849,0.0656789055998112,0.0759087663280186,0.085313637592952,0.0943923684225571,0.0902541131748833,0.0819478203494787,0.074284939873158,0.080557099107555,0.0961211323890729,0.127864075443333,0.155098132636452,0.239268838777991,0.243687097927836,1,0.978670189040135,0.964796312218787,0.951725008972446,0.946019842104815,0.934321094400189,0.924091233671981,0.914686362407048,0.905607631577443,0.909745886825117,0.918052179650521,0.925715060126842,0.919442900892445,0.903878867610927,0.872135924556667,0.844901867363548,0.760731161222009,0.756312902072164,0,100000,2132.98109598646,98092.9014687139,4732448.90602995,47.3244890602995,2023.5,"Total","GMoH report",30.7178309397005
0,1,0.0225902,0.00932447,0.00971147,0.0112403,0.0135529,0.0154121,0.0175138,0.0190629,0.018313,0.0170408,0.014923,0.01712,0.0209665,0.0262586,0.0335112,0.0550375,0.0564476,0.175176,0.10421238541,0.0221421313566646,0.0366150481636981,0.0474063857670375,0.0546653623197921,0.0655437309229363,0.0742014977416402,0.0838956700353378,0.0909787051060831,0.087556446966745,0.0817224597689243,0.0719314186005596,0.0820866896816264,0.0996112517266813,0.123205021552644,0.154603618084146,0.241903139851111,0.247334414727999,1,0.977857868643335,0.963384951836302,0.952593614232963,0.945334637680208,0.934456269077064,0.92579850225836,0.916104329964662,0.909021294893917,0.912443553033255,0.918277540231076,0.92806858139944,0.917913310318374,0.900388748273319,0.876794978447356,0.845396381915854,0.758096860148889,0.752665585272001,0,100000,2214.21313566646,98016.5352970075,4746964.01132696,47.4696401132696,2023.5,"Total","GMoH report",30.5726798867304
0,1,0.0224864,0.00938121,0.00984543,0.0116166,0.0140235,0.0161994,0.0179582,0.0194547,0.0190345,0.0172893,0.0160246,0.0169937,0.0204641,0.0271792,0.0341708,0.0552598,0.0562028,0.17629,0.10441951312,0.0220424997407028,0.0368337497176231,0.0480446006193115,0.0564437877383954,0.0677425315229691,0.0778444178439469,0.085932995213397,0.0927618643920309,0.0908493214759167,0.0828648134519625,0.0770367906128628,0.0815057877373207,0.0973405339480826,0.127249641368306,0.157407177083305,0.242761605571149,0.246393928314337,1,0.977957500259297,0.963166250282377,0.951955399380689,0.943556212261605,0.932257468477031,0.922155582156053,0.914067004786603,0.907238135607969,0.909150678524083,0.917135186548037,0.922963209387137,0.918494212262679,0.902659466051917,0.872750358631694,0.842592822916695,0.757238394428851,0.753606071685663,0,100000,2204.24997407028,98025.9167350169,4692884.88400337,46.9288488400337,2023.5,"Total","GMoH report",31.1134711599663
0,1,0.0225781,0.00925986,0.010297,0.0118891,0.0144644,0.0163491,0.0183723,0.0208943,0.0196969,0.017572,0.0163312,0.0183485,0.0206172,0.0271558,0.0354105,0.0568111,0.0571913,0.178064,0.104236530355,0.0221305182965375,0.0363659527377634,0.0501929090390619,0.0577296170255537,0.0697980333172162,0.0785355366446091,0.0878275163054533,0.0992852599809501,0.0938624993417869,0.0841627312176104,0.0784529240181855,0.0877187321097124,0.0980330809106237,0.127147050326836,0.162653404086489,0.24872906984966,0.250185425663174,1,0.977869481703462,0.963634047262237,0.949807090960938,0.942270382974446,0.930201966682784,0.921464463355391,0.912172483694547,0.90071474001905,0.906137500658213,0.91583726878239,0.921547075981815,0.912281267890288,0.901966919089376,0.872852949673164,0.837346595913511,0.75127093015034,0.749814574336826,0,100000,2213.05182965376,98017.6290145651,4630994.75597395,46.3099475597395,2023.5,"Total","GMoH report",31.7323724402605
0,1,0.0211106,0.00808858,0.00847169,0.00951278,0.0119354,0.0140739,0.0149949,0.016493,0.0164384,0.0144848,0.0134703,0.0151926,0.0181632,0.0245276,0.0316946,0.0524072,0.053303,0.16991,0.10716485323,0.0207200623462249,0.0318392513368437,0.0414799370796052,0.0464590140507947,0.0579479209604224,0.0679777208850884,0.0722654663948882,0.079199410314219,0.0789475706370978,0.069893033471915,0.0651572797369001,0.0731833852530127,0.0868713459242707,0.11555243993559,0.146838065613978,0.231681547066448,0.235176030160842,1,0.979279937653775,0.968160748663156,0.958520062920395,0.953540985949205,0.942052079039578,0.932022279114912,0.927734533605112,0.920800589685781,0.921052429362902,0.930106966528085,0.9348427202631,0.926816614746987,0.913128654075729,0.88444756006441,0.853161934386022,0.768318452933552,0.764823969839158,0,100000,2072.00623462249,98150.0400094025,5026783.85220126,50.2678385220126,2023.5,"Total","GMoH report",27.7744814779874
0,1,0.0215532,0.00884525,0.00965438,0.0108768,0.0132569,0.0151646,0.0170194,0.0191092,0.0180318,0.0162396,0.0147484,0.0167925,0.0194523,0.0256499,0.0332874,0.0555175,0.0571131,0.175058,0.10628166706,0.0211458777420131,0.0347659725623851,0.0471342696250434,0.0529443375727225,0.0641581544071012,0.0730534347099921,0.0816240203693162,0.0911895992738885,0.0862699919001377,0.0780300576879278,0.0711197439218572,0.0805796649411877,0.0927509516576736,0.120521113713406,0.153650440792878,0.24375572837487,0.249886078521924,1,0.978854122257987,0.965234027437615,0.952865730374957,0.947055662427277,0.935841845592899,0.926946565290008,0.918375979630684,0.908810400726112,0.913730008099862,0.921969942312072,0.928880256078143,0.919420335058812,0.907249048342326,0.879478886286594,0.846349559207122,0.75624427162513,0.750113921478076,0,100000,2114.58777420131,98110.1541395855,4799990.4014499,47.999904014499,2023.5,"Total","GMoH report",30.042415985501
0,1,0.0209843,0.00862363,0.00910364,0.0101069,0.0127075,0.0147645,0.0162566,0.0176346,0.0171926,0.0158724,0.0145475,0.0162291,0.0196317,0.0259106,0.0334533,0.0540445,0.054017,0.173524,0.107416878565,0.0205984855862218,0.0339096710862608,0.0445052994395259,0.0492890999883201,0.0615811440305786,0.0711946176685806,0.0781085513118591,0.0844498995054529,0.0824204456167247,0.0763330290733407,0.0701849607101719,0.077981573128837,0.0935663344785439,0.121671543276922,0.154357112980799,0.238058163902437,0.237951442346872,1,0.979401514413778,0.966090328913739,0.955494700560474,0.95071090001168,0.938418855969421,0.928805382331419,0.921891448688141,0.915550100494547,0.917579554383275,0.923666970926659,0.929815039289828,0.922018426871163,0.906433665521456,0.878328456723078,0.845642887019201,0.761941836097563,0.762048557653128,0,100000,2059.84855862218,98161.4139438616,4889956.63699646,48.8995663699646,2023.5,"Total","GMoH report",29.1427536300354
0,1,0.0221145,0.00940946,0.0102376,0.0116247,0.0137917,0.0158287,0.017112,0.0194944,0.0183634,0.0170385,0.0153712,0.01754,0.0211193,0.0268274,0.0327928,0.0574422,0.0569061,0.175723,0.105161620975,0.0216853703033282,0.0369426197935154,0.0499105884004782,0.0564820332696264,0.0666601094222045,0.0761308683118794,0.0820499050614703,0.0929423610899216,0.0877868379499736,0.0817118803180042,0.0740118717908223,0.0840159026680079,0.10030079362309,0.125706081662049,0.151540413796163,0.251145172002058,0.249093194422224,1,0.978314629696672,0.963057380206485,0.950089411599522,0.943517966730374,0.933339890577796,0.923869131688121,0.91795009493853,0.907057638910078,0.912213162050026,0.918288119681996,0.925988128209178,0.915984097331992,0.89969920637691,0.874293918337951,0.848459586203837,0.748854827997942,0.750906805577776,0,100000,2168.53703033282,98059.5098389213,4711599.1174935,47.115991174935,2023.5,"Total","GMoH report",30.926328825065
0,1,0.020644,0.00829073,0.00847721,0.00968326,0.0118875,0.0138898,0.0148468,0.0169319,0.0161372,0.0148565,0.0135025,0.0155143,0.018297,0.0246372,0.0312246,0.0532151,0.0538948,0.171483,0.1080959302,0.0202707651923255,0.0326219996182106,0.0415064037477146,0.0472719339325703,0.0577220721677643,0.067118348893836,0.071577266595765,0.0812214176943525,0.077557113375108,0.0716223561641194,0.0653079485613751,0.0746751676175766,0.0874832953619079,0.116038820904056,0.144818268716581,0.234833746713205,0.237477054154399,1,0.979729234807674,0.967378000381789,0.958493596252285,0.95272806606743,0.942277927832236,0.932881651106164,0.928422733404235,0.918778582305648,0.922442886624892,0.928377643835881,0.934692051438625,0.925324832382423,0.912516704638092,0.883961179095944,0.855181731283419,0.765166253286795,0.762522945845601,0,100000,2027.07651923255,98192.0422027005,5017666.94819832,50.1766694819832,2023.5,"Total","GMoH report",27.8656505180168
0,1,0.0205672,0.00843658,0.00881041,0.0101264,0.0124384,0.0143577,0.0159814,0.0175603,0.0167887,0.0151313,0.0143771,0.0154731,0.0188197,0.0251899,0.0320525,0.0531006,0.0545788,0.172085,0.10824918076,0.0201967746432009,0.0331863612173617,0.0431026695235085,0.0493818491079823,0.0603164011886381,0.0693009928378307,0.0768370893506296,0.0841090496390581,0.0805621649531285,0.0728988635643711,0.0693913828732331,0.0744842445876761,0.089870175638825,0.118487762762004,0.148373172241799,0.234387683441602,0.240129104128921,1,0.979803225356799,0.966813638782638,0.956897330476492,0.950618150892018,0.939683598811362,0.930699007162169,0.92316291064937,0.915890950360942,0.919437835046871,0.927101136435629,0.930608617126767,0.925515755412324,0.910129824361175,0.881512237237996,0.851626827758201,0.765612316558398,0.759870895871079,0,100000,2019.67746432009,98198.950966592,4941006.2276609,49.410062276609,2023.5,"Total","GMoH report",28.632257723391
0,1,0.0219154,0.00935346,0.00971605,0.0114378,0.0136462,0.0157607,0.0173149,0.0192707,0.0178721,0.0169692,0.0151144,0.0168355,0.020672,0.0273327,0.0330789,0.0548015,0.0572292,0.175365,0.10555891507,0.0214940724576059,0.0367267947880436,0.0474282127829749,0.0555991695464053,0.0659800573533614,0.0758162086988982,0.0829824192713943,0.0919248590469117,0.0855386133699761,0.0813930621254519,0.0728204080610068,0.0807776688885664,0.0982808458846798,0.127922342474611,0.152761540680001,0.240990849854277,0.250330468832699,1,0.978505927542394,0.963273205211956,0.952571787217025,0.944400830453595,0.934019942646639,0.924183791301102,0.917017580728606,0.908075140953088,0.914461386630024,0.918606937874548,0.927179591938993,0.919222331111434,0.90171915411532,0.872077657525389,0.847238459319999,0.759009150145723,0.749669531167301,0,100000,2149.40724576059,98077.4818511455,4743122.79528416,47.4312279528416,2023.5,"Total","GMoH report",30.6110920471584
0,1,0.0216289,0.00904456,0.00991774,0.0115302,0.0137024,0.0155579,0.0178717,0.0195053,0.0187318,0.016664,0.0158377,0.017536,0.0200061,0.0267117,0.0331424,0.0569753,0.0554632,0.17977,0.106130611495,0.0212186707052883,0.0355354352475548,0.0483889279834535,0.0560357417268526,0.0662427870855958,0.0748771711475104,0.0855367807870215,0.0929919121403234,0.08946920200472,0.0799877119213563,0.0761725067255807,0.0839975475168608,0.0952657592354016,0.125197879505062,0.153032351485331,0.24935833512227,0.243546350177138,1,0.978781329294712,0.964464564752445,0.951611072016546,0.943964258273147,0.933757212914404,0.92512282885249,0.914463219212978,0.907008087859677,0.91053079799528,0.920012288078644,0.923827493274419,0.916002452483139,0.904734240764598,0.874802120494938,0.846967648514669,0.75064166487773,0.756453649822862,0,100000,2121.86707052882,98103.3279791775,4724403.21875991,47.2440321875991,2023.5,"Total","GMoH report",30.7982878124009
0,1,0.0212206,0.00887265,0.00933051,0.0106929,0.0126283,0.0147566,0.0164633,0.0181753,0.0172203,0.0161004,0.0147531,0.0159399,0.0195862,0.0255298,0.0328085,0.0544563,0.0544872,0.176347,0.10694535373,0.0208259246647744,0.034871789631453,0.0455891255210856,0.0520724853047131,0.0612090833323841,0.0711578791030691,0.0790624287902439,0.0869267027488233,0.0825477571441275,0.0773870921537206,0.0711416020760303,0.0766452076369687,0.0933596004825707,0.119990656353562,0.151607466119542,0.239654725877934,0.23977440948832,1,0.979174075335226,0.965128210368547,0.954410874478914,0.947927514695287,0.938790916667616,0.928842120896931,0.920937571209756,0.913073297251177,0.917452242855873,0.922612907846279,0.92885839792397,0.923354792363031,0.906640399517429,0.880009343646438,0.848392533880458,0.760345274122066,0.76022559051168,0,100000,2082.59246647744,98140.1311215254,4859961.54216813,48.5996154216813,2023.5,"Total","GMoH report",29.4427045783187
0,1,0.0222948,0.0091446,0.00999163,0.0110679,0.0136113,0.0157364,0.0179951,0.0194652,0.0185395,0.0167358,0.0155936,0.0174607,0.0202855,0.0269286,0.0342269,0.0570555,0.0553584,0.177567,0.10480184134,0.0218585414608864,0.0359214258581943,0.0487406535591958,0.0538494978566801,0.0658168671890734,0.0757037391962792,0.0861019662670687,0.0928096061365758,0.0885913993780754,0.0803185135522314,0.0750425415598315,0.0836519461592432,0.0965320002712442,0.126150368000645,0.157645231099225,0.249665522020849,0.243142105207678,1,0.978141458539114,0.964078574141806,0.951259346440804,0.94615050214332,0.934183132810927,0.924296260803721,0.913898033732931,0.907190393863424,0.911408600621925,0.919681486447769,0.924957458440168,0.916348053840757,0.903467999728756,0.873849631999355,0.842354768900775,0.750334477979151,0.756857894792322,0,100000,2185.85414608863,98043.2273933221,4724542.64591112,47.2454264591112,2023.5,"Total","GMoH report",30.7968935408888
0,1,0.0220085,0.00851085,0.00948705,0.0104738,0.0129337,0.0151729,0.0167834,0.0178149,0.0177079,0.0162018,0.0152996,0.0160728,0.0191794,0.0265373,0.0311878,0.0531759,0.0545664,0.173846,0.105373138675,0.0215835332817315,0.0334736220475925,0.0463362638696389,0.0510327333924845,0.0626429860289921,0.0730919575916444,0.0805377565421272,0.0852765183817044,0.0847860430698103,0.0778555018262775,0.0736798205440121,0.0772595565006893,0.0915092678695566,0.124431321715592,0.144659937039035,0.234681058723555,0.240081097063047,1,0.978416466718268,0.966526377952407,0.953663736130361,0.948967266607516,0.937357013971008,0.926908042408356,0.919462243457873,0.914723481618296,0.91521395693019,0.922144498173722,0.926320179455988,0.922740443499311,0.908490732130443,0.875568678284408,0.855340062960965,0.765318941276445,0.759918902936953,0,100000,2158.35332817315,98069.0791363861,4848278.42386113,48.4827842386113,2023.5,"Total","GMoH report",29.5595357613887
0,1,0.0226679,0.00957998,0.0103778,0.0121487,0.0139872,0.0165042,0.0185876,0.0204768,0.0196096,0.0177986,0.0171336,0.0175052,0.0214266,0.0273993,0.0351538,0.0568901,0.057954,0.176971,0.104057338945,0.022216698000049,0.0375995148004048,0.0505768099541447,0.0589529943925578,0.0675731037094867,0.0792510615739289,0.0888110397919097,0.0973980015068608,0.093465926423037,0.0852018173349552,0.0821492202977655,0.0838562010724657,0.101686035005859,0.128214061183535,0.161569541619538,0.249031878782228,0.253099656297357,1,0.977783301999951,0.962400485199595,0.949423190045855,0.941047005607442,0.932426896290513,0.920748938426071,0.91118896020809,0.902601998493139,0.906534073576963,0.914798182665045,0.917850779702234,0.916143798927534,0.898313964994141,0.871785938816465,0.838430458380462,0.750968121217772,0.746900343702643,0,100000,2221.66980000489,98009.5112473981,4621114.69518529,46.2111469518529,2023.5,"Total","GMoH report",31.8311730481471
0,1,0.0212882,0.00845702,0.00913884,0.0102006,0.0128379,0.0147823,0.0165556,0.0178454,0.0169694,0.0155605,0.014838,0.0159911,0.0192961,0.0249775,0.0321772,0.0557174,0.0542747,0.171552,0.10681046131,0.0208909707767066,0.0332654272331612,0.0446735391829336,0.0497346907829974,0.0621934178039371,0.07127739057332,0.0794880683394966,0.0854162807583858,0.0813939823881561,0.0748892158903457,0.0715363587713758,0.0768819332913613,0.092040445880608,0.117547399568212,0.148907438893121,0.244526103238542,0.238951013560738,1,0.979109029223293,0.966734572766839,0.955326460817066,0.950265309217003,0.937806582196063,0.92872260942668,0.920511931660503,0.914583719241614,0.918606017611844,0.925110784109654,0.928463641228624,0.923118066708639,0.907959554119392,0.882452600431788,0.851092561106879,0.755473896761458,0.761048986439262,0,100000,2089.09707767065,98134.0403449167,4890146.03156804,48.9014603156804,2023.5,"Total","GMoH report",29.1408596843196
0,1,0.0211681,0.0084173,0.00907167,0.0103347,0.0128975,0.0148015,0.0156927,0.01754,0.0174635,0.0156449,0.0145743,0.0159446,0.0193385,0.0251575,0.0323056,0.0539549,0.0520897,0.174412,0.107050114855,0.0207754022565907,0.0331117764875428,0.0443524725141685,0.0503720499387451,0.0624731319516345,0.0713666657425299,0.0755014461403821,0.0840159026680079,0.0836647994375556,0.0752801249335671,0.0703097128789701,0.0766669407416276,0.0922333627844808,0.118344378259821,0.149457235807262,0.237710398103424,0.230439667172245,1,0.979224597743409,0.966888223512457,0.955647527485831,0.949627950061255,0.937526868048365,0.92863333425747,0.924498553859618,0.915984097331992,0.916335200562444,0.924719875066433,0.92969028712103,0.923333059258372,0.907766637215519,0.881655621740179,0.850542764192738,0.762289601896576,0.769560332827755,0,100000,2077.54022565908,98144.8606941136,4901357.86674319,49.013578667432,2023.5,"Total","GMoH report",29.0287413325681
0,1,0.0217373,0.00882206,0.00939796,0.0106678,0.0130172,0.0152425,0.0162784,0.0188833,0.0184056,0.0158918,0.0149373,0.0169794,0.0199731,0.0255416,0.033394,0.0553658,0.0548462,0.176125,0.105914304715,0.0213228894519343,0.0346764053429602,0.0459111227618232,0.0519534280506044,0.063034662963189,0.0734149322383908,0.0782091984594925,0.0901601949755457,0.0879797019925164,0.0764227618818164,0.0719978657016373,0.0814399943978048,0.0951160919592231,0.120042787826149,0.154104579205065,0.24317065532809,0.241163716438656,1,0.978677110548066,0.96532359465704,0.954088877238177,0.948046571949396,0.936965337036811,0.926585067761609,0.921790801540508,0.909839805024454,0.912020298007484,0.923577238118184,0.928002134298363,0.918560005602195,0.904883908040777,0.879957212173851,0.845895420794935,0.75682934467191,0.758836283561344,0,100000,2132.28894519343,98093.5509558882,4819231.84723366,48.1923184723366,2023.5,"Total","GMoH report",29.8500015276634
0,1,0.021483,0.00857423,0.00943751,0.0103006,0.0130956,0.0149209,0.016765,0.0185414,0.017378,0.0158373,0.0142807,0.0166367,0.0197477,0.0261576,0.0338093,0.0552584,0.0562542,0.174264,0.10642174765,0.0210783640912892,0.033718696285496,0.0460998798082765,0.0502100167535704,0.0634022729847522,0.0719216602489776,0.080453013088911,0.088600076360427,0.083272237635908,0.0761706561676887,0.068942144782511,0.0798619036681118,0.0940931897899619,0.122760218285442,0.155871715982115,0.242756201752675,0.246591483431824,1,0.978921635908711,0.966281303714504,0.953900120191724,0.94978998324643,0.936597727015248,0.928078339751022,0.919546986911089,0.911399923639573,0.916727762364092,0.923829343832311,0.931057855217489,0.920138096331888,0.905906810210038,0.877239781714558,0.844128284017885,0.757243798247325,0.753408516568176,0,100000,2107.83640912893,98116.4832252909,4845782.2768562,48.457822768562,2023.5,"Total","GMoH report",29.584497231438
0,1,0.0214644,0.00931097,0.00970614,0.0110757,0.0135349,0.0152687,0.0172669,0.0191538,0.0187381,0.0162552,0.0153348,0.0172416,0.0197436,0.0264969,0.0337838,0.0549748,0.0572439,0.175613,0.10645886302,0.0210604743311929,0.0365630058979488,0.0473809838436886,0.0538864252983088,0.0654595295342666,0.0735364837272831,0.0827618965223458,0.0913927059709348,0.0894979463296987,0.0781020873733229,0.0738430779217152,0.0826456422370157,0.0940745731441766,0.124253658115686,0.155763308818817,0.241660856821081,0.25038671921047,1,0.978939525668807,0.963436994102051,0.952619016156312,0.946113574701691,0.934540470465733,0.926463516272717,0.917238103477654,0.908607294029065,0.910502053670301,0.921897912626677,0.926156922078285,0.917354357762984,0.905925426855823,0.875746341884314,0.844236691181183,0.758339143178919,0.74961328078953,0,100000,2106.04743311928,98118.1599820768,4761522.81686005,47.6152281686005,2023.5,"Total","GMoH report",30.4270918313995
0,1,0.0222165,0.00909855,0.0101168,0.0115842,0.0141491,0.0164794,0.018382,0.0198641,0.0188539,0.0173245,0.01605,0.0174245,0.0206752,0.027609,0.0341484,0.056724,0.0559658,0.180536,0.104958085075,0.0217833447528475,0.0357437670957814,0.0493361891051525,0.0562907905599875,0.0683285319224405,0.0791366871926919,0.0878718491713315,0.0946215692172777,0.0900261403797362,0.0830265177338019,0.0771541881985338,0.083485756106793,0.0982953119176029,0.129131987399704,0.157312108025735,0.248395092003048,0.24548244627119,1,0.978216655247152,0.964256232904219,0.950663810894848,0.943709209440012,0.93167146807756,0.920863312807308,0.912128150828668,0.905378430782722,0.909973859620264,0.916973482266198,0.922845811801466,0.916514243893207,0.901704688082397,0.870868012600296,0.842687891974265,0.751604907996952,0.75451755372881,0,100000,2178.33447528476,98050.299339894,4672914.38256654,46.7291438256654,2023.5,"Total","GMoH report",31.3131761743346
0,1,0.0226055,0.00931049,0.010251,0.0117004,0.0138427,0.0159824,0.0173966,0.0197709,0.018975,0.0173991,0.0160125,0.0174524,0.020908,0.027225,0.0345273,0.0557854,0.0560549,0.177533,0.104181855025,0.0221568152501044,0.0365611554554865,0.0499742840358707,0.0568393909746019,0.0668983650068009,0.0768417125339918,0.0833576507331397,0.0941985259102048,0.0905781967897846,0.0833691304078039,0.0769808599501217,0.0836138443568656,0.0993471257376909,0.127450406694365,0.158918898766545,0.244788007689584,0.245825228497709,1,0.977843184749896,0.963438844544513,0.950025715964129,0.943160609025398,0.933101634993199,0.923158287466008,0.91664234926686,0.905801474089795,0.909421803210215,0.916630869592196,0.923019140049878,0.916386155643134,0.900652874262309,0.872549593305635,0.841081101233455,0.755211992310416,0.754174771502291,0,100000,2215.68152501044,98015.1522864098,4687178.97916511,46.8717897916511,2023.5,"Total","GMoH report",31.1705302083489
0,1,0.0215946,0.00919215,0.0096043,0.0107352,0.0132697,0.0155441,0.0170557,0.0185996,0.0179316,0.0165652,0.0151976,0.0170129,0.0203614,0.0260072,0.0335013,0.0545035,0.0568344,0.173459,0.10619905543,0.0211856892102667,0.0361048378298841,0.0468955037825531,0.0522730946848481,0.064218112288416,0.0748132388355412,0.081790993385296,0.0888658278698785,0.0858111710145871,0.0795323277124445,0.0732065888627487,0.0815941185512487,0.0968756883957471,0.122097466897273,0.154561474210112,0.239837537004666,0.248818390208793,1,0.978814310789733,0.963895162170116,0.953104496217447,0.947726905315152,0.935781887711584,0.925186761164459,0.918209006614704,0.911134172130121,0.914188828985413,0.920467672287555,0.926793411137251,0.918405881448751,0.903124311604253,0.877902533102727,0.845438525789888,0.760162462995335,0.751181609791207,0,100000,2118.56892102666,98106.4210972497,4788443.71602227,47.8844371602227,2023.5,"Total","GMoH report",30.1578828397773
0,1,0.0215588,0.00920913,0.00974964,0.0110049,0.0137146,0.0155466,0.017315,0.019345,0.0181714,0.0165516,0.0154735,0.0166694,0.0196969,0.0261955,0.0334271,0.0545023,0.0566459,0.175648,0.10627049254,0.0211512630536463,0.0361703255399211,0.0475882785400373,0.0535511863727172,0.0662998115125741,0.0748248210910642,0.0829828786408349,0.0922629338611406,0.0869088608164021,0.0794696263320078,0.0744860983913535,0.080012595117376,0.0938624993417869,0.122927154322371,0.154245546713623,0.239832889734551,0.248095515584395,1,0.978848736946354,0.963829674460079,0.952411721459963,0.946448813627283,0.933700188487426,0.925175178908936,0.917017121359165,0.907737066138859,0.913091139183598,0.920530373667992,0.925513901608647,0.919987404882624,0.906137500658213,0.877072845677629,0.845754453286377,0.760167110265449,0.751904484415605,0,100000,2115.12630536464,98109.6492088908,4761553.62090613,47.6155362090613,2023.5,"Total","GMoH report",30.4267837909387
0,1,0.0230079,0.00966837,0.010718,0.012219,0.0146764,0.0166823,0.0185863,0.0206892,0.0203342,0.018385,0.0162318,0.0176514,0.0216424,0.0278806,0.0346933,0.0576143,0.059496,0.17718,0.103330585659,0.0225428305796637,0.037939847042107,0.0521915280070511,0.0592840213575794,0.0707848336678914,0.0800720356972206,0.0888051042282081,0.0983585982240571,0.0967525364341041,0.0878855599507631,0.0779940408205236,0.0845269523818189,0.10265760748919,0.130319533066,0.159621967948436,0.251802882908161,0.25896199314031,1,0.977457169420336,0.962060152957893,0.947808471992949,0.940715978642421,0.929215166332109,0.919927964302779,0.911194895771792,0.901641401775943,0.903247463565896,0.912114440049237,0.922005959179476,0.915473047618181,0.89734239251081,0.869680466934,0.840378032051564,0.748197117091839,0.74103800685969,0,100000,2254.28305796637,97978.6533306545,4586746.05309111,45.8674605309111,2023.5,"Total","GMoH report",32.1748594690889
0,1,0.0210658,0.00849729,0.00889717,0.0104247,0.0123347,0.0146842,0.0159455,0.0180243,0.0174795,0.0155096,0.014297,0.0163385,0.0195235,0.025468,0.0319479,0.0532154,0.0540897,0.173242,0.10725424939,0.0206769411038367,0.0334211810647014,0.0435178849489225,0.050799574197167,0.0598285810047032,0.0708211212291184,0.0766711023439369,0.0862356566352721,0.0837382434347076,0.0746533894764405,0.0690181198512178,0.0784866160588079,0.093074643017614,0.119717581580753,0.147924784447384,0.234834915141895,0.238233547248484,1,0.979323058896163,0.966578818935299,0.956482115051077,0.949200425802833,0.940171418995297,0.929178878770882,0.923328897656063,0.913764343364728,0.916261756565292,0.925346610523559,0.930981880148782,0.921513383941192,0.906925356982386,0.880282418419247,0.852075215552616,0.765165084858105,0.761766452751516,0,100000,2067.69411038367,98154.0748693936,4904763.38078779,49.0476338078779,2023.5,"Total","GMoH report",28.9946861921221
0,1,0.0218678,0.00887878,0.00970311,0.0108902,0.0136523,0.0153474,0.0171037,0.0186324,0.0181338,0.0158206,0.0149059,0.0166744,0.0200112,0.0270196,0.0343077,0.0546175,0.0568931,0.176292,0.10565389849,0.0214483268847476,0.0348954617443471,0.0473665430560193,0.0530078351832193,0.0660085777354556,0.0739015099167588,0.0820117395266453,0.0890155659237078,0.0867368292159113,0.0760933921984625,0.0718519548649465,0.080035634538623,0.0952888875344277,0.126549694674436,0.157987988700177,0.240278915791847,0.249043375791843,1,0.978551673115252,0.965104538255653,0.952633456943981,0.946992164816781,0.933991422264544,0.926098490083241,0.917988260473355,0.910984434076292,0.913263170784089,0.923906607801537,0.928148045135054,0.919964365461377,0.904711112465572,0.873450305325564,0.842012011299823,0.759721084208153,0.750956624208157,0,100000,2144.83268847477,98081.7772466714,4786031.38789976,47.8603138789976,2023.5,"Total","GMoH report",30.1820061210024
0,1,0.020954,0.00806237,0.00863399,0.00970576,0.0122395,0.0135856,0.0154761,0.0171111,0.0161776,0.0144372,0.0139421,0.015141,0.0185828,0.0252117,0.0315613,0.053596,0.0532244,0.172753,0.1074773407,0.0205693143329432,0.0317377175562126,0.042257816096013,0.0473791727995233,0.059380530007435,0.0656966780274748,0.07449814802825,0.0820457667034035,0.0777437324834398,0.0696713518960171,0.0673625610924813,0.0729438913525766,0.088789123681145,0.118584225222401,0.146265663765495,0.236316016896093,0.234869967283315,1,0.979430685667057,0.968262282443787,0.957742183903987,0.952620827200477,0.940619469992565,0.934303321972525,0.92550185197175,0.917954233296597,0.92225626751656,0.930328648103983,0.932637438907519,0.927056108647423,0.911210876318855,0.881415774777599,0.853734336234505,0.763683983103908,0.765130032716685,0,100000,2056.93143329432,98164.1420871584,5002372.93826742,50.0237293826742,2023.5,"Total","GMoH report",28.0185906173258
0,1,0.0209524,0.00816164,0.00860191,0.00994959,0.0121151,0.0137232,0.015572,0.0172344,0.0166156,0.0152254,0.0136878,0.0157517,0.0187387,0.0244023,0.031167,0.0530981,0.0542342,0.17191,0.10748053342,0.020567773889602,0.0321222200085784,0.0421041105754988,0.0485405534861006,0.0587947396249252,0.0663400070385224,0.0749424889068561,0.0826125554364645,0.079764655956234,0.0733355907417995,0.0661745403176018,0.0757745548605093,0.089500683839349,0.114996078013715,0.144570433265997,0.234377941553937,0.238793996577096,1,0.979432226110398,0.967877779991422,0.957895889424501,0.951459446513899,0.941205260375075,0.933659992961478,0.925057511093144,0.917387444563535,0.920235344043766,0.9266644092582,0.933825459682398,0.924225445139491,0.910499316160651,0.885003921986285,0.855429566734003,0.765622058446063,0.761206003422904,0,100000,2056.77738896021,98164.2861419314,4984945.83619055,49.8494583619055,2023.5,"Total","GMoH report",28.1928616380945
0,1,0.0223321,0.00963995,0.0106683,0.0117205,0.0144208,0.0168099,0.0184626,0.020976,0.019737,0.0171336,0.0165456,0.018445,0.0208471,0.0277975,0.0344158,0.0581509,0.0580718,0.180014,0.104727411055,0.0218943591376095,0.037830433034145,0.0519557998511207,0.0569342551561071,0.0695949624150139,0.0806597923897681,0.0882401438025764,0.0996541370529436,0.0940446041211521,0.0821492202977655,0.0794419626566695,0.0881597342542031,0.0990720858002823,0.129956346168456,0.158446354851734,0.253850423517666,0.253548897792879,1,0.97810564086239,0.962169566965855,0.948044200148879,0.943065744843893,0.930405037584986,0.919340207610232,0.911759856197424,0.900345862947056,0.905955395878848,0.917850779702234,0.920558037343331,0.911840265745797,0.900927914199718,0.870043653831544,0.841553645148266,0.746149576482334,0.746451102207121,0,100000,2189.43591376096,98039.8580411581,4611244.44114454,46.1124444114454,2023.5,"Total","GMoH report",31.9298755885546
0,1,0.0221606,0.00939953,0.00981202,0.0112506,0.0138614,0.0159128,0.0176243,0.0196448,0.0196318,0.0169814,0.0163263,0.0177878,0.0201093,0.0270749,0.0337914,0.0582947,0.0570693,0.176033,0.10506963073,0.0217296533014496,0.0369043528563915,0.0478854670978172,0.0547140843077189,0.0669857106751197,0.0765198858991596,0.0844026556883783,0.0936258473833108,0.0935667887896008,0.0814491965349054,0.0784303081501217,0.0851523189523485,0.0957336578837936,0.126792279293398,0.155795619737966,0.254398316192616,0.249718368746271,1,0.97827034669855,0.963095647143609,0.952114532902183,0.945285915692281,0.93301428932488,0.92348011410084,0.915597344311622,0.906374152616689,0.906433211210399,0.918550803465095,0.921569691849878,0.914847681047651,0.904266342116206,0.873207720706602,0.844204380262034,0.745601683807384,0.750281631253729,0,100000,2172.96533014496,98055.3473346825,4699331.15703238,46.9933115703238,2023.5,"Total","GMoH report",31.0490084296762
0,1,0.0218002,0.00867252,0.00912758,0.0102799,0.0124245,0.014147,0.0158505,0.0180533,0.0170016,0.0152965,0.0146712,0.0158588,0.019832,0.0251674,0.0322842,0.0536669,0.0555285,0.171848,0.10578879091,0.0213833532705751,0.0340986377640373,0.0446197247323194,0.0501116432952236,0.0602510277638695,0.0683187370667903,0.0762317226984217,0.0863684128315696,0.0815421331716713,0.0736654414376235,0.0707606412019933,0.0762701186075658,0.0944758855923322,0.118388192509586,0.149365625669409,0.236591649071158,0.24379813776745,1,0.978616646729425,0.965901362235963,0.955380275267681,0.949888356704776,0.939748972236131,0.93168126293321,0.923768277301578,0.91363158716843,0.918457866828329,0.926334558562377,0.929239358798007,0.923729881392434,0.905524114407668,0.881611807490414,0.850634374330591,0.763408350928842,0.75620186223255,0,100000,2138.3353270575,98087.876581752,4907352.94290473,49.0735294290473,2023.5,"Total","GMoH report",28.9687905709527
0,1,0.0211875,0.00845356,0.00910411,0.0101913,0.0128141,0.0144605,0.0158228,0.0175837,0.0169725,0.0151065,0.0146884,0.0157802,0.0194358,0.0254358,0.0321637,0.0543077,0.0545388,0.173182,0.107011403125,0.0207940720827135,0.0332520437068038,0.0445075460131652,0.0496904736887399,0.0620816973063662,0.0697798704581015,0.0761035710403566,0.0842164097880257,0.0814082463471812,0.0727837314038687,0.0708406601197429,0.0759064524958139,0.0926759232282986,0.119575268465888,0.148849614162411,0.2390789326265,0.239974233222774,1,0.979205927917286,0.966747956293196,0.955492453986835,0.95030952631126,0.937918302693634,0.930220129541898,0.923896428959643,0.915783590211974,0.918591753652819,0.927216268596131,0.929159339880257,0.924093547504186,0.907324076771701,0.880424731534112,0.851150385837589,0.7609210673735,0.760025766777226,0,100000,2079.40720827135,98143.113074754,4913179.01437944,49.1317901437944,2023.5,"Total","GMoH report",28.9105298562056
0,1,0.0223735,0.00944963,0.00999416,0.0113973,0.0138895,0.0155762,0.0179183,0.0192817,0.0186015,0.0171451,0.0155967,0.0167979,0.0196662,0.0271055,0.0349804,0.0555596,0.0565015,0.177877,0.104644799425,0.0219341108557039,0.0370974064698015,0.0487526944286231,0.0554077530406738,0.0671169478810166,0.0749619444039384,0.0857502530997087,0.0919749180562853,0.0888745023608372,0.0822020922695724,0.0750569001149431,0.0806045327963505,0.093723058945419,0.126926485376564,0.160836672181091,0.243918029605786,0.247541355285799,1,0.978065889144296,0.962902593530198,0.951247305571377,0.944592246959326,0.932883052118983,0.925038055596062,0.914249746900291,0.908025081943715,0.911125497639163,0.917797907730428,0.924943099885057,0.91939546720365,0.906276941054581,0.873073514623436,0.839163327818909,0.756081970394214,0.752458644714201,0,100000,2193.41108557039,98036.1179775357,4714431.63438234,47.1443163438234,2023.5,"Total","GMoH report",30.8980036561766
0,1,0.0216225,0.00888232,0.0095551,0.0108722,0.0132008,0.0152263,0.0166209,0.0188606,0.0181494,0.0159485,0.0148432,0.0165743,0.0199698,0.0264415,0.0327492,0.0551579,0.0548032,0.17503,0.106143382375,0.0212125168889469,0.0349091318401473,0.0466608766439485,0.0529225389305969,0.0638953264369285,0.0733397667729621,0.0797890840329902,0.0900566918922429,0.0868082077841078,0.0766849742215683,0.0715605317864678,0.0795742800263963,0.0951011239379593,0.124009975576955,0.151354179279823,0.242368197937463,0.24099742482023,1,0.978787483111053,0.965090868159853,0.953339123356052,0.947077461069403,0.936104673563071,0.926660233227038,0.92021091596701,0.909943308107757,0.913191792215892,0.923315025778432,0.928439468213532,0.920425719973604,0.904898876062041,0.875990024423045,0.848645820720177,0.757631802062537,0.75900257517977,0,100000,2121.2516888947,98103.9051402333,4809171.40899886,48.0917140899886,2023.5,"Total","GMoH report",29.9506059100114
0,1,0.0210432,0.00829379,0.00891215,0.0103682,0.0124476,0.0148056,0.0160834,0.0177361,0.0165602,0.0154498,0.0144131,0.0160538,0.0189611,0.0249768,0.0317018,0.0530679,0.0555946,0.173628,0.10729934656,0.0206551865700741,0.0326338435100692,0.0435895582951008,0.0505312058780383,0.0603596675068542,0.0713857286401148,0.0773085395860541,0.08491533290994,0.0795092762102572,0.0743762543633431,0.0695590945363455,0.0771717503842051,0.0905148473211475,0.117544298888786,0.146868972980886,0.234260251057292,0.244052936536122,1,0.979344813429926,0.967366156489931,0.956410441704899,0.949468794121962,0.939640332493146,0.928614271359885,0.922691460413946,0.91508466709006,0.920490723789743,0.925623745636657,0.930440905463654,0.922828249615795,0.909485152678853,0.882455701111214,0.853131027019114,0.765739748942708,0.755947063463878,0,100000,2065.51865700741,98156.110145197,4920140.58316673,49.2014058316673,2023.5,"Total","GMoH report",28.8409141683327
0,1,0.0207654,0.00834603,0.00916117,0.0104158,0.0128638,0.014584,0.0159902,0.017796,0.0175439,0.0153042,0.0141696,0.0153036,0.0184208,0.02614,0.0315118,0.0533843,0.0543751,0.174473,0.10785368257,0.0203877020168159,0.0328360191973959,0.0447802512638235,0.0507573051524819,0.062314981357048,0.0703548617409259,0.0768777726013738,0.0851899012915394,0.0840337986017758,0.0737011568869277,0.0684241431529499,0.0736983739124823,0.088049160079996,0.122682686441076,0.146053016394917,0.235492494998173,0.239340139897631,1,0.979612297983184,0.967163980802604,0.955219748736177,0.949242694847518,0.937685018642952,0.929645138259074,0.923122227398626,0.914810098708461,0.915966201398224,0.926298843113072,0.93157585684705,0.926301626087518,0.911950839920004,0.877317313558924,0.853946983605083,0.764507505001827,0.760659860102369,0,100000,2038.77020168159,98181.1186724837,4907810.72868819,49.0781072868819,2023.5,"Total","GMoH report",28.9642127131181
0,1,0.0207542,0.00840582,0.00885482,0.00979072,0.0122,0.0137553,0.0152588,0.0171014,0.0167972,0.0149509,0.0142836,0.0152673,0.0186157,0.0254018,0.0309676,0.0548454,0.0549493,0.171508,0.10787603161,0.0203769149147231,0.0330673633909226,0.0433152286183149,0.0477840005747324,0.0591945657447841,0.0664900244178141,0.073490555769077,0.0820011632662945,0.080601309221847,0.0720610558984208,0.0689556622564833,0.0735299889974482,0.0889393302735659,0.119424976575087,0.143711963497952,0.241160622928142,0.241562301557558,1,0.979623085085277,0.966932636609077,0.956684771381685,0.952215999425268,0.940805434255216,0.933509975582186,0.926509444230923,0.917998836733706,0.919398690778153,0.927938944101579,0.931044337743517,0.926470011002552,0.911060669726434,0.880575023424913,0.856288036502048,0.758839377071858,0.758437698442442,0,100000,2037.6914914723,98182.1265802732,4976686.18348511,49.7668618348511,2023.5,"Total","GMoH report",28.2754581651489
0,1,0.0208145,0.00823162,0.00886307,0.00960101,0.0123686,0.0138095,0.0153376,0.016496,0.0161057,0.0149844,0.0131572,0.0157119,0.0188945,0.0245909,0.0319326,0.0513837,0.0521053,0.170432,0.107755705975,0.020434989169772,0.0323931832497946,0.043354710416864,0.0468798160434224,0.0599880786267432,0.0667432719645151,0.0738560631158845,0.0792132457454573,0.077411580759408,0.0722166905551148,0.0636910115568602,0.0755903307073962,0.0902112584433551,0.115833382203905,0.147859179881306,0.227671934099526,0.230500726268858,1,0.979565010830228,0.967606816750205,0.956645289583136,0.953120183956578,0.940011921373257,0.933256728035485,0.926143936884115,0.920786754254543,0.922588419240592,0.927783309444885,0.93630898844314,0.924409669292604,0.909788741556645,0.884166617796095,0.852140820118694,0.772328065900474,0.769499273731142,0,100000,2043.49891697719,98176.6997514808,5004093.15112635,50.0409315112636,2023.5,"Total","GMoH report",28.0013884887365
0,1,0.0213178,0.00852815,0.00916002,0.0102374,0.0124421,0.0146714,0.0160771,0.017743,0.0166253,0.0157377,0.0140415,0.0165328,0.018562,0.0248624,0.0305483,0.0540367,0.0559107,0.175478,0.10675139599,0.0209194498467754,0.0335405227812856,0.0447747558522458,0.0499096376878364,0.0603338020051784,0.0707615716926704,0.0772794272984502,0.0849469650000119,0.0798093634736056,0.0757097564161249,0.0678265342966828,0.0793829441522973,0.0886941480593078,0.117037421998275,0.141904171959337,0.238027895101872,0.245270400541159,1,0.979080550153225,0.966459477218714,0.955225244147754,0.950090362312164,0.939666197994822,0.92923842830733,0.92272057270155,0.915053034999988,0.920190636526394,0.924290243583875,0.932173465703317,0.920617055847703,0.911305851940692,0.882962578001725,0.858095828040663,0.761972104898128,0.754729599458841,0,100000,2091.94498467754,98131.3730627711,4912599.49116985,49.1259949116985,2023.5,"Total","GMoH report",28.9163250883015
0,1,0.0213729,0.00850786,0.00900232,0.0102521,0.0125923,0.0149054,0.0162539,0.0176208,0.0174829,0.0157218,0.0145454,0.0157291,0.0192206,0.0256418,0.0313666,0.0549651,0.0543144,0.174746,0.106641446695,0.0209724589362873,0.033462058973877,0.0440208749916137,0.0499795125972542,0.0610399176135861,0.0718496312653439,0.0780960851057492,0.0843866014336451,0.0837538495588682,0.0756361586041435,0.0701751846721734,0.0756699494935524,0.0916968297836509,0.120485347068826,0.145428969234058,0.241623368473758,0.239104901803685,1,0.979027541063713,0.966537941026123,0.955979125008386,0.950020487402746,0.938960082386414,0.928150368734656,0.921903914894251,0.915613398566355,0.916246150441132,0.924363841395857,0.929824815327827,0.924330050506448,0.908303170216349,0.879514652931174,0.854571030765942,0.758376631526242,0.760895098196315,0,100000,2097.24589362873,98126.407442543,4895527.82500712,48.9552782500712,2023.5,"Total","GMoH report",29.0870417499288
0,1,0.0213701,0.0087058,0.00941495,0.011017,0.0133113,0.0149396,0.0168724,0.0186285,0.0178325,0.0162871,0.0149186,0.0163519,0.0200993,0.0258392,0.0330563,0.0537718,0.056149,0.176583,0.106647033955,0.0209697653248466,0.0342272488341985,0.0459922140117257,0.0536084882133829,0.0644129497548216,0.0720085525700608,0.0809475513370518,0.0889977629330062,0.0853571706365589,0.0782493620388429,0.0719109724172404,0.0785484586476007,0.095688328926042,0.121356605967699,0.152665138458902,0.236999302292474,0.246187101144582,1,0.979030234675153,0.965772751165802,0.954007785988274,0.946391511786617,0.935587050245178,0.927991447429939,0.919052448662948,0.911002237066994,0.914642829363441,0.921750637961157,0.92808902758276,0.921451541352399,0.904311671073958,0.878643394032301,0.847334861541098,0.763000697707526,0.753812898855418,0,100000,2096.97653248467,98126.6597949781,4816950.27124925,48.1695027124925,2023.5,"Total","GMoH report",29.8728172875075
0,1,0.0218349,0.00890732,0.00964797,0.0107403,0.0130675,0.0148114,0.0163336,0.0183198,0.0170758,0.0159958,0.0146384,0.0162515,0.0194027,0.0259544,0.0323876,0.0550458,0.055467,0.174298,0.105719548795,0.0214167061682079,0.0350056666506585,0.047103711999354,0.052297278840182,0.0632705308454429,0.0714126950223644,0.0784640009838264,0.08758753470431,0.0818834370155257,0.0769036610465779,0.0706080285858714,0.0780850038978839,0.0925253938517801,0.121864687863302,0.149808181363203,0.241935207401101,0.24356100441964,1,0.978583293831792,0.964994333349341,0.952896288000646,0.947702721159818,0.936729469154557,0.928587304977636,0.921535999016174,0.91241246529569,0.918116562984474,0.923096338953422,0.929391971414129,0.921914996102116,0.90747460614822,0.878135312136698,0.850191818636797,0.758064792598899,0.75643899558036,0,100000,2141.67061682079,98084.745834457,4842365.05376322,48.4236505376322,2023.5,"Total","GMoH report",29.6186694623678
0,1,0.0213167,0.00882668,0.00914631,0.0105694,0.0129998,0.0150332,0.0166425,0.0186533,0.0181506,0.0160534,0.0149948,0.0170324,0.0199926,0.0269024,0.0331253,0.0536153,0.0557107,0.176434,0.106753590985,0.0209183915319362,0.0346942499162976,0.0447092386095331,0.0514865452710309,0.0629530571201245,0.0724433611576134,0.0798886335407454,0.0891109660427853,0.0868136982226021,0.077169901748189,0.0722650018747223,0.0816838212090955,0.095204534556085,0.126035365460583,0.152959432293611,0.236391056474506,0.244500293717045,1,0.979081608468064,0.965305750083702,0.955290761390467,0.948513454728969,0.937046942879875,0.927556638842387,0.920111366459255,0.910889033957215,0.913186301777398,0.922830098251811,0.927734998125278,0.918316178790904,0.904795465443915,0.873964634539417,0.847040567706389,0.763608943525494,0.755499706282955,0,100000,2091.83915319362,98131.4721881728,4827720.20688663,48.2772020688663,2023.5,"Total","GMoH report",29.7651179311337
0,1,0.022382,0.00904445,0.0098422,0.0111237,0.0134907,0.0152283,0.0173271,0.0194297,0.0186343,0.0171501,0.0162787,0.0170346,0.0207121,0.0270366,0.033025,0.0553214,0.0557944,0.176676,0.1046278381,0.0219422720468572,0.0355350107441502,0.0480292170986785,0.054113640249881,0.0652527372441508,0.0733490467773993,0.0830384607182232,0.0926481839507312,0.0890242390554238,0.082225079174139,0.0782105834384512,0.0816939409823549,0.0984621074601848,0.126624275296309,0.152531609029502,0.242999340685503,0.244822665658025,1,0.978057727953143,0.96446498925585,0.951970782901322,0.945886359750119,0.934747262755849,0.926650953222601,0.916961539281777,0.907351816049269,0.910975760944576,0.917774920825861,0.921789416561549,0.918306059017645,0.901537892539815,0.873375724703691,0.847468390970498,0.757000659314497,0.755177334341975,0,100000,2194.22720468571,98035.3500440408,4741948.31428034,47.4194831428034,2023.5,"Total","GMoH report",30.6228368571966
0,1,0.0210113,0.00816654,0.00884272,0.0101205,0.0121014,0.0138082,0.015357,0.0171802,0.0162945,0.01482,0.0145683,0.0157813,0.0189379,0.0258787,0.0319815,0.0529744,0.0546798,0.175102,0.107363001415,0.0206244783436835,0.0321411952860966,0.0432573190981608,0.0493537874844101,0.0587302057212133,0.0667371985378733,0.0739460271525459,0.0823634486967502,0.078283522842603,0.0714526782700931,0.0702817846902428,0.0759115429193184,0.0904091035926805,0.121530849042227,0.148068840911011,0.23389577865769,0.240520031899372,1,0.979375521656316,0.967858804713903,0.956742680901839,0.95064621251559,0.941269794278787,0.933262801462127,0.926053972847454,0.91763655130325,0.921716477157397,0.928547321729907,0.929718215309757,0.924088457080682,0.90959089640732,0.878469150957773,0.851931159088989,0.76610422134231,0.759479968100628,0,100000,2062.44783436836,98158.9827553913,4969299.49109103,49.6929949109103,2023.5,"Total","GMoH report",28.3493250890897
0,1,0.0222515,0.00917252,0.00975097,0.0112444,0.0136814,0.0152188,0.0178321,0.0189614,0.0185419,0.0167216,0.0153691,0.0172314,0.0205015,0.0270591,0.0340657,0.0553038,0.0556347,0.173286,0.104888244325,0.0218169589907142,0.036029124274028,0.047594615822386,0.0546847568015516,0.0661446224074856,0.0733049659601155,0.0853553377062222,0.090516214620249,0.0886023597637417,0.080253099431371,0.0740021344871344,0.0825987689325396,0.0975097591804072,0.12672297581295,0.156961031475189,0.242931422931238,0.244207475857304,1,0.978183041009286,0.963970875725972,0.952405384177614,0.945315243198448,0.933855377592514,0.926695034039885,0.914644662293778,0.909483785379751,0.911397640236258,0.919746900568629,0.925997865512866,0.91740123106746,0.902490240819593,0.87327702418705,0.843038968524811,0.757068577068762,0.755792524142696,0,100000,2181.69589907142,98047.1383534332,4745012.36653435,47.4501236653435,2023.5,"Total","GMoH report",30.5921963346565
0,1,0.0228507,0.00966511,0.0104905,0.0119943,0.0147816,0.0166191,0.0188835,0.0210329,0.019801,0.0176423,0.0168344,0.0175311,0.0218157,0.0275856,0.0350307,0.0552749,0.0559938,0.180158,0.103692570685,0.0223920821193884,0.0379272970048901,0.0511120232989558,0.0582255628293887,0.0712741355932857,0.0797807877747324,0.0901611068471305,0.099910957077226,0.0943351730939183,0.0844852161766181,0.0807726041804611,0.0839750619774192,0.103437117205453,0.129029602493629,0.161049323645435,0.242819887500936,0.245590181270009,1,0.977607917880612,0.96207270299511,0.948887976701044,0.941774437170611,0.928725864406714,0.920219212225268,0.909838893152869,0.900089042922774,0.905664826906082,0.915514783823382,0.919227395819539,0.916024938022581,0.896562882794547,0.870970397506371,0.838950676354565,0.757180112499064,0.754409818729991,0,100000,2239.20821193884,97992.9810438561,4597949.15477255,45.9794915477255,2023.5,"Total","GMoH report",32.0628284522745
0,1,0.0210979,0.00829705,0.00926526,0.0106155,0.0125183,0.0144832,0.016305,0.0180742,0.0168994,0.0153028,0.0147131,0.0161583,0.0195283,0.0253274,0.0325433,0.0544852,0.0546638,0.173039,0.107190195445,0.0207078386206194,0.0326464613556187,0.0452775297859388,0.0517053058152944,0.0606920953567393,0.0698855828173494,0.0783319921692029,0.0864640774293176,0.0810718365149962,0.0736946632673798,0.0709555593975691,0.0776545848058299,0.0930964609538856,0.119096018737565,0.15047418374068,0.239766663468909,0.240458114325354,1,0.979292161379381,0.967353538644381,0.954722470214061,0.948294694184706,0.939307904643261,0.930114417182651,0.921668007830797,0.913535922570683,0.918928163485004,0.92630533673262,0.929044440602431,0.92234541519417,0.906903539046114,0.880903981262435,0.84952581625932,0.76023333653109,0.759541885674646,0,100000,2070.78386206194,98151.1838648368,4894184.53549772,48.9418453549772,2023.5,"Total","GMoH report",29.1004746450228
0,1,0.0206331,0.00832537,0.00869502,0.00978896,0.0122953,0.0141093,0.0160341,0.0173864,0.0166342,0.0147861,0.0138233,0.0156973,0.0186915,0.0250006,0.031447,0.0535391,0.0541991,0.172033,0.108117680605,0.0202602645919718,0.0327560672409484,0.0425501636892957,0.0477756160146432,0.0596431732304492,0.0681428791867268,0.0770807008367824,0.0833108122353771,0.0798503819417609,0.0712950602732348,0.0668077413717401,0.0755227421491552,0.0892853091118401,0.117649716259224,0.14577456790753,0.236094749052507,0.238657892540958,1,0.979739735408028,0.967243932759052,0.957449836310704,0.952224383985357,0.940356826769551,0.931857120813273,0.922919299163218,0.916689187764623,0.920149618058239,0.928704939726765,0.93319225862826,0.924477257850845,0.91071469088816,0.882350283740776,0.85422543209247,0.763905250947493,0.761342107459042,0,100000,2026.02645919718,98193.0228224156,4967810.71476972,49.6781071476972,2023.5,"Total","GMoH report",28.3642128523028
0,1,0.0222589,0.00936642,0.00989818,0.0114248,0.0137305,0.0163101,0.0171551,0.0195789,0.0179956,0.016975,0.0153778,0.0177968,0.0204996,0.0263789,0.0332107,0.0554466,0.0548972,0.173047,0.104873477995,0.0218240657100499,0.0367767470812073,0.0482957987273815,0.0555377313180926,0.0663741251853562,0.0783555335313748,0.0822480655276659,0.0933264279972134,0.0861042556428824,0.0814197493854548,0.0740424741042973,0.0851935677822329,0.0975011629024142,0.123734546901828,0.153323544409222,0.243482331408336,0.24136090527706,1,0.97817593428995,0.963223252918793,0.951704201272618,0.944462268681907,0.933625874814644,0.921644466468625,0.917751934472334,0.906673572002787,0.913895744357118,0.918580250614545,0.925957525895703,0.914806432217767,0.902498837097586,0.876265453098172,0.846676455590778,0.756517668591664,0.75863909472294,0,100000,2182.40657100499,98046.4699964954,4725478.23342103,47.2547823342103,2023.5,"Total","GMoH report",30.7875376657897
0,1,0.0230828,0.00960262,0.00985932,0.011397,0.0140917,0.0161961,0.0179606,0.019874,0.0190897,0.0175267,0.015742,0.0172627,0.0211785,0.0279407,0.033401,0.0554803,0.0564191,0.17819,0.103574775388,0.022614853359868,0.037686697921608,0.0481107517574567,0.0554063350000121,0.0680607701144457,0.0778291771595169,0.0859439861077815,0.0946664951866512,0.0911007834360997,0.0839548704310407,0.0757296592598294,0.0827425983678867,0.100567811509847,0.13058211102613,0.154134392860192,0.24361229234283,0.247224973713852,1,0.977385146640132,0.962313302078392,0.951889248242543,0.944593664999988,0.931939229885554,0.922170822840483,0.914056013892219,0.905333504813349,0.9088992165639,0.916045129568959,0.924270340740171,0.917257401632113,0.899432188490153,0.86941788897387,0.845865607139808,0.75638770765717,0.752775026286148,0,100000,2261.4853359868,97972.7474997313,4678161.8604928,46.781618604928,2023.5,"Total","GMoH report",31.260701395072
0,1,0.020795,0.00830195,0.00880318,0.0100352,0.0122803,0.0146293,0.0156688,0.017253,0.0167602,0.0149568,0.0139112,0.0162205,0.019425,0.025065,0.0314246,0.0540851,0.0539037,0.173196,0.10779461725,0.0204162096722306,0.0326654265245294,0.0430680602827013,0.0489479927576949,0.0595725772005114,0.0705656836118432,0.0753907918997048,0.0826980273359329,0.0804309048704747,0.0720884680043802,0.0672182825688215,0.077941860143842,0.0926268105143947,0.117934904073495,0.1456782946545,0.238215700096744,0.237511613146136,1,0.979583790327769,0.967334573475471,0.956931939717299,0.951052007242305,0.940427422799489,0.929434316388157,0.924609208100295,0.917301972664067,0.919569095129525,0.92791153199562,0.932781717431178,0.922058139856158,0.907373189485605,0.882065095926505,0.8543217053455,0.761784299903256,0.762488386853864,0,100000,2041.62096722306,98178.4547835083,4948764.56924961,49.4876456924961,2023.5,"Total","GMoH report",28.5546743075039
0,1,0.0214547,0.00871685,0.00933366,0.0104138,0.0127534,0.0148175,0.0165244,0.0181923,0.0174307,0.0158917,0.0147144,0.0164954,0.0197273,0.0257477,0.0320658,0.0540746,0.0531091,0.174925,0.106478218885,0.0210511444712191,0.034269948007423,0.0456041655601936,0.0507478062384842,0.0617967047636676,0.0714410554038824,0.079344211287502,0.0870044713879237,0.0835142216420594,0.0764222993630313,0.0709616063488512,0.0792104786751546,0.0940005570283372,0.120952855411785,0.148430169663972,0.238174960678267,0.234420805055559,1,0.978948855528781,0.965730051992577,0.954395834439806,0.949252193761516,0.938203295236332,0.928558944596118,0.920655788712498,0.912995528612076,0.916485778357941,0.923577700636969,0.929038393651149,0.920789521324845,0.905999442971663,0.879047144588215,0.851569830336028,0.761825039321733,0.765579194944441,0,100000,2105.11444712192,98119.0343897567,4862683.14374576,48.6268314374576,2023.5,"Total","GMoH report",29.4154885625424
0,1,0.0217342,0.00911092,0.00985678,0.0109166,0.0133819,0.0157935,0.0170618,0.0193645,0.018492,0.0164948,0.0157298,0.0167648,0.0194253,0.0271581,0.033576,0.0539941,0.0550423,0.176366,0.10592049061,0.0213199093286824,0.0357914931386661,0.0480986553400434,0.0531329228364101,0.064743521668462,0.0759679985377357,0.0818190493591118,0.0923516415910264,0.0883744492128882,0.0792077115968795,0.075673189653472,0.0804520919233102,0.0926281747906004,0.12715713455978,0.154879421370187,0.237862562531099,0.241921685082903,1,0.978680090671318,0.964208506861334,0.951901344659957,0.94686707716359,0.935256478331538,0.924032001462264,0.918180950640888,0.907648358408974,0.911625550787112,0.920792288403121,0.924326810346528,0.91954790807669,0.9073718252094,0.87284286544022,0.845120578629813,0.762137437468901,0.758078314917097,0,100000,2131.99093286823,98093.8305927172,4761535.61482725,47.6153561482725,2023.5,"Total","GMoH report",30.4269638517275
0,1,0.0211403,0.00856708,0.00937552,0.0103234,0.012862,0.0145026,0.0163649,0.0179794,0.0174019,0.0162377,0.0143704,0.0161591,0.0192955,0.026323,0.0328712,0.055626,0.0559688,0.172718,0.107105588365,0.0207486473758062,0.033691052122367,0.0458040089939916,0.0503183586410134,0.062306533417946,0.0699759181245184,0.078608451384831,0.0860300770803537,0.083381987480172,0.0780212844727904,0.0693601666528304,0.0776582802106214,0.092037715644456,0.123488528650812,0.151875199828494,0.244173949686805,0.245493989939663,1,0.979251352624194,0.966308947877633,0.954195991006008,0.949681641358987,0.937693466582054,0.930024081875482,0.921391548615169,0.913969922919646,0.916618012519828,0.92197871552721,0.93063983334717,0.922341719789379,0.907962284355544,0.876511471349188,0.848124800171506,0.755826050313195,0.754506010060337,0,100000,2074.86473758062,98147.3648709157,4871681.68596609,48.7168168596609,2023.5,"Total","GMoH report",29.3255031403391
0,1,0.0212383,0.00886337,0.00968976,0.0108829,0.0132173,0.0152625,0.0166821,0.0190893,0.0185834,0.0163946,0.01502,0.0171213,0.020092,0.0257354,0.0323173,0.0546241,0.0565577,0.176751,0.106910034265,0.0208429567855557,0.0348359521338704,0.0473029152595857,0.0529732437149368,0.0639726361892399,0.0735077210198369,0.0800711141659313,0.0910989614862513,0.0887918632224785,0.0787454976601522,0.0723820538769216,0.0820926670491294,0.0956552374241833,0.120898567514,0.149507317888967,0.240304462521894,0.247757074297509,1,0.979157043214444,0.96516404786613,0.952697084740414,0.947026756285063,0.93602736381076,0.926492278980163,0.919928885834069,0.908901038513749,0.911208136777522,0.921254502339848,0.927617946123078,0.917907332950871,0.904344762575817,0.879101432486,0.850492682111033,0.759695537478106,0.752242925702491,0,100000,2084.29567855557,98138.5364438572,4794290.51466779,47.9429051466779,2023.5,"Total","GMoH report",30.0994148533221
0,1,0.021696,0.00868107,0.00943679,0.0107845,0.0130082,0.0148643,0.0171474,0.0185038,0.0174969,0.0156304,0.0156869,0.0167423,0.0202686,0.0258131,0.0323953,0.0553203,0.0560574,0.174627,0.1059967168,0.0212831850591097,0.0341316809764515,0.0460964438491226,0.0525068496985646,0.0629924539028523,0.0716586122257326,0.0822126663141134,0.0884283487987445,0.0838181073919351,0.0752129776840193,0.0754745939792666,0.0803484551484215,0.0964554572956438,0.121241455464851,0.14984112917046,0.242995095979687,0.245834844473525,1,0.97871681494089,0.965868319023549,0.953903556150877,0.947493150301435,0.937007546097148,0.928341387774267,0.917787333685887,0.911571651201255,0.916181892608065,0.924787022315981,0.924525406020733,0.919651544851579,0.903544542704356,0.878758544535149,0.85015887082954,0.757004904020313,0.754165155526475,0,100000,2128.31850591097,98097.2762680203,4824669.55281911,48.2466955281911,2023.5,"Total","GMoH report",29.7956244718089
0,1,0.0209729,0.0083276,0.00893252,0.0100257,0.0121347,0.0141685,0.0156142,0.0178967,0.016463,0.0149245,0.0140217,0.0155238,0.0190435,0.0254128,0.0313695,0.0544138,0.0531885,0.172168,0.107439626695,0.0205875104621582,0.0327646974116692,0.0436870122239239,0.0489027882886365,0.058887058041946,0.0684190130345499,0.0751379524568699,0.0856513104793601,0.079061045038815,0.0719383887912138,0.0677341308438664,0.074719185760238,0.090890325228765,0.119473603050966,0.14544143709743,0.239490085908483,0.234730139886603,1,0.979412489537842,0.967235302588331,0.956312987776076,0.951097211711363,0.941112941958054,0.93158098696545,0.92486204754313,0.91434868952064,0.920938954961185,0.928061611208786,0.932265869156134,0.925280814239762,0.909109674771235,0.880526396949034,0.85455856290257,0.760509914091517,0.765269860113396,0,100000,2058.75104621582,98162.4403976475,4955119.63017862,49.5511963017862,2023.5,"Total","GMoH report",28.4911236982138
0,1,0.0217915,0.00921922,0.00980723,0.0109944,0.0136072,0.0157151,0.0171579,0.0193258,0.0186879,0.0167705,0.0153173,0.016661,0.0204236,0.0259069,0.0341083,0.0565937,0.0557029,0.173435,0.105806151325,0.0213749906670684,0.0362092381351984,0.0478626499586159,0.0535014589006566,0.0657976940440108,0.0756051440036698,0.0822609376449541,0.0921755828045877,0.0892688802327462,0.0804783447964767,0.0737619164913188,0.079973887644872,0.0971572480707553,0.121655225590381,0.157141892933169,0.247895229391032,0.244470245855359,1,0.978625009332932,0.963790761864802,0.952137350041384,0.946498541099343,0.934202305955989,0.92439485599633,0.917739062355046,0.907824417195412,0.910731119767254,0.919521655203523,0.926238083508681,0.920026112355128,0.902842751929245,0.878344774409619,0.842858107066831,0.752104770608968,0.755529754144641,0,100000,2137.49906670683,98088.6614830022,4751502.82474669,47.5150282474669,2023.5,"Total","GMoH report",30.5272917525331
0,1,0.0209026,0.00830309,0.00876225,0.0103152,0.0123358,0.0138949,0.015719,0.0175564,0.0165703,0.0151257,0.0150891,0.0158037,0.0191,0.0257434,0.0323662,0.0538653,0.0523933,0.171929,0.10757990683,0.0205198252272785,0.0326698387767031,0.0428721096431972,0.0502793949627018,0.0598337568554562,0.0671421658010282,0.0756231974001669,0.0840911551110221,0.0795558396745999,0.0728728671821571,0.0727029449821737,0.0760151965939697,0.0911476974469101,0.120933877072434,0.149716605969662,0.237362494995762,0.231627214638236,1,0.979480174772722,0.967330161223297,0.957127890356803,0.949720605037298,0.940166243144544,0.932857834198972,0.924376802599833,0.915908844888978,0.9204441603254,0.927127132817843,0.927297055017826,0.92398480340603,0.90885230255309,0.879066122927566,0.850283394030338,0.762637505004238,0.768372785361764,0,100000,2051.98252272785,98168.769565884,4944005.75213678,49.4400575213678,2023.5,"Total","GMoH report",28.6022624786322
0,1,0.0219446,0.00871446,0.00953241,0.0104857,0.012788,0.0149197,0.0167625,0.0180298,0.0171388,0.0162883,0.0143563,0.0164677,0.0199107,0.0258661,0.0329189,0.0531313,0.0546192,0.175151,0.10550064793,0.0215221327905752,0.0342607127778518,0.0465526525727231,0.0510892340463992,0.0619591654796166,0.0719160840037241,0.0804414984553553,0.0862608359499729,0.0821731279852174,0.0782549017111459,0.0692944695181417,0.0790827235821649,0.0948330204493479,0.121475271217878,0.152078830469171,0.234507305057055,0.240285496081116,1,0.978477867209425,0.965739287222148,0.953447347427277,0.948910765953601,0.938040834520383,0.928083915996276,0.919558501544645,0.913739164050027,0.917826872014783,0.921745098288854,0.930705530481858,0.920917276417835,0.905166979550652,0.878524728782122,0.847921169530829,0.765492694942945,0.759714503918884,0,100000,2152.21327905753,98074.8466163666,4850871.10415843,48.5087110415843,2023.5,"Total","GMoH report",29.5336089584157
0,1,0.0210646,0.0083707,0.00875781,0.00986516,0.0120738,0.0146113,0.0162287,0.0173435,0.016107,0.0156705,0.0139577,0.015642,0.0189266,0.0255882,0.0319933,0.0549328,0.0529489,0.171334,0.10725664393,0.0206757860195688,0.0329314809055675,0.0428508509721197,0.0481385634241271,0.0586001827827928,0.0704819188478462,0.0779797260496453,0.0831137899595897,0.0774175873032658,0.0753986631237964,0.0674353925533937,0.0752666958584551,0.09035759486268,0.120248634713087,0.148119426852222,0.241498524617262,0.233796350979106,1,0.979324213980431,0.967068519094432,0.95714914902788,0.951861436575873,0.941399817217207,0.929518081152154,0.922020273950355,0.91688621004041,0.922582412696734,0.924601336876204,0.932564607446606,0.924733304141545,0.90964240513732,0.879751365286913,0.851880573147778,0.758501475382738,0.766203649020894,0,100000,2067.57860195688,98154.1829399505,4949088.48240721,49.4908848240721,2023.5,"Total","GMoH report",28.5514351759279
0,1,0.0210013,0.00833591,0.00895784,0.00973745,0.0125156,0.0139582,0.015471,0.0173676,0.0167916,0.0149349,0.0138171,0.0162097,0.0186539,0.0250241,0.0315051,0.0535487,0.052978,0.173113,0.107382955915,0.0206148515534658,0.0327968567083919,0.0438081343543872,0.0475301928100543,0.0606794021850325,0.0674377268043005,0.0744745120598068,0.0832244764567254,0.0805755202360124,0.0719867140604466,0.0667787773874014,0.0778919856985553,0.0891137046615355,0.117753793255488,0.146024230072831,0.236132084603043,0.233909814604683,1,0.979385148446534,0.967203143291608,0.956191865645613,0.952469807189946,0.939320597814967,0.9325622731957,0.925525487940193,0.916775523543275,0.919424479763988,0.928013285939553,0.933221222612599,0.922108014301445,0.910886295338465,0.882246206744512,0.853975769927169,0.763867915396957,0.766090185395317,0,100000,2061.48515534657,98159.8832142094,4962011.97432313,49.6201197432313,2023.5,"Total","GMoH report",28.4222002567687
0,1,0.0210129,0.00793423,0.00864696,0.00991276,0.0121416,0.0138666,0.0154099,0.0170553,0.0158418,0.0156125,0.0136465,0.015117,0.0191741,0.024051,0.0316997,0.0524287,0.0558703,0.172155,0.107359808695,0.0206260186129782,0.0312411707318879,0.0423199526554657,0.048365218003948,0.0589195558031512,0.0670099979075383,0.0741912987629808,0.0817891536206349,0.0761914747387107,0.0751300791001233,0.0659814600147711,0.0728324785542389,0.0914851370826585,0.113434468967176,0.146859958438702,0.231765579858219,0.245114893424731,1,0.979373981387022,0.968758829268112,0.957680047344534,0.951634781996052,0.941080444196849,0.932990002092462,0.925808701237019,0.918210846379365,0.923808525261289,0.924869920899877,0.934018539985229,0.927167521445761,0.908514862917342,0.886565531032824,0.853140041561298,0.768234420141781,0.754885106575269,0,100000,2062.60186129782,98158.8386799451,4995806.93355647,49.9580693355647,2023.5,"Total","GMoH report",28.0842506644353
0,1,0.0208358,0.00819888,0.0086893,0.0101111,0.0119445,0.0141888,0.0156695,0.01739,0.0166467,0.0154904,0.0140346,0.0152586,0.0183604,0.0251465,0.0307598,0.0519266,0.0530383,0.175063,0.10771320289,0.0204555013573581,0.0322664229405622,0.0425227672953513,0.0493090774670571,0.0579908215791205,0.0685136826490721,0.0753940329997751,0.0833273437312825,0.079907989190842,0.074564418335538,0.0677943340967156,0.0734896279089705,0.087773125754732,0.118295693366875,0.142816483803735,0.229801034061726,0.234144883556203,1,0.979544498642642,0.967733577059438,0.957477232704649,0.950690922532943,0.94200917842088,0.931486317350928,0.924605967000225,0.916672656268718,0.920092010809158,0.925435581664462,0.932205665903284,0.926510372091029,0.912226874245268,0.881704306633125,0.857183516196265,0.770198965938274,0.765855116443797,0,100000,2045.5501357358,98174.7826210564,4971551.60089683,49.7155160089683,2023.5,"Total","GMoH report",28.3268039910317
0,1,0.0225113,0.0093761,0.0102561,0.0114622,0.0138506,0.0161951,0.0177787,0.019771,0.0189798,0.0168089,0.0154821,0.0179614,0.0210097,0.0267737,0.0330533,0.055695,0.0564986,0.176596,0.104369826415,0.0220664016339817,0.0368140554690336,0.0499985253113848,0.0557144738933491,0.0669352660114544,0.0778245587225799,0.085110609995196,0.094198979920004,0.0906000718889073,0.0806551875451796,0.0745259543070568,0.0859476497111934,0.099806251494918,0.125470243363169,0.152652340947408,0.24443981171617,0.247530222436608,1,0.977933598366018,0.963185944530966,0.950001474688615,0.944285526106651,0.933064733988546,0.92217544127742,0.914889390004804,0.905801020079996,0.909399928111093,0.91934481245482,0.925474045692943,0.914052350288807,0.900193748505082,0.874529756636831,0.847347659052592,0.75556018828383,0.752469777563392,0,100000,2206.64016339816,98023.6664874161,4691957.04490485,46.9195704490485,2023.5,"Total","GMoH report",31.1227495509515
0,1,0.0217568,0.00889726,0.00960925,0.0109461,0.013354,0.0156337,0.0174982,0.0190074,0.0178292,0.0167089,0.0156167,0.0169686,0.0197886,0.0268985,0.0339501,0.0548649,0.0533686,0.175476,0.10587539344,0.0213416349805276,0.0349668221833224,0.0469191064410777,0.0532726797991269,0.0646128983873387,0.0752282598836427,0.0838240739720554,0.0907258439827077,0.0853420488563269,0.080194591476208,0.0751495308056678,0.0813903013320427,0.0942788822755072,0.126018245554857,0.156470064184799,0.24123602414695,0.235431390705047,1,0.978658365019472,0.965033177816678,0.953080893558922,0.946727320200873,0.935387101612661,0.924771740116357,0.916175926027945,0.909274156017292,0.914657951143673,0.919805408523792,0.924850469194332,0.918609698667957,0.905721117724493,0.873981754445143,0.843529935815201,0.75876397585305,0.764568609294953,0,100000,2134.16349805276,98091.7919019689,4773952.97635456,47.7395297635456,2023.5,"Total","GMoH report",30.3027902364544
0,1,0.0205486,0.00857819,0.00913313,0.010272,0.0126476,0.0143264,0.0163428,0.0181589,0.0167856,0.0151194,0.0142428,0.0160778,0.0189154,0.0250232,0.0324211,0.0537409,0.0543874,0.170659,0.10828629613,0.0201788534207233,0.0337340065644577,0.0446462499871374,0.050074097184307,0.061299762800026,0.0691551395228496,0.0785064615023966,0.0868516728927688,0.080547888410732,0.0728436204137894,0.0687654679815799,0.0772826620406088,0.0903065392200907,0.117749807539918,0.149951517166947,0.236879240994144,0.23938779992579,1,0.979821146579277,0.966265993435542,0.955353750012863,0.949925902815693,0.938700237199974,0.93084486047715,0.921493538497603,0.913148327107231,0.919452111589268,0.927156379586211,0.93123453201842,0.922717337959391,0.909693460779909,0.882250192460082,0.850048482833053,0.763120759005856,0.76061220007421,0,100000,2017.88534207233,98200.6239876357,4911983.63020712,49.1198363020712,2023.5,"Total","GMoH report",28.9224836979288
0,1,0.0223072,0.00950647,0.0101005,0.0116324,0.0138489,0.0161082,0.0172528,0.0195988,0.0189753,0.0165476,0.0156028,0.0166901,0.0205353,0.026633,0.0344547,0.0548388,0.0550255,0.177407,0.10477709776,0.0218704489641981,0.0373163857958467,0.0492586573291181,0.0565183887371354,0.0669273254078965,0.0774231317719766,0.0826971083237788,0.0934168543856655,0.0905795639981641,0.0794511839703314,0.0750851534205256,0.0801079747275013,0.0976626694596149,0.124852039106211,0.158611243013368,0.241135101051186,0.241856775059859,1,0.978129551035802,0.962683614204153,0.950741342670882,0.943481611262865,0.933072674592104,0.922576868228023,0.917302891676221,0.906583145614335,0.909420436001836,0.920548816029669,0.924914846579474,0.919892025272499,0.902337330540385,0.875147960893789,0.841388756986632,0.758864898948814,0.758143224940141,0,100000,2187.04489641981,98042.1073204979,4708253.63361291,47.0825363361291,2023.5,"Total","GMoH report",30.9597836638709
0,1,0.0216476,0.00892293,0.00968325,0.0107964,0.0132372,0.0155334,0.017188,0.0188842,0.0178801,0.0163821,0.0158558,0.0170016,0.0195639,0.0273868,0.03312,0.0555785,0.0567874,0.173116,0.10609329658,0.0212366509530365,0.0350659381765329,0.0472718862682328,0.0525632649166351,0.0640658682228996,0.0747636652071771,0.0823993019933459,0.0901642983908202,0.0855752642923173,0.0786878206339802,0.076256240744989,0.0815421331716713,0.0932582617331949,0.128159316104288,0.152936830439601,0.243990881922654,0.248638206745633,1,0.978763349046963,0.964934061823467,0.952728113731767,0.947436735083365,0.9359341317771,0.925236334792823,0.917600698006654,0.90983570160918,0.914424735707683,0.92131217936602,0.923743759255011,0.918457866828329,0.906741738266805,0.871840683895712,0.847063169560399,0.756009118077346,0.751361793254367,0,100000,2123.66509530364,98101.641535489,4782956.42324221,47.8295642324221,2023.5,"Total","GMoH report",30.2127557675779
0,1,0.0206296,0.00819888,0.00857793,0.00980566,0.0119555,0.013853,0.0149428,0.0166266,0.0156428,0.0149497,0.0139616,0.0149872,0.0184786,0.0240837,0.0313252,0.0528183,0.0539955,0.172171,0.10812466468,0.0202568927930789,0.0322664229405622,0.041989198976068,0.047855171156006,0.0580426769396209,0.0669464761642419,0.072023421059481,0.0798153550445411,0.0752704004496168,0.0720554804594388,0.0674535995609254,0.0722296976870612,0.0883132375227789,0.113579937168064,0.145250961455533,0.23328694975446,0.237867996488952,1,0.979743107206921,0.967733577059438,0.958010801023932,0.952144828843994,0.941957323060379,0.933053523835758,0.927976578940519,0.920184644955459,0.924729599550383,0.927944519540561,0.932546400439075,0.927770302312939,0.911686762477221,0.886420062831936,0.854749038544467,0.76671305024554,0.762132003511048,0,100000,2025.68927930789,98193.3376947631,5021221.9568231,50.212219568231,2023.5,"Total","GMoH report",27.830100431769
0,1,0.0218959,0.00892134,0.00980358,0.0110044,0.0134742,0.0153875,0.017195,0.0187946,0.018455,0.016138,0.0154241,0.0170713,0.0203996,0.025774,0.0327829,0.0559565,0.0543622,0.176092,0.105597826345,0.0214753326569329,0.0350597992216243,0.0478452628451904,0.0535488184554715,0.0651755296944767,0.0740874484667931,0.0824314768873069,0.0897556940801051,0.0882054223273709,0.0775608091546554,0.0742571266327591,0.0818627414545187,0.0970486175533944,0.121068923889199,0.151498129893764,0.245446659933568,0.239290152217768,1,0.978524667343067,0.964940200778376,0.95215473715481,0.946451181544528,0.934824470305523,0.925912551533207,0.917568523112693,0.910244305919895,0.911794577672629,0.922439190845345,0.925742873367241,0.918137258545481,0.902951382446606,0.878931076110801,0.848501870106236,0.754553340066432,0.760709847782232,0,100000,2147.53326569329,98079.2415791675,4775427.29033238,47.7542729033238,2023.5,"Total","GMoH report",30.2880470966762
0,1,0.0225792,0.00973887,0.0102361,0.0116868,0.0139345,0.0158896,0.0178324,0.0198817,0.0189281,0.0164814,0.0160446,0.0173702,0.0207122,0.0271631,0.0337156,0.0558267,0.0591152,0.176373,0.10423433536,0.0221315740405096,0.0382112119485807,0.0499034580330692,0.0567751990105099,0.0673270771100259,0.0764125864171646,0.0853567124043037,0.0947014361426087,0.090364432464664,0.0791459114380618,0.0771292308564995,0.0832364169746666,0.0984625594408719,0.12717905643067,0.15547331015993,0.244947037986147,0.257517938852819,1,0.97786842595949,0.961788788051419,0.950096541966931,0.94322480098949,0.932672922889974,0.923587413582835,0.914643287595696,0.905298563857391,0.909635567535336,0.920854088561938,0.922870769143501,0.916763583025333,0.901537440559128,0.87282094356933,0.84452668984007,0.755052962013853,0.742482061147181,0,100000,2213.15740405096,98017.5295870074,4682053.83170863,46.8205383170863,2023.5,"Total","GMoH report",31.2217816829137
0,1,0.0204561,0.00837335,0.00858458,0.00988318,0.0117243,0.0135333,0.0151831,0.0167674,0.0166917,0.0145323,0.0138848,0.0151047,0.0186002,0.0249668,0.0317626,0.0525816,0.051839,0.173545,0.108470875255,0.0200897195865806,0.0329417346522984,0.0420210669722289,0.0482243745644796,0.0569521886369107,0.0654520446116431,0.0731392968548094,0.0804640670071603,0.0801153466699721,0.0701141985799418,0.0670949984150179,0.0727753745019028,0.08886856719132,0.117500002353125,0.147129927418447,0.232362959519344,0.229457837858175,1,0.979910280413419,0.967058265347702,0.957978933027771,0.95177562543552,0.943047811363089,0.934547955388357,0.926860703145191,0.91953593299284,0.919884653330028,0.929885801420058,0.932905001584982,0.927224625498097,0.91113143280868,0.882499997646875,0.852870072581553,0.767637040480656,0.770542162141825,0,100000,2008.97195865806,98208.9429880603,5011065.28649357,50.1106528649357,2023.5,"Total","GMoH report",27.9316671350643
0,1,0.0219975,0.00920038,0.00968475,0.0109993,0.0134247,0.0157699,0.0170643,0.0189927,0.0188119,0.0158915,0.0150384,0.0172583,0.0208277,0.0264339,0.0335428,0.0554894,0.0552924,0.174639,0.105395088625,0.0215729640962635,0.0361365794738802,0.047279035892842,0.0535246653704763,0.0649438700687211,0.075858786314257,0.0818305474719366,0.090658858734293,0.0898346011658217,0.0764213743247938,0.0724675114399053,0.0827223808370019,0.0989844537324896,0.12397654126466,0.154738125047861,0.243647382354013,0.242887427947403,1,0.978427035903736,0.96386342052612,0.952720964107158,0.946475334629524,0.935056129931279,0.924141213685743,0.918169452528063,0.909341141265707,0.910165398834178,0.923578625675206,0.927532488560095,0.917277619162998,0.90101554626751,0.87602345873534,0.845261874952139,0.756352617645987,0.757112572052597,0,100000,2157.29640962635,98070.0720366566,4763239.68667205,47.6323968667205,2023.5,"Total","GMoH report",30.4099231332795
0,1,0.020883,0.00831556,0.00859726,0.00988693,0.012091,0.0140941,0.0152296,0.0174064,0.0163904,0.0149486,0.0133998,0.0150976,0.0179355,0.0251631,0.0311455,0.0529242,0.0514721,0.17125,0.10761901765,0.0205009526104252,0.0327181013305987,0.0420818289383536,0.0482422310952926,0.0586812136154393,0.0680719672171132,0.0733550787323447,0.0834026502708152,0.0787261185656538,0.0720503696120435,0.0648273172846238,0.0727424104596124,0.0858290334274068,0.118369162328528,0.144477908269946,0.233700031925872,0.228018962855069,1,0.979499047389575,0.967281898669401,0.957918171061646,0.951757768904707,0.941318786384561,0.931928032782887,0.926644921267655,0.916597349729185,0.921273881434346,0.927949630387956,0.935172682715376,0.927257589540388,0.914170966572593,0.881630837671472,0.855522091730054,0.766299968074128,0.771981037144931,0,100000,2050.09526104252,98170.5339770398,4995050.31495815,49.9505031495815,2023.5,"Total","GMoH report",28.0918168504185
0,1,0.0212909,0.00834581,0.00906501,0.0100857,0.0126408,0.0144841,0.0158488,0.017899,0.017514,0.0150723,0.0142819,0.0157662,0.0195545,0.0256787,0.0327248,0.053939,0.0541384,0.174547,0.106805073595,0.0208935685968592,0.0328351678555195,0.0443206325566687,0.0491882550403489,0.0612678145253693,0.0698897738176205,0.0762238582869543,0.0856618465227244,0.0838965878988489,0.0726249378722695,0.0689477382429693,0.0758416629346012,0.0932155417234233,0.120648272981476,0.151249939915623,0.237648670856657,0.238422472092208,1,0.979106431403141,0.967164832144481,0.955679367443331,0.950811744959651,0.938732185474631,0.930110226182379,0.923776141713046,0.914338153477276,0.916103412101151,0.927375062127731,0.931052261757031,0.924158337065399,0.906784458276577,0.879351727018524,0.848750060084377,0.762351329143343,0.761577527907792,0,100000,2089.35685968593,98133.7970534791,4911698.62438372,49.1169862438372,2023.5,"Total","GMoH report",28.9253337561628
0,1,0.0221686,0.00946574,0.0100042,0.0116996,0.0139871,0.0160563,0.0177349,0.0199611,0.0189632,0.0170001,0.0158109,0.0176098,0.0204988,0.0267316,0.0352085,0.0560945,0.0564337,0.179038,0.10505366713,0.0217373375853714,0.0371594761210047,0.048800475702444,0.0568356150941123,0.0675726369251602,0.0771833042787719,0.0849098315702135,0.0950616616634255,0.0905244183737378,0.0815352322457477,0.0760485114748074,0.0843361434525722,0.0974975433937029,0.125285308142167,0.161800608214224,0.245977533164728,0.247281039940741,1,0.978262662414629,0.962840523878995,0.951199524297556,0.943164384905888,0.93242736307484,0.922816695721228,0.915090168429786,0.904938338336575,0.909475581626262,0.918464767754252,0.923951488525193,0.915663856547428,0.902502456606297,0.874714691857833,0.838199391785776,0.754022466835272,0.752718960059259,0,100000,2173.73375853713,98054.6249441615,4685843.14476098,46.8584314476098,2023.5,"Total","GMoH report",31.1838885523902
0,1,0.0212444,0.00830622,0.00894896,0.0103364,0.0123015,0.0144898,0.0161985,0.0174487,0.0169719,0.0153297,0.0140586,0.0159257,0.0189451,0.0252755,0.0317657,0.0542622,0.053166,0.174044,0.10689786202,0.0208488264783156,0.0326819530164317,0.0437656572106211,0.0503801271347119,0.0596723514224421,0.0699163163966882,0.0778402613176165,0.083596858727791,0.0814054855974707,0.0738194258681717,0.0679063301667928,0.0765795429327882,0.0904419218651799,0.118866475966756,0.147143230692017,0.238902554515872,0.234642493037871,1,0.979151173521684,0.967318046983568,0.956234342789379,0.949619872865288,0.940327648577558,0.930083683603312,0.922159738682384,0.916403141272209,0.918594514402529,0.926180574131828,0.932093669833207,0.923420457067212,0.90955807813482,0.881133524033244,0.852856769307983,0.761097445484128,0.765357506962129,0,100000,2084.88264783156,98137.9868497842,4926556.11221269,49.2655611221269,2023.5,"Total","GMoH report",28.7767588778731
0,1,0.0219824,0.00882605,0.00932627,0.0107271,0.0131733,0.0154586,0.0169283,0.01851,0.0176633,0.0167558,0.0147704,0.0168687,0.0197848,0.0258368,0.0316314,0.055903,0.0545988,0.178033,0.10542521992,0.0215584551219535,0.0346918165844693,0.0455688807854917,0.0522346833213586,0.0637664631281838,0.0744170417942967,0.0812048498506818,0.088456667702086,0.0845815277521391,0.0804106385562001,0.071222054418541,0.0809305184102332,0.0942616311976994,0.12134601800502,0.14656672336628,0.245240763934433,0.240206529361714,1,0.978441544878046,0.965308183415531,0.954431119214508,0.947765316678641,0.936233536871816,0.925582958205703,0.918795150149318,0.911543332297914,0.915418472247861,0.9195893614438,0.928777945581459,0.919069481589767,0.905738368802301,0.87865398199498,0.85343327663372,0.754759236065567,0.759793470638286,0,100000,2155.84551219536,98071.4349750414,4812440.28614451,48.1244028614451,2023.5,"Total","GMoH report",29.9179171385549
0,1,0.0205072,0.00845358,0.008669,0.00989325,0.0123157,0.0137854,0.0154109,0.0172537,0.0163785,0.0149767,0.0133774,0.0156155,0.0185853,0.0257102,0.0313356,0.0514997,0.0534709,0.174783,0.10836890776,0.0201389619577595,0.0332521210687513,0.0424255326437777,0.0482723245625538,0.0597391755880264,0.0666306737743768,0.0741959346757632,0.0827012438715343,0.07867120900815,0.0721809200371973,0.0647224545899219,0.0751439732156284,0.0888005383848883,0.120787333730787,0.1452956815992,0.228127283362536,0.235829465573204,1,0.97986103804224,0.966747878931249,0.957574467356222,0.951727675437446,0.940260824411974,0.933369326225623,0.925804065324237,0.917298756128466,0.92132879099185,0.927819079962803,0.935277545410078,0.924856026784372,0.911199461615112,0.879212666269213,0.8547043184008,0.771872716637464,0.764170534426796,0,100000,2013.89619577596,98204.3475353023,4983170.78982439,49.8317078982439,2023.5,"Total","GMoH report",28.2106121017561
0,1,0.0216072,0.00902023,0.00923556,0.0106128,0.013126,0.014922,0.0167231,0.0184759,0.0173685,0.0159104,0.0151925,0.0168085,0.0202989,0.0255348,0.0316678,0.0536577,0.0542866,0.176417,0.10617391276,0.021197805114514,0.0354415383451459,0.0451356670959875,0.0516924947298282,0.0635447781064373,0.0719267717787922,0.0802600095843019,0.0883009033495119,0.0832286097297712,0.0765087865078632,0.0731829211751176,0.0806533456011574,0.0965926867760063,0.12001274631358,0.146723012464678,0.236555887842309,0.238997144093618,1,0.978802194885486,0.964558461654854,0.954864332904013,0.948307505270172,0.936455221893563,0.928073228221208,0.919739990415698,0.911699096650488,0.916771390270229,0.923491213492137,0.926817078824882,0.919346654398843,0.903407313223994,0.87998725368642,0.853276987535322,0.763444112157691,0.761002855906382,0,100000,2119.78051145139,98105.2848796418,4835504.26338258,48.3550426338258,2023.5,"Total","GMoH report",29.6872773661742
0,1,0.0220973,0.00884647,0.00959391,0.0108182,0.0131458,0.0147966,0.0168414,0.0188306,0.0178055,0.0161961,0.0149462,0.0165979,0.0203903,0.0262512,0.0328516,0.0555868,0.0552806,0.174689,0.105195942715,0.0216688472210428,0.0347706843677229,0.0468459601852967,0.0526666053256647,0.0636375826645218,0.0713438827608519,0.0808048336849459,0.0899198864648381,0.0852334399618962,0.0778291771595169,0.0720392185782157,0.0796830708940203,0.097006519893537,0.123172439162635,0.151791514690023,0.244022873358052,0.242841886959383,1,0.978331152778957,0.965229315632277,0.953154039814703,0.947333394674335,0.936362417335478,0.928656117239148,0.919195166315054,0.910080113535162,0.914766560038104,0.922170822840483,0.927960781421784,0.92031692910598,0.902993480106463,0.876827560837365,0.848208485309977,0.755977126641948,0.757158113040617,0,100000,2166.88472210428,98061.0627589922,4810766.00849872,48.1076600849872,2023.5,"Total","GMoH report",29.9346599150128
0,1,0.0226106,0.00983774,0.0104018,0.0112912,0.0141468,0.0160787,0.0177173,0.0203545,0.0195962,0.0173155,0.0165585,0.0179142,0.0213389,0.027796,0.0351595,0.0564076,0.0571877,0.178073,0.10417167823,0.0221617097846577,0.0385916507475496,0.050690810810284,0.0549061103179451,0.0683178042182144,0.0772868209788196,0.0848291416228152,0.0968444491494679,0.093405040369765,0.0829851754847352,0.0795014385734537,0.0857314731109879,0.101290908577395,0.129949789151839,0.161593622568277,0.247180809434374,0.25017164722498,1,0.977838290215342,0.96140834925245,0.949309189189716,0.945093889682055,0.931682195781786,0.92271317902118,0.915170858377185,0.903155550850532,0.906594959630235,0.917014824515265,0.920498561426546,0.914268526889012,0.898709091422605,0.870050210848161,0.838406377431723,0.752819190565626,0.74982835277502,0,100000,2216.17097846577,98014.6912716056,4650462.68072837,46.5046268072837,2023.5,"Total","GMoH report",31.5376931927163
0,1,0.0216362,0.00893374,0.00981472,0.0110068,0.0135408,0.0155796,0.0173137,0.0190338,0.0178705,0.016711,0.0152799,0.0170504,0.019602,0.0263642,0.0342668,0.0555661,0.0563374,0.17569,0.10611604471,0.0212256898095005,0.0351076743310436,0.0478983282982124,0.0535601844057081,0.0654871296858738,0.074977693804027,0.0829769068209359,0.0908461322213149,0.085531283017107,0.0802042662660693,0.0735884399895107,0.0817666162171287,0.0934313945119423,0.123669857835156,0.157814504815933,0.243943085317367,0.246911167044384,1,0.978774310190499,0.964892325668956,0.952101671701788,0.946439815594292,0.934512870314126,0.925022306195973,0.917023093179064,0.909153867778685,0.914468716982893,0.919795733733931,0.926411560010489,0.918233383782871,0.906568605488058,0.876330142164844,0.842185495184067,0.756056914682633,0.753088832955616,0,100000,2122.56898095006,98102.6696439325,4768142.54850505,47.6814254850505,2023.5,"Total","GMoH report",30.3608945149495
0,1,0.021066,0.00834387,0.00889215,0.0103122,0.0124331,0.0144429,0.015692,0.0171838,0.0166334,0.0153094,0.0142195,0.0161167,0.0191773,0.0245252,0.0316079,0.0532585,0.053658,0.173126,0.1072538503,0.0206771336176228,0.0328276605361642,0.0434938650693098,0.0502651395693328,0.0602914751507578,0.0696979004827927,0.0754982054020765,0.0823799965386959,0.0798466949601256,0.0737252756619523,0.0686568353252321,0.0774624041765207,0.0914997066873612,0.115541786447542,0.146465808433998,0.235002763323799,0.236557053992214,1,0.979322866382377,0.967172339463836,0.95650613493069,0.949734860430667,0.939708524849242,0.930302099517207,0.924501794597923,0.917620003461304,0.920153305039874,0.926274724338048,0.931343164674768,0.922537595823479,0.908500293312639,0.884458213552458,0.853534191566002,0.764997236676201,0.763442946007786,0,100000,2067.71336176227,98154.0568576035,4940840.43952959,49.4084043952959,2023.5,"Total","GMoH report",28.6339156047041
0,1,0.0208781,0.00838749,0.00899857,0.010115,0.0122908,0.0139231,0.0163705,0.0175898,0.0170198,0.015112,0.013855,0.0156415,0.01889,0.0247475,0.0316689,0.0531644,0.0557536,0.171881,0.107628795355,0.0204962343453906,0.032996445290186,0.0440029411349776,0.0493276276166441,0.0596219949608383,0.067273848693151,0.0786342932556461,0.0842443948583035,0.0816258604507508,0.0728092659330494,0.0669558178589119,0.0752643804817373,0.0901907421996228,0.116528054903207,0.146727735076583,0.23463626004161,0.244665538571719,1,0.979503765654609,0.967003554709814,0.955997058865022,0.950672372383356,0.940378005039162,0.932726151306849,0.921365706744354,0.915755605141697,0.918374139549249,0.927190734066951,0.933044182141088,0.924735619518263,0.909809257800377,0.883471945096793,0.853272264923417,0.76536373995839,0.755334461428281,0,100000,2049.62343453905,98170.9750666518,4941768.95335895,49.4176895335895,2023.5,"Total","GMoH report",28.6246304664106
0,1,0.0220424,0.00906203,0.00979152,0.0110799,0.0134484,0.0157106,0.017001,0.0187016,0.0178613,0.0170888,0.0157508,0.0169214,0.0200328,0.0263579,0.0339329,0.0551978,0.0558017,0.176013,0.10530549292,0.0216161041792497,0.0356028517782008,0.0477878117146006,0.0539063087248975,0.0650547928109046,0.0755843127406422,0.0815393728072595,0.0893313997367099,0.085489132398717,0.0819432216832483,0.0757703893774828,0.0811730940172416,0.0953868364565815,0.123642132583916,0.15639699133207,0.242522261750826,0.244850776116017,1,0.97838389582075,0.964397148221799,0.952212188285399,0.946093691275102,0.934945207189095,0.924415687259358,0.918460627192741,0.91066860026329,0.914510867601283,0.918056778316752,0.924229610622517,0.918826905982758,0.904613163543418,0.876357867416084,0.84360300866793,0.757477738249174,0.755149223883983,0,100000,2161.61041792497,98066.0190326356,4764680.64411953,47.6468064411953,2023.5,"Total","GMoH report",30.3955135588047
0,1,0.0218977,0.00939934,0.00958682,0.0108553,0.0131104,0.0156101,0.0172432,0.0191004,0.0185803,0.0170605,0.0147692,0.017111,0.0199015,0.0265356,0.034102,0.0560217,0.0555175,0.177782,0.105594234535,0.0214770625141985,0.0369036206446597,0.0468121508402052,0.0528424484240559,0.0634716530980581,0.0751189636632988,0.0826529947042876,0.0911495193037277,0.0887777088410515,0.0818130702859657,0.0712164741258512,0.0820453068847381,0.0947912784307748,0.124423846450331,0.157115148052762,0.245697518341781,0.24375572837487,1,0.978522937485802,0.96309637935534,0.953187849159795,0.947157551575944,0.936528346901942,0.924881036336701,0.917347005295712,0.908850480696272,0.911222291158948,0.918186929714034,0.928783525874149,0.917954693115262,0.905208721569225,0.875576153549669,0.842884851947238,0.754302481658219,0.75624427162513,0,100000,2147.70625141985,98079.0791462049,4764037.62644276,47.6403762644276,2023.5,"Total","GMoH report",30.4019437355724
0,1,0.0209935,0.00820917,0.00862727,0.0100114,0.0117736,0.0144354,0.0153401,0.0171874,0.0158201,0.0149765,0.0139094,0.015574,0.0183933,0.0246115,0.0320871,0.0524813,0.0535472,0.170184,0.107398520425,0.0206073425288797,0.0323062647610235,0.0422256204291016,0.0488347397169932,0.057184821950703,0.0696629679800519,0.0738676568913043,0.0823965440950518,0.0760910788102836,0.0721799909151482,0.0672098773306429,0.0749517534783215,0.0879234920826887,0.115924792427902,0.148521443940354,0.231971133392695,0.236126251027456,1,0.97939265747112,0.967693735238977,0.957774379570898,0.951165260283007,0.942815178049297,0.930337032019948,0.926132343108696,0.917603455904948,0.923908921189716,0.927820009084852,0.932790122669357,0.925048246521678,0.912076507917311,0.884075207572098,0.851478556059646,0.768028866607305,0.763873748972544,0,100000,2060.73425288797,98160.5855568613,4991323.64509142,49.9132364509142,2023.5,"Total","GMoH report",28.1290835490858
0,1,0.0207087,0.00835032,0.00899268,0.0104351,0.0122901,0.0146439,0.0159797,0.0178975,0.0169167,0.0152009,0.0145667,0.0154716,0.0188097,0.02509,0.0321394,0.0551239,0.0539826,0.172224,0.107966824585,0.0203330899321127,0.0328526202167041,0.043974772360229,0.050848964915525,0.0596187005217928,0.0706336208008848,0.0768292298879008,0.0856549752032496,0.0811514626303048,0.0732219029390351,0.0702743370367181,0.0744772927920946,0.0898245671005232,0.118045590345574,0.148745520542677,0.242236894173213,0.237817925180392,1,0.979666910067887,0.967147379783296,0.956025227639771,0.949151035084475,0.940381299478207,0.929366379199115,0.923170770112099,0.91434502479675,0.918848537369695,0.926778097060965,0.929725662963282,0.925522707207905,0.910175432899477,0.881954409654426,0.851254479457323,0.757763105826787,0.762182074819608,0,100000,2033.30899321126,98186.2209221859,4921573.74304113,49.2157374304113,2023.5,"Total","GMoH report",28.8265825695887
0,1,0.0224218,0.00960498,0.0102373,0.0117974,0.0146403,0.0165104,0.0179293,0.0201046,0.0193305,0.0179105,0.0157899,0.0169391,0.0210172,0.027542,0.0332675,0.0574661,0.0574403,0.177901,0.10454841919,0.0219804838407453,0.0376957854689725,0.0499091623311678,0.0572971077525016,0.0706168696096351,0.0792796530410765,0.0858006366148533,0.0957123535424273,0.0921969663547011,0.0857145249999701,0.0759513398473604,0.0812545525233781,0.099840101544545,0.12883880414088,0.15356563785652,0.251236539712997,0.251137908050515,1,0.978019516159255,0.962304214531028,0.950090837668832,0.942702892247498,0.929383130390365,0.920720346958923,0.914199363385147,0.904287646457573,0.907803033645299,0.91428547500003,0.92404866015264,0.918745447476622,0.900159898455455,0.87116119585912,0.84643436214348,0.748763460287003,0.748862091949485,0,100000,2198.04838407453,98031.7540997836,4647561.26199597,46.4756126199597,2023.5,"Total","GMoH report",31.5667073800403
0,1,0.0210919,0.00843953,0.00945554,0.0104238,0.0128626,0.015114,0.0166152,0.018932,0.0175474,0.0155617,0.014782,0.0162928,0.0193618,0.0257227,0.0331842,0.0560481,0.0548416,0.17379,0.107202168145,0.0207020635284954,0.0331977728010251,0.046185918012002,0.0507952998827066,0.0623093494058314,0.0728185510486276,0.0797628123025756,0.0903822100006684,0.0840498587705252,0.0748947749515896,0.071275995583222,0.0782756751978415,0.092339359474325,0.120842510864466,0.153210574162216,0.245799072510115,0.241145928604596,1,0.979297936471505,0.966802227198975,0.953814081987998,0.949204700117293,0.937690650594169,0.927181448951372,0.920237187697424,0.909617789999332,0.915950141229475,0.92510522504841,0.928724004416778,0.921724324802158,0.907660640525675,0.879157489135534,0.846789425837784,0.754200927489885,0.758854071395404,0,100000,2070.20635284955,98151.7242566835,4849720.83662526,48.4972083662526,2023.5,"Total","GMoH report",29.5451116337474
0,1,0.0223293,0.00942083,0.0100211,0.0116203,0.0142294,0.0165545,0.0179177,0.0193526,0.0190924,0.0176941,0.0162925,0.0176422,0.0207253,0.0273726,0.034683,0.055335,0.0581654,0.177947,0.104732998315,0.0218916705008085,0.0369864341825206,0.0488808990561705,0.0564612581060749,0.0687029940414659,0.0794829968227447,0.085747504831693,0.0922975081113125,0.0911130815066081,0.0847227672116987,0.0782742903127008,0.0844847575268974,0.0985217670532293,0.128097121808932,0.159578359402139,0.243051818990414,0.253905685588654,1,0.978108329499191,0.963013565817479,0.951119100943829,0.943538741893925,0.931297005958534,0.920517003177255,0.914252495168307,0.907702491888687,0.908886918493392,0.915277232788301,0.921725709687299,0.915515242473103,0.901478232946771,0.871902878191068,0.840421640597861,0.756948181009586,0.746094314411346,0,100000,2189.16705008085,98040.1109788865,4670124.77698918,46.7012477698918,2023.5,"Total","GMoH report",31.3410722301082
0,1,0.0211635,0.00817633,0.00924703,0.00994955,0.0123152,0.014455,0.0152737,0.0172357,0.017189,0.0147461,0.0143714,0.0154279,0.018837,0.0252121,0.031537,0.0541987,0.0528217,0.172504,0.107059293925,0.0207709752885916,0.0321791060201486,0.0451904562386195,0.0485403630763834,0.0597368227026314,0.0697542555886646,0.0735596788335018,0.0826185295265961,0.0824038984728744,0.0711090471977916,0.069364825854294,0.0742747417782965,0.089949073267166,0.118585995083395,0.146161279334101,0.238656341376583,0.233300215073615,1,0.979229024711408,0.967820893979851,0.95480954376138,0.951459636923617,0.940263177297369,0.930245744411335,0.926440321166498,0.917381470473404,0.917596101527126,0.928890952802208,0.930635174145706,0.925725258221703,0.910050926732834,0.881414004916605,0.853838720665899,0.761343658623417,0.766699784926385,0,100000,2077.09752885916,98145.2750659939,4950500.46394541,49.5050046394541,2023.5,"Total","GMoH report",28.5373153605459
0,1,0.0219213,0.00899882,0.0100367,0.0110825,0.0136909,0.015647,0.0178087,0.0193743,0.0180723,0.0165579,0.0146315,0.0165443,0.0199045,0.0267755,0.0337767,0.0575899,0.0549803,0.177277,0.105547141915,0.0214997423097635,0.0353589031895988,0.048955130113963,0.0539186173091776,0.0661890314725318,0.0752898493192541,0.0852481051734921,0.092396219796969,0.086455381042944,0.0794986723334259,0.0705759210286724,0.0794359687553041,0.0948048901595482,0.125478149518892,0.155733122595105,0.251709664046344,0.241682112390361,1,0.978500257690237,0.964641096810401,0.951044869886037,0.946081382690822,0.933810968527468,0.924710150680746,0.914751894826508,0.907603780203031,0.913544618957056,0.920501327666574,0.929424078971328,0.920564031244696,0.905195109840452,0.874521850481108,0.844266877404895,0.748290335953656,0.758317887609639,0,100000,2149.97423097635,98076.9494042941,4749021.62209394,47.4902162209394,2023.5,"Total","GMoH report",30.5521037790606
0,1,0.02282,0.00905765,0.00984289,0.0116512,0.0134814,0.0159269,0.0169398,0.0190026,0.0185812,0.0172635,0.0162653,0.0173092,0.0206137,0.0272607,0.0336168,0.0567607,0.0563967,0.176824,0.103753831,0.0223626319032147,0.0355859498428125,0.0480325033819667,0.0566071470215561,0.0652092210193735,0.0765850922361598,0.0812577739040504,0.0907039717653304,0.0887818181991929,0.0827462742367832,0.0781487190981329,0.0829562348493635,0.0980172543119732,0.127606868593344,0.155053033000566,0.24853583068771,0.247138947323677,1,0.977637368096785,0.964414050157188,0.951967496618033,0.943392852978444,0.934790778980626,0.92341490776384,0.91874222609595,0.90929602823467,0.911218181800807,0.917253725763217,0.921851280901867,0.917043765150636,0.901982745688027,0.872393131406656,0.844946966999434,0.75146416931229,0.752861052676323,0,100000,2236.26319032146,97995.7576827987,4724493.78501057,47.2449378501057,2023.5,"Total","GMoH report",30.7973821498943
0,1,0.0211981,0.00831847,0.0090245,0.00973356,0.0122824,0.0141184,0.015687,0.0167876,0.0167237,0.0150321,0.013625,0.0155816,0.0191961,0.0252509,0.0323983,0.0535429,0.0544677,0.173138,0.106990251355,0.0208042728278812,0.0327293635425052,0.0441269410512084,0.047511656111352,0.0595824609539481,0.0681853305721262,0.07547505695391,0.080557099107555,0.0802627736315453,0.0724382523665037,0.065880930794802,0.0749869580366407,0.0915852986227687,0.118757655774509,0.149853965660827,0.23610952789692,0.239698882890907,1,0.979195727172119,0.967270636457495,0.955873058948792,0.952488343888648,0.940417539046052,0.931814669427874,0.92452494304609,0.919442900892445,0.919737226368455,0.927561747633496,0.934119069205198,0.925013041963359,0.908414701377231,0.881242344225491,0.850146034339173,0.76389047210308,0.760301117109093,0,100000,2080.42728278812,98142.1581551232,4963639.89960955,49.6363989960955,2023.5,"Total","GMoH report",28.4059210039045
0,1,0.021439,0.00820294,0.00858716,0.00991698,0.0120042,0.013865,0.0155516,0.0171759,0.0158049,0.014725,0.013734,0.0153194,0.0185783,0.0243187,0.0313295,0.0527845,0.0537234,0.169127,0.10650954745,0.0210360431950143,0.0322821430352213,0.042033430517004,0.0483853096302573,0.0582722214967712,0.0670025249779517,0.0748479851840301,0.0823436828445747,0.0760207491542307,0.0710109108445355,0.0663904827739562,0.0737716562241013,0.0887685768708029,0.114624691299252,0.145269451776426,0.233155066041351,0.236811237859894,1,0.978963956804986,0.967717856964779,0.957966569482996,0.951614690369743,0.941727778503229,0.932997475022048,0.92515201481597,0.917656317155425,0.923979250845769,0.928989089155464,0.933609517226044,0.926228343775899,0.911231423129197,0.885375308700748,0.854730548223574,0.766844933958649,0.763188762140106,0,100000,2103.60431950144,98120.4496245825,5000684.46368532,50.0068446368532,2023.5,"Total","GMoH report",28.0354753631468
0,1,0.0223287,0.00933792,0.0100899,0.011379,0.0140586,0.0163721,0.0183221,0.0198908,0.0194928,0.0175817,0.0155913,0.017596,0.0207715,0.0264116,0.0343144,0.0565832,0.0556271,0.174894,0.104734195585,0.0218910943624589,0.0366668949368624,0.0492082345846606,0.0553212487754601,0.0679063301667928,0.0786416765196323,0.0875980494456306,0.0947427283474656,0.0929350873245024,0.0842072341771682,0.0750318882998754,0.0842728378624316,0.0987305461515335,0.123878431074577,0.1580164047059,0.247854936405895,0.244178188698609,1,0.978108905637541,0.963333105063138,0.950791765415339,0.94467875122454,0.932093669833207,0.921358323480368,0.912401950554369,0.905257271652534,0.907064912675498,0.915792765822832,0.924968111700125,0.915727162137568,0.901269453848466,0.876121568925423,0.8419835952941,0.752145063594105,0.755821811301391,0,100000,2189.10943624588,98040.1651796069,4676061.96439491,46.7606196439491,2023.5,"Total","GMoH report",31.2817003560509
0,1,0.02127,0.00865485,0.00920667,0.0107918,0.0131522,0.0150604,0.0166281,0.0185812,0.0175505,0.016111,0.0144896,0.016496,0.0193547,0.026574,0.0328042,0.0548941,0.0552074,0.172835,0.1068467785,0.0208734591929602,0.0340303449382228,0.0449976536306214,0.0525414577408799,0.0636675781951542,0.0725696790153915,0.0798222683491584,0.0887818181991929,0.0840640832665749,0.0774360687412734,0.0699153850904824,0.0792132457454573,0.0923070613015664,0.124592684973768,0.151589101954186,0.241348920550959,0.242559325705162,1,0.97912654080704,0.965969655061777,0.955002346369379,0.94745854225912,0.936332421804846,0.927430320984609,0.920177731650842,0.911218181800807,0.915935916733425,0.922563931258727,0.930084614909518,0.920786754254543,0.907692938698434,0.875407315026232,0.848410898045814,0.758651079449041,0.757440674294838,0,100000,2087.34591929603,98135.6802677959,4839642.13805557,48.3964213805557,2023.5,"Total","GMoH report",29.6458986194443
0,1,0.0212207,0.00833283,0.00883752,0.00990685,0.0122726,0.0143143,0.0157075,0.0173589,0.0170613,0.0147654,0.0137944,0.0155782,0.018186,0.0251241,0.0314935,0.0536085,0.0537703,0.173003,0.106945154185,0.0208260208930721,0.0327849373804954,0.0432324313091421,0.0483370795096496,0.059536335909784,0.0690987494276688,0.0755699620526452,0.0831845205649143,0.0818167497200052,0.0711988029859771,0.0666727244254635,0.0749712087881414,0.0869756519826106,0.118196545432263,0.145974388953715,0.236364618387883,0.236993474451722,1,0.979173979106928,0.967215062619505,0.956767568690858,0.95166292049035,0.940463664090216,0.930901250572331,0.924430037947355,0.916815479435086,0.918183250279995,0.928801197014023,0.933327275574537,0.925028791211859,0.913024348017389,0.881803454567737,0.854025611046285,0.763635381612117,0.763006525548279,0,100000,2082.60208930721,98140.1221122398,4959624.93560321,49.5962493560321,2023.5,"Total","GMoH report",28.4460706439679
0,1,0.0216748,0.008905,0.0094469,0.0107147,0.0127669,0.0150361,0.0167322,0.0184007,0.017282,0.0159282,0.0149203,0.0169031,0.0197111,0.0259104,0.0329862,0.0550734,0.0561218,0.17288,0.10603902034,0.0212628028852082,0.0349967086194869,0.0461446893357844,0.0521758778052015,0.0618600958555543,0.072456829658914,0.0803019301124319,0.0879573098228564,0.0828312747734146,0.0765911039453444,0.0719188721303826,0.0810888669333473,0.09392698930288,0.12167066124706,0.152366056932068,0.242041833251515,0.246082515678926,1,0.978737197114792,0.965003291380513,0.953855310664216,0.947824122194799,0.938139904144446,0.927543170341086,0.919698069887568,0.912042690177144,0.917168725226585,0.923408896054656,0.928081127869617,0.918911133066653,0.90607301069712,0.87832933875294,0.847633943067931,0.757958166748485,0.753917484321074,0,100000,2126.28028852082,98099.1883902422,4835134.92098941,48.3513492098941,2023.5,"Total","GMoH report",29.6909707901059
0,1,0.0216051,0.00830768,0.0085962,0.00984746,0.0120779,0.0138012,0.0152773,0.0174618,0.0170733,0.0150614,0.0140046,0.015783,0.0187143,0.0256099,0.0320283,0.0539621,0.0535945,0.173272,0.106178103205,0.0211957858175433,0.0326876036970364,0.0420767496124536,0.0480542687759978,0.0586194988860116,0.0667044948153848,0.0735763789641283,0.0836569956820001,0.0818719395367673,0.0725743227387562,0.0676543207490931,0.075919409884483,0.0893893521190941,0.120344475069776,0.148269453644588,0.23773834864188,0.23631018453707,1,0.978804214182457,0.967312396302964,0.957923250387546,0.951945731224002,0.941380501113988,0.933295505184615,0.926423621035872,0.916343004318,0.918128060463233,0.927425677261244,0.932345679250907,0.924080590115517,0.910610647880906,0.879655524930224,0.851730546355412,0.76226165135812,0.76368981546293,0,100000,2119.57858175434,98105.4742516503,4969229.01712091,49.6922901712091,2023.5,"Total","GMoH report",28.3500298287909
0,1,0.0209529,0.00843234,0.00913623,0.010223,0.0123067,0.0146817,0.0160271,0.0178199,0.0172148,0.0156227,0.0146904,0.01589,0.0186087,0.0257433,0.0330385,0.0534672,0.0558688,0.171237,0.107479535695,0.020568255278654,0.0331699592516086,0.0446610655819945,0.0498411839414172,0.0596968227778011,0.0708094907491698,0.0770483461293748,0.08529943164507,0.0825224800270748,0.0751773182744831,0.0708499642142668,0.076414436509654,0.0889073734014606,0.120933435711143,0.152589203962234,0.235815071079011,0.245109119114973,1,0.979431744721346,0.966830040748391,0.955338934418005,0.950158816058583,0.940303177222199,0.92919050925083,0.922951653870625,0.91470056835493,0.917477519972925,0.924822681725517,0.929150035785733,0.923585563490346,0.911092626598539,0.879066564288857,0.847410796037766,0.764184928920989,0.754890880885027,0,100000,2056.8255278654,98164.2411248752,4908429.20391149,49.0842920391149,2023.5,"Total","GMoH report",28.9580279608851
0,1,0.0218719,0.00890601,0.00950485,0.0110911,0.0132202,0.0151216,0.0164001,0.0189594,0.0180229,0.016496,0.0142548,0.0166039,0.0202279,0.0262727,0.0323174,0.0561395,0.0544402,0.173894,0.105645717145,0.02145226731987,0.0350006084620616,0.0464211840226068,0.053959329209511,0.0639862233259652,0.0728538336718687,0.0787708744546411,0.0905070992559184,0.0862292472493732,0.0792132457454573,0.0688214113632479,0.0797107276240093,0.0962710948035578,0.123267101083414,0.149507745929264,0.24615057455011,0.239592360006883,1,0.97854773268013,0.964999391537938,0.953578815977393,0.946040670790489,0.936013776674035,0.927146166328131,0.921229125545359,0.909492900744082,0.913770752750627,0.920786754254543,0.931178588636752,0.920289272375991,0.903728905196442,0.876732898916586,0.850492254070736,0.75384942544989,0.760407639993117,0,100000,2145.226731987,98081.4072845524,4807949.75697867,48.0794975697867,2023.5,"Total","GMoH report",29.9628224302133
0,1,0.0220402,0.00895491,0.009752,0.0110537,0.0132514,0.0156214,0.0171368,0.0190281,0.0179414,0.0166919,0.0151355,0.0168932,0.0204535,0.0266573,0.0329177,0.0549994,0.0562794,0.174069,0.10530988291,0.0216139904983139,0.0351894041065445,0.0475995236142838,0.0537822673777173,0.0641323901141049,0.0751712977243232,0.0821639327913529,0.0908201621800543,0.0858560554182955,0.0801162681588003,0.072918360390764,0.081043298379537,0.0972925662409755,0.124958836986968,0.152073708236,0.241755923194624,0.246688322988064,1,0.978386009501686,0.964810595893456,0.952400476385716,0.946217732622283,0.935867609885895,0.924828702275677,0.917836067208647,0.909179837819946,0.914143944581705,0.9198837318412,0.927081639609236,0.918956701620463,0.902707433759025,0.875041163013032,0.847926291764,0.758244076805376,0.753311677011936,0,100000,2161.39904983139,98066.2176310281,4773917.26564854,47.7391726564854,2023.5,"Total","GMoH report",30.3031473435146
0,1,0.0220622,0.00922461,0.00982741,0.0113952,0.01414,0.0163332,0.0178502,0.0198972,0.0187779,0.0164992,0.0157885,0.0175771,0.0208809,0.0266842,0.0333095,0.0555036,0.0558346,0.175307,0.10526598301,0.0216351269039913,0.0362300243108832,0.0479587736701164,0.0553978267126111,0.0682860868305404,0.0784621548317549,0.0854382742906429,0.0947717679470118,0.0896795174721493,0.079228003319094,0.0759448613898653,0.0841861299386389,0.099224745052579,0.125077047615075,0.153744609799693,0.243702135394759,0.244977454541625,1,0.978364873096009,0.963769975689117,0.952041226329884,0.944602173287389,0.93171391316946,0.921537845168245,0.914561725709357,0.905228232052988,0.910320482527851,0.920771996680906,0.924055138610135,0.915813870061361,0.900775254947421,0.874922952384925,0.846255390200307,0.756297864605241,0.755022545458375,0,100000,2163.51269039913,98064.2315997103,4703499.22532517,47.0349922532517,2023.5,"Total","GMoH report",31.0073277467483
0,1,0.0217342,0.00901941,0.00974959,0.0108524,0.013392,0.0155314,0.0169561,0.0189924,0.0180645,0.0163847,0.0150809,0.0164013,0.0200352,0.0265873,0.0326911,0.055447,0.0567916,0.176829,0.10592049061,0.0213199093286824,0.0354383735582893,0.0475880402955376,0.0528287044203709,0.0647908038859001,0.0747543988252151,0.0813327829956199,0.0906574916394665,0.0864196792600185,0.0786998177406615,0.0726648708721601,0.0787764111207146,0.0953977190483083,0.124651155812655,0.151105950642387,0.243483874084142,0.248654309755258,1,0.978680090671318,0.964561626441711,0.952411959704462,0.947171295579629,0.9352091961141,0.925245601174785,0.91866721700438,0.909342508360534,0.913580320739982,0.921300182259339,0.92733512912784,0.921223588879285,0.904602280951692,0.875348844187344,0.848894049357613,0.756516125915858,0.751345690244742,0,100000,2131.99093286823,98093.8305927172,4783271.6261473,47.832716261473,2023.5,"Total","GMoH report",30.209603738527
0,1,0.0218142,0.00912008,0.00992381,0.0115496,0.0138545,0.015764,0.0174266,0.0195278,0.0189051,0.0168418,0.0156119,0.0173067,0.0196289,0.0275385,0.0330464,0.0572806,0.0554997,0.175344,0.10576085461,0.0213968100394181,0.0358268328367642,0.0484178267176039,0.0561273780851688,0.0669534824437091,0.0758314813211341,0.0834953977537608,0.093094188275485,0.0902595838532403,0.0808066753382218,0.0751273002529523,0.0829447502280697,0.0935536136810406,0.128823486072015,0.152622905998064,0.250527138041719,0.243687097927836,1,0.978603189960582,0.964173167163236,0.951582173282396,0.943872621914831,0.933046517556291,0.924168518678866,0.916504602246239,0.906905811724515,0.90974041614676,0.919193324661778,0.924872699747048,0.91705524977193,0.906446386318959,0.871176513927985,0.847377094001936,0.749472861958281,0.756312902072164,0,100000,2139.68100394181,98086.6134876279,4722449.67578922,47.2244967578922,2023.5,"Total","GMoH report",30.8178232421078
0,1,0.0215371,0.00854959,0.00927406,0.0107217,0.0129448,0.014809,0.0166817,0.0185469,0.0181871,0.016342,0.0151853,0.0165116,0.0203661,0.0258107,0.0332596,0.0550621,0.0549883,0.176254,0.106313793805,0.0211303946478364,0.0336234269700227,0.0453195592215153,0.0522090749040043,0.0626950623909055,0.0714015366108257,0.0800692711006987,0.0886251934968339,0.086980684004839,0.0785027693578837,0.0731495069791729,0.0792851867751102,0.0968969667154416,0.121230866204161,0.153531970209085,0.241998180028616,0.241713028664693,1,0.978869605352164,0.966376573029977,0.954680440778485,0.947790925095996,0.937304937609095,0.928598463389174,0.919930728899301,0.911374806503166,0.913019315995161,0.921497230642116,0.926850493020827,0.92071481322489,0.903103033284558,0.878769133795839,0.846468029790915,0.758001819971384,0.758286971335307,0,100000,2113.03946478364,98111.6057771772,4830105.60383639,48.3010560383639,2023.5,"Total","GMoH report",29.7412639616361
0,1,0.02082,0.00843823,0.00876934,0.0101649,0.0122361,0.0143319,0.0153858,0.0178962,0.0169687,0.0157946,0.0140072,0.0156218,0.0190218,0.0253257,0.0315827,0.0533229,0.0549982,0.172235,0.107744731,0.0204402858242335,0.033192743983866,0.0429060555275501,0.0495649432703773,0.0593645243587352,0.0691807702955046,0.0740795665138288,0.085649020019804,0.0813907614648294,0.0759730886355907,0.0676664560423104,0.0751731502053068,0.0907914576282189,0.11908850088297,0.146357581061521,0.235253502525462,0.241751286049044,1,0.979559714175766,0.966807256016134,0.95709394447245,0.950435056729623,0.940635475641265,0.930819229704495,0.925920433486171,0.914350979980196,0.918609238535171,0.924026911364409,0.93233354395769,0.924826849794693,0.909208542371781,0.88091149911703,0.853642418938479,0.764746497474537,0.758248713950956,0,100000,2044.02858242336,98176.2047273462,4941233.61319483,49.4123361319483,2023.5,"Total","GMoH report",28.6299838680517
0,1,0.0217754,0.00956763,0.0101874,0.01103,0.0137268,0.0156158,0.0176235,0.0200312,0.0187354,0.0168357,0.0159958,0.0169462,0.0207811,0.0255553,0.0327685,0.054892,0.0566165,0.177291,0.10583827807,0.0213595146747843,0.0375519536042743,0.0496719304395991,0.0536700484149575,0.0663568325764732,0.0751453626161469,0.0843989861681634,0.0953795813263396,0.0894856274391895,0.0807785897417136,0.0769036610465779,0.0812872260258038,0.0987739230683127,0.120103309722614,0.151436622582281,0.241340801772729,0.247982716349497,1,0.978640485325216,0.962448046395726,0.950328069560401,0.946329951585042,0.933643167423527,0.924854637383853,0.915601013831837,0.90462041867366,0.91051437256081,0.919221410258286,0.923096338953422,0.918712773974196,0.901226076931687,0.879896690277386,0.848563377417719,0.758659198227271,0.752017283650503,0,100000,2135.95146747843,98090.1139578806,4719098.32537096,47.1909832537096,2023.5,"Total","GMoH report",30.8513367462904
0,1,0.0211289,0.00856924,0.00902978,0.0101519,0.0126104,0.0141725,0.0161326,0.0178591,0.0168711,0.0151016,0.0148164,0.0159769,0.0194968,0.0253434,0.0319368,0.0555045,0.0557677,0.175719,0.107128336495,0.0207376755369875,0.0336994034479946,0.0441521886254835,0.0495031231112181,0.0611249740675465,0.0684376678799292,0.0775358623669475,0.085479052628027,0.0809415668296507,0.0727609818897349,0.0714359412983672,0.0768162847504272,0.0929532716340149,0.119166772071695,0.147877189440677,0.243705605542865,0.244719843025296,1,0.979262324463013,0.966300596552005,0.955847811374517,0.950496876888782,0.938875025932453,0.931562332120071,0.922464137633053,0.914520947371973,0.919058433170349,0.927239018110265,0.928564058701633,0.923183715249573,0.907046728365985,0.880833227928305,0.852122810559323,0.756294394457135,0.755280156974704,0,100000,2073.76755369875,98148.3917146063,4909789.24969875,49.0978924969875,2023.5,"Total","GMoH report",28.9444275030125
0,1,0.0206114,0.00804031,0.00898561,0.0100457,0.0121617,0.0139782,0.0155795,0.0173732,0.016291,0.0149368,0.013887,0.0151481,0.0191671,0.0251632,0.0308584,0.0537363,0.0534863,0.17229,0.10816098187,0.0202393590745807,0.0316522521608571,0.0439409591941389,0.0489979531549776,0.0590142169929909,0.0675310922169332,0.0749772305900556,0.0832501943105115,0.0782673658570567,0.0719955424536941,0.0671052726952042,0.07297684850298,0.0914532652968231,0.11836960489525,0.143241491868326,0.23686136639277,0.235889375268889,1,0.979760640925419,0.968347747839143,0.956059040805861,0.951002046845022,0.940985783007009,0.932468907783067,0.925022769409944,0.916749805689488,0.921732634142943,0.928004457546306,0.932894727304796,0.92702315149702,0.908546734703177,0.88163039510475,0.856758508131674,0.76313863360723,0.764110624731111,0,100000,2023.93590745807,98194.9749875345,4975932.74954537,49.7593274954537,2023.5,"Total","GMoH report",28.2829925045463
0,1,0.0205232,0.00831182,0.00889167,0.0099649,0.0123334,0.0144076,0.0156095,0.0172894,0.0163438,0.0148449,0.0142269,0.0159338,0.0189676,0.0253277,0.0319797,0.0541685,0.0531089,0.173685,0.10833698056,0.0201543793229761,0.0327036266833221,0.0434915683168601,0.0486134300765748,0.0598224640545733,0.0695334738069475,0.0751161847840341,0.0828652728777678,0.0785110766630847,0.0715684343714964,0.0686913380082269,0.076617000109152,0.0905444716966181,0.11909734541155,0.148061124168566,0.238539220575623,0.234420025737742,1,0.979845620677024,0.967296373316678,0.95650843168314,0.951386569923425,0.940177535945427,0.930466526193052,0.924883815215966,0.917134727122232,0.921488923336915,0.928431565628504,0.931308661991773,0.923382999890848,0.909455528303382,0.88090265458845,0.851938875831434,0.761460779424377,0.765579974262258,0,100000,2015.43793229762,98202.9085277936,4956466.8011787,49.564668011787,2023.5,"Total","GMoH report",28.477651988213
0,1,0.0208557,0.00822001,0.00899595,0.00986686,0.0122021,0.0144357,0.015526,0.0172017,0.0172271,0.0148106,0.0142029,0.0162803,0.0185731,0.0249702,0.0326536,0.0529543,0.0524214,0.174564,0.107673493435,0.0204746645693236,0.0323482343798309,0.0439904111519931,0.0481466591370671,0.0592044533494613,0.0696643653044368,0.0747293791483565,0.082462271845968,0.0825790079311722,0.0714089755661982,0.068579432930093,0.0782179699591837,0.088744833339744,0.117515063409152,0.150945698822337,0.233817407186553,0.231737048689562,1,0.979525335430676,0.967651765620169,0.956009588848007,0.951853340862933,0.940795546650539,0.930335634695563,0.925270620851643,0.917537728154032,0.917420992068828,0.928591024433802,0.931420567069907,0.921782030040816,0.911255166660256,0.882484936590848,0.849054301177663,0.766182592813447,0.768262951310438,0,100000,2047.46645693236,98172.9914091765,4953227.78973315,49.5322778973315,2023.5,"Total","GMoH report",28.5100421026685
0,1,0.0211387,0.0082891,0.00878954,0.00983383,0.0124277,0.0141514,0.0159518,0.0174676,0.0167043,0.0152802,0.0142147,0.0153813,0.0187613,0.0253291,0.0325357,0.0533694,0.0542531,0.170998,0.107108781085,0.0207471074830903,0.0326156905587785,0.043002763720422,0.0479893521723182,0.0602660781513948,0.0683392595075134,0.0767002330558492,0.0836836199982945,0.0801733987386259,0.0735898316365673,0.068634454547364,0.0740587022092713,0.0896037909902372,0.119103536532064,0.150441686085102,0.235434504401929,0.238867274653712,1,0.97925289251691,0.967384309441222,0.956997236279578,0.952010647827682,0.939733921848605,0.931660740492487,0.923299766944151,0.916316380001706,0.919826601261374,0.926410168363433,0.931365545452636,0.925941297790729,0.910396209009763,0.880896463467936,0.849558313914898,0.764565495598071,0.761132725346288,0,100000,2074.71074830902,98147.5089910463,4952047.76233727,49.5204776233727,2023.5,"Total","GMoH report",28.5218423766273
0,1,0.0218915,0.00894753,0.00989633,0.0111513,0.013609,0.015981,0.017433,0.0192312,0.0187,0.0168802,0.0152367,0.0169441,0.0202517,0.0277434,0.033541,0.0546382,0.0572527,0.176639,0.105606606325,0.0214711040916823,0.0351609133460182,0.0482869900298937,0.0542442648241657,0.065806111569139,0.0768352400710609,0.0835247812223758,0.0917450800417526,0.0893240983998089,0.0809834575976504,0.073388021819844,0.0812775621480194,0.0963789081638456,0.129719827354437,0.154730463785432,0.240359037142062,0.250420391175383,1,0.978528895908318,0.964839086653982,0.951713009970106,0.945755735175834,0.934193888430861,0.923164759928939,0.916475218777624,0.908254919958247,0.910675901600191,0.91901654240235,0.926611978180156,0.918722437851981,0.903621091836154,0.870280172645563,0.845269536214568,0.759640962857938,0.749579608824617,0,100000,2147.11040916824,98079.6386345491,4739674.49144158,47.3967449144158,2023.5,"Total","GMoH report",30.6455750855842
0,1,0.0210703,0.00901472,0.00937759,0.0105863,0.0131733,0.0152681,0.0166742,0.018758,0.017441,0.0161017,0.0147582,0.016412,0.0193092,0.0253115,0.0332498,0.0542333,0.0556508,0.177116,0.107245269865,0.0206812726461489,0.0354202723253269,0.0458138903011276,0.0515667473561587,0.0637664631281838,0.0735337002770018,0.0800347129723895,0.0895887362151887,0.0835615092911334,0.0773930988505935,0.0711653199382194,0.0788257783157066,0.0921000540889635,0.119025702338169,0.153490203573089,0.238790506992772,0.244269515163805,1,0.979318727353851,0.964579727674673,0.954186109698872,0.948433252643841,0.936233536871816,0.926466299722998,0.91996528702761,0.910411263784811,0.916438490708867,0.922606901149406,0.928834680061781,0.921174221684293,0.907899945911037,0.880974297661831,0.846509796426911,0.761209493007228,0.755730484836195,0,100000,2068.1272646149,98153.6696019939,4829458.81686604,48.2945881686604,2023.5,"Total","GMoH report",29.7477318313396
0,1,0.0209103,0.00862167,0.00908325,0.0101882,0.0121543,0.0142573,0.0158087,0.0177556,0.0167414,0.0151338,0.013798,0.0156188,0.0189757,0.0250236,0.0315406,0.0532618,0.0538057,0.173206,0.107564541865,0.0205272392755563,0.0339020946551491,0.0444078314132881,0.0496757342117594,0.0589793676785612,0.0688330658264803,0.0760383320502914,0.0850047252508404,0.080344309444658,0.0729104688657007,0.0666895441737273,0.0751592565110144,0.0905813869396244,0.117751578971144,0.146176744436097,0.235015613493129,0.237131001219244,1,0.979472760724444,0.966097905344851,0.955592168586712,0.950324265788241,0.941020632321439,0.93116693417352,0.923961667949709,0.91499527474916,0.919655690555342,0.927089531134299,0.933310455826273,0.924840743488986,0.909418613060376,0.882248421028856,0.853823255563903,0.764984386506871,0.762868998780756,0,100000,2052.72392755563,98168.0763812872,4939406.36415143,49.3940636415144,2023.5,"Total","GMoH report",28.6482563584857
0,1,0.0209441,0.00830992,0.00915871,0.0104932,0.0127182,0.0145807,0.016192,0.0180417,0.0174822,0.0153537,0.0146395,0.0160938,0.0197855,0.0258242,0.0330247,0.0529598,0.05333,0.176099,0.107497095655,0.0205597827639007,0.0326962731712968,0.0447684958240288,0.0511248420193075,0.0616313988576225,0.0703395020559327,0.0778102414270337,0.086315312563316,0.0837506365540854,0.0739307245848538,0.0706131470831891,0.077356596036759,0.0942648090512893,0.121290429242866,0.152530329101319,0.233838852807688,0.235281141773101,1,0.979440217236099,0.967303726828703,0.955231504175971,0.948875157980692,0.938368601142378,0.929660497944067,0.922189758572966,0.913684687436684,0.916249363445915,0.926069275415146,0.929386852916811,0.922643403963241,0.905735190948711,0.878709570757134,0.847469670898681,0.766161147192312,0.764718858226899,0,100000,2055.97827639007,98165.0334170516,4888955.25344951,48.8895525344951,2023.5,"Total","GMoH report",29.1527674655049
0,1,0.0203868,0.00857171,0.00903061,0.0100424,0.0126061,0.0139768,0.0155548,0.0174788,0.0171699,0.0155371,0.0140975,0.0158896,0.0191626,0.0254661,0.0318743,0.0528837,0.0544777,0.173705,0.10860915994,0.0200229311457427,0.0337089532565624,0.0441561574083661,0.0489822515915427,0.0611047679615013,0.0675245569316928,0.0748628099109913,0.0837350303775904,0.0823161019047635,0.0747808077786556,0.0680878295570488,0.0764125864171646,0.091432775729514,0.11970918482107,0.147609153867225,0.233542077138126,0.239737615288935,1,0.979977068854257,0.966291046743438,0.955843842591634,0.951017748408457,0.938895232038499,0.932475443068307,0.925137190089009,0.91626496962241,0.917683898095237,0.925219192221344,0.931912170442951,0.923587413582835,0.908567224270486,0.88029081517893,0.852390846132775,0.766457922861874,0.760262384711065,0,100000,2002.29311457428,98215.1742585533,4935701.64122583,49.3570164122583,2023.5,"Total","GMoH report",28.6853035877417
0,1,0.0214542,0.00861635,0.00923387,0.0106872,0.0131372,0.0151962,0.0163162,0.0184266,0.0176281,0.0162323,0.014945,0.0159425,0.0200735,0.0258842,0.0322601,0.0540517,0.055142,0.176277,0.10647921661,0.0210506635458849,0.0338815297620692,0.0451275941553909,0.0520454496755682,0.0635972747068044,0.0732000919083556,0.078383690089408,0.0880756624937325,0.0844200857174122,0.0779963496345671,0.0720336430129294,0.0766572302662027,0.0955713702483018,0.121555108172597,0.149262446383555,0.238086103410691,0.242306796560194,1,0.978949336454115,0.966118470237931,0.954872405844609,0.947954550324432,0.936402725293196,0.926799908091644,0.921616309910592,0.911924337506268,0.915579914282588,0.922003650365433,0.927966356987071,0.923342769733797,0.904428629751698,0.878444891827403,0.850737553616445,0.761913896589309,0.757693203439806,0,100000,2105.06635458849,98119.0794617602,4842447.9682765,48.424479682765,2023.5,"Total","GMoH report",29.617840317235
0,1,0.0225173,0.00953509,0.0102307,0.0120222,0.013865,0.0165414,0.0178661,0.0204404,0.0196086,0.0168388,0.0161611,0.0182822,0.0217047,0.0275976,0.0339873,0.0557285,0.056757,0.177175,0.104357853715,0.0220721609542633,0.0374266274772165,0.0498777882786442,0.0583570496929534,0.0670025249779517,0.0794225976097454,0.085511124257268,0.0972332820537703,0.0934613828219917,0.0807928628524984,0.0776675186604418,0.087415625144938,0.102937908920626,0.129082108973483,0.156628085660571,0.244568860626448,0.248521642799125,1,0.977927839045737,0.962573372522783,0.950122211721356,0.941642950307047,0.932997475022048,0.920577402390255,0.914488875742732,0.90276671794623,0.906538617178008,0.919207137147502,0.922332481339558,0.912584374855062,0.897062091079374,0.870917891026517,0.843371914339429,0.755431139373552,0.751478357200875,0,100000,2207.21609542634,98023.1242389776,4649092.15877838,46.4909215877838,2023.5,"Total","GMoH report",31.5513984122162
0,1,0.0215345,0.00913908,0.00997878,0.0112543,0.0139385,0.0154986,0.0173665,0.019297,0.0180662,0.0170055,0.0154784,0.0171839,0.0202152,0.0265024,0.0338238,0.0537981,0.0553106,0.176017,0.106318981975,0.0211278942273981,0.035900131649686,0.0486794950704522,0.0547315857852429,0.0673457530526878,0.0746024174329348,0.0832194246543506,0.0920445412201852,0.0864274605313704,0.0815600753467281,0.0745088071967159,0.0823804561968954,0.096213559147789,0.124277846971084,0.155933353587332,0.237101477507288,0.242957664504187,1,0.978872105772602,0.964099868350314,0.951320504929548,0.945268414214757,0.932654246947312,0.925397582567065,0.916780575345649,0.907955458779815,0.91357253946863,0.918439924653272,0.925491192803284,0.917619543803105,0.903786440852211,0.875722153028916,0.844066646412668,0.762898522492712,0.757042335495813,0,100000,2112.78942273981,98111.8401978134,4743798.52288481,47.4379852288481,2023.5,"Total","GMoH report",30.6043347711519
0,1,0.0210612,0.00820994,0.00878724,0.00997996,0.0119316,0.0140701,0.0154225,0.0170777,0.0161517,0.014456,0.0139962,0.0153774,0.0184564,0.0248667,0.0309104,0.0527011,0.0539455,0.170236,0.10726342846,0.0206725132663634,0.032309246056856,0.0429917528736954,0.0486851113405641,0.057930005855341,0.0679599903494602,0.074249709632964,0.0818921750071989,0.0776240971741795,0.0697589128882197,0.0676151133754368,0.0740406194463156,0.0882118184833593,0.117056479126277,0.143465555716455,0.232829564584667,0.23767390578825,1,0.979327486733637,0.967690753943144,0.957008247126305,0.951314888659436,0.942069994144659,0.93204000965054,0.925750290367036,0.918107824992801,0.92237590282582,0.93024108711178,0.932384886624563,0.925959380553684,0.911788181516641,0.882943520873724,0.856534444283545,0.767170435415333,0.76232609421175,0,100000,2067.25132663634,98154.4891381472,4993527.53858731,49.9352753858731,2023.5,"Total","GMoH report",28.1070446141269
0,1,0.0210838,0.00864347,0.00913938,0.0103237,0.0127143,0.0147258,0.0163898,0.0178047,0.0165408,0.01536,0.0147302,0.0162585,0.0202091,0.0258839,0.0325555,0.0551679,0.0547836,0.17285,0.10721833129,0.0206942670486255,0.0339863598366848,0.0446761199080861,0.0503197841119097,0.061613081979471,0.0710146318362639,0.0787233500916689,0.0852297736238965,0.0794198311425915,0.073959938366718,0.0710350970341682,0.0781173237303262,0.0961859226751634,0.121553784963461,0.150526348641966,0.242406812958471,0.240921616346764,1,0.979305732951375,0.966013640163315,0.955323880091914,0.94968021588809,0.938386918020529,0.928985368163736,0.921276649908331,0.914770226376104,0.920580168857408,0.926040061633282,0.928964902965832,0.921882676269674,0.903814077324837,0.878446215036539,0.849473651358034,0.757593187041529,0.759078383653236,0,100000,2069.42670486255,98152.4537731598,4887905.4362949,48.879054362949,2023.5,"Total","GMoH report",29.163265637051
0,1,0.0212463,0.00864953,0.00914746,0.0102907,0.0126029,0.0150529,0.0160009,0.0179754,0.0176545,0.0159543,0.0144533,0.0158763,0.019317,0.0250829,0.0322548,0.0532006,0.0561413,0.171933,0.106894070665,0.0208506547292252,0.0340097827280013,0.0447147343894057,0.050162969816279,0.0610897305859944,0.0725348503769038,0.0769272374170344,0.0860117605007376,0.0845411697946508,0.0767117926176025,0.0697463381278421,0.0763510688154146,0.0921355442302602,0.118014156768009,0.149239753959933,0.234777270815617,0.246157495495365,1,0.979149345270775,0.965990217271999,0.955285265610594,0.949837030183721,0.938910269414006,0.927465149623096,0.923072762582966,0.913988239499262,0.915458830205349,0.923288207382398,0.930253661872158,0.923648931184585,0.90786445576974,0.881985843231991,0.850760246040067,0.765222729184383,0.753842504504635,0,100000,2085.06547292252,98137.8156630812,4885353.17867055,48.8535317867055,2023.5,"Total","GMoH report",29.1887882132945
0,1,0.0213701,0.00864647,0.0090704,0.00998898,0.0126484,0.0146196,0.0157182,0.0178356,0.0170776,0.0156277,0.0140775,0.0157852,0.0196416,0.0255838,0.0327722,0.0525441,0.054933,0.17237,0.106647033955,0.0209697653248466,0.0339979553971937,0.0443464010106818,0.0487280414219914,0.061303521351349,0.0705205446148711,0.0756194941669621,0.0853713757276786,0.0818917151148851,0.0752004738856433,0.0679945179344446,0.0759295905674372,0.0936113102228187,0.120229200453589,0.151452426935002,0.232216484537087,0.241499297698782,1,0.979030234675153,0.966002044602806,0.955653598989318,0.951271958578009,0.938696478648651,0.929479455385129,0.924380505833038,0.914628624272321,0.918108284885115,0.924799526114357,0.932005482065555,0.924070409432563,0.906388689777181,0.879770799546411,0.848547573064998,0.767783515462913,0.758500702301218,0,100000,2096.97653248467,98126.6597949781,4911108.64139221,49.1110864139221,2023.5,"Total","GMoH report",28.9312335860779
0,1,0.0212117,0.00857028,0.00886967,0.0101985,0.0125785,0.0145472,0.0162372,0.0177761,0.0166607,0.0151097,0.0141933,0.0161471,0.0183678,0.024888,0.0321636,0.0534376,0.0540107,0.172877,0.106963113235,0.02081736027226,0.0337034244313293,0.0433862947085314,0.0497247064530953,0.0609750629274187,0.0701835641393791,0.0780189757186527,0.0850986928165589,0.0799725052062746,0.0727985879395254,0.0685346672676743,0.0776028476469018,0.0878069488139384,0.117150872700571,0.148849185817593,0.235699906668525,0.237926991588524,1,0.97918263972774,0.966296575568671,0.956613705291468,0.950275293546905,0.939024937072581,0.929816435860621,0.921981024281347,0.914901307183441,0.920027494793725,0.927201412060475,0.931465332732326,0.922397152353098,0.912193051186062,0.882849127299429,0.851150814182407,0.764300093331475,0.762073008411476,0,100000,2081.736027226,98140.9329391796,4923106.25397606,49.2310625397606,2023.5,"Total","GMoH report",28.8112574602394
0,1,0.0218391,0.009263,0.00997861,0.0118023,0.0135537,0.0157594,0.0177842,0.0197015,0.0184751,0.0173579,0.0157217,0.0178855,0.0212277,0.0270379,0.0326493,0.056074,0.0571428,0.177704,0.105711167905,0.0214207429670582,0.0363780600593407,0.0486786859441277,0.0573202238064236,0.0655474730367543,0.0758101921447838,0.0851358189227836,0.0938833909337946,0.0882972487490892,0.0831799278269322,0.0756356957070078,0.0856000028716,0.100789667915951,0.126629978275933,0.150927321504969,0.245898691878949,0.249999781249973,1,0.978579257032942,0.963621939940659,0.951321314055872,0.942679776193576,0.934452526963246,0.924189807855216,0.914864181077216,0.906116609066205,0.911702751250911,0.916820072173068,0.924364304292992,0.9143999971284,0.899210332084049,0.873370021724067,0.849072678495031,0.754101308121051,0.750000218750027,0,100000,2142.07429670582,98084.3668789382,4704833.14242393,47.0483314242393,2023.5,"Total","GMoH report",30.9939885757607
0,1,0.0213527,0.00810936,0.00873644,0.0100987,0.0123928,0.0142253,0.0156312,0.0175409,0.0165024,0.0152603,0.0141843,0.0161426,0.0190014,0.0250572,0.0316844,0.0529804,0.0547363,0.173865,0.106681754785,0.0209530261287687,0.0319197426317831,0.0427485251865481,0.0492500951600188,0.0601019222450052,0.0686838780731162,0.0752166824819696,0.0840200325285499,0.079242760665965,0.0734975146913875,0.0684926975744856,0.0775820596112967,0.0906985036326848,0.117900367291743,0.146794278412655,0.233919171778735,0.240738643473151,1,0.979046973871231,0.968080257368217,0.957251474813452,0.950749904839981,0.939898077754995,0.931316121926884,0.92478331751803,0.91597996747145,0.920757239334035,0.926502485308612,0.931507302425514,0.922417940388703,0.909301496367315,0.882099632708257,0.853205721587345,0.766080828221265,0.759261356526849,0,100000,2095.30261287687,98128.2279466704,4951546.4122735,49.515464122735,2023.5,"Total","GMoH report",28.526855877265
0,1,0.022045,0.00856772,0.0094567,0.011101,0.0136536,0.0151739,0.0170902,0.0188126,0.0181117,0.0161871,0.015663,0.0165893,0.0199499,0.0261906,0.0324731,0.0529347,0.0555188,0.175451,0.10530030475,0.0216186021542449,0.0336935265966153,0.0461914532110477,0.0540061931252904,0.0660146557409388,0.0730965987987203,0.0819496598097965,0.0898377938008551,0.0866357004599489,0.0777876104280983,0.075363936650604,0.0796434281917467,0.0950108572474955,0.122905573234135,0.150173964577219,0.23374097855607,0.243760740500721,1,0.978381397845755,0.966306473403385,0.953808546788952,0.94599380687471,0.933985344259061,0.92690340120128,0.918050340190203,0.910162206199145,0.913364299540051,0.922212389571902,0.924636063349396,0.920356571808253,0.904989142752505,0.877094426765865,0.849826035422781,0.76625902144393,0.756239259499279,0,100000,2161.86021542449,98065.7843240866,4795813.49876479,47.9581349876479,2023.5,"Total","GMoH report",30.0841850123521
0,1,0.0218761,0.00860849,0.00928273,0.0107965,0.0129587,0.0146632,0.0164291,0.0184663,0.0176488,0.0162753,0.0150569,0.0173143,0.0195889,0.0259389,0.0331364,0.054929,0.0544116,0.179766,0.105637336255,0.0214563038308795,0.0338511455048656,0.0453609660002024,0.0525637389802493,0.0627602711845034,0.070723420838888,0.0789046682856697,0.0882570472222017,0.0845150279373483,0.0781948868933612,0.0725534258074013,0.0829796630501279,0.093371869465565,0.121796342151421,0.153006766459711,0.241483835939234,0.239481562530534,1,0.978543696169121,0.966148854495134,0.954639033999798,0.947436261019751,0.937239728815497,0.929276579161112,0.92109533171433,0.911742952777798,0.915484972062652,0.921805113106639,0.927446574192599,0.917020336949872,0.906628130534435,0.878203657848579,0.846993233540289,0.758516164060766,0.760518437469466,0,100000,2145.63038308795,98081.0282951693,4835412.48520849,48.3541248520849,2023.5,"Total","GMoH report",29.6881951479151
0,1,0.0225748,0.00947789,0.0102657,0.0116181,0.0138674,0.0161184,0.0179015,0.0200869,0.0191455,0.0172976,0.0155713,0.0179059,0.0208374,0.0280747,0.0339285,0.0575685,0.057602,0.178096,0.10424311534,0.0221273510511418,0.0372062858311673,0.0500441543126808,0.0564508703577418,0.067013734350664,0.0774702584648985,0.0856732986122328,0.0956321180212951,0.0913549113613292,0.0829029450444958,0.0749392462857757,0.0856934539569793,0.0990282707763141,0.131167293932578,0.156378297346222,0.251627898336533,0.251755892675294,1,0.977872648948858,0.962793714168833,0.949955845687319,0.943549129642258,0.932986265649336,0.922529741535102,0.914326701387767,0.904367881978705,0.908645088638671,0.917097054955504,0.925060753714224,0.914306546043021,0.900971729223686,0.868832706067422,0.843621702653778,0.748372101663467,0.748244107324706,0,100000,2212.73510511419,98017.9272956651,4669620.25832431,46.6962025832431,2023.5,"Total","GMoH report",31.3461174167569
0,1,0.0207691,0.00814869,0.00870692,0.00955294,0.0119927,0.0137024,0.0155916,0.0169518,0.0163981,0.01496,0.0139557,0.015428,0.0183953,0.0241539,0.0319377,0.054981,0.0543387,0.172497,0.107846299405,0.0203912655621726,0.0320720692992439,0.0426071572265035,0.0466505746485424,0.0582180218241731,0.0662427870855958,0.075033277862209,0.0813129958906521,0.078761646606937,0.07210333526123,0.0674260554933777,0.0742752053304062,0.0879326321304279,0.11389215093861,0.147881048586405,0.241684817607768,0.239199082094481,1,0.979608734437827,0.967927930700756,0.957392842773496,0.953349425351458,0.941781978175827,0.933757212914404,0.924966722137791,0.918687004109348,0.921238353393063,0.92789666473877,0.932573944506622,0.925724794669594,0.912067367869572,0.88610784906139,0.852118951413595,0.758315182392232,0.760800917905519,0,100000,2039.12655621726,98180.7856968892,4998307.00632298,49.9830700632298,2023.5,"Total","GMoH report",28.0592499367702
0,1,0.0216248,0.0088508,0.00940232,0.0110358,0.0130522,0.0149311,0.0166175,0.018687,0.0179501,0.0158186,0.0152134,0.0163615,0.0192082,0.0268771,0.0335552,0.0540322,0.0567574,0.173208,0.10613879284,0.0212147284254213,0.0347874072321396,0.0459319331654007,0.0536975124794483,0.0631987918234063,0.0719690570313963,0.079773413262765,0.0892647729688287,0.0858959000129441,0.0760841386123661,0.0732799085963989,0.0785927613384042,0.0916403829886916,0.125924299991731,0.154790900904891,0.238010431859238,0.248523176636,1,0.978785271574579,0.96521259276786,0.954068066834599,0.946302487520552,0.936801208176594,0.928030942968604,0.920226586737235,0.910735227031171,0.914104099987056,0.923915861387634,0.926720091403601,0.921407238661596,0.908359617011308,0.874075700008269,0.845209099095109,0.761989568140762,0.751476823364,0,100000,2121.47284254212,98103.6977240081,4821016.61210982,48.2101661210982,2023.5,"Total","GMoH report",29.8321538789018
0,1,0.0218279,0.0090515,0.0098652,0.0110874,0.0134275,0.015537,0.0170937,0.0185666,0.0184692,0.0170426,0.0153559,0.0169616,0.0203265,0.0270413,0.0351043,0.0558489,0.0562689,0.175239,0.105733516945,0.0214099780975207,0.035562217182348,0.0481387539122619,0.0539418138332627,0.0649569755277528,0.0747803444699269,0.0819657549370801,0.0887151530963053,0.0882702956394401,0.081730739257812,0.0739409263236661,0.0813580914885208,0.0967176706679213,0.126644893596943,0.161360391060258,0.245032509675904,0.246647974472948,1,0.978590021902479,0.964437782817652,0.951861246087738,0.946058186166737,0.935043024472247,0.925219655530073,0.91803424506292,0.911284846903695,0.91172970436056,0.918269260742188,0.926059073676334,0.918641908511479,0.903282329332079,0.873355106403057,0.838639608939742,0.754967490324096,0.753352025527052,0,100000,2140.99780975207,98085.3774184446,4758365.0177642,47.583650177642,2023.5,"Total","GMoH report",30.458669822358
0,1,0.0210359,0.0088853,0.00930427,0.0107444,0.0130157,0.0153341,0.0168525,0.0186589,0.0178754,0.0166384,0.0146511,0.0168961,0.0197855,0.0263271,0.0332579,0.0552618,0.0544523,0.174718,0.107313913345,0.0206481594615509,0.0349206392874779,0.045463830611882,0.0523167205688014,0.063027628247546,0.0738398315958165,0.0808559382515398,0.0891365261791879,0.0855537320454853,0.0798697383630506,0.0706671223107813,0.0810566469679136,0.0942648090512893,0.12350657511568,0.153524725111764,0.242769325254172,0.239639231664137,1,0.979351840538449,0.965079360712522,0.954536169388118,0.947683279431199,0.936972371752454,0.926160168404184,0.91914406174846,0.910863473820812,0.914446267954515,0.920130261636949,0.929332877689219,0.918943353032086,0.905735190948711,0.87649342488432,0.846475274888236,0.757230674745828,0.760360768335863,0,100000,2064.8159461551,98156.767533364,4817240.09001041,48.1724009001042,2023.5,"Total","GMoH report",29.8699190998959
0,1,0.0225935,0.00921043,0.00990388,0.011291,0.0139349,0.0155492,0.0174292,0.0191696,0.0184721,0.0175302,0.0156132,0.0170041,0.0200789,0.027208,0.0333965,0.0560391,0.0550171,0.178823,0.104205800425,0.0221452985077008,0.0361753391422088,0.0483229385386642,0.0549051644699252,0.0673289447205346,0.0748368664889741,0.0835073348965525,0.0914646481996786,0.0882835438730563,0.0839709319230082,0.0751333210783488,0.0815536346045518,0.0955958511603415,0.127375891837231,0.154115227049595,0.245764453091851,0.241824318250897,1,0.977854701492299,0.963824660857791,0.951677061461336,0.945094835530075,0.932671055279465,0.925163133511026,0.916492665103448,0.908535351800321,0.911716456126944,0.916029068076992,0.924866678921651,0.918446365395448,0.904404148839658,0.872624108162768,0.845884772950405,0.754235546908149,0.758175681749103,0,100000,2214.52985077008,98016.2370048945,4726338.5982375,47.263385982375,2023.5,"Total","GMoH report",30.778934017625
0,1,0.0207141,0.0083505,0.00894074,0.0100527,0.0121169,0.0139686,0.016012,0.0173026,0.016123,0.0151163,0.0144456,0.0151637,0.0183422,0.0248902,0.0316623,0.053832,0.0537649,0.173497,0.107956049155,0.0203382913386241,0.0328533167568439,0.0437263355076826,0.0490312586650448,0.0588032182130847,0.0674862779447523,0.0769785486957107,0.0829259151512595,0.0774915109234529,0.0728292288209352,0.0697104758742764,0.0730492574374879,0.0876899342213145,0.117160621732391,0.146699399044114,0.237233161169772,0.236972493905985,1,0.979661708661376,0.967146683243156,0.956273664492317,0.950968741334955,0.941196781786915,0.932513722055248,0.923021451304289,0.91707408484874,0.922508489076547,0.927170771179065,0.930289524125724,0.926950742562512,0.912310065778685,0.882839378267609,0.853300600955886,0.762766838830228,0.763027506094015,0,100000,2033.82913386241,98185.7350240857,4964325.26564492,49.6432526564492,2023.5,"Total","GMoH report",28.3990673435508
0,1,0.0220174,0.00920206,0.00997789,0.0111832,0.0136642,0.0155955,0.0175123,0.0190811,0.0180762,0.0164443,0.015938,0.017022,0.020208,0.0271507,0.0332174,0.055334,0.054942,0.17494,0.10535537917,0.0215920845495003,0.0361430588085209,0.0486752590487258,0.054395218481689,0.0660642134368891,0.0750513419899879,0.0838887860309744,0.0910616107478958,0.0864732314348437,0.0789747872644673,0.0766364217743991,0.0816359808355435,0.0961809389635609,0.127124689249017,0.153352104509191,0.243047960398301,0.241534085663667,1,0.9784079154505,0.963856941191479,0.951324740951274,0.945604781518311,0.933935786563111,0.924948658010012,0.916111213969026,0.908938389252104,0.913526768565156,0.921025212735533,0.923363578225601,0.918364019164457,0.903819061036439,0.872875310750983,0.846647895490809,0.756952039601699,0.758465914336333,0,100000,2159.20845495003,98068.2757705283,4745529.0238699,47.455290238699,2023.5,"Total","GMoH report",30.587029761301
0,1,0.0219605,0.00878313,0.00973096,0.0107353,0.0131566,0.0147971,0.0167933,0.0188755,0.0176285,0.0160715,0.0150737,0.0160677,0.0198623,0.0262675,0.0319589,0.0560533,0.0554406,0.174106,0.105468920275,0.0215374115541541,0.0345260268358347,0.0474992663478493,0.0522735688897448,0.0636881995834025,0.0713462075795612,0.0805833491085389,0.0901246313045284,0.0844219204388589,0.0772535489693478,0.0726314387059455,0.0772359882778692,0.094613400631588,0.123244206982705,0.147971948257114,0.24581907421786,0.243459190946086,1,0.978462588445846,0.965473973164165,0.952500733652151,0.947726431110255,0.936311800416597,0.928653792420439,0.919416650891461,0.909875368695472,0.915578079561141,0.922746451030652,0.927368561294055,0.922764011722131,0.905386599368412,0.876755793017295,0.852028051742886,0.75418092578214,0.756540809053914,0,100000,2153.7411554154,98073.4115987981,4819087.20808101,48.1908720808101,2023.5,"Total","GMoH report",29.8514479191899
0,1,0.0219102,0.00867975,0.009486,0.0104398,0.0129923,0.0150263,0.0163162,0.0186374,0.0172421,0.0157358,0.0143661,0.0166669,0.0198019,0.0259805,0.0336627,0.0546201,0.0545711,0.173748,0.10556929141,0.0214890752463053,0.0341265796407268,0.0463312543041765,0.0508712848997587,0.0629178800670134,0.0724113146564447,0.078383690089408,0.089038389785528,0.0826479398890956,0.0757009620051966,0.0693401318302824,0.0800010751993979,0.0943392585883961,0.12197976198441,0.155248307036782,0.240288979743746,0.240099293597855,1,0.978510924753695,0.965873420359273,0.953668745695823,0.949128715100241,0.937082119932987,0.927588685343555,0.921616309910592,0.910961610214472,0.917352060110904,0.924299037994803,0.930659868169718,0.919998924800602,0.905660741411604,0.87802023801559,0.844751692963218,0.759711020256254,0.759900706402145,0,100000,2148.90752463053,98077.9511200503,4847292.55090879,48.4729255090879,2023.5,"Total","GMoH report",29.5693944909121
0,1,0.0222344,0.00915231,0.009833,0.0108354,0.0135134,0.0158115,0.017074,0.0189747,0.0181159,0.016648,0.0147916,0.0167727,0.0199658,0.0263934,0.0337025,0.0555359,0.0548907,0.174844,0.10492236652,0.0218005363183352,0.0359511675396307,0.047985398930784,0.0527481322203491,0.0653589460462466,0.0760512876627991,0.0818751588447134,0.0905768295794472,0.0866549203223317,0.0799139801463106,0.0713206342654962,0.0804884772922987,0.0950829805665128,0.123798351475422,0.155417596163269,0.243826666570077,0.24133577582483,1,0.978199463681665,0.964048832460369,0.952014601069216,0.947251867779651,0.934641053953753,0.923948712337201,0.918124841155287,0.909423170420553,0.913345079677668,0.920086019853689,0.928679365734504,0.919511522707701,0.904917019433487,0.876201648524578,0.844582403836731,0.756173333429923,0.75866422417517,0,100000,2180.05363183352,98048.682754359,4768701.61357864,47.6870161357864,2023.5,"Total","GMoH report",30.3553038642136
0,1,0.0214105,0.00897311,0.00972031,0.0107798,0.0133609,0.01541,0.0171181,0.0187796,0.0179928,0.0161061,0.0151576,0.0165871,0.0198265,0.0263301,0.0322985,0.0563622,0.0553217,0.177388,0.106566417775,0.0210086288853067,0.0352596623424762,0.0474485143292018,0.0524845671573919,0.0646452047109439,0.0741917623552635,0.082077953462101,0.0896872722549045,0.0860914350677811,0.0774134289307463,0.073020944335356,0.0796332867724421,0.0944509219880117,0.123519779626163,0.149426842794967,0.247006434801129,0.243000498328984,1,0.978991371114693,0.964740337657524,0.952551485670798,0.947515432842608,0.935354795289056,0.925808237644737,0.917922046537899,0.910312727745096,0.913908564932219,0.922586571069254,0.926979055664644,0.920366713227558,0.905549078011988,0.876480220373837,0.850573157205033,0.752993565198871,0.756999501671016,0,100000,2100.86288853067,98123.0185437365,4793225.90328975,47.9322590328975,2023.5,"Total","GMoH report",30.1100609671025
0,1,0.0219711,0.00930921,0.00999997,0.0111986,0.0137546,0.015542,0.0180617,0.0193257,0.0190584,0.0170979,0.015524,0.0178013,0.0202366,0.0278345,0.033372,0.0556875,0.0556457,0.179261,0.105447768505,0.0215475971363009,0.0365562209252018,0.0487803450327082,0.0544680842784971,0.0664867532590574,0.0748035096332019,0.0864068629104269,0.0921751278302284,0.0909582053479897,0.0819850687332638,0.0747201124363454,0.0852141915307588,0.0963105069858266,0.130118071357032,0.154010872875959,0.244410917569606,0.24424986343556,1,0.978452402863699,0.963443779074798,0.951219654967292,0.945531915721503,0.933513246740943,0.925196490366798,0.913593137089573,0.907824872169772,0.90904179465201,0.918014931266736,0.925279887563655,0.914785808469241,0.903689493014173,0.869881928642968,0.845989127124041,0.755589082430394,0.75575013656444,0,100000,2154.75971363009,98072.4548898367,4713264.40340738,47.1326440340738,2023.5,"Total","GMoH report",30.9096759659262
0,1,0.0221047,0.00957325,0.0101085,0.0113535,0.0138044,0.0160204,0.0177017,0.0199564,0.0187649,0.0175068,0.015946,0.0176003,0.0196982,0.027359,0.0335913,0.0562394,0.0555991,0.176352,0.105181176385,0.0216759560562216,0.0375735971226904,0.0492967105046591,0.0552006972105501,0.066719445225812,0.0770173770324725,0.0847576153029782,0.0950403422831513,0.0896202141105904,0.0838635442584408,0.076673414337438,0.0842925639660699,0.0938684035337774,0.128037551566716,0.154944529560441,0.246534604420399,0.24407028020907,1,0.978324043943778,0.96242640287731,0.950703289495341,0.94479930278945,0.933280554774188,0.922982622967528,0.915242384697022,0.904959657716849,0.91037978588941,0.916136455741559,0.923326585662562,0.91570743603393,0.906131596466223,0.871962448433284,0.845055470439559,0.753465395579601,0.75592971979093,0,100000,2167.59560562215,98060.3946501042,4695416.25310783,46.9541625310783,2023.5,"Total","GMoH report",31.0881574689217
0,1,0.0216875,0.00913485,0.0098447,0.010772,0.0135635,0.0155631,0.0175368,0.0189845,0.0189513,0.0168705,0.0152471,0.0173916,0.0203761,0.0256572,0.034056,0.0550781,0.0563332,0.174437,0.106013678125,0.0212750130610022,0.0358838134926336,0.0480411238696023,0.0524475864956716,0.0655933127560822,0.0749012604824634,0.084001218575225,0.0906214907711383,0.0904701811403855,0.0809388047367228,0.0734362744495988,0.0833346909712606,0.0969422381529302,0.120553346683669,0.156919844444035,0.242059989263381,0.246895031963486,1,0.978724986938998,0.964116186507366,0.951958876130398,0.947552413504328,0.934406687243918,0.925098739517537,0.915998781424775,0.909378509228862,0.909529818859614,0.919061195263277,0.926563725550401,0.916665309028739,0.90305776184707,0.879446653316331,0.843080155555965,0.757940010736619,0.753104968036514,0,100000,2127.50130610022,98098.0429325752,4754197.58663171,47.5419758663171,2023.5,"Total","GMoH report",30.5003441336829
0,1,0.0220358,0.00963098,0.0103256,0.011461,0.0138981,0.0160646,0.0180129,0.0197967,0.0193629,0.0171103,0.0157966,0.0171326,0.020723,0.0272118,0.0341357,0.0567137,0.0558475,0.175886,0.10531866289,0.021609763109531,0.0377958969448835,0.0503288120458485,0.0557088035075013,0.0671571094431214,0.0772216622130313,0.0861834646729802,0.094315653267403,0.092344363318739,0.0820420881479072,0.0759823432899644,0.0821446225972269,0.0985113720904253,0.12739254861406,0.157258202907524,0.248355589070352,0.245027119815289,1,0.978390236890469,0.962204103055116,0.949671187954152,0.944291196492499,0.932842890556879,0.922778337786969,0.91381653532702,0.905684346732597,0.907655636681261,0.917957911852093,0.924017656710036,0.917855377402773,0.901488627909575,0.87260745138594,0.842741797092476,0.751644410929648,0.754972880184711,0,100000,2160.9763109531,98066.6148246534,4680323.78158388,46.8032378158388,2023.5,"Total","GMoH report",31.2390821841612
0,1,0.0212498,0.00917334,0.00958494,0.0112478,0.0135334,0.0154401,0.0171158,0.0192955,0.0181534,0.0170953,0.0154284,0.0161459,0.020431,0.0267887,0.0329011,0.0560021,0.0553831,0.17472,0.10688708659,0.0208540225423801,0.0360322871578469,0.0468031856835361,0.054700839737015,0.0654525124210039,0.0743312934885198,0.0820673779319796,0.092037715644456,0.0868265091232069,0.081973112619586,0.0742770595366133,0.0775973042146997,0.0971907399787361,0.125536125956474,0.152002847763612,0.245622114459561,0.243237397259582,1,0.97914597745762,0.963967712842153,0.953196814316464,0.945299160262985,0.934547487578996,0.92566870651148,0.91793262206802,0.907962284355544,0.913173490876793,0.918026887380414,0.925722940463387,0.9224026957853,0.902809260021264,0.874463874043526,0.847997152236388,0.754377885540439,0.756762602740418,0,100000,2085.40225423801,98137.5003170857,4764871.89485591,47.6487189485591,2023.5,"Total","GMoH report",30.3936010514409
0,1,0.0218623,0.00936326,0.0099105,0.0112479,0.0138025,0.0153909,0.0175153,0.0193508,0.0183204,0.0166308,0.015482,0.0172336,0.0200397,0.0265737,0.034469,0.0558142,0.057049,0.176527,0.105664873465,0.0214430408862916,0.0367645675897394,0.0483544578633629,0.0547013127605028,0.0667105684475082,0.0741032121791787,0.083902553990237,0.0922893195863702,0.0875902776914537,0.0798347121720238,0.0745254908756577,0.0826088790548029,0.0954181235726052,0.124591366040616,0.158671850005409,0.244898908370999,0.249640629341712,1,0.978556959113708,0.963235432410261,0.951645542136637,0.945298687239497,0.933289431552492,0.925896787820821,0.916097446009763,0.90771068041363,0.912409722308546,0.920165287827976,0.925474509124342,0.917391120945197,0.904581876427395,0.875408633959384,0.841328149994591,0.755101091629002,0.750359370658288,0,100000,2144.30408862917,98082.2735315663,4736539.23112365,47.3653923112365,2023.5,"Total","GMoH report",30.6769276887635
0,1,0.0215226,0.00890173,0.00929001,0.0105792,0.0129974,0.0148749,0.0162944,0.018409,0.017147,0.0163508,0.0146224,0.0162808,0.0202358,0.0258099,0.0327208,0.0539076,0.0568748,0.175803,0.10634272783,0.0211164498357615,0.0349840822903078,0.0453957329669493,0.0515330537932754,0.0629418006021345,0.0717078810986155,0.0782830612182148,0.0879952391081454,0.0822108273582214,0.0785433821671533,0.0705335746452676,0.0782202782352681,0.0963068829452417,0.121227336424071,0.151232850373728,0.237526756546927,0.248973241684593,1,0.978883550164238,0.965015917709692,0.954604267033051,0.948466946206725,0.937058199397865,0.928292118901385,0.921716938781785,0.912004760891855,0.917789172641779,0.921456617832847,0.929466425354732,0.921779721764732,0.903693117054758,0.878772663575929,0.848767149626272,0.762473243453073,0.751026758315407,0,100000,2111.64498357616,98112.9131041859,4846655.4286002,48.466554286002,2023.5,"Total","GMoH report",29.575765713998
0,1,0.0216812,0.00869006,0.00916836,0.0102591,0.0127052,0.0148144,0.0160101,0.0180995,0.0171632,0.0156914,0.0151593,0.0161218,0.019199,0.0261795,0.0318412,0.0539876,0.0561,0.174377,0.10602624946,0.0212689560819833,0.0341664234602894,0.0448146088324131,0.0500127846036809,0.0615703412508493,0.0714266428552143,0.0769697658782804,0.0865798691459808,0.0822853022510135,0.0754954276176991,0.0730288349556423,0.0774859668491293,0.0915985009506225,0.122856683627439,0.147467170802601,0.237837333002047,0.245998684499013,1,0.978731043918017,0.965833576539711,0.955185391167587,0.949987215396319,0.938429658749151,0.928573357144786,0.92303023412172,0.913420130854019,0.917714697748987,0.924504572382301,0.926971165044358,0.922514033150871,0.908401499049378,0.877143316372561,0.852532829197399,0.762162666997953,0.754001315500987,0,100000,2126.89560819833,98098.6111561319,4879254.42040383,48.7925442040383,2023.5,"Total","GMoH report",29.2497757959617
0,1,0.0216138,0.00907392,0.0097937,0.0112438,0.013558,0.0155417,0.0171351,0.0191924,0.0179682,0.0159902,0.0154533,0.0165752,0.0205544,0.0270899,0.0334131,0.0554484,0.0569911,0.176779,0.10616074279,0.0212041514232873,0.0356487325062734,0.0477981969952198,0.0546819186088641,0.0655675866504819,0.0748021197391261,0.0821561168072406,0.091568454008231,0.0859787897739589,0.0768777726013738,0.0743924768439678,0.0795784290567465,0.0977490664703544,0.126858068992032,0.154185925621538,0.24348927342812,0.249418861767767,1,0.978795848576713,0.964351267493727,0.95220180300478,0.945318081391136,0.934432413349518,0.925197880260874,0.917843883192759,0.908431545991769,0.914021210226041,0.923122227398626,0.925607523156032,0.920421570943253,0.902250933529646,0.873141931007968,0.845814074378462,0.75651072657188,0.750581138232232,0,100000,2120.41514232873,98104.6897042041,4763509.08608428,47.6350908608429,2023.5,"Total","GMoH report",30.4072291391572
0,1,0.0216434,0.00901766,0.00962091,0.0111598,0.0137034,0.0157912,0.0173557,0.0196212,0.0185614,0.0168673,0.0156332,0.0167512,0.0208349,0.0265289,0.034644,0.0575278,0.0549314,0.177675,0.10610167747,0.0212326126649832,0.0354316194058964,0.0469747015600351,0.0542844898747397,0.0662474613454953,0.0759573555188277,0.083169823725901,0.093518630612562,0.0886914082378356,0.0809240734401571,0.07522594441445,0.0803894505882646,0.0990169779169931,0.124394384530568,0.159413220934834,0.251472369547818,0.241493113027591,1,0.978767387335017,0.964568380594104,0.953025298439965,0.94571551012526,0.933752538654505,0.924042644481172,0.916830176274099,0.906481369387438,0.911308591762164,0.919075926559843,0.92477405558555,0.919610549411735,0.900983022083007,0.875605615469432,0.840586779065166,0.748527630452182,0.758506886972409,0,100000,2123.26126649832,98102.0203155842,4739381.05461726,47.3938105461726,2023.5,"Total","GMoH report",30.6485094538274
0,1,0.0217928,0.00903054,0.00962357,0.010931,0.013026,0.0153768,0.0166579,0.0190188,0.0175453,0.0165997,0.0147137,0.0169947,0.019924,0.0264546,0.0337298,0.053741,0.0571886,0.174005,0.10580355724,0.021376240260408,0.0354813288805815,0.0469873840511668,0.0532011456911258,0.0630759322657653,0.0740378374526454,0.0799596023500335,0.0907777884906357,0.0840402227015847,0.0796913679966644,0.0709583503028716,0.0815103885013407,0.0948933616559187,0.124067602975792,0.155533698629884,0.23687962956841,0.250175091854871,1,0.978623759739592,0.964518671119418,0.953012615948833,0.946798854308874,0.936924067734235,0.925962162547355,0.920040397649967,0.909222211509364,0.915959777298415,0.920308632003336,0.929041649697128,0.918489611498659,0.905106638344081,0.875932397024208,0.844466301370116,0.76312037043159,0.749824908145129,0,100000,2137.62402604079,98088.544199956,4799835.94028393,47.9983594028393,2023.5,"Total","GMoH report",30.0439605971607
0,1,0.0213504,0.00885049,0.00930381,0.0105678,0.0132041,0.0147703,0.0167735,0.0186548,0.0174561,0.0157952,0.0149875,0.0161756,0.0198003,0.0264653,0.0327171,0.0542528,0.0542671,0.174484,0.10668634432,0.0209508134345205,0.0347862099926444,0.0454616339877217,0.0514789518320726,0.0639107888813301,0.0712215893953834,0.080492161809712,0.0891178125749424,0.0836308296848459,0.0759758650412511,0.0722310912979307,0.0777344947661516,0.0943319954749913,0.124114670056391,0.151217042266183,0.238866111557265,0.238921550779266,1,0.97904918656548,0.965213790007356,0.954538366012278,0.948521048167927,0.93608921111867,0.928778410604617,0.919507838190288,0.910882187425058,0.916369170315154,0.924024134958749,0.927768908702069,0.922265505233848,0.905668004525009,0.875885329943609,0.848782957733817,0.761133888442735,0.761078449220734,0,100000,2095.08134345204,98128.4352261339,4839585.31921501,48.3958531921501,2023.5,"Total","GMoH report",29.6464668078499
0,1,0.0223049,0.0094892,0.0104438,0.0116235,0.0142357,0.0163917,0.0183889,0.0202268,0.0195566,0.017545,0.0160581,0.0179402,0.0218977,0.0274833,0.0346582,0.0563642,0.0558549,0.181425,0.104781687295,0.0218682403359362,0.0372498573080646,0.0508902802283772,0.0564763673599782,0.0687323666212256,0.0787321168985837,0.0879033836700735,0.0962661115378648,0.0932250857214497,0.0840388461123951,0.0771916229968843,0.0858505594819546,0.103805733001152,0.128581865069349,0.159473351704857,0.24701411723356,0.245055608703559,1,0.978131759664064,0.962750142691935,0.949109719771623,0.943523632640022,0.931267633378774,0.921267883101416,0.912096616329927,0.903733888462135,0.90677491427855,0.915961153887605,0.922808377003116,0.914149440518045,0.896194266998848,0.871418134930651,0.840526648295143,0.75298588276644,0.754944391296441,0,100000,2186.82403359363,98042.3150784636,4639803.99014626,46.3980399014626,2023.5,"Total","GMoH report",31.6442800985374
0,1,0.0218076,0.00871171,0.00896399,0.0102551,0.0125375,0.0149376,0.0162307,0.0181714,0.0176737,0.0155923,0.0144634,0.0166184,0.0187464,0.0255107,0.0326973,0.0551423,0.0545397,0.170355,0.10577402458,0.0213904661793313,0.0342500863603081,0.0438375515653591,0.0499937721676099,0.0607823531194134,0.0719992596477157,0.0779889614101026,0.0869088608164021,0.0846292213275578,0.075036520166519,0.0697933762064395,0.0797775614327164,0.0895358145168531,0.119906267926988,0.151132442934125,0.242307955116455,0.239977718117911,1,0.978609533820669,0.965749913639692,0.956162448434641,0.95000622783239,0.939217646880587,0.928000740352284,0.922011038589897,0.913091139183598,0.915370778672442,0.924963479833481,0.930206623793561,0.920222438567284,0.910464185483147,0.880093732073012,0.848867557065875,0.757692044883545,0.760022281882089,0,100000,2139.04661793313,98087.2089516099,4882057.6682994,48.820576682994,2023.5,"Total","GMoH report",29.221743317006
0,1,0.0221373,0.00901514,0.00967351,0.0110533,0.0135742,0.0154352,0.0166338,0.0191177,0.0177787,0.0160302,0.0152036,0.01697,0.0202725,0.0269505,0.0337168,0.0530644,0.0553176,0.174265,0.105116124715,0.0217072721484367,0.035421893344862,0.0472254600987015,0.053780373494143,0.0656433597647049,0.074308580495827,0.0798485384527132,0.0912283112834414,0.085110609995196,0.0770626747769753,0.0732344324567513,0.0813967431709715,0.0964731216056249,0.12624648524829,0.155478413563874,0.23424661041565,0.242984677069369,1,0.978292727851563,0.964578106655138,0.952774539901298,0.946219626505857,0.934356640235295,0.925691419504173,0.920151461547287,0.908771688716559,0.914889390004804,0.922937325223025,0.926765567543249,0.918603256829028,0.903526878394375,0.87375351475171,0.844521586436126,0.76575338958435,0.757015322930631,0,100000,2170.72721484368,98057.4512177941,4783497.12399044,47.8349712399044,2023.5,"Total","GMoH report",30.2073487600956
0,1,0.0207047,0.00789232,0.00884756,0.00988546,0.0119636,0.0140808,0.0153453,0.0169625,0.0160918,0.0146588,0.0139182,0.0155692,0.0193625,0.0248731,0.0319018,0.0541112,0.0537668,0.172905,0.107974806385,0.020329237003712,0.0310787136926977,0.0432804833175475,0.0482352313741502,0.0580808595710883,0.0680099149731164,0.0738917714971134,0.0813622328147015,0.077347354598192,0.0707029490270073,0.0672509689112487,0.0749295183569908,0.0923425437419893,0.117084842509446,0.147727099076688,0.238316958489462,0.236979876006795,1,0.979670762996288,0.968921286307302,0.956719516682452,0.95176476862585,0.941919140428912,0.931990085026884,0.926108228502887,0.918637767185298,0.922652645401808,0.929297050972993,0.932749031088751,0.925070481643009,0.907657456258011,0.882915157490554,0.852272900923312,0.761683041510538,0.763020123993205,0,100000,2032.9237003712,98186.5808425719,4991990.60275543,49.9199060275543,2023.5,"Total","GMoH report",28.1224139724457
0,1,0.0206281,0.00824887,0.00894182,0.0102969,0.0120418,0.0142245,0.0154918,0.0180084,0.0169738,0.015443,0.0139367,0.0159567,0.0189027,0.0259712,0.0323705,0.0535697,0.0547385,0.173284,0.108127657855,0.020255447729493,0.032459963954273,0.0437315019530162,0.0501924338204846,0.0584494097443512,0.0686801480839496,0.0745709060924909,0.0861628617989495,0.0814142279442977,0.0743447356195676,0.0673373489231566,0.07672288966616,0.0902486424651834,0.121938760179092,0.149735007360585,0.236213750609884,0.240747154683406,1,0.979744552270507,0.967540036045727,0.956268498046984,0.949807566179515,0.941550590255649,0.93131985191605,0.925429093907509,0.913837138201051,0.918585772055702,0.925655264380432,0.932662651076843,0.92327711033384,0.909751357534817,0.878061239820908,0.850264992639415,0.763786249390116,0.759252845316594,0,100000,2025.5447729493,98193.4726392301,4939183.44075821,49.3918344075821,2023.5,"Total","GMoH report",28.6504855924179
0,1,0.0222134,0.00954843,0.0107335,0.0114857,0.0140367,0.0163991,0.0177106,0.0203522,0.0192854,0.0173324,0.0157186,0.01754,0.0210197,0.0282181,0.0344708,0.0565798,0.0559195,0.176419,0.10496427097,0.021780367382259,0.0374780077332394,0.0522650331662745,0.055825512283902,0.067804134271189,0.0787662605418696,0.0847984226399809,0.0968340358394699,0.0919917554963755,0.0830628055717696,0.0756213457853461,0.0840159026680079,0.0998513846264201,0.131793121308978,0.158679478574855,0.247841888756358,0.245304269723054,1,0.978219632617741,0.962521992266761,0.947734966833725,0.944174487716098,0.932195865728811,0.92123373945813,0.915201577360019,0.90316596416053,0.908008244503624,0.91693719442823,0.924378654214654,0.915984097331992,0.90014861537358,0.868206878691022,0.841320521425145,0.752158111243642,0.754695730276946,0,100000,2178.03673822591,98050.5793001478,4656779.17417398,46.5677917417398,2023.5,"Total","GMoH report",31.4745282582602
0,1,0.0212946,0.00877861,0.00940754,0.0112136,0.0135856,0.0155255,0.0170506,0.0189806,0.0179479,0.0159364,0.0152071,0.0166604,0.0200443,0.0264628,0.0333672,0.055074,0.0553175,0.176216,0.10679769043,0.0208971285507345,0.0345085655232243,0.045956847790346,0.0545390522103355,0.0656966780274748,0.0747270624787167,0.0817675361215162,0.0906037176900315,0.0858858245250186,0.0766290230910303,0.0732506741816313,0.0799711227656864,0.0954389810789005,0.124103673286392,0.153990426594352,0.242044151061146,0.242984291181428,1,0.979102871449265,0.965491434476776,0.954043152209654,0.945460947789664,0.934303321972525,0.925272937521283,0.918232463878484,0.909396282309968,0.914114175474981,0.92337097690897,0.926749325818369,0.920028877234314,0.9045610189211,0.875896326713608,0.846009573405648,0.757955848938854,0.757015708818572,0,100000,2089.71285507345,98133.4636515103,4789193.71267037,47.8919371267037,2023.5,"Total","GMoH report",30.1503828732963
0,1,0.0206273,0.00785831,0.00872296,0.00980489,0.0120449,0.0137554,0.0150253,0.0171187,0.0163846,0.0146915,0.013691,0.0152462,0.0185131,0.024106,0.0305991,0.0519783,0.0536263,0.170279,0.108129254215,0.0202546770272169,0.0309468599617874,0.0426839735159483,0.047851503187285,0.0584640169068953,0.0664904917253044,0.072406670147579,0.0820807122768651,0.0786993563162518,0.0708550814280013,0.0661894989255265,0.0734320988367865,0.0884708268391121,0.113679127387964,0.142123381121791,0.230003520080499,0.236433822289404,1,0.979745322972783,0.969053140038213,0.957316026484052,0.952148496812715,0.941535983093105,0.933509508274696,0.927593329852421,0.917919287723135,0.921300643683748,0.929144918571999,0.933810501074473,0.926567901163214,0.911529173160888,0.886320872612036,0.857876618878209,0.769996479919501,0.763566177710596,0,100000,2025.46770272168,98193.5446094102,5017391.22314123,50.1739122314123,2023.5,"Total","GMoH report",27.8684077685877
0,1,0.0213815,0.0084281,0.00904287,0.010139,0.0127537,0.0142122,0.0160391,0.0177229,0.0169093,0.0155916,0.013905,0.0162211,0.0190645,0.0253334,0.0326661,0.0536453,0.0538552,0.175862,0.106624285825,0.0209807320807746,0.0331535570122894,0.0442147787590088,0.0494417746178735,0.0617981134996488,0.0686227976867895,0.077103810675487,0.0848548164345311,0.0811174037134696,0.075033277862209,0.0671893308851065,0.0779446308704676,0.0909859938028633,0.119122551861669,0.150999119182205,0.236507685630161,0.237323269624321,1,0.979019267919225,0.966846442987711,0.955785221240991,0.950558225382127,0.938201886500351,0.931377202313211,0.922896189324513,0.915145183565469,0.91888259628653,0.924966722137791,0.932810669114894,0.922055369129532,0.909014006197137,0.880877448138331,0.849000880817795,0.763492314369839,0.762676730375679,0,100000,2098.07320807746,98125.6323493424,4915476.02954692,49.1547602954692,2023.5,"Total","GMoH report",28.8875597045309
0,1,0.0221303,0.00888599,0.00993094,0.011076,0.0138452,0.0154656,0.0174518,0.0194678,0.01834,0.0171833,0.0157637,0.0166043,0.0201441,0.0275827,0.0344963,0.0539057,0.0573339,0.174738,0.105130092865,0.0217005480002681,0.034923303744322,0.0484517709251222,0.0538878455565394,0.0669100426922917,0.0744494851077923,0.0836110899509836,0.0928214275326974,0.0876798776115122,0.0823776982443928,0.0758300929109492,0.0797125713776838,0.0958913858364309,0.129016912985488,0.158787543185063,0.237519379025203,0.250731030435312,1,0.978299451999732,0.965076696255678,0.951548229074878,0.946112154443461,0.933089957307708,0.925550514892208,0.916388910049016,0.907178572467303,0.912320122388488,0.917622301755607,0.924169907089051,0.920287428622316,0.904108614163569,0.870983087014512,0.841212456814937,0.762480620974797,0.749268969564688,0,100000,2170.05480002682,98058.0832626221,4741277.57194163,47.4127757194163,2023.5,"Total","GMoH report",30.6295442805837
0,1,0.0213255,0.00900025,0.00969015,0.010629,0.0125897,0.0155526,0.0168912,0.0184345,0.0179824,0.0160298,0.0147624,0.0163427,0.0197258,0.0260218,0.0338936,0.0537076,0.0538821,0.174224,0.106736031025,0.0209268579880075,0.0353644227090262,0.0473047741079447,0.0517693587155315,0.0610276989464352,0.0748526179357318,0.0810340923483153,0.0881117594271027,0.0860438142850034,0.0770608259312194,0.0711848518573525,0.0785059999851084,0.0939937454404757,0.122161823643767,0.156230006619134,0.236749836238141,0.237427737291248,1,0.979073142011992,0.964635577290974,0.952695225892055,0.948230641284468,0.938972301053565,0.925147382064268,0.918965907651685,0.911888240572897,0.913956185714997,0.922939174068781,0.928815148142647,0.921494000014892,0.906006254559524,0.877838176356233,0.843769993380866,0.763250163761859,0.762572262708752,0,100000,2092.68579880075,98130.6791775456,4821988.3348905,48.219883348905,2023.5,"Total","GMoH report",29.822436651095
0,1,0.0224398,0.00876343,0.0097491,0.0110333,0.0130121,0.0154781,0.0172607,0.0187114,0.0183548,0.0166126,0.0152239,0.0163295,0.0203434,0.026549,0.0326368,0.0568709,0.0573067,0.175249,0.10451250109,0.0219977645912394,0.0344499210566294,0.0475857054963635,0.0536856746156577,0.0630107447215227,0.0745074168770869,0.0827334086339787,0.0893761192076452,0.0877475291307761,0.0797508284675019,0.0733286306496327,0.0784450777569209,0.0967941925577992,0.124482767513228,0.15087389699628,0.248958294345295,0.250626986221719,1,0.978002235408761,0.965550078943371,0.952414294503636,0.946314325384342,0.936989255278477,0.925492583122913,0.917266591366021,0.910623880792355,0.912252470869224,0.920249171532498,0.926671369350367,0.921554922243079,0.903205807442201,0.875517232486772,0.84912610300372,0.751041705654705,0.749373013778281,0,100000,2199.77645912394,98030.127680458,4780241.21948817,47.8024121948817,2023.5,"Total","GMoH report",30.2399078051183
0,1,0.0222414,0.00932677,0.00961332,0.01093,0.0136783,0.0157201,0.0171694,0.0198007,0.0186321,0.0166835,0.0151364,0.0174694,0.0198421,0.0272016,0.0341921,0.0551962,0.0565439,0.17607,0.10490839837,0.02180725911528,0.0366239143487392,0.0469385126440712,0.053196408147373,0.0661301305869803,0.0756282893225514,0.0823138034573006,0.0943338112585329,0.0890141964746611,0.0800775648663794,0.072922538230808,0.0836918825667223,0.0945217261441861,0.127347837648548,0.157497568472572,0.242516084273111,0.247704109068153,1,0.97819274088472,0.963376085651261,0.953061487355929,0.946803591852627,0.93386986941302,0.924371710677449,0.917686196542699,0.905666188741467,0.910985803525339,0.919922435133621,0.927077461769192,0.916308117433278,0.905478273855814,0.872652162351452,0.842502431527428,0.757483915726889,0.752295890931847,0,100000,2180.725911528,98048.0505511344,4742736.55982683,47.4273655982683,2023.5,"Total","GMoH report",30.6149544017317
0,1,0.0213343,0.00948725,0.00977126,0.0111853,0.0140057,0.015609,0.0175584,0.019483,0.0189048,0.0164044,0.016085,0.0173796,0.0205545,0.0266068,0.0348023,0.0571372,0.0573131,0.177125,0.106718471065,0.0209353243008941,0.0372423451224736,0.0476912900138482,0.0544051550481012,0.0676594549302099,0.0751138690451843,0.0841003318338225,0.0928905343005557,0.0902582161865894,0.0787907140270372,0.0773159330425274,0.0832795852983711,0.0977495187900736,0.124736877143074,0.160083329825992,0.249978343482001,0.250651468326623,1,0.979064675699106,0.962757654877526,0.952308709986152,0.945594844951899,0.93234054506979,0.924886130954816,0.915899668166178,0.907109465699444,0.909741783813411,0.921209285972963,0.922684066957473,0.916720414701629,0.902250481209926,0.875263122856926,0.839916670174008,0.750021656517999,0.749348531673377,0,100000,2093.53243008941,98129.8861499747,4720088.67767236,47.2008867767236,2023.5,"Total","GMoH report",30.8414332232764
0,1,0.0233918,0.00977098,0.0107299,0.0120703,0.0145776,0.0169287,0.01872,0.0205373,0.0205609,0.0180862,0.0160421,0.018466,0.0213199,0.02792,0.0353098,0.0582695,0.0582385,0.178947,0.104582180278,0.0229119002918968,0.0383347832000951,0.05224796149489,0.0585836931222658,0.070325073038196,0.0812066907363297,0.0894153611004968,0.0976717166348859,0.0977784668046887,0.0865190001487731,0.0771176763120848,0.0882556766858,0.101205283681117,0.130491680687979,0.162228371610288,0.254302326469468,0.254184229391463,1,0.977088099708103,0.961665216799905,0.94775203850511,0.941416306877734,0.929674926961804,0.91879330926367,0.910584638899503,0.902328283365114,0.902221533195311,0.913480999851227,0.922882323687915,0.9117443233142,0.898794716318883,0.869508319312021,0.837771628389712,0.745697673530532,0.745815770608537,0,100000,2291.19002918969,97948.4276194942,4580507.04826684,45.8050704826684,2023.5,"Total","GMoH report",32.2372495173316
0,1,0.0223724,0.00943084,0.0102118,0.0116259,0.0140262,0.0164697,0.0182139,0.0201994,0.0192292,0.0178403,0.0159297,0.0180407,0.0203743,0.0271219,0.033264,0.0565977,0.0551926,0.173658,0.10464699442,0.0219330546917579,0.0370250061814082,0.049787938815997,0.0564876991462393,0.0677551324046642,0.079091948345822,0.0871032741857695,0.0961419745006775,0.0917359764062236,0.0853929120766953,0.0765980404861687,0.0863107348160119,0.0969340894531374,0.126998404905017,0.153550721961668,0.247910578612201,0.242502184789472,1,0.978066945308242,0.962974993818592,0.950212061184003,0.943512300853761,0.932244867595336,0.920908051654178,0.91289672581423,0.903858025499322,0.908264023593776,0.914607087923305,0.923401959513831,0.913689265183988,0.903065910546863,0.873001595094983,0.846449278038332,0.752089421387799,0.757497815210529,0,100000,2193.30546917579,98036.2173560184,4663601.77565131,46.6360177565131,2023.5,"Total","GMoH report",31.4063022434869
0,1,0.0212172,0.00906015,0.00936436,0.0107753,0.0135541,0.014976,0.0170959,0.0191314,0.0184486,0.0165887,0.014938,0.0167262,0.019544,0.0262076,0.0331904,0.0555486,0.0558473,0.175124,0.10695213826,0.0208226528916572,0.0355955971018356,0.0457507341381648,0.0524632323316421,0.0655493440882342,0.0721776681061073,0.0819758717359725,0.0912907026292948,0.0881761822121044,0.079640662360741,0.0720011182393514,0.0802742904093863,0.0931678203001354,0.122980444271759,0.153237006175575,0.24387562600346,0.245026349832499,1,0.979177347108343,0.964404402898164,0.954249265861835,0.947536767668358,0.934450655911766,0.927822331893893,0.918024128264028,0.908709297370705,0.911823817787896,0.920359337639259,0.927998881760649,0.919725709590614,0.906832179699865,0.877019555728241,0.846762993824425,0.75612437399654,0.754973650167501,0,100000,2082.26528916572,98140.4374359351,4794023.59328604,47.9402359328604,2023.5,"Total","GMoH report",30.1020840671396
0,1,0.0219281,0.00862787,0.00929108,0.010698,0.0128344,0.0150493,0.0162446,0.0183261,0.017391,0.0158011,0.014765,0.0163149,0.0190565,0.0249256,0.032912,0.05484,0.0538501,0.175292,0.105533572855,0.021506276974625,0.0339260607170425,0.0454008428427026,0.0520966744420474,0.0621769891268751,0.0725181321833334,0.078053144713469,0.0876163356768798,0.0833319357628698,0.0760031659367904,0.0711969428471544,0.0783776895806516,0.0909495497623829,0.11731747863626,0.15204937724064,0.241139741447542,0.237303462090236,1,0.978493723025375,0.966073939282957,0.954599157157297,0.947903325557953,0.937823010873125,0.927481867816667,0.921946855286531,0.91238366432312,0.91666806423713,0.92399683406321,0.928803057152846,0.921622310419348,0.909050450237617,0.88268252136374,0.84795062275936,0.758860258552458,0.762696537909764,0,100000,2150.62769746251,98076.3357273316,4858370.3564674,48.583703564674,2023.5,"Total","GMoH report",29.458616435326
0,1,0.0215672,0.00884283,0.0097135,0.0109973,0.0134812,0.0152321,0.0180686,0.0189172,0.0184278,0.0162302,0.0157421,0.0167816,0.020143,0.0267202,0.0336124,0.0552667,0.0547819,0.174458,0.10625373076,0.021159340912291,0.0347566261275608,0.0474160602469775,0.0535151934088131,0.0652082851650813,0.0733666785395445,0.0864384457478988,0.0903147447753398,0.0880811456600159,0.0779866525783088,0.0757301221117611,0.0805294667518912,0.0958864005826588,0.125235224392939,0.155034311749387,0.242788238190933,0.240915040814069,1,0.978840659087709,0.965243373872439,0.952583939753023,0.946484806591187,0.934791714834919,0.926633321460456,0.913561554252101,0.90968525522466,0.911918854339984,0.922013347421691,0.924269877888239,0.919470533248109,0.904113599417341,0.874764775607061,0.844965688250613,0.757211761809067,0.759084959185931,0,100000,2115.93409122909,98108.8918000063,4767687.34427424,47.6768734427424,2023.5,"Total","GMoH report",30.3654465572576
0,1,0.0213201,0.00910576,0.00932645,0.010708,0.0132148,0.0152306,0.0169634,0.018756,0.0179362,0.0160733,0.0148283,0.0167082,0.0205182,0.0259137,0.0329449,0.0542975,0.0562696,0.177377,0.106746806455,0.0209216626796644,0.03577158506319,0.0455697402403387,0.052144102379306,0.0639609229872696,0.0733597186719861,0.0813663741230046,0.0895796119936192,0.0858322394662152,0.0772618670796708,0.071491265181281,0.0801913665245848,0.0975853125976474,0.121685214633857,0.152189805215398,0.239039395990513,0.246650664431731,1,0.979078337320336,0.96422841493681,0.954430259759661,0.947855897620694,0.93603907701273,0.926640281328014,0.918633625876995,0.910420388006381,0.914167760533785,0.922738132920329,0.928508734818719,0.919808633475415,0.902414687402353,0.878314785366143,0.847810194784602,0.760960604009487,0.753349335568269,0,100000,2092.16626796643,98131.1657997119,4808996.05728309,48.0899605728309,2023.5,"Total","GMoH report",29.9523594271691
0,1,0.0217722,0.00890569,0.00967578,0.0112886,0.013775,0.0160296,0.0177003,0.0193657,0.018399,0.0173666,0.0158009,0.0172715,0.0204254,0.0264488,0.0337066,0.0548845,0.0565277,0.178365,0.10584466351,0.0213564386439794,0.0349993728700499,0.047236280358092,0.0548938142219356,0.0665820796326506,0.0770599015070082,0.0847511960130266,0.0923571002587956,0.0879495409883867,0.0832198839102123,0.0760022404953909,0.0827830321505303,0.0971653948595875,0.124042088991691,0.155435033730176,0.241311805524259,0.247641928408725,1,0.978643561356021,0.96500062712995,0.952763719641908,0.945106185778064,0.933417920367349,0.922940098492992,0.915248803986973,0.907642899741204,0.912050459011613,0.916780116089788,0.923997759504609,0.91721696784947,0.902834605140413,0.875957911008309,0.844564966269824,0.758688194475741,0.752358071591275,0,100000,2135.64386439793,98090.4026418065,4731115.13673307,47.3111513673307,2023.5,"Total","GMoH report",30.7311686326693
0,1,0.0226427,0.0091251,0.0103304,0.0115894,0.0142804,0.0162265,0.0180658,0.0199537,0.0188956,0.0174551,0.0160489,0.018337,0.0209854,0.0275578,0.0347651,0.0570638,0.058107,0.177394,0.104107624285,0.0221925154522494,0.0358461996864818,0.0503516190854979,0.0563153472854257,0.0689407464123333,0.0779695670506323,0.0864256296496867,0.0950280947637799,0.0902162734581122,0.0836262390853531,0.0771491043480706,0.0876661638822289,0.099696569049663,0.128907951158884,0.159925900216002,0.249697307028034,0.253683091504823,1,0.977807484547751,0.964153800313518,0.949648380914502,0.943684652714574,0.931059253587667,0.922030432949368,0.913574370350313,0.90497190523622,0.909783726541888,0.916373760914647,0.922850895651929,0.912333836117771,0.900303430950337,0.871092048841116,0.840074099783998,0.750302692971966,0.746316908495177,0,100000,2219.25154522495,98011.7894608392,4662394.06082927,46.6239406082926,2023.5,"Total","GMoH report",31.4183793917074
0,1,0.0214046,0.00818936,0.00895236,0.00986519,0.0121455,0.0139178,0.0159751,0.0173428,0.0165834,0.0146619,0.0140557,0.0154205,0.0192665,0.0247055,0.0320811,0.0532136,0.0545105,0.173758,0.10657819093,0.0210029534545521,0.0322295610439384,0.043781921199819,0.0481387062902317,0.0589379236216336,0.0672491011500351,0.0768079627843109,0.0831105748080475,0.0796162305075046,0.0707173723942325,0.0678927979979505,0.0742404383028762,0.0919057449140344,0.116341794490535,0.148495733787014,0.234827904546554,0.239864645591246,1,0.978997046545448,0.967770438956062,0.956218078800181,0.951861293709768,0.941062076378366,0.932750898849965,0.923192037215689,0.916889425191952,0.920383769492495,0.929282627605768,0.932107202002049,0.925759561697124,0.908094255085966,0.883658205509465,0.851504266212986,0.765172095453446,0.760135354408754,0,100000,2100.2953454552,98123.5503328821,4963929.47021621,49.6392947021621,2023.5,"Total","GMoH report",28.4030252978379
0,1,0.0221235,0.00946127,0.0103579,0.0118592,0.0140992,0.0161431,0.0180542,0.0201186,0.0189695,0.0178011,0.016449,0.0180105,0.0213757,0.0269387,0.0354214,0.0553869,0.0556293,0.179083,0.105143661925,0.0216940158836311,0.0371422542090393,0.0504822741319224,0.0575886128074837,0.0680957606293371,0.0775843694152324,0.0863725325567833,0.095775811877884,0.0905531309558333,0.0852132749291469,0.0789964677547551,0.0861724765286996,0.101456728520415,0.126194697271529,0.162699398789311,0.243252056657756,0.244186666660814,1,0.978305984116369,0.962857745790961,0.949517725868078,0.942411387192516,0.931904239370663,0.922415630584768,0.913627467443217,0.904224188122116,0.909446869044167,0.914786725070853,0.921003532245245,0.9138275234713,0.898543271479585,0.873805302728471,0.837300601210689,0.756747943342244,0.755813333339186,0,100000,2169.40158836311,98058.6972388233,4653932.06819513,46.5393206819513,2023.5,"Total","GMoH report",31.5029993180488
0,1,0.0226165,0.00963656,0.0104389,0.012007,0.0145673,0.0167273,0.0186516,0.0209745,0.0196869,0.0179299,0.0160504,0.0178006,0.021689,0.0273825,0.0346268,0.0577885,0.0576845,0.177884,0.104159905075,0.0221673720290805,0.0378173810764283,0.0508670108997953,0.058285417480771,0.0702771299135267,0.0802793577478605,0.0891032065803642,0.0996473658143189,0.0938170812574803,0.08580338473031,0.0771560368647645,0.085210983421278,0.102867278966252,0.128140483056747,0.159340381219014,0.252468115734668,0.252071022724169,1,0.97783262797092,0.962182618923572,0.949132989100205,0.941714582519229,0.929722870086473,0.919720642252139,0.910896793419636,0.900352634185681,0.90618291874252,0.91419661526969,0.922843963135236,0.914789016578722,0.897132721033748,0.871859516943253,0.840659618780986,0.747531884265332,0.747928977275831,0,100000,2216.73720290804,98014.1579337231,4606330.14223043,46.0633014223043,2023.5,"Total","GMoH report",31.9790185776957
0,1,0.022092,0.00885938,0.00930933,0.0108112,0.0131224,0.0149366,0.0169362,0.018714,0.0180235,0.016313,0.0145852,0.0161896,0.0189239,0.0257577,0.0334665,0.0541162,0.0528759,0.174784,0.1052065186,0.0216637556956213,0.0348205431528058,0.0454879931517808,0.0526334238209669,0.0635279035946732,0.0719946131529492,0.0812412066882175,0.0893879832057204,0.0862319941343011,0.0783689195389046,0.0703604470202988,0.0777991569227102,0.0903452870557158,0.120996989602302,0.154413316830712,0.238336355320511,0.233511652971598,1,0.978336244304379,0.965179456847194,0.954512006848219,0.947366576179033,0.936472096405327,0.928005386847051,0.918758793311782,0.91061201679428,0.913768005865699,0.921631080461095,0.929639552979701,0.92220084307729,0.909654712944284,0.879003010397698,0.845586683169288,0.76166364467949,0.766488347028402,0,100000,2166.37556956212,98061.5412620916,4826100.20287754,48.2610020287754,2023.5,"Total","GMoH report",29.7813179712246
0,1,0.0208958,0.0084015,0.00910555,0.010358,0.0126934,0.0145436,0.0159325,0.0177493,0.016873,0.0153591,0.0143669,0.015915,0.0186735,0.0254564,0.0316306,0.0536975,0.0550485,0.171848,0.10759347589,0.0205132776650472,0.033050649929239,0.0445144291002652,0.0504827492092271,0.0615149164004077,0.0701668051321984,0.076610988561846,0.084975845560962,0.0809503134048019,0.0739557650235664,0.0693438592706126,0.0765300602286525,0.0892031618910679,0.119666315984435,0.146563288145002,0.236710583593694,0.241945638761583,1,0.979486722334953,0.966949350070761,0.955485570899735,0.949517250790773,0.938485083599592,0.929833194867802,0.923389011438154,0.915024154439038,0.919049686595198,0.926044234976434,0.930656140729387,0.923469939771348,0.910796838108932,0.880333684015565,0.853436711854998,0.763289416406306,0.758054361238417,0,100000,2051.32776650472,98169.3817180832,4915830.61847649,49.1583061847649,2023.5,"Total","GMoH report",28.8840138152351
0,1,0.0215086,0.00875267,0.00944124,0.0105063,0.0130786,0.015078,0.016492,0.0179222,0.0175453,0.0161525,0.0150389,0.0167904,0.0194113,0.0271017,0.0330346,0.0540397,0.0544902,0.175037,0.10637066413,0.0211029855101606,0.0344083501320986,0.0461176797920991,0.0511870341575756,0.0633225734763311,0.0726514052780441,0.0791947984595142,0.0857681166494625,0.0840402227015847,0.0776277926961871,0.0724698335505419,0.0805699939346012,0.0925645064880226,0.126909820307435,0.152572565794973,0.238039537071318,0.239786028389611,1,0.978897014489839,0.965591649867901,0.953882320207901,0.948812965842424,0.936677426523669,0.927348594721956,0.920805201540486,0.914231883350538,0.915959777298415,0.922372207303813,0.927530166449458,0.919430006065399,0.907435493511977,0.873090179692565,0.847427434205027,0.761960462928682,0.760213971610389,0,100000,2110.29855101605,98114.1753073681,4839649.10799206,48.3964910799206,2023.5,"Total","GMoH report",29.6458289200794
0,1,0.0216184,0.0088218,0.00932186,0.0106058,0.0131593,0.014946,0.0166968,0.0188128,0.0178241,0.0159191,0.0149266,0.0161596,0.0191813,0.0264671,0.0329404,0.0540695,0.0541101,0.176229,0.10615156372,0.0212085745605143,0.0346754010932708,0.0455478239056179,0.051659280019912,0.0637008533996451,0.0720382893195741,0.080138844358776,0.089838705980333,0.0853186783624975,0.0765490211918616,0.0719481469734647,0.0776605898314012,0.0915179183804239,0.124122587650958,0.152170599001618,0.238155172280895,0.23831269112931,1,0.978791425439486,0.965324598906729,0.954452176094382,0.948340719980088,0.936299146600355,0.927961710680426,0.919861155641224,0.910161294019667,0.914681321637502,0.923450978808138,0.928051853026535,0.922339410168599,0.908482081619576,0.875877412349042,0.847829400998382,0.761844827719105,0.76168730887069,0,100000,2120.85745605142,98104.2748793357,4832795.93231572,48.3279593231572,2023.5,"Total","GMoH report",29.7143606768429
0,1,0.0212551,0.00842058,0.00898544,0.0104981,0.0125811,0.0144211,0.0156117,0.0175764,0.0168469,0.0157645,0.0145149,0.0164988,0.0193039,0.026308,0.0327206,0.054375,0.0551504,0.172337,0.106876510705,0.0208591223306216,0.0331244655753314,0.0439401461333196,0.0511481051922043,0.0609872822579609,0.0695963598378557,0.075126373968779,0.0841829183833186,0.0808301561076741,0.0758337953336564,0.0700331881917876,0.0792261586347908,0.0920759382395442,0.123422502040778,0.15123199588834,0.239339752407153,0.24233923555818,1,0.979140877669378,0.966875534424669,0.95605985386668,0.948851894807796,0.939012717742039,0.930403640162144,0.924873626031221,0.915817081616681,0.919169843892326,0.924166204666344,0.929966811808213,0.920773841365209,0.907924061760456,0.876577497959222,0.84876800411166,0.760660247592847,0.75766076444182,0,100000,2085.91223306216,98137.0227880444,4907351.76424385,49.0735176424385,2023.5,"Total","GMoH report",28.9688023575615
0,1,0.0217127,0.0091904,0.00949486,0.0108025,0.0131603,0.015341,0.0171659,0.0189158,0.0174076,0.0159999,0.0149785,0.0169524,0.0203795,0.0265,0.034542,0.055355,0.0558731,0.176788,0.105963392785,0.0212992402423137,0.036098088259323,0.0463735246884418,0.0525921823747421,0.0637055399562833,0.0738718306162888,0.0822977141707891,0.0903083626829067,0.083408160273076,0.0769226146448593,0.0721892820953375,0.0813157569065438,0.0969576299510323,0.124267291910903,0.158981180185114,0.243128987273666,0.245125672034608,1,0.978700759757686,0.963901911740677,0.953626475311558,0.947407817625258,0.936294460043717,0.926128169383711,0.917702285829211,0.909691637317093,0.916591839726924,0.923077385355141,0.927810717904663,0.918684243093456,0.903042370048968,0.875732708089097,0.841018819814886,0.756871012726334,0.754874327965392,0,100000,2129.92402423138,98095.7699517505,4793622.77899614,47.9362277899614,2023.5,"Total","GMoH report",30.1060922100386
0,1,0.0215138,0.00850788,0.00894628,0.0102186,0.0125778,0.0140375,0.0162897,0.0178011,0.0166366,0.0156561,0.0147159,0.0160039,0.0191481,0.0245007,0.0316298,0.0544714,0.0547556,0.173124,0.10636028779,0.0211079865877152,0.0334621363193034,0.0437528371697133,0.0498202665603169,0.0609717730813437,0.0678078676448389,0.0782613646218006,0.0852132749291469,0.0798614428017126,0.0753319871884474,0.0709685835532228,0.0769411056002119,0.0913667507976298,0.115433025198781,0.14655985291099,0.239713214076837,0.240813307191819,1,0.978892013412285,0.966537863680696,0.956247162830287,0.950179733439683,0.939028226918656,0.932192132355161,0.921738635378199,0.914786725070853,0.920138557198287,0.924668012811553,0.929031416446777,0.923058894399788,0.90863324920237,0.884566974801219,0.85344014708901,0.760286785923163,0.759186692808181,0,100000,2110.79865877153,98113.7064940422,4917488.79830411,49.1748879830411,2023.5,"Total","GMoH report",28.8674320169589
0,1,0.0216832,0.00895965,0.0100302,0.0110196,0.0131458,0.0155855,0.0169315,0.0190094,0.0179106,0.0163247,0.0150355,0.0167079,0.0200415,0.0259441,0.0324989,0.0550663,0.055047,0.171973,0.10602225856,0.0212708789404256,0.0352077026145393,0.0489242011929853,0.0536208005652285,0.0636375826645218,0.075005023033768,0.0812195768369624,0.0907349572587154,0.0857149830609704,0.0784229232615792,0.0724540430878804,0.0801899843991439,0.0954262852599089,0.121819271589864,0.150284312861836,0.242014405373459,0.241939843576598,1,0.978729121059574,0.964792297385461,0.951075798807015,0.946379199434771,0.936362417335478,0.924994976966232,0.918780423163038,0.909265042741285,0.91428501693903,0.921577076738421,0.92754595691212,0.919810015600856,0.904573714740091,0.878180728410136,0.849715687138164,0.757985594626541,0.758060156423402,0,100000,2127.08789404256,98098.4307686395,4786405.25708923,47.8640525708923,2023.5,"Total","GMoH report",30.1782674291077
0,1,0.0213503,0.00881477,0.00981452,0.0109748,0.013091,0.0151766,0.0171916,0.0193085,0.0178308,0.0160214,0.0152872,0.0170207,0.0197449,0.0265573,0.0333992,0.0563781,0.0582459,0.17283,0.106686543865,0.0209507172302008,0.0346482473376313,0.0478973756225133,0.0534086274876221,0.0633807078827667,0.0731091299461482,0.082415849216523,0.0920968690117181,0.0853493806583909,0.077021999349072,0.0736223028304267,0.0816300006210723,0.0940804760224603,0.124519261538837,0.154126726583713,0.247067508278771,0.254212421758711,1,0.979049282769799,0.965351752662369,0.952102624377487,0.946591372512378,0.936619292117233,0.926890870053852,0.917584150783477,0.907903130988282,0.914650619341609,0.922978000650928,0.926377697169573,0.918369999378928,0.90591952397754,0.875480738461163,0.845873273416287,0.752932491721229,0.745787578241289,0,100000,2095.07172302008,98128.4442382582,4789036.96161812,47.8903696161812,2023.5,"Total","GMoH report",30.1519503838188
0,1,0.0214191,0.00891718,0.00938698,0.0108307,0.0132967,0.0149214,0.0168439,0.018567,0.0181011,0.0157377,0.0153303,0.0163691,0.0195047,0.0261412,0.0332043,0.0543139,0.0546727,0.175944,0.106549256905,0.0210169014317677,0.035043737371963,0.0458587129468553,0.0527258552002078,0.0643445737650458,0.0719239836749804,0.0808163439599332,0.0887169795994429,0.0865871914711537,0.0757097564161249,0.073822208492855,0.0786278328531104,0.092989184626537,0.122687972906633,0.153296262294719,0.239102963831835,0.24049255651373,1,0.978983098568232,0.964956262628037,0.954141287053145,0.947274144799792,0.935655426234954,0.92807601632502,0.919183656040067,0.911283020400557,0.913412808528846,0.924290243583875,0.926177791507145,0.92137216714689,0.907010815373463,0.877312027093367,0.846703737705281,0.760897036168165,0.75950744348627,0,100000,2101.69014317678,98122.2433798233,4819309.85687938,48.1930985687938,2023.5,"Total","GMoH report",29.8492214312062
0,1,0.0209567,0.00890859,0.0091652,0.0105691,0.0126504,0.0145758,0.0161507,0.0179517,0.0168452,0.016549,0.0150742,0.0166735,0.0194729,0.0253955,0.0318695,0.0541687,0.0567208,0.174921,0.107471952985,0.0205719138203614,0.0350105703658883,0.0447995088536366,0.0514851215057344,0.0613129176658983,0.0703166947998412,0.0776194777516895,0.0859032275739039,0.0808223292483637,0.0794576388372076,0.0726337604216306,0.0800314874836053,0.0928446152302092,0.119397125733582,0.147588565527318,0.238539996261301,0.248382819438046,1,0.979428086179639,0.964989429634112,0.955200491146363,0.948514878494266,0.938687082334102,0.929683305200159,0.922380522248311,0.914096772426096,0.919177670751636,0.920542361162792,0.927366239578369,0.919968512516395,0.907155384769791,0.880602874266418,0.852411434472682,0.761460003738699,0.751617180561954,0,100000,2057.19138203614,98163.8989934552,4871328.78556505,48.7132878556505,2023.5,"Total","GMoH report",29.3290321443495
0,1,0.0216278,0.00817763,0.00894432,0.0102626,0.0123976,0.0142663,0.0157225,0.0178838,0.0167105,0.0155312,0.0147969,0.0161718,0.0190717,0.0246503,0.030849,0.0551025,0.0537616,0.174019,0.10613280649,0.0212176130234998,0.0321841400220628,0.0437434612125191,0.050029420181123,0.0601245012095124,0.0688750207294197,0.0756393988778572,0.085592214869301,0.0802019627535183,0.0747534721821129,0.0713452776527501,0.0777169428586944,0.0910187922496317,0.116096939057855,0.14320098224668,0.242154239978906,0.236959672215542,1,0.9787823869765,0.967815859977937,0.956256538787481,0.949970579818877,0.939875498790488,0.93112497927058,0.924360601122143,0.914407785130699,0.919798037246482,0.925246527817887,0.92865472234725,0.922283057141306,0.908981207750368,0.883903060942145,0.85679901775332,0.757845760021094,0.763040327784458,0,100000,2121.76130234999,98103.4271793703,4927998.10285775,49.2799810285775,2023.5,"Total","GMoH report",28.7623389714225
0,1,0.0226598,0.00974906,0.0102558,0.0120494,0.0144795,0.0166312,0.0183683,0.0207567,0.0196414,0.0177379,0.0158535,0.0176777,0.0203463,0.0276083,0.0346688,0.0571343,0.0589913,0.176679,0.10407350209,0.0222089251668755,0.0382504285540026,0.0499970993706853,0.0584852204614301,0.069868352958349,0.0798365556876201,0.0878092341126228,0.0986636695268311,0.0936104016429266,0.0849235848602676,0.0762456009147452,0.0846475643779881,0.0968073229144636,0.12912892476596,0.159518235493323,0.249967241574303,0.257047573668608,1,0.977791074833124,0.961749571445997,0.950002900629315,0.94151477953857,0.930131647041651,0.92016344431238,0.912190765887377,0.901336330473169,0.906389598357073,0.915076415139732,0.923754399085255,0.915352435622012,0.903192677085536,0.87087107523404,0.840481764506677,0.750032758425697,0.742952426331392,0,100000,2220.89251668756,98010.2435452896,4623031.27851756,46.2303127851756,2023.5,"Total","GMoH report",31.8120072148244
0,1,0.0211395,0.00821825,0.00874184,0.00994859,0.0123996,0.0138455,0.0157457,0.0172891,0.0162197,0.0154408,0.0137805,0.0156456,0.0192526,0.0252521,0.0318943,0.0531589,0.0549191,0.172189,0.107107184725,0.0207478774300396,0.0323414202461246,0.042774382969945,0.0485357932320245,0.0601339089562647,0.0669114440050695,0.07574678463301,0.0828638945996912,0.0779381658292484,0.0743345381580239,0.0666077787619281,0.0752833664063808,0.0918424835051709,0.118762964368665,0.147694933690952,0.234614833781263,0.241445566915084,1,0.97925212256996,0.967658579753875,0.957225617030055,0.951464206767975,0.939866091043735,0.93308855599493,0.92425321536699,0.917136105400309,0.922061834170752,0.925665461841976,0.933392221238072,0.924716633593619,0.908157516494829,0.881237035631335,0.852305066309048,0.765385166218737,0.758554433084916,0,100000,2074.78774300395,98147.4369310511,4965220.47298167,49.6522047298167,2023.5,"Total","GMoH report",28.3901152701833
0,1,0.0207965,0.00831281,0.00891267,0.0100219,0.0121293,0.0144797,0.0156872,0.0177751,0.0168879,0.0153811,0.0146337,0.0152659,0.0190588,0.0256017,0.031051,0.0542889,0.0535499,0.175584,0.107791624075,0.0204176542738817,0.0327074582283299,0.0435920461941177,0.048884705914489,0.0588616242523888,0.0698692843099433,0.0754759829025286,0.0850941092468172,0.0810189022036859,0.0740577748963542,0.0705861583368646,0.0735234942238214,0.0909600275665372,0.120308260046894,0.144071119194712,0.239006059800272,0.23613675143573,1,0.979582345726118,0.96729254177167,0.956407953805882,0.951115294085511,0.941138375747611,0.930130715690057,0.924524017097471,0.914905890753183,0.918981097796314,0.925942225103646,0.929413841663135,0.926476505776179,0.909039972433463,0.879691739953106,0.855928880805288,0.760993940199728,0.76386324856427,0,100000,2041.76542738816,98178.3197840102,4940134.74536891,49.4013474536891,2023.5,"Total","GMoH report",28.6409725463109
0,1,0.0218748,0.00920233,0.00938478,0.010691,0.0133339,0.0153051,0.0168198,0.0188054,0.0179515,0.0158491,0.0146314,0.0169184,0.0195282,0.0252365,0.0321674,0.0545647,0.0552048,0.178241,0.10563993034,0.0214550544381064,0.0361441001261718,0.0458482115529552,0.0520634735117156,0.0645187825145724,0.0737053313335184,0.0807053791590514,0.0898049547594181,0.085902311631852,0.0762252461289444,0.0705754556939007,0.0811592868052837,0.0930960064186388,0.118693950307652,0.14886546278132,0.240074515245025,0.242549287705226,1,0.978544945561894,0.963855899873828,0.954151788447045,0.947936526488284,0.935481217485428,0.926294668666482,0.919294620840949,0.910195045240582,0.914097688368148,0.923774753871056,0.929424544306099,0.918840713194716,0.906903993581361,0.881306049692348,0.85113453721868,0.759925484754975,0.757450712294774,0,100000,2145.50544381063,98081.1456018176,4811169.90609643,48.1116990609643,2023.5,"Total","GMoH report",29.9306209390357
0,1,0.021512,0.00877953,0.00941602,0.0110488,0.0128635,0.0153837,0.0166704,0.0181092,0.017792,0.0165198,0.0154011,0.0165248,0.0194342,0.0270611,0.0324467,0.0554457,0.055122,0.174958,0.1063638796,0.0211062554511462,0.0345121196208503,0.0459973207692264,0.0537590670499464,0.0623135733723131,0.0740698298946251,0.0800172030458607,0.0866242598823465,0.085171568627451,0.0793229997709593,0.0741505017680502,0.0793460557450601,0.0926686474302763,0.126731748688888,0.150061036423679,0.243478860377867,0.24222955603113,1,0.978893744548854,0.96548788037915,0.954002679230774,0.946240932950054,0.937686426627687,0.925930170105375,0.919982796954139,0.913375740117653,0.914828431372549,0.920677000229041,0.92584949823195,0.92065394425494,0.907331352569724,0.873268251311112,0.84993896357632,0.756521139622133,0.75777044396887,0,100000,2110.62554511461,98113.8687762466,4817709.23568862,48.1770923568862,2023.5,"Total","GMoH report",29.8652276431138
0,1,0.022305,0.00909278,0.0100053,0.0110922,0.0133759,0.0157586,0.0174588,0.0192962,0.0188541,0.0169016,0.0160927,0.0172471,0.0205551,0.0267815,0.0338193,0.0570785,0.0562974,0.174614,0.10478148775,0.021868336363456,0.0357215044377569,0.0488057105603269,0.0539645364227295,0.0647154321284816,0.0758064896312427,0.083643224193621,0.092040900919207,0.0900270523793369,0.0810819627461252,0.0773515132565412,0.0826709161070263,0.0977522327038716,0.125504502889652,0.15591422511631,0.249753598123736,0.246757487550882,1,0.978131663636544,0.964278495562243,0.951194289439673,0.946035463577271,0.935284567871518,0.924193510368757,0.916356775806379,0.907959099080793,0.909972947620663,0.918918037253875,0.922648486743459,0.917329083892974,0.902247767296128,0.874495497110348,0.84408577488369,0.750246401876264,0.753242512449118,0,100000,2186.8336363456,98042.3060455324,4731362.07780569,47.3136207780569,2023.5,"Total","GMoH report",30.7286992219431
0,1,0.0211574,0.00804536,0.00891613,0.00996792,0.0121676,0.0140663,0.0151831,0.0176505,0.0167018,0.0149764,0.0139809,0.0152082,0.0190228,0.025286,0.0331552,0.0523593,0.0547055,0.172003,0.10707146617,0.0207651046837628,0.031671817650298,0.0436086001303006,0.0486278048292169,0.0590420013606116,0.0679422594883959,0.0731392968548094,0.0845228247063035,0.0801618807502151,0.0721795263537878,0.0675436958564997,0.0732557786671843,0.090796013963918,0.118912919776339,0.153086930504355,0.231494301100917,0.240619477881838,1,0.979234895316237,0.968328182349702,0.956391399869699,0.951372195170783,0.940957998639388,0.932057740511604,0.926860703145191,0.915477175293697,0.919838119249785,0.927820473646212,0.9324563041435,0.926744221332816,0.909203986036082,0.881087080223661,0.846913069495645,0.768505698899083,0.759380522118162,0,100000,2076.51046837628,98145.8245519901,4967825.80649219,49.6782580649219,2023.5,"Total","GMoH report",28.3640619350781
0,1,0.0213356,0.00922222,0.00959161,0.0109643,0.0133051,0.0156881,0.017111,0.0193102,0.0179522,0.0169424,0.0150319,0.0166483,0.0200341,0.0270539,0.0331352,0.0561708,0.0565586,0.177691,0.10671587698,0.0209365749940681,0.0362208074895082,0.0468349925429381,0.0533588927310718,0.0643839139657362,0.0754801496602862,0.0820453068847381,0.0921046041808666,0.0859055174251984,0.0812697389375607,0.0724373234924834,0.0799153626691865,0.0953927312092042,0.126700165950949,0.153001649369527,0.246270914315427,0.24776052844038,1,0.979063425005932,0.963779192510492,0.953165007457062,0.946641107268928,0.935616086034264,0.924519850339714,0.917954693115262,0.907895395819133,0.914094482574802,0.918730261062439,0.927562676507517,0.920084637330814,0.904607268790796,0.873299834049051,0.846998350630473,0.753729085684573,0.75223947155962,0,100000,2093.65749940681,98129.7689967381,4769181.61556824,47.6918161556824,2023.5,"Total","GMoH report",30.3505038443176
0,1,0.0216496,0.008887,0.00918431,0.0105671,0.0131783,0.0152169,0.0166304,0.0183028,0.0178589,0.0157447,0.015119,0.0162,0.0196254,0.0262112,0.0325941,0.0547874,0.0546948,0.176044,0.10608930568,0.0212385739358716,0.0349272038782677,0.0448908219379184,0.0514756296839177,0.063789894096568,0.0732961495546063,0.0798328686528876,0.0875098134652697,0.0854781362799739,0.0757421561838311,0.0728417634461444,0.0778471888515137,0.0935377124454335,0.122996298548701,0.150691375587416,0.240936314418561,0.240578075667459,1,0.978761426064128,0.965072796121732,0.955109178062082,0.948524370316082,0.936210105903432,0.926703850445394,0.920167131347112,0.91249018653473,0.914521863720026,0.924257843816169,0.927158236553856,0.922152811148486,0.906462287554566,0.877003701451299,0.849308624412584,0.759063685581439,0.759421924332541,0,100000,2123.85739358715,98101.4611626618,4835124.33544788,48.3512433544788,2023.5,"Total","GMoH report",29.6910766455212
0,1,0.0214933,0.00870386,0.00951941,0.0111476,0.0129552,0.015469,0.0169135,0.018984,0.0177603,0.0162094,0.0155038,0.0166322,0.0203296,0.0264382,0.0334494,0.0552179,0.0557532,0.177705,0.106401194515,0.0210882705110611,0.0342197521363412,0.0464906413105059,0.0542267545767019,0.0627438521176147,0.074465242894175,0.0811367345984239,0.0906192121894869,0.0850262698490019,0.0778906002603497,0.0746265136443999,0.0798411644611242,0.0967317076884426,0.123995458193004,0.154340506642759,0.242599862615244,0.244663997970832,1,0.978911729488939,0.965780247863659,0.953509358689494,0.945773245423298,0.937256147882385,0.925534757105825,0.918863265401576,0.909380787810513,0.914973730150998,0.92210939973965,0.9253734863556,0.920158835538876,0.903268292311557,0.876004541806996,0.845659493357241,0.757400137384756,0.755336002029168,0,100000,2108.82705110611,98115.5546661571,4796451.03786226,47.9645103786226,2023.5,"Total","GMoH report",30.0778096213774
0,1,0.0224393,0.00847715,0.00970778,0.010817,0.013267,0.0155781,0.0169066,0.0190916,0.0174998,0.0163484,0.0149508,0.0171304,0.0204957,0.0258848,0.033724,0.0560564,0.0558088,0.174705,0.104513498815,0.0219972845785116,0.0333432878940578,0.0473887998904976,0.0526609171480245,0.0642054652319203,0.0749707455710491,0.0811049765103263,0.0911094376503848,0.0838314174042718,0.0785323061167042,0.0720605912797373,0.0821345075784455,0.0974835176673626,0.121557754585277,0.155509033394509,0.24583099809585,0.244878115560735,1,0.978002715421488,0.966656712105942,0.952611200109502,0.947339082851975,0.93579453476808,0.925029254428951,0.918895023489674,0.908890562349615,0.916168582595728,0.921467693883296,0.927939408720263,0.917865492421554,0.902516482332637,0.878442245414722,0.844490966605491,0.75416900190415,0.755121884439265,0,100000,2199.72845785116,98030.1728597218,4793825.74942605,47.9382574942605,2023.5,"Total","GMoH report",30.1040625057395
0,1,0.0218839,0.00901547,0.00960246,0.0107938,0.0136391,0.0149292,0.0169811,0.0193671,0.0179595,0.0157927,0.014837,0.0166983,0.0198005,0.0264865,0.033968,0.0545593,0.0564952,0.175171,0.105621771745,0.0214638001217766,0.0354231670011915,0.0468867301236423,0.0525509391816527,0.0659468604394507,0.0719602283955914,0.0814478162199678,0.0923634686650431,0.0859389486301902,0.0759642966314704,0.0715317100451503,0.080145755334255,0.0943329033671946,0.124207917483906,0.156546104781919,0.240053607967101,0.247517169950527,1,0.978536199878223,0.964576832998808,0.953113269876358,0.947449060818347,0.934053139560549,0.928039771604409,0.918552183780032,0.907636531334957,0.91406105136981,0.92403570336853,0.92846828995485,0.919854244665745,0.905667096632805,0.875792082516094,0.843453895218081,0.759946392032899,0.752482830049473,0,100000,2146.38001217766,98080.3244475466,4793247.27919719,47.9324727919719,2023.5,"Total","GMoH report",30.1098472080281
0,1,0.0227681,0.0100041,0.0103047,0.0117122,0.0146032,0.0164088,0.0180921,0.020611,0.0198744,0.0177437,0.0160666,0.0176451,0.020779,0.0277923,0.0337801,0.0550903,0.0557908,0.177209,0.103857394855,0.0223128407470786,0.0392314493157996,0.0502295001738952,0.0568950835073627,0.0704442223311349,0.0788110145606913,0.0865460026630496,0.098005045041618,0.0946683103328043,0.0849501739942458,0.0772309048599431,0.0844980582796254,0.0987644345368947,0.129933614980915,0.15574757809314,0.242107115884474,0.244808802634893,1,0.977687159252921,0.9607685506842,0.949770499826105,0.943104916492637,0.929555777668865,0.921188985439309,0.91345399733695,0.901994954958382,0.905331689667196,0.915049826005754,0.922769095140057,0.915501941720375,0.901235565463105,0.870066385019085,0.84425242190686,0.757892884115526,0.755191197365107,0,100000,2231.28407470786,98000.4512764728,4629414.23204611,46.2941423204611,2023.5,"Total","GMoH report",31.7481776795389
0,1,0.0223221,0.00926469,0.00977544,0.0112257,0.0134711,0.0155735,0.0171421,0.0196087,0.017617,0.0170424,0.0154141,0.0168877,0.0197561,0.0267241,0.0330455,0.0554173,0.0567126,0.176251,0.104747365555,0.0218847567965343,0.0363845763585141,0.0477112049467874,0.0545962959027123,0.0651610233460089,0.0749494373438152,0.0821882998623251,0.0934618371830708,0.0843691707952502,0.0817298193181317,0.0742107694466798,0.0810179815811308,0.0941313300747744,0.12525235860829,0.152619066587691,0.243369323036257,0.248351370205245,1,0.978115243203466,0.963615423641486,0.952288795053213,0.945403704097288,0.934838976653991,0.925050562656185,0.917811700137675,0.906538162816929,0.91563082920475,0.918270180681868,0.92578923055332,0.918982018418869,0.905868669925226,0.87474764139171,0.847380933412309,0.756630676963743,0.751648629794755,0,100000,2188.47567965343,98040.7613823714,4753373.71534836,47.5337371534836,2023.5,"Total","GMoH report",30.5085828465164
0,1,0.0219432,0.0093492,0.0103011,0.0109309,0.0133308,0.016012,0.0175211,0.0194759,0.0186988,0.0165623,0.015319,0.0179482,0.0206666,0.0268544,0.0325353,0.0560937,0.0571415,0.176184,0.10550344156,0.0215207874681996,0.0367103747291642,0.0502123928012867,0.0532006719377881,0.064504266316471,0.0769785486957107,0.0839291714837885,0.0928582547888925,0.0893186223605131,0.0795189579085769,0.0737698010444983,0.0858871984614361,0.0982564339550609,0.12582463715965,0.150439975650542,0.245974456564517,0.249994804672076,1,0.9784792125318,0.963289625270836,0.949787607198713,0.946799328062212,0.935495733683529,0.923021451304289,0.916070828516211,0.907141745211107,0.910681377639487,0.920481042091423,0.926230198955502,0.914112801538564,0.901743566044939,0.87417536284035,0.849560024349458,0.754025543435483,0.750005195327924,0,100000,2152.07874681996,98074.9729674777,4726853.75191966,47.2685375191966,2023.5,"Total","GMoH report",30.7737824808034
0,1,0.0215595,0.00895101,0.0092551,0.010781,0.0135241,0.0150585,0.0169896,0.0189047,0.0183119,0.0157889,0.0149683,0.0166317,0.0192055,0.0260293,0.0321755,0.0551067,0.0549817,0.174656,0.106269095725,0.0211519362135203,0.0351743481165309,0.0452290026440721,0.0524902563653139,0.0654090051825275,0.0725608558793519,0.0814869243741331,0.0902577602972705,0.0875514179730483,0.0759467123821728,0.0721418961400184,0.0798388600771377,0.091628091711583,0.122194881901315,0.14890015745918,0.242170462443203,0.241687522816852,1,0.97884806378648,0.964825651883469,0.954770997355928,0.947509743634686,0.934590994817473,0.927439144120648,0.918513075625867,0.909742239702729,0.912448582026952,0.924053287617827,0.927858103859982,0.920161139922862,0.908371908288417,0.877805118098685,0.85109984254082,0.757829537556797,0.758312477183148,0,100000,2115.19362135202,98109.5860920723,4812433.38419492,48.1243338419492,2023.5,"Total","GMoH report",29.9179861580508
0,1,0.0219072,0.00849727,0.00930404,0.0108478,0.0131929,0.0150294,0.0166531,0.0181672,0.017705,0.0157438,0.0149945,0.0158432,0.0193592,0.0261162,0.0323643,0.055431,0.0548603,0.174875,0.10557527776,0.0214861922169987,0.0334211037160534,0.045462732300419,0.0528069031889668,0.0638583092787896,0.0724257124916934,0.0799374827644388,0.0868896460554534,0.0847727463161801,0.0757379905605327,0.0722636083128813,0.0761979515355788,0.0923275321013585,0.122577832056139,0.149708475005915,0.243422164938267,0.241218237775422,1,0.978513807783001,0.966578896283947,0.954537267699581,0.947193096811033,0.93614169072121,0.927574287508307,0.920062517235561,0.913110353944547,0.91522725368382,0.924262009439467,0.927736391687119,0.923802048464421,0.907672467898642,0.877422167943861,0.850291524994085,0.756577835061733,0.758781762224578,0,100000,2148.61922169986,98078.2218494316,4842502.07132053,48.4250207132053,2023.5,"Total","GMoH report",29.6172992867947
0,1,0.0213273,0.0090151,0.00957052,0.0108668,0.0133045,0.015175,0.0168493,0.0185248,0.0174339,0.0162225,0.0151787,0.0166523,0.0202719,0.0262693,0.0322445,0.0552554,0.0552714,0.174986,0.106732439215,0.0209285897454739,0.0354217389621644,0.0467344182877225,0.052896948597453,0.0643811040044326,0.0731017041006804,0.0808412056827252,0.0885242642729893,0.0835289132003893,0.0779510958681955,0.0731188762814663,0.0799337961172901,0.0964704040408126,0.12325213192693,0.149195651997885,0.242744622029744,0.242806378788564,1,0.979071410254526,0.964578261037836,0.953265581712277,0.947103051402547,0.935618895995567,0.92689829589932,0.919158794317275,0.911475735727011,0.916471086799611,0.922048904131805,0.926881123718534,0.92006620388271,0.903529595959187,0.87674786807307,0.850804348002115,0.757255377970256,0.757193621211436,0,100000,2092.85897454739,98130.5169687391,4809520.49540328,48.0952049540328,2023.5,"Total","GMoH report",29.9471150459672
0,1,0.0219574,0.0088301,0.00972403,0.0110163,0.013072,0.0153012,0.0168789,0.0188519,0.0180943,0.0161443,0.0152233,0.0164927,0.0202857,0.0257577,0.0333591,0.0538663,0.0555377,0.174336,0.10547510617,0.0215344327124813,0.0347074593267969,0.0474662420947095,0.0536051733228098,0.0632916295464229,0.0736872419342877,0.0809774733141927,0.0900170203358275,0.0865560712021188,0.0775899129220321,0.0733258465986856,0.0791980267601329,0.0965329060684197,0.120996989602302,0.153955922467072,0.237366378600923,0.243833605868406,1,0.978465567287519,0.965292540673203,0.952533757905291,0.94639482667719,0.936708370453577,0.926312758065712,0.919022526685807,0.909982979664173,0.913443928797881,0.922410087077968,0.926674153401314,0.920801973239867,0.90346709393158,0.879003010397698,0.846044077532928,0.762633621399077,0.756166394131594,0,100000,2153.44327124814,98073.6913864178,4798523.62743037,47.9852362743037,2023.5,"Total","GMoH report",30.0570837256963
0,1,0.0215878,0.00914752,0.00942229,0.0108645,0.0131129,0.0155523,0.0165685,0.0187296,0.0180815,0.0159963,0.0147314,0.0166447,0.0199708,0.0260702,0.033656,0.0555046,0.0562985,0.173804,0.10621262449,0.0211791503462227,0.0359326899991578,0.0460272448771658,0.0528860488068451,0.0634833722210079,0.0748512281125625,0.079547541400754,0.0894591641001735,0.086497489125924,0.0769059724810052,0.0710406783764142,0.0798987722632737,0.0951056597268191,0.122375139120267,0.155219805560167,0.24370599111403,0.246761714097241,1,0.978820849653777,0.964067310000842,0.953972755122834,0.947113951193155,0.936516627778992,0.925148771887437,0.920452458599246,0.910540835899826,0.913502510874076,0.923094027518995,0.928959321623586,0.920101227736726,0.904894340273181,0.877624860879733,0.844780194439833,0.75629400888597,0.753238285902759,0,100000,2117.91503462226,98107.0342796518,4805235.88763336,48.0523588763336,2023.5,"Total","GMoH report",29.9899611236664
0,1,0.0216111,0.00905199,0.00947191,0.0108925,0.0131716,0.0152722,0.0163768,0.0185468,0.0175629,0.0156069,0.014691,0.0166486,0.019173,0.0268502,0.033134,0.0536817,0.0550061,0.174937,0.106166130505,0.021201555215806,0.0355641080982711,0.04626402822113,0.0530187336103725,0.0637584964697477,0.0735527203602842,0.0786633645294358,0.0886247368275184,0.0841209791387118,0.0751041428811697,0.0708527554251238,0.0799167451900714,0.0914801287296653,0.125806196178425,0.152996532250989,0.236649174961212,0.241781813474589,1,0.978798444784194,0.964435891901729,0.95373597177887,0.946981266389627,0.936241503530252,0.926447279639716,0.921336635470564,0.911375263172482,0.915879020861288,0.92489585711883,0.929147244574876,0.920083254809929,0.908519871270335,0.874193803821575,0.847003467749011,0.763350825038788,0.758218186525411,0,100000,2120.1555215806,98104.9331862144,4825103.85537776,48.2510385537776,2023.5,"Total","GMoH report",29.7912814462224
0,1,0.0214033,0.00866292,0.00957341,0.0107022,0.0130614,0.0149095,0.0165686,0.0186628,0.0180977,0.0160821,0.0144917,0.0161152,0.019302,0.0263065,0.0339387,0.0559785,0.0540831,0.17294,0.106580785015,0.0210017029272557,0.0340615352894211,0.046748200768209,0.0521165944570056,0.0632419296501682,0.0718686846167658,0.0795480024178491,0.0891543265845449,0.0865716314631724,0.0773025323608009,0.0699251637608184,0.0774554738687748,0.0920672927865834,0.123415899124222,0.156421632825097,0.245531313428155,0.238207940352768,1,0.978998297072744,0.965938464710579,0.953251799231791,0.947883405542994,0.936758070349832,0.928131315383234,0.920451997582151,0.910845673415455,0.913428368536828,0.922697467639199,0.930074836239182,0.922544526131225,0.907932707213417,0.876584100875778,0.843578367174903,0.754468686571845,0.761792059647232,0,100000,2100.17029272557,98123.6675057383,4831610.54978978,48.3161054978978,2023.5,"Total","GMoH report",29.7262145021022
0,1,0.0220001,0.00929574,0.0104332,0.0118033,0.0142351,0.0164559,0.018006,0.0202627,0.020045,0.0174716,0.0160068,0.0175367,0.0216708,0.0274864,0.0345307,0.0559181,0.0561193,0.176554,0.105389900455,0.0215754622876107,0.0365042912002366,0.0508399417980807,0.0573249413008589,0.0687295692711699,0.0790282956730833,0.0861518734180849,0.0964287337420142,0.0954421550072016,0.0837019811647068,0.076954511320488,0.0840007596936988,0.102785395621418,0.128595436018549,0.158933304367217,0.245298881531573,0.246072902418293,1,0.978424537712389,0.963495708799763,0.949160058201919,0.942675058699141,0.93127043072883,0.920971704326917,0.913848126581915,0.903571266257986,0.904557844992798,0.916298018835293,0.923045488679512,0.915999240306301,0.897214604378582,0.871404563981451,0.841066695632783,0.754701118468427,0.753927097581707,0,100000,2157.54622876107,98069.8373535151,4647216.80297474,46.4721680297474,2023.5,"Total","GMoH report",31.5701519702526
0,1,0.0209447,0.00851925,0.00889626,0.0101872,0.0121759,0.0141553,0.0159053,0.0170078,0.0167569,0.0151794,0.0137663,0.0157626,0.0180225,0.0246908,0.0324468,0.0535039,0.0545167,0.170561,0.107495898385,0.0205603604399039,0.033506106209352,0.0435135307914042,0.0496709794942407,0.059081086497294,0.0683574494881509,0.0764851998760295,0.0815706564721331,0.0804157051748873,0.0731221250379956,0.0665414268875933,0.075825002056462,0.0862274159883738,0.116276594642502,0.150061464207852,0.235957838510319,0.239888655356338,1,0.979439639560096,0.966493893790648,0.956486469208596,0.950329020505759,0.940918913502706,0.931642550511849,0.923514800123971,0.918429343527867,0.919584294825113,0.926877874962004,0.933458573112407,0.924174997943538,0.913772584011626,0.883723405357498,0.849938535792148,0.764042161489681,0.760111344643662,0,100000,2056.03604399039,98164.9793976703,4956082.2326141,49.560822326141,2023.5,"Total","GMoH report",28.4814976738591
0,1,0.0216426,0.00875573,0.00957355,0.0107553,0.0132317,0.0151932,0.0167171,0.0192894,0.017591,0.0160248,0.0151094,0.0170536,0.0203986,0.0266612,0.0333859,0.053696,0.0559633,0.17563,0.10610327383,0.0212318434635568,0.0344201725256244,0.0467488684266843,0.0523684052281249,0.0640401014733381,0.073186169715689,0.0802323686740957,0.0920099578000303,0.0842499000217917,0.0770377150592945,0.0727971951490378,0.0817813345814543,0.0970440910126723,0.124975976254696,0.15407007934499,0.236704753843984,0.245472826431426,1,0.978768156536443,0.965579827474376,0.953251131573316,0.947631594771875,0.935959898526662,0.926813830284311,0.919767631325904,0.90799004219997,0.915750099978208,0.922962284940705,0.927202804850962,0.918218665418546,0.902955908987328,0.875024023745304,0.84592992065501,0.763295246156016,0.754527173568574,0,100000,2123.18434635567,98102.0924637373,4804862.03797747,48.0486203797747,2023.5,"Total","GMoH report",29.9936996202253
0,1,0.0216545,0.00915163,0.00965025,0.0113775,0.0141857,0.0157809,0.0174567,0.0199533,0.0187134,0.0172031,0.0159547,0.0171896,0.0206122,0.0272482,0.0328792,0.0561524,0.0564832,0.176812,0.106079527975,0.0212432852125267,0.0359485444444124,0.0471145812800065,0.0553141579206447,0.0684992263132213,0.0759096918593423,0.0836335840339848,0.0950262803030718,0.0893852453730881,0.0824687064885184,0.0767136421345882,0.0824066563500145,0.0980104714033497,0.127552087990072,0.151909354850037,0.246200173450803,0.247471100798452,1,0.978756714787473,0.964051455555588,0.952885418719993,0.944685842079355,0.931500773686779,0.924090308140658,0.916366415966015,0.904973719696928,0.910614754626912,0.917531293511482,0.923286357865412,0.917593343649986,0.90198952859665,0.872447912009928,0.848090645149963,0.753799826549197,0.752528899201548,0,100000,2124.32852125267,98101.0192455456,4715990.20554478,47.1599020554478,2023.5,"Total","GMoH report",30.8824179445522
0,1,0.0220426,0.00905316,0.00934768,0.0109278,0.0133137,0.0153975,0.0167822,0.0188051,0.018332,0.0166486,0.0151069,0.0169136,0.0205064,0.0262611,0.0336396,0.0556129,0.0549673,0.174581,0.10530509383,0.0216162963316172,0.0355686231276906,0.0456711028629746,0.0531859854699536,0.0644241891812442,0.0741338115901035,0.0805322300232591,0.0898035864415214,0.0876433072296645,0.0799167451900714,0.0727855884833521,0.0811371948528424,0.0975319281704155,0.123216028861184,0.155150037035363,0.244123465336473,0.241631871125683,1,0.978383703668383,0.964431376872309,0.954328897137025,0.946814014530046,0.935575810818756,0.925866188409897,0.919467769976741,0.910196413558479,0.912356692770335,0.920083254809929,0.927214411516648,0.918862805147158,0.902468071829585,0.876783971138816,0.844849962964637,0.755876534663527,0.758368128874317,0,100000,2161.62963316172,98066.0009781841,4787667.9148833,47.876679148833,2023.5,"Total","GMoH report",30.165640851167
0,1,0.0219303,0.0092792,0.010187,0.0111575,0.013916,0.0159513,0.0176062,0.0193435,0.0182968,0.0164043,0.015571,0.0171629,0.0198627,0.026295,0.0338127,0.057829,0.0568081,0.179749,0.105529182865,0.021508391112562,0.0364405222125702,0.049670028547955,0.0542736056134207,0.0672406961799012,0.0766979211268242,0.0843196293541619,0.0922561098478932,0.0874823809314343,0.0787902526462863,0.074937856587683,0.0822839231388985,0.0946152158789052,0.123365275220211,0.15588616930763,0.25262270411005,0.248717568712113,1,0.978491608887438,0.96355947778743,0.950329971452045,0.945726394386579,0.932759303820099,0.923302078873176,0.915680370645838,0.907743890152107,0.912517619068566,0.921209747353714,0.925062143412317,0.917716076861101,0.905384784121095,0.876634724779789,0.84411383069237,0.74737729588995,0.751282431287887,0,100000,2150.83911125619,98076.1371826288,4723703.06332414,47.2370306332414,2023.5,"Total","GMoH report",30.8052893667586
0,1,0.0220986,0.00906211,0.00996617,0.0114158,0.0138804,0.0160746,0.0175574,0.0192151,0.0190197,0.0167154,0.0153539,0.0166234,0.02119,0.0267055,0.0332908,0.0560652,0.0560919,0.176116,0.10519334863,0.0216700960778163,0.0356031604866447,0.0486194751142515,0.0554951948855635,0.0670744495269648,0.0772678745590334,0.0840957434834109,0.0916717933108803,0.0907818892524623,0.0802245369381597,0.0739316520201207,0.0798006064949784,0.100619672831739,0.125170638766081,0.153664928957642,0.245864845640492,0.245967534174582,1,0.978329903922184,0.964396839513355,0.951380524885749,0.944504805114437,0.932925550473035,0.922732125440967,0.915904256516589,0.90832820668912,0.909218110747538,0.91977546306184,0.926068347979879,0.920199393505022,0.899380327168261,0.874829361233919,0.846335071042358,0.754135154359508,0.754032465825418,0,100000,2167.00960778163,98060.9453893743,4722120.44807949,47.2212044807949,2023.5,"Total","GMoH report",30.8211155192051
0,1,0.02169,0.00877539,0.00943487,0.0108304,0.0128908,0.0151755,0.0167515,0.0183269,0.0180602,0.0164567,0.0148417,0.0166474,0.0197322,0.0260857,0.0315627,0.0543445,0.0536857,0.174878,0.1060086895,0.0212774166037417,0.0344961260803122,0.0460872812322995,0.0527244332454463,0.0624416916046567,0.0731040246835375,0.080390832426518,0.0876199928811654,0.08639999693824,0.0790319857982835,0.0715535588635376,0.079911215094586,0.0940228078760696,0.122443442715867,0.146271677325218,0.23922155985161,0.236664721854799,1,0.978722583396258,0.965503873919688,0.9539127187677,0.947275566754554,0.937558308395343,0.926895975316463,0.919609167573482,0.912380007118835,0.91360000306176,0.920968014201716,0.928446441136462,0.920088784905414,0.90597719212393,0.877556557284133,0.853728322674782,0.76077844014839,0.763335278145201,0,100000,2127.74166037417,98097.8174446366,4826759.67925061,48.2675967925061,2023.5,"Total","GMoH report",29.7747232074939
0,1,0.0220301,0.00881442,0.00967674,0.0108472,0.0131853,0.01552,0.0171642,0.0191055,0.0179537,0.0164623,0.015419,0.016656,0.0200129,0.0262402,0.0340811,0.0541799,0.0546358,0.177433,0.105330036955,0.0216042866661676,0.0346468954240723,0.0472408562907428,0.0528040595140967,0.0638226964996093,0.0747015787447054,0.0822898992770712,0.0911727476733185,0.0859123869462096,0.0790578162777279,0.0742334847467256,0.0799508467416766,0.0952965968426208,0.123124003789413,0.157026417413704,0.238583433568945,0.240349748084071,1,0.978395713333832,0.965353104575928,0.952759143709257,0.947195940485903,0.936177303500391,0.925298421255295,0.917710100722929,0.908827252326681,0.91408761305379,0.920942183722272,0.925766515253274,0.920049153258323,0.904703403157379,0.876875996210587,0.842973582586296,0.761416566431055,0.759650251915929,0,100000,2160.42866661676,98067.1293646766,4785048.20220932,47.8504820220932,2023.5,"Total","GMoH report",30.1918379779068
0,1,0.0208221,0.00828122,0.0090528,0.0100383,0.0125323,0.0141304,0.0158783,0.0175237,0.0169588,0.0151921,0.0142826,0.0162421,0.0188592,0.0256105,0.0316397,0.0535797,0.053013,0.172483,0.107740540555,0.02044230816848,0.032585189749879,0.0442622566084378,0.0489627432364245,0.0607579091382663,0.0682413075688237,0.0763603198339514,0.0839411032236014,0.0813452072482941,0.0731810648613016,0.0689510010799392,0.0780416012700301,0.0900503080748853,0.12034712489471,0.146602363035652,0.236252636526723,0.23404626357301,1,0.97955769183152,0.967414810250121,0.955737743391562,0.951037256763576,0.939242090861734,0.931758692431176,0.923639680166049,0.916058896776399,0.918654792751706,0.926818935138698,0.931048998920061,0.92195839872997,0.909949691925115,0.87965287510529,0.853397636964348,0.763747363473277,0.76595373642699,0,100000,2044.23081684801,98176.0157163784,4936840.187805,49.36840187805,2023.5,"Total","GMoH report",28.67391812195
0,1,0.0212773,0.0089249,0.00956222,0.0107242,0.0134069,0.0151073,0.0164492,0.0183668,0.0174476,0.0159945,0.0149442,0.0170807,0.0192741,0.0263247,0.0333084,0.0538363,0.0550948,0.17802,0.106832211715,0.0208804831435072,0.035073544249849,0.0466948343038086,0.0522209307364893,0.0648605526419612,0.0727874455592566,0.0789973903179547,0.0878023782001822,0.0835918088881095,0.0768976512910627,0.0720299259514894,0.0819059716740669,0.0919403321120957,0.123496011373491,0.153739922881717,0.237249863001263,0.242124498016677,1,0.979119516856493,0.964926455750151,0.953305165696191,0.947779069263511,0.935139447358039,0.927212554440743,0.921002609682045,0.912197621799818,0.91640819111189,0.923102348708937,0.927970074048511,0.918094028325933,0.908059667887904,0.876503988626509,0.846260077118283,0.762750136998737,0.757875501983323,0,100000,2088.04831435072,98135.0225052391,4822847.145518,48.22847145518,2023.5,"Total","GMoH report",29.81384854482
0,1,0.0220619,0.00937003,0.00986107,0.0114481,0.0143544,0.0161436,0.0174772,0.0201929,0.0194744,0.0171151,0.0160497,0.0171669,0.0209333,0.0272891,0.035634,0.0560103,0.0557809,0.17858,0.105266581645,0.0216348386863106,0.0367906608089997,0.0481190858160791,0.0556478447707013,0.0692856163709134,0.0775866792136176,0.0837276862065761,0.0961125235576327,0.0928514350339377,0.0820641592692281,0.0771528016965281,0.082302311137341,0.0994613635937095,0.127731318210551,0.163596046222287,0.245653661770359,0.244770678192087,1,0.978365161313689,0.963209339191,0.951880914183921,0.944352155229299,0.930714383629087,0.922413320786382,0.916272313793424,0.903887476442367,0.907148564966062,0.917935840730772,0.922847198303472,0.917697688862659,0.900538636406291,0.872268681789449,0.836403953777712,0.754346338229641,0.755229321807912,0,100000,2163.48386863107,98064.2586826638,4681441.02379443,46.8144102379444,2023.5,"Total","GMoH report",31.2279097620557
0,1,0.0225143,0.00992274,0.0103628,0.0114948,0.0141271,0.0166236,0.0181738,0.0196417,0.0190757,0.0178095,0.0163497,0.0178357,0.0208579,0.0282318,0.0340397,0.0566028,0.0579287,0.178545,0.104363840065,0.0220692813024759,0.0389186016689509,0.0505055526475597,0.0558685067223207,0.0682259142181229,0.0798015282859636,0.0869198405065071,0.09361176451244,0.091037013121973,0.0852517714412908,0.0785383056598816,0.085371833952915,0.0991208671620516,0.131852889019452,0.156850629101439,0.24793014847916,0.253003142192223,1,0.977930718697524,0.961081398331049,0.94949444735244,0.944131493277679,0.931774085781877,0.920198471714036,0.913080159493493,0.90638823548756,0.908962986878027,0.914748228558709,0.921461694340118,0.914628166047085,0.900879132837948,0.868147110980548,0.843149370898561,0.75206985152084,0.746996857807777,0,100000,2206.92813024759,98023.3953641725,4645620.49167225,46.4562049167225,2023.5,"Total","GMoH report",31.5861150832775
0,1,0.02248,0.00915281,0.00995579,0.0111075,0.0135636,0.0151797,0.0170579,0.018936,0.0184897,0.0170787,0.0154671,0.0173573,0.0196628,0.0264426,0.034477,0.0553688,0.0550487,0.175749,0.104432284,0.0220363560962746,0.0359530962816448,0.048570066543029,0.0540369611354694,0.0655937804971231,0.0731235173588689,0.0818011120278503,0.0904004430270972,0.0883639430074384,0.0818967739182078,0.0744564371041654,0.0831771721735788,0.0937076147802474,0.124014814655009,0.15870575427468,0.243182229436887,0.241946411450027,1,0.977963643903725,0.964046903718355,0.951429933456971,0.945963038864531,0.934406219502877,0.926876482641131,0.91819888797215,0.909599556972903,0.911636056992562,0.918103226081792,0.925543562895835,0.916822827826421,0.906292385219753,0.875985185344991,0.84129424572532,0.756817770563113,0.758053588549973,0,100000,2203.63560962747,98026.4950901897,4754302.14295899,47.5430214295899,2023.5,"Total","GMoH report",30.4992985704101
0,1,0.021332,0.00857267,0.0094606,0.010704,0.0135095,0.0156701,0.0168633,0.018071,0.0179939,0.0162496,0.0148024,0.016536,0.0201657,0.0255927,0.033539,0.0558311,0.0542969,0.174004,0.1067230606,0.0209331115283928,0.0337126648980174,0.0462100627020036,0.0521251314815536,0.0653406995486198,0.0753968110768612,0.0809056590014041,0.0864494308383026,0.0860964717427695,0.0780762311843663,0.0713708503133058,0.0793976991184435,0.095989272803563,0.120268510244654,0.154721951197009,0.244963978982566,0.239037070250755,1,0.979066888471607,0.966287335101983,0.953789937297996,0.947874868518446,0.93465930045138,0.924603188923139,0.919094340998596,0.913550569161697,0.913903528257231,0.921923768815634,0.928629149686694,0.920602300881556,0.904010727196437,0.879731489755346,0.845278048802991,0.755036021017434,0.760962929749246,0,100000,2093.31115283928,98130.0934201799,4815016.66084179,48.1501666084179,2023.5,"Total","GMoH report",29.8921533915821
0,1,0.0219866,0.00911871,0.0100538,0.0112032,0.0134655,0.015572,0.0172376,0.0193865,0.0184292,0.0173385,0.0158924,0.0170826,0.0207856,0.0271973,0.0334122,0.0547522,0.0567676,0.177534,0.10541683903,0.021562490773119,0.0358215473951056,0.0490364922846709,0.0544898483280286,0.065134817778025,0.0749424889068561,0.0826272608221311,0.092451712203421,0.0880875426475973,0.0830908243548103,0.076425536989856,0.0819147094604282,0.0987942553167219,0.127328988268418,0.154182092705281,0.240800154457746,0.248562288568629,1,0.978437509226881,0.964178452604894,0.950963507715329,0.945510151671971,0.934865182221975,0.925057511093144,0.917372739177869,0.907548287796579,0.911912457352403,0.91690917564519,0.923574463010144,0.918085290539572,0.901205744683278,0.872671011731582,0.845817907294719,0.759199845542254,0.751437711431371,0,100000,2156.24907731191,98071.0558845797,4734577.22462046,47.3457722462046,2023.5,"Total","GMoH report",30.6965477537954
0,1,0.0215151,0.00852555,0.00910467,0.0106675,0.0129125,0.0148898,0.0159526,0.0184776,0.0175142,0.0155365,0.0147633,0.0163921,0.0200221,0.0260515,0.0323248,0.0541906,0.0559902,0.174867,0.106357693705,0.0211092368492871,0.0335304686264043,0.0445102227750175,0.0519520049675224,0.0625435170889716,0.0717771321444875,0.0767039321307284,0.0883086693290154,0.0838975057614807,0.0747780279229382,0.0711890372171308,0.07873396253195,0.0953383167219058,0.122292727522377,0.149539420361728,0.238624929710126,0.245576330368504,1,0.978890763150713,0.966469531373596,0.955489777224983,0.948047995032478,0.937456482911028,0.928222867855512,0.923296067869272,0.911691330670985,0.916102494238519,0.925221972077062,0.928810962782869,0.92126603746805,0.904661683278094,0.877707272477623,0.850460579638272,0.761375070289874,0.754423669631496,0,100000,2110.92368492871,98113.5892897876,4863664.7121068,48.636647121068,2023.5,"Total","GMoH report",29.405672878932
0,1,0.0225704,0.00961514,0.0103908,0.0117941,0.0141364,0.0164477,0.0174632,0.0206987,0.019015,0.0172098,0.0155503,0.0174737,0.0206224,0.0281522,0.034366,0.0567925,0.0575003,0.175469,0.10425189532,0.0221231280258287,0.0377349071693592,0.0506385620730289,0.0572815394878168,0.068269294850682,0.0789904710723579,0.0836634223088406,0.0984015401045927,0.0907604739687123,0.0824995002514323,0.0748419625734839,0.0837116206362221,0.0980565942279822,0.131505572083946,0.158235220988751,0.248657760361652,0.251367266862994,1,0.977876871974171,0.962265092830641,0.949361437926971,0.942718460512183,0.931730705149318,0.921009528927642,0.916336577691159,0.901598459895407,0.909239526031288,0.917500499748568,0.925158037426516,0.916288379363778,0.901943405772018,0.868494427916054,0.841764779011249,0.751342239638348,0.748632733137006,0,100000,2212.31280258288,98018.3250001271,4658053.27955415,46.5805327955415,2023.5,"Total","GMoH report",31.4617872044585
0,1,0.0215885,0.00869451,0.00942171,0.0101532,0.0125752,0.014794,0.0161699,0.0180429,0.0174891,0.0152334,0.0144231,0.0160732,0.019135,0.0256903,0.0322315,0.0539791,0.0559775,0.173774,0.106211227675,0.0211798234685312,0.0341836203421971,0.0460244768163369,0.0495093053034817,0.0609595535553276,0.0713317936132152,0.0777081667847675,0.0863208058311719,0.0837823071308928,0.0733727103840876,0.069605675938431,0.0772614049643188,0.0913070967588009,0.120699485048168,0.149139986326772,0.237804339450869,0.245527465719251,1,0.978820176531469,0.965816379657803,0.953975523183663,0.950490694696518,0.939040446444672,0.928668206386785,0.922291833215233,0.913679194168828,0.916217692869107,0.926627289615912,0.930394324061569,0.922738595035681,0.908692903241199,0.879300514951832,0.850860013673228,0.762195660549131,0.754472534280749,0,100000,2117.98234685312,98106.9711584001,4884289.07959385,48.8428907959386,2023.5,"Total","GMoH report",29.1994292040615
0,1,0.0215731,0.00869383,0.00951066,0.0104042,0.0131308,0.0149212,0.0165541,0.0183148,0.0176966,0.0156839,0.0151555,0.0161415,0.0193493,0.026545,0.0325933,0.0543878,0.0555305,0.174158,0.106241957605,0.0211650145682769,0.0341809925235382,0.0464489007441223,0.0507022101625666,0.0635672769979871,0.0719230543052512,0.079481152628194,0.0875646761721077,0.084734230539583,0.0754607046363836,0.0730111970093134,0.0775769780231003,0.0922824957618863,0.124465179523849,0.150687955638703,0.239389349802085,0.243805848346049,1,0.978834985431723,0.965819007476462,0.953551099255878,0.949297789837433,0.936432723002013,0.928076945694749,0.920518847371806,0.912435323827892,0.915265769460417,0.924539295363616,0.926988802990687,0.9224230219769,0.907717504238114,0.875534820476151,0.849312044361297,0.760610650197915,0.756194151653951,0,100000,2116.5014568277,98108.3598012195,4844174.23448407,48.4417423448407,2023.5,"Total","GMoH report",29.6005776551593
0,1,0.0224034,0.00983831,0.0109252,0.0120081,0.0144064,0.0167832,0.0184918,0.0205906,0.0200089,0.0180323,0.0163303,0.0181317,0.0215332,0.0275885,0.0343568,0.0566091,0.0571211,0.176627,0.10458513547,0.0219628184521223,0.0385938436050441,0.0531736676163934,0.0582906015682701,0.0695278837392473,0.0805368354578592,0.08837353563439,0.0979127921546511,0.0952784571945975,0.0862722808739899,0.078448770123145,0.0867272201557548,0.102166092730063,0.129042291829645,0.158196211041245,0.24795432241714,0.249916706973273,1,0.978037181547878,0.961406156394956,0.946826332383607,0.94170939843173,0.930472116260753,0.919463164542141,0.91162646436561,0.902087207845349,0.904721542805403,0.91372771912601,0.921551229876855,0.913272779844245,0.897833907269938,0.870957708170355,0.841803788958755,0.75204567758286,0.750083293026727,0,100000,2196.28184521223,98033.4165890996,4597942.06481897,45.9794206481897,2023.5,"Total","GMoH report",32.0628993518103
0,1,0.0214475,0.00870123,0.00941976,0.0105338,0.0131583,0.0153156,0.0166257,0.0186225,0.0173836,0.0160992,0.0153011,0.0157696,0.0205074,0.0253775,0.0321697,0.0549243,0.0540872,0.171628,0.106492586125,0.0210442191017906,0.0342095889958827,0.0460151703474204,0.0513175772616043,0.0636961668203204,0.073754031873592,0.079811207037876,0.088970373068815,0.0832979542080714,0.0773815474771401,0.0736867780990708,0.0758573979434764,0.0975364523906119,0.119317547354996,0.14887531448873,0.241465668024328,0.238223847754352,1,0.978955780898209,0.965790411004117,0.95398482965258,0.948682422738396,0.93630383317968,0.926245968126408,0.920188792962124,0.911029626931185,0.916702045791929,0.92261845252286,0.926313221900929,0.924142602056524,0.902463547609388,0.880682452645004,0.85112468551127,0.758534331975672,0.761776152245648,0,100000,2104.42191017907,98119.683421334,4836126.20083897,48.3612620083897,2023.5,"Total","GMoH report",29.6810579916103
0,1,0.0224549,0.00889501,0.00960308,0.0109131,0.0136047,0.01519,0.0167602,0.0193915,0.018315,0.016707,0.0151089,0.0171478,0.0201111,0.0262079,0.03305,0.0553421,0.0556014,0.180458,0.104482369795,0.0220122607570349,0.0349581340952822,0.0468896864740373,0.0531163401702209,0.0657860029153441,0.0731713191550856,0.0804309048704747,0.0924744540602278,0.0875655905238875,0.0801858380108805,0.0727948738270849,0.0822145052664787,0.0957418168670145,0.122981765471733,0.152638263479968,0.243079214507071,0.244079144620715,1,0.977987739242965,0.965041865904718,0.953110313525963,0.946883659829779,0.934213997084656,0.926828680844914,0.919569095129525,0.907525545939772,0.912434409476113,0.919814161989119,0.927205126172915,0.917785494733521,0.904258183132986,0.877018234528267,0.847361736520032,0.756920785492929,0.755920855379286,0,100000,2201.22607570348,98028.7632411406,4774201.34798777,47.7420134798777,2023.5,"Total","GMoH report",30.3003065201223
0,1,0.0213708,0.00870173,0.00921702,0.0101092,0.0125944,0.0146688,0.0163255,0.0175172,0.0172782,0.0155983,0.0142711,0.0167985,0.0195644,0.0256614,0.0314629,0.053473,0.0558274,0.171602,0.10664563714,0.020970438729066,0.0342115211599536,0.0450470999471136,0.0493000400868842,0.061049786424634,0.0707494752438573,0.0784266157129457,0.0839112735954351,0.0828138158187991,0.0750643108982881,0.0688973959322772,0.0806072958515926,0.0932605340205222,0.120571891179233,0.145842898659421,0.235837635316766,0.244949733166545,1,0.979029561270934,0.965788478840046,0.954952900052886,0.950699959913116,0.938950213575366,0.929250524756143,0.921573384287054,0.916088726404565,0.917186184181201,0.924935689101712,0.931102604067723,0.919392704148407,0.906739465979478,0.879428108820767,0.854157101340579,0.764162364683234,0.755050266833455,0,100000,2097.04387290661,98126.5967070301,4893911.96367196,48.9391196367196,2023.5,"Total","GMoH report",29.1032003632804
0,1,0.021824,0.00917434,0.00979794,0.0106873,0.013632,0.01591,0.01647,0.0188369,0.0180415,0.016902,0.0163097,0.0171722,0.0201342,0.0267447,0.0328249,0.0541575,0.0567024,0.173436,0.1057412992,0.0214062295616287,0.0360361443194486,0.047818395573194,0.0520459239913189,0.0659136623858889,0.0765069365968599,0.0790933320527289,0.0899486172302393,0.0863143970156073,0.0810838038675756,0.078353687170873,0.0823266746921295,0.0958465176127057,0.125342857216504,0.151677502842373,0.238496556811238,0.248312248851769,1,0.978593770438371,0.963963855680551,0.952181604426806,0.947954076008681,0.934086337614111,0.92349306340314,0.920906667947271,0.910051382769761,0.913685602984393,0.918916196132424,0.921646312829127,0.91767332530787,0.904153482387294,0.874657142783496,0.848322497157627,0.761503443188762,0.751687751148231,0,100000,2140.62295616286,98085.7292963191,4767891.75449939,47.6789175449939,2023.5,"Total","GMoH report",30.3634024550061
0,1,0.0213133,0.00889327,0.00929417,0.0106211,0.0129614,0.015066,0.0162549,0.0183405,0.0175042,0.0155825,0.014772,0.0163361,0.0194589,0.0257509,0.0323516,0.0534529,0.0524298,0.17245,0.106760375515,0.0209151203628346,0.0349514152545189,0.0454155992498012,0.0517318764184305,0.0627729371316544,0.0725956835780334,0.0781007022379797,0.087682163213937,0.0838516115526502,0.0749911269122256,0.0712294947585662,0.0784755393539018,0.0927809613766689,0.120966978578319,0.149654124097147,0.235759436095789,0.231769878995592,1,0.979084879637165,0.965048584745481,0.954584400750199,0.94826812358157,0.937227062868346,0.927404316421967,0.92189929776202,0.912317836786063,0.91614838844735,0.925008873087774,0.928770505241434,0.921524460646098,0.907219038623331,0.879033021421681,0.850345875902853,0.764240563904211,0.768230121004408,0,100000,2091.51203628346,98131.7785741043,4857414.66336515,48.5741466336515,2023.5,"Total","GMoH report",29.4681733663485
0,1,0.0226743,0.00919393,0.0101561,0.0114907,0.0139718,0.0162553,0.0178808,0.0201168,0.0188307,0.0170057,0.0162307,0.0174932,0.020991,0.028064,0.0349373,0.0558032,0.0559187,0.178777,0.104044568065,0.0222228394116887,0.0361117030597753,0.0495230962065418,0.0558491358370918,0.067501216266422,0.0781025490846603,0.0855784711812555,0.0957676531859711,0.0899203425154842,0.0815609954492229,0.0779889614101026,0.0838011253835991,0.0997218467853232,0.131120580100172,0.160654420763637,0.244856552126005,0.245301190760546,1,0.977777160588311,0.963888296940225,0.950476903793458,0.944150864162908,0.932498783733578,0.92189745091534,0.914421528818745,0.904232346814029,0.910079657484516,0.918439004550777,0.922011038589897,0.916198874616401,0.900278153214677,0.868879419899828,0.839345579236364,0.755143447873995,0.754698809239454,0,100000,2222.28394116886,98008.9326316078,4678294.41451279,46.7829441451279,2023.5,"Total","GMoH report",31.2593758548721
0,1,0.0222939,0.00925737,0.00996962,0.0110409,0.013515,0.0154259,0.0175351,0.0189443,0.0180262,0.0165726,0.0150932,0.0168784,0.0202408,0.0281604,0.033778,0.0542595,0.0545386,0.176707,0.104803637245,0.0218576771955117,0.0363563516027269,0.0486358964842322,0.0537216612750702,0.0653664316892978,0.0742654706892372,0.083993417559386,0.0904382754461631,0.0862443550188959,0.0795664429201536,0.0727219814730764,0.0809751716567709,0.0963295329725243,0.13154135693072,0.155738649724052,0.238892087011939,0.239973458799759,1,0.978142322804488,0.963643648397273,0.951364103515768,0.94627833872493,0.934633568310702,0.925734529310763,0.916006582440614,0.909561724553837,0.913755644981104,0.920433557079846,0.927278018526924,0.919024828343229,0.903670467027476,0.86845864306928,0.844261350275948,0.761107912988061,0.760026541200241,0,100000,2185.76771955116,98043.3086876305,4753748.91111071,47.5374891111071,2023.5,"Total","GMoH report",30.5048308888929
0,1,0.020906,0.00809856,0.00856881,0.00992282,0.011794,0.0141599,0.0150169,0.0171522,0.0162369,0.0149914,0.0139933,0.0153507,0.0187553,0.0247736,0.0311773,0.0530388,0.0510753,0.170298,0.1075731223,0.0205230989763786,0.0318779096716983,0.0419454926086991,0.0484131134734095,0.0572810677183252,0.06837890389678,0.0723676553894552,0.0822347335097358,0.0780175904635077,0.0722492080558778,0.0676015771269728,0.073916812948672,0.0895764184954793,0.116643783888641,0.144614755925231,0.234146832456734,0.226460194118366,1,0.979476901023621,0.968122090328302,0.958054507391301,0.951586886526591,0.942718932281675,0.93162109610322,0.927632344610545,0.917765266490264,0.921982409536492,0.927750791944122,0.932398422873027,0.926083187051328,0.910423581504521,0.883356216111359,0.855385244074769,0.765853167543266,0.773539805881634,0,100000,2052.30989763787,98168.4634859782,5002791.08623954,50.0279108623954,2023.5,"Total","GMoH report",28.0144091376046
0,1,0.0215005,0.00890529,0.0094073,0.0109989,0.0134136,0.0156519,0.0172215,0.0189761,0.0182915,0.0163477,0.014968,0.0173418,0.0204596,0.0258454,0.0334435,0.0552453,0.0546788,0.175519,0.106386827275,0.0210951952704675,0.03499782837785,0.0459557023042823,0.0535227709855185,0.0648919145378865,0.0753125391703971,0.082553272062921,0.090583209877604,0.0874581482052588,0.0785290755779364,0.0721405024001851,0.0831059817157064,0.0973201705942735,0.121383957652237,0.154315383665922,0.242705635840721,0.240516162178663,1,0.978904804729532,0.96500217162215,0.954044297695718,0.946477229014482,0.935108085462113,0.924687460829603,0.917446727937079,0.909416790122396,0.912541851794741,0.921470924422064,0.927859497599815,0.916894018284294,0.902679829405727,0.878616042347763,0.845684616334078,0.757294364159279,0.759483837821337,0,100000,2109.51952704675,98114.9055625104,4781374.0555632,47.813740555632,2023.5,"Total","GMoH report",30.228579444368
0,1,0.0220147,0.00965503,0.0101166,0.0114392,0.0137366,0.0163686,0.018329,0.0204218,0.0195579,0.0178221,0.0161292,0.0175615,0.0210672,0.0277573,0.0341779,0.0564234,0.0580864,0.176376,0.105360766885,0.0215894903601831,0.0378884909661345,0.0493352378323628,0.055605785739424,0.066402633946332,0.0786255255559617,0.0876295929758635,0.0971491012121636,0.0932309938628256,0.0853095133072186,0.0775201547980771,0.0841145555804355,0.100065737725475,0.129780602224673,0.157437308531825,0.247241486742354,0.253604560187772,1,0.978410509639817,0.962111509033866,0.950664762167637,0.944394214260576,0.933597366053668,0.921374474444038,0.912370407024137,0.902850898787836,0.906769006137174,0.914690486692781,0.922479845201923,0.915885444419565,0.899934262274525,0.870219397775327,0.842562691468175,0.752758513257646,0.746395439812228,0,100000,2158.94903601831,98068.5194900822,4658102.29164479,46.5810229164479,2023.5,"Total","GMoH report",31.4612970835521
0,1,0.0214891,0.00857803,0.0089857,0.0103684,0.0128337,0.0145827,0.0162239,0.0178856,0.0170051,0.0153659,0.0141295,0.0162026,0.0188813,0.0255841,0.0316629,0.053312,0.0539528,0.174346,0.106409575405,0.0210842310237845,0.0337333879719499,0.0439413896378284,0.0505321559847201,0.062173703358035,0.0703488109851183,0.0779575608224324,0.085600460987409,0.0815582351390906,0.0739872965017109,0.0682371094065987,0.0778591964586478,0.0901510762118051,0.120230525529502,0.146701975082871,0.235211068756177,0.237702245696028,1,0.978915768976215,0.96626661202805,0.956058610362172,0.94946784401528,0.937826296641965,0.929651189014882,0.922042439177568,0.914399539012591,0.918441764860909,0.926012703498289,0.931762890593401,0.922140803541352,0.909848923788195,0.879769474470498,0.853298024917129,0.764788931243823,0.762297754303972,0,100000,2108.42310237845,98115.9333047197,4901226.62927693,49.0122662927693,2023.5,"Total","GMoH report",29.0300537072307
0,1,0.0217523,0.00873565,0.0092452,0.0104708,0.012798,0.0147581,0.0162715,0.018259,0.017257,0.016118,0.0149805,0.0169645,0.0194904,0.0265127,0.0325935,0.0558634,0.0549213,0.17425,0.105884372965,0.0213373091518052,0.0343425903020557,0.045181715020726,0.051018489013104,0.0620061143707092,0.0711648548877044,0.0781773433924734,0.0873095378700757,0.0827164073940042,0.0774684104028184,0.072198573185969,0.0813714356977632,0.0929241765723363,0.124323144422194,0.150688810627067,0.245088331285205,0.241454071286616,1,0.978662690848195,0.965657409697944,0.954818284979274,0.948981510986896,0.937993885629291,0.928835145112296,0.921822656607527,0.912690462129924,0.917283592605996,0.922531589597182,0.927801426814031,0.918628564302237,0.907075823427664,0.875676855577806,0.849311189372933,0.754911668714795,0.758545928713384,0,100000,2133.73091518052,98092.1978448494,4854203.05036697,48.5420305036697,2023.5,"Total","GMoH report",29.5002894963303
0,1,0.0216931,0.00864123,0.00909774,0.0103265,0.0125011,0.0147907,0.0165641,0.017888,0.0169418,0.0152636,0.0140322,0.0159771,0.0194174,0.0251364,0.031539,0.0526659,0.0555849,0.175047,0.106002503605,0.0212803969806699,0.033977701728977,0.0444770973313126,0.0503330884064276,0.0606112323094411,0.0713164494768084,0.0795272564294427,0.0856114557010491,0.0812669777892262,0.0735128241435079,0.0677831337755856,0.0768172094088833,0.0925922481995263,0.118250989564761,0.146169871089287,0.232692146680366,0.244015550120296,1,0.97871960301933,0.966022298271023,0.955522902668687,0.949666911593572,0.939388767690559,0.928683550523192,0.920472743570557,0.914388544298951,0.918733022210774,0.926487175856492,0.932216866224414,0.923182790591117,0.907407751800474,0.881749010435239,0.853830128910713,0.767307853319634,0.755984449879704,0,100000,2128.03969806699,98097.5378376989,4897546.55631668,48.9754655631668,2023.5,"Total","GMoH report",29.0668544368332
0,1,0.020625,0.00822994,0.00861594,0.00971097,0.0121796,0.0133021,0.015283,0.0169598,0.0163947,0.0148167,0.0131358,0.0155453,0.0183692,0.0251782,0.0316596,0.0537549,0.0525399,0.17265,0.10813384375,0.0202524612515968,0.0323866791476315,0.0421713357535685,0.0474040028754905,0.0590985094847004,0.0643698640776323,0.0736028202454712,0.0813498087825253,0.0787459590623992,0.0714373360571067,0.0635907127874176,0.0748187983355846,0.0878133476364895,0.118435987545928,0.146687806781084,0.236933639724882,0.232200077827392,1,0.979747538748403,0.967613320852369,0.957828664246432,0.952595997124509,0.9409014905153,0.935630135922368,0.926397179754529,0.918650191217475,0.921254040937601,0.928562663942893,0.936409287212582,0.925181201664415,0.91218665236351,0.881564012454072,0.853312193218916,0.763066360275118,0.767799922172608,0,100000,2025.24612515968,98193.7515228936,5009863.60029666,50.0986360029666,2023.5,"Total","GMoH report",27.9436839970334
0,1,0.0221662,0.00933268,0.0100726,0.0112166,0.0139335,0.0157338,0.0176973,0.0196965,0.0185874,0.0168837,0.0158245,0.0176784,0.0203561,0.0267997,0.0337114,0.0552004,0.0559015,0.175323,0.10505845621,0.0217350323126549,0.036646696222202,0.0491259352612196,0.0545532451754136,0.0673224080679626,0.0756917046436927,0.0847374402468007,0.0938606826599698,0.088810126630663,0.0809995689445282,0.0761114364353231,0.0846507743756919,0.0968516931239965,0.125584436915021,0.155455448023732,0.24253230005949,0.245234990452982,1,0.978264967687345,0.963353303777798,0.95087406473878,0.945446754824586,0.932677591932037,0.924308295356307,0.915262559753199,0.90613931734003,0.911189873369337,0.919000431055472,0.923888563564677,0.915349225624308,0.903148306876003,0.874415563084979,0.844544551976268,0.75746769994051,0.754765009547018,0,100000,2173.50323126548,98054.8416627787,4713961.76963374,47.1396176963374,2023.5,"Total","GMoH report",30.9027023036626
0,1,0.0220406,0.00895199,0.00950451,0.0107091,0.0130354,0.0146579,0.0168396,0.0186505,0.0178109,0.0162924,0.0152271,0.0160495,0.019825,0.0267867,0.0338149,0.0547794,0.0549138,0.1754,0.10530908473,0.0216143748046058,0.0351781314382915,0.0464195620214293,0.0521493193114056,0.0631200134419471,0.0706987615574188,0.0807965462014646,0.0890981857181587,0.0852581873761551,0.078273828683877,0.0733434787854646,0.0771518773607467,0.0944441136187697,0.125527341878273,0.155895521338709,0.240905370823744,0.241425078773165,1,0.978385625195394,0.964821868561708,0.953580437978571,0.947850680688594,0.936879986558053,0.929301238442581,0.919203453798535,0.910901814281841,0.914741812623845,0.921726171316123,0.926656521214535,0.922848122639253,0.90555588638123,0.874472658121727,0.844104478661291,0.759094629176256,0.758574921226835,0,100000,2161.43748046058,98066.1815223078,4818447.99963085,48.1844799963085,2023.5,"Total","GMoH report",29.8578400036915
0,1,0.0214931,0.00895524,0.00928551,0.010531,0.0130777,0.0150798,0.0165026,0.0185233,0.0179569,0.0157113,0.014573,0.0160077,0.0202874,0.0265585,0.0320884,0.0543399,0.0548531,0.172969,0.106401593605,0.0210880781552642,0.0351906780643422,0.0453742425428156,0.051304286399809,0.0633183539077515,0.072659763255162,0.0792436829926152,0.0885174134868955,0.085927041759569,0.0755875531889559,0.0703036618400137,0.0769586716784329,0.0965406053096048,0.124524537665994,0.148527014379465,0.239203732712007,0.241190397515154,1,0.978911921844736,0.964809321935658,0.954625757457184,0.948695713600191,0.936681646092248,0.927340236744838,0.920756317007385,0.911482586513105,0.914072958240431,0.924412446811044,0.929696338159986,0.923041328321567,0.903459394690395,0.875475462334006,0.851472985620535,0.760796267287993,0.758809602484846,0,100000,2108.80781552641,98115.5726966523,4839451.75831884,48.3945175831884,2023.5,"Total","GMoH report",29.6478024168116
0,1,0.0223627,0.00905111,0.00991232,0.01134,0.0138315,0.0163624,0.0168428,0.0198066,0.0184656,0.0165472,0.0156158,0.0176438,0.0200018,0.0269373,0.0343045,0.055347,0.0564604,0.178322,0.104666350285,0.0219237411488644,0.0355607121650319,0.0483631231186221,0.0551368697427918,0.0668460472438662,0.0785969146109255,0.0808112794559484,0.0943605936638443,0.0882538493008744,0.079449339714683,0.0751453626161469,0.0844920958960722,0.0952462584684161,0.126188552745333,0.157974416567178,0.243098120773827,0.24738356273622,1,0.978076258851136,0.964439287834968,0.951636876881378,0.944863130257208,0.933153952756134,0.921403085389075,0.919188720544052,0.905639406336156,0.911746150699126,0.920550660285317,0.924854637383853,0.915507904103928,0.904753741531584,0.873811447254667,0.842025583432822,0.756901879226173,0.75261643726378,0,100000,2192.37411488644,98037.093682178,4723655.35687141,47.2365535687141,2023.5,"Total","GMoH report",30.8057664312859
0,1,0.0203686,0.00818461,0.00898053,0.00988843,0.0116094,0.0138972,0.0158517,0.0172097,0.0167593,0.015305,0.0145334,0.0154854,0.0189125,0.025014,0.0311825,0.0536329,0.0538284,0.171509,0.10864547713,0.0200053892794713,0.0322111682996461,0.0439166627320865,0.0482493736161326,0.0564097904469626,0.0671529065671379,0.0762372740089796,0.0824990406503013,0.0804267595228229,0.0737048675070129,0.0701193196977614,0.0745412474180801,0.0902933190105332,0.117709063701431,0.144637131609005,0.236459480782809,0.237219177997675,1,0.979994610720529,0.967788831700354,0.956083337267914,0.951750626383867,0.943590209553037,0.932847093432862,0.92376272599102,0.917500959349699,0.919573240477177,0.926295132492987,0.929880680302239,0.92545875258192,0.909706680989467,0.882290936298569,0.855362868390995,0.763540519217191,0.762780822002325,0,100000,2000.53892794714,98216.8105783968,4973908.23906676,49.7390823906676,2023.5,"Total","GMoH report",28.3032376093324
0,1,0.021356,0.00836873,0.00878406,0.0101463,0.0123639,0.0148936,0.0162442,0.0176025,0.0174561,0.0154533,0.0144198,0.0161441,0.0189767,0.0251507,0.0310255,0.0527685,0.0527529,0.177543,0.1066751698,0.0209562008469083,0.0329238582396679,0.0429765289771817,0.0494764916811391,0.0599659669529753,0.0717947926890171,0.0780512977718368,0.0843026562340982,0.0836308296848459,0.0743924768439678,0.0695903043242625,0.0775889890064523,0.090585944278047,0.118314282441497,0.143961320153912,0.233092629014607,0.233031748664669,1,0.979043799153092,0.967076141760332,0.957023471022818,0.950523508318861,0.940034033047025,0.928205207310983,0.921948702228163,0.915697343765902,0.916369170315154,0.925607523156032,0.930409695675738,0.922411010993548,0.909414055721953,0.881685717558503,0.856038679846088,0.766907370985393,0.766968251335331,0,100000,2095.62008469083,98127.9305436798,4915802.0458609,49.158020458609,2023.5,"Total","GMoH report",28.884299541391
0,1,0.0223721,0.0095761,0.010272,0.0117693,0.0140188,0.0166203,0.0181158,0.0201856,0.0198716,0.0178001,0.0161252,0.0177129,0.0218818,0.0276948,0.0349806,0.0573186,0.0556857,0.176369,0.104647593055,0.0219327666466556,0.0375845727458568,0.050074097184307,0.0571645336357033,0.0677205962627784,0.0797863186215362,0.086654462711048,0.0960794467968441,0.0946556042371049,0.0852086919079244,0.0775016749766657,0.0848089680735261,0.10373426869801,0.129507302871113,0.160837517811139,0.250672507088056,0.244403982832904,1,0.978067233353344,0.962415427254143,0.949925902815693,0.942835466364297,0.932279403737222,0.920213681378464,0.913345537288952,0.903920553203156,0.905344395762895,0.914791308092076,0.922498325023334,0.915191031926474,0.89626573130199,0.870492697128887,0.839162482188861,0.749327492911944,0.755596017167096,0,100000,2193.27666466557,98036.2444591954,4639235.14543347,46.3923514543347,2023.5,"Total","GMoH report",31.6499685456653
0,1,0.0225339,0.00906218,0.00987839,0.0109725,0.0132828,0.0152824,0.016869,0.0189158,0.018098,0.0161257,0.0146707,0.0165305,0.0199008,0.0266192,0.0342117,0.0554844,0.0562551,0.174332,0.104324729245,0.0220880947254947,0.0356034306064536,0.0482015653472241,0.0533977334249858,0.0642794715870102,0.0736000369868793,0.0809318994696175,0.0903083626829067,0.0865730044152328,0.0775039849737711,0.0707583149713737,0.0793723388803461,0.0947881023327414,0.124791383041363,0.157580737690854,0.243628102301638,0.246594942171605,1,0.977911905274505,0.964396569393546,0.951798434652776,0.946602266575014,0.93572052841299,0.926399963013121,0.919068100530382,0.909691637317093,0.913426995584767,0.922496015026229,0.929241685028626,0.920627661119654,0.905211897667259,0.875208616958637,0.842419262309146,0.756371897698362,0.753405057828395,0,100000,2208.80947254947,98021.623977628,4783657.51391727,47.8365751391727,2023.5,"Total","GMoH report",30.2057448608273
0,1,0.0218411,0.00906419,0.00978629,0.0111891,0.0135317,0.0155634,0.0169291,0.0190149,0.0180516,0.0164754,0.014958,0.0169915,0.0201361,0.0269544,0.0325872,0.055244,0.0577917,0.172534,0.105707177005,0.0214226652407417,0.035611186872131,0.0477628961183645,0.0544231352436142,0.0654445596310996,0.074902650233394,0.0812085316184454,0.0907600183191576,0.0863606310799911,0.0791182384361717,0.0720940432525701,0.0814956659788029,0.0958551288499132,0.126263600984086,0.150661878113823,0.242700617690733,0.252480331120027,1,0.978577334759258,0.964388813127869,0.952237103881636,0.945576864756386,0.9345554403689,0.925097349766606,0.918791468381555,0.909239981680842,0.913639368920009,0.920881761563828,0.92790595674743,0.918504334021197,0.904144871150087,0.873736399015914,0.849338121886177,0.757299382309267,0.747519668879973,0,100000,2142.26652407416,98084.186422578,4770501.79090632,47.7050179090632,2023.5,"Total","GMoH report",30.3373020909368
0,1,0.0224972,0.0091746,0.00984232,0.0110183,0.0135586,0.01511,0.0170667,0.0188447,0.0180993,0.0164585,0.0156164,0.0168334,0.0199743,0.0258219,0.033169,0.0547284,0.0559737,0.17803,0.10439796226,0.0220528669682763,0.0360371471789834,0.0480297886270017,0.0536146444087769,0.0655703931679815,0.0727999807279998,0.0818415855305638,0.0899841874565919,0.0865789538513937,0.0790402885281487,0.0751481414111666,0.0807679998771691,0.0951215348177258,0.121280281732809,0.153145769895814,0.240708079812037,0.245512844271501,1,0.977947133031724,0.963962852821017,0.951970211372998,0.946385355591223,0.934429606832018,0.927200019272,0.918158414469436,0.910015812543408,0.913421046148606,0.920959711471851,0.924851858588833,0.919232000122831,0.904878465182274,0.878719718267191,0.846854230104186,0.759291920187963,0.754487155728499,0,100000,2205.28669682764,98024.9407405203,4771466.37503269,47.7146637503269,2023.5,"Total","GMoH report",30.3276562496731
0,1,0.0214996,0.00852078,0.00864456,0.0099126,0.0121653,0.0143437,0.0154274,0.0179506,0.0163394,0.0151675,0.013675,0.0158789,0.01931,0.0245687,0.032254,0.0539784,0.0549199,0.172952,0.10638862318,0.0210943296807866,0.0335120228518489,0.0423084550544366,0.0483644562279862,0.0590311702610579,0.06923575765723,0.0742724240144006,0.0858981898817707,0.078490769790224,0.0730668946870841,0.0661147035716444,0.0763630951221618,0.0921036941642222,0.115734862226066,0.149236328640105,0.237801622279827,0.24144865942334,1,0.978905670319213,0.966487977148151,0.957691544945563,0.951635543772014,0.940968829738942,0.93076424234277,0.925727575985599,0.914101810118229,0.921509230209776,0.926933105312916,0.933885296428356,0.923636904877838,0.907896305835778,0.884265137773934,0.850763671359895,0.762198377720174,0.75855134057666,0,100000,2109.43296807866,98114.9867010857,4953862.39522824,49.5386239522824,2023.5,"Total","GMoH report",28.5036960477176
0,1,0.0219154,0.0091004,0.00978337,0.011204,0.0138176,0.015667,0.0174539,0.01915,0.0182871,0.0163947,0.0149901,0.0172679,0.0205913,0.0265518,0.0327159,0.0554948,0.055352,0.173994,0.10555891507,0.0214940724576059,0.0357509049295581,0.0477489850307981,0.0544936333304151,0.0667811132247638,0.0753824575922553,0.0836207303369306,0.091375402600501,0.087438030003794,0.0787459590623992,0.0722431691743972,0.082766491263766,0.0979159578431603,0.124495078909525,0.151211915254327,0.243668204335154,0.243117412463325,1,0.978505927542394,0.964249095070442,0.952251014969202,0.945506366669585,0.933218886775236,0.924617542407745,0.916379269663069,0.908624597399499,0.912561969996206,0.921254040937601,0.927756830825603,0.917233508736234,0.90208404215684,0.875504921090475,0.848788084745673,0.756331795664846,0.756882587536675,0,100000,2149.40724576059,98077.4818511455,4752291.32608264,47.5229132608264,2023.5,"Total","GMoH report",30.5194067391736
0,1,0.0214119,0.0088594,0.00946457,0.0111623,0.0131204,0.0150897,0.0168324,0.0189262,0.0179192,0.0166965,0.0149937,0.0168438,0.0200892,0.0265164,0.0334732,0.0560229,0.0562811,0.175373,0.106563624145,0.0210099755882382,0.0348206203914087,0.0462290058453653,0.0542963204554503,0.0635185287388374,0.0727057308336006,0.0807633955517853,0.0903557714938813,0.0857543754869362,0.0801374621577095,0.0722598921381216,0.0808158835515845,0.0956425444881706,0.124339415787998,0.154441843232754,0.245702134695429,0.246694855430128,1,0.978990024411762,0.965179379608591,0.953770994154635,0.94570367954455,0.936481471261163,0.927294269166399,0.919236604448215,0.909644228506119,0.914245624513064,0.91986253784229,0.927740107861878,0.919184116448415,0.904357455511829,0.875660584212002,0.845558156767247,0.754297865304571,0.753305144569872,0,100000,2100.99755882383,98122.8923553642,4796709.19748309,47.9670919748309,2023.5,"Total","GMoH report",30.0752280251691
0,1,0.0217542,0.0090342,0.00959859,0.010937,0.0132923,0.0150111,0.0168465,0.0185366,0.017765,0.016341,0.0151688,0.0167659,0.020133,0.0263238,0.0320067,0.0547535,0.0557353,0.177495,0.10588058161,0.0213391356173948,0.03549545394003,0.0468682765729247,0.0532295704694394,0.064323966355047,0.0723407157061582,0.080828314499462,0.0885781554110202,0.0850478139623951,0.0784981541572893,0.0730729284088785,0.0804571583231737,0.0958410788964447,0.123492049939506,0.148176868553196,0.240805183467527,0.244595053312745,1,0.978660864382605,0.96450454605997,0.953131723427075,0.946770429530561,0.935676033644953,0.927659284293842,0.919171685500538,0.91142184458898,0.914952186037605,0.921501845842711,0.926927071591122,0.919542841676826,0.904158921103555,0.876507950060494,0.851823131446804,0.759194816532473,0.755404946687255,0,100000,2133.91356173949,98092.0264472829,4803140.35228705,48.0314035228705,2023.5,"Total","GMoH report",30.0109164771295
0,1,0.022151,0.00898405,0.00962834,0.0106701,0.0134152,0.0154558,0.0171041,0.0192645,0.0183938,0.01635,0.0159725,0.0168642,0.0205872,0.0269957,0.0338528,0.0557057,0.0562594,0.175775,0.10508878705,0.0217204320041062,0.0353018920730424,0.0470101263013199,0.0519643382851588,0.0648994037955063,0.0744040641627822,0.082013578864365,0.0918966428113995,0.0879257771028156,0.078539690164525,0.0767959420394377,0.0809098022809346,0.0978974158034291,0.126444833051012,0.156056616437649,0.244481032385594,0.246611467073336,1,0.978279567995894,0.964698107926958,0.95298987369868,0.948035661714841,0.935100596204494,0.925595935837218,0.917986421135635,0.9081033571886,0.912074222897184,0.921460309835475,0.923204057960562,0.919090197719065,0.902102584196571,0.873555166948988,0.843943383562351,0.755518967614406,0.753388532926664,0,100000,2172.04320041063,98056.2141849407,4768334.58103291,47.6833458103291,2023.5,"Total","GMoH report",30.3589741896709
0,1,0.0233471,0.00969714,0.0107643,0.0118553,0.0146517,0.0166871,0.0187745,0.0206251,0.0195755,0.0183379,0.0164651,0.0179047,0.0215157,0.0272559,0.0341315,0.0578047,0.055032,0.177809,0.104436448891,0.0228689376862167,0.0380505960853537,0.0524110785674412,0.0575702194435764,0.0706699140507563,0.0800941521827769,0.0896640077177574,0.0980688028365402,0.0933109774045434,0.0876702780216662,0.0790707312569529,0.0856879570868669,0.102087300662822,0.127585833220793,0.157240375324067,0.252529954367004,0.241881889625345,1,0.977131062313783,0.961949403914646,0.947588921432559,0.942429780556424,0.929330085949244,0.919905847817223,0.910335992282243,0.90193119716346,0.906689022595457,0.912329721978334,0.920929268743047,0.914312042913133,0.897912699337178,0.872414166779207,0.842759624675933,0.747470045632996,0.758118110374655,0,100000,2286.89376862167,97951.9412955641,4598334.60880369,45.9833460880369,2023.5,"Total","GMoH report",32.0589739119631
0,1,0.0206724,0.00826164,0.00913631,0.0102808,0.0126207,0.0140593,0.0159575,0.0171704,0.0169642,0.0156225,0.0144283,0.0157573,0.0200304,0.0258369,0.0316274,0.0532914,0.0533953,0.173066,0.10803925942,0.0202981235252252,0.032509398112358,0.0446614479169546,0.0501159206085198,0.0611733730275772,0.0679095965239762,0.0767265886538889,0.0823184003467168,0.0813700552709321,0.0751763920384484,0.0696298973791124,0.0758004730163487,0.0953759537404912,0.121346459172514,0.14654954713255,0.23513086725228,0.235535304402141,1,0.979701876474775,0.967490601887642,0.955338552083045,0.94988407939148,0.938826626972423,0.932090403476024,0.923273411346111,0.917681599653283,0.918629944729068,0.924823607961552,0.930370102620888,0.924199526983651,0.904624046259509,0.878653540827486,0.85345045286745,0.76486913274772,0.764464695597859,0,100000,2029.81235252252,98189.4870708056,4926398.16091078,49.2639816091078,2023.5,"Total","GMoH report",28.7783383908922
0,1,0.0213348,0.00839855,0.00912841,0.0103555,0.0125181,0.014978,0.0158616,0.0175432,0.0172717,0.0152916,0.014292,0.0167192,0.0196308,0.0258991,0.0316629,0.0527359,0.0533793,0.173693,0.10671747334,0.0209358053371,0.0330392366382634,0.0446236916179935,0.0504708722071472,0.0606911551274962,0.0721869593086863,0.076283071098654,0.0840305865357165,0.0827839510803153,0.0736427127348591,0.0689948152510789,0.0802420430832081,0.0935622456692883,0.121620825214235,0.146701975082871,0.232965399916375,0.235473035491475,1,0.9790641946629,0.966960763361737,0.955376308382006,0.949529127792853,0.939308844872504,0.927813040691314,0.923716928901346,0.915969413464284,0.917216048919685,0.926357287265141,0.931005184748921,0.919757956916792,0.906437754330712,0.878379174785765,0.853298024917129,0.767034600083625,0.764526964508525,0,100000,2093.58053371,98129.8410910813,4902218.73326283,49.0221873326283,2023.5,"Total","GMoH report",29.0201326673717
0,1,0.0221061,0.00908698,0.00970145,0.0109517,0.0134672,0.0155602,0.0171974,0.0193114,0.0180359,0.0164138,0.0154549,0.0167964,0.0198159,0.0262153,0.0322934,0.0563528,0.0574657,0.174706,0.105178382755,0.0216773009595658,0.0356991255207509,0.0473586315108233,0.0532992076684438,0.0651427731147719,0.0748878261200182,0.0824425080309705,0.0921100642625028,0.0862887613240872,0.0788340828281868,0.074399892744074,0.0805976251234416,0.0944028084691409,0.123014354482347,0.149405010578464,0.246970326466716,0.25123501062484,1,0.978322699040434,0.964300874479249,0.952641368489177,0.946700792331556,0.934857226885228,0.925112173879982,0.917557491969029,0.907889935737497,0.913711238675913,0.921165917171813,0.925600107255926,0.919402374876558,0.905597191530859,0.876985645517653,0.850594989421536,0.753029673533284,0.74876498937516,0,100000,2167.73009595659,98060.2682497855,4769665.63716779,47.6966563716779,2023.5,"Total","GMoH report",30.3456636283221
0,1,0.0218713,0.00846891,0.00935512,0.0107126,0.0133089,0.0148164,0.0168931,0.0187706,0.017869,0.0159821,0.0142576,0.0163196,0.0208818,0.0264402,0.032902,0.0552128,0.0545649,0.172967,0.105646914415,0.0214516906727727,0.0333114172113296,0.0457066226507684,0.0521659184549001,0.064401710197869,0.0714359412983672,0.0810428380800738,0.089646216807006,0.08552441076031,0.0768403255813171,0.0688344643526154,0.0783993835505222,0.0992288096087785,0.124004256634342,0.152006689735783,0.242580173492485,0.240075289579112,1,0.978548309327227,0.96668858278867,0.954293377349232,0.9478340815451,0.935598289802131,0.928564058701633,0.918957161919926,0.910353783192994,0.91447558923969,0.923159674418683,0.931165535647385,0.921600616449478,0.900771190391221,0.875995743365658,0.847993310264217,0.757419826507515,0.759924710420888,0,100000,2145.16906727727,98081.4614255791,4828770.08679387,48.2877008679387,2023.5,"Total","GMoH report",29.7546191320613
0,1,0.0223831,0.00924933,0.0101203,0.0116144,0.0136659,0.0162073,0.0180063,0.0195541,0.0190288,0.0167072,0.01615,0.0175211,0.020436,0.0278935,0.0334975,0.0550181,0.0598029,0.176156,0.104625643105,0.0219433281912095,0.0363253497064002,0.0493528362287846,0.0564333998033111,0.0660721611329336,0.077880902136988,0.0861532469725935,0.0932137238082049,0.0908233515214229,0.0801867594320425,0.077616244142737,0.0839291714837885,0.0972133689788695,0.130375899610534,0.154545297262383,0.241828182219564,0.260124066203149,1,0.978056671808791,0.9636746502936,0.950647163771215,0.943566600196689,0.933927838867066,0.922119097863012,0.913846753027406,0.906786276191795,0.909176648478577,0.919813240567958,0.922383755857263,0.916070828516211,0.90278663102113,0.869624100389466,0.845454702737617,0.758171817780436,0.739875933796851,0,100000,2194.33281912094,98035.250663266,4692495.85205756,46.9249585205756,2023.5,"Total","GMoH report",31.1173614794244
0,1,0.0219835,0.0095323,0.0102674,0.011606,0.0139516,0.0160411,0.0177225,0.019835,0.0189293,0.0168892,0.0158953,0.0177019,0.0206633,0.0274316,0.0341191,0.0566795,0.0587898,0.17723,0.105423024925,0.0215595120813706,0.0374158811914377,0.0500522342257757,0.0563937357570103,0.0674069142382829,0.0771130544554372,0.084852982542238,0.0944895018280991,0.0903699025109965,0.0810248862287629,0.0764389498991693,0.0847585323408871,0.0982415152450903,0.128355507641457,0.157187739493609,0.248224411211802,0.256282070787101,1,0.978440487918629,0.962584118808562,0.949947765774224,0.94360626424299,0.932593085761717,0.922886945544563,0.915147017457762,0.905510498171901,0.909630097489003,0.918975113771237,0.923561050100831,0.915241467659113,0.90175848475491,0.871644492358543,0.842812260506391,0.751775588788198,0.743717929212899,0,100000,2155.95120813706,98071.3356898155,4682467.49549768,46.8246749549768,2023.5,"Total","GMoH report",31.2176450450232
0,1,0.0213616,0.00856112,0.00909795,0.0105386,0.0131135,0.014347,0.0160918,0.0180844,0.0168096,0.0158735,0.0142994,0.0160377,0.0196214,0.0257024,0.0320968,0.0551869,0.0538743,0.171226,0.10666399528,0.0209615882013062,0.0336680082818757,0.0444781011491258,0.0513403611743208,0.0634861847894102,0.0692511349183173,0.077347354598192,0.0865107619418471,0.0806584109387116,0.076338117239978,0.0690293058594823,0.0770973399766415,0.0935195392799319,0.12075290155752,0.148563007178021,0.242480176824069,0.237397446826137,1,0.979038411798694,0.966331991718124,0.955521898850874,0.948659638825679,0.93651381521059,0.930748865081683,0.922652645401808,0.913489238058153,0.919341589061288,0.923661882760022,0.930970694140518,0.922902660023359,0.906480460720068,0.87924709844248,0.851436992821979,0.757519823175931,0.762602553173863,0,100000,2096.15882013063,98127.4258543659,4887579.99125331,48.8757999125331,2023.5,"Total","GMoH report",29.1665200874669
0,1,0.0209233,0.00815883,0.00871747,0.00999499,0.0117206,0.0141625,0.0153474,0.0175344,0.0166901,0.0150505,0.0139406,0.015474,0.0191941,0.0247828,0.0311468,0.0528957,0.054075,0.172518,0.107538601015,0.020539756251488,0.0321113381026952,0.0426576823349391,0.0487566445629006,0.0569347270940536,0.068391030090846,0.0739015099167588,0.0839902053579298,0.0801079747275013,0.0725237049467475,0.0673555577780967,0.0744884156409306,0.0915761934626465,0.11668457385751,0.144483503066705,0.233588881501856,0.238176512690635,1,0.979460243748512,0.967888661897305,0.957342317665061,0.951243355437099,0.943065272905946,0.931608969909154,0.926098490083241,0.91600979464207,0.919892025272499,0.927476295053253,0.932644442221903,0.925511584359069,0.908423806537353,0.88331542614249,0.855516496933295,0.766411118498144,0.761823487309365,0,100000,2053.9756251488,98166.9060400986,4978927.22079425,49.7892722079425,2023.5,"Total","GMoH report",28.2530477920576
0,1,0.0215644,0.00884175,0.00914674,0.010428,0.0126979,0.014948,0.0162927,0.0179487,0.0174733,0.0164712,0.0151868,0.0158001,0.0192018,0.0250703,0.0318514,0.0532092,0.0564199,0.171195,0.10625931802,0.0211566483072503,0.0347524549626677,0.0447112935569278,0.0508152465231417,0.0615360533697894,0.0720475818656796,0.0782752135696831,0.0858894883510823,0.0837097845538864,0.0790988668604216,0.0731564683655646,0.0759985387208902,0.0916112478524663,0.11795837065069,0.147510926212118,0.234810767301282,0.24722804592876,1,0.97884335169275,0.965247545037332,0.955288706443072,0.949184753476858,0.938463946630211,0.92795241813432,0.921724786430317,0.914110511648918,0.916290215446114,0.920901133139578,0.926843531634435,0.92400146127911,0.908388752147534,0.88204162934931,0.852489073787882,0.765189232698718,0.75277195407124,0,100000,2115.66483072503,98109.1442713467,4869266.72057842,48.6926672057842,2023.5,"Total","GMoH report",29.3496527942158
