"x","n","X1","X2","X3","X4","X5","X6","X7","X8","X9","X10","X11","X12","X13","X14","X15","X16","X17","X18","ax","X1.1","X2.1","X3.1","X4.1","X5.1","X6.1","X7.1","X8.1","X9.1","X10.1","X11.1","X12.1","X13.1","X14.1","X15.1","X16.1","X17.1","X18.1","X1.2","X2.2","X3.2","X4.2","X5.2","X6.2","X7.2","X8.2","X9.2","X10.2","X11.2","X12.2","X13.2","X14.2","X15.2","X16.2","X17.2","X18.2","lx","dx","Lx","Tx","ex","year","sex","scenario","bmmr_lss"
0,1,0.0242436,0.0117289,0.0127774,0.013619,0.0178199,0.0237969,0.023733,0.0274544,0.0242021,0.0215914,0.0152702,0.0204685,0.0237263,0.0418994,0.0615892,0.0815019,0.0931281,0.23686,0.107359227156,0.023730061864016,0.0458402876992095,0.0619093971714537,0.065852874263513,0.08529943164507,0.112303322652903,0.112018653255706,0.128455339329762,0.114106460104747,0.102428085582391,0.073543442317797,0.0973604443614682,0.111988800317563,0.189633206109807,0.266857196832162,0.338531997485368,0.377703481103592,1,0.976269938135984,0.954159712300791,0.938090602828546,0.934147125736487,0.91470056835493,0.887696677347097,0.887981346744294,0.871544660670238,0.885893539895253,0.897571914417609,0.926456557682203,0.902639555638532,0.888011199682436,0.810366793890193,0.733142803167838,0.661468002514632,0.622296518896408,0,100000,2373.0061864016,97881.7579238069,4077026.29987388,40.7702629987388,2023,"Males","GMoH report",32.4695770012612
0,1,0.0233553,0.012596,0.013082,0.0142683,0.0172427,0.0239619,0.0236507,0.0283636,0.0264208,0.0234107,0.0158146,0.0211343,0.0253902,0.0487907,0.0593615,0.079766,0.100438,0.250754,0.104463182613,0.0228768191785772,0.0491459160820607,0.0633385139028086,0.0688843437936236,0.0826506970643225,0.113037987611623,0.111651886802028,0.132427685265508,0.123918908270891,0.110581522857122,0.0760656311731238,0.100368457283104,0.119373695021653,0.217431867460712,0.258452221180922,0.332520437046393,0.401400373273013,1,0.977123180821423,0.950854083917939,0.936661486097191,0.931115656206376,0.917349302935678,0.886962012388377,0.888348113197972,0.867572314734492,0.876081091729109,0.889418477142878,0.923934368826876,0.899631542716896,0.880626304978347,0.782568132539288,0.741547778819078,0.667479562953607,0.598599626726987,0,100000,2287.68191785771,97951.2966160879,4010136.52389086,40.1013652389086,2023,"Males","GMoH report",33.1384747610914
0,1,0.0250236,0.0138665,0.0144328,0.0154799,0.0202208,0.0258634,0.0268989,0.0330568,0.0275853,0.0260855,0.0176175,0.0224741,0.0264197,0.0544631,0.0685844,0.087845,0.108379,0.2441,0.109902190956,0.0244783819460835,0.0539692702287462,0.0696508577506414,0.0745157587647441,0.0962389296293758,0.121463361256215,0.126020001457019,0.152667271360247,0.129028289793873,0.122442561410797,0.0843714643184254,0.1063927942565,0.123914068698046,0.239681065415432,0.292730189054522,0.36013487890621,0.426370876845818,1,0.975521618053916,0.946030729771254,0.930349142249359,0.925484241235256,0.903761070370624,0.878536638743785,0.873979998542981,0.847332728639754,0.870971710206127,0.877557438589203,0.915628535681575,0.8936072057435,0.876085931301954,0.760318934584568,0.707269810945478,0.63986512109379,0.573629123154182,0,100000,2447.83819460835,97821.1845860849,3781793.35052839,37.8179335052839,2023,"Males","GMoH report",35.4219064947161
0,1,0.0236137,0.0117072,0.012301,0.0128885,0.0174518,0.0235355,0.024661,0.026659,0.0245763,0.0229842,0.0152832,0.0202237,0.0246703,0.0474934,0.057211,0.0793183,0.0977557,0.24494,0.105305620877,0.0231251342558023,0.045757417523146,0.0596699983749736,0.062430898414463,0.0836110899509836,0.111138263498573,0.116144406950485,0.124966307988347,0.115768590945844,0.108676399733134,0.0736037479965479,0.0962520676487309,0.116185662147789,0.212264136186143,0.250260820496445,0.330962953010557,0.392785858604934,1,0.976874865744198,0.954242582476854,0.940330001625026,0.937569101585537,0.916388910049016,0.888861736501427,0.883855593049515,0.875033692011653,0.884231409054156,0.891323600266866,0.926396252003452,0.903747932351269,0.883814337852211,0.787735863813857,0.749739179503555,0.669037046989443,0.607214141395066,0,100000,2312.51342558023,97931.0072364869,4087051.16435672,40.8705116435672,2023,"Males","GMoH report",32.3693283564328
0,1,0.0247251,0.0123546,0.0131318,0.0139979,0.0180921,0.0241749,0.0247529,0.0284109,0.0239622,0.0249848,0.0167774,0.0206624,0.0241754,0.0488917,0.0620585,0.0854667,0.104228,0.24118,0.108929018271,0.0241921039415766,0.0482267554541327,0.0635719642012549,0.0676230483294722,0.0865460026630496,0.113985528139454,0.116551999998117,0.132633880230405,0.113039322845291,0.117579734616391,0.0805101236295442,0.0982374464653841,0.113987751293451,0.217832942778848,0.268617501896405,0.352101184283083,0.413416153010146,1,0.975807896058423,0.951773244545867,0.936428035798745,0.932376951670528,0.91345399733695,0.886014471860546,0.883448000001883,0.867366119769595,0.886960677154709,0.882420265383609,0.919489876370456,0.901762553534616,0.886012248706549,0.782167057221152,0.731382498103595,0.647898815716917,0.586583846989854,0,100000,2419.21039415765,97844.3118190689,3990778.64711547,39.9077864711547,2023,"Males","GMoH report",33.3320535288453
0,1,0.0246708,0.0132002,0.0146423,0.013872,0.0193664,0.0262003,0.0261864,0.0293296,0.0267611,0.0267217,0.0161328,0.0219875,0.0260961,0.0485899,0.0676765,0.0900304,0.10144,0.241662,0.108751988868,0.024140014162015,0.0514426923450147,0.0706261758629064,0.0670352186183168,0.0923602844672344,0.122948294499089,0.122887074763531,0.136629759513437,0.125414898405689,0.125241814512831,0.0775367863335935,0.104209247904263,0.122489269439453,0.216633945614915,0.289415867592235,0.367448223620412,0.404594767070836,1,0.975859985837985,0.948557307654985,0.929373824137094,0.932964781381683,0.907639715532766,0.877051705500911,0.877112925236469,0.863370240486563,0.874585101594311,0.874758185487169,0.922463213666406,0.895790752095737,0.877510730560547,0.783366054385085,0.710584132407765,0.632551776379588,0.595405232929164,0,100000,2414.0014162015,97848.5260389406,3865807.62320243,38.6580762320243,2023,"Males","GMoH report",34.5817637679757
0,1,0.0244365,0.0130465,0.0135742,0.014363,0.0193306,0.0251624,0.0255755,0.0281881,0.0277585,0.0249593,0.0160937,0.0229822,0.025602,0.0487073,0.0684442,0.0870868,0.103158,0.245099,0.107988121665,0.0239152047780639,0.0508589377376125,0.0656433597647049,0.0693256878630573,0.0921974213186445,0.118366064355644,0.120192539279164,0.131662229753699,0.129785848790848,0.117466778583267,0.0773561339669406,0.108667456928448,0.120309585011349,0.217100546391824,0.29221922269504,0.357582262545403,0.410042173631344,1,0.976084795221936,0.949141062262387,0.934356640235295,0.930674312136943,0.907802578681355,0.881633935644356,0.879807460720836,0.868337770246301,0.870214151209152,0.882533221416733,0.922643866033059,0.891332543071552,0.879690414988651,0.782899453608176,0.70778077730496,0.642417737454597,0.589957826368656,0,100000,2391.52047780639,97866.7353265153,3903485.71753271,39.0348571753271,2023,"Males","GMoH report",34.2049828246729
0,1,0.0242584,0.0125413,0.013427,0.0145054,0.0182265,0.0245922,0.0254157,0.0282333,0.0261306,0.0232587,0.017199,0.0212947,0.0262212,0.0498274,0.0631175,0.0827812,0.104023,0.239739,0.107407478264,0.0237442685251637,0.0489377148729283,0.0649546352802308,0.0699889555117979,0.0871609044381454,0.115839151072488,0.119486422339373,0.131859432697084,0.122641274764122,0.109902997859229,0.0824498620562369,0.101091706114508,0.123040336801642,0.221540084041123,0.272576613926271,0.342934646170978,0.412770845774895,1,0.976255731474836,0.951062285127072,0.935045364719769,0.930011044488202,0.912839095561855,0.884160848927512,0.880513577660627,0.868140567302916,0.877358725235878,0.890097002140771,0.917550137943763,0.898908293885492,0.876959663198358,0.778459915958877,0.727423386073729,0.657065353829022,0.587229154225105,0,100000,2374.42685251636,97880.6043480347,3954197.18535347,39.5419718535347,2023,"Males","GMoH report",33.6978681464653
0,1,0.0250678,0.013775,0.0141741,0.015009,0.0193887,0.0262295,0.0276138,0.0306943,0.0285641,0.0259725,0.0172842,0.0230116,0.0266502,0.053137,0.0656435,0.0914994,0.105928,0.245021,0.110046292238,0.0245207618715304,0.0536226947593791,0.068445129717189,0.0723309614972206,0.0924617186872226,0.123076886982248,0.129152988046691,0.14253404328778,0.133301412787492,0.121944491721883,0.0828413824439075,0.108798907642249,0.124927633925872,0.234529513149445,0.281947455510492,0.372327616269725,0.418747331636122,1,0.97547923812847,0.946377305240621,0.931554870282811,0.927669038502779,0.907538281312777,0.876923113017752,0.870847011953309,0.85746595671222,0.866698587212508,0.878055508278117,0.917158617556093,0.891201092357751,0.875072366074128,0.765470486850555,0.718052544489508,0.627672383730275,0.581252668363878,0,100000,2452.07618715304,97817.7657055282,3806235.38925666,38.0623538925666,2023,"Males","GMoH report",35.1774861074334
0,1,0.0246704,0.0129181,0.0138643,0.0145399,0.0197772,0.02574,0.0254527,0.0316189,0.0276341,0.0255335,0.0168639,0.0229476,0.0277022,0.0537322,0.0697795,0.0864745,0.0943254,0.25339,0.108750684784,0.0241396304286013,0.0503710046496702,0.0669992555530883,0.0701495802937184,0.0942271281050996,0.120918870672241,0.119649963438944,0.146513046578822,0.129241798069892,0.120007002973914,0.0809084211897456,0.108512733019409,0.129539665683272,0.236845434377371,0.297073414229442,0.355515037273279,0.381632827283405,1,0.975860369571399,0.94962899535033,0.933000744446912,0.929850419706282,0.9057728718949,0.879081129327759,0.880350036561056,0.853486953421178,0.870758201930108,0.879992997026086,0.919091578810254,0.891487266980591,0.870460334316728,0.763154565622629,0.702926585770558,0.644484962726721,0.618367172716595,0,100000,2413.96304286014,97848.5570910942,3848760.97419808,38.4876097419808,2023,"Males","GMoH report",34.7522302580192
0,1,0.0238418,0.0123219,0.0127634,0.0138384,0.0182951,0.0254513,0.0251754,0.0275567,0.0260881,0.0254771,0.0169966,0.0195915,0.0248247,0.0455998,0.0620488,0.0826304,0.0969273,0.237053,0.106049274778,0.0233442546927455,0.0481021795086253,0.0618436615261915,0.0668782790577191,0.0874746082371034,0.119643775915128,0.118423596473361,0.128903137291498,0.122454018312175,0.119757796600569,0.0815191298921862,0.0933836838925479,0.116870323218024,0.204667057750026,0.268581154198431,0.342416888782804,0.390106560859104,1,0.976655745307255,0.951897820491375,0.938156338473809,0.933121720942281,0.912525391762897,0.880356224084872,0.881576403526639,0.871096862708502,0.877545981687825,0.880242203399431,0.918480870107814,0.906616316107452,0.883129676781976,0.795332942249974,0.731418845801569,0.657583111217196,0.609893439140897,0,100000,2334.42546927455,97913.1386587653,3984120.4669127,39.841204669127,2023,"Males","GMoH report",33.398635330873
0,1,0.0233871,0.0121151,0.0125544,0.0137684,0.0179031,0.0244994,0.0252931,0.0272728,0.0246192,0.0240312,0.0157127,0.0214889,0.0248164,0.0458721,0.0636973,0.0791844,0.0999197,0.236023,0.104566857291,0.0229073831021945,0.0473139729720916,0.0608617918024871,0.0665512397756813,0.0856806278776109,0.115427253842997,0.118944323338422,0.127659893164274,0.115958958049942,0.113346376398718,0.0755940340528447,0.101966623557584,0.116833530908882,0.205763491368937,0.274736557663804,0.330496568753073,0.399742998725595,1,0.977092616897805,0.952686027027908,0.939138208197513,0.933448760224319,0.914319372122389,0.884572746157003,0.881055676661578,0.872340106835726,0.884041041950058,0.886653623601282,0.924405965947155,0.898033376442416,0.883166469091118,0.794236508631063,0.725263442336197,0.669503431246927,0.600257001274405,0,100000,2290.73831021946,97948.7969957563,4023773.75040991,40.2377375040991,2023,"Males","GMoH report",33.0021024959009
0,1,0.0239791,0.0116801,0.0136043,0.0131443,0.0174834,0.0252675,0.0238103,0.0271103,0.0252459,0.0238186,0.0156129,0.0207961,0.025002,0.0503055,0.0607019,0.0832052,0.0946305,0.255244,0.106496901611,0.0234761148455471,0.045653915405348,0.0657841323216417,0.0636305523276008,0.0837561445556877,0.118831088667721,0.112363007694716,0.12694753556634,0.118735536309698,0.11239997489492,0.0751319316604465,0.098841695538528,0.117655916913332,0.223428316998127,0.263519208407866,0.344388677936413,0.382631075115667,1,0.976523885154453,0.954346084594652,0.934215867678358,0.936369447672399,0.916243855444312,0.881168911332279,0.887636992305284,0.87305246443366,0.881264463690302,0.88760002510508,0.924868068339553,0.901158304461472,0.882344083086668,0.776571683001873,0.736480791592134,0.655611322063587,0.617368924884333,0,100000,2347.61148455471,97902.4018647368,4023389.4906296,40.233894906296,2023,"Males","GMoH report",33.005945093704
0,1,0.024298,0.011875,0.0138477,0.0136312,0.0189666,0.0256912,0.0246056,0.0289405,0.0261754,0.0242098,0.0169683,0.0195993,0.0255992,0.0470083,0.0673768,0.0844871,0.0988431,0.234951,0.10753658258,0.0237822794596934,0.0463980463980464,0.0669217202366958,0.0659099216886927,0.0905399141602218,0.120703458281496,0.115898612736149,0.134939461300577,0.122838624660175,0.114140691704906,0.0813889209323586,0.0934191262950153,0.120297218603794,0.210324058859757,0.288318975182337,0.348769244836447,0.396289334261615,1,0.976217720540307,0.953601953601954,0.933078279763304,0.934090078311307,0.909460085839778,0.879296541718504,0.884101387263851,0.865060538699423,0.877161375339825,0.885859308295094,0.918611079067641,0.906580873704985,0.879702781396206,0.789675941140243,0.711681024817663,0.651230755163553,0.603710665738385,0,100000,2378.22794596934,97877.5185599365,3954487.00802785,39.5448700802785,2023,"Males","GMoH report",33.6949699197215
0,1,0.0236236,0.0121957,0.0130035,0.0139712,0.0174607,0.0231718,0.0241195,0.0272436,0.02492,0.0220373,0.0151232,0.0198336,0.0237877,0.0461153,0.0584021,0.0881117,0.0950182,0.229806,0.105337896956,0.0231346460253285,0.0476212510179215,0.0629704106623794,0.0674984153487006,0.0836519461592432,0.109514858976898,0.113739170210283,0.127531927921214,0.117292666854937,0.104432949409922,0.0728612614279327,0.0944831476089575,0.112262342677713,0.206741620383789,0.254807296912471,0.361030886987548,0.383897804161544,1,0.976865353974671,0.952378748982079,0.937029589337621,0.932501584651299,0.916348053840757,0.890485141023102,0.886260829789717,0.872468072078786,0.882707333145063,0.895567050590078,0.927138738572067,0.905516852391043,0.887737657322287,0.793258379616211,0.745192703087529,0.638969113012452,0.616102195838456,0,100000,2313.46460253285,97930.2308933801,4061638.57571492,40.6163857571492,2023,"Males","GMoH report",32.6234542428508
0,1,0.024913,0.0128627,0.0139446,0.0138244,0.018742,0.0250857,0.0251094,0.0279271,0.0262763,0.0247647,0.0160726,0.0206996,0.0262287,0.0518969,0.0639074,0.0844896,0.108211,0.237183,0.10954161173,0.0243723245990354,0.0501604035544016,0.0673742331703324,0.0668128800525054,0.0895157400021971,0.118026553233854,0.118131473921772,0.130522698842864,0.123282950518244,0.116604322345995,0.0772586322675418,0.0984056081821803,0.123073364135264,0.229684691353271,0.275517915859932,0.348777765301876,0.425850680130891,1,0.975627675400965,0.949839596445598,0.932625766829668,0.933187119947495,0.910484259997803,0.881973446766146,0.881868526078228,0.869477301157136,0.876717049481756,0.883395677654005,0.922741367732458,0.90159439181782,0.876926635864737,0.770315308646729,0.724482084140068,0.651222234698124,0.574149319869109,0,100000,2437.23245990353,97829.745911915,3934585.17562592,39.3458517562593,2023,"Males","GMoH report",33.8939882437408
0,1,0.0236638,0.011356,0.0119798,0.011921,0.0161722,0.0220662,0.0228076,0.0257776,0.0235009,0.0208856,0.0145613,0.0204065,0.0229702,0.0440267,0.0538238,0.078421,0.0924615,0.225082,0.105468957398,0.0231732681738804,0.0444152410453774,0.0581572203297346,0.0578800303941775,0.0777187904429945,0.104562743948698,0.107886423990486,0.121084810473825,0.110983943599648,0.0992459708766468,0.0702492007816456,0.0970798500974652,0.108613798324326,0.19830654327769,0.237201310288266,0.327832599321518,0.375507526984343,1,0.97682673182612,0.955584758954623,0.941842779670265,0.942119969605822,0.922281209557005,0.895437256051302,0.892113576009514,0.878915189526175,0.889016056400352,0.900754029123353,0.929750799218354,0.902920149902535,0.891386201675674,0.80169345672231,0.762798689711734,0.672167400678482,0.624492473015657,0,100000,2317.32681738804,97927.0792259923,4208506.52897545,42.0850652897545,2023,"Males","GMoH report",31.1547747102455
0,1,0.0227724,0.0108639,0.0117434,0.0120984,0.0168078,0.023212,0.0228427,0.0247064,0.0236931,0.0205049,0.0147127,0.0187086,0.0255264,0.0437105,0.0586772,0.0809461,0.0916476,0.219332,0.10384881442,0.0223169662160563,0.0425314844129718,0.0570423229613395,0.0587160736367819,0.0806501221906116,0.10969443210495,0.108043487566417,0.116345786171341,0.111840858394909,0.0975251417997745,0.0709536987895476,0.089363342429556,0.119975634884228,0.197022608209632,0.255854008003886,0.336611940506431,0.372818254375695,1,0.977683033783944,0.957468515587028,0.942957677038661,0.941283926363218,0.919349877809388,0.89030556789505,0.891956512433583,0.883654213828659,0.888159141605091,0.902474858200226,0.929046301210452,0.910636657570444,0.880024365115772,0.802977391790368,0.744145991996114,0.663388059493569,0.627181745624305,0,100000,2231.69662160563,98000.0624266932,4202500.96378438,42.0250096378438,2023,"Males","GMoH report",31.2148303621562
0,1,0.0245456,0.0124197,0.0128583,0.0122954,0.017929,0.0237215,0.0246834,0.0265672,0.0240409,0.0214729,0.0150428,0.021314,0.0243748,0.0435721,0.0592016,0.0747156,0.0976753,0.230796,0.108343810576,0.0240198949074423,0.0484747171117738,0.0622891679784565,0.0596436438534119,0.0857992625541659,0.111967412557541,0.116243771242295,0.124562788700116,0.113389533886943,0.101894570208429,0.0724879458214912,0.101178693326118,0.114873927481085,0.196460056888159,0.257845791478078,0.314780470664962,0.39252621136713,1,0.975980105092558,0.951525282888226,0.937710832021543,0.940356356146588,0.914200737445834,0.888032587442459,0.883756228757705,0.875437211299884,0.886610466113056,0.898105429791571,0.927512054178509,0.898821306673882,0.885126072518915,0.803539943111841,0.742154208521921,0.685219529335038,0.60747378863287,0,100000,2401.98949074422,97858.2512036465,4082532.06339384,40.8253206339384,2023,"Males","GMoH report",32.4145193660616
0,1,0.0257601,0.0138331,0.0146179,0.0146906,0.020386,0.0255548,0.0270623,0.0309321,0.0288226,0.0264084,0.016537,0.0223033,0.0251648,0.0548608,0.0686321,0.0906534,0.104605,0.271591,0.112303335621,0.0251842087977954,0.0538427750178025,0.0705126334391255,0.0708508946187833,0.09698705475444,0.12010110096279,0.126737012375009,0.143559043292435,0.134426683668258,0.123864351640352,0.0794023099988716,0.105626927376604,0.118376685934489,0.241220171094102,0.292903964538494,0.369521132432793,0.414601520000793,1,0.974815791202205,0.946157224982198,0.929487366560874,0.929149105381217,0.90301294524556,0.87989889903721,0.873262987624991,0.856440956707565,0.865573316331742,0.876135648359648,0.920597690001128,0.894373072623396,0.881623314065511,0.758779828905898,0.707096035461506,0.630478867567207,0.585398479999207,0,100000,2518.42087977954,97764.4061855173,3796206.97179562,37.9620697179562,2023,"Males","GMoH report",35.2777702820438
0,1,0.0240002,0.0123247,0.0124956,0.0135914,0.0182222,0.0235404,0.0253237,0.0281819,0.0257941,0.0220796,0.0159419,0.0212228,0.0254426,0.0478732,0.0627432,0.0788563,0.0998633,0.238422,0.106565692042,0.0234963765474222,0.0481128471846077,0.0605853735167115,0.0657238037347972,0.0871412373613835,0.111160116012546,0.119079656271212,0.131635176545295,0.121157620549463,0.104622919468271,0.0766544558266431,0.100767574784651,0.119605323961446,0.213780150274676,0.271179349583095,0.329352668013348,0.399562440371197,1,0.976503623452578,0.951887152815392,0.939414626483289,0.934276196265203,0.912858762638617,0.888839883987454,0.880920343728788,0.868364823454705,0.878842379450537,0.895377080531729,0.923345544173357,0.899232425215349,0.880394676038554,0.786219849725324,0.728820650416905,0.670647331986652,0.600437559628803,0,100000,2349.63765474223,97900.7531079833,4019704.5107949,40.197045107949,2023,"Males","GMoH report",33.042794892051
0,1,0.0246628,0.0128367,0.0141394,0.014201,0.018837,0.0251849,0.0268242,0.0287958,0.0260401,0.0235408,0.0155349,0.0213639,0.0254895,0.0534076,0.0659543,0.0861163,0.104273,0.246391,0.108725907188,0.0241323394521467,0.0500615498071803,0.068283288187504,0.068570573224111,0.089949073267166,0.118465636949948,0.125692029645929,0.134310084193922,0.122242483747422,0.111161899868915,0.0747706149351113,0.101403561149875,0.119812592320139,0.235583170639398,0.283093427831871,0.354303280922693,0.413557735591634,1,0.975867660547853,0.94993845019282,0.931716711812496,0.931429426775889,0.910050926732834,0.881534363050052,0.874307970354071,0.865689915806078,0.877757516252578,0.888838100131085,0.925229385064889,0.898596438850125,0.88018740767986,0.764416829360602,0.716906572168129,0.645696719077307,0.586442264408366,0,100000,2413.23394521467,97849.1471047357,3908858.59713472,39.0885859713472,2023,"Males","GMoH report",34.1512540286528
0,1,0.0252305,0.0137382,0.0149637,0.0154009,0.0202645,0.0276456,0.0270165,0.0329475,0.0289011,0.0252672,0.0176664,0.0218994,0.0272334,0.0520259,0.0725501,0.0987338,0.11291,0.267528,0.110576728405,0.024676739315383,0.0534832722191965,0.0721205252411235,0.0741495745435313,0.0964368867701174,0.129292105425614,0.126536094038521,0.152200901956935,0.134768131860702,0.118829761618107,0.0845957443548248,0.103813373519849,0.127487223611263,0.230189907259739,0.307057812494379,0.395937873069762,0.440272172505898,1,0.975323260684617,0.946516727780804,0.927879474758877,0.925850425456469,0.903563113229883,0.870707894574386,0.873463905961479,0.847799098043065,0.865231868139298,0.881170238381893,0.915404255645175,0.896186626480151,0.872512776388737,0.769810092740261,0.692942187505621,0.604062126930238,0.559727827494102,0,100000,2467.6739315383,97805.1933785815,3748004.19704318,37.4800419704318,2023,"Males","GMoH report",35.7597980295682
0,1,0.023824,0.0113508,0.0124814,0.0123828,0.0166751,0.0242277,0.0241458,0.0259628,0.0248161,0.0230152,0.0139434,0.0219514,0.0253835,0.0438059,0.0588361,0.0805361,0.0961331,0.227938,0.10599124304,0.0233271580192431,0.0443953544220523,0.0605186076269136,0.0600548810474152,0.0800388600134733,0.114220264259029,0.113856131547218,0.121901724751551,0.116832201039462,0.108815002392349,0.067368630590559,0.10404705376022,0.119344074229489,0.19741017413243,0.256458024989751,0.335192714969801,0.387529475457292,1,0.976672841980757,0.955604645577948,0.939481392373086,0.939945118952585,0.919961139986527,0.885779735740971,0.886143868452782,0.878098275248449,0.883167798960538,0.891184997607651,0.932631369409441,0.89595294623978,0.880655925770511,0.80258982586757,0.743541975010249,0.664807285030198,0.612470524542708,0,100000,2332.71580192431,97914.5316455807,4111379.78790065,41.1137978790065,2023,"Males","GMoH report",32.1260421209935
0,1,0.0236706,0.0121606,0.0127239,0.0127906,0.0166896,0.0237375,0.0237412,0.0260178,0.0232571,0.0214687,0.0156683,0.0195314,0.025192,0.0464633,0.0564775,0.0790115,0.0935523,0.226262,0.105491126826,0.0231798010514699,0.0474874482730612,0.061658169056844,0.0619713724101275,0.080105670983869,0.112038703206584,0.112055188402733,0.122144192097138,0.109895852898865,0.101875655297772,0.0753884768215426,0.093110551439058,0.118497055447892,0.208139392420385,0.247449217102705,0.32989395870454,0.379097818002266,1,0.97682019894853,0.952512551726939,0.938341830943156,0.938028627589872,0.919894329016131,0.887961296793416,0.887944811597267,0.877855807902862,0.890104147101136,0.898124344702228,0.924611523178457,0.906889448560942,0.881502944552108,0.791860607579615,0.752550782897295,0.67010604129546,0.620902181997734,0,100000,2317.98010514698,97926.5462281052,4117084.75152544,41.1708475152544,2023,"Males","GMoH report",32.0689924847456
0,1,0.0236411,0.0114245,0.0125175,0.0131867,0.0178259,0.0221499,0.0249663,0.0276651,0.0238794,0.0220728,0.0152737,0.0198987,0.0254112,0.0451737,0.0617042,0.0798848,0.0919968,0.234073,0.105394950631,0.0231514594258834,0.0446771713126767,0.0606883344342967,0.0638292568468443,0.0853269268372305,0.104938553817021,0.117497787471618,0.129377403019325,0.112670726626489,0.104592383114951,0.0735596788335018,0.094778573975104,0.119466530265306,0.202948646786636,0.267288883228699,0.332933237310288,0.3739731640531,1,0.976848540574117,0.955322828687323,0.939311665565703,0.936170743153156,0.914673073162769,0.895061446182979,0.882502212528382,0.870622596980675,0.887329273373511,0.895407616885049,0.926440321166498,0.905221426024896,0.880533469734694,0.797051353213364,0.732711116771301,0.667066762689712,0.6260268359469,0,100000,2315.14594258835,97928.8587497343,4093179.18809269,40.9317918809269,2023,"Males","GMoH report",32.3080481190731
0,1,0.0239244,0.0110395,0.0124449,0.0122501,0.0166471,0.0219395,0.0231446,0.0249793,0.0229031,0.0222623,0.0142201,0.0198945,0.0237991,0.0434241,0.053425,0.0776671,0.0939791,0.227399,0.106318568124,0.0234235851958899,0.0432040967479031,0.060346969983142,0.0594304282764273,0.0799098325657373,0.103993582018275,0.109393337407591,0.117555372696976,0.108313701176463,0.105442991240279,0.0686596328859947,0.0947595169739065,0.112313121948584,0.195858096120621,0.235650879417765,0.325193424458163,0.380498284239151,1,0.97657641480411,0.956795903252097,0.939653030016858,0.940569571723573,0.920090167434263,0.896006417981725,0.890606662592409,0.882444627303024,0.891686298823537,0.894557008759721,0.931340367114005,0.905240483026094,0.887686878051416,0.804141903879379,0.764349120582235,0.674806575541837,0.619501715760849,0,100000,2342.35851958899,97906.6776842468,4196366.1318899,41.963661318899,2023,"Males","GMoH report",31.276178681101
0,1,0.0235328,0.011306,0.011699,0.0118291,0.016621,0.0226369,0.0233654,0.0248941,0.0233511,0.0208573,0.0141003,0.0194265,0.0241938,0.0443708,0.057541,0.0748733,0.0918648,0.233051,0.105041869888,0.0230474016541528,0.0442240067591618,0.0568327831741151,0.0574466447368581,0.0797895449341248,0.107122212944492,0.110379355516535,0.117177903858867,0.110315527702656,0.0991181571520798,0.0681008924649415,0.0926336318759067,0.114069559715394,0.199701690570127,0.251522814348878,0.315340112825884,0.373536793037436,1,0.976952598345847,0.955775993240838,0.943167216825885,0.942553355263142,0.920210455065875,0.892877787055508,0.889620644483465,0.882822096141133,0.889684472297344,0.90088184284792,0.931899107535059,0.907366368124093,0.885930440284606,0.800298309429873,0.748477185651122,0.684659887174116,0.626463206962564,0,100000,2304.74016541528,97937.3540511659,4205427.78625557,42.0542778625558,2023,"Males","GMoH report",31.1855621374443
0,1,0.0245972,0.0124382,0.0131987,0.0142485,0.0177607,0.0247419,0.0248766,0.028021,0.0258167,0.022549,0.0165183,0.0204741,0.0257403,0.0503833,0.0669266,0.0890433,0.104361,0.237859,0.108512037412,0.0240694035268663,0.0485451709103654,0.0638854865709887,0.068792041492003,0.0850281034094399,0.116503222309831,0.117100353373191,0.130932828062175,0.121257339132073,0.106728450428234,0.0793160828707886,0.0973857842849298,0.120920194776017,0.223735205101965,0.286668611297793,0.364153031030177,0.413834535184124,1,0.975930596473134,0.951454829089635,0.936114513429011,0.931207958507997,0.91497189659056,0.883496777690169,0.882899646626809,0.869067171937825,0.878742660867927,0.893271549571766,0.920683917129211,0.90261421571507,0.879079805223983,0.776264794898035,0.713331388702207,0.635846968969823,0.586165464815876,0,100000,2406.94035268662,97854.2416489126,3976321.13873626,39.7632113873626,2023,"Males","GMoH report",33.4766286126374
0,1,0.0237651,0.0128785,0.0135915,0.0135934,0.0181242,0.0248449,0.0255564,0.0282183,0.0250282,0.0221471,0.0159401,0.0212833,0.0249607,0.0483313,0.062913,0.085005,0.0981267,0.237312,0.105799216671,0.0232705821860915,0.0502204713202055,0.0657242714127346,0.0657331572505751,0.0866929012958351,0.116959859939474,0.120108168975957,0.131793993857806,0.117771950190599,0.104925984331054,0.0766461324599383,0.101040321322967,0.117472980442662,0.215605290105777,0.271813494112285,0.350532468737436,0.39398289631935,1,0.976729417813909,0.949779528679795,0.934275728587265,0.934266842749425,0.913307098704165,0.883040140060526,0.879891831024043,0.868206006142194,0.882228049809401,0.895074015668946,0.923353867540062,0.898959678677033,0.882527019557338,0.784394709894223,0.728186505887715,0.649467531262564,0.60601710368065,0,100000,2327.05821860915,97919.1427180675,3981346.63097794,39.8134663097794,2023,"Males","GMoH report",33.4263736902206
0,1,0.0259345,0.0127458,0.013876,0.0135505,0.0182673,0.0256327,0.024214,0.0300077,0.0258813,0.0233304,0.0158109,0.0204153,0.0252483,0.0470903,0.0659424,0.0850616,0.0955273,0.243801,0.112871916245,0.0253512383975564,0.0497158631040956,0.0670539002019929,0.0655325044946143,0.0873474928592314,0.12044516316533,0.114159362963033,0.139568198429935,0.121542317072856,0.110223125955518,0.0760485114748074,0.0971196814197771,0.118746153717722,0.210652299993983,0.283049578660367,0.350724938853127,0.385558172072457,1,0.974648761602444,0.950284136895904,0.932946099798007,0.934467495505386,0.912652507140769,0.87955483683467,0.885840637036967,0.860431801570065,0.878457682927144,0.889776874044482,0.923951488525193,0.902880318580223,0.881253846282278,0.789347700006017,0.716950421339633,0.649275061146873,0.614441827927543,0,100000,2535.12383975564,97751.020445956,3950229.48313585,39.5022948313585,2023,"Males","GMoH report",33.7375451686415
0,1,0.0234082,0.0120545,0.0130586,0.0125707,0.0159906,0.0229275,0.0231985,0.0265384,0.0231459,0.0219823,0.0159339,0.019166,0.0239392,0.0434856,0.0570259,0.0842192,0.0967905,0.237442,0.104635647722,0.022927662159133,0.0470828788732449,0.0632288009497926,0.0609384040117245,0.0768796217991464,0.108422838429755,0.109634131500939,0.124436158620185,0.109399145779269,0.104185886469646,0.0766174625343113,0.0914482567765515,0.112936949449355,0.196108284011927,0.249552158860143,0.347855681889524,0.389663248391425,1,0.977072337840867,0.952917121126755,0.936771199050207,0.939061595988275,0.923120378200854,0.891577161570245,0.890365868499061,0.875563841379815,0.890600854220731,0.895814113530354,0.923382537465689,0.908551743223448,0.887063050550645,0.803891715988073,0.750447841139857,0.652144318110476,0.610336751608575,0,100000,2292.7662159133,97947.1388621639,4136182.90007408,41.3618290007408,2023,"Males","GMoH report",31.8780109992592
0,1,0.0241426,0.0116913,0.0124375,0.0123369,0.0172252,0.0227295,0.0240451,0.0267143,0.023861,0.0229561,0.0167212,0.0190237,0.0248108,0.0461886,0.0601351,0.0802224,0.0956577,0.239711,0.107029945946,0.0236331029419746,0.0456966925175394,0.0603121685103804,0.0598389326785936,0.0825702761961646,0.107536852762819,0.11340822002188,0.125209302805179,0.112588796798951,0.108550745573831,0.0802512567155211,0.0908001146474531,0.116808706369989,0.207036217420167,0.261380190296285,0.334105197924961,0.385982907155483,1,0.976366897058025,0.954303307482461,0.93968783148962,0.940161067321406,0.917429723803835,0.892463147237181,0.88659177997812,0.874790697194821,0.887411203201049,0.891449254426169,0.919748743284479,0.909199885352547,0.883191293630011,0.792963782579833,0.738619809703715,0.665894802075039,0.614017092844517,0,100000,2363.31029419746,97889.6346788441,4109884.97650847,41.0988497650847,2023,"Males","GMoH report",32.1409902349153
0,1,0.0250915,0.0122412,0.0138176,0.013064,0.0170323,0.0250077,0.025834,0.0280882,0.0252816,0.023162,0.0152947,0.0205925,0.0248378,0.0502601,0.0594231,0.0843988,0.100193,0.235008,0.110123559215,0.0245434848551082,0.0477946717288652,0.0667811132247638,0.0632541204268588,0.081683361216865,0.117681162011888,0.121333665231052,0.131226228613636,0.118893457887668,0.109471077270643,0.0736570921805648,0.0979213847132319,0.11692839008205,0.223249184193758,0.258685729994857,0.348468245586075,0.400617361698384,1,0.975456515144892,0.952205328271135,0.933218886775236,0.936745879573141,0.918316638783135,0.882318837988112,0.878666334768948,0.868773771386364,0.881106542112332,0.890528922729357,0.926342907819435,0.902078615286768,0.88307160991795,0.776750815806242,0.741314270005143,0.651531754413925,0.599382638301616,0,100000,2454.34848551083,97815.9331052676,3998425.70915721,39.9842570915721,2023,"Males","GMoH report",33.2555829084279
0,1,0.0238886,0.0117169,0.0117845,0.0125167,0.0158942,0.0217369,0.0233605,0.0260956,0.0222237,0.0231594,0.015313,0.0197925,0.0240546,0.042379,0.0585292,0.0801891,0.0909275,0.228836,0.106201852606,0.0233892034021738,0.0457944617424205,0.0572362485717651,0.0606845734972669,0.0764338622659321,0.10308275135517,0.110357484933054,0.122487066282778,0.105269789450474,0.109459461375548,0.0737419729216278,0.0942965870042938,0.113450484913971,0.191595894018477,0.255291047985603,0.333989671985474,0.370431479189901,1,0.976610796597826,0.95420553825758,0.942763751428235,0.939315426502733,0.923566137734068,0.89691724864483,0.889642515066946,0.877512933717222,0.894730210549526,0.890540538624452,0.926258027078372,0.905703412995706,0.886549515086029,0.808404105981523,0.744708952014397,0.666010328014526,0.629568520810099,0,100000,2338.92034021737,97909.4773330116,4184301.01824782,41.8430101824782,2023,"Males","GMoH report",31.3968298175218
0,1,0.0229676,0.0109399,0.0128889,0.0122819,0.0169143,0.0233618,0.0244548,0.0266759,0.0224449,0.0205103,0.0145423,0.0193891,0.0236312,0.0449566,0.0557563,0.0772103,0.0899281,0.241547,0.10345930258,0.0225042071364736,0.0428226490043154,0.0624327754996562,0.059580107688453,0.0811404166275899,0.110363287382093,0.11522923053291,0.1250405752938,0.106261905398787,0.0975495725074986,0.0701607531969596,0.0924635380366347,0.111564964997857,0.202071842512281,0.244675937556979,0.323590249414147,0.367107336770436,1,0.977495792863526,0.957177350995685,0.937567224500344,0.940419892311547,0.91885958337241,0.889636712617907,0.884770769467091,0.8749594247062,0.893738094601213,0.902450427492501,0.92983924680304,0.907536461963365,0.888435035002143,0.797928157487719,0.755324062443021,0.676409750585853,0.632892663229564,0,100000,2250.42071364736,97982.4062438982,4155728.26553591,41.5572826553591,2023,"Males","GMoH report",31.6825573446409
0,1,0.0244092,0.0125575,0.0126314,0.0132338,0.0179394,0.0242591,0.0244497,0.0274096,0.023685,0.0232442,0.0160033,0.0207039,0.0260078,0.0473082,0.0586836,0.0825453,0.102011,0.230557,0.107899117932,0.0238890057004976,0.0489993805573033,0.0612236490000519,0.0640499397677538,0.0858468955068606,0.114359833413119,0.115206583960361,0.128259168722462,0.111804760612247,0.109838244682384,0.076938331979578,0.0984250443126389,0.122100111781991,0.211523955965931,0.255878344026253,0.342124563227535,0.406409421307501,1,0.976110994299502,0.951000619442697,0.938776350999948,0.935950060232246,0.914153104493139,0.88564016658688,0.884793416039639,0.871740831277538,0.888195239387753,0.890161755317616,0.923061668020422,0.901574955687361,0.877899888218009,0.788476044034069,0.744121655973747,0.657875436772465,0.593590578692499,0,100000,2388.90057004977,97868.8596942859,4037372.72407402,40.3737272407402,2023,"Males","GMoH report",32.8661127592598
0,1,0.0227871,0.0110605,0.0114894,0.0127079,0.0167709,0.0216861,0.0231562,0.0242496,0.0219499,0.0210597,0.014198,0.0190871,0.0235817,0.0438459,0.0548111,0.076971,0.0906044,0.225522,0.103819481305,0.0223310693040342,0.0432845034981181,0.0558429937684908,0.0615830227625883,0.080480187076401,0.102854232093493,0.109445164693321,0.114317609256438,0.104040313790808,0.100031895714551,0.0685565840491745,0.0910889406999166,0.11134428139837,0.197572625994743,0.241027978428847,0.322749181816085,0.36935828541285,1,0.977668930695966,0.956715496501882,0.944157006231509,0.938416977237412,0.919519812923599,0.897145767906507,0.890554835306679,0.885682390743562,0.895959686209192,0.899968104285449,0.931443415950825,0.908911059300083,0.88865571860163,0.802427374005257,0.758972021571153,0.677250818183915,0.63064171458715,0,100000,2233.10693040342,97998.7330728097,4233642.03029329,42.3364203029329,2023,"Males","GMoH report",30.9034196970671
0,1,0.0247083,0.0116124,0.0127222,0.0132373,0.0176095,0.0239781,0.0252611,0.0272053,0.0251831,0.0217946,0.0156274,0.0221717,0.025474,0.0467351,0.062875,0.0822485,0.0978044,0.239297,0.108874246743,0.0241759881974589,0.0453953031630977,0.0616501850397192,0.0640663367029065,0.0843347672885794,0.113110087525747,0.118802777869878,0.127364056578886,0.118457671530218,0.103342242883147,0.0751990845646846,0.105036410541019,0.119744097171625,0.20922958594478,0.271671617607345,0.341104223237605,0.392943091704292,1,0.975824011802541,0.954604696836902,0.938349814960281,0.935933663297093,0.915665232711421,0.886889912474253,0.881197222130122,0.872635943421114,0.881542328469782,0.896657757116853,0.924800915435315,0.894963589458981,0.880255902828375,0.79077041405522,0.728328382392655,0.658895776762395,0.607056908295708,0,100000,2417.59881974589,97845.6154306807,4043361.70339668,40.4336170339668,2023,"Males","GMoH report",32.8062229660332
0,1,0.0239604,0.0122738,0.0131697,0.01328,0.0177683,0.023353,0.0247568,0.0262467,0.0257387,0.0221558,0.0159467,0.0200892,0.0254337,0.0452253,0.0623453,0.0820282,0.098725,0.24689,0.106435935684,0.0234581572775097,0.0479189058663551,0.063749592479797,0.0642663569492838,0.0850629403906424,0.110324008569681,0.11656929329913,0.12315262499393,0.120913132867649,0.104965038973763,0.0766766511190016,0.0956425444881706,0.119565986427497,0.20315691853091,0.269691505461394,0.340346062740728,0.395909569401975,1,0.97654184272249,0.952081094133645,0.936250407520203,0.935733643050716,0.914937059609358,0.889675991430319,0.88343070670087,0.87684737500607,0.879086867132351,0.895034961026237,0.923323348880998,0.904357455511829,0.880434013572503,0.79684308146909,0.730308494538606,0.659653937259272,0.604090430598025,0,100000,2345.81572775096,97903.8633641745,4046513.31663515,40.4651331663515,2023,"Males","GMoH report",32.7747068336485
0,1,0.0235408,0.0123983,0.012631,0.012743,0.0175728,0.0236636,0.0244936,0.0266195,0.0243689,0.0235716,0.0163028,0.0207939,0.0257825,0.0463901,0.0616297,0.0782605,0.10203,0.236473,0.105067951568,0.0230550888439751,0.0483932128580442,0.0612217695713604,0.0617478673169503,0.0841664016430189,0.111709384521115,0.115401504286519,0.124792701693195,0.114847718576927,0.111299246691705,0.0783218368937226,0.0988317558785905,0.121106433449003,0.207845559298918,0.267009250054752,0.327271434709745,0.406469732884489,1,0.976944911156025,0.951606787141956,0.93877823042864,0.93825213268305,0.915833598356981,0.888290615478885,0.884598495713481,0.875207298306805,0.885152281423073,0.888700753308295,0.921678163106277,0.90116824412141,0.878893566550997,0.792154440701082,0.732990749945248,0.672728565290255,0.593530267115511,0,100000,2305.50888439751,97936.726211408,4060034.49555447,40.6003449555447,2023,"Males","GMoH report",32.6394950444553
0,1,0.0236938,0.0119441,0.0127495,0.0131154,0.0181347,0.0242569,0.0244953,0.0274195,0.024245,0.0215212,0.0150111,0.0209471,0.0252792,0.0450731,0.0609542,0.0817781,0.0956374,0.243085,0.105566763698,0.0232020892090199,0.0466617351386606,0.0617783910095591,0.0634950912021193,0.0867409473550031,0.114350055355611,0.11540905164321,0.128302522463294,0.114297163195795,0.102112064588922,0.0723407157061582,0.0995236693636801,0.118882842142291,0.202542458755652,0.264469658807751,0.339484505418573,0.38591680127448,1,0.97679791079098,0.953338264861339,0.938221608990441,0.936504908797881,0.913259052644997,0.885649944644389,0.88459094835679,0.871697477536706,0.885702836804205,0.897887935411078,0.927659284293842,0.90047633063632,0.881117157857708,0.797457541244348,0.735530341192249,0.660515494581427,0.61408319872552,0,100000,2320.20892090199,97924.7280259809,4058222.06207499,40.5822206207499,2023,"Males","GMoH report",32.6576193792501
0,1,0.0239965,0.0127083,0.0127364,0.0131394,0.0182402,0.0237198,0.0250304,0.027974,0.0243821,0.0230021,0.0151459,0.0208511,0.0246442,0.0478905,0.0606615,0.0796529,0.0921574,0.233552,0.106553629265,0.023492823592083,0.0495732173635574,0.0617168730453626,0.0636075862045595,0.087223561962719,0.111959837609666,0.117781692791857,0.130727567562515,0.114906354438606,0.108756434069713,0.0729666365487411,0.0990901532632325,0.116069876852198,0.213849143931385,0.263366919093521,0.332127252853053,0.37450376647796,1,0.976507176407917,0.950426782636443,0.938283126954637,0.93639241379544,0.912776438037281,0.888040162390334,0.882218307208143,0.869272432437485,0.885093645561394,0.891243565930287,0.927033363451259,0.900909846736767,0.883930123147802,0.786150856068615,0.736633080906479,0.667872747146947,0.62549623352204,0,100000,2349.2823592083,97901.0422023336,4032785.04066316,40.3278504066316,2023,"Males","GMoH report",32.9119895933684
0,1,0.0229814,0.0121467,0.0121271,0.0134114,0.017688,0.0233164,0.0248839,0.0263114,0.0239194,0.0238138,0.0158454,0.0208459,0.0246307,0.0449834,0.0607463,0.0821608,0.0977067,0.237116,0.10343176537,0.0225174417751906,0.0474344557916706,0.0588512621470415,0.0648816167140045,0.084694796115761,0.110160626897517,0.117132703780962,0.123437468479614,0.112848810410658,0.112378596449667,0.0762081292711185,0.0990666654944244,0.116009982321109,0.202180126269879,0.263686545068295,0.340802487468911,0.39262762586881,1,0.977482558224809,0.952565544208329,0.941148737852958,0.935118383285996,0.915305203884239,0.889839373102483,0.882867296219038,0.876562531520386,0.887151189589342,0.887621403550333,0.923791870728881,0.900933334505576,0.883990017678891,0.797819873730121,0.736313454931705,0.659197512531089,0.60737237413119,0,100000,2251.74417751905,97981.1576979234,4073711.42652463,40.7371142652463,2023,"Males","GMoH report",32.5027257347537
0,1,0.0249336,0.0125752,0.012823,0.0135683,0.017687,0.0237268,0.0255867,0.0277601,0.0247283,0.0238617,0.0157046,0.0206524,0.0244044,0.04914,0.0607205,0.0824473,0.0949058,0.232589,0.109608772056,0.0243920797617132,0.0490667515712816,0.0621234766473767,0.0656157640708923,0.0846902106122527,0.111991028181366,0.120242009442494,0.129792844166625,0.116442911856827,0.112591913824722,0.0755565370217217,0.0981922366305292,0.115005405222001,0.218818185866322,0.263589312826323,0.341787797340767,0.383530764844542,1,0.975607920238287,0.950933248428718,0.937876523352623,0.934384235929108,0.915309789387747,0.888008971818634,0.879757990557506,0.870207155833375,0.883557088143173,0.887408086175278,0.924443462978278,0.901807763369471,0.884994594777999,0.781181814133678,0.736410687173677,0.658212202659233,0.616469235155458,0,100000,2439.20797617132,97828.150614886,4015307.13158828,40.1530713158828,2023,"Males","GMoH report",33.0867686841172
0,1,0.0240998,0.0119974,0.0119658,0.0128472,0.0180838,0.0228867,0.0242648,0.0263109,0.0226292,0.0210274,0.0153075,0.0209078,0.0249368,0.0430797,0.0587061,0.0823319,0.0978467,0.237654,0.106890408958,0.0235920111544898,0.0468650817367432,0.0580912299030648,0.0622370697924075,0.0865080158571081,0.108240339551941,0.114385166999478,0.123435267547698,0.107087726072879,0.0998861356766804,0.0737164631026408,0.0993462226169247,0.117367100237023,0.194455760442196,0.255963894964554,0.341391062875999,0.393079636763686,1,0.97640798884551,0.953134918263257,0.941908770096935,0.937762930207592,0.913491984142892,0.891759660448059,0.885614833000522,0.876564732452302,0.892912273927121,0.90011386432332,0.926283536897359,0.900653777383075,0.882632899762977,0.805544239557804,0.744036105035446,0.658608937124001,0.606920363236314,0,100000,2359.20111544899,97892.9748565955,4116859.64810096,41.1685964810097,2023,"Males","GMoH report",32.0712435189904
0,1,0.0242651,0.0130493,0.0137342,0.0145343,0.0197263,0.0252052,0.0261679,0.0300655,0.0276895,0.0245202,0.0179557,0.0225431,0.0258819,0.0513289,0.0652215,0.0854617,0.0911895,0.248541,0.107429321671,0.02375069981987,0.0508695753020226,0.0663914174849456,0.0701235096830347,0.0939960159751724,0.118555464514545,0.122805589064779,0.139818236989482,0.129484123411961,0.115519591293889,0.0859215462308565,0.106702014540055,0.121544963521577,0.227456739419966,0.280389018994178,0.352084211792609,0.371300689448777,1,0.97624930018013,0.949130424697977,0.933608582515054,0.929876490316965,0.906003984024828,0.881444535485455,0.877194410935221,0.860181763010518,0.870515876588039,0.884480408706111,0.914078453769143,0.893297985459945,0.878455036478423,0.772543260580034,0.719610981005822,0.647915788207391,0.628699310551223,0,100000,2375.06998198701,97880.082175099,3874493.59300946,38.7449359300946,2023,"Males","GMoH report",34.4949040699054
0,1,0.0242464,0.0120837,0.0126396,0.0136843,0.0179525,0.0231401,0.0244893,0.0274425,0.0253293,0.022272,0.0161242,0.0213584,0.0250892,0.0472319,0.0616562,0.0820796,0.093299,0.23816,0.107368355744,0.0237327496338586,0.0471942379732063,0.0612621764852428,0.066158179075203,0.0859068913333453,0.109373231230035,0.115382413643877,0.128403235522907,0.119104420974525,0.105486511063959,0.0774970549658011,0.101378778730886,0.118042048586508,0.211218833003639,0.26710872723035,0.340523017360619,0.378265514424315,1,0.976267250366141,0.952805762026794,0.938737823514757,0.933841820924797,0.914093108666655,0.890626768769965,0.884617586356123,0.871596764477093,0.880895579025475,0.894513488936041,0.922502945034199,0.898621221269114,0.881957951413492,0.788781166996361,0.73289127276965,0.659476982639381,0.621734485575685,0,100000,2373.27496338586,97881.5396671613,4042559.32190027,40.4255932190027,2023,"Males","GMoH report",32.8142467809973
0,1,0.0247756,0.012639,0.0133378,0.0132814,0.0178862,0.0257555,0.0253017,0.0288014,0.0256046,0.024704,0.016716,0.0207523,0.0249698,0.0497897,0.0634136,0.0784652,0.0893484,0.246335,0.109093658876,0.0242405447783707,0.0493095531163255,0.064537044519035,0.06427291429036,0.0856032096776587,0.12098728025827,0.1189823600517,0.134334449467749,0.120321067958382,0.116335141651597,0.0802273010875512,0.0986437863797774,0.117513291532716,0.221391018958415,0.273680358107747,0.327987071996041,0.365172952440429,1,0.975759455221629,0.950690446883674,0.935462955480965,0.93572708570964,0.914396790322341,0.87901271974173,0.8810176399483,0.865665550532251,0.879678932041618,0.883664858348403,0.919772698912449,0.901356213620223,0.882486708467284,0.778608981041585,0.726319641892254,0.672012928003959,0.634827047559571,0,100000,2424.05447783707,97840.3944944649,3965407.75383276,39.6540775383276,2023,"Males","GMoH report",33.5857624616724
0,1,0.0237736,0.0117827,0.0133833,0.0130239,0.01745,0.0239335,0.023583,0.0275859,0.0240386,0.0225997,0.0157625,0.0213031,0.0244389,0.045997,0.0574306,0.0822597,0.0947016,0.241395,0.105826928456,0.0232787470771781,0.0460457143236768,0.0647500757771299,0.063066084069227,0.0836028266858306,0.112911576933646,0.111350077788769,0.129030915191544,0.113379300846668,0.106955589414758,0.0758245392501729,0.101129566813062,0.115158624716066,0.206265961430234,0.251100822725895,0.341142749435626,0.382863528236011,1,0.976721252922822,0.953954285676323,0.93524992422287,0.936933915930773,0.916397173314169,0.887088423066354,0.888649922211231,0.870969084808456,0.886620699153332,0.893044410585242,0.924175460749827,0.898870433186938,0.884841375283934,0.793734038569766,0.748899177274104,0.658857250564374,0.617136471763989,0,100000,2327.87470771781,97918.4771224304,4065782.71701688,40.6578271701688,2023,"Males","GMoH report",32.5820128298312
0,1,0.0239838,0.0111592,0.0116037,0.0127308,0.0162752,0.0216475,0.0235334,0.0259784,0.0232262,0.0196189,0.0150628,0.0195489,0.0235306,0.0449173,0.0552816,0.0768537,0.0944276,0.232954,0.106512224598,0.0234806281689336,0.0436623267271723,0.0563828750810549,0.0616905740981773,0.0781944252263887,0.102680556626092,0.111128897980655,0.121970503668731,0.109757855255653,0.0935081808755516,0.0725808239138752,0.0931900905949223,0.111116410478959,0.201913029679898,0.242845746456698,0.322336599254656,0.38196734971915,1,0.976519371831066,0.956337673272828,0.943617124918945,0.938309425901823,0.921805574773611,0.897319443373908,0.888871102019345,0.878029496331269,0.890242144744347,0.906491819124448,0.927419176086125,0.906809909405078,0.888883589521041,0.798086970320102,0.757154253543302,0.677663400745344,0.61803265028085,0,100000,2348.06281689336,97902.0345772298,4203393.90451799,42.0339390451799,2023,"Males","GMoH report",31.2059009548201
0,1,0.0252554,0.0121029,0.0134648,0.0130804,0.0185207,0.0256387,0.0250311,0.0302973,0.0264335,0.0257709,0.015705,0.0206386,0.0255307,0.0498684,0.0638597,0.085359,0.0985904,0.239197,0.110657907634,0.0247006073095047,0.0472674534746825,0.065131542032115,0.06333101255833,0.0885055386746701,0.120471658239723,0.117784792689288,0.140820311909928,0.123974781531001,0.121055243559388,0.075558388761261,0.0981298435283876,0.119994632584676,0.22170216890095,0.27534058250803,0.351735519481456,0.39547652742612,1,0.975299392690495,0.952732546525317,0.934868457967885,0.93666898744167,0.91149446132533,0.879528341760277,0.882215207310712,0.859179688090072,0.876025218468999,0.878944756440612,0.924441611238739,0.901870156471613,0.880005367415324,0.77829783109905,0.72465941749197,0.648264480518544,0.60452347257388,0,100000,2470.06073095046,97803.2710212654,3945120.21610651,39.4512021610651,2023,"Males","GMoH report",33.7886378389349
0,1,0.0237248,0.0116139,0.0120895,0.0126246,0.017054,0.0221725,0.0228623,0.0252597,0.0228838,0.0204578,0.014712,0.0198624,0.0235932,0.0449604,0.0575847,0.0782731,0.0988524,0.229321,0.105667830208,0.0232318696316805,0.0454010338655772,0.058674147242286,0.0611916982167326,0.0817831743611139,0.10504000142122,0.108131181237959,0.11879658476926,0.108227366477505,0.0973120251307028,0.0709504427168734,0.0946138544437416,0.111395555924883,0.202087196973034,0.251689796446428,0.327315502377198,0.396319231901059,1,0.97676813036832,0.954598966134423,0.941325852757714,0.938808301783267,0.918216825638886,0.89495999857878,0.891868818762041,0.88120341523074,0.891772633522495,0.902687974869297,0.929049557283127,0.905386145556258,0.888604444075117,0.797912803026966,0.748310203553572,0.672684497622802,0.603680768098941,0,100000,2323.18696316805,97922.2991623974,4180329.65124084,41.8032965124084,2023,"Males","GMoH report",31.4365434875916
0,1,0.0241684,0.0125018,0.0139721,0.0139603,0.0185014,0.0251663,0.026579,0.029838,0.0257388,0.0253054,0.0163948,0.0215213,0.0250526,0.0503316,0.0647665,0.0850688,0.0997953,0.234833,0.107114059364,0.023657872004082,0.0487873408444614,0.067502616722238,0.0674475305965331,0.0884173864173453,0.118383324360374,0.124614666919844,0.138833700138192,0.120913574238477,0.118998724210885,0.0787464204644246,0.102112514836142,0.117879998851907,0.223531282281767,0.278705543536378,0.350749419463796,0.399344691716789,1,0.976342127995918,0.951212659155539,0.932497383277762,0.932552469403467,0.911582613582655,0.881616675639626,0.875385333080156,0.861166299861808,0.879086425761523,0.881001275789115,0.921253579535575,0.897887485163858,0.882120001148093,0.776468717718233,0.721294456463622,0.649250580536204,0.600655308283211,0,100000,2365.7872004082,97887.6218702189,3919162.00659282,39.1916200659282,2023,"Males","GMoH report",34.0482199340718
0,1,0.0257458,0.0130658,0.0145338,0.0146828,0.019645,0.0260509,0.0267344,0.0321468,0.0276922,0.0239048,0.0180455,0.0207301,0.0272393,0.0527029,0.0661317,0.090886,0.0972613,0.251009,0.112256714618,0.0251705113240481,0.0509322585913932,0.0701211819156846,0.0708146081776239,0.0936267559484803,0.122290083180202,0.125297609004571,0.14877722107395,0.129495931887465,0.112783813724214,0.0863327078033372,0.0985434605225535,0.127513082246881,0.232836591062262,0.283746846652995,0.370293713815428,0.391187892562723,1,0.974829488675952,0.949067741408607,0.929878818084315,0.929185391822376,0.90637324405152,0.877709916819798,0.874702390995429,0.85122277892605,0.870504068112535,0.887216186275786,0.913667292196663,0.901456539477447,0.872486917753119,0.767163408937738,0.716253153347005,0.629706286184572,0.608812107437277,0,100000,2517.05113240481,97765.5047582445,3826366.36362153,38.2636636362153,2023,"Males","GMoH report",34.9761763637847
0,1,0.0242271,0.0122939,0.0131596,0.013859,0.0187711,0.0253192,0.0254787,0.0290537,0.0267896,0.0238751,0.0165678,0.0224866,0.0261971,0.0522373,0.0664289,0.0831819,0.0932565,0.240604,0.107305433691,0.0237142230009615,0.0479954963352092,0.0637022593690186,0.066974500977386,0.0896484977115183,0.119059755590625,0.119764867195467,0.135431532230115,0.125540078764806,0.112651580618913,0.0795443142748911,0.106448819915235,0.122934201100852,0.231017211539163,0.284840411904151,0.344308841038954,0.378125782427601,1,0.976285776999039,0.952004503664791,0.936297740630981,0.933025499022614,0.910351502288482,0.880940244409375,0.880235132804533,0.864568467769885,0.874459921235194,0.887348419381087,0.920455685725109,0.893551180084765,0.877065798899148,0.768982788460837,0.715159588095849,0.655691158961045,0.621874217572399,0,100000,2371.42230009615,97883.0441982802,3938988.84325901,39.3898884325901,2023,"Males","GMoH report",33.8499515674099
0,1,0.0236646,0.0122909,0.01296,0.0135854,0.0181412,0.0240822,0.0252247,0.0284744,0.0251606,0.0239129,0.016047,0.020954,0.0254583,0.0485986,0.0599781,0.0867822,0.0961862,0.241239,0.105471565566,0.0231740367510504,0.0479840653035219,0.0627663696241767,0.0656957426446872,0.0867706889443088,0.113573264805738,0.11864174400029,0.132910624298675,0.118358098092815,0.112819874082624,0.0771403230884972,0.0995548207167529,0.119674713126997,0.216668531734161,0.260786763543743,0.356554533012916,0.387702036050176,1,0.97682596324895,0.952015934696478,0.937233630375823,0.934304257355313,0.913229311055691,0.886426735194262,0.88135825599971,0.867089375701325,0.881641901907185,0.887180125917376,0.922859676911503,0.900445179283247,0.880325286873003,0.783331468265839,0.739213236456257,0.643445466987084,0.612297963949824,0,100000,2317.40367510503,97927.0165185567,4001067.08817057,40.0106708817057,2023,"Males","GMoH report",33.2291691182943
0,1,0.0236953,0.011694,0.0131129,0.0137059,0.0171289,0.0235319,0.0246404,0.0264609,0.023235,0.0226493,0.0161801,0.0199661,0.0248445,0.0446854,0.0604258,0.0817676,0.0911897,0.22931,0.105571654013,0.0232035302279479,0.0457070045769542,0.0634833722210079,0.0662591468963822,0.0821276109135569,0.111122208268138,0.116053018035966,0.124095315654964,0.109797157607476,0.107177747603036,0.077755279505195,0.0950843413313598,0.116958087017721,0.200975341218758,0.262477906320628,0.339448314913664,0.371301352613868,1,0.976796469772052,0.954292995423046,0.936516627778992,0.933740853103618,0.917872389086443,0.888877791731862,0.883946981964034,0.875904684345036,0.890202842392524,0.892822252396964,0.922244720494805,0.90491565866864,0.883041912982279,0.799024658781242,0.737522093679372,0.660551685086336,0.628698647386132,0,100000,2320.35302279479,97924.6104837157,4077603.56250081,40.7760356250081,2023,"Males","GMoH report",32.4638043749919
0,1,0.0240786,0.0130986,0.0134463,0.014154,0.0180231,0.0243784,0.0253653,0.0299847,0.0269696,0.0250923,0.0161416,0.0200501,0.025294,0.0498243,0.065069,0.0927306,0.10205,0.242345,0.106821292506,0.0235716563419781,0.0510568534001067,0.065044964726979,0.0683513861993365,0.0862301628785586,0.11488991899682,0.11926360706903,0.139468683420596,0.126330305483107,0.11805577282863,0.0775774399867737,0.095465279022669,0.118948303996765,0.221527827642926,0.279825144225911,0.376394727666599,0.406533213823324,1,0.976428343658022,0.948943146599893,0.934955035273021,0.931648613800664,0.913769837121441,0.88511008100318,0.88073639293097,0.860531316579404,0.873669694516893,0.88194422717137,0.922422560013226,0.904534720977331,0.881051696003235,0.778472172357074,0.720174855774089,0.623605272333401,0.593466786176676,0,100000,2357.16563419781,97894.6298454979,3933618.85365723,39.3361885365723,2023,"Males","GMoH report",33.9036514634277
0,1,0.0239298,0.0122131,0.0131305,0.0137036,0.0179307,0.0241521,0.026048,0.0276412,0.0275007,0.0236033,0.0165491,0.021066,0.0253911,0.0484869,0.062849,0.083635,0.0996583,0.24417,0.106336173258,0.0234287711224847,0.0476875737852078,0.063565870832582,0.0662483961947636,0.0858070488719781,0.113884146748301,0.122277302088028,0.129272857713429,0.128658034945908,0.111440586038872,0.0794580998974671,0.100060323084742,0.119377673862946,0.216224375784443,0.271574530786498,0.345859997725557,0.398905812232079,1,0.976571228877515,0.952312426214792,0.936434129167418,0.933751603805236,0.914192951128022,0.886115853251699,0.877722697911972,0.870727142286571,0.871341965054092,0.888559413961128,0.920541900102533,0.899939676915258,0.880622326137054,0.783775624215557,0.728425469213502,0.654140002274443,0.601094187767921,0,100000,2342.87711224846,97906.2554742818,3980777.77490733,39.8077777490733,2023,"Males","GMoH report",33.4320622509267
0,1,0.0233736,0.0114112,0.0127095,0.0133454,0.0165523,0.0237665,0.0239939,0.0263126,0.0249589,0.0225169,0.0142009,0.0197949,0.0254996,0.0445512,0.0586364,0.074029,0.0981898,0.231625,0.104522844456,0.0228944080240901,0.0446263202683086,0.0615905376542096,0.064572631024804,0.079472853708886,0.112167903786637,0.113180401887857,0.123442750695147,0.117465006615934,0.106584612355151,0.0685701069215446,0.0943074820585005,0.119857221957435,0.200432256172067,0.255698849895037,0.312339540407865,0.394186312124415,1,0.97710559197591,0.955373679731691,0.93840946234579,0.935427368975196,0.920527146291114,0.887832096213363,0.886819598112143,0.876557249304853,0.882534993384066,0.893415387644849,0.931429893078455,0.9056925179415,0.880142778042565,0.799567743827932,0.744301150104963,0.687660459592135,0.605813687875585,0,100000,2289.44080240901,97949.8580624724,4108476.75953024,41.0847675953024,2023,"Males","GMoH report",32.1550724046976
0,1,0.0243654,0.0129125,0.0132798,0.0143475,0.0183974,0.025744,0.0258864,0.0297767,0.0271132,0.0241879,0.0165019,0.0217504,0.0245604,0.0535787,0.0656288,0.0875216,0.0942009,0.242747,0.107756320734,0.0238469698762045,0.0503497185192406,0.0642654201826462,0.0692534647849933,0.0879422290865096,0.120936525235822,0.121564811649304,0.138568237877949,0.126960253160052,0.114043328440062,0.0792404548454641,0.103143470640455,0.115698025534176,0.236248748012197,0.281893216227175,0.359047065812058,0.381225125247647,1,0.976153030123796,0.949650281480759,0.935734579817354,0.930746535215007,0.91205777091349,0.879063474764178,0.878435188350696,0.861431762122051,0.873039746839948,0.885956671559938,0.920759545154536,0.896856529359545,0.884301974465824,0.763751251987803,0.718106783772825,0.640952934187942,0.618774874752353,0,100000,2384.69698762045,97872.269185831,3911120.16318079,39.1112016318079,2023,"Males","GMoH report",34.1286383681921
0,1,0.0244678,0.0115325,0.012762,0.0120879,0.0166102,0.0231152,0.0232531,0.0262038,0.0241575,0.0223156,0.0157284,0.0199554,0.0250674,0.0469345,0.0576821,0.0789777,0.0978336,0.237467,0.108090166238,0.0239452412889306,0.0450899991691633,0.061837087716408,0.0586666097208872,0.0797397663331334,0.109261969317103,0.109877990261619,0.122963708911089,0.113908159115423,0.105682101253186,0.0756667093227213,0.095035806183228,0.117945530520572,0.210028538857484,0.252061856908977,0.329776104399015,0.393037352239785,1,0.976054758711069,0.954910000830837,0.938162912283592,0.941333390279113,0.920260233666867,0.890738030682897,0.890122009738381,0.877036291088911,0.886091840884577,0.894317898746814,0.924333290677279,0.904964193816772,0.882054469479428,0.789971461142516,0.747938143091023,0.670223895600985,0.606962647760215,0,100000,2394.52412889306,97864.3003822599,4127826.9359073,41.278269359073,2023,"Males","GMoH report",31.961570640927
0,1,0.0231827,0.010904,0.0123474,0.0123459,0.0165729,0.0224889,0.0226349,0.02497,0.0217308,0.0212539,0.0145684,0.0210438,0.0241708,0.0445444,0.0576182,0.0791954,0.0918868,0.229896,0.103900470367,0.0227109035407336,0.0426851228410817,0.0598883368732287,0.0598812792851827,0.0795678259435503,0.106459128275323,0.107113255436312,0.117514177471351,0.103055313958573,0.100907789815121,0.0702822501666794,0.0999601466640763,0.113967298078981,0.200404728976453,0.251817781722842,0.330534892446797,0.373609537804227,1,0.977289096459266,0.957314877158918,0.940111663126771,0.940118720714817,0.92043217405645,0.893540871724677,0.892886744563688,0.882485822528649,0.896944686041427,0.899092210184879,0.929717749833321,0.900039853335924,0.886032701921019,0.799595271023547,0.748182218277158,0.669465107553203,0.626390462195773,0,100000,2271.09035407336,97964.8770019608,4201158.40729406,42.0115840729407,2023,"Males","GMoH report",31.2282559270594
0,1,0.0232366,0.011424,0.0127789,0.013086,0.017115,0.0224112,0.0247862,0.0257957,0.02382,0.0240493,0.0147804,0.0197193,0.0239407,0.0463162,0.06012,0.0834067,0.0952156,0.237358,0.104076195686,0.0227627206047403,0.0446752596671255,0.061916440011832,0.0633572670097752,0.0820636994593817,0.106110822819092,0.116699647964082,0.121164680620307,0.112406210183569,0.113426905786662,0.0712685556019523,0.09396422799714,0.112943626313775,0.207548818528209,0.261323133095714,0.345078791833047,0.384542005542636,1,0.97723727939526,0.955324740332875,0.938083559988168,0.936642732990225,0.917936300540618,0.893889177180908,0.883300352035918,0.878835319379693,0.887593789816431,0.886573094213338,0.928731444398048,0.90603577200286,0.887056373686225,0.792451181471791,0.738676866904286,0.654921208166953,0.615457994457364,0,100000,2276.27206047403,97960.6336759264,4106765.74349085,41.0676574349085,2023,"Males","GMoH report",32.1721825650915
0,1,0.0241793,0.0122076,0.0121764,0.0129589,0.0175608,0.0230129,0.0244125,0.0268825,0.0233914,0.0215877,0.0149112,0.0199559,0.0238618,0.045955,0.0601289,0.0798337,0.0958266,0.227219,0.107149595653,0.0236683361769445,0.0476666101791539,0.0590834409733308,0.0627612094084908,0.0841113437851446,0.108804719666942,0.115041380732189,0.125948006770013,0.11049539504109,0.10241143183257,0.071876584676432,0.09503807423589,0.112592359113277,0.206097027727013,0.261356763289591,0.332755702652815,0.386532711234129,1,0.976331663823055,0.952333389820846,0.940916559026669,0.937238790591509,0.915888656214855,0.891195280333058,0.884958619267811,0.874051993229987,0.88950460495891,0.89758856816743,0.928123415323568,0.90496192576411,0.887407640886723,0.793902972272987,0.738643236710409,0.667244297347185,0.613467288765871,0,100000,2366.83361769446,97886.7716474194,4104313.57624982,41.0431357624982,2023,"Males","GMoH report",32.1967042375018
0,1,0.0249491,0.0132541,0.0136656,0.0137726,0.0185788,0.0256763,0.0261816,0.029041,0.0262873,0.023268,0.0162121,0.0217074,0.024897,0.0515622,0.0641357,0.0902578,0.0983856,0.239235,0.109659305311,0.0244069437019358,0.0516473224471076,0.0660707586030842,0.06657086525304,0.0887708598715463,0.120637677032994,0.122865933207816,0.135376339324214,0.12333137768824,0.109944526871864,0.0779030691323006,0.102950054943309,0.1171907544652,0.228372525423962,0.276366157569866,0.368205462513804,0.394817185729283,1,0.975593056298064,0.948352677552892,0.933929241396916,0.93342913474696,0.911229140128454,0.879362322967006,0.877134066792184,0.864623660675786,0.87666862231176,0.890055473128136,0.922096930867699,0.897049945056691,0.8828092455348,0.771627474576039,0.723633842430134,0.631794537486196,0.605182814270717,0,100000,2440.69437019358,97826.9504789183,3918766.32141514,39.1876632141514,2023,"Males","GMoH report",34.0521767858486
0,1,0.0227231,0.0113634,0.0123586,0.0123541,0.015924,0.0220438,0.0223128,0.0238306,0.0229474,0.021381,0.0140212,0.0198786,0.0250584,0.045485,0.057377,0.0781567,0.0970899,0.231322,0.103947190105,0.0222696651737766,0.0444435405427921,0.0599410319076648,0.0599198601396227,0.0765716813648647,0.104462143502641,0.105669541628859,0.112453418889528,0.108511838587966,0.101480607810983,0.0677317973089301,0.0946873691586092,0.117905680725284,0.204204406433438,0.250895869271957,0.326908312693307,0.390633163136085,1,0.977730334826223,0.955556459457208,0.940058968092335,0.940080139860377,0.923428318635135,0.895537856497359,0.894330458371141,0.887546581110472,0.891488161412034,0.898519392189017,0.93226820269107,0.905312630841391,0.882094319274716,0.795795593566562,0.749104130728043,0.673091687306693,0.609366836863915,0,100000,2226.96651737766,98004.5203945617,4214336.89091794,42.1433689091794,2023,"Males","GMoH report",31.0964710908206
0,1,0.0248681,0.0127216,0.0136606,0.0138663,0.0185312,0.0253804,0.0247172,0.0278457,0.0248615,0.0246425,0.015851,0.0207483,0.0261667,0.0489559,0.0625546,0.0839536,0.098375,0.242173,0.109395228301,0.0243292640118404,0.0496238114407507,0.0660473828060976,0.0670085967376421,0.0885534937419241,0.119330368771105,0.116393685021468,0.130167020493603,0.117033433248247,0.116062334787498,0.076234035748381,0.0986257104306779,0.122800303261611,0.218087789914332,0.270474447773301,0.346948963702305,0.394783044895912,1,0.97567073598816,0.950376188559249,0.933952617193902,0.932991403262358,0.911446506258076,0.880669631228895,0.883606314978532,0.869832979506397,0.882966566751753,0.883937665212502,0.923765964251619,0.901374289569322,0.877199696738389,0.781912210085668,0.729525552226699,0.653051036297695,0.605216955104088,0,100000,2432.92640118403,97833.224137913,3961376.43819516,39.6137643819516,2023,"Males","GMoH report",33.6260756180484
0,1,0.0235719,0.0121882,0.0134908,0.0139977,0.0174098,0.0238219,0.0247903,0.0270326,0.0254228,0.0234269,0.0164698,0.0205256,0.0247176,0.0505732,0.0597841,0.0829809,0.0933024,0.235396,0.105169344099,0.0230849719477395,0.0475926622284543,0.065253205149909,0.0676221148088504,0.0834182618616046,0.112414672295132,0.116717825242243,0.126606727448911,0.119517806756008,0.110653810610521,0.0790924095816792,0.0976187894387405,0.116395459006173,0.224483835256957,0.260052924840159,0.343619799457908,0.378276691943927,1,0.97691502805226,0.952407337771546,0.934746794850091,0.93237788519115,0.916581738138395,0.887585327704868,0.883282174757757,0.873393272551089,0.880482193243992,0.889346189389479,0.920907590418321,0.90238121056126,0.883604540993827,0.775516164743043,0.739947075159841,0.656380200542092,0.621723308056073,0,100000,2308.49719477395,97934.2859410548,4017087.80928058,40.1708780928058,2023,"Males","GMoH report",33.0689619071942
0,1,0.0264206,0.0137751,0.0151563,0.0144463,0.0201128,0.027795,0.0278323,0.0312287,0.0287285,0.0270508,0.0178673,0.0226084,0.0287366,0.0607187,0.0708916,0.0913925,0.0985118,0.248235,0.114456704326,0.0258165801822531,0.0536230735977668,0.0730149102880048,0.0697137361342109,0.0957495225091928,0.129945417781882,0.130108456046914,0.144835907257564,0.134017216023661,0.126686567499698,0.0855166221429626,0.106994560448869,0.134052469511584,0.263582528775151,0.301095198979978,0.371973524219438,0.39522354335444,1,0.974183419817747,0.946376926402233,0.926985089711995,0.930286263865789,0.904250477490807,0.870054582218118,0.869891543953086,0.855164092742436,0.865982783976339,0.873313432500302,0.914483377857037,0.893005439551131,0.865947530488416,0.736417471224849,0.698904801020023,0.628026475780562,0.60477645664556,0,100000,2581.65801822531,97713.8300502375,3743292.61281175,37.4329261281175,2023,"Males","GMoH report",35.8069138718825
0,1,0.0242587,0.0119541,0.0129652,0.0126888,0.0172453,0.0232892,0.0239099,0.0259333,0.0247682,0.0228393,0.0160643,0.0201147,0.0243573,0.0449825,0.0582711,0.0780532,0.092191,0.228951,0.107408456327,0.0237445564949053,0.0466998896971428,0.0627907629989161,0.0614933092441569,0.0826626447320078,0.11003918833743,0.112806518555004,0.121771648283898,0.116619841127467,0.108028274571451,0.0772202758083306,0.0957581346237111,0.114796187081028,0.202176490086689,0.254308421368923,0.326546083155599,0.374614732898407,1,0.976255443505095,0.953300110302857,0.937209237001084,0.938506690755843,0.917337355267992,0.88996081166257,0.887193481444996,0.878228351716102,0.883380158872533,0.891971725428549,0.922779724191669,0.904241865376289,0.885203812918972,0.797823509913311,0.745691578631077,0.673453916844401,0.625385267101593,0,100000,2374.45564949054,97880.5809664382,4094795.58429355,40.9479558429355,2023,"Males","GMoH report",32.2918841570645
0,1,0.0239659,0.0123295,0.0125792,0.0129575,0.0176625,0.0231253,0.0240885,0.0277249,0.0235212,0.0222595,0.0156894,0.0213477,0.0234935,0.0476296,0.058214,0.0813755,0.095565,0.233507,0.106453866839,0.0234634389653856,0.0481311343578693,0.0609783527623303,0.0627546418214949,0.0845778589171879,0.109307101229825,0.11360128841032,0.129638933810026,0.111074486944219,0.105430428445068,0.0754861682785272,0.101330563807516,0.110950935492516,0.212808089545463,0.25409088329907,0.338095727763461,0.385680990384712,1,0.976536561034614,0.951868865642131,0.93902164723767,0.937245358178505,0.915422141082812,0.890692898770175,0.88639871158968,0.870361066189974,0.888925513055781,0.894569571554932,0.924513831721473,0.898669436192484,0.889049064507484,0.787191910454537,0.74590911670093,0.661904272236539,0.614319009615288,0,100000,2346.34389653856,97903.4334841821,4076872.25014985,40.7687225014985,2023,"Males","GMoH report",32.4711174985015
0,1,0.0237919,0.0123948,0.0141433,0.0134909,0.0185827,0.0248143,0.025913,0.0294643,0.0265246,0.0232068,0.0154999,0.0207287,0.0261033,0.0487059,0.0613333,0.0840894,0.1003,0.237585,0.105886590299,0.0232963252671393,0.048379882075306,0.0683014792222885,0.0652536730554409,0.0887886670901593,0.116824221783495,0.121682127570654,0.137214199177906,0.124375475646657,0.109671205661157,0.0746084415423445,0.0985371333117993,0.122520994322269,0.21709498359616,0.265895828460681,0.347412688648006,0.400959424345393,1,0.976703674732861,0.951620117924694,0.931698520777712,0.934746326944559,0.911211332909841,0.883175778216505,0.878317872429346,0.862785800822094,0.875624524353343,0.890328794338843,0.925391558457656,0.901462866688201,0.877479005677731,0.78290501640384,0.734104171539319,0.652587311351994,0.599040575654607,0,100000,2329.63252671393,97917.0443181895,3951135.41982054,39.5113541982054,2023,"Males","GMoH report",33.7284858017946
0,1,0.0235132,0.0117521,0.0129412,0.0129464,0.0162687,0.0216078,0.0238486,0.0256003,0.0240722,0.021921,0.0157539,0.0216237,0.02479,0.0428026,0.0569096,0.0777355,0.0940195,0.233742,0.104977969772,0.0230285676623192,0.0459288784550176,0.0626781730667708,0.0627025686626642,0.0781644163973895,0.102501898684038,0.112533579207292,0.120302076854739,0.113528781183959,0.103910447690444,0.0757847370764291,0.102573455903926,0.116716495209398,0.19332587478032,0.249106606646041,0.32543321566013,0.380630724090851,1,0.976971432337681,0.954071121544982,0.937321826933229,0.937297431337336,0.921835583602611,0.897498101315962,0.887466420792708,0.879697923145261,0.886471218816041,0.896089552309556,0.924215262923571,0.897426544096074,0.883283504790602,0.80667412521968,0.750893393353959,0.67456678433987,0.619369275909149,0,100000,2302.85676623193,97938.8924617628,4140269.13062133,41.4026913062133,2023,"Males","GMoH report",31.8371486937867
0,1,0.0243287,0.0124245,0.0140544,0.0139373,0.0174526,0.0235541,0.024972,0.0288833,0.0251077,0.0234738,0.0173634,0.021527,0.0247165,0.0491045,0.0619401,0.0912611,0.104332,0.248982,0.107636671027,0.0238117460474691,0.0484929975049983,0.0678867317917646,0.0673401503077882,0.0836147624904001,0.111221211174676,0.117523036811837,0.134690718897192,0.118123948354735,0.110863056935281,0.0832051876134803,0.102138178574563,0.116390580540196,0.218677390228777,0.268173730749939,0.371538068045689,0.413743327807873,1,0.976188253952531,0.951507002495002,0.932113268208235,0.932659849692212,0.9163852375096,0.888778788825324,0.882476963188163,0.865309281102808,0.881876051645265,0.889136943064718,0.91679481238652,0.897861821425437,0.883609419459804,0.781322609771222,0.731826269250061,0.628461931954311,0.586256672192127,0,100000,2381.17460474692,97875.1271028421,3976544.65465502,39.7654465465502,2023,"Males","GMoH report",33.4743934534498
0,1,0.0238971,0.0122823,0.0137282,0.0134639,0.0169753,0.0246444,0.0248883,0.0278278,0.023911,0.0228429,0.0155052,0.021223,0.0258446,0.0473157,0.0603249,0.0797704,0.100187,0.235784,0.106229564391,0.0233973668378925,0.0479512956040058,0.066363375762155,0.0651273303425039,0.0814211297407784,0.116070764149957,0.117152202119945,0.130088788059121,0.112811415603747,0.108044382440855,0.0746330009828998,0.100768476555174,0.121380428447373,0.211553942774644,0.262097053624516,0.332535729590654,0.400598176282071,1,0.976602633162107,0.952048704395994,0.933636624237845,0.934872669657496,0.918578870259222,0.883929235850043,0.882847797880055,0.869911211940879,0.887188584396253,0.891955617559146,0.9253669990171,0.899231523444826,0.878619571552627,0.788446057225356,0.737902946375484,0.667464270409346,0.599401823717929,0,100000,2339.73668378925,97908.8125249193,4023918.8566934,40.239188566934,2023,"Males","GMoH report",33.000651433066
0,1,0.0243861,0.0123593,0.0145051,0.0145967,0.0197193,0.0247606,0.0252188,0.0293306,0.0254807,0.0251695,0.0171294,0.0209516,0.0253783,0.0509315,0.0697561,0.0864797,0.105041,0.240316,0.107823807081,0.0238668364505164,0.0482446595582436,0.0699875586573,0.0704139709746846,0.09396422799714,0.116586142876717,0.118615639760048,0.136634099689144,0.119773705364309,0.118397486179042,0.0821299098073643,0.0995439855793398,0.119321084314832,0.225894620358081,0.296988586204628,0.355532615235538,0.415970188558949,1,0.976133163549484,0.951755340441756,0.9300124413427,0.929586029025315,0.90603577200286,0.883413857123283,0.881384360239952,0.863365900310856,0.880226294635691,0.881602513820958,0.917870090192636,0.90045601442066,0.880678915685168,0.774105379641919,0.703011413795372,0.644467384764462,0.584029811441051,0,100000,2386.68364505164,97870.6576718558,3900624.07812313,39.0062407812313,2023,"Males","GMoH report",34.2335992187687
0,1,0.023842,0.0120645,0.0133001,0.0134586,0.0180862,0.02506,0.0256848,0.0282946,0.026357,0.0228079,0.0156391,0.0208069,0.0261087,0.0499321,0.0632531,0.0784677,0.098854,0.238733,0.10604992682,0.0233444467877053,0.0471210169812592,0.0643604973722484,0.0651025277984301,0.0865190001487731,0.11791276525667,0.120675203812774,0.132126811778622,0.123638171766853,0.107887766524703,0.0752532665959483,0.0988904887253512,0.122544787280804,0.221953934827055,0.273082252444722,0.327995808285491,0.396324375468574,1,0.976655553212295,0.952878983018741,0.935639502627752,0.93489747220157,0.913480999851227,0.88208723474333,0.879324796187226,0.867873188221378,0.876361828233147,0.892112233475297,0.924746733404052,0.901109511274649,0.877455212719196,0.778046065172945,0.726917747555278,0.672004191714509,0.603675624531426,0,100000,2334.44467877052,97913.1230085784,3985521.15573599,39.8552115573599,2023,"Males","GMoH report",33.3846284426401
0,1,0.0232791,0.0120924,0.0131548,0.013353,0.0179288,0.0237111,0.0244819,0.0276025,0.0252293,0.0219672,0.0159572,0.0209374,0.0255366,0.0501568,0.0577766,0.0824761,0.0986495,0.23068,0.104214754611,0.0228035753488103,0.0472274144275525,0.0636797636140255,0.0646082162219701,0.0857983465126117,0.111921070748442,0.11534955907425,0.129103548272052,0.118662095956229,0.104118045194034,0.076725201535158,0.099479875154833,0.120020698572109,0.222841463241253,0.252422688271965,0.341886779469491,0.395666695745208,1,0.97719642465119,0.952772585572447,0.936320236385975,0.93539178377803,0.914201653487388,0.888078929251558,0.88465044092575,0.870896451727948,0.881337904043771,0.895881954805966,0.923274798464842,0.900520124845167,0.879979301427891,0.777158536758747,0.747577311728035,0.658113220530509,0.604333304254792,0,100000,2280.35753488103,97957.289366042,4037336.24461488,40.3733624461488,2023,"Males","GMoH report",32.8664775538512
0,1,0.0242429,0.0123731,0.013262,0.0141936,0.0185502,0.0236864,0.0233452,0.0278259,0.0242606,0.0232294,0.0155805,0.0203487,0.0251753,0.0501979,0.0605251,0.087336,0.0938454,0.237895,0.107356945009,0.0237293899198681,0.0482972271573195,0.0641820443205521,0.0685360662260354,0.0886402634618261,0.111810999833839,0.110289191893519,0.130080483673382,0.114366500212369,0.109772147209055,0.0749818627197378,0.0968181892795196,0.118423153932037,0.223003705703647,0.262852556787893,0.358422115337262,0.380059832490087,1,0.976270610080132,0.95170277284268,0.935817955679448,0.931463933773965,0.911359736538174,0.888189000166161,0.889710808106481,0.869919516326618,0.885633499787631,0.890227852790945,0.925018137280262,0.90318181072048,0.881576846067963,0.776996294296353,0.737147443212107,0.641577884662738,0.619940167509913,0,100000,2372.93899198681,97881.8124888856,4015251.46050233,40.1525146050233,2023,"Males","GMoH report",33.0873253949767
0,1,0.0239009,0.0110513,0.0125297,0.0121363,0.0165005,0.0215064,0.0232612,0.0259849,0.0239735,0.0214764,0.014887,0.0186705,0.0249844,0.0434718,0.0578114,0.0774157,0.0953697,0.225938,0.106241953189,0.0234010163414935,0.0432492784970902,0.0607456869166026,0.0588945938515972,0.0792339985186092,0.102045425644783,0.109914161751656,0.121999160064124,0.113089615270766,0.10191033234601,0.0717641189046656,0.0891894700008718,0.117577962861696,0.196052150328386,0.252555528324546,0.324311496249495,0.385044543499532,1,0.976598983658507,0.95675072150291,0.939254313083397,0.941105406148403,0.920766001481391,0.897954574355217,0.890085838248344,0.878000839935876,0.886910384729234,0.89808966765399,0.928235881095334,0.910810529999128,0.882422037138304,0.803947849671614,0.747444471675454,0.675688503750505,0.614955456500468,0,100000,2340.10163414935,97908.5153341234,4184574.27764248,41.8457427764248,2023,"Males","GMoH report",31.3940972235752
0,1,0.0229968,0.0124335,0.0121586,0.0129142,0.016732,0.0230733,0.0248499,0.0271022,0.0241263,0.0238071,0.015959,0.0196781,0.0237498,0.046145,0.0599851,0.0809939,0.0932972,0.241959,0.10340103544,0.0225322104467573,0.0485272723192375,0.0589996181081749,0.0625514937485802,0.0803010088018199,0.109074715894385,0.116982021179715,0.126912013096631,0.113769412554704,0.112348754893441,0.0767335242175311,0.0937771115528783,0.112093504232922,0.206860998105997,0.260813230689429,0.336777243952574,0.378259596851553,1,0.977467789553243,0.951472727680763,0.941000381891825,0.93744850625142,0.91969899119818,0.890925284105615,0.883017978820285,0.873087986903369,0.886230587445296,0.887651245106559,0.923266475782469,0.906222888447122,0.887906495767078,0.793139001894003,0.739186769310571,0.663222756047426,0.621740403148447,0,100000,2253.22104467574,97979.7643444189,4089153.89381651,40.8915389381651,2023,"Males","GMoH report",32.3483010618349
0,1,0.0244288,0.012612,0.0125794,0.0134722,0.0177414,0.0230324,0.0247916,0.0277688,0.0255369,0.0244523,0.0160862,0.0210469,0.0246646,0.0466456,0.0603936,0.082604,0.0970873,0.227438,0.107963018048,0.0239078153982936,0.0492068074879246,0.0609792927131117,0.0651661707848799,0.0849396301156649,0.108891895750775,0.116723588696198,0.129830880606533,0.12002202394199,0.115218129339858,0.0773214780975673,0.0999741358979249,0.116160376918632,0.208870746739697,0.262356383755117,0.342326213624421,0.390624745391805,1,0.976092184601706,0.950793192512075,0.939020707286888,0.93483382921512,0.915060369884335,0.891108104249225,0.883276411303802,0.870169119393467,0.87997797605801,0.884781870660142,0.922678521902433,0.900025864102075,0.883839623081368,0.791129253260303,0.737643616244883,0.657673786375579,0.609375254608195,0,100000,2390.78153982936,97867.3344507041,4028733.7341197,40.287337341197,2023,"Males","GMoH report",32.952502658803
0,1,0.0252423,0.0136996,0.0144712,0.0139136,0.0186872,0.0267634,0.0266529,0.0290675,0.0261183,0.0254908,0.0164141,0.0225565,0.0255184,0.0509427,0.06719,0.0896446,0.110206,0.238695,0.110615198883,0.0246880503571503,0.053337008633061,0.0698297010745258,0.0672294894393419,0.0892656856956697,0.125425001300486,0.124939500001055,0.135491501919861,0.122587084384782,0.119818336847706,0.0788354669066201,0.106762054305164,0.119940289303588,0.225938683562235,0.287634581219632,0.366161906002844,0.432005895657832,1,0.97531194964285,0.946662991366939,0.930170298925474,0.932770510560658,0.91073431430433,0.874574998699514,0.875060499998945,0.864508498080139,0.877412915615218,0.880181663152294,0.92116453309338,0.893237945694836,0.880059710696412,0.774061316437765,0.712365418780368,0.633838093997156,0.567994104342168,0,100000,2468.80503571502,97804.2823243139,3862731.55916481,38.6273155916481,2023,"Males","GMoH report",34.6125244083519
0,1,0.023304,0.0119707,0.0121964,0.0131836,0.016012,0.0223805,0.0252168,0.0270487,0.024289,0.0218074,0.0153806,0.0209948,0.0240775,0.0437589,0.0587502,0.0796118,0.097101,0.241011,0.10429593384,0.0228275102488453,0.0467632229735022,0.0591776153309442,0.0638147303039133,0.0769785486957107,0.105973168742402,0.11860679070065,0.126677355533456,0.114492716049674,0.103399798106909,0.0740554566101546,0.0997389991515335,0.113552357764795,0.197219255771546,0.256131550460359,0.331984325656708,0.390669099438545,1,0.977172489751155,0.953236777026498,0.940822384669056,0.936185269696087,0.923021451304289,0.894026831257598,0.88139320929935,0.873322644466545,0.885507283950326,0.896600201893091,0.925944543389845,0.900261000848466,0.886447642235205,0.802780744228454,0.743868449539641,0.668015674343292,0.609330900561455,0,100000,2282.75102488454,97955.33062498,4115906.41542258,41.1590641542258,2023,"Males","GMoH report",32.0807758457742
0,1,0.0233993,0.0121909,0.0117386,0.0121167,0.0165463,0.0219952,0.0230231,0.0252883,0.0221887,0.0216873,0.0143253,0.0192571,0.0243583,0.0434153,0.057718,0.0741863,0.0925885,0.228919,0.104606631853,0.022919108509473,0.0476029542891137,0.057019672190074,0.0588022761513911,0.0794451901265237,0.104243839740357,0.108850320467133,0.118923092876056,0.105112713817305,0.102859630821227,0.0691500132866615,0.091862964276574,0.11480062956233,0.19582229120195,0.252198952193272,0.312899381530002,0.37592635638063,1,0.977080891490527,0.952397045710886,0.942980327809926,0.941197723848609,0.920554809873476,0.895756160259643,0.891149679532867,0.881076907123944,0.894887286182695,0.897140369178773,0.930849986713339,0.908137035723426,0.88519937043767,0.80417770879805,0.747801047806728,0.687100618469998,0.62407364361937,0,100000,2291.9108509473,97947.8382236776,4200140.89333969,42.0014089333969,2023,"Males","GMoH report",31.2384310666031
0,1,0.0243524,0.0116448,0.0126384,0.0127529,0.0172938,0.0224981,0.0240242,0.0268151,0.0240517,0.0223499,0.0155539,0.0195778,0.0231019,0.0481,0.0564608,0.0800753,0.0980093,0.242734,0.107713938004,0.0238344929825021,0.0455190788609598,0.0612565384123242,0.0617943568658149,0.0828854873952117,0.106500360593338,0.113315230592971,0.125652068073505,0.11343758320035,0.105835943136248,0.0748586404796105,0.093321429303457,0.109202534897622,0.214684222271814,0.247385098567062,0.333594750656824,0.39360429614467,1,0.976165507017498,0.95448092113904,0.938743461587676,0.938205643134185,0.917114512604788,0.893499639406662,0.886684769407029,0.874347931926495,0.88656241679965,0.894164056863752,0.92514135952039,0.906678570696543,0.890797465102378,0.785315777728186,0.752614901432938,0.666405249343176,0.60639570385533,0,100000,2383.44929825021,97873.2814116972,4110080.58734344,41.1008058734344,2023,"Males","GMoH report",32.1390341265656
0,1,0.0235932,0.0117095,0.0130457,0.0125435,0.0167829,0.0222564,0.023064,0.0251924,0.0238214,0.022129,0.0156478,0.0207445,0.0239343,0.0448605,0.0547402,0.0803728,0.0934734,0.23311,0.105238786572,0.0231054377338925,0.0457662013310286,0.0631683128525488,0.060810556947328,0.0805354538297996,0.105416519441742,0.109033148648904,0.118498825472892,0.112412445431024,0.104844727559585,0.0752935538212881,0.0986085379606864,0.112915138029643,0.201683449081229,0.240753731471288,0.334626773206143,0.378838656754346,1,0.976894562266107,0.954233798668971,0.936831687147451,0.939189443052672,0.9194645461702,0.894583480558258,0.890966851351096,0.881501174527108,0.887587554568976,0.895155272440415,0.924706446178712,0.901391462039314,0.887084861970357,0.798316550918771,0.759246268528712,0.665373226793857,0.621161343245654,0,100000,2310.54377338925,97932.6150496437,4145077.62960486,41.4507762960486,2023,"Males","GMoH report",31.7890637039514
0,1,0.0249065,0.0127239,0.0133929,0.0138984,0.0187079,0.0243293,0.0246749,0.029306,0.0269247,0.0244734,0.0157958,0.0200427,0.0255849,0.0502518,0.0646803,0.0853476,0.0945079,0.244119,0.109520420365,0.0243660910538843,0.0496325605262403,0.0647950170406894,0.0671585103977208,0.0893601482083333,0.114671789103416,0.116206067276404,0.136527325497431,0.126133250196112,0.115311819303636,0.0759786414388986,0.0954317263459167,0.120234059056137,0.223216431339086,0.278386236730931,0.35169680451701,0.382230091774065,1,0.975633908946116,0.95036743947376,0.935204982959311,0.932841489602279,0.910639851791667,0.885328210896584,0.883793932723596,0.863472674502569,0.873866749803888,0.884688180696364,0.924021358561101,0.904568273654083,0.879765940943863,0.776783568660914,0.721613763269069,0.64830319548299,0.617769908225935,0,100000,2436.60910538842,97830.2493480989,3951937.46643808,39.5193746643808,2023,"Males","GMoH report",33.7204653356192
0,1,0.0239398,0.0123008,0.0126894,0.0140172,0.0174337,0.0238432,0.0243016,0.0266788,0.0251391,0.0243089,0.0154842,0.0199758,0.0247873,0.0479003,0.061939,0.0794457,0.0963026,0.23165,0.106368775358,0.0234383745836679,0.04802178720002,0.0614961275962019,0.0677131288265319,0.0835279949845927,0.112509531826864,0.114548707805957,0.125053318796247,0.11826294029413,0.114581145952866,0.0745356863149068,0.0951283383471143,0.11670452482925,0.213888224678572,0.268169606809557,0.33140645541299,0.388080175280162,1,0.976561625416332,0.95197821279998,0.938503872403798,0.932286871173468,0.916472005015407,0.887490468173136,0.885451292194043,0.874946681203753,0.88173705970587,0.885418854047134,0.925464313685093,0.904871661652886,0.88329547517075,0.786111775321428,0.731830393190443,0.668593544587009,0.611919824719838,0,100000,2343.83745836679,97905.4736617179,4039905.40992593,40.3990540992593,2023,"Males","GMoH report",32.8407859007407
0,1,0.0248315,0.0125719,0.0127248,0.0135536,0.0183286,0.0239706,0.025098,0.0282029,0.0244238,0.0240789,0.0156794,0.0201137,0.0261894,0.0516131,0.0632781,0.0820551,0.0937243,0.242328,0.109275904615,0.024294161365408,0.0490541912266357,0.0616623958628122,0.0655470052733189,0.0876277643938282,0.113076708620834,0.118081007203045,0.131726805213136,0.115091566495564,0.113558585442473,0.075439870246156,0.0957536019415696,0.122900287994023,0.228572200407827,0.273175442568945,0.340438675993678,0.379662495850417,1,0.975705838634592,0.950945808773364,0.938337604137188,0.934452994726681,0.912372235606172,0.886923291379166,0.881918992796955,0.868273194786864,0.884908433504436,0.886441414557527,0.924560129753844,0.90424639805843,0.877099712005977,0.771427799592173,0.726824557431055,0.659561324006322,0.620337504149583,0,100000,2429.41613654081,97836.060509466,3999968.6000214,39.999686000214,2023,"Males","GMoH report",33.240153999786
0,1,0.0237067,0.0111202,0.0126521,0.0127078,0.0173711,0.023228,0.0241752,0.0264351,0.0245475,0.0223331,0.0150165,0.019871,0.0244408,0.0477856,0.0595523,0.0798006,0.0971763,0.23655,0.105608820407,0.0232144818696477,0.0435130523113741,0.0613209044616518,0.0615825530799273,0.0832405501962163,0.109765894506035,0.113986862032481,0.123981820445831,0.11564077046738,0.105760595132136,0.0723657975044366,0.0946528814802642,0.115167062167445,0.213430713269922,0.259175288645057,0.332640684484346,0.390912841179276,1,0.976785518130352,0.956486947688626,0.938679095538348,0.938417446920073,0.916759449803784,0.890234105493965,0.886013137967519,0.876018179554169,0.88435922953262,0.894239404867864,0.927634202495563,0.905347118519736,0.884832937832555,0.786569286730078,0.740824711354943,0.667359315515654,0.609087158820724,0,100000,2321.44818696477,97923.7172176965,4107292.82979619,41.0729282979619,2023,"Males","GMoH report",32.1669117020381
0,1,0.0235665,0.0117433,0.0134216,0.0138778,0.0175598,0.0237771,0.0261345,0.0277085,0.0246902,0.0233507,0.0153008,0.0220141,0.0268806,0.0471847,0.06192,0.0835313,0.104277,0.240139,0.105151738965,0.0230797833382309,0.0458952760104529,0.0649293602462958,0.0670623067968371,0.0841067554874775,0.112215124413282,0.122658456426316,0.129567216924611,0.116273933328341,0.110313742247267,0.0736853865920798,0.104328741622614,0.125939665564563,0.211030028531835,0.26809837201247,0.345505244438157,0.413570319487107,1,0.976920216661769,0.954104723989547,0.935070639753704,0.932937693203163,0.915893244512523,0.887784875586718,0.877341543573684,0.870432783075389,0.883726066671659,0.889686257752733,0.92631461340792,0.895671258377386,0.874060334435437,0.788969971468165,0.73190162798753,0.654494755561843,0.586429680512893,0,100000,2307.97833382309,97934.7096014719,4008192.16643969,40.0819216643969,2023,"Males","GMoH report",33.1579183356031
0,1,0.0245048,0.0120262,0.0123868,0.0130576,0.0175165,0.023415,0.0242608,0.0266157,0.0248906,0.022751,0.0157008,0.021261,0.0255243,0.0466409,0.0603148,0.0845243,0.0962876,0.238938,0.108210794008,0.023980745973243,0.0469749399542445,0.0600736978002206,0.0632241120850942,0.0839080611185426,0.110600710886483,0.114367389115374,0.124775998632962,0.117162394272785,0.107633098443292,0.0755389453183636,0.100939797417753,0.119966356797955,0.20885189869535,0.262058921416387,0.348896020282161,0.388031455954169,1,0.976019254026757,0.953025060045755,0.939926302199779,0.936775887914906,0.916091938881457,0.889399289113518,0.885632610884626,0.875224001367038,0.882837605727215,0.892366901556708,0.924461054681636,0.899060202582247,0.880033643202045,0.79114810130465,0.737941078583613,0.651103979717839,0.611968544045831,0,100000,2398.0745973243,97861.4229589426,4067938.14109279,40.6793814109279,2023,"Males","GMoH report",32.5604585890721
0,1,0.0238351,0.0119032,0.0131886,0.0133604,0.017488,0.0237811,0.0254427,0.0280676,0.0243628,0.0222845,0.0164893,0.0207571,0.0248174,0.0487517,0.0636342,0.0856464,0.0902523,0.236361,0.106027431371,0.0233378194795513,0.0465056674777575,0.0638381601041268,0.0646428637092474,0.0837772582685011,0.112232942903777,0.11960576594686,0.13113629716428,0.114820620469089,0.105542590362658,0.0791823463411905,0.0986654770650335,0.116837963793385,0.217276948477298,0.274501751596409,0.352710943600117,0.368187155878718,1,0.976662180520449,0.953494332522242,0.936161839895873,0.935357136290753,0.916222741731499,0.887767057096223,0.88039423405314,0.86886370283572,0.885179379530911,0.894457409637342,0.92081765365881,0.901334522934967,0.883162036206615,0.782723051522702,0.725498248403591,0.647289056399883,0.631812844121282,0,100000,2333.78194795513,97913.6629573666,4030036.55548974,40.3003655548974,2023,"Males","GMoH report",32.9394744451026
0,1,0.0253316,0.0138807,0.0140253,0.0138872,0.0191748,0.0247313,0.0261266,0.029009,0.0283025,0.0253895,0.0161306,0.0217667,0.0254334,0.0542482,0.0674783,0.0862957,0.103485,0.239192,0.110906335636,0.0247736439026829,0.0540230446483007,0.0677509321290269,0.0671062067152596,0.0914883242026954,0.116456215965247,0.122623652219786,0.13523725609486,0.132161264526824,0.119370600355674,0.0775266226516387,0.103216778375344,0.119564660414533,0.23884827721937,0.288690619436239,0.354910397110236,0.411074808584168,1,0.975226356097317,0.945976955351699,0.932249067870973,0.93289379328474,0.908511675797305,0.883543784034753,0.877376347780214,0.86476274390514,0.867838735473176,0.880629399644326,0.922473377348361,0.896783221624657,0.880435339585467,0.76115172278063,0.711309380563761,0.645089602889764,0.588925191415832,0,100000,2477.36439026828,97797.3910162915,3875981.97649367,38.7598197649367,2023,"Males","GMoH report",34.4800202350633
0,1,0.024823,0.0124144,0.0129724,0.0140448,0.0176824,0.0245791,0.0244303,0.0284443,0.0256057,0.0225786,0.0160988,0.0202265,0.024907,0.0449536,0.0605912,0.0816531,0.102633,0.23923,0.10924819283,0.02428600884991,0.048454532113071,0.0628245374267142,0.0678419340129377,0.0846691170133096,0.115781017011907,0.115120433201871,0.13277945347855,0.120325926086046,0.106861066793255,0.0773796992445064,0.0962647524608753,0.117235065555522,0.202059720384328,0.263101856917805,0.339053563654007,0.408381463214711,1,0.97571399115009,0.951545467886929,0.937175462573286,0.932158065987062,0.91533088298669,0.884218982988093,0.884879566798129,0.86722054652145,0.879674073913954,0.893138933206745,0.922620300755494,0.903735247539125,0.882764934444478,0.797940279615672,0.736898143082195,0.660946436345992,0.591618536785289,0,100000,2428.600884991,97836.7193727996,4009029.39716921,40.0902939716921,2023,"Males","GMoH report",33.1495460283079
0,1,0.0250156,0.0127247,0.0132565,0.014067,0.0193114,0.0266838,0.0260148,0.0302506,0.0264811,0.0243202,0.0157759,0.0202799,0.0251812,0.0530834,0.0679945,0.090598,0.103052,0.237023,0.109876109276,0.0244707110873074,0.0496356036680113,0.064156280663462,0.0679455257240978,0.0921100642625028,0.125075289945388,0.122130968219883,0.140618513954426,0.124184166660609,0.114631356225794,0.0758865533091264,0.096506637600323,0.118449263514003,0.234320657079911,0.290578201239544,0.36933701319614,0.409707147571225,1,0.975529288912693,0.950364396331989,0.935843719336538,0.932054474275902,0.907889935737497,0.874924710054612,0.877869031780117,0.859381486045574,0.875815833339391,0.885368643774206,0.924113446690874,0.903493362399677,0.881550736485997,0.765679342920089,0.709421798760456,0.63066298680386,0.590292852428775,0,100000,2447.07110873074,97821.8035438183,3895678.95531894,38.9567895531894,2023,"Males","GMoH report",34.2830504468106
0,1,0.0244943,0.012503,0.0137767,0.0144076,0.0181649,0.0260856,0.0253054,0.0311264,0.0264152,0.0259249,0.0171501,0.0217471,0.024977,0.0519527,0.0666584,0.0866379,0.0997084,0.242327,0.108176561803,0.0239706705104846,0.0487919095107736,0.0665900230728313,0.0695334738069475,0.0868791235228017,0.122443002063435,0.118998724210885,0.144395703904934,0.123894270185491,0.121734606265095,0.082225079174139,0.103128628507463,0.117545184798236,0.229903262000647,0.285683917829402,0.356067211370097,0.399066335486856,1,0.976029329489515,0.951208090489226,0.933409976927169,0.930466526193052,0.913120876477198,0.877556997936565,0.881001275789115,0.855604296095066,0.876105729814509,0.878265393734905,0.917774920825861,0.896871371492537,0.882454815201764,0.770096737999353,0.714316082170598,0.643932788629903,0.600933664513144,0,100000,2397.06705104846,97862.2394209452,3895975.48705352,38.9597548705352,2023,"Males","GMoH report",34.2800851294648
0,1,0.0253533,0.0138898,0.0145196,0.0147691,0.0200629,0.0263434,0.0292651,0.0326648,0.0275731,0.0254868,0.0175548,0.0231314,0.0289367,0.0558874,0.068473,0.0929738,0.103889,0.249977,0.110977082193,0.0247944415988949,0.0540575041575062,0.0700550709785496,0.0712160091000029,0.0955233132942709,0.123578317384531,0.136349775465091,0.150993563608595,0.128974905109793,0.119800661266107,0.0840838136694872,0.109334358074111,0.134922938512839,0.245180717870246,0.292324210786961,0.377195704923872,0.412348751411521,1,0.975205558401105,0.945942495842494,0.92994492902145,0.928783990899997,0.904476686705729,0.876421682615469,0.863650224534909,0.849006436391405,0.871025094890207,0.880199338733893,0.915916186330513,0.890665641925889,0.865077061487161,0.754819282129754,0.707675789213039,0.622804295076128,0.587651248588479,0,100000,2479.44415988949,97795.7173184355,3762657.17583118,37.6265717583118,2023,"Males","GMoH report",35.6132682416882
0,1,0.0238536,0.0107358,0.0126075,0.0127011,0.0162236,0.0217979,0.0223015,0.0251706,0.0226581,0.0206824,0.0139546,0.0193463,0.0233544,0.0447585,0.0544358,0.0771659,0.0887608,0.232348,0.106087745256,0.0233555882005084,0.0420405227125257,0.0611113467399405,0.0615510838231349,0.0779561754787571,0.103357081673474,0.105618852881176,0.118402354254974,0.107217157319356,0.0983278596870228,0.0674209200719113,0.0922688479664659,0.110330257580883,0.201271026860645,0.239575315149027,0.323434260495144,0.363207524007654,1,0.976644411799492,0.957959477287474,0.93888865326006,0.938448916176865,0.922043824521243,0.896642918326526,0.894381147118824,0.881597645745026,0.892782842680644,0.901672140312977,0.932579079928089,0.907731152033534,0.889669742419117,0.798728973139355,0.760424684850973,0.676565739504856,0.636792475992346,0,100000,2335.55882005084,97912.2153490811,4217744.09695819,42.1774409695819,2023,"Males","GMoH report",31.0623990304181
0,1,0.0236136,0.0112475,0.0123273,0.0129667,0.0170699,0.0240772,0.024586,0.0259141,0.0235271,0.0219697,0.0151773,0.0200145,0.0232441,0.0449068,0.0589154,0.0758787,0.0937631,0.230954,0.105305294856,0.0231250381766267,0.0440002151599763,0.0597937609273022,0.0627977994351603,0.081856302744456,0.113551023257086,0.11581163768942,0.121686978665416,0.111100800869649,0.104129277528695,0.0731123787355426,0.0953038526050886,0.109837798093346,0.20187059402104,0.256759306835203,0.318899332960269,0.379789822285221,1,0.976874961823373,0.955999784840024,0.940206239072698,0.93720220056484,0.918143697255544,0.886448976742914,0.88418836231058,0.878313021334584,0.888899199130351,0.895870722471305,0.926887621264457,0.904696147394911,0.890162201906654,0.79812940597896,0.743240693164797,0.681100667039731,0.620210177714779,0,100000,2312.50381766267,97931.0150787119,4121793.96497112,41.2179396497112,2023,"Males","GMoH report",32.0219003502888
0,1,0.024645,0.0123279,0.0136266,0.013831,0.017608,0.0234577,0.0261345,0.0290185,0.0248436,0.0242776,0.0156907,0.0223165,0.0256371,0.0503317,0.0628372,0.0803595,0.0940974,0.247029,0.10866787545,0.0241152629084682,0.0481250386715227,0.0658884123990092,0.066843711563416,0.0843278864389571,0.110791231331961,0.122658456426316,0.135278548594058,0.116954097931568,0.114442053975982,0.0754921868591239,0.105686138239922,0.120464592959589,0.223531676761818,0.271530464707677,0.334580663024256,0.380886035830182,1,0.975884737091532,0.951874961328477,0.934111587600991,0.933156288436584,0.915672113561043,0.889208768668039,0.877341543573684,0.864721451405942,0.883045902068432,0.885557946024018,0.924507813140876,0.894313861760078,0.879535407040411,0.776468323238182,0.728469535292323,0.665419336975744,0.619113964169818,0,100000,2411.52629084683,97850.5291477713,3978318.58792309,39.7831858792309,2023,"Males","GMoH report",33.4566541207691
0,1,0.0233372,0.0109281,0.0118959,0.0119637,0.0161362,0.0222654,0.022403,0.0238518,0.0215195,0.0213017,0.0151948,0.0189108,0.0235995,0.0395598,0.054765,0.079938,0.0958923,0.230197,0.104404172812,0.0228594221007694,0.0427774475508393,0.0577616820172281,0.0580813309522174,0.0775524936306911,0.105456899854925,0.106074057239177,0.112547829217665,0.102104410353495,0.10112325680148,0.0731935949101482,0.0902855691474175,0.111423644267758,0.179997351896147,0.240849669609579,0.33311802774525,0.386746477007205,1,0.977140577899231,0.957222552449161,0.942238317982772,0.941918669047783,0.922447506369309,0.894543100145075,0.893925942760823,0.887452170782335,0.897895589646505,0.89887674319852,0.926806405089852,0.909714430852582,0.888576355732242,0.820002648103853,0.759150330390421,0.66688197225475,0.613253522992795,0,100000,2285.94221007694,97952.7196954622,4251395.0586103,42.513950586103,2023,"Males","GMoH report",30.725889413897
0,1,0.0238016,0.0110983,0.0130976,0.0128529,0.0175995,0.0222511,0.0248124,0.0258225,0.023856,0.0220205,0.0152941,0.0201876,0.0240111,0.0455757,0.0607057,0.0836643,0.100471,0.226464,0.105918214336,0.0233056424799791,0.0434292189975979,0.0634116489662491,0.0622638232648965,0.0842888940240589,0.105392739059768,0.116815799162171,0.121282928919914,0.112566532029746,0.104357489742797,0.073654309078795,0.0960885090373919,0.113256940679147,0.20456995298442,0.26353353127604,0.345960204216023,0.401505781553776,1,0.976694357520021,0.956570781002402,0.936588351033751,0.937736176735103,0.915711105975941,0.894607260940232,0.883184200837829,0.878717071080086,0.887433467970254,0.895642510257203,0.926345690921205,0.903911490962608,0.886743059320853,0.79543004701558,0.73646646872396,0.654039795783977,0.598494218446224,0,100000,2330.56424799791,97916.2849555453,4109723.56204538,41.0972356204538,2023,"Males","GMoH report",32.1426043795462
0,1,0.0250143,0.0127082,0.0142686,0.0138562,0.018467,0.0249488,0.0257671,0.0292071,0.0266078,0.0245164,0.0160435,0.0216451,0.0249313,0.0506892,0.064145,0.0849916,0.0971996,0.249575,0.109871871003,0.0244694645645308,0.0495728369470198,0.06888574224549,0.0669614228323751,0.0882602451328301,0.117420263335254,0.12103847385108,0.136097935006201,0.124741272897495,0.115502722627441,0.0771241468740649,0.102669757101411,0.117342732813516,0.224940823964719,0.276400693748721,0.350486895030759,0.39098824697365,1,0.975530535435469,0.95042716305298,0.93111425775451,0.933038577167625,0.91173975486717,0.882579736664746,0.87896152614892,0.863902064993799,0.875258727102505,0.884497277372559,0.922875853125935,0.897330242898589,0.882657267186484,0.775059176035281,0.723599306251279,0.649513104969241,0.60901175302635,0,100000,2446.94645645308,97821.9041289616,3922489.5723525,39.224895723525,2023,"Males","GMoH report",34.014944276475
0,1,0.0248221,0.0120168,0.0134096,0.0133959,0.0189969,0.0244837,0.026138,0.0286991,0.0242387,0.023286,0.0160304,0.0194893,0.024658,0.0498111,0.0609055,0.0797399,0.100461,0.231125,0.109245258641,0.0242851456366134,0.0469390848112796,0.0648731911402154,0.0648090607574966,0.0906779978563087,0.115357550831752,0.122673875598984,0.133889247726436,0.114269160262843,0.110024900421937,0.0770635991985201,0.0929191757692032,0.11613109843686,0.22147563721749,0.264286279942418,0.332429718687147,0.401473841118489,1,0.975714854363387,0.95306091518872,0.935126808859785,0.935190939242503,0.909322002143691,0.884642449168248,0.877326124401016,0.866110752273564,0.885730839737157,0.889975099578063,0.92293640080148,0.907080824230797,0.88386890156314,0.77852436278251,0.735713720057582,0.667570281312853,0.598526158881511,0,100000,2428.51456366135,97836.7891379593,3987719.89653231,39.8771989653231,2023,"Males","GMoH report",33.3626410346769
0,1,0.0245867,0.012166,0.0141577,0.0140385,0.0182473,0.0257819,0.0255055,0.0278376,0.0253905,0.0249098,0.0158586,0.020687,0.0243952,0.0446753,0.06591,0.077765,0.0984049,0.237604,0.108477805207,0.0240593293941583,0.047508034504438,0.0683686431521133,0.0678125343416132,0.0872560324956073,0.121103785764496,0.119883291755336,0.130131620035266,0.119375021303955,0.11724747228706,0.0762691934229568,0.0983486535119935,0.114964542483044,0.20093447960793,0.28293017964843,0.325536613188492,0.394879344083495,1,0.975940670605842,0.952491965495562,0.931631356847887,0.932187465658387,0.912743967504393,0.878896214235504,0.880116708244664,0.869868379964734,0.880624978696045,0.88275252771294,0.923730806577043,0.901651346488006,0.885035457516956,0.79906552039207,0.71706982035157,0.674463386811508,0.605120655916505,0,100000,2405.93293941583,97855.0573853272,3959119.21848334,39.5911921848334,2023,"Males","GMoH report",33.6486478151666
0,1,0.0240284,0.0115107,0.0116367,0.0129468,0.0169361,0.023043,0.0240744,0.0259169,0.0237508,0.0228233,0.0150796,0.0199181,0.023957,0.0465186,0.057517,0.0761404,0.0944243,0.231708,0.106657629964,0.0235234552068009,0.0450066831446537,0.0565386905492149,0.0627044452215152,0.0812407464836938,0.10893928040412,0.113538567760751,0.12169932679356,0.112097959461079,0.107956680722183,0.0726588345946175,0.0948665942239689,0.113016178527539,0.208361309024977,0.251431094363707,0.319823312619555,0.381956550274734,1,0.976476544793199,0.954993316855346,0.943461309450785,0.937295554778485,0.918759253516306,0.89106071959588,0.886461432239249,0.87830067320644,0.887902040538921,0.892043319277817,0.927341165405382,0.905133405776031,0.886983821472461,0.791638690975023,0.748568905636293,0.680176687380445,0.618043449725266,0,100000,2352.34552068009,97898.5500774121,4137325.27836167,41.3732527836167,2023,"Males","GMoH report",31.8665872163833
0,1,0.0232453,0.0114398,0.0118126,0.0127428,0.0164639,0.0230034,0.0230455,0.0248284,0.0230939,0.0204846,0.015803,0.0198911,0.0223396,0.0424399,0.0586311,0.0829906,0.0947072,0.226637,0.104104559513,0.0227710840168622,0.0447356658594032,0.0573688129017908,0.0617469281111627,0.0790651962871212,0.108762246355467,0.108950455683845,0.116886724145561,0.109166783071087,0.0974332948222123,0.0760119575856836,0.0947440895984697,0.105789748344697,0.191844813272944,0.255678692526521,0.343653064883664,0.38288183394137,1,0.977228915983138,0.955264334140597,0.942631187098209,0.938253071888837,0.920934803712879,0.891237753644533,0.891049544316155,0.883113275854439,0.890833216928913,0.902566705177788,0.923988042414316,0.90525591040153,0.894210251655303,0.808155186727056,0.744321307473479,0.656346935116336,0.61711816605863,0,100000,2277.10840168623,97959.9489654347,4186758.93237036,41.8675893237036,2023,"Males","GMoH report",31.3722506762964
0,1,0.0239341,0.0116507,0.0131446,0.0127738,0.0176478,0.0236082,0.0230917,0.0262612,0.0235926,0.0232047,0.0149616,0.0205672,0.0240257,0.0451913,0.0590343,0.0798171,0.0991587,0.237949,0.106350192161,0.0234329006277562,0.045541616575527,0.063631958399069,0.061892494145704,0.0845104415730192,0.111462431558218,0.109156951081763,0.12321646915084,0.111392880801034,0.109661825589366,0.0721107688036676,0.0978069616460818,0.113321904780772,0.203019690636362,0.257210844592659,0.332698021808727,0.397303302536848,1,0.976567099372244,0.954458383424473,0.936368041600931,0.938107505854296,0.915489558426981,0.888537568441782,0.890843048918237,0.87678353084916,0.888607119198966,0.890338174410634,0.927889231196332,0.902193038353918,0.886678095219228,0.796980309363638,0.742789155407341,0.667301978191273,0.602696697463152,0,100000,2343.29006277563,97905.9192856895,4097133.9912814,40.971339912814,2023,"Males","GMoH report",32.268500087186
0,1,0.0242308,0.0118843,0.0121083,0.0123788,0.0175873,0.0230326,0.0242964,0.0265775,0.024758,0.0212945,0.0148142,0.0213147,0.0243088,0.0454416,0.0567396,0.0762504,0.090938,0.225517,0.107317496468,0.023717774778633,0.0464335397667012,0.0587627087345729,0.0600360639295716,0.0842329256660823,0.108892789822817,0.114525600500028,0.124608072390128,0.116574614250938,0.101090804650903,0.0714257130059675,0.101181848152936,0.114580701602229,0.204029439549427,0.248454918294801,0.320211384599362,0.370466331797498,1,0.976282225221367,0.953566460233299,0.941237291265427,0.939963936070428,0.915767074333918,0.891107210177183,0.885474399499972,0.875391927609872,0.883425385749062,0.898909195349097,0.928574286994033,0.898818151847063,0.885419298397771,0.795970560450573,0.751545081705199,0.679788615400638,0.629533668202502,0,100000,2371.7774778633,97882.7557432402,4117448.13448171,41.1744813448171,2023,"Males","GMoH report",32.0653586551829
0,1,0.0242019,0.0120377,0.0133033,0.0134847,0.0173933,0.0254503,0.0250629,0.0283182,0.024349,0.0214499,0.0164991,0.0208645,0.0256492,0.0499141,0.0609169,0.0802335,0.0936794,0.230406,0.107223276399,0.0236900320134291,0.047018803498258,0.0643754840573496,0.0652246624844885,0.0833424973520179,0.119639356230328,0.117925605833866,0.132229730139882,0.114759313678128,0.101790983934271,0.0792275421483504,0.0991506767617606,0.12051802282255,0.221882799405487,0.264329209885773,0.334143703011139,0.379515126618611,1,0.976309967986571,0.952981196501742,0.93562451594265,0.934775337515511,0.916657502647982,0.880360643769672,0.882074394166134,0.867770269860118,0.885240686321872,0.898209016065729,0.92077245785165,0.900849323238239,0.87948197717745,0.778117200594513,0.735670790114227,0.665856296988861,0.620484873381389,0,100000,2369.00320134292,97885.0090837048,4013647.3610355,40.136473610355,2023,"Males","GMoH report",33.103366389645
0,1,0.0242822,0.0119886,0.0131697,0.0135869,0.0183497,0.0240266,0.0248733,0.0274977,0.0258123,0.0227479,0.0153156,0.0205284,0.0247643,0.0461667,0.0626851,0.0823134,0.0990388,0.237954,0.107485071262,0.0237671137396057,0.0468315114828729,0.063749592479797,0.0657027579935438,0.0877242173234497,0.113325909270786,0.117085728851401,0.128644902650938,0.12123792572455,0.107619221763136,0.073754031873592,0.097631456044348,0.116602548754686,0.206948210164497,0.270962259212583,0.341327443939978,0.396918235616148,1,0.976232886260394,0.953168488517127,0.936250407520203,0.934297242006456,0.91227578267655,0.886674090729214,0.882914271148599,0.871355097349062,0.87876207427545,0.892380778236864,0.926245968126408,0.902368543955652,0.883397451245314,0.793051789835503,0.729037740787417,0.658672556060022,0.603081764383852,0,100000,2376.71137396057,97878.7496174388,4018666.90939063,40.1866690939063,2023,"Males","GMoH report",33.0531709060937
0,1,0.0235534,0.0120406,0.0121537,0.0125429,0.0168432,0.022998,0.0246905,0.0259691,0.0226934,0.0211512,0.01446,0.0201939,0.0233829,0.0511726,0.0591539,0.0779922,0.0919686,0.229849,0.105109030214,0.0230671959872043,0.0470298644287191,0.0589765420036263,0.0608077366014541,0.0808131210968537,0.108738102780628,0.116275263986362,0.121929501459143,0.107375227528984,0.100444685899031,0.0697775418616996,0.0961170545312533,0.110457460610714,0.226842676173154,0.257664804763719,0.326332521744079,0.373879959005514,1,0.976932804012796,0.952970135571281,0.941023457996374,0.939192263398546,0.919186878903146,0.891261897219372,0.883724736013638,0.878070498540857,0.892624772471016,0.899555314100969,0.9302224581383,0.903882945468747,0.889542539389286,0.773157323826846,0.742335195236281,0.673667478255921,0.626120040994486,0,100000,2306.71959872043,97935.7374612767,4133137.9915122,41.331379915122,2023,"Males","GMoH report",31.908460084878
0,1,0.0240724,0.0115775,0.0120116,0.0125531,0.0167295,0.0223511,0.0232752,0.0262071,0.0230529,0.0211816,0.014323,0.0183613,0.0254791,0.0457442,0.0582486,0.0781495,0.0975469,0.229602,0.106801079204,0.0235657034021562,0.0452619593316751,0.0583070962079708,0.060855681365623,0.0802894923445544,0.105841324907168,0.109976677112196,0.122978242267668,0.108983533737743,0.100581791797173,0.0691392947048559,0.0877772394339534,0.119766634835883,0.205248660554641,0.25422270793626,0.326883119191801,0.392111376837038,1,0.976434296597844,0.954738040668325,0.941692903792029,0.939144318634377,0.919710507655446,0.894158675092832,0.890023322887804,0.877021757732332,0.891016466262257,0.899418208202827,0.930860705295144,0.912222760566047,0.880233365164117,0.794751339445359,0.74577729206374,0.673116880808199,0.607888623162962,0,100000,2356.57034021562,97895.1139153395,4168019.20493686,41.6801920493686,2023,"Males","GMoH report",31.5596479506314
0,1,0.0236836,0.0131187,0.0135314,0.0136973,0.0185782,0.0242329,0.0245658,0.0292396,0.0270275,0.0236435,0.0160122,0.0200322,0.0251307,0.0526492,0.0643343,0.0863002,0.105989,0.251806,0.105533509556,0.0231922901974012,0.0511331978351208,0.0654431561907995,0.0662189480086044,0.0887681202699997,0.114243379049574,0.115721991738383,0.136239060888138,0.126584353466697,0.111619793529229,0.0769794731981418,0.0953841157892181,0.118225759748708,0.232626943778979,0.277103371428731,0.354925620018252,0.418937961101921,1,0.976807709802599,0.948866802164879,0.9345568438092,0.933781051991396,0.91123187973,0.885756620950426,0.884278008261617,0.863760939111862,0.873415646533303,0.888380206470771,0.923020526801858,0.904615884210782,0.881774240251292,0.767373056221021,0.722896628571269,0.645074379981748,0.581062038898079,0,100000,2319.22901974012,97925.5273581772,3952169.62950393,39.5216962950393,2023,"Males","GMoH report",33.7181437049607
0,1,0.0250173,0.0135291,0.0143219,0.0137937,0.0196629,0.0256019,0.0269759,0.0306446,0.0275674,0.02694,0.0168499,0.0229319,0.0265804,0.05426,0.0679959,0.0899719,0.0993257,0.243732,0.109881651633,0.0244723411520838,0.0526906849095796,0.0691341683845339,0.0666694538848707,0.0937080690239714,0.120309143356738,0.126357951350416,0.142319676132012,0.128949962041072,0.126200402866913,0.0808439680566074,0.108442517577889,0.124620821772402,0.238894025447981,0.290583314939298,0.367253305750799,0.397839326115199,1,0.975527658847916,0.94730931509042,0.930865831615466,0.933330546115129,0.906291930976029,0.879690856643262,0.873642048649584,0.857680323867988,0.871050037958928,0.873799597133087,0.919156031943393,0.891557482422111,0.875379178227598,0.761105974552019,0.709416685060702,0.632746694249201,0.602160673884801,0,100000,2447.23411520837,97821.6720113034,3834038.24734958,38.3403824734958,2023,"Males","GMoH report",34.8994575265042
0,1,0.0238782,0.0113484,0.0123869,0.0129967,0.0169631,0.0228703,0.0226541,0.0270665,0.0238027,0.021247,0.0149573,0.0193481,0.0250466,0.0443988,0.0615283,0.0799441,0.0944422,0.238315,0.106167946422,0.0233792150623374,0.0443861758441016,0.0600741682143637,0.0629385174264104,0.08136499368889,0.108166972237114,0.107199244015378,0.126755435043489,0.112329156940246,0.100876682801302,0.0720907910283781,0.0922770366671508,0.117853430659132,0.199815121012928,0.266628503604221,0.333139213504239,0.382015127349567,1,0.976620784937663,0.955613824155898,0.939925831785636,0.93706148257359,0.91863500631111,0.891833027762886,0.892800755984622,0.873244564956511,0.887670843059754,0.899123317198698,0.927909208971622,0.907722963332849,0.882146569340868,0.800184878987072,0.733371496395779,0.666860786495761,0.617984872650433,0,100000,2337.92150623375,97910.2908189789,4136616.37762183,41.3661637762183,2023,"Males","GMoH report",31.8736762237817
0,1,0.0235179,0.0106074,0.0122142,0.0121859,0.0161577,0.0217741,0.0217375,0.0247476,0.0213987,0.0210193,0.0150981,0.0196773,0.0229224,0.0406712,0.0562673,0.079274,0.0934939,0.224018,0.104993292759,0.0230330840254679,0.0415481640101573,0.0592614228233768,0.0591281749327185,0.0776518132429125,0.103250057317412,0.103085450072616,0.116528498336424,0.10156035127778,0.0998495793423247,0.0727447319079514,0.0937734778602512,0.10840002799568,0.184587511051324,0.246641825964736,0.330808681464048,0.378906000661812,1,0.976966915974532,0.958451835989843,0.940738577176623,0.940871825067282,0.922348186757088,0.896749942682588,0.896914549927384,0.883471501663576,0.89843964872222,0.900150420657675,0.927255268092049,0.906226522139749,0.89159997200432,0.815412488948676,0.753358174035264,0.669191318535952,0.621093999338188,0,100000,2303.30840254678,97938.5235308761,4251475.44274805,42.5147544274805,2023,"Males","GMoH report",30.7250855725195
0,1,0.0234243,0.0128748,0.0124845,0.0132295,0.0180164,0.0240863,0.0243649,0.0270218,0.0256649,0.021845,0.0150948,0.0201227,0.0239932,0.0456347,0.0648583,0.0856113,0.099371,0.232943,0.104688137103,0.0229431353344074,0.0502064051499508,0.060533183671144,0.0640297945814614,0.0861994888238835,0.113591502484282,0.114829949413818,0.126559346618838,0.120587344645988,0.103568846377224,0.0727294102455632,0.0957943953040385,0.113177286805543,0.204807659726677,0.279045463961814,0.352591877495437,0.397984664708203,1,0.977056864665593,0.949793594850049,0.939466816328856,0.935970205418539,0.913800511176116,0.886408497515718,0.885170050586182,0.873440653381162,0.879412655354012,0.896431153622776,0.927270589754437,0.904205604695961,0.886822713194457,0.795192340273323,0.720954536038186,0.647408122504563,0.602015335291797,0,100000,2294.31353344074,97945.8738763054,4043805.16911979,40.4380516911979,2023,"Males","GMoH report",32.8017883088021
0,1,0.0237242,0.0118824,0.0123548,0.0128728,0.016703,0.0237761,0.0232955,0.0246482,0.022205,0.0216096,0.0139977,0.0208133,0.0251326,0.0470867,0.0626943,0.0766737,0.097871,0.240385,0.105665874082,0.0232312932490702,0.0464262885381486,0.0599231535561124,0.0623572199476449,0.0801674094019002,0.1122106697381,0.110067317039751,0.116087622648583,0.105185869423621,0.102509999772301,0.0676221148088504,0.0989194020246033,0.118234169762563,0.210637891934607,0.27099663860134,0.321703085360069,0.393158067049497,1,0.97676870675093,0.953573711461851,0.940076846443888,0.937642780052355,0.9198325905981,0.8877893302619,0.889932682960249,0.883912377351417,0.894814130576379,0.897490000227699,0.93237788519115,0.901080597975397,0.881765830237436,0.789362108065393,0.72900336139866,0.678296914639931,0.606841932950503,0,100000,2323.12932490703,97922.3461658148,4140386.86411515,41.4038686411515,2023,"Males","GMoH report",31.8359713588485
0,1,0.0229619,0.0108135,0.0121756,0.0125547,0.0162642,0.0221309,0.0231469,0.0251159,0.0225673,0.0217968,0.0144534,0.0193982,0.0235779,0.0425804,0.0572009,0.0726986,0.0906088,0.242684,0.103470676645,0.0224987405519449,0.0423383485362074,0.05907967380893,0.0608632018978332,0.0781436405052368,0.10485325760327,0.109403613733198,0.118160247593656,0.106810441792349,0.103352135435831,0.0697468038626297,0.0925049272982097,0.111327337899357,0.192418823788853,0.250222167104221,0.307589656495704,0.369372909739899,1,0.977501259448055,0.957661651463793,0.94092032619107,0.939136798102167,0.921856359494763,0.895146742396731,0.890596386266802,0.881839752406344,0.893189558207651,0.896647864564169,0.93025319613737,0.90749507270179,0.888672662100643,0.807581176211147,0.749777832895779,0.692410343504296,0.630627090260101,0,100000,2249.87405519449,97982.9219356625,4210876.64578695,42.1087664578695,2023,"Males","GMoH report",31.1310735421305
0,1,0.0241808,0.0116818,0.0125394,0.0134242,0.0169149,0.0234291,0.0225865,0.0262962,0.0251307,0.0203216,0.0146473,0.020606,0.0239365,0.0442193,0.0576356,0.0800655,0.0959823,0.229369,0.107154485968,0.0236697761879091,0.0456604084804267,0.0607912844203487,0.0649415297894995,0.0811431781401912,0.110663627039332,0.106896457884954,0.123370557842176,0.118225759748708,0.0966954826970586,0.0706494411033184,0.097982434867786,0.112924930974332,0.199087702853073,0.251884250263747,0.333560732858329,0.387039214907468,1,0.976330223812091,0.954339591519573,0.939208715579651,0.9350584702105,0.918856821859809,0.889336372960668,0.893103542115046,0.876629442157824,0.881774240251292,0.903304517302941,0.929350558896682,0.902017565132214,0.887075069025668,0.800912297146927,0.748115749736253,0.666439267141671,0.612960785092532,0,100000,2366.97761879092,97886.6546512484,4123705.07217806,41.2370507217806,2023,"Males","GMoH report",32.0027892782194
0,1,0.02536,0.0130607,0.0138177,0.0141846,0.0185127,0.0251428,0.0263319,0.0284139,0.0256019,0.0236017,0.0163265,0.0220957,0.0257055,0.048627,0.0635237,0.0858022,0.0953254,0.240954,0.1109989256,0.0248008628786232,0.0509128841869977,0.0667815803915589,0.0684940965936445,0.088468999865476,0.118279316973026,0.123527702243252,0.132646956599681,0.120309143356738,0.111433452698608,0.0784312312571984,0.104695214852935,0.120766586290288,0.216781424212096,0.274090407890686,0.353239240168118,0.38490010809056,1,0.975199137121377,0.949087115813002,0.933218419608441,0.931505903406356,0.911531000134524,0.881720683026973,0.876472297756748,0.867353043400319,0.879690856643262,0.888566547301392,0.921568768742802,0.895304785147065,0.879233413709713,0.783218575787904,0.725909592109314,0.646760759831882,0.61509989190944,0,100000,2480.08628786232,97795.2006254857,3927604.66248235,39.2760466248235,2023,"Males","GMoH report",33.9637933751766
0,1,0.0235675,0.012116,0.0130438,0.012949,0.0171262,0.0235708,0.0233154,0.0263642,0.0251417,0.0212993,0.0153315,0.020188,0.0255211,0.0426279,0.0576919,0.0834361,0.0981482,0.233686,0.105154999175,0.0230807441949062,0.0473174046505089,0.0631594034337278,0.0627147662302125,0.0821151967917623,0.111295679494432,0.1101561625209,0.123669857835156,0.118274448260427,0.1011124395412,0.0738277737181023,0.0960903214751492,0.119952218585635,0.192612801859078,0.252099283382555,0.345179435296619,0.394052211771517,1,0.976919255805094,0.952682595349491,0.936840596566272,0.937285233769788,0.917884803208238,0.888704320505568,0.8898438374791,0.876330142164844,0.881725551739573,0.8988875604588,0.926172226281898,0.903909678524851,0.880047781414365,0.807387198140922,0.747900716617445,0.654820564703381,0.605947788228483,0,100000,2308.07441949063,97934.6311441867,4095337.66803294,40.9533766803294,2023,"Males","GMoH report",32.2864633196706
0,1,0.0244352,0.0137828,0.013352,0.0138923,0.0194258,0.0249751,0.0265479,0.0302189,0.026825,0.0267857,0.0167186,0.0217001,0.0264024,0.0483082,0.0665602,0.0883061,0.102085,0.253535,0.107983883392,0.0239139572261534,0.0536522437107665,0.0646035340339468,0.067130023921682,0.0926304485799395,0.117536768624797,0.124477930849032,0.14048150836702,0.125695542669712,0.1255229498083,0.0802392789762684,0.102917215338578,0.123837952131601,0.215513345506506,0.285323094425971,0.361683378520154,0.406644293296952,1,0.976086042773847,0.946347756289234,0.935396465966053,0.932869976078318,0.90736955142006,0.882463231375203,0.875522069150968,0.85951849163298,0.874304457330288,0.8744770501917,0.919760721023732,0.897082784661422,0.876162047868398,0.784486654493494,0.714676905574029,0.638316621479846,0.593355706703048,0,100000,2391.39572261534,97866.8364742397,3879072.88839707,38.7907288839707,2023,"Males","GMoH report",34.4491111160293
0,1,0.0249311,0.0134735,0.0149799,0.0146959,0.0200645,0.0268021,0.0261963,0.0303581,0.0283037,0.0271666,0.0177377,0.0223464,0.0284451,0.0558276,0.0692647,0.0891114,0.102092,0.239992,0.109600621531,0.0243896823213453,0.0524798261253989,0.072195785868183,0.0708755500114662,0.0955305673295411,0.12559497715686,0.122930677718225,0.141082972529157,0.132166497744474,0.127194401434944,0.0849226679804097,0.105820246129717,0.132782939984609,0.244950503216567,0.295205243437233,0.364380793414343,0.406666507333317,1,0.975610317678655,0.947520173874601,0.927804214131817,0.929124449988534,0.904469432670459,0.87440502284314,0.877069322281775,0.858917027470844,0.867833502255526,0.872805598565056,0.91507733201959,0.894179753870283,0.867217060015391,0.755049496783433,0.704794756562767,0.635619206585657,0.593333492666683,0,100000,2438.96823213453,97828.3442020018,3792089.90782015,37.9208990782015,2023,"Males","GMoH report",35.3189409217985
0,1,0.0241627,0.0125119,0.0126467,0.0133023,0.0186177,0.0252243,0.0250254,0.027727,0.024655,0.0242945,0.0156796,0.0204304,0.0252641,0.047407,0.0654022,0.0836327,0.102301,0.239938,0.107095476167,0.0236523998484437,0.0488257931181695,0.0612955344123678,0.0643708007431848,0.0889484606121528,0.118639974244181,0.117759550370401,0.12964811667255,0.116117789735197,0.114517157304655,0.0754407962286338,0.0971880244625508,0.118816048662466,0.211918901581781,0.281056686023401,0.345852131173099,0.407329469780072,1,0.976347600151556,0.95117420688183,0.938704465587632,0.935629199256815,0.911051539387847,0.881360025755819,0.882240449629599,0.87035188332745,0.883882210264803,0.885482842695345,0.924559203771366,0.902811975537449,0.881183951337534,0.788081098418219,0.718943313976599,0.654147868826901,0.592670530219928,0,100000,2365.23998484437,97888.0665175818,3996266.94081168,39.9626694081168,2023,"Males","GMoH report",33.2771705918832
0,1,0.0240425,0.0129148,0.0133666,0.0139297,0.0182694,0.0244281,0.0255525,0.0296404,0.0265817,0.0238327,0.0158789,0.021228,0.0247995,0.0495249,0.0607019,0.0836536,0.10618,0.24465,0.106703598925,0.0235369941242934,0.0503584610933434,0.0646718917300043,0.0673046655023788,0.0873570956900027,0.115110663031029,0.120090940600748,0.137977713455252,0.124626536956461,0.11246277127744,0.0763630951221618,0.100791020539945,0.116758612004016,0.220343300226528,0.263519208407866,0.345923611444224,0.419534552925837,1,0.976463005875707,0.949641538906657,0.935328108269996,0.932695334497621,0.912642904309997,0.884889336968971,0.879909059399252,0.862022286544748,0.875373463043539,0.88753722872256,0.923636904877838,0.899208979460055,0.883241387995984,0.779656699773472,0.736480791592134,0.654076388555776,0.580465447074163,0,100000,2353.69941242934,97897.4487856645,3952590.78683357,39.5259078683357,2023,"Males","GMoH report",33.7139321316643
0,1,0.0250828,0.0131359,0.0133627,0.013942,0.0181912,0.0245191,0.0243776,0.0289776,0.0264382,0.0234431,0.0167038,0.0205727,0.0257779,0.0502288,0.0624478,0.0852336,0.0995461,0.237235,0.110095195388,0.0245351435954037,0.0511985226525761,0.0646536322701589,0.0673620942064347,0.0869994394908358,0.115514708289921,0.114886365350103,0.13510076050591,0.123995458193004,0.11072609283278,0.0801710951520001,0.097831837396959,0.121086134343751,0.223125664106783,0.270075022521461,0.351309554820606,0.398546200240578,1,0.975464856404596,0.948801477347424,0.935346367729841,0.932637905793565,0.913000560509164,0.884485291710079,0.885113634649897,0.86489923949409,0.876004541806996,0.88927390716722,0.919828904848,0.902168162603041,0.878913865656249,0.776874335893217,0.729924977478539,0.648690445179394,0.601453799759422,0,100000,2453.51435954036,97816.6057832605,3958377.07991302,39.5837707991302,2023,"Males","GMoH report",33.6560692008698
0,1,0.0235585,0.0113152,0.0120686,0.0123335,0.0159111,0.0218295,0.0232467,0.0241985,0.0229946,0.0209884,0.0150964,0.0185527,0.0240488,0.03997,0.0541628,0.0740886,0.0886918,0.237373,0.105125657285,0.0230720964347092,0.0442591966755536,0.0585756837575103,0.0598229345905681,0.0765120238435569,0.103499162576349,0.109849409339754,0.114090455293925,0.108722900954291,0.0997101107773991,0.0727368389607811,0.0886516799437681,0.113424681310264,0.181694206423165,0.238517113246616,0.31255170447043,0.362976419903096,1,0.976927903565291,0.955740803324446,0.94142431624249,0.940177065409432,0.923487976156443,0.896500837423651,0.890150590660246,0.885909544706075,0.891277099045709,0.900289889222601,0.927263161039219,0.911348320056232,0.886575318689736,0.818305793576835,0.761482886753384,0.68744829552957,0.637023580096904,0,100000,2307.20964347092,97935.3372867932,4229583.26467901,42.2958326467901,2023,"Males","GMoH report",30.9440073532099
0,1,0.0231101,0.011227,0.0122634,0.0125621,0.0165112,0.0231562,0.0238298,0.0254839,0.0235767,0.0204837,0.0149648,0.0202977,0.0250452,0.0451344,0.0581241,0.0772128,0.0922966,0.231041,0.103663779121,0.0226411026963198,0.0439217803441524,0.0594930328522978,0.0608979836005295,0.0792833422006419,0.109445164693321,0.112449856050707,0.119787846261633,0.111321987257562,0.09742922258342,0.0721256357165716,0.0965872523213903,0.117847231306223,0.202789988821354,0.253748274757866,0.323599031710801,0.374963385893788,1,0.97735889730368,0.956078219655848,0.940506967147702,0.939102016399471,0.920716657799358,0.890554835306679,0.887550143949293,0.880212153738367,0.888678012742438,0.90257077741658,0.927874364283428,0.90341274767861,0.882152768693777,0.797210011178646,0.746251725242134,0.676400968289199,0.625036614106212,0,100000,2264.11026963199,97970.5959572647,4162358.29500033,41.6235829500033,2023,"Males","GMoH report",31.6162570499967
0,1,0.0254008,0.0135926,0.0140359,0.0146915,0.0184436,0.0268234,0.028205,0.0315165,0.0286527,0.0255675,0.0167837,0.0221596,0.0271401,0.055987,0.0659943,0.0890488,0.108617,0.244676,0.111131942168,0.0248399642858307,0.0529314479998349,0.0678004008831118,0.0708550814280013,0.0881533377496991,0.125688516608977,0.131735967585619,0.146073209251558,0.133687248441454,0.120157201853995,0.0805391381668717,0.10498209681836,0.127078211575078,0.245564018272451,0.283240803589228,0.364171428291001,0.427107233930443,1,0.975160035714169,0.947068552000165,0.932199599116888,0.929144918571999,0.911846662250301,0.874311483391023,0.868264032414381,0.853926790748442,0.866312751558546,0.879842798146005,0.919460861833128,0.89501790318164,0.872921788424922,0.754435981727549,0.716759196410772,0.635828571708999,0.572892766069557,0,100000,2483.99642858308,97792.0549188637,3809899.42722213,38.0989942722213,2023,"Males","GMoH report",35.1408457277787
0,1,0.0253984,0.0127887,0.0143357,0.0140481,0.0185298,0.025332,0.0256839,0.028797,0.0263159,0.0233943,0.0159466,0.021702,0.0240713,0.0506565,0.0620157,0.0864695,0.105778,0.235882,0.111124117664,0.024837664265389,0.0498790242452691,0.0691984784318609,0.0678573334837184,0.0885470998719804,0.119116360866335,0.120671230459973,0.134315305377603,0.123457276634533,0.110508337027683,0.0766761887223023,0.102925762742411,0.113524777555095,0.224812024235754,0.268457110873072,0.355498135032104,0.418278375097375,1,0.975162335734611,0.950120975754731,0.930801521568139,0.932142666516282,0.91145290012802,0.880883639133665,0.879328769540027,0.865684694622397,0.876542723365467,0.889491662972317,0.923323811277698,0.89707423725759,0.886475222444905,0.775187975764246,0.731542889126928,0.644501864967896,0.581721624902625,0,100000,2483.7664265389,97792.2399260937,3924865.29177252,39.2486529177252,2023,"Males","GMoH report",33.9911870822748
0,1,0.0230696,0.0110245,0.0121712,0.012268,0.0159108,0.0209231,0.0229936,0.0253957,0.0228917,0.02108,0.013812,0.0190922,0.02316,0.0412325,0.0540168,0.0760024,0.0907522,0.230736,0.103531740616,0.0226021609981024,0.0431466593088981,0.0590589541433269,0.0595146846226241,0.0765106364153083,0.0994153088770847,0.108718429782389,0.119398009899959,0.108262706503816,0.100123491973022,0.0667549515238804,0.0911121705438565,0.109462141979393,0.186896930756461,0.237950666142751,0.319336205027538,0.369849386309425,1,0.977397839001898,0.956853340691102,0.940941045856673,0.940485315377376,0.923489363584692,0.900584691122915,0.891281570217611,0.880601990100041,0.891737293496184,0.899876508026978,0.93324504847612,0.908887829456144,0.890537858020607,0.813103069243539,0.762049333857249,0.680663794972462,0.630150613690575,0,100000,2260.21609981025,97973.7880071714,4241893.33586898,42.4189333586898,2023,"Males","GMoH report",30.8209066413102
0,1,0.0245089,0.0129142,0.0140642,0.014416,0.0195933,0.0261513,0.0280259,0.0306501,0.0282083,0.0238914,0.0166317,0.0226276,0.0275704,0.0519699,0.0661986,0.0924799,0.102994,0.243145,0.108224160869,0.0239846801604991,0.0503561804293974,0.0679324607150292,0.0695726033743871,0.0933918630254582,0.12273246614524,0.130954224966293,0.142343401290282,0.131750365417952,0.112724155290718,0.0798388600771377,0.107080559811995,0.128963090054878,0.229970624149971,0.283993130824503,0.375568221159889,0.409523771655328,1,0.976015319839501,0.949643819570603,0.932067539284971,0.930427396625613,0.906608136974542,0.87726753385476,0.869045775033707,0.857656598709718,0.868249634582048,0.887275844709282,0.920161139922862,0.892919440188005,0.871036909945123,0.770029375850029,0.716006869175497,0.624431778840111,0.590476228344672,0,100000,2398.46801604991,97861.1041723582,3839588.47197176,38.3958847197176,2023,"Males","GMoH report",34.8439552802824
0,1,0.0239009,0.0117906,0.011933,0.0129934,0.0169204,0.0230437,0.0239489,0.0274654,0.0238171,0.0225028,0.0152747,0.020342,0.0257521,0.045477,0.0606152,0.081934,0.0966948,0.247743,0.106241953189,0.0234010163414935,0.0460758755631698,0.0579366061956677,0.062923039448088,0.0811684916353338,0.108942409495757,0.112980125670806,0.128503499932392,0.112393294182797,0.106521424236715,0.0735643177877198,0.0967878537000823,0.120972274711035,0.204172157036166,0.263192356656923,0.340021662717302,0.389352978931932,1,0.976598983658507,0.95392412443683,0.942063393804332,0.937076960551912,0.918831508364666,0.891057590504243,0.887019874329194,0.871496500067608,0.887606705817203,0.893478575763285,0.92643568221228,0.903212146299918,0.879027725288965,0.795827842963834,0.736807643343077,0.659978337282698,0.610647021068068,0,100000,2340.10163414935,97908.5153341234,4104451.2626307,41.044512626307,2023,"Males","GMoH report",32.195327373693
0,1,0.0242944,0.0122525,0.0141122,0.014057,0.0189026,0.0247781,0.0257961,0.0297115,0.0271551,0.0247572,0.0159808,0.0226229,0.0260048,0.0511541,0.0673037,0.0885585,0.102713,0.243663,0.107524845824,0.023778824009393,0.047837736272639,0.068156407852751,0.0678988641660448,0.0902481865712936,0.116663735724605,0.121166445629727,0.138285803382037,0.127143981190907,0.116571066953073,0.0768343154299429,0.107059508606845,0.122086887283899,0.226769966182287,0.288051218083657,0.362529768697096,0.408634747858122,1,0.976221175990607,0.952162263727361,0.931843592147249,0.932101135833955,0.909751813428706,0.883336264275395,0.878833554370273,0.861714196617963,0.872856018809093,0.883428933046927,0.923165684570057,0.892940491393154,0.877913112716101,0.773230033817713,0.711948781916343,0.637470231302904,0.591365252141878,0,100000,2377.88240093928,97877.7990376093,3909763.25938668,39.0976325938668,2023,"Males","GMoH report",34.1422074061332
0,1,0.0239599,0.0135053,0.0145174,0.0148108,0.0186163,0.0250423,0.0264867,0.0300813,0.0275404,0.0241312,0.0166871,0.0219255,0.0265252,0.0538302,0.0685287,0.083135,0.0997411,0.242871,0.106434305579,0.0234576771219911,0.0526004308037327,0.0700448280337568,0.0714099054315847,0.0889420693843025,0.11783438965957,0.124208797132478,0.139886574933623,0.128831801626232,0.113791204231144,0.0800941521827769,0.103930670224957,0.124378114118462,0.237226169611454,0.292527224052657,0.344148115951028,0.399171090790812,1,0.976542322878009,0.947399569196267,0.929955171966243,0.928590094568415,0.911057930615698,0.88216561034043,0.875791202867522,0.860113425066377,0.871168198373768,0.886208795768856,0.919905847817223,0.896069329775043,0.875621885881538,0.762773830388546,0.707472775947343,0.655851884048972,0.600828909209189,0,100000,2345.76771219911,97903.9024452984,3866166.70566107,38.6616670566107,2023,"Males","GMoH report",34.5781729433893
0,1,0.0255788,0.0119644,0.0126284,0.0139495,0.0175286,0.0233819,0.0247124,0.0278307,0.0247645,0.0223875,0.0158216,0.0197946,0.0232393,0.0456702,0.0627823,0.0801363,0.092195,0.228579,0.111712259548,0.0250105274411029,0.0467391873341193,0.0612095531960476,0.0673971100339534,0.0839635895600924,0.110452997636413,0.116372396944379,0.130101463031989,0.116603435550758,0.106004557426534,0.0760980189581301,0.0943061201835374,0.109816361571338,0.204950656337354,0.271325415859682,0.333806462873147,0.374627942177389,1,0.974989472558897,0.953260812665881,0.938790446803952,0.932602889966047,0.916036410439908,0.889547002363587,0.883627603055621,0.869898536968011,0.883396564449242,0.893995442573466,0.92390198104187,0.905693879816463,0.890183638428662,0.795049343662646,0.728674584140318,0.666193537126853,0.625372057822611,0,100000,2501.05274411029,97778.345509183,4050472.45099773,40.5047245099773,2023,"Males","GMoH report",32.7351154900227
0,1,0.0252754,0.0123842,0.0141562,0.0149282,0.0177715,0.024506,0.0266514,0.0304666,0.0274646,0.0236255,0.017237,0.0210781,0.0253827,0.052251,0.0702543,0.0858071,0.102906,0.249829,0.110723111834,0.0247197777804487,0.0483395077365774,0.0683616471273399,0.0719555817126915,0.0850776082140596,0.115456554206537,0.124932907755606,0.141551516424271,0.128499997426687,0.11153955557444,0.0826245035795004,0.100114919298819,0.119340537356127,0.231070799180101,0.298792802107285,0.353255849904211,0.409245465355355,1,0.975280222219551,0.951660492263423,0.93163835287266,0.928044418287309,0.91492239178594,0.884543445793463,0.875067092244394,0.858448483575729,0.871500002573313,0.88846044442556,0.9173754964205,0.899885080701181,0.880659462643873,0.768929200819899,0.701207197892715,0.646744150095789,0.590754534644645,0,100000,2471.97777804486,97801.7272939248,3896209.61024895,38.9620961024895,2023,"Males","GMoH report",34.2777438975105
0,1,0.0246843,0.0123292,0.0131784,0.0131306,0.0181351,0.0237047,0.0239157,0.0287438,0.0245878,0.0230105,0.0159974,0.0203511,0.0250984,0.0478624,0.0621445,0.0857479,0.098048,0.23293,0.108796001703,0.0241529650363634,0.0481299914195794,0.0637903627101514,0.0635663395546106,0.0867427776333534,0.111892551581325,0.112832339071188,0.134083804827032,0.115819625528571,0.108793989747299,0.076911057617187,0.0968290555204923,0.118082778010926,0.213737076387748,0.268939693104646,0.353055154741791,0.39372911847854,1,0.975847034963637,0.951870008580421,0.936209637289849,0.936433660445389,0.913257222366647,0.888107448418675,0.887167660928812,0.865916195172968,0.884180374471428,0.891206010252701,0.923088942382813,0.903170944479508,0.881917221989074,0.786262923612252,0.731060306895354,0.646944845258209,0.60627088152146,0,100000,2415.29650363635,97847.4780988865,4023946.00711194,40.2394600711194,2023,"Males","GMoH report",33.0003799288806
0,1,0.0237724,0.0119273,0.0131255,0.0129207,0.0171081,0.024076,0.0247043,0.0290519,0.025444,0.0232122,0.015464,0.0216122,0.0262765,0.0465118,0.0629173,0.0858723,0.0925741,0.236552,0.105823016204,0.0232775943927499,0.0465976321247177,0.0635424344418343,0.062581992135536,0.082031972047534,0.113545685207368,0.116336472223144,0.135423709812263,0.119611511738325,0.109695325418313,0.0744420695896636,0.102521701222118,0.123283831034552,0.208334023871262,0.271829547091889,0.353476829199771,0.375878877919079,1,0.97672240560725,0.953402367875282,0.936457565558166,0.937418007864464,0.917968027952466,0.886454314792631,0.883663527776856,0.864576290187737,0.880388488261675,0.890304674581687,0.925557930410336,0.897478298777882,0.876716168965448,0.791665976128738,0.728170452908111,0.646523170800229,0.624121122080922,0,100000,2327.75943927499,97918.5710855864,4028493.75028381,40.2849375028381,2023,"Males","GMoH report",32.9549024971619
0,1,0.0239245,0.0124301,0.0140676,0.0136358,0.0188267,0.0245238,0.0250759,0.028638,0.0250739,0.0226247,0.0163377,0.020868,0.0268711,0.047602,0.0630356,0.0804908,0.0985991,0.242937,0.106318894145,0.0234236812319345,0.0485143241975832,0.0679483253459097,0.0659314304999712,0.0899021003197743,0.11553557185722,0.117983164888906,0.133623243856121,0.117974309878823,0.107067570825841,0.0784829238380286,0.0991664845034548,0.125897958423515,0.212697887855729,0.272271073757612,0.33503575926948,0.39550452457696,1,0.976576318768065,0.951485675802417,0.93205167465409,0.934068569500029,0.910097899680226,0.88446442814278,0.882016835111094,0.866376756143879,0.882025690121177,0.892932429174158,0.921517076161971,0.900833515496545,0.874102041576485,0.787302112144271,0.727728926242388,0.66496424073052,0.60449547542304,0,100000,2342.36812319345,97906.669865345,3970282.82773431,39.7028282773431,2023,"Males","GMoH report",33.5370117226569
0,1,0.0250301,0.0120035,0.014062,0.0139909,0.0189606,0.0248287,0.0247242,0.0284804,0.026013,0.0223985,0.0154201,0.0216971,0.0261958,0.0475991,0.0626503,0.0841148,0.10304,0.233434,0.109923382321,0.0244846144547213,0.0468883513491607,0.0679221952268018,0.0675903745710353,0.0905125684849602,0.116888053937975,0.116424729271372,0.132936769103091,0.122123033804133,0.10605388039967,0.0742385840261461,0.102903719280972,0.122928475597366,0.212686307903658,0.270832203070008,0.347499394771653,0.409669211195929,1,0.975515385545279,0.953111648650839,0.932077804773198,0.932409625428965,0.90948743151504,0.883111946062025,0.883575270728628,0.867063230896909,0.877876966195867,0.89394611960033,0.925761415973854,0.897096280719028,0.877071524402634,0.787313692096342,0.729167796929992,0.652500605228347,0.590330788804071,0,100000,2448.46144547213,97820.6817180967,3963394.91559199,39.6339491559199,2023,"Males","GMoH report",33.6058908440801
0,1,0.0227575,0.0120175,0.011223,0.0118927,0.0164214,0.022167,0.0227595,0.0258855,0.0224016,0.019859,0.0143064,0.0193799,0.0240332,0.0440264,0.0592302,0.079657,0.100579,0.22974,0.103878546625,0.0223026708396283,0.0469417549204861,0.0545835228087923,0.0577465927412649,0.078869145533827,0.105015313844995,0.107671146360992,0.121560842057314,0.106067780046288,0.0945984247092476,0.0690619309766878,0.0924216921221069,0.113355275011485,0.198305325989626,0.257954289591582,0.33214150945363,0.401850656939264,1,0.977697329160372,0.953058245079514,0.945416477191208,0.942253407258735,0.921130854466173,0.894984686155005,0.892328853639007,0.878439157942686,0.893932219953712,0.905401575290752,0.930938069023312,0.907578307877893,0.886644724988515,0.801694674010374,0.742045710408418,0.66785849054637,0.598149343060736,0,100000,2230.26708396284,98001.4098193048,4215928.25186864,42.1592825186864,2023,"Males","GMoH report",31.0805574813136
0,1,0.0241839,0.0134446,0.0145777,0.0144367,0.0194161,0.0258142,0.027128,0.0311612,0.0285732,0.024745,0.0164863,0.0215951,0.0262264,0.0539581,0.073902,0.093308,0.0990896,0.244006,0.107164592619,0.0236727522007384,0.0523702070291517,0.0703255384937492,0.0696690230377763,0.0925863360991626,0.121246308836107,0.127025154052181,0.144545473943388,0.133341048856998,0.116516969004932,0.07916851046481,0.102444739039899,0.12306323587652,0.237722820674419,0.311887267831746,0.378295101640354,0.397081405823724,1,0.976327247799262,0.947629792970848,0.929674461506251,0.930330976962224,0.907413663900837,0.878753691163893,0.872974845947819,0.855454526056612,0.866658951143002,0.883483030995068,0.92083148953519,0.897555260960101,0.87693676412348,0.762277179325581,0.688112732168254,0.621704898359646,0.602918594176276,0,100000,2367.27522007383,97886.4128645024,3825991.60039595,38.2599160039595,2023,"Males","GMoH report",34.9799239960405
0,1,0.024611,0.0121654,0.013387,0.0143104,0.0192917,0.0246814,0.0275494,0.0318251,0.0268077,0.0240463,0.0156565,0.0216595,0.025009,0.0539388,0.06585,0.0882754,0.102077,0.24366,0.10855702831,0.0240826435858996,0.0475057471668332,0.0647673971363396,0.0690805734058329,0.0920204239673716,0.116234899856693,0.128871190089379,0.14739810168515,0.125619570593501,0.113413558849588,0.0753338393601447,0.102734552405436,0.117686919571115,0.237647894385763,0.282709026510679,0.361580370422102,0.406618905068346,1,0.9759173564141,0.952494252833167,0.93523260286366,0.930919426594167,0.907979576032628,0.883765100143307,0.871128809910621,0.85260189831485,0.874380429406499,0.886586441150412,0.924666160639855,0.897265447594564,0.882313080428885,0.762352105614237,0.717290973489321,0.638419629577898,0.593381094931654,0,100000,2408.26435858996,97853.1696635634,3893870.97441592,38.9387097441592,2023,"Males","GMoH report",34.3011302558408
0,1,0.0249733,0.0126699,0.0146413,0.0139818,0.0187152,0.0249237,0.0267741,0.0297358,0.0259413,0.0246421,0.0172929,0.0209618,0.0246869,0.050084,0.0653057,0.084285,0.100751,0.243067,0.109738202393,0.024430149973637,0.0494271264999174,0.0706215227474928,0.0675478970331546,0.0893934588474457,0.117309060426613,0.125472000292426,0.138391076563786,0.121806925038732,0.116060560175263,0.0828813526422328,0.0995900340600976,0.11625929596604,0.222554012139956,0.280700193442719,0.348080159410265,0.402399595807098,1,0.975569850026363,0.950572873500083,0.929378477252507,0.932452102966845,0.910606541152554,0.882690939573387,0.874527999707574,0.861608923436214,0.878193074961268,0.883939439824737,0.917118647357767,0.900409965939902,0.88374070403396,0.777445987860044,0.719299806557281,0.651919840589735,0.597600404192902,0,100000,2443.0149973637,97825.0770768661,3901733.52656663,39.0173352656663,2023,"Males","GMoH report",34.2225047343337
0,1,0.0244667,0.0124827,0.012368,0.014097,0.0172456,0.0238971,0.025689,0.0280556,0.02469,0.0219832,0.0162899,0.0220144,0.026484,0.0478104,0.0620988,0.0840467,0.101781,0.24115,0.108086580007,0.0239441857155046,0.0487146200252223,0.0599852558879448,0.0680854968763357,0.0826640232994668,0.112749532846533,0.1206937459037,0.131083905922502,0.11627304622195,0.104189929836069,0.0782622878912027,0.104330089210226,0.124196921807149,0.2135296545145,0.268768497126589,0.347266906271647,0.405678971503504,1,0.976055814284495,0.951285379974778,0.940014744112055,0.931914503123664,0.917335976700533,0.887250467153467,0.8793062540963,0.868916094077498,0.88372695377805,0.895810070163931,0.921737712108797,0.895669910789774,0.875803078192851,0.7864703454855,0.731231502873412,0.652733093728353,0.594321028496495,0,100000,2394.41857155046,97864.3859429537,4014736.73480667,40.1473673480667,2023,"Males","GMoH report",33.0924726519333
0,1,0.0242819,0.0125391,0.013807,0.0137836,0.0176395,0.0250277,0.0257709,0.0280828,0.0274294,0.0240031,0.0165162,0.0220832,0.0245251,0.0513007,0.0635993,0.0818251,0.102262,0.247082,0.107484093199,0.023766825779571,0.0489293402200925,0.0667315922640265,0.06662226342465,0.084472373901415,0.117769735948975,0.121055243559388,0.131202655187268,0.128345874195832,0.113221342013773,0.0793063991268527,0.104639085374637,0.115541342549592,0.227345980185717,0.274371855177521,0.339646481679763,0.407205800956473,1,0.976233174220429,0.951070659779908,0.933268407735974,0.93337773657535,0.915527626098585,0.882230264051025,0.878944756440612,0.868797344812732,0.871654125804168,0.886778657986227,0.920693600873147,0.895360914625363,0.884458657450408,0.772654019814283,0.725628144822479,0.660353518320237,0.592794199043527,0,100000,2376.68257795709,97878.7729937565,3949012.58252618,39.4901258252617,2023,"Males","GMoH report",33.7497141747383
0,1,0.0240658,0.0119641,0.0120577,0.0127453,0.0171812,0.0232219,0.0232738,0.0257099,0.0238217,0.0204213,0.0151025,0.0194939,0.0242243,0.044868,0.057292,0.0791706,0.0984544,0.232869,0.106779561818,0.0235593663433605,0.0467380427651079,0.0585243280249344,0.0617586681180864,0.0823680453481605,0.109738650102937,0.109970425762237,0.120786009439762,0.112413781550119,0.0971468381835078,0.0727651604121873,0.0929400880441885,0.114205150435748,0.201713766780258,0.250570751292391,0.330448487448938,0.395038743764726,1,0.97644063365664,0.953261957234892,0.941475671975066,0.938241331881914,0.91763195465184,0.890261349897063,0.890029574237763,0.879213990560238,0.887586218449881,0.902853161816492,0.927234839587813,0.907059911955811,0.885794849564252,0.798286233219742,0.749429248707609,0.669551512551062,0.604961256235274,0,100000,2355.93663433605,97895.6292471493,4142925.17281863,41.4292517281863,2023,"Males","GMoH report",31.8105882718137
0,1,0.0245828,0.0135683,0.0142605,0.0151333,0.020629,0.026954,0.0267122,0.0325183,0.0278505,0.0255557,0.0165348,0.023238,0.0269727,0.051801,0.0750698,0.0899031,0.106153,0.251156,0.108465090388,0.0240555875349694,0.0528393204954434,0.0688479833341581,0.072908147816617,0.0980864372166446,0.126261845538395,0.125200076304357,0.150367279257317,0.130187997910485,0.120105076726736,0.079392166032706,0.109810555762951,0.126343909107069,0.229308921405663,0.316036927626214,0.367024009441867,0.419450245281565,1,0.975944412465031,0.947160679504557,0.931152016665842,0.927091852183383,0.901913562783355,0.873738154461605,0.874799923695643,0.849632720742683,0.869812002089515,0.879894923273264,0.920607833967294,0.890189444237049,0.873656090892931,0.770691078594337,0.683963072373786,0.632975990558133,0.580549754718435,0,100000,2405.55875349694,97855.3603941348,3783883.63286481,37.8388363286481,2023,"Males","GMoH report",35.4010036713519
0,1,0.0239072,0.0124422,0.0124415,0.0131096,0.0175113,0.0232175,0.0242243,0.0274528,0.0248291,0.021938,0.0146202,0.0200573,0.0243958,0.042977,0.0653353,0.0797813,0.098326,0.236412,0.106262492512,0.0234070667902464,0.0485604034952625,0.0603309802723538,0.0634679029487574,0.0838841966672519,0.109718997914784,0.114205150435748,0.128448333944707,0.116889826991607,0.103986841668681,0.0705233367790571,0.0954979237356427,0.114967207498283,0.194037162200295,0.280809558183099,0.332573612185385,0.394625205186966,1,0.976592933209754,0.951439596504738,0.939669019727646,0.936532097051243,0.916115803332748,0.890281002085216,0.885794849564252,0.871551666055293,0.883110173008393,0.896013158331319,0.929476663220943,0.904502076264357,0.885032792501717,0.805962837799705,0.719190441816901,0.667426387814615,0.605374794813034,0,100000,2340.70667902465,97908.022646928,4077202.76873101,40.7720276873101,2023,"Males","GMoH report",32.46781231269
0,1,0.0243865,0.0127566,0.0134713,0.0141108,0.0196223,0.0243407,0.0255893,0.028781,0.0250789,0.0247551,0.0168287,0.0211745,0.0255883,0.0536993,0.063039,0.0816891,0.102676,0.23719,0.107825111165,0.0238672203398718,0.0497569412075827,0.0651619592460226,0.0681498767962584,0.0935236282723773,0.114722438832759,0.120253493215172,0.134245687192296,0.117996447247793,0.116561755232603,0.0807463593557737,0.10054977212533,0.120249076396132,0.236717579242463,0.272283760115239,0.339177697813797,0.40851761373131,1,0.976132779660128,0.950243058792417,0.934838040753977,0.931850123203742,0.906476371727623,0.885277561167241,0.879746506784828,0.865754312807704,0.882003552752207,0.883438244767397,0.919253640644226,0.89945022787467,0.879750923603868,0.763282420757537,0.727716239884761,0.660822302186203,0.59148238626869,0,100000,2386.72203398717,97870.6265346475,3933572.47807724,39.3357247807724,2023,"Males","GMoH report",33.9041152192276
0,1,0.0235326,0.0129309,0.0138211,0.0139075,0.0188504,0.0241479,0.0247894,0.0276666,0.0265971,0.0244815,0.0159978,0.0217936,0.0255612,0.0467382,0.06051,0.0828096,0.101331,0.248602,0.105041217846,0.0230472094732651,0.0504196569167504,0.0667974639282531,0.0672010050554774,0.0900101802457393,0.11386547004005,0.116713835138071,0.129383964050501,0.124694237255715,0.115347783118935,0.0769129067509492,0.103337746234177,0.120129372696571,0.209242012435919,0.262795596186836,0.343032118665412,0.4042478921112,1,0.976952790526735,0.94958034308325,0.933202536071747,0.932798994944523,0.909989819754261,0.88613452995995,0.883286164861929,0.870616035949499,0.875305762744285,0.884652216881066,0.923087093249051,0.896662253765823,0.879870627303429,0.790757987564081,0.737204403813164,0.656967881334588,0.5957521078888,0,100000,2304.72094732651,97937.3697477759,3962176.85067656,39.6217685067656,2023,"Males","GMoH report",33.6180714932344
0,1,0.0240412,0.0116545,0.0127509,0.0127092,0.0169759,0.0231824,0.0244361,0.0280676,0.0239998,0.0228026,0.015973,0.0203945,0.024773,0.0458988,0.0580739,0.0834407,0.0904757,0.230998,0.106699360652,0.0235357458668023,0.0455561321164966,0.0617849652175198,0.0615891286164689,0.081423890445467,0.109562212417152,0.115146190439503,0.13113629716428,0.113206657172952,0.107864048139723,0.0767982537328144,0.0970255319705657,0.116641123611906,0.205870928560472,0.253556904246236,0.345195181125627,0.368930407765359,1,0.976464254133198,0.954443867883503,0.93821503478248,0.938410871383531,0.918576109554533,0.890437787582848,0.884853809560497,0.86886370283572,0.886793342827048,0.892135951860277,0.923201746267186,0.902974468029434,0.883358876388094,0.794129071439528,0.746443095753764,0.654804818874373,0.631069592234641,0,100000,2353.57458668023,97897.5503169653,4086310.73036693,40.8631073036693,2023,"Males","GMoH report",32.3767326963307
0,1,0.0235173,0.0123579,0.0134162,0.0132632,0.0185445,0.0251108,0.0262603,0.0277819,0.0263194,0.0241684,0.0171174,0.0218311,0.0258956,0.0483705,0.060092,0.0874403,0.100018,0.24938,0.104991336633,0.0230325074701839,0.0482393264551986,0.0649040845520809,0.0641876653909663,0.0886142333730344,0.118137671402373,0.123212506536499,0.129888150947948,0.123472682688144,0.113956626660543,0.0820747348348451,0.103506355979917,0.121605388738461,0.215761295624935,0.261217321753041,0.35877337183651,0.400057597926475,1,0.976967492529816,0.951760673544801,0.935095915447919,0.935812334609034,0.911385766626966,0.881862328597627,0.876787493463501,0.870111849052052,0.876527317311856,0.886043373339457,0.917925265165155,0.896493644020083,0.878394611261539,0.784238704375065,0.738782678246959,0.64122662816349,0.599942402073525,0,100000,2303.25074701839,97938.570627512,3960602.86328894,39.6060286328894,2023,"Males","GMoH report",33.6338113671106
0,1,0.0242858,0.0128474,0.0123908,0.0131396,0.0184181,0.0240272,0.0263029,0.0266402,0.0242285,0.0221139,0.0154755,0.020061,0.0245246,0.0473219,0.0599462,0.0821561,0.0938286,0.232587,0.107496808018,0.0237705692503593,0.0501022331399165,0.0600925141879984,0.0636085236080008,0.0880368224988355,0.113328578921352,0.123400051934904,0.124883684191035,0.114223820417534,0.104776933429579,0.0744953673561979,0.0955146990556133,0.115539123056709,0.211578731110639,0.26066613877884,0.340786313809988,0.380004722286235,1,0.976229430749641,0.949897766860084,0.939907485812002,0.936391476391999,0.911963177501165,0.886671421078648,0.876599948065096,0.875116315808965,0.885776179582466,0.895223066570421,0.925504632643802,0.904485300944387,0.884460876943291,0.788421268889361,0.73933386122116,0.659213686190012,0.619995277713765,0,100000,2377.05692503593,97878.4691068825,4035222.19119795,40.3522219119795,2023,"Males","GMoH report",32.8876180880205
0,1,0.0247327,0.0139975,0.0150219,0.0147748,0.0201704,0.0269112,0.0288262,0.0318879,0.0302269,0.0261819,0.0174803,0.0218644,0.0265295,0.0585995,0.0681757,0.097159,0.105214,0.248876,0.108953795867,0.0241993942704922,0.0544652454535285,0.0723908786500182,0.0712425152154856,0.0960105709493101,0.126073993842279,0.134442345173872,0.147667485011736,0.140516085814253,0.122867254569,0.0837419154867906,0.103656056306244,0.124397022949175,0.255558499300588,0.291239805910473,0.390856848613824,0.416512606539011,1,0.975800605729508,0.945534754546472,0.927609121349982,0.928757484784514,0.90398942905069,0.873926006157721,0.865557654826128,0.852332514988264,0.859483914185747,0.877132745431,0.916258084513209,0.896343943693756,0.875602977050825,0.744441500699412,0.708760194089527,0.609143151386176,0.583487393460989,0,100000,2419.93942704922,97843.722159296,3743808.68063476,37.4380868063476,2023,"Males","GMoH report",35.8017531936524
0,1,0.0235225,0.0115311,0.0123055,0.0127133,0.0169526,0.0217451,0.0230761,0.0266314,0.0238923,0.0217297,0.0154925,0.0204589,0.0237593,0.0449616,0.0574141,0.075814,0.0907157,0.235385,0.105008289725,0.023037504265983,0.0450846488121641,0.0596911755967359,0.0616083852882861,0.0813166772434085,0.103119633162306,0.109087230406066,0.124845006720087,0.112728162318589,0.103050366146847,0.074574149954572,0.0973170029222832,0.112135828051443,0.202092045695629,0.251037735828432,0.318670741087904,0.369728133825757,1,0.976962495734017,0.954915351187836,0.940308824403264,0.938391614711714,0.918683322756591,0.896880366837694,0.890912769593934,0.875154993279913,0.887271837681411,0.896949633853153,0.925425850045428,0.902682997077717,0.887864171948557,0.797907954304371,0.748962264171568,0.681329258912096,0.630271866174243,0,100000,2303.7504265983,97938.162465652,4154214.77205039,41.5421477205039,2023,"Males","GMoH report",31.6976922794961
0,1,0.0255631,0.0115096,0.0129772,0.0120701,0.0174433,0.0228399,0.0240693,0.0260536,0.0228382,0.0206896,0.0151192,0.020149,0.0258779,0.0448024,0.059368,0.081202,0.0922366,0.239115,0.111661074251,0.0249954851075044,0.0450024789368567,0.0628470530576506,0.0585827508474893,0.0835720683503604,0.108030959235399,0.113515880541223,0.122301982661337,0.108023352667758,0.0983604063423484,0.0728426919304142,0.0959135925588303,0.121527320389248,0.201448553335144,0.258476863865136,0.337496519133337,0.374765305952463,1,0.975004514892496,0.954997521063143,0.937152946942349,0.941417249152511,0.91642793164964,0.891969040764601,0.886484119458777,0.877698017338663,0.891976647332242,0.901639593657652,0.927157308069586,0.90408640744117,0.878472679610752,0.798551446664856,0.741523136134864,0.662503480866663,0.625234694047537,0,100000,2499.54851075044,97779.5537611024,4125168.69928716,41.2516869928716,2023,"Males","GMoH report",31.9881530071284
0,1,0.0243336,0.0134868,0.0140198,0.0154522,0.0196127,0.0253317,0.0271495,0.0302349,0.0279146,0.0240813,0.0168302,0.0212702,0.0257978,0.0532677,0.064248,0.0867198,0.0995016,0.243646,0.107652646056,0.0238164490636326,0.0525302695220208,0.0677252633811233,0.0743873783795103,0.0934800114486525,0.119115034219175,0.127119427741341,0.140550661975586,0.130468088726115,0.113569261365686,0.0807532659581767,0.100981270453025,0.121173946882769,0.23503858757198,0.276783098688632,0.356343834789544,0.398403528637346,1,0.976183550936367,0.947469730477979,0.932274736618877,0.92561262162049,0.906519988551348,0.880884965780825,0.872880572258659,0.859449338024414,0.869531911273885,0.886430738634314,0.919246734041823,0.899018729546975,0.878826053117231,0.76496141242802,0.723216901311368,0.643656165210456,0.601596471362654,0,100000,2381.64490636326,97874.7454697725,3846720.37043426,38.4672037043426,2023,"Males","GMoH report",34.7726362956574
0,1,0.0230178,0.0115401,0.0124295,0.0128819,0.0158131,0.0226034,0.0233454,0.0241827,0.0227879,0.0222973,0.01501,0.0202746,0.0253324,0.0436436,0.057752,0.0791337,0.0943582,0.228974,0.103362861738,0.0225523507312244,0.0451190434532894,0.0602745438917439,0.0623999259836772,0.0760586907916081,0.106972163498921,0.110290084644831,0.114020208744958,0.107798260073195,0.10560001212416,0.0723356063709308,0.0964826330213627,0.119118129726303,0.196750725131615,0.252328771911428,0.330319908618409,0.381740203763182,1,0.977447649268776,0.954880956546711,0.939725456108256,0.937600074016323,0.923941309208392,0.893027836501079,0.889709915355169,0.885979791255042,0.892201739926805,0.89439998787584,0.927664393629069,0.903517366978637,0.880881870273697,0.803249274868385,0.747671228088572,0.669680091381591,0.618259796236818,0,100000,2255.23507312244,97977.8724779274,4176429.5760808,41.764295760808,2023,"Males","GMoH report",31.475544239192
0,1,0.0251251,0.0127845,0.0138209,0.0135479,0.0184373,0.0257529,0.025617,0.0277598,0.0259801,0.023893,0.0167996,0.0208056,0.0248567,0.0488378,0.066589,0.088437,0.0987832,0.253302,0.110233102271,0.0245756984096325,0.0498630516328009,0.0667965296097901,0.0655203423835546,0.088124552949749,0.120975805449593,0.120375830852621,0.129791532537653,0.121977998502747,0.112731278884058,0.0806123614322087,0.0988846156039749,0.117012159629353,0.217618926035196,0.285428932100842,0.36212244363142,0.396096741028968,1,0.975424301590368,0.950136948367199,0.93320347039021,0.934479657616445,0.911875447050251,0.879024194550407,0.879624169147379,0.870208467462347,0.878022001497253,0.887268721115942,0.919387638567791,0.901115384396025,0.882987840370647,0.782381073964804,0.714571067899157,0.63787755636858,0.603903258971032,0,100000,2457.56984096325,97813.3357066538,3940733.73888548,39.4073373888548,2023,"Males","GMoH report",33.8325026111452
0,1,0.024128,0.0139479,0.0143359,0.0154563,0.0208393,0.0262913,0.0266672,0.0317909,0.0297127,0.0268957,0.0181462,0.0222318,0.0279832,0.0556174,0.0718254,0.0910673,0.102346,0.257564,0.10698234688,0.0236190859340791,0.0542774861031634,0.06919941043004,0.0744063816098107,0.0990368532596647,0.123348986948596,0.12500234374707,0.147251366344219,0.138291002337143,0.126005954147582,0.0867935664607259,0.105306137529196,0.13076774976214,0.244140807616215,0.304457538742086,0.370895394582372,0.407472140715762,1,0.976380914065921,0.945722513896837,0.93080058956996,0.925593618390189,0.900963146740335,0.876651013051404,0.87499765625293,0.852748633655781,0.861708997662857,0.873994045852418,0.913206433539274,0.894693862470804,0.86923225023786,0.755859192383785,0.695542461257914,0.629104605417628,0.592527859284238,0,100000,2361.90859340792,97890.7739310309,3760988.87319517,37.6098887319517,2023,"Males","GMoH report",35.6299512680483
0,1,0.0245207,0.0123779,0.0133994,0.014283,0.0189354,0.0249158,0.0243795,0.0290858,0.025493,0.0235583,0.0159669,0.0211084,0.0254413,0.0487677,0.066979,0.0845021,0.098081,0.23306,0.108262631347,0.0239960028146599,0.0483155108758594,0.064825444836156,0.0689528655532571,0.0903977080953293,0.117274057589763,0.114894805239179,0.135571020993936,0.119828058275929,0.111239940286851,0.0767700506939374,0.100251621672709,0.119599578132165,0.217340508240678,0.286860865263748,0.348820366310074,0.393835540805612,1,0.97600399718534,0.951684489124141,0.935174555163844,0.931047134446743,0.909602291904671,0.882725942410237,0.885105194760821,0.864428979006064,0.880171941724071,0.888760059713149,0.923229949306063,0.899748378327291,0.880400421867835,0.782659491759322,0.713139134736251,0.651179633689926,0.606164459194388,0,100000,2399.60028146599,97860.1867591865,3958668.82076085,39.5866882076085,2023,"Males","GMoH report",33.6531517923915
0,1,0.0234405,0.0110967,0.0120035,0.0122968,0.0159613,0.0223977,0.0236773,0.0250277,0.021631,0.0202267,0.014704,0.0198782,0.0223805,0.0432879,0.0553683,0.0778201,0.0956413,0.233972,0.104740952505,0.0229587042513238,0.0434230939076695,0.058268922472746,0.0596502325509196,0.0767441586512976,0.106050293360972,0.111770444156437,0.117769735948975,0.102606307410983,0.0962656585124172,0.0709132296770709,0.0946855540487694,0.105973168742402,0.195303774364245,0.243180300429345,0.325729704547799,0.385929501839334,1,0.977041295748676,0.95657690609233,0.941731077527254,0.94034976744908,0.923255841348702,0.893949706639028,0.888229555843563,0.882230264051025,0.897393692589017,0.903734341487583,0.929086770322929,0.905314445951231,0.894026831257598,0.804696225635755,0.756819699570655,0.674270295452201,0.614070498160666,0,100000,2295.87042513238,97944.601230024,4220738.08674476,42.2073808674476,2023,"Males","GMoH report",31.0324591325524
0,1,0.0245879,0.0132407,0.0143378,0.0152124,0.0188786,0.0259882,0.0256132,0.0306366,0.0276051,0.0248303,0.0156474,0.0219144,0.0259192,0.0515983,0.0671609,0.0861375,0.100956,0.252167,0.108481717459,0.0240604807312548,0.0515964536717373,0.069208264367866,0.0732752682723348,0.090138765742628,0.122013708360936,0.120359049014457,0.142285165729063,0.129114924026865,0.116895146132467,0.0752917015720536,0.103880787192852,0.121709469777366,0.228514146311002,0.287527915970707,0.354375048211669,0.40305336197191,1,0.975939519268745,0.948403546328263,0.930791735632134,0.926724731727665,0.909861234257372,0.877986291639064,0.879640950985543,0.857714834270938,0.870885075973135,0.883104853867533,0.924708298427946,0.896119212807148,0.878290530222634,0.771485853688997,0.712472084029293,0.645624951788331,0.59694663802809,0,100000,2406.04807312548,97854.9641541361,3859060.7665511,38.590607665511,2023,"Males","GMoH report",34.649232334489
0,1,0.0242595,0.011601,0.0127116,0.0127761,0.0171224,0.0236339,0.0237438,0.0259646,0.0234747,0.0219554,0.0144629,0.019885,0.0243758,0.0509587,0.0581473,0.0794087,0.106524,0.230134,0.107411064495,0.0237453244136105,0.045351748726058,0.0616004008610371,0.061903293335055,0.0820977247925309,0.111577000801872,0.112066772422393,0.12190966103756,0.110867071869937,0.104065026777712,0.0697910476426237,0.0947164104457173,0.114878369596004,0.226001627200007,0.253836702737307,0.331277676020481,0.420607908016205,1,0.976254675586389,0.954648251273942,0.938399599138963,0.938096706664945,0.917902275207469,0.888422999198128,0.887933227577607,0.87809033896244,0.889132928130063,0.895934973222288,0.930208952357376,0.905283589554283,0.885121630403996,0.773998372799993,0.746163297262693,0.668722323979519,0.579392091983795,0,100000,2374.53244136105,97880.5186158435,4108293.56028758,41.0829356028758,2023,"Males","GMoH report",32.1569043971242
0,1,0.0230521,0.0117141,0.0120232,0.0127801,0.0174784,0.0228933,0.0234224,0.0246396,0.0240522,0.0215872,0.0149476,0.019493,0.0241468,0.0467898,0.0609863,0.0755881,0.0986636,0.229057,0.103474686941,0.0225853336264561,0.0457837687099105,0.0583617621531991,0.0619220742472808,0.0837331943401144,0.108269863816712,0.11063373123387,0.116049468773049,0.113439807646323,0.102409181303417,0.0720457233636247,0.0929359965482141,0.113860578460099,0.209448828061876,0.264590509522734,0.317872125059479,0.395712059191808,1,0.977414666373544,0.954216231290089,0.941638237846801,0.938077925752719,0.916266805659886,0.891730136183288,0.88936626876613,0.883950531226951,0.886560192353677,0.897590818696583,0.927954276636375,0.907064003451786,0.886139421539901,0.790551171938124,0.735409490477266,0.682127874940521,0.604287940808192,0,100000,2258.53336264561,97975.16767,4146354.50091071,41.4635450091071,2023,"Males","GMoH report",31.7762949908929
0,1,0.0242684,0.0132241,0.013544,0.0137437,0.0180433,0.0248649,0.0257282,0.0293146,0.0274528,0.0241544,0.0173543,0.0211223,0.0257359,0.0503111,0.0657969,0.0841887,0.100048,0.23765,0.107440080364,0.0237538674497659,0.0515334334455455,0.0655020989302227,0.0664358152160383,0.0863226369134489,0.117048501770798,0.120866787776802,0.136564654451537,0.128448333944707,0.11389437431275,0.0831633937879638,0.100314326740712,0.12090077440028,0.22345041017199,0.28251325846093,0.347751610064423,0.400153585255816,1,0.976246132550234,0.948466566554454,0.934497901069777,0.933564184783962,0.913677363086551,0.882951498229202,0.879133212223198,0.863435345548463,0.871551666055293,0.88610562568725,0.916836606212036,0.899685673259288,0.87909922559972,0.77654958982801,0.71748674153907,0.652248389935577,0.599846414744184,0,100000,2375.3867449766,97879.8249977993,3928373.27414352,39.2837327414352,2023,"Males","GMoH report",33.9561072585648
0,1,0.0240255,0.0132473,0.0138763,0.0145046,0.0189909,0.0246116,0.0264306,0.0291756,0.0254078,0.0234179,0.0162647,0.0227935,0.0260049,0.0489982,0.0655736,0.0843751,0.109993,0.247263,0.106648175355,0.0235206705726822,0.0516215087736458,0.0670553013062115,0.0699852305619769,0.0906506561359686,0.115925236145221,0.123962023363239,0.135961131061505,0.119451500419127,0.110613651430419,0.0781459489598806,0.107823322733202,0.122087328103503,0.218255663385733,0.28168951160461,0.348387437752271,0.431351018543392,1,0.976479329427318,0.948378491226354,0.932944698693788,0.930014769438023,0.909349343864031,0.884074763854779,0.876037976636761,0.864038868938495,0.880548499580873,0.889386348569581,0.921854051040119,0.892176677266798,0.877912671896497,0.781744336614267,0.71831048839539,0.651612562247729,0.568648981456608,0,100000,2352.06705726821,97898.776602702,3912285.23589296,39.1228523589295,2023,"Males","GMoH report",34.1169876410705
0,1,0.022718,0.0109378,0.0120387,0.0119874,0.0160205,0.0227079,0.0221726,0.0251267,0.0236651,0.0208365,0.0146453,0.0201735,0.0244626,0.0439235,0.0563902,0.0790208,0.0944162,0.232508,0.1039573669,0.022264771704809,0.0428146048305684,0.0584348023620111,0.0581930418260364,0.0770178392651324,0.107440149569005,0.105040450280288,0.118208054210662,0.111716070075161,0.0990242053624151,0.0706401350744841,0.0960246184016841,0.115263865414762,0.19788769911933,0.247113982727938,0.329926383154969,0.381930041936328,1,0.977735228295191,0.957185395169432,0.941565197637989,0.941806958173964,0.922982160734868,0.892559850430995,0.894959549719712,0.881791945789338,0.888283929924839,0.900975794637585,0.929359864925516,0.903975381598316,0.884736134585238,0.80211230088067,0.752886017272062,0.670073616845031,0.618069958063672,0,100000,2226.4771704809,98004.9815336253,4214025.2352606,42.140252352606,2023,"Males","GMoH report",31.099587647394
0,1,0.0232598,0.0119216,0.0131194,0.013574,0.0176139,0.0241829,0.0239217,0.0266457,0.0243641,0.0230074,0.0159912,0.0206313,0.0248795,0.0487461,0.0629985,0.0801735,0.0988527,0.229875,0.104151832558,0.0227850228017371,0.0465758819319208,0.0635138412768802,0.0656424243303496,0.0843549508289834,0.114021097974482,0.112859049206493,0.124907856800151,0.114826395540999,0.108780130087559,0.0768823955891375,0.0980968368259804,0.117113205038134,0.217254701489328,0.272132631099237,0.333935546214025,0.396320196322482,1,0.977214977198263,0.953424118068079,0.93648615872312,0.93435757566965,0.915645049171017,0.885978902025518,0.887140950793507,0.875092143199849,0.885173604459001,0.891219869912441,0.923117604410863,0.90190316317402,0.882886794961866,0.782745298510672,0.727867368900763,0.666064453785975,0.603679803677518,0,100000,2278.50228017371,97958.807907794,4049297.7569296,40.492977569296,2023,"Males","GMoH report",32.746862430704
0,1,0.0250472,0.0132541,0.0141865,0.0140375,0.0181724,0.0245422,0.0255804,0.0295685,0.0250263,0.0235625,0.0157391,0.0207566,0.0247226,0.0486086,0.065162,0.0844341,0.0968356,0.240411,0.109979131912,0.0245010104721821,0.0516473224471076,0.0685029570012543,0.0678078676448389,0.0869134357025954,0.115617246059402,0.120214182796012,0.137666053260423,0.117763536044711,0.111258669027593,0.075716236456951,0.0986632176417435,0.11641763353304,0.216708284237083,0.280169059381463,0.348588590274714,0.389809425894602,1,0.975498989527818,0.948352677552892,0.931497042998746,0.932192132355161,0.913086564297405,0.884382753940598,0.879785817203988,0.862333946739577,0.882236463955289,0.888741330972407,0.924283763543049,0.901336782358257,0.88358236646696,0.783291715762917,0.719830940618537,0.651411409725286,0.610190574105398,0,100000,2450.10104721821,97819.3589390515,3941261.27329195,39.4126127329195,2023,"Males","GMoH report",33.8272272670805
0,1,0.0237753,0.011991,0.0130568,0.0134829,0.0175578,0.0246891,0.0252839,0.0267784,0.023666,0.0230643,0.0154517,0.0204702,0.0264124,0.0477564,0.0599122,0.0806166,0.0914011,0.243497,0.105832470813,0.0232803800433641,0.0468406671211017,0.0632203609769891,0.065216239897708,0.0840975788262128,0.116269054232849,0.118903631197889,0.125490887073948,0.111720081384864,0.109034489556316,0.0743850608867409,0.0973681369095836,0.123881950900115,0.213314203884076,0.26053755477676,0.335471558826724,0.372002016275503,1,0.976719619956636,0.953159332878898,0.936779639023011,0.934783760102292,0.915902421173787,0.883730945767151,0.881096368802111,0.874509112926052,0.888279918615136,0.890965510443684,0.925614939113259,0.902631863090416,0.876118049099885,0.786685796115924,0.73946244522324,0.664528441173276,0.627997983724497,0,100000,2328.03800433641,97918.3440098091,4038390.90917585,40.3839090917585,2023,"Males","GMoH report",32.8559309082415
0,1,0.023883,0.0116651,0.0125353,0.0121931,0.0165394,0.0223286,0.0239639,0.0256298,0.0230872,0.0210476,0.015989,0.0204377,0.0233538,0.0441926,0.05968,0.0790467,0.0977377,0.232393,0.10618359543,0.0233838250839567,0.0455966216964964,0.0607720115102877,0.0591620771914911,0.079413376021572,0.105740411613137,0.113046889133721,0.120432356944932,0.109136839876035,0.099977294728672,0.0768722249867184,0.0972210627163073,0.110327579438285,0.198979451706309,0.259658893143056,0.330016676870961,0.392727735913916,1,0.976616174916043,0.954403378303504,0.939227988489712,0.940837922808509,0.920586623978428,0.894259588386863,0.886953110866279,0.879567643055068,0.890863160123965,0.900022705271328,0.923127775013282,0.902778937283693,0.889672420561715,0.801020548293691,0.740341106856944,0.669983323129039,0.607272264086084,0,100000,2338.38250839568,97909.9153538364,4156271.44891652,41.5627144891652,2023,"Males","GMoH report",31.6771255108348
0,1,0.0239067,0.0125973,0.0133086,0.0135206,0.0175553,0.0235874,0.0247836,0.0267167,0.02651,0.0223263,0.0150778,0.0200338,0.0248823,0.046031,0.0652357,0.0804805,0.0936113,0.233544,0.106260862407,0.0234065865979089,0.0491508636506669,0.0644003052440719,0.065392630983801,0.0840861078760107,0.11136969607689,0.116688120727825,0.125219847266348,0.124311270544653,0.105730095426214,0.0726504766094453,0.0953913708849145,0.117125613375751,0.206402693983154,0.280441505241322,0.335000067640622,0.379291559978469,1,0.976593413402091,0.950849136349333,0.935599694755928,0.934607369016199,0.915913892123989,0.88863030392311,0.883311879272175,0.874780152733652,0.875688729455347,0.894269904573786,0.927349523390555,0.904608629115085,0.882874386624249,0.793597306016846,0.719558494758678,0.664999932359378,0.620708440021531,0,100000,2340.65865979089,97908.0617479989,4031439.30638984,40.3143930638985,2023,"Males","GMoH report",32.9254469361016
0,1,0.0243302,0.0118991,0.0126691,0.013034,0.01766,0.0235621,0.0253043,0.0265824,0.0248311,0.021519,0.0154054,0.0198738,0.0265101,0.0446894,0.0592606,0.081513,0.0966805,0.238172,0.107641561342,0.0238131857498023,0.0464900211780017,0.0614007687999901,0.0631134482875502,0.0845663937173778,0.111256885354001,0.118993859220328,0.124629614348834,0.11689869220968,0.102102159096031,0.074170436879251,0.0946655876122778,0.124311710320576,0.200991523521811,0.25806960144197,0.338570298205864,0.389306606560958,1,0.976186814250198,0.953509978821998,0.93859923120001,0.93688655171245,0.915433606282622,0.888743114645999,0.881006140779672,0.875370385651166,0.883101307790319,0.897897840903969,0.925829563120749,0.905334412387722,0.875688289679424,0.799008476478189,0.74193039855803,0.661429701794136,0.610693393439042,0,100000,2381.31857498024,97875.0102744833,4069356.13905938,40.6935613905938,2023,"Males","GMoH report",32.5462786094062
0,1,0.0235364,0.012109,0.0121563,0.0129999,0.0169753,0.0227505,0.0248853,0.0274328,0.0236022,0.0223419,0.0143907,0.0198887,0.0252293,0.0487993,0.0599453,0.0839035,0.0974695,0.232133,0.105053606644,0.0230508609006038,0.0472907135004462,0.0589887865355934,0.0629535261388683,0.0814211297407784,0.107630860282838,0.117138907841716,0.128360762206363,0.111435681873229,0.105800063881893,0.0694547440374506,0.0947331995359723,0.118662095956229,0.217466025459487,0.260662735329614,0.346777818304683,0.391861209581693,1,0.976949139099396,0.952709286499554,0.941011213464407,0.937046473861132,0.918578870259222,0.892369139717162,0.882861092158284,0.871639237793637,0.888564318126771,0.894199936118107,0.930545255962549,0.905266800464028,0.881337904043771,0.782533974540513,0.739337264670386,0.653222181695317,0.608138790418307,0,100000,2305.08609006039,97937.0715173254,4095910.60950844,40.9591060950844,2023,"Males","GMoH report",32.2807339049156
0,1,0.0240071,0.0123981,0.0131001,0.0137796,0.0183179,0.0234892,0.0243837,0.0280689,0.0254055,0.0233684,0.0162479,0.0206305,0.0248204,0.0463551,0.0579989,0.0856659,0.0982084,0.240741,0.106588187491,0.0235030022784354,0.0483924511039366,0.0634233688154518,0.0666035734966151,0.0875788485264437,0.110931754576032,0.114913461567916,0.131141972705796,0.119441333034011,0.110392745419828,0.078068381846491,0.0980932195834586,0.116851262321678,0.207705031263225,0.253270913969444,0.352777083999515,0.394246263210335,1,0.976496997721565,0.951607548896063,0.936576631184548,0.933396426503385,0.912421151473556,0.889068245423968,0.885086538432084,0.868858027294204,0.880558666965989,0.889607254580172,0.921931618153509,0.901906780416541,0.883148737678322,0.792294968736775,0.746729086030556,0.647222916000485,0.605753736789665,0,100000,2350.30022784355,97900.214013502,4015678.90386128,40.1567890386128,2023,"Males","GMoH report",33.0830509613872
0,1,0.0225924,0.0115535,0.0121496,0.0136411,0.0164188,0.0230039,0.023532,0.0271115,0.0234244,0.0226782,0.014742,0.0196798,0.0247009,0.04473,0.0600138,0.0792426,0.0991168,0.241462,0.10420799542,0.0221442427929355,0.0451702510099139,0.0589572330047148,0.0659562117981023,0.0788571505417143,0.108764481840475,0.111122654250446,0.126952798039856,0.110642655453961,0.107307166539462,0.0710899788302125,0.0937848331037138,0.116321392302206,0.201155757425854,0.260921737565264,0.330699315962312,0.397168758895713,1,0.977855757207065,0.954829748990086,0.941042766995285,0.934043788201898,0.921142849458286,0.891235518159525,0.888877345749554,0.873047201960144,0.889357344546039,0.892692833460538,0.928910021169787,0.906215166896286,0.883678607697794,0.798844242574146,0.739078262434736,0.669300684037688,0.602831241104287,0,100000,2214.42427929355,98016.336435861,4125435.04073618,41.2543504073618,2023,"Males","GMoH report",31.9854895926382
0,1,0.02533,0.0139765,0.0146304,0.0146692,0.0193416,0.0264643,0.0279121,0.0308579,0.0300465,0.0260671,0.0165806,0.022256,0.0271637,0.0545001,0.0723028,0.0890936,0.110322,0.246096,0.1109011193,0.0247721104067597,0.0543857549907437,0.0705708023338376,0.0707513362458557,0.0922474660276967,0.124110271363863,0.130457166319905,0.143239337145727,0.13973605179905,0.122361477804787,0.0796033228623705,0.10541472471676,0.12718168702069,0.239824369675606,0.306171379885954,0.364321266931319,0.432362312422353,1,0.97522788959324,0.945614245009256,0.929429197666162,0.929248663754144,0.907752533972303,0.875889728636137,0.869542833680095,0.856760662854273,0.86026394820095,0.877638522195213,0.92039667713763,0.89458527528324,0.87281831297931,0.760175630324394,0.693828620114046,0.635678733068681,0.567637687577647,0,100000,2477.21104067597,97797.5144364773,3783216.45906382,37.8321645906382,2023,"Males","GMoH report",35.4076754093618
0,1,0.0250849,0.0120643,0.0134278,0.0136351,0.0176778,0.0238656,0.0255912,0.0296802,0.0258887,0.0230814,0.0158212,0.0211372,0.0252293,0.0480865,0.0670076,0.0851932,0.102036,0.236582,0.110102041829,0.024537157012338,0.0471202542336968,0.0649583796735488,0.0659281574508546,0.0846480229497474,0.112609279922692,0.120261885114166,0.138150187046087,0.121574956085945,0.109110918135375,0.0760961682569335,0.100381538368019,0.118662095956229,0.214630434079134,0.286965779571896,0.351172275291575,0.406488777697217,1,0.975462842987662,0.952879745766303,0.935041620326451,0.934071842549145,0.915351977050253,0.887390720077307,0.879738114885834,0.861849812953913,0.878425043914056,0.890889081864625,0.923903831743066,0.899618461631981,0.881337904043771,0.785369565920866,0.713034220428104,0.648827724708425,0.593511222302783,0,100000,2453.7157012338,97816.4434075399,3981303.72919792,39.8130372919792,2023,"Males","GMoH report",33.4268027080208
0,1,0.0236797,0.0113913,0.0121459,0.0122889,0.0172633,0.0217287,0.0229045,0.0270528,0.0231497,0.0214751,0.0139194,0.019869,0.0230271,0.0426501,0.0564515,0.0795803,0.0947609,0.231175,0.105520794737,0.0231885434782825,0.0445502299315612,0.0589398074807975,0.0596130528859739,0.0827453552708805,0.10304586811379,0.108319963490575,0.126695340716651,0.109416123891852,0.101904477868325,0.0672565721732299,0.0946438055679271,0.108868202533597,0.192703446808213,0.247349389803736,0.331874766332145,0.383057351540916,1,0.976811456521718,0.955449770068439,0.941060192519203,0.940386947114026,0.917254644729119,0.89695413188621,0.891680036509425,0.873304659283349,0.890583876108148,0.898095522131675,0.93274342782677,0.905356194432073,0.891131797466403,0.807296553191787,0.752650610196264,0.668125233667855,0.616942648459084,0,100000,2318.85434782825,97925.8330058339,4178445.80913597,41.7844580913597,2023,"Males","GMoH report",31.4553819086403
0,1,0.0244668,0.0135084,0.0145994,0.0144267,0.0204862,0.0268613,0.0266057,0.0312279,0.0271827,0.0264515,0.0175599,0.0239191,0.0266293,0.0547341,0.0681448,0.0865829,0.0977894,0.248206,0.108086906028,0.0239442816767938,0.0526121870645154,0.0704265370379214,0.0696224446928733,0.0974405343148003,0.125854932269569,0.124732041789409,0.144832465617368,0.127264985215928,0.124053966277525,0.0841072143182331,0.112847474907358,0.12483577663325,0.240730132180542,0.291127018819818,0.355881392461593,0.392894665896863,1,0.976055718323206,0.947387812935485,0.929573462962079,0.930377555307127,0.9025594656852,0.874145067730431,0.875267958210591,0.855167534382632,0.872735014784072,0.875946033722475,0.915892785681767,0.887152525092642,0.87516422336675,0.759269867819458,0.708872981180182,0.644118607538407,0.607105334103137,0,100000,2394.42816767939,97864.3781646714,3800837.43062417,38.0083743062417,2023,"Males","GMoH report",35.2314656937583
0,1,0.0248889,0.0121408,0.0130617,0.013852,0.0187285,0.0240368,0.024424,0.0268863,0.0254808,0.0236483,0.0156804,0.0208394,0.0257406,0.0471194,0.0615589,0.0810281,0.100133,0.241321,0.109463040669,0.0243492122425243,0.0474119617105296,0.0632433362860803,0.0669418052830481,0.0894541451083458,0.113371292302932,0.115092454715096,0.125964688958161,0.11977414727057,0.111641189165636,0.0754445001496342,0.099037304967168,0.120921518877927,0.210768756622951,0.266743421045505,0.33689549529435,0.400425486820506,1,0.975650787757476,0.95258803828947,0.93675666371392,0.933058194716952,0.910545854891654,0.886628707697068,0.884907545284904,0.87403531104184,0.88022585272943,0.888358810834364,0.924555499850366,0.900962695032832,0.879078481122073,0.789231243377049,0.733256578954495,0.66310450470565,0.599574513179494,0,100000,2434.92122425242,97831.6126567437,4008285.86192729,40.0828586192729,2023,"Males","GMoH report",33.1569813807271
0,1,0.0235106,0.0120599,0.0130799,0.0137463,0.01742,0.0240831,0.0239883,0.0268986,0.0244406,0.0225269,0.0148034,0.0197451,0.0241353,0.0471957,0.0596341,0.0779101,0.0983343,0.23379,0.104969493226,0.0230260692354402,0.0471034736365804,0.0633286683762633,0.0664479658186671,0.0834650951080447,0.113577268228798,0.113155480941337,0.126018684530706,0.115166174018225,0.106629424067438,0.0713754998150931,0.0940813841543356,0.113809437695943,0.211074033135828,0.259485099125587,0.326045003024627,0.394651943484524,1,0.97697393076456,0.95289652636342,0.936671331623737,0.933552034181333,0.916534904891955,0.886422731771202,0.886844519058663,0.873981315469294,0.884833825981775,0.893370575932562,0.928624500184907,0.905918615845664,0.886190562304057,0.788925966864171,0.740514900874413,0.673954996975373,0.605348056515476,0,100000,2302.60692354401,97939.0965583191,4063327.12526133,40.6332712526133,2023,"Males","GMoH report",32.6065687473867
0,1,0.0246603,0.0129906,0.0132729,0.0129715,0.0180132,0.0251407,0.0256733,0.0290732,0.0246041,0.0243095,0.0156009,0.0219577,0.0250753,0.0482366,0.0634401,0.0827422,0.0983242,0.231597,0.108717756663,0.0241299410873536,0.0506465420613945,0.0642331011784223,0.0628203156876443,0.0861848381821435,0.118270022136201,0.120624431929369,0.135516270883383,0.115891956766315,0.114583812052287,0.0750763532995236,0.104075361108471,0.11798050839463,0.215228296841445,0.273779070909056,0.342800774409198,0.394619406402499,1,0.975870058912646,0.949353457938605,0.935766898821578,0.937179684312356,0.913815161817856,0.881729977863799,0.879375568070631,0.864483729116617,0.884108043233685,0.885416187947713,0.924923646700476,0.895924638891529,0.88201949160537,0.784771703158555,0.726220929090944,0.657199225590802,0.605380593597501,0,100000,2412.99410873535,97849.3411976074,3973778.80919548,39.7377880919548,2023,"Males","GMoH report",33.5020519080452
0,1,0.0239994,0.0115253,0.0130066,0.0136545,0.0176326,0.023238,0.0254893,0.0277335,0.02501,0.0237008,0.0148397,0.0207473,0.0227623,0.0491355,0.0600401,0.0795735,0.0927219,0.229334,0.106563083874,0.0234956083424664,0.0450624827354581,0.0629849498773143,0.0660188635685095,0.084440726131054,0.109810555762951,0.119811708543552,0.129676539246984,0.11769134843886,0.111875172291391,0.0715442615545233,0.0986211913897011,0.1076836794577,0.218800339763835,0.261021158807678,0.331851113541511,0.376366059637292,1,0.976504391657534,0.954937517264542,0.937015050122686,0.93398113643149,0.915559273868946,0.890189444237049,0.880188291456448,0.870323460753016,0.88230865156114,0.888124827708609,0.928455738445477,0.901378808610299,0.8923163205423,0.781199660236165,0.738978841192322,0.668148886458489,0.623633940362708,0,100000,2349.56083424663,97900.8156140003,4046495.4832749,40.464954832749,2023,"Males","GMoH report",32.774885167251
0,1,0.0235372,0.0119475,0.0126374,0.0127008,0.01722,0.0232572,0.0234692,0.026164,0.0243671,0.0214463,0.0153246,0.0190351,0.0241821,0.0449039,0.0612711,0.080583,0.0965954,0.239284,0.105056214812,0.023051629619586,0.046674707855786,0.0612518399931756,0.0615496747280354,0.0825463784094722,0.10989629946047,0.11084253589163,0.122788410095644,0.114839722494981,0.101774769407158,0.073795773233755,0.0908520551142375,0.114017541051355,0.20185887334321,0.265661993565172,0.335355183183758,0.389030587073501,1,0.976948370380414,0.953325292144214,0.938748160006824,0.938450325271965,0.917453621590528,0.89010370053953,0.88915746410837,0.877211589904356,0.885160277505019,0.898225230592842,0.926204226766245,0.909147944885763,0.885982458948645,0.79814112665679,0.734338006434828,0.664644816816242,0.610969412926499,0,100000,2305.1629619586,97937.0087333496,4116056.60292068,41.1605660292068,2023,"Males","GMoH report",32.0792739707932
0,1,0.0248085,0.0121401,0.0132931,0.0143041,0.0175338,0.0242371,0.0253124,0.0281396,0.0247705,0.023324,0.0159222,0.02069,0.0266938,0.0484497,0.0616983,0.0906157,0.100503,0.243486,0.109200919785,0.024272101389984,0.0474092928868487,0.0643277131895016,0.0690512114169278,0.0839874520338234,0.11426204827442,0.119029682652093,0.131450582940704,0.116630039044614,0.110194555470514,0.0765633572817224,0.0983622144572013,0.125119230698923,0.216076407231402,0.267266741073121,0.369395842815466,0.401607982369736,1,0.975727898610016,0.952590707113151,0.935672286810498,0.930948788583072,0.916012547966177,0.88573795172558,0.880970317347907,0.868549417059296,0.883369960955386,0.889805444529486,0.923436642718278,0.901637785542799,0.874880769301077,0.783923592768598,0.732733258926879,0.630604157184534,0.598392017630264,0,100000,2427.2101389984,97837.8434406917,3989935.48208581,39.8993548208581,2023,"Males","GMoH report",33.340485179142
0,1,0.0242324,0.011951,0.0118239,0.0126561,0.0170352,0.0236733,0.0227192,0.0250419,0.022487,0.0217695,0.0155337,0.0202088,0.0236209,0.0438666,0.0541016,0.0784008,0.0983702,0.241563,0.107322712804,0.0237193106766494,0.0466880619434282,0.0574221165891538,0.061339696662669,0.0816967009019862,0.11175261693385,0.10749074089845,0.117832618384211,0.106450612681574,0.103229370544812,0.0747650551567779,0.0961845634836776,0.111519049225381,0.19765668333684,0.238279715376471,0.327761993709041,0.39476758441817,1,0.976280689323351,0.953311938056572,0.942577883410846,0.938660303337331,0.918303299098014,0.88824738306615,0.89250925910155,0.882167381615789,0.893549387318426,0.896770629455188,0.925234944843222,0.903815436516322,0.888480950774619,0.80234331666316,0.761720284623529,0.672238006290959,0.60523241558183,0,100000,2371.93106766493,97882.631009101,4158349.97748439,41.5834997748439,2023,"Males","GMoH report",31.6563402251561
0,1,0.0238068,0.0119116,0.0124255,0.0130896,0.0174914,0.0227708,0.0238679,0.0273125,0.022859,0.0228501,0.0149011,0.0195475,0.0254006,0.0440749,0.0592595,0.0844941,0.0944627,0.229774,0.105935167428,0.0233106372207561,0.0465377225286553,0.0602557310350597,0.0633741444955283,0.0837928637571936,0.107721725341485,0.112619521317845,0.127833845253766,0.108116417056276,0.108076597356841,0.071829648077578,0.0931837277066363,0.119419671716495,0.198502099533209,0.258065429239896,0.348793101918063,0.382082207616469,1,0.976689362779244,0.953462277471345,0.93974426896494,0.936625855504472,0.916207136242806,0.892278274658515,0.887380478682155,0.872166154746234,0.891883582943723,0.891923402643159,0.928170351922422,0.906816272293364,0.880580328283505,0.801497900466791,0.741934570760104,0.651206898081937,0.617917792383531,0,100000,2331.0637220756,97915.8779036078,4105138.88106682,41.0513888106682,2023,"Males","GMoH report",32.1884511893318
0,1,0.0247191,0.0119014,0.0132645,0.0135716,0.0180502,0.0243326,0.024386,0.026782,0.0246551,0.022081,0.0156295,0.0223767,0.0258521,0.0483231,0.0616684,0.0835051,0.0955563,0.248354,0.108909457011,0.0241863483629744,0.0464987984014109,0.0641937548470774,0.0656311990475168,0.0863542225311697,0.114686451147048,0.114923677972412,0.125506698970435,0.116118233361615,0.104629206242404,0.0752088097692777,0.105956128735321,0.121413514222426,0.215572652847913,0.267154520430681,0.345415591272977,0.385652649355886,1,0.975813651637026,0.953501201598589,0.935806245152923,0.934368800952483,0.91364577746883,0.885313548852952,0.885076322027588,0.874493301029565,0.883881766638385,0.895370793757596,0.924791190230722,0.894043871264679,0.878586485777574,0.784427347152087,0.732845479569319,0.654584408727023,0.614347350644114,0,100000,2418.63483629744,97844.7773704316,4024767.70344682,40.2476770344682,2023,"Males","GMoH report",32.9921629655318
0,1,0.0257774,0.0140077,0.0140522,0.0148951,0.0204568,0.0260472,0.0274371,0.033258,0.0309753,0.0252832,0.0174232,0.0214167,0.0259061,0.0566187,0.0680275,0.0929037,0.104769,0.252199,0.112359737254,0.0252007794998736,0.0545038527632952,0.067876465817595,0.0718017638675415,0.0973074998430279,0.122273776238877,0.128379590821667,0.153525151295533,0.143745128781162,0.118900534984688,0.083479787419578,0.101641439458854,0.121651697404663,0.247991157611372,0.290698730309651,0.376964912213075,0.415116617700374,1,0.974799220500126,0.945496147236705,0.932123534182405,0.928198236132459,0.902692500156972,0.877726223761123,0.871620409178333,0.846474848704467,0.856254871218838,0.881099465015312,0.916520212580422,0.898358560541146,0.878348302595337,0.752008842388628,0.709301269690349,0.623035087786925,0.584883382299626,0,100000,2520.07794998736,97763.0773463328,3766213.7636794,37.662137636794,2023,"Males","GMoH report",35.577702363206
0,1,0.0240853,0.0128281,0.0143876,0.013953,0.0187524,0.024345,0.0253251,0.0291029,0.0273931,0.024504,0.0171139,0.0209075,0.0276429,0.0518136,0.065179,0.0876669,0.0971874,0.227587,0.106843135913,0.0235780892979113,0.0500288498231669,0.069440301785092,0.0674134503192391,0.0895631881751603,0.11474154284839,0.119085847508177,0.135645319572531,0.128186908024486,0.115447675404708,0.0820586415365204,0.099344867934166,0.129280294376453,0.229358301742134,0.280231910726838,0.359535986551476,0.390948764992838,1,0.976421910702089,0.949971150176833,0.930559698214908,0.932586549680761,0.91043681182484,0.88525845715161,0.880914152491823,0.864354680427469,0.871813091975514,0.884552324595292,0.91794135846348,0.900655132065834,0.870719705623547,0.770641698257866,0.719768089273161,0.640464013448524,0.609051235007162,0,100000,2357.80892979112,97894.1067701514,3914848.98953974,39.1484898953974,2023,"Males","GMoH report",34.0913501046026
0,1,0.0247681,0.0128987,0.0137456,0.0144668,0.0182914,0.0256825,0.0264587,0.0300434,0.0264632,0.0260098,0.0171353,0.0217064,0.0264726,0.0478678,0.0634287,0.0866224,0.100466,0.232952,0.109069207301,0.0242333508150126,0.0502972614280364,0.0664446945175973,0.0698092102913912,0.0874576909781076,0.120665049655553,0.124085638304483,0.139722641947301,0.124105432778256,0.122108928010576,0.0821570363380898,0.102945556434524,0.124146779886914,0.213758613590886,0.273736607163087,0.356014848473889,0.401489811495686,1,0.975766649184987,0.949702738571964,0.933555305482403,0.930190789708609,0.912542309021892,0.879334950344447,0.875914361695517,0.860277358052699,0.875894567221744,0.877891071989424,0.91784296366191,0.897054443565476,0.875853220113086,0.786241386409114,0.726263392836913,0.643985151526111,0.598510188504314,0,100000,2423.33508150125,97840.9761548628,3894915.3667355,38.949153667355,2023,"Males","GMoH report",34.290686332645
0,1,0.0254821,0.0141715,0.0150091,0.0145612,0.020169,0.0264717,0.027591,0.0334613,0.0298705,0.0263459,0.0183187,0.0203825,0.0276535,0.0541542,0.0750346,0.0967051,0.109756,0.24089,0.111396997241,0.0249178728786409,0.0551236309285909,0.0723314259855989,0.0702487352892649,0.0960042268706163,0.124142821200094,0.129053230774268,0.154391176328775,0.138974412061307,0.123589320314796,0.0875825058741098,0.0969712107425975,0.129326662823992,0.238483757278915,0.31591214618893,0.389386378356091,0.430621709209897,1,0.975082127121359,0.944876369071409,0.927668574014401,0.929751264710735,0.903995773129384,0.875857178799906,0.870946769225732,0.845608823671225,0.861025587938693,0.876410679685204,0.91241749412589,0.903028789257402,0.870673337176008,0.761516242721085,0.68408785381107,0.610613621643909,0.569378290790103,0,100000,2491.78728786409,97785.7903337673,3745818.20284856,37.4581820284856,2023,"Males","GMoH report",35.7816579715144
0,1,0.0246589,0.0118704,0.0130919,0.013129,0.017241,0.0230383,0.0249501,0.0272538,0.0239922,0.022352,0.0150914,0.0205584,0.0247668,0.0471147,0.0609129,0.0813217,0.0965773,0.23494,0.108713192369,0.0241285979993336,0.0463804900615468,0.0633849271796421,0.0635588399749231,0.0826428850472509,0.10891827052066,0.117426022490641,0.127576630096678,0.113172836670109,0.10584536121529,0.0727136240355738,0.0977671590913414,0.116613633645567,0.210749948503147,0.264314146989594,0.337909967491597,0.388971868025381,1,0.975871402000666,0.953619509938453,0.936615072820358,0.936441160025077,0.917357114952749,0.89108172947934,0.882573977509359,0.872423369903322,0.886827163329891,0.89415463878471,0.927286375964426,0.902232840908659,0.883386366354433,0.789250051496853,0.735685853010406,0.662090032508403,0.611028131974619,0,100000,2412.85979993336,97849.4498916562,4068209.03241235,40.6820903241235,2023,"Males","GMoH report",32.5577496758765
0,1,0.0239873,0.0122302,0.0137675,0.0133045,0.0176316,0.0240098,0.0254829,0.0288007,0.0251803,0.0244843,0.0151379,0.0206166,0.0253904,0.0494966,0.0606056,0.0818539,0.100068,0.230194,0.106523635333,0.0234839891345869,0.0477527486665175,0.0665470342644118,0.0643811040044326,0.0844361394109066,0.113251155987432,0.119783427254068,0.134331403843324,0.118445280743252,0.115360214735857,0.072929501257293,0.0980303677981326,0.119374579210062,0.220231254251979,0.263156157893,0.33974571960505,0.400217570410424,1,0.976516010865413,0.952247251333483,0.933452965735588,0.935618895995567,0.915563860589093,0.886748844012568,0.880216572745932,0.865668596156676,0.881554719256748,0.884639785264143,0.927070498742707,0.901969632201867,0.880625420789938,0.779768745748021,0.736843842107,0.66025428039495,0.599782429589576,0,100000,2348.39891345869,97901.761076015,3996594.72762431,39.9659472762431,2023,"Males","GMoH report",33.2738927237569
0,1,0.0248299,0.0123069,0.0129088,0.0133902,0.0181474,0.0234902,0.0251873,0.0260844,0.0234467,0.0216998,0.0159415,0.0204958,0.0253636,0.0435582,0.0622436,0.0846035,0.100098,0.233301,0.109270688279,0.0242926267817892,0.048045029258829,0.0625261558968954,0.0647823775212862,0.0867990569832552,0.110936215289043,0.118476257404678,0.122437714218122,0.110742154797758,0.102915865741459,0.0766526061958232,0.0974839701133757,0.119256090554058,0.196403538475898,0.26931081360564,0.349165864464454,0.400313538546445,1,0.975707373218211,0.951954970741171,0.937473844103105,0.935217622478714,0.913200943016745,0.889063784710957,0.881523742595322,0.877562285781878,0.889257845202241,0.897084134258541,0.923347393804177,0.902516029886624,0.880743909445942,0.803596461524102,0.73068918639436,0.650834135535546,0.599686461453555,0,100000,2429.26267817891,97836.1845266762,4054637.35125511,40.5463735125511,2023,"Males","GMoH report",32.6934664874489
0,1,0.0232168,0.0118748,0.0121507,0.0127018,0.0169247,0.023549,0.0239493,0.0260749,0.0234598,0.0226864,0.0152261,0.0191265,0.024549,0.0468429,0.0609069,0.0824139,0.0923772,0.234219,0.104011643528,0.0227436862374815,0.0463972830856295,0.0589624135055454,0.0615543717037338,0.0811882817208959,0.111198468181958,0.112981906091129,0.122395851058112,0.110800600198649,0.107343884260293,0.0733388387676015,0.0912683879449283,0.115647428212056,0.209661605902209,0.26429155215511,0.341672990765813,0.375229397299469,1,0.977256313762519,0.95360271691437,0.941037586494455,0.938445628296266,0.918811718279104,0.888801531818042,0.887018093908871,0.877604148941888,0.889199399801351,0.892656115739707,0.926661161232399,0.908731612055072,0.884352571787944,0.790338394097791,0.73570844784489,0.658327009234187,0.624770602700531,0,100000,2274.36862374815,97962.1921947964,4120055.81900707,41.2005581900707,2023,"Males","GMoH report",32.0392818099293
0,1,0.0246766,0.0124212,0.0137199,0.0130404,0.0180098,0.0236616,0.0254658,0.0275015,0.026599,0.0236391,0.0159724,0.0213276,0.0245659,0.0499127,0.0658333,0.0879413,0.101255,0.239263,0.108770898086,0.0241455782719135,0.0484804297714458,0.0663245833715033,0.0631434600586287,0.0861692716295168,0.111700470375413,0.119707859010054,0.128661536860105,0.124702589551312,0.111600180436603,0.0767954797000955,0.101239985227647,0.11572243555123,0.221877266411906,0.282647462085686,0.360458522367342,0.404005945077855,1,0.975854421728087,0.951519570228554,0.933675416628497,0.936856539941371,0.913830728370483,0.888299529624587,0.880292140989946,0.871338463139895,0.875297410448688,0.888399819563397,0.923204520299905,0.898760014772353,0.88427756444877,0.778122733588094,0.717352537914314,0.639541477632658,0.595994054922145,0,100000,2414.55782719134,97848.0757961528,3986483.82002258,39.8648382002258,2023,"Males","GMoH report",33.3750017997742
0,1,0.0244256,0.0127104,0.0135896,0.0139838,0.0185004,0.0245605,0.0261081,0.0280728,0.0255493,0.0243818,0.0157385,0.0217147,0.0257534,0.0523462,0.0611372,0.0866354,0.106363,0.245649,0.107952585376,0.0239047444632681,0.0495812060765688,0.0657153854932523,0.0675572329158774,0.0884128187213202,0.115698469358313,0.122542143648525,0.131158999123514,0.120076804262162,0.114905021845894,0.075713459301941,0.102982893411114,0.120978012154454,0.231443084964569,0.265158395375606,0.356058765967293,0.420105734423724,1,0.976095255536732,0.950418793923431,0.934284614506748,0.932442767084123,0.91158718127868,0.884301530641687,0.877457856351475,0.868841000876486,0.879923195737838,0.885094978154106,0.924286540698059,0.897017106588886,0.879021987845546,0.768556915035431,0.734841604624394,0.643941234032707,0.579894265576276,0,100000,2390.4744463268,97867.5834504294,3946560.27765625,39.4656027765625,2023,"Males","GMoH report",33.7742372234375
0,1,0.0253324,0.0124364,0.0135839,0.0136114,0.0173055,0.0245959,0.0246944,0.0291225,0.0259099,0.0240391,0.0168097,0.0206951,0.0244319,0.0498841,0.0652088,0.0813496,0.0966282,0.232984,0.110908943804,0.0247744106493447,0.0485383161695773,0.0656887272449435,0.0658173348220092,0.0829392375609715,0.115855569966644,0.116292562369553,0.135730473233168,0.121668456168781,0.113381525430084,0.080658871422618,0.0983852676201838,0.115127538717047,0.221764227719984,0.280342074354569,0.338006305604077,0.389136984166425,1,0.975225589350655,0.951461683830423,0.934311272755056,0.934182665177991,0.917060762439028,0.884144430033356,0.883707437630447,0.864269526766832,0.878331543831219,0.886618474569916,0.919341128577382,0.901614732379816,0.884872461282953,0.778235772280016,0.719657925645431,0.661993694395923,0.610863015833575,0,100000,2477.44106493446,97797.3293069141,3978430.75925819,39.7843075925819,2023,"Males","GMoH report",33.4555324074181
0,1,0.0244405,0.0129455,0.0131777,0.014096,0.0181716,0.0259744,0.0261751,0.0295537,0.0269197,0.0235974,0.0160494,0.0214768,0.0262037,0.0494863,0.0619617,0.0835948,0.100698,0.249086,0.108001162505,0.0239190433847706,0.0504751479445672,0.0637870824103043,0.0680808314980101,0.0869097757953912,0.121952868529189,0.122837303258684,0.137601887726727,0.126111303835358,0.111414281579632,0.0771514151925228,0.101912133716494,0.122963268502831,0.220190470766295,0.268254705963719,0.345722493293973,0.402230486241207,1,0.976080956615229,0.949524852055433,0.936212917589696,0.93191916850199,0.913090224204609,0.878047131470811,0.877162696741316,0.862398112273273,0.873888696164642,0.888585718420368,0.922848584807477,0.898087866283506,0.877036731497169,0.779809529233705,0.731745294036281,0.654277506706027,0.597769513758793,0,100000,2391.90433847706,97866.4241106792,3926630.21185482,39.2663021185482,2023,"Males","GMoH report",33.9735378814518
0,1,0.0241686,0.0113955,0.012512,0.0125895,0.0171426,0.0233977,0.0244309,0.0268558,0.0226578,0.0205821,0.0158652,0.0198017,0.0250995,0.0441577,0.0598857,0.0797786,0.0973809,0.233496,0.107114711406,0.0236580640087293,0.0445662896916379,0.0606624776976185,0.0610267590425835,0.082190598610643,0.110523510165502,0.11512309777634,0.125830784072748,0.107215813833319,0.0978743508104601,0.0762997240451954,0.0943383507022482,0.118087647715417,0.198837935264885,0.260437321708416,0.332564228583768,0.391574746838891,1,0.976341935991271,0.955433710308362,0.939337522302382,0.938973240957417,0.917809401389357,0.889476489834498,0.88487690222366,0.874169215927252,0.892784186166681,0.90212564918954,0.923700275954805,0.905661649297752,0.881912352284583,0.801162064735115,0.739562678291584,0.667435771416232,0.608425253161109,0,100000,2365.80640087293,97887.6062689991,4123203.158332,41.23203158332,2023,"Males","GMoH report",32.00780841668
0,1,0.0243323,0.0113649,0.0119651,0.012694,0.0169627,0.0224443,0.0230019,0.0253875,0.0232103,0.0216914,0.0141074,0.019646,0.0236924,0.0443428,0.056706,0.0781735,0.100034,0.235344,0.107648407783,0.0238152013278692,0.0444492768275648,0.0580879302639957,0.0615177346896248,0.0813631531069805,0.106259215711989,0.108755539868733,0.119361758396756,0.109686838907276,0.102878076242484,0.0681340154752125,0.0936312987613369,0.111837738887929,0.199588245831822,0.248326056587827,0.326967094579687,0.400108792602103,1,0.976184798672131,0.955550723172435,0.941912069736004,0.938482265310375,0.918636846893019,0.893740784288011,0.891244460131267,0.880638241603244,0.890313161092724,0.897121923757516,0.931865984524788,0.906368701238663,0.888162261112071,0.800411754168178,0.751673943412173,0.673032905420313,0.599891207397897,0,100000,2381.52013278691,97874.8467176108,4173723.76122235,41.7372376122235,2023,"Males","GMoH report",31.5026023877765
0,1,0.0238834,0.0127011,0.0139205,0.0138765,0.0179172,0.0247169,0.0252735,0.0285812,0.0255011,0.0241836,0.0154002,0.0205741,0.0254671,0.0487797,0.0618596,0.0849717,0.100872,0.251851,0.106184899514,0.0233842092509843,0.0495458269935446,0.067261708468172,0.0670562353745622,0.0857452146023183,0.116392354530747,0.118857629266813,0.133375892362987,0.119863849940693,0.114024210271213,0.074146329250684,0.0978381693023893,0.11971360417762,0.217388175089025,0.26787188141158,0.350419210028132,0.402785542014726,1,0.976615790749016,0.950454173006455,0.932738291531828,0.932943764625438,0.914254785397682,0.883607645469253,0.881142370733187,0.866624107637012,0.880136150059307,0.885975789728787,0.925853670749316,0.902161830697611,0.88028639582238,0.782611824910975,0.73212811858842,0.649580789971868,0.597214457985274,0,100000,2338.42092509843,97909.8840658546,3966259.80719878,39.6625980719878,2023,"Males","GMoH report",33.5772419280122
0,1,0.0228476,0.011732,0.0121866,0.0130287,0.0172315,0.0231028,0.0227149,0.0265625,0.0230287,0.0231315,0.015303,0.0207062,0.0245521,0.0464411,0.060513,0.0798467,0.0923121,0.229822,0.10369875658,0.0223891083985563,0.0458521257220576,0.059131471037632,0.0630885940855926,0.0825992284858646,0.109206556893502,0.107471489649407,0.124542124542125,0.108875355265494,0.109334804901077,0.0736955909299957,0.0984354402193265,0.11566118740197,0.208050289276682,0.262806913159889,0.332800871611704,0.375014548697869,1,0.977610891601444,0.954147874277942,0.940868528962368,0.936911405914407,0.917400771514135,0.890793443106498,0.892528510350593,0.875457875457875,0.891124644734506,0.890665195098923,0.926304409070004,0.901564559780674,0.88433881259803,0.791949710723318,0.737193086840111,0.667199128388296,0.624985451302131,0,100000,2238.91083985563,97993.2614303309,4124962.90455854,41.2496290455854,2023,"Males","GMoH report",31.9902109544146
0,1,0.0252705,0.0129264,0.0139038,0.0146817,0.0189977,0.0255127,0.0263635,0.0293283,0.025658,0.0251062,0.0172804,0.0216142,0.0266235,0.0474588,0.0653845,0.0836556,0.10489,0.250443,0.110707136805,0.0247150810652078,0.0504025528808812,0.0671837272332363,0.0708094907491698,0.0906816433598562,0.119915104766556,0.123666777292146,0.136624117254791,0.120556878996753,0.118117308098541,0.082823923673386,0.102530702239156,0.124810283540405,0.212125898518478,0.280991309336688,0.345930451337687,0.415496444770148,1,0.975284918934792,0.949597447119119,0.932816272766764,0.92919050925083,0.909318356640144,0.880084895233444,0.876333222707854,0.863375882745209,0.879443121003247,0.881882691901459,0.917176076326614,0.897469297760844,0.875189716459595,0.787874101481522,0.719008690663312,0.654069548662313,0.584503555229852,0,100000,2471.50810652078,97802.1054795425,3892028.30089033,38.9202830089033,2023,"Males","GMoH report",34.3195569910967
0,1,0.0249821,0.0133208,0.0135083,0.0142278,0.0183138,0.025159,0.0255516,0.0305221,0.0257538,0.0233751,0.0157347,0.0223341,0.026109,0.0489595,0.0663712,0.0869984,0.100133,0.234473,0.109766892241,0.0244385884201622,0.0519004879599658,0.0653350851724137,0.0686955341964011,0.0875601044000939,0.118351016913672,0.120086964777009,0.14179109504483,0.120979777514611,0.110422648852046,0.0756958704673918,0.10576508030017,0.122546109094152,0.21810207824982,0.284628210318304,0.357284130707616,0.400425486820506,1,0.975561411579838,0.948099512040034,0.934664914827586,0.931304465803599,0.912439895599906,0.881648983086328,0.879913035222991,0.85820890495517,0.879020222485389,0.889577351147954,0.924304129532608,0.89423491969983,0.877453890905848,0.78189792175018,0.715371789681696,0.642715869292384,0.599574513179494,0,100000,2443.85884201623,97824.3959481476,3920586.36551804,39.2058636551804,2023,"Males","GMoH report",34.0339763448196
0,1,0.0250624,0.013652,0.0138333,0.0135971,0.0185074,0.0256412,0.0260394,0.0307235,0.0261728,0.0244707,0.0152305,0.0209845,0.0260689,0.0502874,0.0618944,0.0813412,0.109771,0.241299,0.110028687104,0.0245155843760516,0.0531566118695148,0.0668544556467544,0.0657504610162886,0.0884447921350973,0.120482697633594,0.122239398515724,0.142659966312495,0.122827172452113,0.115299831060189,0.0733592546790277,0.099692506493707,0.12236941020572,0.223356904945597,0.268002383228721,0.33797730175601,0.43066788813016,1,0.975484415623948,0.946843388130485,0.933145544353246,0.934249538983711,0.911555207864903,0.879517302366406,0.877760601484276,0.857340033687505,0.877172827547887,0.884700168939811,0.926640745320972,0.900307493506293,0.87763058979428,0.776643095054403,0.731997616771279,0.66202269824399,0.56933211186984,0,100000,2451.55843760516,97818.1833186433,3906527.16428622,39.0652716428622,2023,"Males","GMoH report",34.1745683571378
0,1,0.0239337,0.0127711,0.0128859,0.0137683,0.0185267,0.0237672,0.0249606,0.0285468,0.0265804,0.0226848,0.0154997,0.020779,0.0257489,0.0470652,0.0622803,0.0870503,0.10078,0.232522,0.106348888077,0.0234325164888106,0.0498120896438976,0.0624186972720551,0.0665507724975548,0.0885329418648798,0.112171022202757,0.11747253745406,0.133226056057355,0.124620821772402,0.107336719938829,0.0746075147587351,0.0987644345368947,0.120958151624115,0.210551838971139,0.269448211399015,0.357459178240933,0.402492112304805,1,0.976567483511189,0.950187910356102,0.937581302727945,0.933449227502445,0.91146705813512,0.887828977797243,0.88252746254594,0.866773943942645,0.875379178227598,0.892663280061171,0.925392485241265,0.901235565463105,0.879041848375885,0.789448161028861,0.730551788600985,0.642540821759067,0.597507887695195,0,100000,2343.25164888107,97905.950558462,3991320.77237721,39.9132077237721,2023,"Males","GMoH report",33.3266322762279
0,1,0.02423,0.0121266,0.0129382,0.0125911,0.0169765,0.0234951,0.0234305,0.0263688,0.0240162,0.0222937,0.0147756,0.0204211,0.0252599,0.0433823,0.0606869,0.0779708,0.0993852,0.247312,0.1073148883,0.0237170068283023,0.0473578212887204,0.0626640984050398,0.0610342782478827,0.0814266511422106,0.110958072478288,0.110669873804556,0.123690101151867,0.113279634127187,0.105583862605575,0.0712462353137455,0.0971459329705383,0.118797469500416,0.195688010098734,0.263462668463115,0.326257587283575,0.398030217955999,1,0.976282993171698,0.95264217871128,0.93733590159496,0.938965721752117,0.918573348857789,0.889041927521712,0.889330126195444,0.876309898848133,0.886720365872813,0.894416137394425,0.928753764686254,0.902854067029462,0.881202530499584,0.804311989901266,0.736537331536885,0.673742412716425,0.601969782044001,0,100000,2371.70068283023,97882.8181110287,4102192.36266262,41.0219236266262,2023,"Males","GMoH report",32.2179163733738
0,1,0.0233795,0.0115969,0.0123681,0.0129302,0.0168295,0.0224442,0.0244305,0.0267572,0.0232397,0.022686,0.014619,0.0204402,0.0241512,0.0451834,0.0592327,0.0791522,0.0933146,0.250755,0.104542079695,0.022900078645083,0.045336083936396,0.0599857263449816,0.0626265649739351,0.0807500428832412,0.106258767430113,0.115121321394198,0.12539776716128,0.109818147966743,0.107342093185012,0.0705177524426039,0.097232376923044,0.113880144627671,0.202987802330455,0.257963773050133,0.330384374735209,0.378316798245987,1,0.977099921354917,0.954663916063604,0.940014273655018,0.937373435026065,0.919249957116759,0.893741232569887,0.884878678605802,0.87460223283872,0.890181852033257,0.892657906814988,0.929482247557396,0.902767623076956,0.88611985537233,0.797012197669545,0.742036226949867,0.669615625264791,0.621683201754013,0,100000,2290.0078645083,97949.3943201653,4124702.97105507,41.2470297105507,2023,"Males","GMoH report",31.9928102894493
0,1,0.0250452,0.0124528,0.0137602,0.0141433,0.0179397,0.0255925,0.0243526,0.0280665,0.0267802,0.0232445,0.0162797,0.0205989,0.0249066,0.04617,0.0655032,0.0811556,0.10742,0.240765,0.109972611492,0.0244990928298603,0.0486007686951852,0.0665129222191985,0.0683014792222885,0.0858482694991646,0.120267626896621,0.11477530713845,0.131131494756072,0.125498793055535,0.109839584448233,0.0782152000205631,0.0979503274972902,0.117233293151954,0.206961472084631,0.281429644307493,0.337336196440403,0.423396791612471,1,0.97550090717014,0.951399231304815,0.933487077780802,0.931698520777712,0.914151730500835,0.879732373103379,0.88522469286155,0.868868505243928,0.874501206944465,0.890160415551767,0.921784799979437,0.90204967250271,0.882766706848046,0.793038527915369,0.718570355692506,0.662663803559597,0.576603208387529,0,100000,2449.90928298603,97819.5136387824,3963437.66563558,39.6343766563558,2023,"Males","GMoH report",33.6054633436442
0,1,0.0244154,0.0121498,0.01377,0.0145735,0.0187014,0.0247007,0.0252479,0.0287182,0.0261789,0.0246826,0.0178878,0.0214324,0.0248428,0.0515795,0.0618468,0.087733,0.0996103,0.227962,0.107919331234,0.0238949557640056,0.0474462745079662,0.0665587161949876,0.0703059891671802,0.0893304870726489,0.116320505240514,0.118744384158041,0.133972385590348,0.122854040873445,0.116240222698081,0.0856105394797359,0.101712160716642,0.116950552063022,0.22844039643075,0.267823875796043,0.359758310387036,0.398751987298901,1,0.976105044235994,0.952553725492034,0.933441283805012,0.92969401083282,0.910669512927351,0.883679494759486,0.881255615841959,0.866027614409652,0.877145959126555,0.883759777301919,0.914389460520264,0.898287839283358,0.883049447936978,0.77155960356925,0.732176124203957,0.640241689612964,0.601248012701099,0,100000,2389.49557640056,97868.3771881912,3935321.70581783,39.3532170581783,2023,"Males","GMoH report",33.8866229418217
0,1,0.0246822,0.0113307,0.0122222,0.0123545,0.0167226,0.022357,0.0236257,0.0256699,0.0247638,0.0203405,0.0145692,0.0197168,0.0243462,0.0426476,0.057364,0.0777892,0.0970422,0.232718,0.108789155262,0.0241509504722844,0.0443184811707961,0.0592990867546678,0.0599217420932717,0.080257706205519,0.105867784836051,0.111540447144732,0.120609420586234,0.116600331760852,0.0967810620199576,0.0702859739700875,0.0939528748908788,0.114746874132489,0.192693239497966,0.250846153173402,0.325621424678498,0.390478715891729,1,0.975849049527716,0.955681518829204,0.940700913245332,0.940078257906728,0.919742293794481,0.894132215163949,0.888459552855268,0.879390579413766,0.883399668239149,0.903218937980042,0.929714026029912,0.906047125109121,0.885253125867511,0.807306760502034,0.749153846826598,0.674378575321502,0.609521284108271,0,100000,2415.09504722845,97847.641102837,4166265.13220345,41.6626513220345,2023,"Males","GMoH report",31.5771886779655
0,1,0.0230046,0.0120042,0.0126666,0.0124908,0.0172257,0.0230616,0.0232067,0.0258645,0.0225535,0.0220383,0.014735,0.0189916,0.0246678,0.0451204,0.0604561,0.0784473,0.0938325,0.235515,0.103319826966,0.0225396571652251,0.0468910215970885,0.0613890244570314,0.0605628052795359,0.0825725740288769,0.10902242132115,0.109670758993182,0.121468213481049,0.106748612897538,0.104437440867334,0.0710574222093626,0.0906538460436916,0.116174572218567,0.202733462676615,0.26259224277841,0.327924517496493,0.380017516060608,1,0.977460342834775,0.953108978402912,0.938610975542969,0.939437194720464,0.917427425971123,0.89097757867885,0.890329241006818,0.878531786518951,0.893251387102462,0.895562559132666,0.928942577790637,0.909346153956308,0.883825427781433,0.797266537323385,0.73740775722159,0.672075482503507,0.619982483939392,0,100000,2253.96571652251,97978.9136312959,4139925.95930115,41.3992595930115,2023,"Males","GMoH report",31.8405804069885
0,1,0.023529,0.0112533,0.0122156,0.0119924,0.0173073,0.0227751,0.0234442,0.0247055,0.0238781,0.0206986,0.0156631,0.019504,0.0234219,0.0424016,0.0526516,0.0766106,0.0980371,0.227838,0.10502948109,0.0230437502077595,0.0440224053321514,0.0592680141168845,0.0582166078791745,0.0829475065497297,0.107740971499977,0.110731000684388,0.116341794490535,0.112664938339584,0.0984010880948974,0.0753643996784896,0.0929860025172585,0.110631500165674,0.191688275991769,0.232636314551854,0.321480890269751,0.393693963762941,1,0.97695624979224,0.955977594667849,0.940731985883116,0.941783392120826,0.91705249345027,0.892259028500023,0.889268999315612,0.883658205509465,0.887335061660416,0.901598911905103,0.92463560032151,0.907013997482741,0.889368499834326,0.808311724008231,0.767363685448146,0.678519109730249,0.606306036237059,0,100000,2304.37502077594,97937.6522918929,4183878.15470465,41.8387815470465,2023,"Males","GMoH report",31.4010584529535
0,1,0.0244342,0.0126956,0.0134426,0.013881,0.0184847,0.0241142,0.0251528,0.0291344,0.0267566,0.0250793,0.0155467,0.0219604,0.0257118,0.0489904,0.0641877,0.0843563,0.102693,0.239463,0.107980623182,0.0239129975692584,0.0495249032759399,0.0650276483361898,0.0670772516737903,0.0883411030319627,0.11371559829876,0.118323576841079,0.135782169874986,0.125395131557426,0.117998218214813,0.0748252843783864,0.104087492570393,0.120794396584732,0.218224710372427,0.276559245322528,0.348323331398807,0.408571434255102,1,0.976087002430742,0.95047509672406,0.93497235166381,0.93292274832621,0.911658896968037,0.88628440170124,0.881676423158921,0.864217830125014,0.874604868442574,0.882001781785187,0.925174715621614,0.895912507429607,0.879205603415268,0.781775289627573,0.723440754677472,0.651676668601193,0.591428565744898,0,100000,2391.29975692583,97866.914281042,3950212.99216071,39.5021299216071,2023,"Males","GMoH report",33.7377100783929
0,1,0.0256686,0.0129131,0.0136529,0.0138824,0.0180778,0.0250941,0.0252381,0.0309533,0.0258879,0.0250489,0.0158283,0.0221674,0.0254504,0.050172,0.064406,0.0843505,0.104028,0.261316,0.112005026406,0.0250965593710209,0.0503519991983047,0.0660113829735027,0.067083789984788,0.0864805545762057,0.118063741651554,0.118701028905924,0.143650367684851,0.121571427598671,0.117863615221684,0.0761290176738813,0.105017109326774,0.119639798199743,0.222901468771936,0.277369370766097,0.348303552902289,0.412786591221123,1,0.974903440628979,0.949648000801695,0.933988617026497,0.932916210015212,0.913519445423794,0.881936258348446,0.881298971094077,0.856349632315149,0.878428572401329,0.882136384778316,0.923870982326119,0.894982890673226,0.880360201800257,0.777098531228064,0.722630629233903,0.651696447097711,0.587213408778877,0,100000,2509.65593710208,97771.438142403,3920083.15869305,39.2008315869305,2023,"Males","GMoH report",34.0390084130695
0,1,0.024416,0.0120932,0.0120251,0.0125427,0.0163482,0.0219148,0.0225017,0.0244759,0.0233738,0.0220581,0.0151052,0.0201288,0.0251016,0.0427949,0.0593225,0.0780186,0.0994151,0.228631,0.10792128736,0.0238955315738007,0.0472304650794035,0.0583707157646464,0.0608067964843397,0.0785313831067361,0.103882584825183,0.106516494489845,0.115322919393068,0.110416846767561,0.104526367341368,0.0727776958708298,0.0958220431448641,0.118096944354009,0.193294457546824,0.258304350429165,0.326424955012211,0.398126127944469,1,0.976104468426199,0.952769534920596,0.941629284235354,0.93919320351566,0.921468616893264,0.896117415174817,0.893483505510155,0.884677080606932,0.889583153232439,0.895473632658632,0.92722230412917,0.904177956855136,0.881903055645991,0.806705542453176,0.741695649570835,0.673575044987789,0.601873872055531,0,100000,2389.55315738007,97868.3304955795,4177771.27170488,41.7777127170488,2023,"Males","GMoH report",31.4621272829512
0,1,0.0253055,0.0135942,0.0149778,0.0144458,0.0192197,0.0274595,0.0272061,0.0337402,0.029401,0.0251375,0.0161696,0.0219625,0.0284401,0.054278,0.0709222,0.0934796,0.120236,0.252537,0.110821244155,0.0247486283174839,0.0529375137024522,0.0721860301924585,0.0697114073782386,0.0916927329512425,0.128477668644632,0.127367563337696,0.155577924296618,0.136939597252917,0.118255858398753,0.0777067810815591,0.104096928044554,0.132761149108125,0.238963806303629,0.301205591921553,0.378859024770223,0.462236369647621,1,0.975251371682516,0.947062486297548,0.927813969807541,0.930288592621761,0.908307267048758,0.871522331355368,0.872632436662304,0.844422075703382,0.863060402747083,0.881744141601247,0.922293218918441,0.895903071955446,0.867238850891875,0.761036193696371,0.698794408078447,0.621140975229777,0.537763630352379,0,100000,2474.8628317484,97799.4045463789,3769734.30922391,37.6973430922391,2023,"Males","GMoH report",35.5424969077609
0,1,0.0238978,0.0126953,0.0134803,0.014151,0.0189762,0.025695,0.0253928,0.0286223,0.0260584,0.023841,0.0157799,0.0213363,0.0269468,0.0483932,0.067077,0.0865896,0.0976743,0.232819,0.106231846538,0.0233980391163743,0.0495237619693412,0.0652040738095624,0.0683373938491033,0.090583665611555,0.120720233970331,0.119385189406121,0.133554880369034,0.122323136922075,0.112499734570275,0.0759050641938199,0.101279191942398,0.126230246953485,0.215851623084382,0.287220308428803,0.355904030830088,0.392522981395664,1,0.976601960883626,0.950476238030659,0.934795926190438,0.931662606150897,0.909416334388445,0.879279766029669,0.880614810593879,0.866445119630966,0.877676863077925,0.887500265429725,0.92409493580618,0.898720808057601,0.873769753046515,0.784148376915618,0.712779691571197,0.644095969169912,0.607477018604336,0,100000,2339.80391163743,97908.7577784327,3934898.43576276,39.3489843576276,2023,"Males","GMoH report",33.8908556423724
0,1,0.0252743,0.0126327,0.0131224,0.0145192,0.0180662,0.0234308,0.0250151,0.0290389,0.0273858,0.023587,0.0155652,0.0208745,0.0250908,0.0483757,0.0601399,0.0804497,0.0976082,0.24185,0.110719525603,0.0247187234186351,0.0492855801044295,0.0635279035946732,0.070053208633038,0.0864274605313704,0.11067121239173,0.11771393534018,0.135367212623378,0.128154936359608,0.111367912612993,0.0749109886968399,0.0991958410405002,0.118049132091309,0.215781988185354,0.261398326900145,0.334893330144654,0.392309451492158,1,0.975281276581365,0.95071441989557,0.936472096405327,0.929946791366962,0.91357253946863,0.88932878760827,0.88228606465982,0.864632787376623,0.871845063640392,0.888632087387007,0.92508901130316,0.9008041589595,0.881950867908691,0.784218011814646,0.738601673099855,0.665106669855346,0.607690548507842,0,100000,2471.87234186351,97801.8121911788,3973372.77888773,39.7337277888773,2023,"Males","GMoH report",33.5061122111227
0,1,0.0250263,0.0132712,0.0145386,0.0143285,0.0192325,0.0254284,0.0256564,0.030628,0.02708,0.0234131,0.0159137,0.0224661,0.0256636,0.0494404,0.0614205,0.0870663,0.102729,0.251832,0.109910993523,0.0244809708412664,0.0517122332209561,0.0701435282504452,0.0691649258981702,0.0917509973582678,0.119542559923127,0.120549814357308,0.142248065615798,0.12681464830945,0.110592232502962,0.0765240481378709,0.106356936094991,0.120581604816573,0.220008704157437,0.266223542300353,0.357513135275423,0.408685395113471,1,0.975519029158734,0.948287766779044,0.929856471749555,0.93083507410183,0.908249002641732,0.880457440076873,0.879450185642692,0.857751934384202,0.87318535169055,0.889407767497038,0.923475951862129,0.893643063905009,0.879418395183427,0.779991295842563,0.733776457699647,0.642486864724577,0.591314604886529,0,100000,2448.09708412664,97820.9756986305,3881422.69039235,38.8142269039235,2023,"Males","GMoH report",34.4256130960765
0,1,0.0234776,0.0110853,0.0119874,0.0129351,0.016757,0.0227745,0.0240225,0.0253505,0.0231017,0.0216633,0.0146261,0.0196766,0.0250305,0.043016,0.0557249,0.077927,0.0964873,0.235713,0.104861906296,0.0229943576141539,0.0433794515318676,0.0581930418260364,0.0626495543730722,0.0804161657752599,0.107738286012993,0.113307666456379,0.119198167158614,0.109201641118436,0.102751650428197,0.0705507926297934,0.0937702983678385,0.117782135634972,0.194196146414576,0.244554993593723,0.32610419582907,0.388679831286722,1,0.977005642385846,0.956620548468132,0.941806958173964,0.937350445626928,0.91958383422474,0.892261713987007,0.886692333543621,0.880801832841386,0.890798358881564,0.897248349571803,0.929449207370207,0.906229701632162,0.882217864365028,0.805803853585424,0.755445006406277,0.67389580417093,0.611320168713278,0,100000,2299.43576141539,97941.6874559318,4166748.38571542,41.6674838571542,2023,"Males","GMoH report",31.5723561428458
0,1,0.0231922,0.0112384,0.0127867,0.013111,0.0171797,0.0224297,0.0237112,0.0268514,0.0230441,0.0209722,0.0148517,0.0191419,0.023199,0.0445539,0.0548181,0.078466,0.0992912,0.248539,0.103931442362,0.0227200367137034,0.0439653985303138,0.0619530619566958,0.0634744657005018,0.0823611503627813,0.106193764311553,0.111921516353592,0.125811465067234,0.108944197543471,0.0996369831547071,0.071600044063939,0.0913385180531939,0.109636364925248,0.200443185854404,0.241055050359693,0.327989867618598,0.397728620091842,1,0.977279963286297,0.956034601469686,0.938046938043304,0.936525534299498,0.917638849637219,0.893806235688447,0.888078483646408,0.874188534932766,0.891055802456529,0.900363016845293,0.928399955936061,0.908661481946806,0.890363635074752,0.799556814145596,0.758944949640307,0.672010132381402,0.602271379908158,0,100000,2272.00367137033,97964.128947247,4143562.64184221,41.4356264184221,2023,"Males","GMoH report",31.8042135815779
0,1,0.0246425,0.0124239,0.0130124,0.0132246,0.0180682,0.0237137,0.0246548,0.0269357,0.0259563,0.0220673,0.0152987,0.0221832,0.024747,0.0468301,0.0608599,0.0816142,0.0981172,0.238503,0.108659724925,0.0241128644827728,0.0484907124745743,0.0630121516932663,0.0640068379278484,0.0864366148872361,0.111932656413989,0.116116902481733,0.126181530380336,0.121873065382529,0.104567683874112,0.0736756459868523,0.105088028135653,0.116525837733992,0.209610319448041,0.264114538930378,0.338919408937693,0.393952266655317,1,0.975887135517227,0.951509287525426,0.936987848306734,0.935993162072152,0.913563385112764,0.888067343586011,0.883883097518267,0.873818469619664,0.878126934617471,0.895432316125888,0.926324354013148,0.894911971864347,0.883474162266008,0.790389680551959,0.735885461069622,0.661080591062307,0.606047733344683,0,100000,2411.28644827727,97850.7232739079,4030249.94643367,40.3024994643367,2023,"Males","GMoH report",32.9373405356633
0,1,0.0237341,0.0127766,0.013533,0.0136143,0.0171358,0.0243396,0.024279,0.0292084,0.0240323,0.0244854,0.0159413,0.0199905,0.0254074,0.0458367,0.0591208,0.089044,0.0956691,0.232873,0.105698150161,0.0232408034982129,0.0498330072004066,0.0654506411822031,0.0658308960787864,0.0821593351613551,0.114717551696801,0.114448275780795,0.136103580451827,0.113351270646128,0.115365098540492,0.0766516813790792,0.0951950103633296,0.119449732186135,0.205621026712247,0.257539192299717,0.364155372522718,0.386020028280964,1,0.976759196501787,0.950166992799593,0.934549358817797,0.934169103921214,0.917840664838645,0.885282448303199,0.885551724219205,0.863896419548173,0.886648729353872,0.884634901459508,0.923348318620921,0.90480498963667,0.880550267813865,0.794378973287753,0.742460807700283,0.635844627477282,0.613979971719036,0,100000,2324.08034982129,97921.5706439803,4008688.18353429,40.0868818353429,2023,"Males","GMoH report",33.1529581646571
0,1,0.0245995,0.0133034,0.0146413,0.013847,0.018326,0.0252924,0.0276745,0.0290006,0.0278417,0.0255022,0.0161096,0.0229689,0.0262206,0.047519,0.0742697,0.0852367,0.103459,0.245457,0.108519535895,0.0240716102214858,0.0518344511257864,0.0706215227474928,0.066918450538484,0.0876158785253606,0.118941227259175,0.129418518055203,0.135200743308984,0.130149538953309,0.119868710432049,0.0774296002783882,0.108607985126093,0.123037694564739,0.212366402320348,0.313196057011443,0.351320087701528,0.410992752140691,1,0.975928389778514,0.948165548874214,0.929378477252507,0.933081549461516,0.912384121474639,0.881058772740825,0.870581481944797,0.864799256691016,0.869850461046691,0.880131289567951,0.922570399721612,0.891392014873907,0.876962305435261,0.787633597679652,0.686803942988557,0.648679912298472,0.589007247859309,0,100000,2407.16102214859,97854.0629747995,3870051.96645832,38.7005196645832,2023,"Males","GMoH report",34.5393203354168
0,1,0.0232523,0.0109717,0.0119292,0.0128583,0.0161007,0.0223728,0.0235225,0.0257096,0.0224507,0.0221924,0.0149623,0.0197557,0.0249199,0.04233,0.0618424,0.0766577,0.0926717,0.224978,0.104127380983,0.0227778131221458,0.0429444526966953,0.0579186908818312,0.0622891679784565,0.0773884783178687,0.105938639988181,0.111080284990762,0.12078468514687,0.106287905310608,0.105129320186721,0.0721140209604583,0.0941295139053502,0.11729222378147,0.191395564397622,0.267807373251135,0.321646749858441,0.376200622036947,1,0.977222186877854,0.957055547303305,0.942081309118169,0.937710832021543,0.922611521682131,0.894061360011819,0.888919715009238,0.87921531485313,0.893712094689392,0.894870679813279,0.927885979039542,0.90587048609465,0.88270777621853,0.808604435602378,0.732192626748865,0.678353250141559,0.623799377963053,0,100000,2277.78131221457,97959.3980902784,4184522.78748848,41.8452278748848,2023,"Males","GMoH report",31.3946121251152
0,1,0.0236764,0.0110756,0.0122059,0.0124432,0.0167255,0.0229632,0.0227393,0.0259621,0.0232605,0.0217208,0.0152342,0.0192067,0.0254575,0.0472147,0.0565328,0.0797727,0.0937583,0.232277,0.105510036044,0.0231853731609802,0.0433423156965427,0.0592223449494537,0.0603389751607009,0.0802710657255196,0.108582496065852,0.107580724101119,0.121898638399989,0.10991103587507,0.103010332902717,0.0733764222696493,0.0916335545209559,0.119671177497165,0.211150035989425,0.247661504277458,0.332543723308975,0.379774071645986,1,0.97681462683902,0.956657684303457,0.940777655050546,0.939661024839299,0.91972893427448,0.891417503934148,0.892419275898881,0.878101361600011,0.89008896412493,0.896989667097283,0.926623577730351,0.908366445479044,0.880328822502835,0.788849964010575,0.752338495722542,0.667456276691025,0.620225928354014,0,100000,2318.53731609802,97926.0916396928,4163953.97776135,41.6395397776135,2023,"Males","GMoH report",31.6003002223865
0,1,0.0239358,0.0132333,0.0138505,0.0142084,0.0188732,0.0263487,0.0262759,0.0303528,0.0274636,0.0234262,0.0156352,0.0213481,0.024208,0.0501336,0.0678113,0.0967977,0.103429,0.243622,0.106355734518,0.0234345332158043,0.0515683608214822,0.0669347989189333,0.0686050789892238,0.0901141443281642,0.123601643443501,0.123281189483149,0.141060079079304,0.128495619276121,0.110650687179962,0.0752352062577953,0.101332366278619,0.114132689623958,0.222749868039178,0.289908773045884,0.389686586713264,0.410898061096997,1,0.976565466784196,0.948431639178518,0.933065201081067,0.931394921010776,0.909885855671836,0.876398356556499,0.876718810516851,0.858939920920696,0.871504380723879,0.889349312820038,0.924764793742205,0.898667633721381,0.885867310376042,0.777250131960822,0.710091226954116,0.610313413286736,0.589101938903003,0,100000,2343.45332158043,97905.7863777449,3885378.49864578,38.8537849864578,2023,"Males","GMoH report",34.3860550135422
0,1,0.0237692,0.0119051,0.0120978,0.012565,0.01731,0.0226634,0.0227277,0.0265105,0.022656,0.0213535,0.0152664,0.020135,0.0247452,0.0485145,0.0602375,0.0796984,0.0961288,0.233807,0.105812583532,0.0232745205578389,0.0465129181170494,0.0587132471952046,0.0609116139275023,0.0829599098991158,0.107240891924875,0.107528794540788,0.124313469422206,0.107207752877044,0.101356699303554,0.0735258137908581,0.0958501434062861,0.116517855881597,0.216334143043313,0.261767022461229,0.332285452692775,0.387515500007256,1,0.976725479442161,0.953487081882951,0.941286752804795,0.939088386072498,0.917040090100884,0.892759108075125,0.892471205459212,0.875686530577794,0.892792247122956,0.898643300696446,0.926474186209142,0.904149856593714,0.883482144118403,0.783665856956687,0.738232977538771,0.667714547307225,0.612484499992744,0,100000,2327.45205578388,97918.8216592855,4139929.75076374,41.3992975076374,2023,"Males","GMoH report",31.8405424923626
0,1,0.0231986,0.0113573,0.0122288,0.013093,0.0166756,0.0219676,0.0236746,0.0261022,0.0232172,0.0220015,0.015242,0.0198397,0.023884,0.0435053,0.0573962,0.0794164,0.0900127,0.229447,0.103952307706,0.0227261895168769,0.0444202126380126,0.0593301583974725,0.063390084073078,0.0800411639174456,0.104119842376524,0.111758410818114,0.122516147534559,0.109717657977984,0.104272141212768,0.0734126124043329,0.0945108335395628,0.112691207971992,0.196188410826207,0.250969290956068,0.33130447769413,0.367389253380576,1,0.977273810483123,0.955579787361987,0.940669841602528,0.936609915926922,0.919958836082554,0.895880157623476,0.888241589181886,0.877483852465441,0.890282342022016,0.895727858787232,0.926587387595667,0.905489166460437,0.887308792028008,0.803811589173793,0.749030709043932,0.66869552230587,0.632610746619424,0,100000,2272.61895168769,97963.6250328766,4160716.71820201,41.60716718202,2023,"Males","GMoH report",31.63267281798
0,1,0.0228209,0.0116713,0.0121948,0.0123433,0.0166088,0.0235364,0.0237202,0.0263964,0.0227149,0.0226045,0.0153411,0.0203469,0.0248872,0.0460161,0.0617896,0.0801802,0.0954734,0.238079,0.103752035095,0.0223634952895199,0.0456203035034406,0.0591700817186437,0.0598690460109331,0.0797333133625598,0.111142277263536,0.11196161995581,0.123811551879894,0.107471489649407,0.106977090873382,0.0738722943623927,0.0968100395173605,0.117147327573059,0.206342775518642,0.267609318182999,0.333958792969806,0.385382545258736,1,0.97763650471048,0.954379696496559,0.940829918281356,0.940130953989067,0.92026668663744,0.888857722736464,0.88803838004419,0.876188448120106,0.892528510350593,0.893022909126618,0.926127705637607,0.903189960482639,0.882852672426941,0.793657224481358,0.732390681817001,0.666041207030194,0.614617454741264,0,100000,2236.34952895199,97995.6762858605,4133537.16897354,41.3353716897354,2023,"Males","GMoH report",31.9044683102646
0,1,0.0242528,0.011027,0.0118294,0.0117978,0.0166782,0.0208874,0.0229105,0.0263069,0.0218149,0.0209606,0.0150795,0.0197742,0.0229456,0.0453464,0.0543974,0.07536,0.0910607,0.231427,0.107389221088,0.023738893067235,0.0431562324495575,0.057448059803404,0.0572989947979324,0.0800531441289705,0.0992540997901101,0.108346801510012,0.123417659906513,0.103433520247862,0.0995846167075969,0.0726583702640097,0.0942135081193651,0.108503788666911,0.203645521778104,0.239426546014568,0.317064961292494,0.370873498938115,1,0.976261106932765,0.956843767550443,0.942551940196596,0.942701005202068,0.91994685587103,0.90074590020989,0.891653198489988,0.876582340093487,0.896566479752138,0.900415383292403,0.92734162973599,0.905786491880635,0.891496211333089,0.796354478221897,0.760573453985432,0.682935038707506,0.629126501061885,0,100000,2373.8893067235,97881.0408168747,4226488.05568323,42.2648805568323,2023,"Males","GMoH report",30.9749594431677
0,1,0.0248639,0.0117572,0.0129689,0.0130272,0.0166873,0.023058,0.0245361,0.0272523,0.0235465,0.0226588,0.0154491,0.0198109,0.0242518,0.0462553,0.0594611,0.0840412,0.102897,0.228971,0.109381535419,0.0243252359321211,0.0459483520700832,0.0628081194491885,0.0630815597616816,0.0800950736919508,0.10900633010131,0.115590170070343,0.127570056381206,0.111187319456069,0.107220292112692,0.0743730098344177,0.0943801125697308,0.114327387650447,0.20730420456631,0.258829746413788,0.347248126812346,0.409216996720998,1,0.975674764067879,0.954051647929917,0.937191880550811,0.936918440238318,0.919904926308049,0.89099366989869,0.884409829929657,0.872429943618794,0.888812680543931,0.892779707887308,0.925626990165582,0.905619887430269,0.885672612349553,0.79269579543369,0.741170253586212,0.652751873187654,0.590783003279002,0,100000,2432.52359321211,97833.5495723564,4087046.43082923,40.8704643082923,2023,"Males","GMoH report",32.3693756917077
0,1,0.0236289,0.0125918,0.0126473,0.0138902,0.0178082,0.0232504,0.0248646,0.0281044,0.0233189,0.0231638,0.0158949,0.020153,0.0248211,0.0498371,0.0585922,0.0826536,0.0996621,0.233455,0.105355176069,0.0231397381287449,0.049129931458131,0.0612983533395226,0.0671202169077693,0.0852458137489882,0.109865932790613,0.11704717220498,0.131296945324552,0.110171787746779,0.109479118960554,0.0764370998538333,0.0959317201114832,0.116854365284587,0.221578433615191,0.255530730788705,0.342496564824131,0.398917988776815,1,0.976860261871255,0.950870068541869,0.938701646660477,0.932879783092231,0.914754186251012,0.890134067209387,0.88295282779502,0.868703054675448,0.889828212253221,0.890520881039446,0.923562900146167,0.904068279888517,0.883145634715413,0.778421566384809,0.744469269211295,0.657503435175869,0.601082011223185,0,100000,2313.97381287449,97929.8153056,4037446.94898814,40.3744694898814,2023,"Males","GMoH report",32.8653705101186
0,1,0.0245071,0.0117139,0.0126565,0.0127922,0.0175095,0.023543,0.0234365,0.0274695,0.0232898,0.0211454,0.0157099,0.0191557,0.0248099,0.0460375,0.0629794,0.0813154,0.105032,0.232509,0.108218292491,0.0239829529591774,0.0457830049173962,0.0613415758627333,0.0619788842909338,0.0838759357571504,0.111171711018716,0.110696645187649,0.128521450068367,0.110041867297535,0.100418525288416,0.0755810722814155,0.0914013575384994,0.116804716650907,0.206428831656531,0.272061348733875,0.337888212178542,0.415941960113418,1,0.976017047040823,0.954216995082604,0.938658424137267,0.938021115709066,0.91612406424285,0.888828288981284,0.889303354812351,0.871478549931633,0.889958132702465,0.899581474711584,0.924418927718585,0.908598642461501,0.883195283349093,0.793571168343469,0.727938651266125,0.662111787821458,0.584058039886582,0,100000,2398.29529591773,97861.2441258957,4097163.47368026,40.9716347368025,2023,"Males","GMoH report",32.2682052631975
0,1,0.0233095,0.0119766,0.0128172,0.012691,0.01677,0.0226736,0.023527,0.0280591,0.0249166,0.0225532,0.0154526,0.0206261,0.0246915,0.0475278,0.0629015,0.0848192,0.0970031,0.234538,0.104313864995,0.0228327969572814,0.046785732004158,0.0620962498655579,0.0615036431615906,0.0804760419415985,0.10728656816986,0.111100354877021,0.131099187004785,0.117277602240063,0.106747268746279,0.0743892323697096,0.0980733245036388,0.116279699499519,0.21240155360181,0.27177056025958,0.349900333980172,0.390352092371255,1,0.977167203042719,0.953214267995842,0.937903750134442,0.938496356838409,0.919523958058401,0.89271343183014,0.888899645122979,0.868900812995215,0.882722397759937,0.893252731253721,0.92561076763029,0.901926675496361,0.883720300500481,0.78759844639819,0.72822943974042,0.650099666019828,0.609647907628745,0,100000,2283.27969572814,97954.8980341979,4086766.72405622,40.8676672405622,2023,"Males","GMoH report",32.3721727594378
0,1,0.0241251,0.0120659,0.0124441,0.0129941,0.0170342,0.0220934,0.0236949,0.0258918,0.02299,0.0217584,0.0149717,0.0199254,0.024844,0.0437002,0.057498,0.0764205,0.100182,0.238253,0.106972892271,0.0236163016988666,0.0471263561975129,0.0603432077219677,0.0629263226762804,0.0816921010315221,0.104684887278503,0.111848879936955,0.121588628848924,0.108702333388496,0.103179450604896,0.0721576917172906,0.0948997131395243,0.116955870860834,0.196980754121815,0.251358475884048,0.320811132182599,0.400582188083538,1,0.976383698301133,0.952873643802487,0.939656792278032,0.93707367732372,0.918307898968478,0.895315112721497,0.888151120063045,0.878411371151076,0.891297666611504,0.896820549395104,0.927842308282709,0.905100286860476,0.883044129139166,0.803019245878185,0.748641524115952,0.679188867817401,0.599417811916462,0,100000,2361.63016988666,97891.0002398606,4137799.07534056,41.3779907534056,2023,"Males","GMoH report",31.8618492465944
0,1,0.0247812,0.0126132,0.0133144,0.0136859,0.0191305,0.0252864,0.0273036,0.0288125,0.026483,0.0243391,0.0169425,0.0206769,0.0253923,0.0507845,0.0651543,0.0860656,0.106296,0.251785,0.109111916052,0.0242459162209084,0.0492113741901301,0.0644274673226967,0.0661656585346515,0.0912866040529143,0.118914689018976,0.12779485124862,0.134382743040373,0.124192523500351,0.11471533026299,0.0812701991281771,0.0983029969080784,0.119382978958481,0.225316087842417,0.280140589907478,0.354131623385815,0.419896661241645,1,0.975754083779092,0.95078862580987,0.935572532677303,0.933834341465348,0.908713395947086,0.881085310981024,0.87220514875138,0.865617256959627,0.875807476499649,0.88528466973701,0.918729800871823,0.901697003091922,0.880617021041519,0.774683912157583,0.719859410092522,0.645868376614185,0.580103338758355,0,100000,2424.59162209084,97839.9602154391,3917387.91937779,39.1738791937779,2023,"Males","GMoH report",34.0659608062221
0,1,0.0252473,0.012147,0.014085,0.0140736,0.0190066,0.0248177,0.0251833,0.0301421,0.0260669,0.0234029,0.0163798,0.021693,0.0264309,0.0496949,0.0642781,0.0845335,0.0976936,0.234833,0.110631499933,0.0246928431145102,0.047435599544662,0.0680295108492218,0.0679763211177916,0.0907221986479449,0.116839293654666,0.118458556580186,0.140149499432862,0.122360596422768,0.110546715669638,0.0786772076839462,0.10288527435836,0.123963343181744,0.221016071118441,0.276894817998092,0.348927370346942,0.392585317552808,1,0.97530715688549,0.952564400455338,0.931970489150778,0.932023678882208,0.909277801352055,0.883160706345334,0.881541443419814,0.859850500567138,0.877639403577232,0.889453284330362,0.921322792316054,0.89711472564164,0.876036656818256,0.778983928881559,0.723105182001908,0.651072629653058,0.607414682447192,0,100000,2469.28431145102,97803.8963156858,3929746.0452762,39.297460452762,2023,"Males","GMoH report",33.942379547238
0,1,0.024584,0.0125774,0.0130614,0.0138681,0.018291,0.024446,0.0256411,0.0270616,0.0262886,0.0231462,0.0155449,0.0214755,0.0245378,0.0482331,0.0631066,0.0886893,0.10258,0.23234,0.10846900264,0.0240567388784778,0.0490751250445299,0.0632419296501682,0.0670170037265496,0.0874558620673168,0.115190153753363,0.120482256060329,0.126733941895033,0.123337100734104,0.109400486167665,0.0748169451724711,0.101906279249921,0.115597715915991,0.215214360563733,0.272535956084409,0.362968045340874,0.4082136177325,1,0.975943261121522,0.95092487495547,0.936758070349832,0.93298299627345,0.912544137932683,0.884809846246637,0.879517743939671,0.873266058104967,0.876662899265896,0.890599513832335,0.925183054827529,0.898093720750079,0.884402284084009,0.784785639436267,0.727464043915591,0.637031954659126,0.5917863822675,0,100000,2405.67388784778,97855.2671594442,3984237.11050816,39.8423711050816,2023,"Males","GMoH report",33.3974688949184
0,1,0.0234644,0.0116168,0.0122063,0.0128945,0.0172564,0.0224141,0.0246976,0.0258323,0.0246416,0.0214059,0.0144452,0.0208801,0.0239876,0.0448571,0.0622832,0.0828836,0.0916175,0.233864,0.104818871524,0.0229816725406,0.0454121131284195,0.0592242282565793,0.0624590543104837,0.0827136504077589,0.106123824938609,0.116306755677451,0.121326165253317,0.116058341905268,0.101592787381477,0.0697086128636548,0.0992211320991418,0.113152365776735,0.201669704720909,0.269459067515324,0.343286042433415,0.372718627794983,1,0.9770183274594,0.95458788687158,0.940775771743421,0.937540945689516,0.917286349592241,0.893876175061391,0.883693244322549,0.878673834746683,0.883941658094732,0.898407212618523,0.930291387136345,0.900778867900858,0.886847634223265,0.798330295279091,0.730540932484676,0.656713957566585,0.627281372205017,0,100000,2298.16725406,97942.724044084,4122195.99345604,41.2219599345604,2023,"Males","GMoH report",32.0178800654396
0,1,0.0249881,0.0126085,0.0134548,0.0142181,0.0180827,0.0245134,0.0271425,0.0303995,0.0255258,0.0246907,0.0169586,0.021679,0.0243633,0.0516847,0.0636396,0.0824714,0.105924,0.245903,0.109786453501,0.024444341845979,0.049193487817701,0.0650847444509049,0.0686503076519351,0.0865029813479486,0.115489405045871,0.127088735024026,0.141261781205601,0.11997298401178,0.116276151090664,0.0813442869387992,0.102822288992338,0.11482284165478,0.228853002990803,0.274521848435725,0.341870626942861,0.418734829737273,1,0.975555658154021,0.950806512182299,0.934915255549095,0.931349692348065,0.913497018652051,0.884510594954129,0.872911264975974,0.858738218794399,0.88002701598822,0.883723848909336,0.918655713061201,0.897177711007662,0.88517715834522,0.771146997009197,0.725478151564275,0.658129373057139,0.581265170262727,0,100000,2444.43418459789,97823.9315753457,3922897.46792335,39.2289746792335,2023,"Males","GMoH report",34.0108653207665
0,1,0.0240617,0.0126753,0.0131599,0.0138268,0.017448,0.0234328,0.0246263,0.0273826,0.0257367,0.0227323,0.0164906,0.0208263,0.0236252,0.0497197,0.0598914,0.0773777,0.0941776,0.239309,0.106766194957,0.0235554296553253,0.0494476718499994,0.0637036653363504,0.0668240916248053,0.0835936451965275,0.110680136257749,0.115990460317696,0.128140921038901,0.120904305407544,0.107549387638465,0.0791883418257219,0.0989781294562626,0.111538218217424,0.221114174006609,0.260458882249157,0.324178108864323,0.381148801564458,1,0.976444570344675,0.950552328150001,0.93629633466365,0.933175908375195,0.916406354803473,0.889319863742251,0.884009539682304,0.871859078961099,0.879095694592456,0.892450612361535,0.920811658174278,0.901021870543737,0.888461781782576,0.778885825993391,0.739541117750843,0.675821891135677,0.618851198435542,0,100000,2355.54296553253,97895.9493939551,4024826.95534452,40.2482695534452,2023,"Males","GMoH report",32.9915704465548
0,1,0.0245922,0.0129089,0.0147766,0.0144483,0.0198495,0.0258387,0.0274312,0.0303414,0.0284277,0.0258002,0.0167412,0.0221574,0.0264088,0.0526699,0.0698804,0.0881343,0.100691,0.24463,0.108495736362,0.024064606339651,0.0503360343328026,0.0712508854163904,0.0697230511019107,0.0945553108911645,0.121354400151982,0.128353756113265,0.141010834653603,0.132707105539628,0.121184536785093,0.0803433881747233,0.104972221261548,0.123866111581187,0.23270776342761,0.297439093011754,0.36110676918217,0.402208148338996,1,0.975935393660349,0.949663965667197,0.92874911458361,0.930276948898089,0.905444689108835,0.878645599848018,0.871646243886735,0.858989165346397,0.867292894460372,0.878815463214907,0.919656611825277,0.895027778738452,0.876133888418813,0.76729223657239,0.702560906988246,0.63889323081783,0.597791851661004,0,100000,2406.46063396511,97854.6300845431,3826526.38279272,38.2652638279272,2023,"Males","GMoH report",34.9745761720728
0,1,0.022915,0.0111003,0.0129636,0.0134096,0.0172811,0.0242123,0.0246049,0.0260487,0.0249315,0.0224489,0.0148156,0.0193252,0.0241798,0.0435744,0.0618354,0.0810809,0.0971103,0.241314,0.10356426325,0.0224537588178457,0.0434368753060798,0.0627832574105805,0.0648731911402154,0.0828271397865851,0.114151805593567,0.115895506622745,0.122280387195173,0.117343618912695,0.106279836448858,0.0714322219318656,0.0921728529551765,0.114007314822629,0.196469408514107,0.267781118554359,0.337078025754088,0.390699206996918,1,0.977546241182154,0.95656312469392,0.937216742589419,0.935126808859785,0.917172860213415,0.885848194406433,0.884104493377255,0.877719612804827,0.882656381087305,0.893720163551142,0.928567778068134,0.907827147044823,0.885992685177371,0.803530591485893,0.732218881445641,0.662921974245912,0.609300793003082,0,100000,2245.37588178457,97987.1648171318,4088023.0941087,40.880230941087,2023,"Males","GMoH report",32.359609058913
0,1,0.0243618,0.0126288,0.0133375,0.0137738,0.0176656,0.0248299,0.0255007,0.0272155,0.0254992,0.0230771,0.0161321,0.0205351,0.0254139,0.0495692,0.0616605,0.0822107,0.0996194,0.241584,0.107744583978,0.0238435147596737,0.0492707393732073,0.0645356397616959,0.0665764724591069,0.0845920755743351,0.116893373088853,0.119862082483061,0.127408766769932,0.119855454487341,0.10909169983438,0.0775335524464467,0.0976617647373549,0.119478465560246,0.220518665424589,0.26712486773289,0.340974184106657,0.398781152213065,1,0.976156485240326,0.950729260626793,0.935464360238304,0.933423527540893,0.915407924425665,0.883106626911147,0.880137917516939,0.872591233230068,0.880144545512659,0.89090830016562,0.922466447553553,0.902338235262645,0.880521534439754,0.779481334575411,0.73287513226711,0.659025815893343,0.601218847786935,0,100000,2384.35147596737,97872.5494818681,3990863.20155484,39.9086320155484,2023,"Males","GMoH report",33.3312079844516
0,1,0.0240479,0.0126632,0.0132747,0.0132446,0.0176155,0.023641,0.0262923,0.0281763,0.0259264,0.0236317,0.0160461,0.0207717,0.0250764,0.048478,0.0603033,0.0838697,0.100452,0.243297,0.106721204059,0.0235421791688756,0.0494016344453825,0.0642415323270454,0.0641005351310096,0.084362290192773,0.11160864977658,0.12335338921205,0.131610740715915,0.121741221018467,0.111567193862027,0.0771361635164949,0.0987314498574881,0.117985378628407,0.216188976939783,0.262015501518238,0.346662334921984,0.401445093635354,1,0.976457820831124,0.950598365554618,0.935758467672955,0.93589946486899,0.915637709807227,0.88839135022342,0.87664661078795,0.868389259284085,0.878258778981533,0.888432806137973,0.922863836483505,0.901268550142512,0.882014621371593,0.783811023060217,0.737984498481762,0.653337665078016,0.598554906364646,0,100000,2354.21791688756,97897.02705382,3995904.19126684,39.9590419126684,2023,"Males","GMoH report",33.2807980873316
0,1,0.0248569,0.0123999,0.0135314,0.0141993,0.018397,0.024726,0.0247716,0.0289814,0.0254652,0.025831,0.0168056,0.0197361,0.0258436,0.0478295,0.0630591,0.0824135,0.095865,0.245873,0.109358713949,0.0243185224124518,0.0483993068694978,0.0654431561907995,0.0685626460498605,0.0879404011023023,0.116432711913092,0.116634916270297,0.135117280143148,0.119705207382413,0.12132042993582,0.0806399914012672,0.0940405173631718,0.121376016922645,0.213605847761257,0.272358755070357,0.341671615740438,0.386657658838595,1,0.975681477587548,0.951600693130502,0.9345568438092,0.931437353950139,0.912059598897698,0.883567288086908,0.883365083729703,0.864882719856852,0.880294792617587,0.87867957006418,0.919360008598733,0.905959482636828,0.878623983077355,0.786394152238743,0.727641244929643,0.658328384259562,0.613342341161405,0,100000,2431.85224124519,97834.0919923714,3956067.04751928,39.5606704751928,2023,"Males","GMoH report",33.6791695248072
0,1,0.0231523,0.0124874,0.0129085,0.0136948,0.0174443,0.0234408,0.0243894,0.0279071,0.0255942,0.0237843,0.0165277,0.0219775,0.0246388,0.045818,0.0645499,0.0812009,0.0978824,0.244007,0.103801359983,0.0226816765377601,0.0487325151798854,0.0625247482190364,0.0662072619718691,0.0835766592093843,0.110715830878838,0.114938780280563,0.130435321124609,0.120275135328442,0.112247197453988,0.079359427956412,0.104164321557429,0.116045919496758,0.205545760826167,0.277902976623179,0.337492718737642,0.39319485886627,1,0.97731832346224,0.951267484820115,0.937475251780964,0.933792738028131,0.916423340790616,0.889284169121162,0.885061219719437,0.869564678875391,0.879724864671558,0.887752802546012,0.920640572043588,0.895835678442571,0.883954080503242,0.794454239173833,0.722097023376821,0.662507281262358,0.60680514113373,0,100000,2268.16765377601,97967.2712333554,4023149.02784837,40.2314902784837,2023,"Males","GMoH report",33.0083497215163
0,1,0.0242074,0.0119378,0.0130092,0.0128441,0.018273,0.024092,0.025185,0.0294441,0.0242781,0.0232658,0.0159722,0.0223764,0.0255424,0.0473108,0.0637514,0.0763024,0.0962548,0.240484,0.107241207554,0.0236953118671141,0.0466376970014717,0.0629971438892887,0.0622225193481026,0.0873735574612753,0.113616856719768,0.118466079471289,0.137126578290399,0.114444276053843,0.109934702969151,0.0767945550207442,0.105954783458546,0.120046322058624,0.211534351506827,0.274937822290132,0.320394774412222,0.387924912766587,1,0.976304688132886,0.953362302998528,0.937002856110711,0.937777480651897,0.912626442538725,0.886383143280232,0.881533920528711,0.862873421709601,0.885555723946157,0.890065297030849,0.923205444979256,0.894045216541455,0.879953677941375,0.788465648493173,0.725062177709868,0.679605225587778,0.612075087233413,0,100000,2369.53118671142,97884.5801990884,4013763.94746617,40.1376394746617,2023,"Males","GMoH report",33.1022005253383
0,1,0.0237406,0.0125258,0.0132598,0.0136903,0.0189387,0.0247404,0.0256499,0.0273839,0.0249948,0.0230862,0.015838,0.0203676,0.0269832,0.0466085,0.0638038,0.0837882,0.109989,0.23217,0.105719341526,0.0232470475271769,0.0488787101059108,0.0641717389400082,0.0661862267498174,0.0904127501231087,0.116496570611131,0.120521113713406,0.12814661478825,0.117624027399865,0.109132370661109,0.0761738946416634,0.0969037575683759,0.126389984430301,0.208721956702571,0.275132717756948,0.346383810105331,0.431338715148758,1,0.976752952472823,0.951121289894089,0.935828261059992,0.933813773250183,0.909587249876891,0.883503429388869,0.879478886286594,0.87185338521175,0.882375972600135,0.890867629338891,0.923826105358337,0.903096242431624,0.873610015569699,0.791278043297429,0.724867282243052,0.653616189894669,0.568661284851242,0,100000,2324.70475271771,97921.061502982,3981666.47827147,39.8166647827147,2023,"Males","GMoH report",33.4231752172853
0,1,0.0251222,0.0125253,0.0134576,0.0138558,0.0183373,0.0241777,0.0253994,0.0297823,0.0253475,0.0247362,0.0160939,0.0204494,0.025641,0.0484305,0.0630848,0.086332,0.0947726,0.237926,0.110223647662,0.0245729181335617,0.0488768066669099,0.0650978480018266,0.0669595545114989,0.0876675352640083,0.113997977734332,0.119414366827974,0.138592492059352,0.119184901756799,0.116477945604825,0.0773570581063553,0.0972740120452069,0.120481814486856,0.21600002676,0.272454634658706,0.355033187205448,0.383095587750817,1,0.975427081866438,0.95112319333309,0.934902151998174,0.933040445488501,0.912332464735992,0.886002022265668,0.880585633172026,0.861407507940648,0.880815098243201,0.883522054395175,0.922642941893645,0.902725987954793,0.879518185513144,0.78399997324,0.727545365341294,0.644966812794552,0.616904412249183,0,100000,2457.29181335616,97813.5598536819,3959729.56701487,39.5972956701487,2023,"Males","GMoH report",33.6425443298513
0,1,0.0230312,0.0126069,0.0130092,0.0132513,0.0179711,0.0241616,0.0246722,0.0276091,0.0262569,0.0231243,0.0160291,0.0212375,0.0261301,0.0494794,0.0593106,0.0853959,0.0965646,0.243332,0.103406548552,0.0225652363737426,0.0491873987650186,0.0629971438892887,0.0641319216660661,0.0859920697866431,0.113926390319161,0.116194090406671,0.129132424917992,0.123197536509086,0.109302632819718,0.0770575904425916,0.100833852636577,0.122639071964172,0.22016314874497,0.258259225892022,0.35186082123891,0.388930664811789,1,0.977434763626257,0.950812601234981,0.937002856110711,0.935868078333934,0.914007930213357,0.886073609680839,0.883805909593329,0.870867575082008,0.876802463490914,0.890697367180282,0.922942409557408,0.899166147363423,0.877360928035828,0.77983685125503,0.741740774107978,0.64813917876109,0.611069335188211,0,100000,2256.52363737427,97976.8156836926,4009956.86625958,40.0995686625958,2023,"Males","GMoH report",33.1402713374042
0,1,0.024205,0.0127721,0.0138787,0.0146049,0.0185702,0.0249721,0.0247088,0.0293982,0.026122,0.0238947,0.0165423,0.0217029,0.025712,0.050575,0.0699719,0.0850732,0.0988874,0.232522,0.10723338305,0.0236930079360879,0.0498158928693663,0.0670665100668384,0.0704521340678801,0.0887315914988692,0.117523479776672,0.116356430570782,0.136927448694475,0.122603385884794,0.112738847643059,0.0794267472955328,0.102929811485764,0.120795279437742,0.224490928258337,0.297770568836137,0.350764379479221,0.396431739907643,1,0.976306992063912,0.950184107130634,0.932933489933162,0.92954786593212,0.911268408501131,0.882476520223328,0.883643569429218,0.863072551305525,0.877396614115206,0.887261152356941,0.920573252704467,0.897070188514236,0.879204720562258,0.775509071741663,0.702229431163863,0.649235620520779,0.603568260092358,0,100000,2369.30079360878,97884.7673459529,3925286.95451693,39.2528695451693,2023,"Males","GMoH report",33.9869704548307
0,1,0.0239013,0.011713,0.0118622,0.012494,0.0163591,0.0224458,0.0242524,0.0266513,0.0233785,0.0218924,0.01633,0.0196744,0.0236954,0.0433434,0.0558759,0.0798486,0.089918,0.227733,0.106243257273,0.023401400498604,0.0457795678436936,0.0576027613119145,0.0605778508293454,0.0785816858572324,0.106265939914659,0.114330054467576,0.124932468270928,0.11043782336609,0.103781912165282,0.0784473854874739,0.0937603056083478,0.111851108130983,0.195529695491125,0.24513645051208,0.332807473023783,0.367073673553533,1,0.976598599501396,0.954220432156306,0.942397238688085,0.939422149170655,0.921418314142768,0.893734060085341,0.885669945532424,0.875067531729072,0.88956217663391,0.896218087834718,0.921552614512526,0.906239694391652,0.888148891869017,0.804470304508875,0.75486354948792,0.667192526976217,0.632926326446467,0,100000,2340.14004986039,97908.4840515118,4154498.90433849,41.5449890433849,2023,"Males","GMoH report",31.6948509566151
0,1,0.024077,0.0120815,0.0128888,0.0132822,0.0172622,0.0236634,0.0237434,0.0281754,0.0255561,0.0229826,0.0156449,0.0209416,0.0250547,0.0456101,0.0610477,0.080586,0.096446,0.235283,0.10681607617,0.0235701201045258,0.0471858483464058,0.0624323062286989,0.0642766613224571,0.0827403009426687,0.111708493110332,0.112064990274775,0.131606813469433,0.120106843727537,0.10866924549615,0.0752801249335671,0.0994988378435393,0.117889297542175,0.204708555753112,0.264821622578315,0.335365574527764,0.388545783428611,1,0.976429879895474,0.952814151653594,0.937567693771301,0.935723338677543,0.917259699057331,0.888291506889668,0.887935009725225,0.868393186530567,0.879893156272463,0.89133075450385,0.924719875066433,0.900501162156461,0.882110702457825,0.795291444246888,0.735178377421685,0.664634425472236,0.611454216571389,0,100000,2357.01201045257,97894.7547639895,4050994.53770433,40.5099453770433,2023,"Males","GMoH report",32.7298946229567
0,1,0.0239752,0.0118277,0.0129509,0.0134981,0.0179189,0.0233858,0.0234063,0.0263491,0.0234715,0.0217834,0.0147403,0.0226211,0.023179,0.0443666,0.0590754,0.0773104,0.0890353,0.236038,0.106484186792,0.023472369724222,0.0462175063991261,0.0627236797401338,0.0652873616589774,0.0857530013598332,0.110470403116968,0.110561888191083,0.123603403877245,0.110852796469184,0.103291879196763,0.071082072323331,0.107051446319173,0.109547023836249,0.199684674770786,0.25736687263138,0.323941820668479,0.364126270639359,1,0.976527630275778,0.953782493600874,0.937276320259866,0.934712638341023,0.914246998640167,0.889529596883032,0.889438111808917,0.876396596122755,0.889147203530816,0.896708120803237,0.928917927676669,0.892948553680827,0.890452976163751,0.800315325229214,0.74263312736862,0.676058179331521,0.635873729360641,0,100000,2347.23697242219,97902.7066477943,4092508.28049489,40.9250828049489,2023,"Males","GMoH report",32.3147571950511
0,1,0.0242451,0.0116567,0.012572,0.0133833,0.0171985,0.0228364,0.0250538,0.0277938,0.0247033,0.0226764,0.0154665,0.0212118,0.0257251,0.0425479,0.0618734,0.0830921,0.0927793,0.233388,0.107364117471,0.0237315017420604,0.0455645357521948,0.060944513927266,0.0647500757771299,0.0824475639294005,0.108015298588296,0.117885312400454,0.129940172110956,0.116332036977344,0.107299106361273,0.0744536563116401,0.10071797608709,0.120853104503352,0.192286077959019,0.267923634485121,0.344001071431307,0.376555184034719,1,0.97626849825794,0.954435464247805,0.939055486072734,0.93524992422287,0.9175524360706,0.891984701411704,0.882114687599546,0.870059827889044,0.883667963022656,0.892700893638727,0.92554634368836,0.89928202391291,0.879146895496648,0.807713922040981,0.732076365514879,0.655998928568693,0.623444815965281,0,100000,2373.15017420604,97881.6409998738,4070287.44599496,40.7028744599496,2023,"Males","GMoH report",32.5369655400504
0,1,0.0235372,0.0118457,0.0122378,0.0129981,0.0165582,0.0232662,0.0238379,0.0258437,0.0232256,0.0221518,0.0146556,0.0196538,0.0241078,0.0448628,0.0565398,0.0805677,0.0945517,0.237262,0.105056214812,0.023051629619586,0.0462862147713657,0.0593725272160874,0.0629450837667292,0.0795000554544359,0.109936489140876,0.11248592917245,0.12137645807605,0.10975517549033,0.104947083016109,0.0706880601636635,0.0936667319585811,0.113687133318463,0.201692746617609,0.247688372404772,0.335302185311248,0.382373369659835,1,0.976948370380414,0.953713785228634,0.940627472783913,0.937054916233271,0.920499944545564,0.890063510859124,0.88751407082755,0.87862354192395,0.89024482450967,0.895052916983891,0.929311939836337,0.906333268041419,0.886312866681537,0.798307253382391,0.752311627595228,0.664697814688752,0.617626630340165,0,100000,2305.1629619586,97937.0087333496,4137972.38141164,41.3797238141164,2023,"Males","GMoH report",31.8601161858836
0,1,0.0257355,0.0119432,0.0137525,0.0138489,0.0177055,0.0245842,0.0247986,0.0275519,0.0262843,0.021643,0.0152324,0.0206433,0.0248896,0.0474733,0.0597381,0.0858712,0.096044,0.234011,0.112223134455,0.0251606451410908,0.0466583011552844,0.0664769397163763,0.0669273254078965,0.0847750388730816,0.11580364978254,0.116754622072672,0.128882131034852,0.123318170526102,0.102660307416464,0.0733680705070221,0.0981510938127387,0.117157962915543,0.212183833091271,0.2598788310127,0.353473101513323,0.387239841626952,1,0.974839354858909,0.953341698844716,0.933523060283624,0.933072674592104,0.915224961126918,0.88419635021746,0.883245377927328,0.871117868965148,0.876681829473898,0.897339692583536,0.926631929492978,0.901848906187261,0.882842037084457,0.787816166908729,0.7401211689873,0.646526898486677,0.612760158373048,0,100000,2516.06451410908,97766.2961321552,4005066.59090467,40.0506659090467,2023,"Males","GMoH report",33.1891740909533
0,1,0.0231374,0.0119198,0.0120776,0.0123561,0.0161388,0.0228475,0.0231166,0.0258565,0.0218311,0.0220617,0.015146,0.0200223,0.0243363,0.0448053,0.0571319,0.0791339,0.0920053,0.236404,0.103752782854,0.02266735098781,0.0465690133493567,0.0586180855256389,0.0599292698713563,0.077564504919993,0.108064964319288,0.109268225354429,0.121432924001395,0.103506355979917,0.10454253489478,0.0729671007308272,0.0953392236555059,0.114702890136903,0.201460279362678,0.249958053682099,0.33032060557602,0.37400125567753,1,0.97733264901219,0.953430986650643,0.941381914474361,0.940070730128644,0.922435495080007,0.891935035680712,0.890731774645571,0.878567075998605,0.896493644020083,0.89545746510522,0.927032899269173,0.904660776344494,0.885297109863097,0.798539720637321,0.750041946317901,0.669679394423981,0.62599874432247,0,100000,2266.73509878101,97968.4449757104,4174554.24685595,41.7455424685595,2023,"Males","GMoH report",31.4942975314405
0,1,0.0239791,0.0123651,0.0134897,0.0139618,0.0178243,0.0248262,0.0247458,0.0278356,0.0262839,0.0233265,0.0163247,0.0202119,0.0268677,0.0472585,0.0623558,0.0827932,0.101409,0.232572,0.106496901611,0.0234761148455471,0.0482667535318077,0.0652480581741214,0.0674545332443718,0.0853195948631997,0.116876972277134,0.116520516506579,0.130122878975008,0.123316409557105,0.110205715919036,0.0784229232615792,0.0961986083687778,0.125883031206156,0.211325217966791,0.269730800392252,0.342975833131038,0.404496129905925,1,0.976523885154453,0.951733246468192,0.934751941825879,0.932545466755628,0.9146804051368,0.883123027722866,0.883479483493421,0.869877121024992,0.876683590442895,0.889794284080964,0.921577076738421,0.903801391631222,0.874116968793844,0.788674782033209,0.730269199607748,0.657024166868962,0.595503870094075,0,100000,2347.61148455471,97902.4018647368,3985457.8230132,39.854578230132,2023,"Males","GMoH report",33.385261769868
0,1,0.0246999,0.0116836,0.0143391,0.0141485,0.0180172,0.0250418,0.0253993,0.0274629,0.0264716,0.0237135,0.0159954,0.0209091,0.0262811,0.0490526,0.0664956,0.0824443,0.0974912,0.240927,0.108846860979,0.024167930180682,0.045667283454072,0.0692143222785395,0.0683257334023907,0.0862031514492705,0.11783217556485,0.11941392475258,0.128492554558536,0.124142381344971,0.111931765213995,0.0769018118950354,0.0993520928865639,0.123304082681592,0.218471510909858,0.285085647110069,0.341777486022739,0.391931354765672,1,0.975832069819318,0.954332716545928,0.93078567772146,0.931674266597609,0.91379684855073,0.88216782443515,0.88058607524742,0.871507445441464,0.875857618655029,0.888068234786005,0.923098188104965,0.900647907113436,0.876695917318408,0.781528489090142,0.714914352889931,0.658222513977261,0.608068645234328,0,100000,2416.7930180682,97846.2673155845,3959862.32466041,39.5986232466041,2023,"Males","GMoH report",33.6412167533959
0,1,0.0260149,0.0133129,0.0148202,0.0149271,0.0189195,0.0251222,0.0268363,0.0295648,0.0267244,0.0261037,0.0169843,0.0211732,0.0248264,0.0523818,0.0658703,0.0877089,0.104218,0.252316,0.113134037129,0.0254282268329772,0.0518705062740484,0.0714536080933378,0.0719504703356325,0.0903252295488751,0.118188135082101,0.125745162723976,0.13765001229151,0.125253676611883,0.122522756784323,0.081462539476906,0.100543909251586,0.116877858814801,0.231582260824817,0.282783856365173,0.359677258298957,0.413384686782305,1,0.974571773167023,0.948129493725952,0.928546391906662,0.928049529664367,0.909674770451125,0.881811864917899,0.874254837276024,0.86234998770849,0.874746323388117,0.877477243215677,0.918537460523094,0.899456090748414,0.883122141185199,0.768417739175183,0.717216143634827,0.640322741701043,0.586615313217695,0,100000,2542.82268329772,97744.8571125669,3851425.82081389,38.5142582081389,2023,"Males","GMoH report",34.7255817918611
0,1,0.0233488,0.0115295,0.0124258,0.0126032,0.0172088,0.0223129,0.0238283,0.0266384,0.0232633,0.0213223,0.0148848,0.0191137,0.0253901,0.0443806,0.0553407,0.0810579,0.0921497,0.232442,0.104441991248,0.0228705716618627,0.0450785340825896,0.0602571420119692,0.0610911403498567,0.082494904230208,0.105669990189738,0.112443175691666,0.124875773019963,0.109923539319379,0.101216099883628,0.0717538940930109,0.0912100940627806,0.119373252927137,0.199741392851083,0.243073812641831,0.336998519305057,0.374478334539267,1,0.977129428338137,0.95492146591741,0.939742857988031,0.938908859650143,0.917505095769792,0.894330009810262,0.887556824308334,0.875124226980037,0.890076460680621,0.898783900116372,0.928246105906989,0.908789905937219,0.880626747072863,0.800258607148917,0.756926187358169,0.663001480694943,0.625521665460733,0,100000,2287.05716618626,97951.8076383482,4147270.46571876,41.4727046571876,2023,"Males","GMoH report",31.7671353428124
0,1,0.0251871,0.013262,0.0147897,0.0141729,0.0202706,0.0260479,0.0280612,0.0324193,0.0281384,0.0263668,0.0157316,0.0208139,0.0270561,0.0515119,0.0700059,0.0867298,0.102958,0.238689,0.110435235291,0.0246351360625039,0.0516773110029576,0.0713117996903009,0.0684395333446491,0.0964645159571,0.122276861357608,0.131108355534209,0.149943816106265,0.131445345710639,0.12368129976349,0.0756815214431619,0.0989221126013185,0.126709816344972,0.22817515994595,0.29789370729176,0.356377604165597,0.409409930849097,1,0.975364863937496,0.948322688997042,0.928688200309699,0.931560466655351,0.9035354840429,0.877723138642392,0.868891644465791,0.850056183893735,0.868554654289361,0.87631870023651,0.924318478556838,0.901077887398681,0.873290183655028,0.771824840054049,0.70210629270824,0.643622395834403,0.590590069150903,0,100000,2463.51360625039,97808.5450984984,3804196.76601674,38.0419676601674,2023,"Males","GMoH report",35.1978723398326
0,1,0.0257683,0.0130864,0.0136432,0.0138231,0.0183445,0.0254958,0.0267714,0.0306871,0.0272093,0.025386,0.0164846,0.0213068,0.0259056,0.0494875,0.0651479,0.0834989,0.10153,0.239445,0.112330069343,0.0251920631691764,0.0510105120697021,0.0659660306273619,0.0668068070632113,0.0877004478366514,0.119840430857367,0.125460140956025,0.142502991150652,0.127381590241598,0.119355126873005,0.0791606700463835,0.101146243070371,0.121649492281858,0.22019522233655,0.280116926250769,0.345394374216777,0.40488106394433,1,0.974807936830824,0.948989487930298,0.934033969372638,0.933193192936789,0.912299552163349,0.880159569142633,0.874539859043975,0.857497008849348,0.872618409758402,0.880644873126995,0.920839329953617,0.898853756929629,0.878350507718142,0.77980477766345,0.719883073749231,0.654605625783223,0.59511893605567,0,100000,2519.20631691764,97763.776303351,3893234.6143201,38.932346143201,2023,"Males","GMoH report",34.307493856799
0,1,0.0240998,0.0126903,0.0134155,0.0136993,0.0181792,0.025476,0.0259357,0.0288425,0.0248685,0.0234259,0.0158279,0.02155,0.0258377,0.0477336,0.0670272,0.0792244,0.0972971,0.239633,0.106890408958,0.0235920111544898,0.0495047399960561,0.0649008080248564,0.066228296736301,0.0869445443484516,0.119752935535729,0.121782231449489,0.134513253700368,0.117064456414161,0.110649348563704,0.0761271670323227,0.102241726960028,0.12134998850501,0.213223220236319,0.287037671467529,0.330635919206117,0.39130370959332,1,0.97640798884551,0.950495260003944,0.935099191975144,0.933771703263699,0.913055455651548,0.880247064464271,0.878217768550511,0.865486746299632,0.882935543585839,0.889350651436296,0.923872832967677,0.897758273039972,0.87865001149499,0.786776779763681,0.712962328532471,0.669364080793883,0.60869629040668,0,100000,2359.20111544899,97892.9748565955,3961645.62566372,39.6164562566372,2023,"Males","GMoH report",33.6233837433628
0,1,0.0235983,0.0117709,0.0128843,0.0130673,0.0170809,0.0234862,0.0240416,0.0282104,0.0247131,0.0232713,0.0159133,0.0217599,0.0245577,0.0459832,0.0611903,0.0850353,0.0974138,0.232314,0.105255413643,0.0231103378988608,0.046000661624176,0.0624111888003491,0.0632695931147297,0.0819068914448012,0.110918372310597,0.113392648268472,0.131759527559349,0.116375501485591,0.109959262534455,0.0765221982562231,0.103186196696272,0.115686042203451,0.206210458151787,0.265358139579258,0.350635510446353,0.39168113148449,1,0.976889662101139,0.953999338375824,0.937588811199651,0.93673040688527,0.918093108555199,0.889081627689403,0.886607351731528,0.868240472440651,0.883624498514409,0.890040737465545,0.923477801743777,0.896813803303728,0.884313957796549,0.793789541848213,0.734641860420742,0.649364489553647,0.60831886851551,0,100000,2311.03378988609,97932.2150276113,4060259.79687098,40.6025979687098,2023,"Males","GMoH report",32.6372420312902
0,1,0.0237694,0.0115101,0.0122377,0.0126614,0.017281,0.0231588,0.0239891,0.0262683,0.0240089,0.0221924,0.0148462,0.0200508,0.0244692,0.04316,0.0573278,0.0811301,0.0937789,0.2358,0.105813235574,0.0232747126729371,0.0450043899426424,0.0593720564615997,0.061364595767862,0.082826680342503,0.109456780764101,0.113159041116859,0.123247729188401,0.113247151180081,0.105129320186721,0.071574477481052,0.0954684528633203,0.11529317085904,0.194782922646448,0.250707698066901,0.337248074896998,0.379841665976412,1,0.976725287327063,0.954995610057358,0.9406279435384,0.938635404232138,0.917173319657497,0.890543219235899,0.886840958883141,0.876752270811599,0.886752848819919,0.894870679813279,0.928425522518948,0.90453154713668,0.88470682914096,0.805217077353552,0.749292301933099,0.662751925103002,0.620158334023588,0,100000,2327.47126729372,97918.8059982041,4128138.05342809,41.2813805342809,2023,"Males","GMoH report",31.9584594657191
0,1,0.0242548,0.0117383,0.0121856,0.0131494,0.017314,0.0238247,0.0244365,0.0269298,0.0236419,0.0213414,0.0157113,0.0206172,0.0242316,0.046745,0.0609456,0.0801597,0.0922403,0.229251,0.107395741508,0.023740812878596,0.0458761831975445,0.0591267623128998,0.0636544552648509,0.0829782849365226,0.112427142637038,0.115147966774771,0.126155634954505,0.111612661542685,0.101302174436217,0.0755875531889559,0.0980330809106237,0.114237600405062,0.209269269941465,0.264437278498808,0.333887662792192,0.374777522279261,1,0.976259187121404,0.954123816802456,0.9408732376871,0.936345544735149,0.917021715063477,0.887572857362962,0.884852033225229,0.873844365045495,0.888387338457315,0.898697825563783,0.924412446811044,0.901966919089376,0.885762399594938,0.790730730058534,0.735562721501192,0.666112337207808,0.625222477720739,0,100000,2374.0812878596,97880.8849324503,4093606.82840172,40.9360682840172,2023,"Males","GMoH report",32.3037717159828
0,1,0.0240965,0.0120224,0.0131101,0.0139444,0.0180335,0.0239157,0.0246605,0.0266931,0.025568,0.0239666,0.0159886,0.0219389,0.0237535,0.0469547,0.0613471,0.0822111,0.101426,0.231847,0.106879650265,0.0235888427574733,0.0469604454805102,0.0634702467937724,0.0673732994092926,0.0862777743888947,0.112832339071188,0.116142188877939,0.125116154913215,0.120159410481991,0.113058906055336,0.0768703757747207,0.103990885884188,0.112109988472072,0.210109436146437,0.265947699682083,0.340975560288844,0.404550222764675,1,0.976411157242527,0.95303955451949,0.936529753206228,0.932626700590707,0.913722225611105,0.887167660928812,0.883857811122061,0.874883845086785,0.879840589518009,0.886941093944664,0.923129624225279,0.896009114115812,0.887890011527928,0.789890563853563,0.734052300317917,0.659024439711156,0.595449777235325,0,100000,2358.88427574733,97893.2324506601,4018593.4005464,40.185934005464,2023,"Males","GMoH report",33.053905994536
0,1,0.0245285,0.0133906,0.0144532,0.0147119,0.0197534,0.0250149,0.0255712,0.0311807,0.0274069,0.0264531,0.0175215,0.0218843,0.0260866,0.0557001,0.0702873,0.0898275,0.0974455,0.2468,0.108288060985,0.024003487176134,0.0521653493460924,0.0697458723928299,0.0709499775627369,0.0941190708639882,0.117713049589556,0.120173545578272,0.144629386241082,0.128247344626397,0.124061004598161,0.0839310071457398,0.103745505580558,0.122447408578444,0.24445945919257,0.298912175599894,0.366771975848641,0.391783622527493,1,0.975996512823866,0.947834650653908,0.93025412760717,0.929050022437263,0.905880929136012,0.882286950410444,0.879826454421728,0.855370613758918,0.871752655373603,0.875938995401839,0.91606899285426,0.896254494419441,0.877552591421556,0.75554054080743,0.701087824400106,0.633228024151359,0.608216377472507,0,100000,2400.34871761339,97859.5803907048,3836779.73438845,38.3677973438845,2023,"Males","GMoH report",34.8720426561155
0,1,0.024119,0.0121239,0.0129707,0.0134458,0.0178032,0.024392,0.025757,0.0279442,0.0242677,0.0245784,0.0152283,0.0211451,0.0242929,0.0465668,0.0626483,0.0841122,0.099585,0.240383,0.10695300499,0.0236104451662272,0.0473475266434548,0.0628165630152454,0.0650426246922813,0.0852228992023039,0.114950328941168,0.120993900276449,0.130597400315275,0.114398055755835,0.115777910510756,0.0733490467773993,0.100417172133785,0.114510047186743,0.208554688794599,0.270824727984519,0.347490519759675,0.398670896844381,1,0.976389554833773,0.952652473356545,0.937183436984755,0.934957375307719,0.914777100797696,0.885049671058832,0.879006099723551,0.869402599684725,0.885601944244165,0.884222089489244,0.926650953222601,0.899582827866215,0.885489952813257,0.791445311205401,0.729175272015481,0.652509480240325,0.601329103155619,0,100000,2361.04451662273,97891.4762893452,4012311.25883775,40.1231125883775,2023,"Males","GMoH report",33.1167274116225
0,1,0.0266013,0.0143258,0.0151715,0.0150613,0.0200159,0.0277048,0.0266624,0.0319848,0.028687,0.0264575,0.0179665,0.0227253,0.0272957,0.0579809,0.0723933,0.0893583,0.106872,0.246843,0.115045824273,0.0259894833522994,0.0557071023852974,0.0730854598641766,0.0725738583674267,0.0953102013519012,0.129551036135204,0.124981249812498,0.148082988105137,0.1338365754035,0.124080359707591,0.0859710048532598,0.107518050137997,0.1277602372315,0.25320226236509,0.306495879598631,0.365206025932328,0.421692261557158,1,0.974010516647701,0.944292897614703,0.926914540135823,0.927426141632573,0.904689798648099,0.870448963864796,0.875018750187502,0.851917011894863,0.8661634245965,0.875919640292409,0.91402899514674,0.892481949862003,0.8722397627685,0.74679773763491,0.693504120401369,0.634793974067672,0.578307738442842,0,100000,2598.94833522993,97700.0498182395,3739181.58907649,37.3918158907649,2023,"Males","GMoH report",35.8480241092351
0,1,0.0242116,0.012952,0.0141409,0.0150648,0.0198753,0.0253184,0.0267905,0.0298776,0.0265832,0.0243123,0.0165533,0.0217872,0.027751,0.0496435,0.064905,0.0831093,0.101037,0.242397,0.107254900436,0.0236993437273079,0.0504998518379887,0.0682902847798901,0.0725901112308247,0.0946723943990037,0.119056217647767,0.125544031556466,0.139005149372752,0.124633131356322,0.114596253749891,0.0794774642284673,0.103308967175865,0.129753057269299,0.220812710513996,0.279218334928641,0.344060029479871,0.403311531882875,1,0.976300656272692,0.949500148162011,0.93170971522011,0.927409888769175,0.905327605600996,0.880943782352233,0.874455968443534,0.860994850627248,0.875366868643678,0.885403746250109,0.920522535771533,0.896691032824135,0.870246942730701,0.779187289486004,0.720781665071359,0.655939970520129,0.596688468117125,0,100000,2369.93437273079,97884.2527024563,3868503.1958938,38.685031958938,2023,"Males","GMoH report",34.554808041062
0,1,0.0234554,0.0121663,0.0134792,0.0135105,0.0182139,0.0240815,0.0256112,0.0288007,0.0254918,0.0233914,0.0167531,0.0200919,0.0243047,0.0470312,0.0646364,0.0828995,0.0961616,0.236281,0.104789529634,0.022973023487519,0.0475091781712307,0.0651989265723645,0.0653453781705664,0.0871032741857695,0.1135701510205,0.12035021634769,0.134331403843324,0.119822755691179,0.11049539504109,0.0803982021969363,0.0956547841079535,0.114562483045792,0.210415738319831,0.278223574390642,0.343340591572367,0.387622097316681,1,0.977026976512481,0.952490821828769,0.934801073427636,0.934654621829434,0.91289672581423,0.8864298489795,0.87964978365231,0.865668596156676,0.880177244308821,0.88950460495891,0.919601797803064,0.904345215892047,0.885437516954208,0.789584261680169,0.721776425609358,0.656659408427633,0.612377902683319,0,100000,2297.30234875191,97943.4308838009,3993152.64058487,39.9315264058487,2023,"Males","GMoH report",33.3083135941513
0,1,0.0245809,0.0129537,0.0135991,0.0139503,0.0187591,0.0249231,0.0252221,0.0295301,0.0267006,0.0230447,0.0153408,0.0207592,0.0269442,0.04895,0.0675339,0.0840547,0.0967041,0.237847,0.108458895989,0.0240537645703794,0.0505063127529834,0.0657598142742574,0.0674008449806656,0.0895937544999022,0.117306402028979,0.118630240526069,0.137499560566303,0.125149109234906,0.108946879608703,0.0738709031234109,0.0986749665842125,0.126218836091461,0.218064372424546,0.288894131527147,0.347294221086997,0.389383135754265,1,0.975946235429621,0.949493687247017,0.934240185725743,0.932599155019334,0.910406245500098,0.882693597971021,0.881369759473931,0.862500439433697,0.874850890765094,0.891053120391297,0.926129096876589,0.901325033415787,0.873781163908539,0.781935627575454,0.711105868472853,0.652705778913003,0.610616864245735,0,100000,2405.37645703794,97855.5080179303,3937897.02285468,39.3789702285467,2023,"Males","GMoH report",33.8608697714533
0,1,0.024824,0.0127867,0.0141156,0.0138935,0.018088,0.0245556,0.0267157,0.0284913,0.025643,0.0245598,0.0157611,0.0219188,0.026,0.0477548,0.0638288,0.0849817,0.107099,0.242531,0.10925145304,0.0242869679744986,0.0498714182719638,0.0681722688061015,0.0671356278849511,0.086527238284763,0.115676721729733,0.125215453755275,0.132984263624489,0.120490645916883,0.115695362584964,0.0758180599387485,0.103900560961019,0.122065727699531,0.213307819368994,0.275225686718893,0.350453223286569,0.42239878209186,1,0.975713032025501,0.950128581728036,0.931827731193899,0.932864372115049,0.913472761715237,0.884323278270267,0.874784546244725,0.867015736375511,0.879509354083117,0.884304637415036,0.924181940061252,0.896099439038981,0.877934272300469,0.786692180631006,0.724774313281107,0.649546776713431,0.57760121790814,0,100000,2428.69679744985,97836.6418566651,3936011.76967478,39.3601176967478,2023,"Males","GMoH report",33.8797223032522
0,1,0.0245007,0.0124224,0.0127291,0.012869,0.0173727,0.0235378,0.0248741,0.0261832,0.0243971,0.0217589,0.0141395,0.0203843,0.0244467,0.04637,0.0601418,0.0792921,0.0933787,0.227918,0.108197427147,0.023976811762927,0.048484999875103,0.0616825903480031,0.062339386100676,0.0832478981016248,0.111148520864017,0.117089274210878,0.122872980445968,0.114972981672118,0.103181699307353,0.0682837546285732,0.0969793591244963,0.115193262192874,0.207764858749468,0.261405505867974,0.330871716850747,0.3785274881141,1,0.976023188237073,0.951515000124897,0.938317409651997,0.937660613899324,0.916752101898375,0.888851479135983,0.882910725789122,0.877127019554032,0.885027018327882,0.896818300692647,0.931716245371427,0.903020640875504,0.884806737807126,0.792235141250532,0.738594494132026,0.669128283149253,0.6214725118859,0,100000,2397.68117629271,97861.741758101,4082885.90917991,40.8288590917991,2023,"Males","GMoH report",32.4109809082009
0,1,0.0260153,0.0136585,0.014929,0.0150213,0.0201563,0.0276379,0.0280622,0.0328314,0.0286967,0.025358,0.017729,0.0223261,0.0272,0.0551141,0.0692186,0.0952325,0.100162,0.244564,0.113135341213,0.0254286098383675,0.0531812478524156,0.0719592990608032,0.0723880918882958,0.0959466750825824,0.129258421669361,0.131112721468983,0.151705259830964,0.13387880055993,0.119231329844507,0.0848827828568282,0.105729198361172,0.127340823970037,0.242199044151785,0.295037749995418,0.384597133669539,0.400518232092802,1,0.974571390161632,0.946818752147584,0.928040700939197,0.927611908111704,0.904053324917418,0.870741578330639,0.868887278531017,0.848294740169036,0.86612119944007,0.880768670155493,0.915117217143172,0.894270801638828,0.872659176029963,0.757800955848215,0.704962250004582,0.615402866330461,0.599481767907198,0,100000,2542.86098383676,97744.8264612268,3748862.47000271,37.4886247000271,2023,"Males","GMoH report",35.7512152999729
0,1,0.02512,0.0127407,0.0141769,0.0148325,0.019527,0.0262584,0.0277646,0.0323204,0.0278881,0.025988,0.0169009,0.0223972,0.025452,0.0499218,0.0719635,0.0877319,0.103714,0.249064,0.1102164752,0.0245708089509905,0.0496964645092539,0.0684581877936698,0.07151079049978,0.0930905519787761,0.123204140962383,0.129812518380436,0.149520587046089,0.130352304726399,0.122012826652394,0.0810787407750859,0.106048051454887,0.119646869682126,0.22191323025468,0.304953666967891,0.359754611088592,0.411797170616659,1,0.975429191049009,0.950303535490746,0.93154181220633,0.92848920950022,0.906909448021224,0.876795859037617,0.870187481619564,0.850479412953911,0.869647695273601,0.877987173347606,0.918921259224914,0.893951948545114,0.880353130317874,0.77808676974532,0.695046333032109,0.640245388911408,0.588202829383341,0,100000,2457.08089509905,97813.72990044,3818785.1579988,38.187851579988,2023,"Males","GMoH report",35.051988420012
0,1,0.0237541,0.0124759,0.0137272,0.0143478,0.0183757,0.0240966,0.0251816,0.0286502,0.0252457,0.0241938,0.01519,0.0225643,0.0254821,0.0519023,0.0632486,0.0888404,0.107922,0.239189,0.105763354361,0.0232600157076034,0.0486887285821636,0.0663587020626152,0.0692548627022999,0.0878430558944986,0.113637317535675,0.118451033628925,0.1336763636177,0.118734651520286,0.114069559715394,0.0731713191550856,0.10679700107179,0.119779892033061,0.229705845710456,0.273065477154167,0.363474050017143,0.424955012777552,1,0.976739984292397,0.951311271417836,0.933641297937385,0.9307451372977,0.912156944105501,0.886362682464325,0.881548966371075,0.8663236363823,0.881265348479714,0.885930440284606,0.926828680844914,0.89320299892821,0.880220107966939,0.770294154289544,0.726934522845833,0.636525949982857,0.575044987222447,0,100000,2326.00157076035,97920.0041576122,3956252.16884282,39.5625216884282,2023,"Males","GMoH report",33.6773183115718
0,1,0.023453,0.0112637,0.0117552,0.0124861,0.0165248,0.023701,0.0238505,0.0246167,0.0251975,0.0221421,0.0155842,0.0199226,0.0237524,0.0455425,0.0583202,0.0802205,0.096457,0.243537,0.10478170513,0.0229707170542871,0.0440621933456257,0.0570980038624892,0.0605407067050259,0.0793460557450601,0.111876063544811,0.112542040176902,0.115947865451359,0.118521392999724,0.10490353840567,0.074999001405732,0.094887010129962,0.112105087782394,0.204436164900094,0.254495437905639,0.334098606785841,0.388581488426994,1,0.977029282945713,0.955937806654374,0.942901996137511,0.939459293294974,0.92065394425494,0.888123936455189,0.887457959823098,0.884052134548641,0.881478607000276,0.89509646159433,0.925000998594268,0.905112989870038,0.887894912217606,0.795563835099906,0.745504562094361,0.665901393214159,0.611418511573006,0,100000,2297.07170542871,97943.619384672,4147430.36539527,41.4743036539527,2023,"Males","GMoH report",31.7655363460473
0,1,0.0234714,0.0122982,0.0127479,0.0137023,0.0174634,0.0231265,0.0230941,0.0257802,0.0234587,0.0229391,0.015637,0.0199448,0.024864,0.0457291,0.0586905,0.0785799,0.0986365,0.235588,0.104841692994,0.0229883995037998,0.04801188058049,0.0617708775744226,0.066242319658363,0.0836643403948705,0.109312463294074,0.109167676883228,0.121096283951203,0.11079569270864,0.108474718937076,0.0752435418405965,0.0949877221958695,0.117044513067711,0.205187859621461,0.255904580539601,0.328387798986125,0.395624869017812,1,0.9770116004962,0.95198811941951,0.938229122425577,0.933757680341637,0.916335659605129,0.890687536705926,0.890832323116772,0.878903716048797,0.88920430729136,0.891525281062924,0.924756458159404,0.905012277804131,0.882955486932289,0.794812140378539,0.744095419460399,0.671612201013875,0.604375130982188,0,100000,2298.83995037999,97942.1743219401,4093481.80956902,40.9348180956902,2023,"Males","GMoH report",32.3050219043098
0,1,0.0232184,0.0118773,0.0124172,0.0119577,0.0170632,0.0231178,0.0234952,0.0258373,0.0222571,0.0215441,0.0144935,0.020123,0.0245877,0.0420427,0.0565016,0.0820842,0.0984144,0.237796,0.104016859864,0.0227452243885473,0.0464068244479683,0.0602166931932034,0.0580530476794098,0.0818254883192763,0.109273587639187,0.110958518538109,0.12134822384042,0.10541966020228,0.102215165625613,0.069933545399385,0.0957957550526869,0.115819181761507,0.190220085073229,0.247541739174627,0.340538851926697,0.394909938396643,1,0.977254775611453,0.953593175552032,0.939783306806797,0.94194695232059,0.918174511680724,0.890726412360813,0.889041481461891,0.87865177615958,0.89458033979772,0.897784834374387,0.930066454600615,0.904204244947313,0.884180818238493,0.809779914926771,0.752458260825373,0.659461148073303,0.605090061603357,0,100000,2274.52243885474,97962.0662429251,4160046.27590891,41.6004627590891,2023,"Males","GMoH report",31.6393772409109
0,1,0.0237182,0.0115103,0.012429,0.0125809,0.016588,0.0235129,0.023809,0.0257532,0.0226835,0.0211436,0.0149886,0.0199382,0.0236064,0.0434721,0.0556223,0.0768024,0.0905888,0.226754,0.105646312822,0.0232255293954705,0.0450051543439106,0.0602721923046149,0.0609863423149254,0.0796374355478314,0.111037467807946,0.112357217520156,0.120977129473131,0.107330898887702,0.100410406331712,0.0722362011872133,0.0949577818831438,0.111454406732287,0.196053370663002,0.244159691042339,0.322156096529715,0.369306433412259,1,0.976774470604529,0.954994845656089,0.939727807695385,0.939013657685075,0.920362564452169,0.888962532192054,0.887642782479844,0.879022870526869,0.892669101112298,0.899589593668288,0.927763798812787,0.905042218116856,0.888545593267713,0.803946629336998,0.755840308957661,0.677843903470285,0.630693566587741,0,100000,2322.55293954705,97922.81621485,4159455.21792352,41.5945521792352,2023,"Males","GMoH report",31.6452878207648
0,1,0.0237601,0.0118273,0.0132288,0.0138464,0.0183518,0.024238,0.0255873,0.0284967,0.0250677,0.0235062,0.0164011,0.0198645,0.0260744,0.0485501,0.0602795,0.0828262,0.0975506,0.248708,0.105782915621,0.0232657792621433,0.0462159794915199,0.0640265150928493,0.0669156479312131,0.0877338163717713,0.114266048774509,0.120244659556335,0.133007792125354,0.117946858818019,0.111007583832303,0.0787754883452517,0.0946233844490306,0.122393647682189,0.216475706950015,0.261925634315671,0.343089086714847,0.392123333787558,1,0.976734220737857,0.95378402050848,0.935973484907151,0.933084352068787,0.912266183628229,0.885733951225491,0.879755340443665,0.866992207874646,0.882053141181981,0.888992416167697,0.921224511654748,0.905376615550969,0.877606352317811,0.783524293049985,0.738074365684329,0.656910913285153,0.607876666212442,0,100000,2326.57792621433,97919.5342702401,3995670.62410979,39.9567062410979,2023,"Males","GMoH report",33.2831337589021
0,1,0.0226412,0.0113136,0.0121126,0.0122799,0.0161832,0.0217281,0.0223552,0.0241145,0.0219513,0.0193356,0.014872,0.0184727,0.024377,0.0433823,0.055651,0.0741034,0.0908794,0.232817,0.10411061746,0.0221910759776911,0.0442530767810596,0.0587829636851676,0.0595706945693933,0.0777695976195099,0.103043169283716,0.105859712393739,0.113716932573633,0.104046604430416,0.0922201692391488,0.0716944021288494,0.0882862848639828,0.114883700106273,0.195688010098734,0.244270285810851,0.312604381238354,0.370271801994543,1,0.977808924022309,0.95574692321894,0.941217036314832,0.940429305430607,0.92223040238049,0.896956830716284,0.894140287606261,0.886283067426367,0.895953395569584,0.907779830760851,0.928305597871151,0.911713715136017,0.885116299893727,0.804311989901266,0.755729714189149,0.687395618761646,0.629728198005457,0,100000,2219.10759776911,98011.9250644448,4249457.67817836,42.4945767817836,2023,"Males","GMoH report",30.7452632182164
0,1,0.025582,0.0129405,0.013742,0.013922,0.0179082,0.0241458,0.0263433,0.0285107,0.0251696,0.0244201,0.0158485,0.0230189,0.0258537,0.0463342,0.0641701,0.0857677,0.110173,0.236758,0.11172269222,0.0250135933536629,0.0504561445235851,0.0664278705086745,0.0672687124627345,0.085703989536458,0.113856131547218,0.123577877264636,0.13306878918076,0.11839792873244,0.115075134283226,0.0762224704429618,0.10883154393338,0.121420572370276,0.207621105440721,0.276493897388048,0.353122284581704,0.431904471620411,1,0.974986406646337,0.949543855476415,0.933572129491326,0.932731287537266,0.914296010463542,0.886143868452782,0.876422122735364,0.86693121081924,0.88160207126756,0.884924865716775,0.923777529557038,0.89116845606662,0.878579427629724,0.792378894559279,0.723506102611952,0.646877715418296,0.568095528379589,0,100000,2501.35933536629,97778.0992637905,3947377.7489652,39.473777489652,2023,"Males","GMoH report",33.766062510348
0,1,0.0228834,0.0110817,0.0123394,0.0119252,0.0171724,0.0222241,0.0216609,0.0255245,0.0232238,0.0223971,0.0152928,0.0193751,0.0249816,0.0439631,0.055532,0.0798813,0.0982879,0.229997,0.10362731947,0.0224234489900487,0.0433656693244935,0.0598506958102961,0.0578998322996505,0.0823275940594344,0.105271584450059,0.102740851712834,0.119967240429164,0.10974713614877,0.106047603073032,0.0736482789973725,0.0923998587422095,0.117565560485442,0.198048441413262,0.243811631235566,0.332921078608398,0.394502455307464,1,0.977576551009951,0.956634330675507,0.940149304189704,0.94210016770035,0.917672405940566,0.894728415549941,0.897259148287166,0.880032759570835,0.890252863851229,0.893952396926967,0.926351721002628,0.90760014125779,0.882434439514558,0.801951558586738,0.756188368764434,0.667078921391602,0.605497544692536,0,100000,2242.34489900488,97990.0232922062,4191304.04864806,41.9130404864806,2023,"Males","GMoH report",31.3267995135194
0,1,0.0241387,0.0136674,0.0144897,0.0147034,0.0201087,0.0266692,0.0252014,0.0326243,0.027969,0.0238283,0.016432,0.0220031,0.0271606,0.0507663,0.0657454,0.0859634,0.10203,0.242695,0.107017231127,0.0236293587015311,0.0532149791869213,0.0699158507436976,0.0709104386412072,0.0957309382071831,0.125011132746399,0.118538650154962,0.150820469400355,0.130705728685956,0.112443175691666,0.0789180466438698,0.104279328753746,0.127168095559375,0.225244433756472,0.282323346618131,0.353785490841491,0.406469732884489,1,0.976370641298469,0.946785020813079,0.930084149256302,0.929089561358793,0.904269061792817,0.874988867253601,0.881461349845038,0.849179530599645,0.869294271314044,0.887556824308334,0.92108195335613,0.895720671246254,0.872831904440625,0.774755566243528,0.717676653381869,0.646214509158509,0.593530267115511,0,100000,2362.93587015312,97889.9389840013,3828227.71502828,38.2822771502828,2023,"Males","GMoH report",34.9575628497172
0,1,0.0244938,0.0118314,0.012273,0.0129224,0.017626,0.0220521,0.0238165,0.0257412,0.0240396,0.0223894,0.0149812,0.0202029,0.0248488,0.0445354,0.0635438,0.0845543,0.0975776,0.247299,0.108174931698,0.0239701907227709,0.0462316301813449,0.0595382186075731,0.0625899684783388,0.0844104533721559,0.104499420806104,0.112390621884707,0.120924167076149,0.113383750008254,0.10601307703271,0.0722018250465322,0.0961578323233847,0.116977145751618,0.200368294628504,0.274165246088935,0.348998244366008,0.392210581826835,1,0.976029809277229,0.953768369818655,0.940461781392427,0.937410031521661,0.915589546627844,0.895500579193896,0.887609378115293,0.879075832923851,0.886616249991746,0.89398692296729,0.927798174953468,0.903842167676615,0.883022854248382,0.799631705371496,0.725834753911065,0.651001755633992,0.607789418173165,0,100000,2397.01907227708,97862.2783021453,4112983.15562972,41.1298315562972,2023,"Males","GMoH report",32.1100084437028
0,1,0.0242338,0.0129252,0.0137564,0.0137662,0.0193547,0.0243113,0.0256395,0.0290929,0.0272504,0.0232772,0.0164263,0.0220021,0.0268044,0.0488871,0.0626135,0.0855323,0.101981,0.246567,0.107327277098,0.0237206545845205,0.0503979917539633,0.0664951647877833,0.0665409596047236,0.0923070613015664,0.114591810305311,0.120475190859871,0.135601870830303,0.127561729608679,0.109985607540401,0.0788917510733592,0.104274836547022,0.125605078110722,0.217814679905036,0.270694651150474,0.352323830978907,0.406314183206137,1,0.976279345415479,0.949602008246037,0.933504835212217,0.933459040395276,0.907692938698434,0.885408189694689,0.879524809140129,0.864398129169697,0.872438270391321,0.890014392459599,0.921108248926641,0.895725163452978,0.874394921889278,0.782185320094964,0.729305348849526,0.647676169021093,0.593685816793863,0,100000,2372.06545845205,97882.5218683018,3928203.31045887,39.2820331045887,2023,"Males","GMoH report",33.9578068954113
0,1,0.0241053,0.0121213,0.0121914,0.0127122,0.0164983,0.0225255,0.0235553,0.0253736,0.0221883,0.0226208,0.0149908,0.0188654,0.023593,0.0451835,0.0535238,0.0797251,0.0949866,0.234391,0.106908340113,0.0235972917827747,0.0473376131787528,0.0591540725983123,0.0616032189016947,0.0792238527744291,0.10662315055541,0.111226562387485,0.119300304485281,0.10511091851669,0.107050102597884,0.0722464208845112,0.0900785789420659,0.111394664217775,0.202988205986969,0.236035242251895,0.332378272473131,0.383794632016301,1,0.976402708217225,0.952662386821247,0.940845927401688,0.938396781098305,0.920776147225571,0.89337684944459,0.888773437612515,0.880699695514719,0.89488908148331,0.892949897402116,0.927753579115489,0.909921421057934,0.888605335782225,0.797011794013031,0.763964757748105,0.667621727526869,0.616205367983699,0,100000,2359.72917827747,97892.5455512884,4162124.21851032,41.6212421851032,2023,"Males","GMoH report",31.6185978148968
0,1,0.0254164,0.0135117,0.0139496,0.0152368,0.0194577,0.0260224,0.0273894,0.0315024,0.0296056,0.02614,0.0175321,0.0227754,0.0266014,0.0495632,0.0701846,0.0888987,0.105915,0.249292,0.111182801444,0.0248549142288316,0.0526247016377621,0.0673975769030819,0.0733884857989465,0.0927755051343676,0.122164468347204,0.128170703344538,0.146012629361969,0.137826881213839,0.122682686441076,0.0839796509058824,0.107742314240611,0.12471313971309,0.220494915953975,0.298540615749644,0.363669201820336,0.418706699742052,1,0.975145085771168,0.947375298362238,0.932602423096918,0.926611514201053,0.907224494865633,0.877835531652796,0.871829296655462,0.853987370638031,0.862173118786161,0.877317313558924,0.916020349094118,0.892257685759389,0.875286860286909,0.779505084046025,0.701459384250356,0.636330798179664,0.581293300257948,0,100000,2485.49142288316,97790.852476478,3801993.92250493,38.0199392250492,2023,"Males","GMoH report",35.2199007749508
0,1,0.0233651,0.0122829,0.013301,0.0136753,0.0184392,0.0243388,0.0249452,0.028592,0.0244326,0.0246144,0.0158842,0.021011,0.0260829,0.0478942,0.064002,0.0811588,0.104299,0.235623,0.104495132671,0.0228862383999139,0.0479535818978147,0.0643647124008894,0.0661161060377547,0.0881332341711771,0.114713997400191,0.117404314721051,0.13342292903274,0.115130647363091,0.115937660145299,0.0763876098202336,0.0998121189232585,0.122431104369596,0.213863899108316,0.275869500562498,0.337347254170557,0.413639527343897,1,0.977113761600086,0.952046418102185,0.935635287599111,0.933883893962245,0.911866765828823,0.885286002599809,0.882595685278949,0.86657707096726,0.884869352636909,0.884062339854701,0.923612390179766,0.900187881076741,0.877568895630404,0.786136100891684,0.724130499437502,0.662652745829443,0.586360472656103,0,100000,2288.62383999139,97950.5262118025,3989751.59740573,39.8975159740573,2023,"Males","GMoH report",33.3423240259427
0,1,0.0255144,0.0134651,0.0145854,0.0146048,0.01948,0.0250491,0.0268577,0.0313312,0.0282733,0.0272375,0.0164126,0.0197216,0.0257648,0.0529774,0.0674886,0.0920542,0.0998616,0.240905,0.111502302024,0.0249488230143125,0.052447965791638,0.0703613778970509,0.0704516686733969,0.0928768952035854,0.11786450083061,0.125839126247459,0.145276761801604,0.132033913858277,0.127505193247316,0.0788285464945105,0.0939746727354513,0.12102832361905,0.233907475295677,0.288728324070362,0.374162846288072,0.399556997376874,1,0.975051176985688,0.947552034208362,0.929638622102949,0.929548331326603,0.907123104796415,0.88213549916939,0.874160873752541,0.854723238198396,0.867966086141723,0.872494806752684,0.921171453505489,0.906025327264549,0.87897167638095,0.766092524704323,0.711271675929638,0.625837153711928,0.600443002623126,0,100000,2494.88230143125,97783.3028184573,3829693.71025804,38.2969371025804,2023,"Males","GMoH report",34.9429028974196
0,1,0.0236266,0.0116999,0.0123552,0.0126502,0.016403,0.0228292,0.0240778,0.0257975,0.0223164,0.0216196,0.015614,0.0207758,0.0239552,0.0458345,0.0591265,0.0757812,0.0971663,0.235878,0.105347677586,0.0231375283528155,0.0457295379576975,0.0599250355033718,0.0613119780385421,0.0787842546763592,0.107983081584716,0.113553692270616,0.121172623136585,0.10568568968669,0.102555004558612,0.0751370261829486,0.0987499756402341,0.113008166900654,0.20561217222983,0.257560824740023,0.318554831506583,0.390880476009738,1,0.976862471647185,0.954270462042302,0.940074964496628,0.938688021961458,0.921215745323641,0.892016918415284,0.886446307729384,0.878827376863415,0.89431431031331,0.897444995441388,0.924862973817051,0.901250024359766,0.886991833099346,0.79438782777017,0.742439175259977,0.681445168493417,0.609119523990262,0,100000,2313.75283528154,97929.9956524234,4147266.6380347,41.472666380347,2023,"Males","GMoH report",31.767173619653
0,1,0.0241199,0.0120472,0.0135488,0.0139282,0.0174499,0.024762,0.0255096,0.0286079,0.0274463,0.0225516,0.0161966,0.0212744,0.0254826,0.0490587,0.0614818,0.080488,0.102455,0.243585,0.106955939179,0.0236113092480427,0.0470550371137661,0.0655245523623814,0.0672976617683936,0.0836023676134549,0.116592350539832,0.119901407629816,0.133492173149398,0.128419874028621,0.106740099907325,0.0778314863696628,0.101000203192978,0.119782101547748,0.218495711139769,0.266453844983703,0.33502605684221,0.407817615507857,1,0.976388690751957,0.952944962886234,0.934475447637619,0.932702338231606,0.916397632386545,0.883407649460168,0.880098592370184,0.866507826850602,0.871580125971379,0.893259900092675,0.922168513630337,0.898999796807022,0.880217898452252,0.781504288860231,0.733546155016297,0.66497394315779,0.592182384492143,0,100000,2361.13092480428,97891.4060507827,3977083.67443725,39.7708367443725,2023,"Males","GMoH report",33.4690032556275
0,1,0.0237091,0.0116403,0.0130338,0.0130575,0.0169423,0.023371,0.0230271,0.0261759,0.0232395,0.021439,0.0157639,0.0193787,0.024711,0.0442953,0.0544563,0.0802537,0.0987896,0.231112,0.105616644911,0.023216787455422,0.0455018887292498,0.0631125104047175,0.0632236431973757,0.0812692787467235,0.110404349849187,0.108868202533597,0.122840826991859,0.109817254769463,0.101741889099016,0.0758310185179618,0.0924162338239877,0.116366187831255,0.199395762232911,0.239654725877934,0.334213770763244,0.396117320810217,1,0.976783212544578,0.95449811127075,0.936887489595283,0.936776356802624,0.918730721253276,0.889595650150813,0.891131797466403,0.877159173008141,0.890182745230537,0.898258110900985,0.924168981482038,0.907583766176012,0.883633812168745,0.800604237767089,0.760345274122066,0.665786229236756,0.603882679189783,0,100000,2321.6787455422,97923.5291741231,4126229.83488182,41.2622983488182,2023,"Males","GMoH report",31.9775416511818
0,1,0.0235736,0.0121876,0.0135434,0.0135345,0.0176387,0.0236763,0.0245805,0.0279436,0.0242504,0.0232583,0.0159592,0.01965,0.0246185,0.0476157,0.0588856,0.0818427,0.0997717,0.241132,0.105174886456,0.02308660539048,0.0475903750891275,0.0654992922145535,0.0654576583090407,0.0844687046483001,0.111765987382348,0.115787229983478,0.13059477931204,0.114321165047811,0.109901211624202,0.0767344489555706,0.0936494697962588,0.115955852135505,0.212752591117782,0.256646100901837,0.339707128488198,0.399269106273925,1,0.97691339460952,0.952409624910872,0.934500707785446,0.934542341690959,0.9155312953517,0.888234012617652,0.884212770016522,0.86940522068796,0.885678834952189,0.890098788375798,0.923265551044429,0.906350530203741,0.884044147864495,0.787247408882217,0.743353899098163,0.660292871511802,0.600730893726075,0,100000,2308.660539048,97934.1525710118,4033452.7512259,40.334527512259,2023,"Males","GMoH report",32.905312487741
0,1,0.023454,0.0114989,0.0126137,0.0128916,0.0180384,0.0219996,0.0226401,0.0253066,0.0235364,0.0210453,0.0151259,0.0197732,0.0244886,0.0436103,0.0596938,0.0794188,0.0942794,0.234919,0.10478496534,0.02297167806911,0.0449615825175773,0.0611404807935364,0.0624454457295813,0.0863002059140978,0.104263605937067,0.107136544781245,0.11900403144461,0.111142277263536,0.0999669156739192,0.0728737956364563,0.0942089680808589,0.115379305828237,0.196615362627964,0.259711138153266,0.331312831286549,0.381482214310368,1,0.97702832193089,0.955038417482423,0.938859519206464,0.937554554270419,0.913699794085902,0.895736394062933,0.892863455218755,0.88099596855539,0.888857722736464,0.900033084326081,0.927126204363544,0.905791031919141,0.884620694171763,0.803384637372036,0.740288861846734,0.668687168713451,0.618517785689632,0,100000,2297.16780691099,97943.5408421163,4149521.03795875,41.4952103795875,2023,"Males","GMoH report",31.7446296204125
0,1,0.0231227,0.0120254,0.0134696,0.0130925,0.0179206,0.0228345,0.0250383,0.0260342,0.0236714,0.0224738,0.0161598,0.0202908,0.0249572,0.0501088,0.061969,0.0823562,0.0958318,0.242567,0.103704857767,0.0226532174222127,0.0469718885039688,0.0651540040670463,0.0633877400340117,0.0857607880539988,0.108006796985582,0.117816676755954,0.122216479334288,0.111744148885197,0.106391449599952,0.0776615136781592,0.0965560036051229,0.117457475717555,0.22265194548518,0.268282070874886,0.341474619793422,0.386549632355166,1,0.977346782577787,0.953028111496031,0.934845995932954,0.936612259965988,0.914239211946001,0.891993203014418,0.882183323244046,0.877783520665712,0.888255851114803,0.893608550400048,0.922338486321841,0.903443996394877,0.882542524282445,0.77734805451482,0.731717929125114,0.658525380206578,0.613450367644834,0,100000,2265.32174222128,97969.6031268523,4058653.01928629,40.5865301928629,2023,"Males","GMoH report",32.6533098071371
0,1,0.0225333,0.0109687,0.0116462,0.0124487,0.0160195,0.0210368,0.022605,0.0256002,0.0223775,0.0206191,0.0140339,0.0192817,0.0242891,0.0423297,0.0550503,0.0734597,0.092083,0.222953,0.104325926515,0.0220875188149633,0.0429329624299884,0.056583541886212,0.0603648405244095,0.0770132169285334,0.099928557313755,0.106979330580566,0.1203016351966,0.105959716130712,0.0980416723824477,0.0677910673497991,0.0919749180562853,0.114493160441784,0.191394337753038,0.241952592933133,0.310310254494733,0.374258001190856,1,0.977912481185037,0.957067037570012,0.943416458113788,0.939635159475591,0.922986783071467,0.900071442686245,0.893020669419434,0.8796983648034,0.894040283869288,0.901958327617552,0.932208932650201,0.908025081943715,0.885506839558216,0.808605662246962,0.758047407066867,0.689689745505267,0.625741998809144,0,100000,2208.75188149633,98021.6782049825,4251694.22571846,42.5169422571846,2023,"Males","GMoH report",30.7228977428154
0,1,0.0243712,0.0113784,0.0126391,0.0129396,0.0173415,0.0226205,0.0235361,0.0260366,0.0232301,0.0213226,0.0149736,0.0186364,0.0244503,0.0432566,0.0585466,0.0792527,0.103702,0.228386,0.107775229952,0.0238525364153605,0.0445009018761841,0.0612598272921786,0.0626706666059637,0.0831046037837119,0.107048758874688,0.111140939343777,0.122227057487549,0.109775273545053,0.101217451900278,0.0721665185447942,0.0890338250567796,0.115209248291261,0.195176338039862,0.255357252676173,0.330734495601172,0.411759333891865,1,0.976147463584639,0.955499098123816,0.938740172707821,0.937329333394036,0.916895396216288,0.892951241125312,0.888859060656223,0.877772942512451,0.890224726454947,0.898782548099722,0.927833481455206,0.91096617494322,0.884790751708739,0.804823661960138,0.744642747323827,0.669265504398828,0.588240666108135,0,100000,2385.25364153605,97871.8176181743,4139801.0693282,41.398010693282,2023,"Males","GMoH report",31.841829306718
0,1,0.0250351,0.012747,0.0148078,0.0150865,0.0193196,0.02874,0.0273019,0.031344,0.0301562,0.0268284,0.0164951,0.0221172,0.0260267,0.0553064,0.0674103,0.0884275,0.101109,0.24074,0.109939683371,0.0244894086530221,0.0497204274232711,0.071395957356636,0.072690872866258,0.0921473739839492,0.134067266875029,0.127787402770734,0.145331800140955,0.140210463082945,0.125710472873876,0.0792090951370136,0.104791749779445,0.122183421837176,0.242941456566391,0.288441653938734,0.362090586627493,0.40354094618137,1,0.975510591346978,0.950279572576729,0.928604042643364,0.927309127133742,0.907852626016051,0.865932733124971,0.872212597229266,0.854668199859045,0.859789536917055,0.874289527126124,0.920790904862986,0.895208250220555,0.877816578162824,0.757058543433609,0.711558346061266,0.637909413372507,0.59645905381863,0,100000,2448.94086530221,97820.2949180234,3777541.00695559,37.7754100695559,2023,"Males","GMoH report",35.4644299304441
0,1,0.0226892,0.0115863,0.0129169,0.0119871,0.0168531,0.0225325,0.0235636,0.0262714,0.0226121,0.0218226,0.0151013,0.0192441,0.0246275,0.045521,0.0549799,0.0739173,0.0948841,0.237009,0.10401483586,0.0222371370909354,0.0452955835603885,0.0625641624259022,0.0581916278446582,0.0808587005830111,0.106654517699822,0.111263574112601,0.123261377610602,0.10701113385064,0.103468140398357,0.072759589044891,0.091803796404052,0.115995784540568,0.204349514388772,0.241680566548105,0.311941767055138,0.383459884849806,1,0.977762862909065,0.954704416439611,0.937435837574098,0.941808372155342,0.919141299416989,0.893345482300178,0.888736425887399,0.876738622389398,0.89298886614936,0.896531859601643,0.927240410955109,0.908196203595948,0.884004215459432,0.795650485611228,0.758319433451895,0.688058232944862,0.616540115150194,0,100000,2223.71370909353,98007.5855073575,4160913.96893455,41.6091396893455,2023,"Males","GMoH report",31.6307003106545
0,1,0.0241166,0.0113907,0.0123433,0.0121568,0.0159307,0.0219171,0.0233854,0.0246932,0.0230733,0.0215294,0.0145836,0.020375,0.0242012,0.0438735,0.0564033,0.0763924,0.0973589,0.225382,0.106945180486,0.0236081409425869,0.0445479356585875,0.0598690460109331,0.0589911412355686,0.0766026648189229,0.103892921144936,0.110468617954233,0.116287239823948,0.109074715894385,0.102148984151521,0.0703529999739498,0.0969372584002379,0.114102458927509,0.197684700708648,0.247164295262545,0.320712085247372,0.391503600317598,1,0.976391859057413,0.955452064341412,0.940130953989067,0.941008858764431,0.923397335181077,0.896107078855064,0.889531382045767,0.883712760176052,0.890925284105615,0.897851015848479,0.92964700002605,0.903062741599762,0.885897541072491,0.802315299291352,0.752835704737455,0.679287914752628,0.608496399682402,0,100000,2360.81409425869,97891.6635951457,4197594.59774881,41.9759459774881,2023,"Males","GMoH report",31.2638940225119
0,1,0.0234968,0.0111964,0.0116681,0.0114906,0.0163134,0.0227041,0.0222336,0.0248276,0.0222205,0.0201654,0.0162896,0.0202294,0.0231726,0.0464606,0.056641,0.076234,0.094373,0.22993,0.104924502328,0.0230128081966308,0.0438046903303701,0.0566869281345822,0.0558486633716542,0.0783707658701353,0.107423135947818,0.105314214690636,0.116883178023273,0.105255429331356,0.0959879133312738,0.0782609029867669,0.0962778901238229,0.10951843290421,0.208128556024877,0.248076716720575,0.32015353796663,0.381788649461034,1,0.976987191803369,0.95619530966963,0.943313071865418,0.944151336628346,0.921629234129865,0.892576864052182,0.894685785309364,0.883116821976727,0.894744570668644,0.904012086668726,0.921739097013233,0.903722109876177,0.89048156709579,0.791871443975123,0.751923283279425,0.67984646203337,0.618211350538966,0,100000,2301.28081966308,97940.179925057,4225542.05035199,42.2554205035199,2023,"Males","GMoH report",30.9844194964801
0,1,0.0243878,0.0115315,0.0120311,0.0128546,0.0171809,0.0223617,0.0239862,0.0269331,0.024945,0.0223691,0.0154183,0.0200315,0.024292,0.0442712,0.0551795,0.0814526,0.10267,0.229606,0.107829349438,0.0238684679787581,0.0450861774885809,0.0583989897849944,0.0622718022277092,0.0823666663550513,0.105888862555483,0.113146135416672,0.126170118924956,0.117403428679005,0.105922047801319,0.0742302397366702,0.0953809416674702,0.114506047721852,0.199298086394076,0.242451604257222,0.338361865737146,0.408498617383174,1,0.976131532021242,0.954913822511419,0.941601010215006,0.937728197772291,0.917633333644949,0.894111137444517,0.886853864583328,0.873829881075044,0.882596571320994,0.894077952198681,0.92576976026333,0.90461905833253,0.885493952278148,0.800701913605924,0.757548395742778,0.661638134262854,0.591501382616826,0,100000,2386.84679787581,97870.5253395473,4120594.6057908,41.205946057908,2023,"Males","GMoH report",32.033893942092
0,1,0.02287,0.012163,0.0122621,0.012671,0.0164813,0.0228856,0.0234491,0.0256762,0.0220511,0.0199851,0.0151413,0.0195135,0.0250154,0.0442625,0.0570312,0.0760037,0.0911439,0.241657,0.1036540585,0.0224105955280181,0.0474965977628216,0.0594869137861569,0.0614096944054707,0.0791454502278974,0.108235418751549,0.110752862622686,0.120637235532548,0.104494929642406,0.0951705191446078,0.0729452839310375,0.0930291873801439,0.117715263964553,0.199262823218255,0.249572458072884,0.319340795040039,0.371149473708215,1,0.977589404471982,0.952503402237178,0.940513086213843,0.938590305594529,0.920854549772103,0.891764581248451,0.889247137377314,0.879362764467452,0.895505070357594,0.904829480855392,0.927054716068963,0.906970812619856,0.882284736035447,0.800737176781745,0.750427541927116,0.680659204959961,0.628850526291785,0,100000,2241.0595528018,97991.2353651863,4169687.43591788,41.6968743591788,2023,"Males","GMoH report",31.5429656408212
0,1,0.0251743,0.0133021,0.0144561,0.0154888,0.0208245,0.0273011,0.0284046,0.0337261,0.0288933,0.0264631,0.0167295,0.0217268,0.0269511,0.0558692,0.073851,0.0987459,0.108814,0.24963,0.110393504603,0.0246228654906796,0.051829517159583,0.0697593786169391,0.0745570037026269,0.0989699981821401,0.127783897584163,0.132606419258803,0.155517963986949,0.134734210117062,0.1241049929056,0.0802894923445544,0.103037321792212,0.126249118458765,0.245110658934624,0.311705578335806,0.395976788982125,0.427716218500277,1,0.97537713450932,0.948170482840417,0.930240621383061,0.925442996297373,0.90103000181786,0.872216102415837,0.867393580741197,0.844482036013051,0.865265789882938,0.8758950070944,0.919710507655446,0.896962678207788,0.873750881541235,0.754889341065376,0.688294421664194,0.604023211017875,0.572283781499723,0,100000,2462.28654906795,97809.5338924205,3737610.29474516,37.3761029474516,2023,"Males","GMoH report",35.8637370525484
0,1,0.0244638,0.0112875,0.0131179,0.0137327,0.0178456,0.0233827,0.0238488,0.0270073,0.0239373,0.0230265,0.0149852,0.0208371,0.0245949,0.0457285,0.0567257,0.0813213,0.098662,0.223034,0.108077125398,0.0239414028321478,0.0441532405935995,0.063506810041395,0.0663844071304975,0.0854171971656516,0.110456568017541,0.112534469839245,0.126495729698298,0.112928492019928,0.108865520245186,0.0722204068964387,0.0990269156402798,0.115851132455901,0.205185443605244,0.248401611733257,0.337908586218811,0.395706911695698,1,0.976058597167852,0.955846759406401,0.936493189958605,0.933615592869502,0.914582802834348,0.889543431982459,0.887465530160755,0.873504270301702,0.887071507980072,0.891134479754814,0.927779593103561,0.90097308435972,0.884148867544099,0.794814556394756,0.751598388266743,0.662091413781189,0.604293088304302,0,100000,2394.14028321477,97864.6115163946,4073393.8251952,40.733938251952,2023,"Males","GMoH report",32.505901748048
0,1,0.0242972,0.0128501,0.0130612,0.0140303,0.0179968,0.0248201,0.0270502,0.0285959,0.0271144,0.0237392,0.0158261,0.0219614,0.0260549,0.048053,0.0637353,0.0837174,0.10039,0.242893,0.107533974412,0.0237815115833903,0.0501124987593841,0.0632409918917584,0.0677742667626017,0.086109750122489,0.1168499324773,0.126683935518588,0.133439913914249,0.126965515562107,0.112046277521645,0.0761188391012493,0.104091985665039,0.122307711987352,0.214496945673838,0.27487793144063,0.346141776169309,0.401247027318691,1,0.97621848841661,0.949887501240616,0.936759008108242,0.932225733237398,0.913890249877511,0.8831500675227,0.873316064481412,0.866560086085751,0.873034484437893,0.887953722478355,0.923881160898751,0.89590801433496,0.877692288012648,0.785503054326162,0.72512206855937,0.653858223830691,0.598752972681309,0,100000,2378.15115833902,97877.5808874697,3943550.81897585,39.4355081897585,2023,"Males","GMoH report",33.8043318102415
0,1,0.0232518,0.0117926,0.0127791,0.0130962,0.0174637,0.0239944,0.0246778,0.0265447,0.0262744,0.0221214,0.0152214,0.0198688,0.0263838,0.0448088,0.0601164,0.0771595,0.110045,0.23381,0.104125750878,0.0227773324740418,0.0460835111722991,0.0619173790533484,0.063405085788734,0.083665717522266,0.113182626940356,0.11621893115204,0.124463860411347,0.12327458557211,0.104810606616959,0.0733170303842721,0.0946428979719379,0.123756108932844,0.201474431261252,0.261309529501665,0.323411773212102,0.431510945112686,1,0.977222667525958,0.953916488827701,0.938082620946652,0.936594914211266,0.916334282477734,0.886817373059644,0.88378106884796,0.875536139588653,0.87672541442789,0.895189393383041,0.926682969615728,0.905357102028062,0.876243891067156,0.798525568738748,0.738690470498335,0.676588226787898,0.568489054887314,0,100000,2277.73324740418,97959.4374372816,4063763.08843578,40.6376308843578,2023,"Males","GMoH report",32.6022091156422
0,1,0.0247448,0.0125278,0.0136687,0.0147184,0.0204436,0.025354,0.0275346,0.0306071,0.0280986,0.0254334,0.0160434,0.0210359,0.0275245,0.0542408,0.0662438,0.087798,0.101897,0.239966,0.108993244408,0.0242110010786234,0.0488863238247759,0.0660852513134303,0.0709802121150159,0.0972477640282787,0.119213643224232,0.128806417071273,0.142157897535828,0.131271627611022,0.119564660414533,0.0771236846925104,0.0999244957496498,0.128762211288476,0.238819586439615,0.28415948909133,0.359976875673947,0.406047455952118,1,0.975788998921377,0.951113676175224,0.93391474868657,0.929019787884984,0.902752235971721,0.880786356775768,0.871193582928727,0.857842102464172,0.868728372388978,0.880435339585467,0.92287631530749,0.90007550425035,0.871237788711524,0.761180413560385,0.715840510908671,0.640023124326053,0.593952544047882,0,100000,2421.10010786234,97842.7834479301,3848251.056,38.48251056,2023,"Males","GMoH report",34.75732944
0,1,0.0245568,0.0135378,0.014353,0.0147073,0.0198088,0.025902,0.0261026,0.0305611,0.0282724,0.0250603,0.0163845,0.0220549,0.0264541,0.048025,0.0656872,0.0912236,0.0957604,0.239012,0.108380324928,0.0240306412744229,0.0527236748687244,0.0692790929473179,0.0709285802299598,0.0943705801307643,0.121633615244822,0.122517910005712,0.141959410638815,0.132029988390566,0.117914093600367,0.0786988948916206,0.104511995951238,0.124065403521739,0.214385357959935,0.28210867724086,0.371413751293708,0.386317261322203,1,0.975969358725577,0.947276325131276,0.930720907052682,0.92907141977004,0.905629419869236,0.878366384755178,0.877482089994288,0.858040589361185,0.867970011609434,0.882085906399633,0.921301105108379,0.895488004048762,0.875934596478261,0.785614642040065,0.71789132275914,0.628586248706292,0.613682738677797,0,100000,2403.0641274423,97857.3807435127,3845258.56190086,38.4525856190086,2023,"Males","GMoH report",34.7872543809914
0,1,0.0228877,0.0120629,0.0123744,0.0127781,0.0175666,0.0234526,0.0238504,0.0264572,0.0217788,0.0215223,0.0148468,0.0206503,0.0238052,0.044835,0.0570513,0.0795649,0.0959593,0.235117,0.103618739035,0.0224275735377344,0.0471149149840772,0.0600153646783117,0.0619126838366667,0.0841379554782399,0.110768477983132,0.112541594864603,0.124079040053726,0.103271193336412,0.102117017296594,0.071577266595765,0.0981827422921129,0.112340292190846,0.201580361257545,0.249649437601425,0.331821198757457,0.386964414217054,1,0.977572426462266,0.952885085015923,0.939984635321688,0.938087316163333,0.91586204452176,0.889231522016868,0.887458405135397,0.875920959946274,0.896728806663588,0.897882982703406,0.928422733404235,0.901817257707887,0.887659707809154,0.798419638742455,0.750350562398575,0.668178801242543,0.613035585782946,0,100000,2242.75735377344,97989.634335186,4127660.7213312,41.276607213312,2023,"Males","GMoH report",31.963232786688
0,1,0.0242907,0.0119978,0.0137974,0.0132722,0.0175365,0.0247403,0.0243174,0.0273586,0.024335,0.0239583,0.0154918,0.0203244,0.0244157,0.0463887,0.058698,0.0874917,0.0951844,0.230654,0.107512783047,0.0237752725557744,0.0468666076299547,0.0666867409026736,0.0642298223785679,0.083999841929987,0.11649612716288,0.114618914991466,0.128035799443371,0.114697114308271,0.113021964660204,0.0745709060924909,0.0967081616008968,0.115055592901017,0.207839938600596,0.255933097593624,0.358946418985185,0.384440220653155,1,0.976224727444226,0.953133392370045,0.933313259097326,0.935770177621432,0.916000158070013,0.88350387283712,0.885381085008534,0.871964200556629,0.885302885691729,0.886978035339796,0.925429093907509,0.903291838399103,0.884944407098983,0.792160061399404,0.744066902406376,0.641053581014815,0.615559779346845,0,100000,2377.52725557744,97878.0873164398,4027427.91690658,40.2742791690658,2023,"Males","GMoH report",32.9655608309342
0,1,0.0251651,0.0119117,0.0129933,0.013712,0.0181874,0.0248519,0.0251781,0.0287821,0.0260741,0.0229829,0.0169578,0.0216053,0.0247392,0.0466891,0.0658475,0.0799428,0.097439,0.240487,0.110363510671,0.0246140458798218,0.0465381041300678,0.0629225704145806,0.06628765904784,0.0869820563699432,0.116990885529758,0.118435545010432,0.134250473608856,0.122392325654153,0.108670586919708,0.0813406056919909,0.102490647057805,0.116491249218344,0.209045172582004,0.282699810560323,0.333134698551577,0.391762608078578,1,0.975385954120178,0.953461895869932,0.937077429585419,0.93371234095216,0.913017943630057,0.883009114470242,0.881564454989568,0.865749526391144,0.877607674345847,0.891329413080292,0.918659394308009,0.897509352942195,0.883508750781656,0.790954827417996,0.717300189439677,0.666865301448423,0.608237391921421,0,100000,2461.40458798218,97810.2446635292,3983924.8459594,39.839248459594,2023,"Males","GMoH report",33.400591540406
0,1,0.0241398,0.0115257,0.012993,0.0129015,0.0166393,0.0225799,0.0234952,0.0263315,0.0241106,0.0218265,0.0164591,0.0196818,0.0232442,0.0443638,0.0597913,0.0822471,0.100351,0.226786,0.107020817358,0.0236304147714732,0.0450640114465412,0.0629211633126954,0.0624919018216209,0.0798738861168401,0.106866890734746,0.110958518538109,0.123525941667458,0.113699586853052,0.103485674797577,0.0790430560888212,0.0937939172010795,0.109838244682384,0.19967333072586,0.260080171155914,0.341099407337027,0.401122412066729,1,0.976369585228527,0.954935988553459,0.937078836687305,0.937508098178379,0.92012611388316,0.893133109265254,0.889041481461891,0.876474058332542,0.886300413146948,0.896514325202423,0.920956943911179,0.906206082798921,0.890161755317616,0.80032666927414,0.739919828844086,0.658900592662973,0.598877587933271,0,100000,2363.04147714732,97889.8531531878,4121478.25425368,41.2147825425368,2023,"Males","GMoH report",32.0250574574632
0,1,0.0254516,0.0124889,0.0145437,0.0137519,0.0182651,0.0250841,0.0250367,0.0298229,0.0265716,0.0227833,0.0157255,0.0207972,0.0256855,0.0507891,0.0632044,0.0840829,0.0993048,0.239394,0.111297560836,0.0248886462247794,0.0487382263303654,0.0701672706641061,0.0664741358287418,0.0873374326473808,0.118019469559083,0.117809591501157,0.138768315973858,0.124582133456611,0.107777672391506,0.0756532856416073,0.0988466653295222,0.120678294186671,0.225334197299802,0.27290068919898,0.347390498610878,0.397772262553855,1,0.975111353775221,0.951261773669635,0.929832729335894,0.933525864171258,0.912662567352619,0.881980530440917,0.882190408498843,0.861231684026142,0.875417866543389,0.892222327608494,0.924346714358393,0.901153334670478,0.879321705813329,0.774665802700198,0.72709931080102,0.652609501389122,0.602227737446145,0,100000,2488.86462247794,97788.1399392549,3936153.0203226,39.361530203226,2023,"Males","GMoH report",33.878309796774
0,1,0.0240041,0.0120423,0.0125003,0.0132789,0.0171036,0.0233774,0.0250547,0.0261766,0.0231204,0.0221701,0.0143444,0.0198895,0.0240821,0.0463795,0.0575764,0.0795485,0.0965049,0.235989,0.106578406861,0.0235001215339095,0.0470363483641879,0.0606074710733544,0.0642612047215573,0.0820112796916641,0.110432913991158,0.117889297542175,0.122843910247536,0.109285205818486,0.10502922873979,0.0692390195209589,0.094736829570637,0.113572819979905,0.207803001705947,0.25165808376481,0.331764148985973,0.388736949021047,1,0.976499878466091,0.952963651635812,0.939392528926646,0.935738795278443,0.917988720308336,0.889567086008842,0.882110702457825,0.877156089752464,0.890714794181514,0.89497077126021,0.930760980479041,0.905263170429363,0.886427180020095,0.792196998294053,0.748341916235191,0.668235851014027,0.611263050978953,0,100000,2350.01215339094,97900.4483980215,4100177.4902377,41.001774902377,2023,"Males","GMoH report",32.238065097623
0,1,0.0232588,0.0121386,0.0121249,0.0127144,0.0168111,0.0222287,0.0232285,0.0256242,0.0240761,0.0215745,0.0151444,0.0196828,0.0242986,0.0423414,0.0590145,0.0807573,0.0971886,0.22843,0.104148572348,0.0227840615156713,0.0474035739543944,0.0588408999310646,0.0616135516473377,0.0806653181741081,0.105292226700838,0.109768127619005,0.12040762719789,0.113546130045999,0.102352016073078,0.0729596737906136,0.0937984592172946,0.114535376737043,0.191442175658892,0.257135667827487,0.335958705151227,0.39095264855228,1,0.977215938484329,0.952596426045606,0.941159100068935,0.938386448352662,0.919334681825892,0.894707773299162,0.890231872380995,0.87959237280211,0.886453869954001,0.897647983926922,0.927040326209386,0.906201540782705,0.885464623262957,0.808557824341108,0.742864332172513,0.664041294848773,0.60904735144772,0,100000,2278.40615156712,97958.8865963475,4153322.22449589,41.5332222449589,2023,"Males","GMoH report",31.7066177550411
0,1,0.0230835,0.0111011,0.012478,0.0132038,0.0163214,0.0226842,0.0230527,0.0258793,0.0239684,0.0217932,0.0156646,0.0193037,0.02395,0.0444941,0.0591164,0.0811104,0.0925801,0.237346,0.103577057535,0.0226155264328341,0.043439937812695,0.0605026207458337,0.063909383214772,0.0784076917496915,0.107334033304297,0.108982639751501,0.121533495523262,0.11306691725138,0.103335947568619,0.0753713450700396,0.0920750281955537,0.112985021818611,0.200201082534054,0.257522493206516,0.337179990289131,0.375898660948747,1,0.977384473567166,0.956560062187305,0.939497379254166,0.936090616785228,0.921592308250309,0.892665966695703,0.891017360248499,0.878466504476738,0.88693308274862,0.896664052431381,0.92462865492996,0.907924971804446,0.887014978181389,0.799798917465946,0.742477506793484,0.662820009710869,0.624101339051253,0,100000,2261.5526432834,97972.6923249684,4153036.13002423,41.5303613002423,2023,"Males","GMoH report",31.7094786997577
0,1,0.0256299,0.0119492,0.0143539,0.014132,0.0187909,0.02544,0.0269658,0.0303454,0.0277686,0.0257885,0.0158342,0.0211985,0.0252632,0.0503663,0.065446,0.0856141,0.104868,0.236948,0.111878856279,0.025059484582271,0.046681194149732,0.0692832865818326,0.0682487709232805,0.0897388171519486,0.11959383226777,0.126313629803605,0.14102811369658,0.129830006222991,0.121132909883663,0.076156314223313,0.100658003292984,0.11881206744435,0.223668156342959,0.281218444244875,0.352601376277995,0.415427398844847,1,0.974940515417729,0.953318805850268,0.930716713418167,0.931751229076719,0.910261182848051,0.88040616773223,0.873686370196395,0.85897188630342,0.870169993777009,0.878867090116337,0.923843685776687,0.899341996707016,0.88118793255565,0.776331843657041,0.718781555755125,0.647398623722005,0.584572601155153,0,100000,2505.9484582271,97774.4141891735,3886713.75920463,38.8671375920463,2023,"Males","GMoH report",34.3727024079537
0,1,0.0247666,0.0120713,0.0136633,0.0141759,0.0184039,0.024351,0.0254508,0.0298178,0.0268919,0.0227061,0.0159361,0.0220699,0.0257572,0.0511315,0.0639629,0.0873872,0.0997554,0.252142,0.109064316986,0.0242319120131201,0.0471469500438708,0.0660600058066548,0.0684535242151945,0.0879719333400095,0.114768198967364,0.119641566075325,0.138746231542761,0.125989272694094,0.107432090523416,0.0766276358315617,0.104579359959097,0.120994782942015,0.226681133993082,0.275724201223848,0.35859456300863,0.399216896905966,1,0.97576808798688,0.952853049956129,0.933939994193345,0.931546475784805,0.91202806665999,0.885231801032636,0.880358433924675,0.861253768457239,0.874010727305906,0.892567909476584,0.923372364168438,0.895420640040903,0.879005217057985,0.773318866006918,0.724275798776152,0.64140543699137,0.600783103094034,0,100000,2423.19120131202,97841.0924919856,3945189.6302189,39.451896302189,2023,"Males","GMoH report",33.787943697811
0,1,0.0240383,0.012189,0.0129667,0.0133092,0.0176395,0.0234187,0.0248401,0.0280352,0.0244254,0.0236272,0.0150832,0.0208171,0.0261748,0.0485445,0.0609599,0.0848154,0.0993188,0.241307,0.106689906043,0.0235329612839836,0.0475957117392213,0.0627977994351603,0.0644031151496265,0.084472373901415,0.110617221204448,0.116938584658087,0.130994834069721,0.115098672228382,0.111547133895085,0.0726755503474966,0.0989365688799243,0.122835981855333,0.216453439959692,0.264491119509528,0.349887400441488,0.397817186134389,1,0.976467038716016,0.952404288260779,0.93720220056484,0.935596884850374,0.915527626098585,0.889382778795551,0.883061415341913,0.869005165930279,0.884901327771618,0.888452866104915,0.927324449652503,0.901063431120076,0.877164018144667,0.783546560040308,0.735508880490472,0.650112599558512,0.60218281386561,0,100000,2353.29612839835,97897.7768144318,4032729.83250799,40.3272983250799,2023,"Males","GMoH report",32.9125416749201
0,1,0.0242023,0.0118046,0.0131778,0.0133133,0.0176905,0.0237792,0.0246447,0.0286286,0.0245724,0.0242767,0.0153644,0.020948,0.0260328,0.0448974,0.0603736,0.0804582,0.0919693,0.24191,0.107224580483,0.0236904160041939,0.0461293235738796,0.0637875510252487,0.0644223159525716,0.0847062597784723,0.112224479162734,0.116072095095029,0.133582313452719,0.115751282937845,0.114438054222633,0.0739803411173418,0.0995277326415614,0.122210308689847,0.201832602303363,0.262280895342392,0.334922788288346,0.373882272735311,1,0.976309583995806,0.95387067642612,0.936212448974751,0.935577684047428,0.915293740221528,0.887775520837266,0.883927904904971,0.866417686547281,0.884248717062155,0.885561945777366,0.926019658882658,0.900472267358439,0.877789691310153,0.798167397696637,0.737719104657608,0.665077211711654,0.626117727264689,0,100000,2369.0416004194,97884.9778913324,4031958.59273519,40.3195859273519,2023,"Males","GMoH report",32.9202540726481
0,1,0.0233468,0.0118883,0.0129444,0.0132283,0.0171101,0.023386,0.0234707,0.0274187,0.0234472,0.0215896,0.01484,0.0197317,0.0256681,0.0467832,0.0577612,0.0826381,0.097583,0.241578,0.104435470828,0.0228686493371542,0.0464488053350702,0.0626931858138771,0.064024172594181,0.0820411685068283,0.110471295697071,0.110849227585285,0.12829901920529,0.110744385604628,0.102419983794667,0.0715456561565905,0.0940205374052043,0.12060147330749,0.209422377564779,0.252363896284788,0.342443333835435,0.392228030298463,1,0.977131350662846,0.95355119466493,0.937306814186123,0.935975827405819,0.917958831493172,0.889528704302929,0.889150772414715,0.87170098079471,0.889255614395372,0.897580016205333,0.92845434384341,0.905979462594796,0.87939852669251,0.790577622435221,0.747636103715212,0.657556666164565,0.607771969701537,0,100000,2286.86493371542,97951.9648823572,4095180.29665542,40.9518029665542,2023,"Males","GMoH report",32.2880370334458
0,1,0.0228693,0.0115497,0.0118482,0.0125941,0.0173276,0.0227121,0.022644,0.0249372,0.0221039,0.0199082,0.0147105,0.019501,0.0264243,0.0449259,0.057641,0.0819025,0.0944544,0.233366,0.103655455315,0.0224099240693373,0.0451557297365241,0.0575367331944148,0.0610483766006349,0.0830407574289359,0.107458953741802,0.107154011413861,0.117368872388673,0.104732033984998,0.0948216776905047,0.070943465381272,0.0929723647857812,0.123934306745652,0.20194778501319,0.251904877403904,0.33991315670701,0.382055048959014,1,0.977590075930663,0.954844270263476,0.942463266805585,0.938951623399365,0.916959242571064,0.892541046258198,0.892845988586139,0.882631127611327,0.895267966015002,0.905178322309495,0.929056534618728,0.907027635214219,0.876065693254348,0.79805221498681,0.748095122596096,0.66008684329299,0.617944951040986,0,100000,2240.99240693373,97991.2986813644,4185330.64167837,41.8533064167837,2023,"Males","GMoH report",31.3865335832163
0,1,0.0246408,0.0126204,0.0133511,0.0136125,0.0186821,0.0252892,0.026038,0.0292875,0.0265826,0.024911,0.016221,0.021698,0.0250652,0.0502164,0.0639996,0.0879084,0.098167,0.236364,0.108654182568,0.0241112335484132,0.0492387739543725,0.0645993200453561,0.0658224787693795,0.0892424108888343,0.118927073624254,0.122233228021914,0.136447019771132,0.124630493601943,0.117252789407664,0.0779441690832514,0.102907768118416,0.117935789615334,0.223076724881635,0.275860582638433,0.360347966954453,0.394112817589282,1,0.975888766451587,0.950761226045628,0.935400679954644,0.93417752123062,0.910757589111166,0.881072926375746,0.877766771978086,0.863552980228868,0.875369506398057,0.882747210592336,0.922055830916749,0.897092231881583,0.882064210384666,0.776923275118365,0.724139417361567,0.639652033045547,0.605887182410718,0,100000,2411.12335484131,97850.8552823496,3932258.5655512,39.322585655512,2023,"Males","GMoH report",33.917254344488
0,1,0.0249889,0.012632,0.0131656,0.0139993,0.0185734,0.0259662,0.025222,0.0280625,0.0270919,0.023537,0.017696,0.0210159,0.0250144,0.0478517,0.0689854,0.0839782,0.0982178,0.241198,0.109789061669,0.0244451089657182,0.0492829164000687,0.0637303783277214,0.0676295829485702,0.0887462031748792,0.121916715457705,0.118629798081943,0.131114031245437,0.12686684060269,0.111144953097368,0.0847314793534053,0.0998342342890138,0.117710835209348,0.213694399284406,0.294189968387076,0.347032986196486,0.394276559368212,1,0.975554891034282,0.950717083599931,0.936269621672279,0.93237041705143,0.911253796825121,0.878083284542295,0.881370201918057,0.868885968754563,0.87313315939731,0.888855046902632,0.915268520646595,0.900165765710986,0.882289164790652,0.786305600715594,0.705810031612924,0.652967013803514,0.605723440631788,0,100000,2444.51089657182,97823.8696610024,3938790.4415595,39.387904415595,2023,"Males","GMoH report",33.851935584405
0,1,0.0258415,0.0127819,0.013506,0.0143087,0.0191332,0.0250376,0.0269286,0.0296991,0.0275913,0.0255987,0.0180686,0.0201497,0.0257782,0.0495385,0.073367,0.0846051,0.101686,0.247425,0.112568716715,0.0252621737971687,0.0498531636939603,0.065324324193603,0.0690726504174303,0.0912988997292507,0.117813576963544,0.126150368000645,0.138232079145616,0.129054543439027,0.120295010299609,0.0864384457478988,0.0959167649054611,0.121087458211811,0.220397140623106,0.309979360622942,0.349171314953144,0.405377068524934,1,0.974737826202831,0.95014683630604,0.934675675806397,0.93092734958257,0.908701100270749,0.882186423036456,0.873849631999355,0.861767920854384,0.870945456560973,0.879704989700391,0.913561554252101,0.904083235094539,0.878912541788189,0.779602859376894,0.690020639377058,0.650828685046856,0.594622931475066,0,100000,2526.21737971687,97758.155668861,3879992.76283304,38.7999276283304,2023,"Males","GMoH report",34.4399123716696
0,1,0.0244074,0.0127974,0.0137807,0.0138796,0.0181963,0.0244842,0.0251279,0.0279377,0.026039,0.0243291,0.0162581,0.0204064,0.0251413,0.0502187,0.0625277,0.0844351,0.102831,0.254765,0.107893249554,0.0238872782528134,0.0499121095387769,0.0666087132628467,0.0670707133185593,0.0870227689723702,0.115359770752363,0.11821336590706,0.130569005722095,0.122237635521631,0.114670900487381,0.0781154769120409,0.0970793974592204,0.118272677813235,0.223085802522196,0.27037386085201,0.348591999217233,0.409008195596532,1,0.976112721747187,0.950087890461223,0.933391286737153,0.932929286681441,0.91297723102763,0.884640229247638,0.88178663409294,0.869430994277905,0.877762364478369,0.885329099512619,0.921884523087959,0.90292060254078,0.881727322186765,0.776914197477804,0.72962613914799,0.651408000782767,0.590991804403468,0,100000,2388.72782528134,97868.9997820883,3960801.4712613,39.608014712613,2023,"Males","GMoH report",33.631825287387
0,1,0.0239152,0.0108672,0.012516,0.0126063,0.0165298,0.0221629,0.0228355,0.0249796,0.0236354,0.0207862,0.0143975,0.0204518,0.0241075,0.0430269,0.0580892,0.0763044,0.0912575,0.225772,0.106288574192,0.0234147498205673,0.0425441288851584,0.0606812826653996,0.0611057077897259,0.0793691111656357,0.104996909960586,0.10801127152285,0.117556701545204,0.111583687293366,0.098796966250319,0.0694864230599847,0.0972848730817658,0.113685799001432,0.194240575459413,0.253615234762138,0.320401827066893,0.371526134461051,1,0.976585250179433,0.957455871114842,0.9393187173346,0.938894292210274,0.920630888834364,0.895003090039414,0.89198872847715,0.882443298454796,0.888416312706634,0.901203033749681,0.930513576940015,0.902715126918234,0.886314200998568,0.805759424540587,0.746384765237862,0.679598172933108,0.628473865538949,0,100000,2341.47498205672,97907.3970552923,4191571.68221148,41.9157168221148,2023,"Males","GMoH report",31.3241231778852
0,1,0.0242149,0.0140242,0.0149228,0.0140468,0.020024,0.0276669,0.0280402,0.0313961,0.0286709,0.0268374,0.0164468,0.0221023,0.0260457,0.054534,0.067446,0.0870029,0.114132,0.249736,0.107265659129,0.0237025116004056,0.0545663025203872,0.071930489237998,0.0678512670548354,0.0953469325562349,0.129385276251213,0.131016666191633,0.145555789679137,0.133766486131902,0.125749992854422,0.0789863195010743,0.10472484987644,0.12226716523603,0.239955646882301,0.288572369856625,0.357299309716636,0.443979367166409,1,0.976297488399594,0.945433697479613,0.928069510762002,0.932148732945165,0.904653067443765,0.870614723748787,0.868983333808367,0.854444210320863,0.866233513868098,0.874250007145578,0.921013680498926,0.89527515012356,0.87773283476397,0.760044353117699,0.711427630143375,0.642700690283364,0.556020632833591,0,100000,2370.25116004056,97883.9953929425,3777229.11179895,37.7722911179895,2023,"Males","GMoH report",35.4675488820105
0,1,0.0242928,0.0130469,0.0131191,0.0139518,0.0186961,0.0250747,0.0272239,0.0306105,0.0270259,0.024915,0.0158794,0.0221013,0.0252678,0.0513064,0.0680506,0.0860187,0.0929444,0.2539,0.107519629488,0.0237772882479784,0.0508604573967799,0.063512435033868,0.0674078479668406,0.089306301157331,0.117977851892856,0.127445585324229,0.142172566623433,0.126577334068027,0.117270512926115,0.0763654078562198,0.104720359780934,0.118832415715462,0.227368368806647,0.290783090546193,0.353972799812024,0.377098918255284,1,0.976222711752022,0.94913954260322,0.936487564966132,0.932592152033159,0.910693698842669,0.882022148107144,0.872554414675771,0.857827433376567,0.873422665931973,0.882729487073885,0.92363459214378,0.895279640219066,0.881167584284538,0.772631631193353,0.709216909453807,0.646027200187976,0.622901081744716,0,100000,2377.72882479783,97877.9236974674,3901599.21688453,39.0159921688453,2023,"Males","GMoH report",34.2238478311547
0,1,0.0242123,0.0130136,0.0145302,0.0138927,0.0185181,0.0261343,0.025927,0.0307893,0.0259681,0.0243814,0.0173007,0.0206048,0.0257957,0.0530356,0.0712216,0.0872757,0.106518,0.240081,0.107257182583,0.0237000157016433,0.0507339376577931,0.0701044218249961,0.067131891913049,0.0884936637149027,0.122657575323085,0.12174386690677,0.142943661785471,0.121925092512796,0.114903245052681,0.0829171865755317,0.0979770083460769,0.121164680620307,0.234134359418995,0.302284954679497,0.358218971313365,0.420589199199239,1,0.976299984298357,0.949266062342207,0.929895578175004,0.932868108086951,0.911506336285097,0.877342424676915,0.87825613309323,0.857056338214529,0.878074907487204,0.885096754947319,0.917082813424468,0.902022991653923,0.878835319379693,0.765865640581005,0.697715045320503,0.641781028686635,0.579410800800761,0,100000,2370.00157016434,97884.1981209688,3881313.64937232,38.8131364937232,2023,"Males","GMoH report",34.4267035062768
0,1,0.0224366,0.0106905,0.0116568,0.0120796,0.0161012,0.0215362,0.0233937,0.0250226,0.022706,0.0209924,0.0145281,0.0189545,0.0237573,0.0409407,0.0551129,0.0814881,0.0929413,0.2332,0.10451888653,0.0219946925017638,0.041866844987326,0.0566335840923799,0.0586275078892525,0.0773907885870072,0.102179599284712,0.11050565938983,0.117747150386826,0.107431642796648,0.0997281661141626,0.0700946449709923,0.0904847662454992,0.112126917931561,0.185697078994976,0.242194409343264,0.338484377910897,0.377088712185406,1,0.978005307498236,0.958133155012674,0.94336641590762,0.941372492110748,0.922609211412993,0.897820400715288,0.88949434061017,0.882252849613174,0.892568357203352,0.900271833885837,0.929905355029008,0.909515233754501,0.887873082068439,0.814302921005024,0.757805590656736,0.661515622089103,0.622911287814594,0,100000,2199.46925017638,98030.416826809,4243422.7870831,42.434227870831,2023,"Males","GMoH report",30.805612129169
0,1,0.0231751,0.0123571,0.0131473,0.0137642,0.0177124,0.0248048,0.0258691,0.0275772,0.0252075,0.0230928,0.0152076,0.0204582,0.0250735,0.04559,0.0654124,0.0849451,0.0993172,0.237522,0.103875692771,0.0227035969113538,0.0482362789546588,0.0636446129503932,0.0665316138998976,0.0848066755978515,0.116782107923451,0.121488504331495,0.128992846204147,0.118565641480924,0.109161867089206,0.0732529944056901,0.0973138352397456,0.117972538866808,0.204627572432056,0.281094358465739,0.350328727932296,0.3978120521384,1,0.977296403088646,0.951763721045341,0.936355387049607,0.933468386100102,0.915193324402149,0.883217892076549,0.878511495668505,0.871007153795853,0.881434358519076,0.890838132910794,0.92674700559431,0.902686164760254,0.882027461133192,0.795372427567944,0.718905641534261,0.649671272067704,0.6021879478616,0,100000,2270.35969113538,97965.4754946207,4004539.44324954,40.0453944324954,2023,"Males","GMoH report",33.1944455675046
0,1,0.0240114,0.0128343,0.0146493,0.0148027,0.018386,0.0252261,0.0263724,0.0305975,0.0282274,0.0246339,0.0167364,0.0223822,0.0253932,0.0513404,0.0657541,0.0874991,0.104319,0.248134,0.106602206394,0.02350713132389,0.0500524243405716,0.0706587470423801,0.0713722451661959,0.0878901301668794,0.118647938120449,0.123705943442868,0.142116477685077,0.131833693967271,0.116024179887663,0.0803212774310091,0.1059807918042,0.119386957760491,0.227501903219831,0.282355431761095,0.358971329382967,0.413702438337639,1,0.97649286867611,0.949947575659428,0.92934125295762,0.928627754833804,0.912109869833121,0.881352061879551,0.876294056557132,0.857883522314923,0.868166306032729,0.883975820112337,0.919678722568991,0.8940192081958,0.880613042239509,0.772498096780169,0.717644568238905,0.641028670617033,0.58629756166236,0,100000,2350.71313238899,97899.878074123,3868787.45955712,38.6878745955712,2023,"Males","GMoH report",34.5519654044288
0,1,0.0239069,0.0107571,0.0124232,0.0124919,0.0168271,0.0228522,0.0226005,0.0254466,0.0226787,0.0202517,0.0145926,0.0194038,0.0241137,0.0432013,0.0539541,0.0745111,0.0905372,0.229258,0.106261514449,0.0234067786748854,0.0421221751004538,0.0602449134772244,0.0605679772136132,0.0807389922584208,0.108085993167353,0.106959173025115,0.119623003215915,0.107309405465665,0.0963789081638456,0.0703948888619816,0.0925303967202968,0.113713374503111,0.194951142968218,0.23770729243331,0.3140541917776,0.369134899453089,1,0.976593221325115,0.957877824899546,0.939755086522776,0.939432022786387,0.919261007741579,0.891914006832647,0.893040826974885,0.880376996784085,0.892690594534335,0.903621091836154,0.929605111138018,0.907469603279703,0.886286625496889,0.805048857031782,0.76229270756669,0.6859458082224,0.630865100546911,0,100000,2340.67786748854,97908.046107548,4200774.53355366,42.0077453355366,2023,"Males","GMoH report",31.2320946644634
0,1,0.024017,0.0121824,0.0136304,0.0138412,0.0188805,0.0249854,0.0250261,0.0275372,0.0258905,0.025473,0.015873,0.0202002,0.0244588,0.0465328,0.0697831,0.0886092,0.108868,0.249846,0.10662046357,0.0235125086470901,0.0475705529904971,0.0659061809770268,0.0668913583277837,0.0901474286819272,0.117582392242181,0.117762650340767,0.128817796439702,0.121582895133843,0.119739677958413,0.0763358044402979,0.0961455991691579,0.115246992169794,0.208418284166359,0.297086463944744,0.362699679007272,0.427883065942445,1,0.97648749135291,0.952429447009503,0.934093819022973,0.933108641672216,0.909852571318073,0.882417607757819,0.882237349659233,0.871182203560298,0.878417104866157,0.880260322041587,0.923664195559702,0.903854400830842,0.884753007830206,0.791581715833641,0.702913536055256,0.637300320992728,0.572116934057555,0,100000,2351.25086470901,97899.4405924556,3959729.77447521,39.5972977447521,2023,"Males","GMoH report",33.6425422552479
0,1,0.024487,0.0127675,0.0138272,0.0137053,0.0193218,0.0247075,0.025464,0.0294897,0.0270162,0.0239051,0.0166428,0.0221535,0.0251864,0.048792,0.0683513,0.0854217,0.0939061,0.237192,0.10815276227,0.0239636655758094,0.0497983979093839,0.0668259602075456,0.0662563423770496,0.0921573836609497,0.116350664869351,0.119699904104695,0.137324364239701,0.126534777837468,0.112785149317618,0.0798900161001222,0.104954714339689,0.118472274748205,0.217437030963119,0.291880475190311,0.351948419281627,0.380258919661045,1,0.976036334424191,0.950201602090616,0.933174039792454,0.93374365762295,0.90784261633905,0.883649335130649,0.880300095895305,0.862675635760299,0.873465222162532,0.887214850682381,0.920109983899878,0.895045285660311,0.881527725251795,0.782562969036881,0.708119524809689,0.648051580718373,0.619741080338955,0,100000,2396.36655758094,97862.8071050329,3922773.24096995,39.2277324096995,2023,"Males","GMoH report",34.0121075903005
0,1,0.0238822,0.0121683,0.0129015,0.0136107,0.0174934,0.0247758,0.0246304,0.0287679,0.024269,0.0226693,0.0155255,0.0207265,0.0260252,0.0462985,0.06042,0.0789778,0.097941,0.242525,0.106180987262,0.0233830567492367,0.0475168025822762,0.0624919018216209,0.0658140613867098,0.0838020433376911,0.116653538172372,0.116008651288273,0.134188683434558,0.114403833417007,0.107267312766742,0.0747270624787167,0.0985271904669661,0.122176810198082,0.20747773071162,0.262456018417966,0.329776453104925,0.393383955127214,1,0.976616943250763,0.952483197417724,0.937508098178379,0.93418593861329,0.916197956662309,0.883346461827628,0.883991348711727,0.865811316565443,0.885596166582993,0.892732687233258,0.925272937521283,0.901472809533034,0.877823189801918,0.79252226928838,0.737543981582034,0.670223546895075,0.606616044872786,0,100000,2338.30567492367,97909.9779301601,4026139.79144204,40.2613979144204,2023,"Males","GMoH report",32.9784420855796
0,1,0.0258503,0.0137202,0.0145872,0.0138309,0.0205006,0.0270561,0.0290445,0.0318372,0.028106,0.0273703,0.0171959,0.0214662,0.026531,0.0543352,0.069352,0.0881976,0.103664,0.256073,0.112597406563,0.0252706019125444,0.053415069136857,0.0703697557474037,0.0668432444266487,0.0975056872689361,0.126709816344972,0.135391550293734,0.147450011254241,0.131303929400662,0.128087047696108,0.0824356135810539,0.1018643962434,0.124403618963217,0.239185517653046,0.295522337179771,0.361319269082847,0.411639505702214,1,0.974729398087456,0.946584930863143,0.929630244252596,0.933156755573351,0.902494312731064,0.873290183655028,0.864608449706266,0.852549988745759,0.868696070599338,0.871912952303892,0.917564386418946,0.8981356037566,0.875596381036783,0.760814482346954,0.704477662820229,0.638680730917153,0.588360494297786,0,100000,2527.06019125444,97757.4802325094,3771692.4413006,37.716924413006,2023,"Males","GMoH report",35.522915586994
0,1,0.0246827,0.0132495,0.015171,0.0153229,0.0193905,0.0253692,0.0277402,0.0316055,0.0286542,0.0256864,0.016271,0.0217548,0.025739,0.0512909,0.0685492,0.0866898,0.108551,0.246992,0.108790785367,0.0241514301309457,0.0516298603310865,0.0730831392366037,0.0737878888931961,0.0924699057322472,0.119280850611657,0.129705835458065,0.146455501609688,0.133693779274763,0.120682267509603,0.0781750350132486,0.103163259789812,0.120914456979511,0.227307486146962,0.292601929530559,0.356242518335087,0.426903103130266,1,0.975848569869054,0.948370139668913,0.926916860763396,0.926212111106804,0.907530094267753,0.880719149388343,0.870294164541935,0.853544498390312,0.866306220725237,0.879317732490397,0.921824964986751,0.896836740210188,0.879085543020489,0.772692513853038,0.707398070469441,0.643757481664913,0.573096896869734,0,100000,2415.14301309457,97847.6022920736,3807406.21741201,38.0740621741201,2023,"Males","GMoH report",35.1657778258799
0,1,0.0247527,0.0128602,0.0142046,0.0149367,0.0193647,0.0251833,0.0255977,0.0297103,0.025166,0.0246587,0.016175,0.0203686,0.0255158,0.0496055,0.0625073,0.0843682,0.114399,0.244136,0.109019000067,0.0242185789693569,0.0501508988219402,0.0685873599665479,0.0719950778034336,0.0923525513711574,0.118458556580186,0.120290593675671,0.138280604397893,0.118381996678944,0.116134203773524,0.0777317234336517,0.0969082847767412,0.119928801703721,0.220662336203627,0.270297571519412,0.348363909934632,0.444787023302922,1,0.975781421030643,0.94984910117806,0.931412640033452,0.928004922196566,0.907647448628843,0.881541443419814,0.879709406324329,0.861719395602107,0.881618003321056,0.883865796226476,0.922268276566348,0.903091715223259,0.880071198296279,0.779337663796373,0.729702428480588,0.651636090065368,0.555212976697078,0,100000,2421.85789693569,97842.1706292926,3902004.52056043,39.0200452056043,2023,"Males","GMoH report",34.2197947943957
0,1,0.0251828,0.0122255,0.0133287,0.013835,0.0192848,0.0245468,0.0256169,0.0285994,0.0258789,0.0232288,0.0151715,0.0208611,0.0260149,0.0513422,0.0671757,0.0853826,0.101722,0.240301,0.110421216388,0.0246310139420841,0.0477348355363019,0.0644944326392046,0.0668623968489857,0.0919890251208725,0.115637663503765,0.12037538922914,0.133455156493453,0.121531731203401,0.109769467484254,0.0730854598641766,0.0991353204180667,0.122131409018793,0.227508972128022,0.287582166623821,0.35181566047073,0.405491487317678,1,0.975368986057916,0.952265164463698,0.935505567360795,0.933137603151014,0.908010974879128,0.884362336496236,0.87962461077086,0.866544843506547,0.878468268796599,0.890230532515746,0.926914540135823,0.900864679581933,0.877868590981208,0.772491027871978,0.712417833376179,0.64818433952927,0.594508512682322,0,100000,2463.10139420841,97808.8772578271,3954175.65781185,39.5417565781185,2023,"Males","GMoH report",33.6980834218815
0,1,0.0241528,0.0127099,0.0130138,0.0139547,0.0181734,0.0252699,0.0244524,0.0280533,0.0259781,0.025053,0.0161159,0.0216384,0.0265318,0.0484133,0.0609117,0.0791113,0.0948523,0.241723,0.107063200088,0.0236428954716206,0.049579304007978,0.0630187175343778,0.067421386929536,0.0869180105669084,0.118841704997226,0.11521857339009,0.131073863932365,0.121969181044753,0.117881770038089,0.0774587080186073,0.10263960777766,0.124407136818404,0.215931597033362,0.264309628069758,0.330241845683873,0.383356003397377,1,0.976357104528379,0.950420695992022,0.936981282465622,0.932578613070464,0.913081989433092,0.881158295002774,0.88478142660991,0.868926136067635,0.878030818955247,0.882118229961911,0.922541291981393,0.89736039222234,0.875592863181596,0.784068402966638,0.735690371930242,0.669758154316127,0.616643996602623,0,100000,2364.28954716206,97888.8388576917,3972405.77109968,39.7240577109968,2023,"Males","GMoH report",33.5157822890032
0,1,0.0234608,0.0120439,0.0125327,0.0131624,0.0176195,0.0230135,0.0228347,0.0269847,0.0234601,0.023304,0.0156043,0.0202513,0.0249753,0.0443963,0.0578429,0.0801235,0.0973201,0.228066,0.104807134768,0.0229782129329218,0.0470424508523586,0.0607597894663865,0.0637153816513797,0.084380638356207,0.108807402127828,0.108007691894729,0.126396566434348,0.110801938600591,0.11010526713662,0.0750921008276382,0.0963770962754904,0.117537654541335,0.199804993875962,0.252675754063239,0.333762042474488,0.391378108385324,1,0.977021787067078,0.952957549147641,0.939240210533614,0.93628461834862,0.915619361643793,0.891192597872172,0.891992308105271,0.873603433565652,0.889198061399409,0.88989473286338,0.924907899172362,0.90362290372451,0.882462345458666,0.800195006124038,0.747324245936761,0.666237957525512,0.608621891614676,0,100000,2297.82129329217,97943.0067726667,4101843.82606309,41.0184382606309,2023,"Males","GMoH report",32.2214017393691
0,1,0.0239156,0.0121864,0.0126757,0.0131074,0.0170567,0.0234976,0.0245181,0.0272767,0.0243478,0.0215922,0.014886,0.0203017,0.0242441,0.0478111,0.0582697,0.0875802,0.0972387,0.232225,0.106289878276,0.0234151339697571,0.0475858007943983,0.0614317731817018,0.063457589963288,0.0817955927815091,0.110969223910596,0.115510269173446,0.127676983088476,0.114753982464384,0.102431686354729,0.071759471276447,0.0966053670494314,0.114293162827721,0.213532447051893,0.254303088334228,0.359244284324917,0.391114770431183,1,0.976584866030243,0.952414199205602,0.938568226818298,0.936542410036712,0.918204407218491,0.889030776089404,0.884489730826554,0.872323016911524,0.885246017535616,0.897568313645271,0.928240528723553,0.903394632950569,0.885706837172279,0.786467552948107,0.745696911665772,0.640755715675083,0.608885229568817,0,100000,2341.51339697572,97907.3657769705,4077651.87533338,40.7765187533338,2023,"Males","GMoH report",32.4633212466662
0,1,0.0231368,0.0125152,0.0133653,0.0140846,0.0187183,0.0239977,0.0257252,0.0279442,0.0264423,0.0245398,0.0159766,0.0203559,0.0257588,0.052194,0.0674365,0.0867597,0.101554,0.240209,0.103750826728,0.0226667741135103,0.0488383564038686,0.0646658052816722,0.0680276445924335,0.0894076041099708,0.113197312155231,0.12085354590238,0.130597400315275,0.124013494908924,0.115606593304091,0.076814897761076,0.0968507876301962,0.12100184423669,0.230847821952525,0.288537587458403,0.356478566323383,0.404957392424345,1,0.97733322588649,0.951161643596131,0.935334194718328,0.931972355407567,0.910592395890029,0.886802687844769,0.87914645409762,0.869402599684725,0.875986505091076,0.884393406695909,0.923185102238924,0.903149212369804,0.87899815576331,0.769152178047475,0.711462412541596,0.643521433676617,0.595042607575655,0,100000,2266.67741135103,97968.4922440023,3957242.16687142,39.5724216687142,2023,"Males","GMoH report",33.6674183312858
0,1,0.0234563,0.0114209,0.0121629,0.0129279,0.0169986,0.0224526,0.0216306,0.0248294,0.0239143,0.0208803,0.0145038,0.0197062,0.0239998,0.0438738,0.0549814,0.0769674,0.0989977,0.236266,0.104792463823,0.0229738883979101,0.0446634073812783,0.0590198681152525,0.0626157738433271,0.0815283312701769,0.106296422367859,0.102604507357863,0.116891156779639,0.112826106597489,0.0992220353387887,0.0699815055977774,0.0939047362178591,0.113206657172952,0.197685918835489,0.24168636344255,0.322736522454155,0.396786197611732,1,0.97702611160209,0.955336592618722,0.940980131884747,0.937384226156673,0.918471668729823,0.893703577632141,0.897395492642137,0.883108843220361,0.887173893402511,0.900777964661211,0.930018494402223,0.906095263782141,0.886793342827048,0.802314081164511,0.75831363655745,0.677263477545845,0.603213802388268,0,100000,2297.38883979101,97943.3601970902,4187057.54578493,41.8705754578493,2023,"Males","GMoH report",31.3692645421507
0,1,0.0242095,0.0140102,0.0142194,0.0156403,0.0193604,0.0271596,0.0281906,0.0327707,0.0282583,0.0268011,0.0166277,0.0224258,0.0279686,0.0549527,0.0699182,0.0965373,0.109417,0.26769,0.107248053995,0.0236973278002499,0.0545133151054201,0.0686563690643171,0.0752588235548863,0.0923329909071052,0.127163711174933,0.131673138083835,0.151446019797551,0.131968487242396,0.125590585403833,0.0798204248061279,0.106176279952598,0.130703981553787,0.24157544289769,0.297576046214001,0.388842086989235,0.429577340371444,1,0.97630267219975,0.94548668489458,0.931343630935683,0.924741176445114,0.907667009092895,0.872836288825067,0.868326861916165,0.848553980202449,0.868031512757604,0.874409414596167,0.920179575193872,0.893823720047402,0.869296018446213,0.75842455710231,0.702423953785999,0.611157913010765,0.570422659628556,0,100000,2369.73278002499,97884.4164491209,3760232.02839796,37.6023202839796,2023,"Males","GMoH report",35.6375197160204
0,1,0.0242024,0.0113132,0.0129096,0.0131806,0.0168686,0.0236147,0.0241501,0.0276984,0.0240961,0.0212603,0.0159242,0.0212606,0.0244429,0.0434777,0.0589995,0.0792455,0.0977514,0.240371,0.107224906504,0.0236905120018507,0.0442515468014516,0.0625299096945191,0.0638006721515967,0.0809300580566634,0.111491409528517,0.113875253123835,0.129523047081775,0.113635093555446,0.100936641786563,0.0765726062585442,0.100937994201214,0.115176387683714,0.196076149939445,0.257078711414718,0.330709417198492,0.392771974122022,1,0.976309487998149,0.955748453198548,0.937470090305481,0.936199327848403,0.919069941943337,0.888508590471483,0.886124746876165,0.870476952918225,0.886364906444554,0.899063358213437,0.923427393741456,0.899062005798786,0.884823612316286,0.803923850060555,0.742921288585282,0.669290582801508,0.607228025877979,0,100000,2369.05120018507,97884.970093258,4091148.20180939,40.9114820180939,2023,"Males","GMoH report",32.3283579819061
0,1,0.0240811,0.0138585,0.0145443,0.0147242,0.020539,0.0270339,0.0291388,0.0323623,0.0293139,0.0262308,0.0174502,0.0218189,0.0262963,0.0539692,0.0686631,0.0860526,0.102846,0.242754,0.106829443031,0.0235740567059196,0.0539389734722691,0.0701700638508357,0.0710071898384517,0.0976794066662069,0.126612430535374,0.135801283873656,0.149699916019505,0.136561616104207,0.123082611580393,0.0836037448299222,0.103451504899377,0.123370998059331,0.237765910110201,0.293016881422924,0.354087602864381,0.409055655210542,1,0.97642594329408,0.946061026527731,0.929829936149164,0.928992810161548,0.902320593333793,0.873387569464626,0.864198716126344,0.850300083980495,0.863438383895793,0.876917388419607,0.916396255170078,0.896548495100623,0.876629001940669,0.762234089889799,0.706983118577076,0.645912397135619,0.590944344789458,0,100000,2357.40567059196,97894.4346641955,3761084.34987867,37.6108434987867,2023,"Males","GMoH report",35.6289965012133
0,1,0.0241369,0.0127366,0.0126669,0.0135368,0.0174124,0.0241107,0.0244279,0.0269449,0.0239112,0.0228778,0.0166244,0.0193591,0.0258661,0.0458256,0.0604092,0.0812636,0.0920702,0.234793,0.107011362749,0.0236276305834793,0.0496808692806404,0.0613904337856998,0.0654684178046549,0.0834301999653101,0.113700031619103,0.115109774828658,0.126221908260293,0.112812305973515,0.108200525068944,0.0798052154410543,0.0923270771994694,0.121475271217878,0.205576350931844,0.262415260164219,0.337709313565372,0.374215711498075,1,0.976372369416521,0.95031913071936,0.9386095662143,0.934531582195345,0.91656980003469,0.886299968380897,0.884890225171342,0.873778091739707,0.887187694026485,0.891799474931056,0.920194784558946,0.907672922800531,0.878524728782122,0.794423649068156,0.737584739835781,0.662290686434628,0.625784288501925,0,100000,2362.76305834793,97890.0794363789,4048357.7483118,40.483577483118,2023,"Males","GMoH report",32.756262516882
0,1,0.0230827,0.0106558,0.0117091,0.0129098,0.0159122,0.0221963,0.0239219,0.0251269,0.0221977,0.0226171,0.0153614,0.0200377,0.0248065,0.0423106,0.0559744,0.0729441,0.0944788,0.228101,0.103574449367,0.022614757206531,0.0417337862411433,0.0568804527274233,0.0625308481416523,0.0765171110633446,0.105146823882635,0.112859939531315,0.118208939495478,0.105153107181778,0.107033529878464,0.0739664301978951,0.0954090549491153,0.116789644226254,0.191316237955862,0.245515537714398,0.308468167802495,0.382134886268127,1,0.977385242793469,0.958266213758857,0.943119547272577,0.937469151858348,0.923482888936655,0.894853176117365,0.887140060468685,0.881791060504522,0.894846892818222,0.892966470121536,0.926033569802105,0.904590945050885,0.883210355773746,0.808683762044138,0.754484462285602,0.691531832197505,0.617865113731873,0,100000,2261.47572065309,97972.7553818704,4203270.78840881,42.0327078840881,2023,"Males","GMoH report",31.2071321159119
0,1,0.0236745,0.0121468,0.0124294,0.0131412,0.0170271,0.0224136,0.0238549,0.0253309,0.0235764,0.0229721,0.0149543,0.0202586,0.0250561,0.0440366,0.0600485,0.0760506,0.0950333,0.235656,0.105503841645,0.0231835478199106,0.0474348370428166,0.0602740735747743,0.0636160228028577,0.0816594413168833,0.106121583206601,0.112561633710027,0.119111496484267,0.111320649592376,0.108622294472851,0.0720768528004168,0.0964101626950644,0.117895496617976,0.198346712861057,0.261052910725717,0.319506371801653,0.383947100124375,1,0.976816452180089,0.952565162957183,0.939725926425226,0.936383977197142,0.918340558683117,0.893878416793399,0.887438366289973,0.880888503515733,0.888679350407624,0.891377705527149,0.927923147199583,0.903589837304936,0.882104503382024,0.801653287138943,0.738947089274283,0.680493628198347,0.616052899875625,0,100000,2318.35478199106,97926.2405538051,4122782.27104607,41.2278227104607,2023,"Males","GMoH report",32.0120172895393
0,1,0.0244763,0.0139918,0.0136046,0.0142278,0.0183311,0.0250926,0.0261255,0.0303619,0.0264012,0.0243356,0.0163944,0.0214801,0.0260527,0.0539649,0.0679781,0.0894199,0.104629,0.245637,0.108117878023,0.023953397936677,0.0544436701130252,0.0657855352672577,0.0686955341964011,0.0876391929741776,0.118057100970471,0.122618805962093,0.141099386353671,0.123832672140698,0.114699780079729,0.0787445748549933,0.101926994892523,0.122298016184383,0.237749218056286,0.290518295621098,0.365411786484366,0.414676921064782,1,0.976046602063323,0.945556329886975,0.934214464732742,0.931304465803599,0.912360807025822,0.881942899029529,0.877381194037907,0.858900613646329,0.876167327859303,0.885300219920271,0.921255425145007,0.898073005107477,0.877701983815617,0.762250781943714,0.709481704378901,0.634588213515634,0.585323078935218,0,100000,2395.33979366769,97863.6392619677,3888599.98200241,38.8859998200241,2023,"Males","GMoH report",34.3538401799759
0,1,0.0229827,0.0118025,0.0119871,0.0125131,0.0166202,0.0217105,0.0224486,0.0250102,0.0233014,0.0204441,0.0150643,0.0198051,0.0234111,0.0415763,0.0588553,0.0736978,0.0921749,0.237752,0.103429171285,0.0225186884982715,0.0461213065586823,0.0581916278446582,0.0606676491001134,0.0797858577188528,0.102964000184961,0.106278491631881,0.117692234209908,0.110093659033492,0.0972500268168824,0.0725877894099782,0.0943537846491145,0.110583307806527,0.188308566379129,0.256530980463776,0.311159562066786,0.374561563379197,1,0.977481311501728,0.953878693441318,0.941808372155342,0.939332350899887,0.920214142281147,0.897035999815039,0.893721508368119,0.882307765790092,0.889906340966508,0.902749973183118,0.927412210590022,0.905646215350885,0.889416692193473,0.811691433620871,0.743469019536224,0.688840437933214,0.625438436620803,0,100000,2251.86884982715,97981.040079153,4205242.58101353,42.0524258101353,2023,"Males","GMoH report",31.1874141898647
0,1,0.023036,0.0103293,0.0120621,0.0123069,0.0158051,0.0224875,0.0226714,0.024329,0.0221106,0.0219345,0.0146804,0.0187901,0.023645,0.0442391,0.0579619,0.0784335,0.0931555,0.239038,0.10342219756,0.0225698520649654,0.040480920848558,0.0585450591063823,0.0596977639714494,0.076021674577825,0.106452853634723,0.107276716617211,0.11467045617905,0.104762116848049,0.103971113999922,0.0708034428441759,0.0897351680471912,0.111626479717688,0.199167970581608,0.253129790928023,0.327876287927162,0.377793616820658,1,0.977430147935035,0.959519079151442,0.941454940893618,0.940302236028551,0.923978325422175,0.893547146365277,0.892723283382789,0.88532954382095,0.895237883151951,0.896028886000078,0.929196557155824,0.910264831952809,0.888373520282312,0.800832029418392,0.746870209071977,0.672123712072838,0.622206383179342,0,100000,2256.98520649654,97976.4371634197,4232630.57427004,42.3263057427004,2023,"Males","GMoH report",30.9135342572996
0,1,0.0229628,0.0118524,0.0134113,0.0128056,0.0170841,0.0229471,0.0235301,0.0275569,0.0249688,0.022336,0.0152895,0.020165,0.0250204,0.0477001,0.0594153,0.0817377,0.0963633,0.23705,0.10346888074,0.022499603700886,0.0463117883202267,0.0648811486284966,0.0620417940066705,0.0819216076565853,0.108510496939215,0.111114180550568,0.128904012541956,0.117508861827033,0.105773602060918,0.0736329716980564,0.0959861006985351,0.117737407427973,0.213089521311253,0.258656165782898,0.339345249499883,0.388277296085347,1,0.977500396299114,0.953688211679773,0.935118851371503,0.93795820599333,0.918078392343415,0.891489503060785,0.888885819449432,0.871095987458044,0.882491138172967,0.894226397939082,0.926367028301944,0.904013899301465,0.882262592572027,0.786910478688747,0.741343834217102,0.660654750500117,0.611722703914653,0,100000,2249.96037008859,97982.8405111138,4082044.17094122,40.8204417094122,2023,"Males","GMoH report",32.4193982905878
0,1,0.0246375,0.012598,0.0132223,0.0133094,0.0176687,0.0236154,0.0258001,0.0276158,0.0248402,0.0222761,0.0149377,0.0208472,0.0257634,0.0458075,0.0594781,0.0793284,0.0953821,0.240062,0.108643423875,0.0241080676057162,0.0491535277156758,0.0639960621679904,0.0644040517829984,0.0846062920204459,0.11149453017997,0.121184095541546,0.129161738177121,0.116939027898019,0.10550490543983,0.0719997242959606,0.0990725374910419,0.121022145163253,0.205503496464281,0.258894167099585,0.330998121538386,0.3850849677451,1,0.975891932394284,0.950846472284324,0.93600393783201,0.935595948217002,0.915393707979554,0.88850546982003,0.878815904458454,0.870838261822879,0.883060972101981,0.894495094560171,0.928000275704039,0.900927462508958,0.878977854836747,0.794496503535719,0.741105832900415,0.669001878461614,0.6149150322549,0,100000,2410.80676057162,97851.1115401979,4027463.3568501,40.274633568501,2023,"Males","GMoH report",32.965206431499
0,1,0.0247086,0.0126795,0.0140064,0.0139211,0.0188462,0.0252782,0.025777,0.0302803,0.0267976,0.0227071,0.0162188,0.0207498,0.0244413,0.0493393,0.0629678,0.0864861,0.0998421,0.248241,0.108875224806,0.0241762759819878,0.0494636512675073,0.0676627221221701,0.0672645100720886,0.0899910277328528,0.118878418879689,0.121082162728377,0.140746857339274,0.125575214106171,0.107436567779439,0.0779340097083553,0.0986324889518664,0.115169282536831,0.219608211433988,0.272018053955372,0.355554249134765,0.399494560382169,1,0.975823724018012,0.950536348732493,0.93233727787783,0.932735489927911,0.910008972267147,0.881121581120311,0.878917837271623,0.859253142660726,0.874424785893829,0.892563432220561,0.922065990291645,0.901367511048134,0.884830717463169,0.780391788566012,0.727981946044628,0.644445750865235,0.600505439617831,0,100000,2417.62759819879,97845.5921500523,3924103.50908956,39.2410350908956,2023,"Males","GMoH report",33.9988049091044
0,1,0.0236697,0.0119357,0.0129665,0.0126312,0.0178804,0.0218349,0.0246316,0.0274,0.0234641,0.0224642,0.0155434,0.0207438,0.0235263,0.0447865,0.0616168,0.0788632,0.0941179,0.240073,0.105488192637,0.0231789364095968,0.0466296841576003,0.0627968612466144,0.0612227092861616,0.0855766386746064,0.103523440094691,0.11601397540833,0.12821712681329,0.110819783778601,0.106348419582062,0.0748099957790209,0.098605374577118,0.111097232922725,0.201384259639175,0.266960821183285,0.329376740580608,0.380953209750143,1,0.976821063590403,0.9533703158424,0.937203138753386,0.938777290713838,0.914423361325394,0.896476559905309,0.88398602459167,0.87178287318671,0.889180216221399,0.893651580417938,0.925190004220979,0.901394625422882,0.888902767077275,0.798615740360825,0.733039178816715,0.670623259419392,0.619046790249857,0,100000,2317.89364095969,97926.6167699499,4094849.05800581,40.9484905800581,2023,"Males","GMoH report",32.2913494199419
0,1,0.0239367,0.0121907,0.0124883,0.0132197,0.0173345,0.0230162,0.0236716,0.026396,0.0247083,0.0217411,0.0153262,0.0199944,0.0253124,0.0443139,0.0593467,0.0857795,0.0971314,0.244156,0.106358668707,0.0234353975255044,0.0476021919179712,0.0605510507813191,0.063983880729791,0.0830724514747762,0.108819473107649,0.111745040262316,0.123809791836696,0.116354212997486,0.103101642216042,0.0738031937306146,0.0952126980740695,0.119029682652093,0.199471139660497,0.258396109082747,0.353162288651538,0.39076751136621,1,0.976564602474496,0.952397808082029,0.939448949218681,0.936016119270209,0.916927548525224,0.891180526892351,0.888254959737684,0.876190208163304,0.883645787002514,0.896898357783958,0.926196806269385,0.90478730192593,0.880970317347907,0.800528860339503,0.741603890917253,0.646837711348462,0.60923248863379,0,100000,2343.53975255044,97905.7160155928,4092802.60188274,40.9280260188274,2023,"Males","GMoH report",32.3118139811726
0,1,0.0236497,0.0113947,0.0130136,0.0139695,0.0176904,0.0237129,0.0246018,0.0264398,0.0243879,0.0219611,0.0155994,0.0201808,0.0250219,0.0446699,0.0617806,0.0794318,0.0941146,0.231196,0.105422988437,0.0231597218552333,0.0445632307100562,0.0630177795598014,0.0674904793710648,0.0847058012345986,0.111929091608964,0.115881750854565,0.124002496952677,0.114932117527385,0.104090637738882,0.0750694057787379,0.0960576970675481,0.117744050365405,0.20091263204458,0.267575554278374,0.331358078458709,0.380942396763828,1,0.976840278144767,0.955436769289944,0.936982220440199,0.932509520628935,0.915294198765401,0.888070908391036,0.884118249145435,0.875997503047323,0.885067882472615,0.895909362261118,0.924930594221262,0.903942302932452,0.882255949634595,0.79908736795542,0.732424445721626,0.668641921541291,0.619057603236172,0,100000,2315.97218552334,97928.1845234115,4068138.62896249,40.6813862896249,2023,"Males","GMoH report",32.5584537103751
0,1,0.024687,0.0129796,0.0129074,0.0139853,0.0174847,0.0239068,0.0258927,0.0279601,0.0254319,0.0241966,0.0162501,0.0199868,0.025459,0.0500226,0.0641361,0.0805761,0.0940617,0.237362,0.10880480427,0.0241555551813153,0.0506047413971238,0.062519586716053,0.0675642347687225,0.0837621115216917,0.112792717644539,0.121592598323474,0.130666854223092,0.119558030321657,0.114082008200914,0.0780785398009514,0.0951782294110196,0.119677806792194,0.222311501689026,0.276367643025397,0.335331282600196,0.38076904159946,1,0.975844444818685,0.949395258602876,0.937480413283947,0.932435765231278,0.916237888478308,0.887207282355461,0.878407401676526,0.869333145776908,0.880441969678343,0.885917991799086,0.921921460199049,0.90482177058898,0.880322193207806,0.777688498310974,0.723632356974603,0.664668717399804,0.61923095840054,0,100000,2415.55551813153,97847.2685272221,3987056.46544258,39.8705646544258,2023,"Males","GMoH report",33.3692753455742
0,1,0.0238428,0.012126,0.0126975,0.0139558,0.016768,0.0234701,0.0243116,0.0272885,0.0240121,0.0229162,0.0155492,0.0209556,0.0246999,0.046775,0.0558648,0.0809602,0.0962397,0.234268,0.106052534988,0.0233452151669899,0.0473555335991533,0.0615341745467322,0.0674265223485213,0.0804668304668305,0.110846550913512,0.114593143340884,0.127728689164347,0.113261390417868,0.108372296923126,0.0748368664889741,0.0995620440730566,0.116316956985391,0.20938951373734,0.245093720769842,0.33666070498141,0.387875859186599,1,0.97665478483301,0.952644466400847,0.938465825453268,0.932573477651479,0.91953316953317,0.889153449086488,0.885406856659116,0.872271310835653,0.886738609582132,0.891627703076874,0.925163133511026,0.900437955926943,0.883683043014609,0.79061048626266,0.754906279230158,0.66333929501859,0.612124140813401,0,100000,2334.52151669898,97913.060408131,4068913.34452135,40.6891334452135,2023,"Males","GMoH report",32.5507065547866
0,1,0.0245752,0.0118075,0.0134947,0.0139049,0.0185872,0.0242648,0.0246771,0.0292356,0.0254586,0.0238705,0.0153339,0.0210859,0.0255298,0.0493891,0.0628225,0.085978,0.0980871,0.24535,0.108440312792,0.0240482956469318,0.0461403945819473,0.0652714532979504,0.0671888639153583,0.0888092134685437,0.114385166999478,0.116215826094696,0.136221692702096,0.119676038984757,0.112631098413313,0.0738389040721213,0.100150111889284,0.119990656353562,0.219805509301405,0.271475565686629,0.353834947260987,0.393855211267266,1,0.975951704353068,0.953859605418053,0.93472854670205,0.932811136084642,0.911190786531456,0.885614833000522,0.883784173905304,0.863778307297904,0.880323961015243,0.887368901586687,0.926161095927879,0.899849888110716,0.880009343646438,0.780194490698595,0.728524434313371,0.646165052739013,0.606144788732734,0,100000,2404.82956469318,97855.9509055136,3979648.34908327,39.7964834908327,2023,"Males","GMoH report",33.4433565091673
0,1,0.0233322,0.0122962,0.0134131,0.0140095,0.0178035,0.0243056,0.0247025,0.0282089,0.0249467,0.0236842,0.0160447,0.0207749,0.0253908,0.0470195,0.0612564,0.0854925,0.0947979,0.236028,0.104387871762,0.0228546161974914,0.0480042600355029,0.0648895741329919,0.0676771909823325,0.0852242740905713,0.114566482271269,0.116328488765665,0.131752983181807,0.117410960009808,0.111801195324253,0.0771296930353878,0.098745909035924,0.119376347584386,0.210368898895909,0.265606721120834,0.352188756777911,0.383178263286889,1,0.977145383802509,0.951995739964497,0.935110425867008,0.932322809017668,0.914775725909429,0.885433517728731,0.883671511234335,0.868247016818193,0.882589039990192,0.888198804675747,0.922870306964612,0.901254090964076,0.880623652415614,0.789631101104091,0.734393278879166,0.647811243222089,0.616821736713111,0,100000,2285.46161974914,97953.1128547302,4003010.66888582,40.0301066888582,2023,"Males","GMoH report",33.2097333111418
0,1,0.0235925,0.0122884,0.013179,0.0129281,0.0177025,0.0240001,0.0265737,0.0276082,0.0252715,0.0226537,0.0146878,0.0215912,0.0241662,0.0477698,0.0619153,0.0782299,0.0993142,0.235516,0.105236504425,0.0231047651594054,0.0479745393415115,0.063793174386888,0.0626167122072826,0.0847612834493449,0.113207992167926,0.124591366040616,0.129128487246035,0.11884878248366,0.107197452666332,0.0708378688738854,0.102427185387171,0.11394684442089,0.21336767240667,0.268080749869078,0.32716440356406,0.397802425807237,1,0.976895234840595,0.952025460658488,0.936206825613112,0.937383287792717,0.915238716550655,0.886792007832074,0.875408633959384,0.870871512753965,0.88115121751634,0.892802547333668,0.929162131126115,0.897572814612829,0.88605315557911,0.78663232759333,0.731919250130922,0.67283559643594,0.602197574192763,0,100000,2310.47651594054,97932.6699561531,4023677.01912703,40.2367701912703,2023,"Males","GMoH report",33.0030698087297
0,1,0.0235456,0.0110312,0.0126251,0.0127871,0.0169672,0.0232173,0.0229347,0.027764,0.0238931,0.0220047,0.0158061,0.020786,0.024983,0.0446109,0.0577241,0.0831087,0.10031,0.23831,0.105083600576,0.0230597011150839,0.0431723151150067,0.0611940475749052,0.061954939967843,0.081383859449856,0.109718104623795,0.108455040458964,0.129809895175845,0.112731724106856,0.104286516240222,0.0760263016824429,0.0987960626066457,0.117571761693997,0.20067389261037,0.252222244797685,0.344057972874428,0.400991385341088,1,0.976940298884916,0.956827684884993,0.938805952425095,0.938045060032157,0.918616140550144,0.890281895376205,0.891544959541036,0.870190104824155,0.887268275893144,0.895713483759778,0.923973698317557,0.901203937393354,0.882428238306003,0.79932610738963,0.747777755202315,0.655942027125572,0.599008614658912,0,100000,2305.97011150839,97936.3495306296,4117471.95717369,41.1747195717369,2023,"Males","GMoH report",32.0651204282631
0,1,0.0245318,0.0129472,0.0140317,0.013843,0.0189447,0.024349,0.0250057,0.0281328,0.026018,0.0257948,0.0167343,0.0217951,0.0264993,0.0457401,0.0675137,0.0883353,0.103769,0.243752,0.108298819678,0.0240066536116422,0.0504816090233069,0.0677808003590063,0.0668997663365093,0.0904400986574123,0.114759313678128,0.117672304159685,0.131420904915484,0.122145073682333,0.121160709336986,0.0803116038204679,0.103344491199637,0.124264213329307,0.205232152099396,0.288820199279722,0.361781341631457,0.411970565874439,1,0.975993346388358,0.949518390976693,0.932219199640994,0.933100233663491,0.909559901342588,0.885240686321872,0.882327695840315,0.868579095084516,0.877854926317667,0.878839290663014,0.919688396179532,0.896655508800363,0.875735786670693,0.794767847900604,0.711179800720278,0.638218658368543,0.588029434125561,0,100000,2400.66536116423,97859.3238638917,3932035.63296606,39.3203563296606,2023,"Males","GMoH report",33.9194836703394
0,1,0.0248878,0.0134103,0.0141964,0.0149089,0.0198863,0.0272146,0.0267594,0.0313686,0.0280726,0.0270251,0.0171008,0.0221868,0.0261303,0.0521947,0.0701721,0.0931446,0.10959,0.244119,0.109459454438,0.0243481573027921,0.0522400894567172,0.0685491230730156,0.0718658963449567,0.0947223093489833,0.127404821838954,0.125407430978673,0.145437567778461,0.131158125981434,0.126573824348967,0.0819984042226723,0.105104186109087,0.122639953084772,0.230850560610286,0.298495380733991,0.377757761111041,0.430110480974901,1,0.975651842697208,0.947759910543283,0.931450876926984,0.928134103655043,0.905277690651017,0.872595178161046,0.874592569021327,0.854562432221539,0.868841874018566,0.873426175651033,0.918001595777328,0.894895813890913,0.877360046915228,0.769149439389714,0.701504619266009,0.622242238888959,0.569889519025099,0,100000,2434.81573027921,97831.6978712142,3798653.35046042,37.9865335046042,2023,"Males","GMoH report",35.2533064953958
0,1,0.0229693,0.0111831,0.0117915,0.0123812,0.0161636,0.0223497,0.0218966,0.0246995,0.0233128,0.0215476,0.0145469,0.0199913,0.0241792,0.0442015,0.0542042,0.0728304,0.0930565,0.231613,0.103455910315,0.0225058375096394,0.043753793894986,0.0572692734065662,0.0600473542440829,0.0776790665978476,0.105835046171455,0.103800789103302,0.116315182852817,0.110144555042985,0.102230922439127,0.0701821675665648,0.095198638638467,0.11400464709255,0.19901553686784,0.238677669647264,0.308061410603041,0.377467896681212,1,0.977494162490361,0.956246206105014,0.942730726593434,0.939952645755917,0.922320933402152,0.894164953828545,0.896199210896698,0.883684817147183,0.889855444957015,0.897769077560873,0.929817832433435,0.904801361361533,0.88599535290745,0.80098446313216,0.761322330352736,0.691938589396959,0.622532103318788,0,100000,2250.58375096394,97982.2524397322,4222405.34786542,42.2240534786542,2023,"Males","GMoH report",31.0157865213458
0,1,0.0241407,0.0127209,0.0124407,0.0137475,0.0183005,0.0248058,0.0260679,0.0279984,0.0249989,0.0236692,0.0163141,0.0218382,0.0241284,0.0479891,0.060678,0.0776564,0.101,0.2435,0.107023751547,0.0236312788274569,0.0496211486600215,0.06032721794915,0.0664535737376057,0.0874992977536484,0.116786541050052,0.122365003324587,0.130834133959379,0.117642186838601,0.111734343681344,0.0783739969412518,0.103538276049917,0.113778751906262,0.214242266162279,0.263429119688807,0.325155907049503,0.403193612774451,1,0.976368721172543,0.950378851339979,0.93967278205085,0.933546426262394,0.912500702246352,0.883213458949948,0.877634996675413,0.869165866040621,0.882357813161399,0.888265656318656,0.921626003058748,0.896461723950083,0.886221248093738,0.785757733837721,0.736570880311193,0.674844092950498,0.596806387225549,0,100000,2363.12788274568,97889.7829286511,3990667.78460476,39.9066778460476,2023,"Males","GMoH report",33.3331621539524
0,1,0.023773,0.0110225,0.0121171,0.0124834,0.0163341,0.0222352,0.0222606,0.0245126,0.0237863,0.0198959,0.0144055,0.0194409,0.0237437,0.0409329,0.056702,0.079284,0.0986119,0.234173,0.10582497233,0.0232781707352138,0.0431390007289307,0.0588041602738639,0.0605280115514952,0.0784663086689272,0.105321394331879,0.10543536384877,0.115485853658996,0.112256106438552,0.0947658693499984,0.0695236911672263,0.0926991144640401,0.112066326885804,0.185664984400121,0.248310714645436,0.330843508233114,0.395545714011238,1,0.976721829264786,0.956860999271069,0.941195839726136,0.939471988448505,0.921533691331073,0.894678605668121,0.89456463615123,0.884514146341004,0.887743893561448,0.905234130650002,0.930476308832774,0.90730088553596,0.887933673114196,0.814335015599879,0.751689285354564,0.669156491766886,0.604454285988762,0,100000,2327.81707352138,97918.5241038733,4217891.97249663,42.1789197249663,2023,"Males","GMoH report",31.0609202750337
0,1,0.0253551,0.013229,0.0145747,0.0152421,0.0193787,0.0252528,0.0259509,0.0310139,0.026772,0.0251849,0.016595,0.0220487,0.0265081,0.0526008,0.0669145,0.0905403,0.100523,0.236041,0.110982950571,0.0247961667247904,0.0515520362255445,0.0703115747294758,0.0734130763715914,0.0924162338239877,0.118766061034754,0.121849255395399,0.143911368055647,0.125462776377082,0.118465636949948,0.0796697031889485,0.104484150762696,0.124302914762932,0.232437945315165,0.286624210642419,0.36914520580674,0.401671851243599,1,0.97520383327521,0.948447963774456,0.929688425270524,0.926586923628409,0.907583766176012,0.881233938965246,0.878150744604601,0.856088631944353,0.874537223622918,0.881534363050052,0.920330296811051,0.895515849237304,0.875697085237068,0.767562054684835,0.713375789357581,0.63085479419326,0.598328148756401,0,100000,2479.61667247905,97795.5785021177,3844917.59945881,38.4491759945881,2023,"Males","GMoH report",34.7906640054119
0,1,0.0243629,0.0139906,0.0144612,0.0151418,0.0206922,0.0261446,0.0265375,0.0333206,0.0282886,0.0259846,0.0165138,0.0216336,0.025131,0.0532635,0.0671088,0.0923892,0.106806,0.243337,0.107748170209,0.0238445704916152,0.0544391278751012,0.0697831304836255,0.0729476048906663,0.0983721590274315,0.122702951064028,0.124432201154646,0.153791903731325,0.132100644285185,0.12199783748051,0.079295331871357,0.102618007673013,0.11822708765063,0.235022233204306,0.287336911657413,0.375268994527094,0.421486722730197,1,0.976155429508385,0.945560872124899,0.930216869516375,0.927052395109334,0.901627840972569,0.877297048935971,0.875567798845354,0.846208096268675,0.867899355714815,0.87800216251949,0.920704668128643,0.897381992326987,0.88177291234937,0.764977766795694,0.712663088342588,0.624731005472906,0.578513277269803,0,100000,2384.45704916153,97872.4638348276,3785880.49913056,37.8588049913056,2023,"Males","GMoH report",35.3810350086944
0,1,0.0233644,0.0115458,0.0119471,0.0120198,0.016346,0.0217683,0.0239291,0.0254777,0.0234615,0.0209452,0.0149299,0.0191851,0.0232601,0.0431575,0.0571258,0.0767882,0.0918308,0.230595,0.104492850524,0.022885565602838,0.0451408261000286,0.0580030785506197,0.0583457396950341,0.0785212299385607,0.103223973921226,0.11289199066542,0.119760448079888,0.110808184451243,0.099515091275539,0.0719634810602948,0.0915352191669026,0.109909249655236,0.194772738811822,0.249934700688519,0.322106125948587,0.373424356506343,1,0.977114434397162,0.954859173899971,0.94199692144938,0.941654260304966,0.921478770061439,0.896776026078774,0.88710800933458,0.880239551920112,0.889191815548757,0.900484908724461,0.928036518939705,0.908464780833097,0.890090750344764,0.805227261188178,0.750065299311481,0.677893874051413,0.626575643493657,0,100000,2288.5565602838,97950.5812382857,4198524.14688661,41.9852414688661,2023,"Males","GMoH report",31.2545985311339
0,1,0.023718,0.0121373,0.0127921,0.0137803,0.0184805,0.0235617,0.0256154,0.0292321,0.0255133,0.0217979,0.017435,0.0203015,0.024294,0.0465538,0.0613699,0.0803965,0.100599,0.233705,0.10564566078,0.0232253372661562,0.0473986175191692,0.0619784148000894,0.0666068442601062,0.0883219170307816,0.11125510167704,0.120368764852024,0.136206495273769,0.119917755802228,0.103357081673474,0.0835339633715429,0.0966044613212182,0.114514935398568,0.208502536536471,0.266033393162406,0.334708933141686,0.401914506421307,1,0.976774662733844,0.952601382480831,0.938021585199911,0.933393155739894,0.911678082969218,0.88874489832296,0.879631235147976,0.863793504726231,0.880082244197772,0.896642918326526,0.916466036628457,0.903395538678782,0.885485064601432,0.791497463463529,0.733966606837594,0.665291066858314,0.598085493578693,0,100000,2322.53372661561,97922.8318836165,4007742.36986304,40.0774236986304,2023,"Males","GMoH report",33.1624163013696
0,1,0.0247442,0.0130885,0.013814,0.0145773,0.0189275,0.0252115,0.025921,0.0296783,0.0285908,0.0237735,0.016045,0.0216498,0.0257507,0.0478087,0.0661503,0.0835579,0.104235,0.2437,0.108991288282,0.0242104255391336,0.051018489013104,0.0667642950697656,0.0703236766701891,0.0903616974297462,0.118583340290655,0.12171740768828,0.138141954108457,0.133417702853164,0.112199087484234,0.0771310795707195,0.102690906055215,0.12096609588663,0.213522872601627,0.283815327374025,0.345596256415209,0.413438178627029,1,0.975789574460866,0.948981510986896,0.933235704930234,0.929676323329811,0.909638302570254,0.881416659709345,0.87828259231172,0.861858045891543,0.866582297146836,0.887800912515766,0.92286892042928,0.897309093944785,0.87903390411337,0.786477127398373,0.716184672625975,0.654403743584791,0.586561821372971,0,100000,2421.04255391337,97842.8299930232,3895036.72843339,38.9503672843339,2023,"Males","GMoH report",34.2894727156661
0,1,0.0235028,0.0112454,0.0119285,0.012018,0.0171594,0.0230071,0.0227832,0.0249226,0.0220145,0.0201671,0.0148253,0.0200636,0.024568,0.0462635,0.0557048,0.0756087,0.0973723,0.229154,0.104944063588,0.0230185738982867,0.0439921806631414,0.0579153906563882,0.0583372571101263,0.0822678333509924,0.108778788819384,0.107777224828233,0.117304186691882,0.104330538405671,0.0959956169819103,0.0714773182831423,0.0955264869415012,0.115731755572723,0.207337144982729,0.244477565301046,0.317944982923988,0.391546935766226,1,0.976981426101713,0.956007819336859,0.942084609343612,0.941662742889874,0.917732166649008,0.891221211180616,0.892222775171767,0.882695813308118,0.895669461594329,0.90400438301809,0.928522681716858,0.904473513058499,0.884268244427277,0.792662855017271,0.755522434698954,0.682055017076012,0.608453064233774,0,100000,2301.85738982867,97939.70887846,4197368.98087856,41.9736898087856,2023,"Males","GMoH report",31.2661501912144
0,1,0.0239459,0.0118086,0.0123456,0.0134282,0.0165784,0.0228879,0.0247324,0.0265892,0.0235922,0.0219793,0.014817,0.0195562,0.0251425,0.044754,0.0579837,0.0794495,0.0976471,0.236234,0.106388662639,0.0234442326270253,0.0461445938970154,0.0598798677614118,0.0649602518647736,0.0795931810194671,0.108245707668628,0.116461094091244,0.124659508492011,0.111391097380924,0.104172408457003,0.0714387308138287,0.0932232678244297,0.118277989144816,0.201252827405712,0.253212941857974,0.331419680279153,0.392435121193311,1,0.976555767372975,0.953855406102985,0.940120132238588,0.935039748135226,0.920406818980533,0.891754292331372,0.883538905908756,0.875340491507989,0.888608902619076,0.895827591542998,0.928561269186171,0.90677673217557,0.881722010855184,0.798747172594288,0.746787058142026,0.668580319720847,0.607564878806689,0,100000,2344.42326270253,97904.9967928761,4112700.34010116,41.1270034010116,2023,"Males","GMoH report",32.1128365989884
0,1,0.0247078,0.012718,0.0130067,0.0131437,0.0165841,0.0241516,0.0232819,0.0281042,0.0241967,0.0223588,0.01598,0.0208413,0.0248829,0.0500261,0.0567965,0.0821061,0.0956447,0.226001,0.108872616638,0.0241755085563038,0.0496101170624008,0.0629854188806138,0.0636277401785384,0.0796194573916767,0.113881923350047,0.110006593714496,0.131296072311367,0.114082452786644,0.105875857209557,0.0768306168565796,0.0990458873689441,0.117128272283963,0.222325327353236,0.248673096225562,0.340614234086646,0.385940573963567,1,0.975824491443696,0.950389882937599,0.937014581119386,0.936372259821462,0.920380542608323,0.886118076649953,0.889993406285504,0.868703927688633,0.885917547213356,0.894124142790443,0.92316938314342,0.900954112631056,0.882871727716037,0.777674672646764,0.751326903774438,0.659385765913354,0.614059426036433,0,100000,2417.55085563038,97845.6542318775,4055768.12382781,40.5576812382781,2023,"Males","GMoH report",32.6821587617219
0,1,0.0243361,0.0116416,0.0124809,0.012822,0.0171484,0.0230455,0.0237653,0.0262718,0.0241844,0.0223581,0.0151986,0.0211326,0.0252595,0.0461267,0.0595655,0.0834931,0.099233,0.236223,0.107660796581,0.0238188485489516,0.0455068547983589,0.0605162566315192,0.062118782429231,0.082217263688414,0.108950455683845,0.112162557906464,0.123263138682878,0.114027767169184,0.10587271796137,0.0732112295176333,0.100360788977154,0.118795700037271,0.206787444015344,0.259225289974987,0.345374525510292,0.397541829165941,1,0.976181151451048,0.954493145201641,0.939483743368481,0.937881217570769,0.917782736311586,0.891049544316155,0.887837442093536,0.876736861317122,0.885972232830816,0.89412728203863,0.926788770482367,0.899639211022846,0.881204299962729,0.793212555984656,0.740774710025013,0.654625474489708,0.60245817083406,0,100000,2381.88485489516,97874.5507659471,4103405.05658474,41.0340505658474,2023,"Males","GMoH report",32.2057894341526
0,1,0.0230982,0.0114479,0.0128726,0.0129289,0.0175677,0.0227931,0.024587,0.026959,0.0238699,0.0213509,0.0160547,0.0210412,0.0245712,0.0454479,0.0571386,0.0780029,0.0955411,0.238792,0.103624982622,0.0226296608063658,0.0447666321437628,0.0623562813323044,0.0626204656540145,0.0841430024400834,0.107821532565219,0.115816075386199,0.126283788373122,0.112628426788503,0.101344983480515,0.0771759098022448,0.0999484135994292,0.115745957332951,0.204054840083431,0.249983702973234,0.326369986458241,0.385603131607045,1,0.977370339193634,0.955233367856237,0.937643718667696,0.937379534345985,0.915856997559917,0.892178467434781,0.884183924613801,0.873716211626878,0.887371573211497,0.898655016519485,0.922824090197755,0.900051586400571,0.884254042667049,0.795945159916569,0.750016297026766,0.673630013541759,0.614396868392955,0,100000,2262.96608063659,97971.5337401436,4100581.84530773,41.0058184530773,2023,"Males","GMoH report",32.2340215469227
0,1,0.0234113,0.0115629,0.0124259,0.012614,0.0164096,0.0215352,0.0229483,0.0261578,0.0236565,0.022734,0.0154417,0.0191406,0.023999,0.0438089,0.0581701,0.0799394,0.0948426,0.228939,0.104645754373,0.0229306414942918,0.0452061711277342,0.0602576123371495,0.0611418904835997,0.0788147055207181,0.102175097121189,0.108515863522799,0.122761099292328,0.111677738922925,0.107556998017666,0.0743387098598913,0.0913325981782724,0.113203097177116,0.197422359037865,0.253923597371369,0.333122890098208,0.383324313630233,1,0.977069358505708,0.954793828872266,0.93974238766285,0.9388581095164,0.921185294479282,0.897824902878811,0.891484136477201,0.877238900707672,0.888322261077075,0.892443001982334,0.925661290140109,0.908667401821728,0.886796902822884,0.802577640962135,0.746076402628631,0.666877109901792,0.616675686369767,0,100000,2293.06414942918,97946.8952783135,4166546.28786807,41.6654628786807,2023,"Males","GMoH report",31.5743771213193
0,1,0.0249124,0.0123449,0.0137882,0.0147511,0.0185483,0.0247238,0.0258588,0.0282942,0.025611,0.0239604,0.0172325,0.0204062,0.0249114,0.049899,0.0653534,0.0812859,0.0992104,0.24541,0.109539655604,0.0243717491972801,0.0481898033922071,0.0666437563951799,0.0711323007943801,0.0886315868443379,0.116422955341801,0.121443069862593,0.132125067301869,0.120349333076448,0.113031311414934,0.0826038240069985,0.0970784921820848,0.117254561774525,0.221823120300334,0.280876426389063,0.337786334484347,0.397469283492491,1,0.97562825080272,0.951810196607793,0.93335624360482,0.92886769920562,0.911368413155662,0.883577044658199,0.878556930137407,0.867874932698131,0.879650666923552,0.886968688585066,0.917396175993001,0.902921507817915,0.882745438225475,0.778176879699666,0.719123573610937,0.662213665515653,0.602530716507509,0,100000,2437.17491972802,97829.7923816257,3939860.14793066,39.3986014793066,2023,"Males","GMoH report",33.8412385206934
0,1,0.0247708,0.0127671,0.0132026,0.0136438,0.018649,0.024323,0.0259079,0.0292165,0.0264081,0.0235265,0.0161962,0.0210913,0.025443,0.0460111,0.0614433,0.0870862,0.098052,0.249002,0.109078009868,0.0242359406506733,0.0497968765936816,0.0639037605281283,0.0659688359888387,0.0890913390453578,0.114643797295928,0.121659635803891,0.136138755150373,0.12386303168256,0.11109812491072,0.0778296390019899,0.100174475226631,0.119607091901853,0.206322667754233,0.26630920852031,0.357580239390892,0.393742018905656,1,0.975764059349327,0.950203123406318,0.936096239471872,0.934031164011161,0.910908660954642,0.885356202704072,0.878340364196109,0.863861244849627,0.87613696831744,0.88890187508928,0.92217036099801,0.899825524773369,0.880392908098147,0.793677332245767,0.73369079147969,0.642419760609108,0.606257981094344,0,100000,2423.59406506733,97840.7667522781,3959497.28371669,39.5949728371669,2023,"Males","GMoH report",33.6448671628331
0,1,0.0243552,0.012963,0.0136303,0.0137515,0.0185227,0.0247675,0.0263814,0.0292527,0.0263408,0.023814,0.016156,0.0215925,0.0247813,0.0470988,0.0622726,0.084673,0.10076,0.240793,0.107723066592,0.023837180333088,0.0505416570006024,0.0659057133870512,0.066472266565801,0.088514673158708,0.116616737391632,0.123745547999983,0.136295939431482,0.12356687420017,0.112379487227888,0.0776439604379127,0.102433036640832,0.116677923439662,0.210686318102397,0.26941938587751,0.349402586898796,0.402428308970365,1,0.976162819666912,0.949458342999398,0.934094286612949,0.933527733434199,0.911485326841292,0.883383262608368,0.876254452000017,0.863704060568518,0.87643312579983,0.887620512772112,0.922356039562087,0.897566963359168,0.883322076560338,0.789313681897603,0.73058061412249,0.650597413101204,0.597571691029635,0,100000,2383.7180333088,97873.0633831299,3940699.02243757,39.4069902243757,2023,"Males","GMoH report",33.8328497756243
0,1,0.0236159,0.0122704,0.0131337,0.0125243,0.0175876,0.0232614,0.0237717,0.0267504,0.0246904,0.0217224,0.0155372,0.0194346,0.0250926,0.0469945,0.0622961,0.0784129,0.0968652,0.226119,0.105312793339,0.0231272479941457,0.0479059496703304,0.0635808698249501,0.0607203018100994,0.0842343019763997,0.109915054857353,0.112191068917533,0.125367896550302,0.116274820433897,0.103017530015005,0.0747812710871614,0.0926704663849859,0.118057100970471,0.210268806439453,0.269507356865005,0.32780428788605,0.389905350586034,1,0.976872752005854,0.95209405032967,0.93641913017505,0.939279698189901,0.9157656980236,0.890084945142647,0.887808931082467,0.874632103449698,0.883725179566103,0.896982469984995,0.925218728912839,0.907329533615014,0.881942899029529,0.789731193560547,0.730492643134995,0.67219571211395,0.610094649413966,0,100000,2312.72479941457,97930.8347094362,4083617.13029385,40.8361713029385,2023,"Males","GMoH report",32.4036686970615
0,1,0.0233038,0.0120953,0.0118921,0.0135057,0.0173822,0.0227143,0.0251371,0.0261466,0.0241884,0.0206284,0.0152899,0.020698,0.0234644,0.0429488,0.0556162,0.0836336,0.0938993,0.233598,0.104295281798,0.0228273180041055,0.0472384729951632,0.05774376347592,0.0653229205788457,0.0832915251297252,0.107468803397472,0.11825408791658,0.122711761633203,0.114045551457796,0.0980837242563745,0.0736348271412332,0.0983983760322131,0.110821122153362,0.193922186943502,0.244136183041779,0.345855209398189,0.380236619084093,1,0.977172681995895,0.952761527004837,0.94225623652408,0.934677079421154,0.916708474870275,0.892531196602528,0.88174591208342,0.877288238366797,0.885954448542204,0.901916275743625,0.926365172858767,0.901601623967787,0.889178877846638,0.806077813056498,0.755863816958221,0.654144790601811,0.619763380915907,0,100000,2282.73180041055,97955.3463559825,4114777.43744894,41.1477743744894,2023,"Males","GMoH report",32.0920656255106
0,1,0.0231222,0.0124587,0.0130472,0.0131285,0.0180924,0.0238286,0.0248986,0.0284257,0.0241024,0.0224062,0.0164983,0.0214334,0.0262145,0.0489432,0.0593046,0.0799234,0.0969912,0.249881,0.103703227662,0.0226527366833625,0.048623235394384,0.0631753465463511,0.0635564963443577,0.0865473756518894,0.112444511767257,0.117197844379812,0.132698388542051,0.113663115323092,0.106088404952389,0.0792238527744291,0.101716665076854,0.123010831400621,0.2180373820118,0.25823647313787,0.333067318659603,0.390313550823435,1,0.977347263316638,0.951376764605616,0.936824653453649,0.936443503655642,0.913452624348111,0.887555488232743,0.882802155620188,0.867301611457949,0.886336884676908,0.893911595047611,0.920776147225571,0.898283334923146,0.876989168599379,0.7819626179882,0.74176352686213,0.666932681340397,0.609686449176565,0,100000,2265.27366833625,97969.642522608,4023798.86194621,40.2379886194621,2023,"Males","GMoH report",33.0018513805379
0,1,0.0238317,0.0130165,0.0138847,0.0143999,0.0196166,0.0255246,0.0257962,0.0305016,0.0279896,0.0244368,0.0153862,0.021557,0.0256962,0.050177,0.0648174,0.094645,0.105998,0.237993,0.106016346657,0.0233345538251726,0.0507449565462319,0.0670945313996869,0.0694976036432441,0.0934977310239871,0.119967682244458,0.121166886881564,0.141702609235366,0.130795701577795,0.115149299024024,0.074081421096801,0.102273239443302,0.120725531494056,0.222921206547647,0.278894034517641,0.382678486591394,0.418966082869893,1,0.976665446174827,0.949255043453768,0.932905468600313,0.930502396356756,0.906502268976013,0.880032317755542,0.878833113118436,0.858297390764634,0.869204298422205,0.884850700975976,0.925918578903199,0.897726760556698,0.879274468505944,0.777078793452353,0.721105965482359,0.617321513408606,0.581033917130107,0,100000,2333.45538251726,97913.9290322243,3881179.41039946,38.8117941039946,2023,"Males","GMoH report",34.4280458960054
0,1,0.0241519,0.0119955,0.0129163,0.013105,0.0171909,0.0237755,0.0250191,0.0270973,0.0251353,0.022893,0.014957,0.0209474,0.0236894,0.0436911,0.0598991,0.0793873,0.101481,0.243732,0.107060265899,0.0236420314306603,0.0468578337114291,0.0625613471785929,0.0634463393084083,0.082412631723271,0.112207996922899,0.117731650177604,0.126890523541123,0.118246120705573,0.10826852182467,0.0720893972146512,0.0995250237915711,0.111824369455549,0.196943774621578,0.260488007043284,0.331203183730566,0.404725203945912,1,0.97635796856934,0.953142166288571,0.937438652821407,0.936553660691592,0.917587368276729,0.887792003077101,0.882268349822396,0.873109476458877,0.881753879294427,0.89173147817533,0.927910602785349,0.900474976208429,0.888175630544451,0.803056225378422,0.739511992956716,0.668796816269434,0.595274796054088,0,100000,2364.20314306603,97888.9090740699,4061994.11693647,40.6199411693647,2023,"Males","GMoH report",32.6198988306353
0,1,0.0246695,0.0123932,0.0127553,0.0135461,0.0183323,0.0245456,0.0248931,0.027745,0.0253077,0.0223418,0.0161235,0.0209089,0.0237044,0.0496135,0.0634147,0.0878915,0.10188,0.243767,0.108747750595,0.0241387670276202,0.048373787942541,0.0618056267236302,0.0655119223709279,0.0876446786442261,0.115632337256587,0.117173472574631,0.129726823224117,0.119008896382548,0.105799615382612,0.0774938209449839,0.0993511897705181,0.111891214724228,0.22069399606551,0.27368445584484,0.360291171295257,0.405993464573205,1,0.97586123297238,0.951626212057459,0.93819437327637,0.934488077629072,0.912355321355774,0.884367662743413,0.882826527425369,0.870273176775883,0.880991103617452,0.894200384617388,0.922506179055016,0.900648810229482,0.888108785275772,0.77930600393449,0.72631554415516,0.639708828704743,0.594006535426795,0,100000,2413.87670276202,97848.626958877,4004380.37481313,40.0438037481313,2023,"Males","GMoH report",33.1960362518687
0,1,0.0231058,0.0118699,0.0120804,0.0127295,0.017002,0.0225604,0.0235063,0.0260055,0.0237529,0.0211863,0.0152957,0.0195224,0.0238139,0.0443924,0.0546791,0.0777112,0.0946949,0.238108,0.103649760218,0.0226369682547947,0.046378581745088,0.0586312768090887,0.0616844688833728,0.0815439734101995,0.106779527849746,0.111008029868741,0.12208997301678,0.112107315371765,0.100602987324137,0.0736617306656438,0.0930696430035679,0.112379041838883,0.199789195314771,0.240517323096663,0.325348034544721,0.382841626222546,1,0.977363031745205,0.953621418254912,0.941368723190911,0.938315531116627,0.918456026589801,0.893220472150254,0.888991970131259,0.87791002698322,0.887892684628235,0.899397012675863,0.926338269334356,0.906930356996432,0.887620958161117,0.800210804685229,0.759482676903337,0.674651965455279,0.617158373777454,0,100000,2263.69682547946,97970.9348076877,4154477.77915464,41.5447777915464,2023,"Males","GMoH report",31.6950622084536
0,1,0.0249356,0.0130403,0.0144465,0.0143786,0.0193835,0.0262365,0.0266606,0.0311277,0.0294621,0.0264698,0.0169379,0.0211857,0.027537,0.051769,0.0708096,0.0927523,0.100223,0.247568,0.109615292476,0.0243939977078762,0.050835382717498,0.0697146676350265,0.0693983714409962,0.0924380668290479,0.123107711329274,0.124973339464671,0.14440129919743,0.137204656708939,0.124134463917492,0.0812490301313457,0.100600281538523,0.128816921108582,0.229183498646432,0.300799304007395,0.376466228569608,0.400713281876283,1,0.975606002292124,0.949164617282502,0.930285332364974,0.930601628559004,0.907561933170952,0.876892288670726,0.87502666053533,0.85559870080257,0.862795343291061,0.875865536082508,0.918750969868654,0.899399718461477,0.871183078891418,0.770816501353568,0.699200695992605,0.623533771430392,0.599286718123717,0,100000,2439.39977078763,97827.9957485531,3821413.12186147,38.2141312186147,2023,"Males","GMoH report",35.0257087813853
0,1,0.0235116,0.0118176,0.013202,0.0127296,0.0174387,0.0238759,0.0237592,0.0267897,0.0246856,0.0221158,0.0152302,0.0195401,0.0234571,0.0440165,0.0598762,0.0878429,0.0960946,0.231365,0.104972753436,0.0230270301699699,0.0461789512513833,0.0639009491725597,0.0616849385166463,0.0835509501155499,0.112655142696247,0.112135382547447,0.125540517964703,0.116253529669949,0.104785464083552,0.0733578626988114,0.0931500945916731,0.110788554495839,0.198265154560698,0.260401386286135,0.360127819837083,0.387404337801702,1,0.97697296983003,0.953821048748617,0.93609905082744,0.938315061483354,0.91644904988445,0.887344857303753,0.887864617452553,0.874459482035297,0.883746470330051,0.895214535916448,0.926642137301189,0.906849905408327,0.889211445504161,0.801734845439302,0.739598613713865,0.639872180162917,0.612595662198298,0,100000,2302.70301699698,97939.0180590426,4085995.99419546,40.8599599419546,2023,"Males","GMoH report",32.3798800580454
0,1,0.0245985,0.0117881,0.0134929,0.013577,0.0175313,0.0240518,0.0243465,0.0278804,0.0252523,0.0243255,0.0161661,0.0200601,0.0239512,0.0471685,0.0588765,0.0798443,0.0981463,0.237554,0.108516275685,0.0240706507899329,0.0460663309678361,0.0652630311185513,0.0656564557506825,0.0839759797648703,0.113438028089964,0.114748206948802,0.13031865913933,0.118763849131445,0.114654905255517,0.0776906143965114,0.0955106185995766,0.112990363041784,0.210965217809394,0.256611528374192,0.332792532911196,0.394046086460945,1,0.975929349210067,0.953933669032164,0.934736968881449,0.934343544249318,0.91602402023513,0.886561971910035,0.885251793051197,0.86968134086067,0.881236150868555,0.885345094744483,0.922309385603489,0.904489381400423,0.887009636958216,0.789034782190606,0.743388471625808,0.667207467088804,0.605953913539055,0,100000,2407.06507899328,97854.1406587105,4026010.9529297,40.260109529297,2023,"Males","GMoH report",32.979730470703
0,1,0.0239834,0.0119349,0.0129596,0.013108,0.0175953,0.0241232,0.0242801,0.0281499,0.0251475,0.0222172,0.0157004,0.0199873,0.0245201,0.0442016,0.0627821,0.0805438,0.0929663,0.231878,0.106510920514,0.0234802440574945,0.0466266316283574,0.0627644931852898,0.0634604026065823,0.0842696265978089,0.113755625723846,0.114453164312915,0.131495534624672,0.118300119370336,0.105240620230535,0.0755370935414063,0.0951804971245559,0.115519147385483,0.199015942310879,0.271324668780404,0.335219391031577,0.377171015544065,1,0.976519755942506,0.953373368371643,0.93723550681471,0.936539597393418,0.915730373402191,0.886244374276154,0.885546835687085,0.868504465375328,0.881699880629664,0.894759379769465,0.924462906458594,0.904819502875444,0.884480852614517,0.800984057689121,0.728675331219596,0.664780608968423,0.622828984455935,0,100000,2348.02440574946,97902.0658350963,4053534.87281436,40.5353487281436,2023,"Males","GMoH report",32.7044912718564
0,1,0.0242149,0.012464,0.0138003,0.0133562,0.0180537,0.0242121,0.0254471,0.029037,0.0264365,0.0246748,0.0159,0.0213098,0.0253227,0.0465247,0.0640425,0.0845384,0.100928,0.252,0.107265659129,0.0237025116004056,0.0486434169034313,0.0667002899707902,0.0646231990714062,0.0863702438227433,0.114150916487295,0.119625213099349,0.135358955055158,0.123987979452978,0.116205623691352,0.0764606876653042,0.101159764145054,0.11907523393414,0.208385784705751,0.276019976618521,0.348944067178164,0.402964098632937,1,0.976297488399594,0.951356583096569,0.93329971002921,0.935376800928594,0.913629756177257,0.885849083512705,0.880374786900651,0.864641044944842,0.876012020547022,0.883794376308648,0.923539312334696,0.898840235854946,0.88092476606586,0.791614215294249,0.723980023381479,0.651055932821836,0.597035901367063,0,100000,2370.25116004056,97883.9953929425,3966303.85192099,39.6630385192099,2023,"Males","GMoH report",33.5768014807901
0,1,0.0242612,0.0118452,0.0128941,0.0126266,0.017211,0.0240701,0.0239275,0.0271772,0.0244296,0.023938,0.0157549,0.019902,0.0249055,0.0470118,0.0583315,0.0835062,0.100124,0.232273,0.107416606852,0.0237469562379328,0.046284306270724,0.0624571772762071,0.0612010956152609,0.082505015447819,0.113519439356842,0.112884868285261,0.127240873342491,0.115117324522135,0.1129316079238,0.0757893653207695,0.0947935470657439,0.117228419024936,0.210338071612427,0.254538472699345,0.345419355532566,0.400396701617999,1,0.976253043762067,0.953715693729276,0.937542822723793,0.938798904384739,0.917494984552181,0.886480560643158,0.887115131714739,0.872759126657509,0.884882675477865,0.8870683920762,0.92421063467923,0.905206452934256,0.882771580975064,0.789661928387573,0.745461527300655,0.654580644467434,0.599603298382001,0,100000,2374.69562379328,97880.3861224209,4069100.66735265,40.6910066735265,2023,"Males","GMoH report",32.5488333264735
0,1,0.0249798,0.0140647,0.0139281,0.0147318,0.0200139,0.0255368,0.0259053,0.0310167,0.0271166,0.0252236,0.0156977,0.0218949,0.0263537,0.0548189,0.0700784,0.0877044,0.109537,0.251166,0.109759393758,0.0244363829272707,0.054719571291318,0.0672971948509898,0.0710425388166521,0.0953011317006413,0.120021582152237,0.12164816920569,0.143923425704851,0.126975163222408,0.11863687716298,0.0755245939537313,0.103793148483189,0.123623648627888,0.241058144241587,0.298156222451404,0.359662123204138,0.429947187348514,1,0.975563617072729,0.945280428708682,0.93270280514901,0.928957461183348,0.904698868299359,0.879978417847763,0.87835183079431,0.856076574295149,0.873024836777592,0.88136312283702,0.924475406046269,0.896206851516811,0.876376351372112,0.758941855758413,0.701843777548596,0.640337876795862,0.570052812651486,0,100000,2443.63829272708,97824.5739648465,3836336.67103465,38.3633667103465,2023,"Males","GMoH report",34.8764732896535
0,1,0.0248765,0.0124718,0.0131464,0.0137863,0.0187719,0.0244738,0.0261815,0.0281067,0.025953,0.0258804,0.0163747,0.0199027,0.0265411,0.0485478,0.0622631,0.0883058,0.0991873,0.233156,0.109422614065,0.0243373200991009,0.0486731172329873,0.0636403947849963,0.0666348789218009,0.0896521471474089,0.115313595326732,0.122865492753674,0.131306984917545,0.121858514906574,0.121538347385792,0.0786536742025872,0.094796723145624,0.124448030916599,0.216466561646273,0.269383820599135,0.361682371989028,0.397395126037862,1,0.975662679900899,0.951326882767013,0.936359605215004,0.933365121078199,0.910347852852591,0.884686404673268,0.877134507246326,0.868693015082455,0.878141485093426,0.878461652614208,0.921346325797413,0.905203276854376,0.875551969083401,0.783533438353727,0.730616179400865,0.638317628010972,0.602604873962138,0,100000,2433.73200991009,97832.5733085479,3953180.36695398,39.5318036695398,2023,"Males","GMoH report",33.7080363304602
0,1,0.0251232,0.0133101,0.014136,0.0144935,0.0189149,0.0264025,0.0270118,0.0309173,0.028301,0.0262201,0.0156894,0.0223164,0.0262851,0.0543944,0.0683762,0.0853883,0.109263,0.237957,0.110226907872,0.0245738768507387,0.0518598796322145,0.0682674290571213,0.069933545399385,0.0903042598866739,0.123838392129502,0.126515473342891,0.143495283201672,0.132154722963523,0.123035492694971,0.0754861682785272,0.10568568968669,0.123321692454181,0.239414922367001,0.29197128291318,0.35183501538871,0.429102448047473,1,0.975426123149261,0.948140120367785,0.931732570942879,0.930066454600615,0.909695740113326,0.876161607870498,0.873484526657109,0.856504716798328,0.867845277036477,0.876964507305029,0.924513831721473,0.89431431031331,0.876678307545819,0.760585077632999,0.70802871708682,0.64816498461129,0.570897551952527,0,100000,2457.38768507386,97813.4825608946,3834514.92628169,38.3451492628169,2023,"Males","GMoH report",34.8946907371831
0,1,0.0228427,0.0117367,0.0126619,0.0130891,0.0180648,0.0234139,0.0245213,0.0256357,0.0245124,0.0212222,0.0156441,0.0198842,0.0247404,0.0437061,0.0594822,0.0816545,0.0937378,0.222995,0.103708534285,0.0223844079646883,0.0458700734186155,0.061366944707035,0.0633718004178759,0.0864210524301496,0.110595802357929,0.115524474272551,0.120458410795899,0.115484965810186,0.100764869467944,0.0752764203798394,0.0947127803332443,0.116496570611131,0.197004729031221,0.258909703139752,0.339058391440338,0.379706799843966,1,0.977615592035312,0.954129926581385,0.938633055292965,0.936628199582124,0.91357894756985,0.889404197642071,0.884475525727449,0.879541589204101,0.884515034189814,0.899235130532057,0.924723579620161,0.905287219666756,0.883503429388869,0.802995270968779,0.741090296860248,0.660941608559662,0.620293200156034,0,100000,2238.44079646883,97993.7046176167,4098809.88481117,40.9880988481117,2023,"Males","GMoH report",32.2517411518883
0,1,0.0242597,0.0123763,0.0140135,0.0135068,0.0190885,0.02597,0.0257165,0.0308044,0.02529,0.0243477,0.0171444,0.0215145,0.0249018,0.0527774,0.0631983,0.0873811,0.100208,0.252607,0.107411716537,0.0237455163931491,0.0483094163410759,0.0676958601591494,0.0653280671563321,0.0910953175761206,0.121933469493157,0.120815143411167,0.143008752928243,0.118930612052952,0.114753538195211,0.082198874058959,0.102081897538519,0.117212024048851,0.233127360155343,0.272877944500228,0.358574019386472,0.400665323225538,1,0.976254483606851,0.951690583658924,0.932304139840851,0.934671932843668,0.908904682423879,0.878066530506843,0.879184856588833,0.856991247071757,0.881069387947048,0.885246461804789,0.917801125941041,0.897918102461481,0.882787975951149,0.766872639844657,0.727122055499772,0.641425980613528,0.599334676774462,0,100000,2374.55163931492,97880.5030282697,3911313.62454927,39.1131362454927,2023,"Males","GMoH report",34.1267037545073
0,1,0.0251911,0.0133599,0.0140158,0.0146763,0.0188956,0.024926,0.0283519,0.0312064,0.0269187,0.0257277,0.0162742,0.0214512,0.0254946,0.0508632,0.0685202,0.0876745,0.0969746,0.24621,0.110448276131,0.0246389705705999,0.0520488647438181,0.06770659477247,0.0707843684338845,0.0902162734581122,0.11731925088133,0.132376674411856,0.14473996675374,0.12610691450152,0.120864580810692,0.0781898085444642,0.101796839112096,0.119835128342404,0.225625866116374,0.292496246693312,0.359561551813761,0.390259783900425,1,0.9753610294294,0.947951135256182,0.93229340522753,0.929215631566116,0.909783726541888,0.88268074911867,0.867623325588144,0.85526003324626,0.87389308549848,0.879135419189308,0.921810191455536,0.898203160887904,0.880164871657596,0.774374133883626,0.707503753306688,0.640438448186239,0.609740216099575,0,100000,2463.89705705998,97808.2361254565,3851498.03272739,38.5149803272739,2023,"Males","GMoH report",34.7248596727261
0,1,0.0246544,0.0125726,0.013679,0.0148618,0.0191699,0.0250857,0.0261177,0.0308318,0.0262849,0.0236543,0.0154118,0.0212028,0.0269609,0.0464597,0.0612092,0.0810284,0.100583,0.254831,0.108698521424,0.0241242809125315,0.0490568555556813,0.0661334029525308,0.0716469918416205,0.0914660141388969,0.118026553233854,0.122584440871618,0.143126853681646,0.123320811973401,0.111667933029359,0.074200106978184,0.100677393407641,0.126292126515566,0.208124943863914,0.265429223874979,0.336896532512425,0.401863427243834,1,0.975875719087469,0.950943144444319,0.933866597047469,0.92835300815838,0.908533985861103,0.881973446766146,0.877415559128382,0.856873146318354,0.876679188026599,0.888332066970641,0.925799893021816,0.899322606592359,0.873707873484434,0.791875056136086,0.734570776125021,0.663103467487575,0.598136572756166,0,100000,2412.42809125315,97849.7992753078,3911791.07413776,39.1179107413776,2023,"Males","GMoH report",34.1219292586224
0,1,0.0241337,0.0126147,0.0137064,0.0138072,0.0191846,0.025554,0.025344,0.0292773,0.0264425,0.0227085,0.0153589,0.022418,0.0247899,0.0491654,0.0667548,0.0873889,0.097596,0.234923,0.107000930077,0.0236245583625713,0.0492170825378203,0.066261483989612,0.0667325266452589,0.0915329427655501,0.120097566936276,0.119169425218176,0.136402740140231,0.124014374739854,0.107442835902283,0.073954837611521,0.106141310266134,0.116716051864698,0.218918910494887,0.286037979684408,0.358600288188754,0.392270034325035,1,0.976375441637429,0.95078291746218,0.933738516010388,0.933267473354741,0.90846705723445,0.879902433063724,0.880830574781824,0.863597259859769,0.875985625260146,0.892557164097717,0.926045162388479,0.893858689733866,0.883283948135302,0.781081089505113,0.713962020315592,0.641399711811246,0.607729965674965,0,100000,2362.45583625713,97890.3291354882,3935751.15627607,39.3575115627607,2023,"Males","GMoH report",33.8823284372393
0,1,0.0251738,0.0127353,0.0140161,0.0146346,0.02008,0.0244712,0.0261429,0.0291156,0.0247951,0.0243097,0.0156717,0.0206948,0.025019,0.04852,0.0643421,0.0839701,0.0955336,0.241278,0.110391874498,0.0246223861669549,0.0496759243999779,0.0677079949306319,0.0705903462952682,0.0956008379356313,0.115302051116778,0.122695462015207,0.135700496556173,0.116739105512281,0.114584700750419,0.0754042192432152,0.0983839115672454,0.117731207310732,0.216356015339338,0.2771323125773,0.347005321196495,0.385578697388028,1,0.975377613833045,0.950324075600022,0.932292005069368,0.929409653704732,0.904399162064369,0.884697948883222,0.877304537984793,0.864299503443827,0.883260894487719,0.885415299249581,0.924595780756785,0.901616088432755,0.882268792689268,0.783643984660662,0.7228676874227,0.652994678803505,0.614421302611972,0,100000,2462.23861669548,97809.5725196629,3917936.6847769,39.179366847769,2023,"Males","GMoH report",34.060473152231
0,1,0.0253675,0.0129197,0.0137585,0.014845,0.0195048,0.0256771,0.0271227,0.0304635,0.0269907,0.0247895,0.0161773,0.0216697,0.0257027,0.04823,0.068982,0.0902677,0.0999278,0.235663,0.111023377175,0.0248080508062546,0.0503770863158502,0.0665049781454641,0.0715688992274223,0.0929896392127098,0.120641209029097,0.127001913033421,0.14153813273367,0.126422893988089,0.116714278483814,0.0777423468315067,0.102780446401532,0.120754225895208,0.215202016821721,0.294177601698999,0.368238413421892,0.399768926633006,1,0.975191949193745,0.94962291368415,0.933495021854536,0.928431100772578,0.90701036078729,0.879358790970903,0.872998086966579,0.85846186726633,0.873577106011911,0.883285721516186,0.922257653168493,0.897219553598468,0.879245774104792,0.784797983178279,0.705822398301001,0.631761586578108,0.600231073366994,0,100000,2480.80508062546,97794.6222775385,3865182.25245611,38.6518225245611,2023,"Males","GMoH report",34.5880174754389
0,1,0.0240465,0.0134197,0.0137235,0.0141431,0.0186333,0.0262493,0.026899,0.0298522,0.0268135,0.0255342,0.0162322,0.0222009,0.026485,0.0508583,0.0620407,0.0894193,0.0957227,0.25054,0.106716639765,0.0235408349019268,0.0522757502292958,0.0663414091778688,0.0683005463570442,0.0890196742590711,0.123164073231323,0.126020440432046,0.138895183041985,0.125645041686826,0.120010095545787,0.0779958878722021,0.105167468851914,0.124201320093321,0.225606581934945,0.268550800827719,0.365409782572939,0.386194539810261,1,0.976459165098073,0.947724249770704,0.933658590822131,0.931699453642956,0.910980325740929,0.876835926768677,0.873979559567954,0.861104816958015,0.874354958313174,0.879989904454213,0.922004112127798,0.894832531148086,0.875798679906679,0.774393418065055,0.731449199172281,0.634590217427061,0.613805460189739,0,100000,2354.08349019269,97897.1363896069,3880063.78084946,38.8006378084946,2023,"Males","GMoH report",34.4392021915054
0,1,0.0231153,0.0115341,0.0121142,0.0125897,0.016732,0.0220098,0.0231269,0.0257089,0.0242595,0.0199082,0.0144557,0.0194736,0.024547,0.0438096,0.0559724,0.0758508,0.0960283,0.233296,0.103680732213,0.0226461024514398,0.0450961138270156,0.0587905003030713,0.0610276989464352,0.0803010088018199,0.104309425989633,0.109314250642065,0.120781595122864,0.114361611230862,0.0948216776905047,0.069757515700713,0.0928477978113521,0.1156385512087,0.197425202158764,0.245507842141323,0.31880076696309,0.387188795478,1,0.97735389754856,0.954903886172984,0.941209499696929,0.938972301053565,0.91969899119818,0.895690574010367,0.890685749357935,0.879218404877136,0.885638388769138,0.905178322309495,0.930242484299287,0.907152202188648,0.8843614487913,0.802574797841236,0.754492157858677,0.68119923303691,0.612811204522,0,100000,2264.61024514397,97970.1862032496,4183458.89662576,41.8345889662576,2023,"Males","GMoH report",31.4052510337424
0,1,0.0244723,0.0129006,0.0133595,0.0142141,0.018645,0.0240251,0.0256777,0.0276173,0.0267762,0.0235153,0.0169444,0.0209813,0.0262036,0.0472059,0.0586923,0.0872367,0.101113,0.240862,0.108104837183,0.0239495595265606,0.0503044839487417,0.0646386498919222,0.0686316569136589,0.0890730810113581,0.113319235111318,0.120643858017463,0.129168300721229,0.125481224116996,0.111048172285629,0.0812789427079486,0.0996780617096294,0.122962828094366,0.211114835470641,0.255911424717616,0.358087557854324,0.403553689487201,1,0.976050440473439,0.949695516051258,0.935361350108078,0.931368343086341,0.910926918988642,0.886680764888682,0.879356141982537,0.870831699278771,0.874518775883004,0.888951827714371,0.918721057292051,0.900321938290371,0.877037171905634,0.788885164529359,0.744088575282384,0.641912442145676,0.596446310512799,0,100000,2394.95595265605,97863.9503706663,3959200.4823048,39.592004823048,2023,"Males","GMoH report",33.647835176952
0,1,0.0256552,0.0127941,0.0136597,0.0138646,0.0185707,0.0253884,0.0256711,0.0306113,0.0260596,0.0226786,0.0162694,0.0220215,0.0250009,0.0477282,0.0600596,0.0831202,0.101029,0.236647,0.111961339592,0.0250837223340059,0.0498995600768418,0.0660431751026266,0.0670006567365269,0.0887338745879728,0.119365737288558,0.120614718734723,0.142176018139793,0.122328425412783,0.107308957680848,0.078167648162464,0.104361981557812,0.117651044974258,0.213201670120399,0.261094866838992,0.344097390256089,0.403286037335164,1,0.974916277665994,0.950100439923158,0.933956824897373,0.932999343263473,0.911266125412027,0.880634262711442,0.879385281265277,0.857823981860207,0.877671574587217,0.892691042319152,0.921832351837536,0.895638018442188,0.882348955025742,0.786798329879601,0.738905133161008,0.65590260974391,0.596713962664836,0,100000,2508.37223340059,97772.4684820463,3932792.52280088,39.3279252280088,2023,"Males","GMoH report",33.9119147719912
0,1,0.0247149,0.012802,0.0136681,0.0138769,0.0177876,0.024878,0.0257549,0.0301029,0.025925,0.0246994,0.0163536,0.0204033,0.0252203,0.047784,0.0611383,0.086348,0.0973119,0.234741,0.108895764129,0.0241823194286686,0.0499296024586488,0.0660824462896704,0.0670581035085553,0.0851514022914993,0.117106557647136,0.120984632237938,0.139979990834751,0.121735047250103,0.116314739319151,0.078556304064622,0.0970653655668259,0.11862227649997,0.21342432958748,0.2651625336694,0.355087303741354,0.391351584387987,1,0.975817680571331,0.950070397541351,0.93391755371033,0.932941896491445,0.914848597708501,0.882893442352864,0.879015367762062,0.860020009165249,0.878264952749897,0.883685260680849,0.921443695935378,0.902934634433174,0.88137772350003,0.78657567041252,0.7348374663306,0.644912696258646,0.608648415612013,0,100000,2418.23194286686,97845.1032723928,3946950.28188699,39.4695028188699,2023,"Males","GMoH report",33.7703371811301
0,1,0.0236592,0.0126185,0.0134485,0.0141693,0.0179774,0.0235375,0.0257976,0.0293039,0.0264061,0.0222733,0.0163637,0.0207297,0.0257262,0.0511733,0.0622477,0.0917111,0.120462,0.236185,0.105453960432,0.0231688488378883,0.0492315435357873,0.0650552608124107,0.0684227440324524,0.0860209188343676,0.111147182953103,0.12117306438552,0.136518210060519,0.123854231916476,0.105492343465713,0.0786029137506464,0.0985416527523491,0.120857959881257,0.226845427244919,0.269326164305415,0.373028390044479,0.462904112115774,1,0.976831151162112,0.950768456464213,0.934944739187589,0.931577255967548,0.913979081165632,0.888852817046897,0.87882693561448,0.863481789939481,0.876145768083524,0.894507656534287,0.921397086249354,0.901458347247651,0.879142040118743,0.773154572755081,0.730673835694585,0.626971609955521,0.537095887884226,0,100000,2316.88488378884,97927.4398030717,3963140.6764002,39.631406764002,2023,"Males","GMoH report",33.608433235998
0,1,0.0246845,0.0118262,0.0129371,0.0128532,0.0174409,0.0230959,0.02434,0.027659,0.0235485,0.0227228,0.0154174,0.0218892,0.0250084,0.0475637,0.0609458,0.0841938,0.0969121,0.235715,0.108796653745,0.0241531568992944,0.0462117804832969,0.0626589376444984,0.0622652313219324,0.0835610501989623,0.109175721154471,0.114719328840081,0.129350721018381,0.111196238447309,0.107506857922024,0.0742260675648155,0.103767529484045,0.117684262240464,0.212544940530253,0.264438031542971,0.347769013151346,0.39005731597198,1,0.975846843100706,0.953788219516703,0.937341062355502,0.937734768678068,0.916438949801038,0.890824278845529,0.885280671159919,0.870649278981618,0.888803761552691,0.892493142077976,0.925773932435184,0.896232470515955,0.882315737759536,0.787455059469747,0.735561968457029,0.652230986848654,0.60994268402802,0,100000,2415.31568992944,97847.4625748727,4067031.39653374,40.6703139653373,2023,"Males","GMoH report",32.5695260346627
0,1,0.0235528,0.0114521,0.0125482,0.0124722,0.0171739,0.0235319,0.0220557,0.0254239,0.0240524,0.0209025,0.0150593,0.0202045,0.0248226,0.0462646,0.0571263,0.0796793,0.100555,0.232404,0.105107074088,0.0230666194615875,0.0447826883495053,0.060832649372849,0.0604753483992376,0.0823344892861226,0.111122208268138,0.104515588819201,0.119522669036695,0.113440697423243,0.0993222896038869,0.0725645708938458,0.0961650815257809,0.116861014456387,0.207341563726991,0.249936614891771,0.332219047184233,0.401774030825783,1,0.976933380538412,0.955217311650495,0.939167350627151,0.939524651600762,0.917665510713877,0.888877791731862,0.895484411180799,0.880477330963305,0.886559302576757,0.900677710396113,0.927435429106154,0.903834918474219,0.883138985543613,0.792658436273009,0.750063385108229,0.667780952815767,0.598225969174217,0,100000,2306.66194615875,97935.7845419121,4148180.48854107,41.4818048854107,2023,"Males","GMoH report",31.7580351145893
0,1,0.023272,0.0116515,0.0121675,0.0126967,0.0159487,0.0221661,0.0222868,0.0262652,0.0229668,0.0214856,0.0153371,0.0196507,0.0237685,0.0470088,0.0601949,0.0844904,0.0893892,0.23268,0.10419160712,0.022796750379113,0.0455446724968069,0.0590415304457532,0.0615304168896916,0.0766858990062957,0.105011273998552,0.105552908591981,0.123234080567684,0.108598594499616,0.101951763002105,0.0738537443440521,0.0936526496917555,0.112176813519646,0.210326060695002,0.261606115148169,0.348780491832243,0.36530924670998,1,0.977203249620887,0.954455327503193,0.940958469554247,0.938469583110308,0.923314100993704,0.894988726001448,0.894447091408019,0.876765919432316,0.891401405500384,0.898048236997895,0.926146255655948,0.906347350308244,0.887823186480354,0.789673939304998,0.738393884851831,0.651219508167757,0.634690753290019,0,100000,2279.67503791129,97957.847968,4174660.02387405,41.7466002387405,2023,"Males","GMoH report",31.4932397612595
0,1,0.0252054,0.0134345,0.0143565,0.0148487,0.0199592,0.0258933,0.0265222,0.0322463,0.0268034,0.0268133,0.0171382,0.0219701,0.026584,0.0524248,0.0655504,0.0848795,0.102248,0.233041,0.110494897134,0.0246526787595003,0.0523318943312146,0.0692954014236533,0.0715860987391307,0.0950530432480108,0.121595244630521,0.124364921685202,0.149203359288443,0.125600686405029,0.125644163384787,0.0821703694363163,0.104131074689889,0.124636648350618,0.231750337293623,0.281603882200509,0.35010554168613,0.407161402335101,1,0.9753473212405,0.947668105668785,0.930704598576347,0.928413901260869,0.904946956751989,0.878404755369479,0.875635078314798,0.850796640711557,0.874399313594971,0.874355836615213,0.917829630563684,0.895868925310111,0.875363351649382,0.768249662706377,0.718396117799491,0.64989445831387,0.592838597664899,0,100000,2465.26787595003,97807.1316444108,3819934.09125451,38.1993409125451,2023,"Males","GMoH report",35.0404990874549
0,1,0.0239857,0.0120189,0.0124331,0.0136773,0.0182045,0.0238532,0.0250746,0.0270729,0.0263907,0.0230736,0.0168011,0.0209949,0.0249693,0.0477144,0.0616951,0.0798661,0.0953901,0.240079,0.106518418997,0.0234824526952477,0.0469470951169967,0.0602914751507578,0.0661254557598399,0.0870602779262299,0.112554063529543,0.117977409141831,0.126783506984405,0.123786470952579,0.109076056742846,0.0806192689990501,0.0997394505254102,0.11751107668248,0.21314659524018,0.267254731531697,0.332868273045335,0.385111046829559,1,0.976517547304752,0.953052904883003,0.939708524849242,0.93387454424016,0.91293972207377,0.887445936470457,0.882022590858169,0.873216493015595,0.876213529047421,0.890923943257154,0.91938073100095,0.90026054947459,0.88248892331752,0.78685340475982,0.732745268468303,0.667131726954665,0.614888953170441,0,100000,2348.24526952476,97901.8861040022,4022784.40512003,40.2278440512003,2023,"Males","GMoH report",33.0119959487997
0,1,0.0239024,0.0117911,0.0126676,0.013211,0.0178539,0.0243293,0.0258685,0.0284388,0.0242061,0.0229209,0.0151658,0.0206448,0.0265207,0.0479347,0.0654465,0.0815626,0.0956597,0.236301,0.106246843504,0.0234024569295153,0.0460777844710469,0.0613937222112906,0.0639431186488259,0.0854552272935588,0.114671789103416,0.121485857723687,0.132755483396929,0.114124242909284,0.108393318939783,0.0730590043784917,0.0981578757184209,0.124358325398978,0.214025392540475,0.281220290624164,0.338741422195162,0.385989419757144,1,0.976597543070485,0.953922215528953,0.938606277788709,0.936056881351174,0.914544772706441,0.885328210896584,0.878514142276313,0.867244516603071,0.885875757090716,0.891606681060217,0.926940995621508,0.901842124281579,0.875641674601022,0.785974607459525,0.718779709375836,0.661258577804838,0.614010580242856,0,100000,2340.24569295153,97908.3980249484,4025398.38716022,40.2539838716022,2023,"Males","GMoH report",32.9858561283978
0,1,0.0240807,0.0115228,0.0126486,0.0131765,0.0164399,0.0237759,0.0239934,0.0257875,0.0237177,0.0216144,0.0151975,0.0209036,0.0240564,0.0447077,0.0583695,0.0808897,0.100939,0.233852,0.106828138947,0.023573672648269,0.0450529282370209,0.0613044609869027,0.0637814590132788,0.078954490191742,0.112209778800541,0.113178176830111,0.121128497196371,0.111950480237196,0.102531602336163,0.0732061247960308,0.0993272568825736,0.113458492785394,0.201065553845818,0.254683175909392,0.33641685401039,0.402999167563316,1,0.976426327351731,0.954947071762979,0.938695539013097,0.936218540986721,0.921045509808258,0.887790221199459,0.886821823169889,0.878871502803629,0.888049519762804,0.897468397663837,0.926793875203969,0.900672743117426,0.886541507214606,0.798934446154182,0.745316824090608,0.66358314598961,0.597000832436684,0,100000,2357.3672648269,97894.4658928891,4116226.20558425,41.1622620558425,2023,"Males","GMoH report",32.0775779441575
0,1,0.0231396,0.0110208,0.0127564,0.0127285,0.0173463,0.0220972,0.0237857,0.0268325,0.0241451,0.0218891,0.0144194,0.0205751,0.0247776,0.0433938,0.0570479,0.0826753,0.0953168,0.225273,0.103759955316,0.022669466189259,0.0431324908888249,0.0618107920313289,0.0616797725381213,0.0831266504579051,0.104701950166928,0.112253433752012,0.125728476627248,0.113853018695725,0.10376708002174,0.0695884410816675,0.0978426920661732,0.116661518874818,0.195734807297711,0.249636416664424,0.342571082464754,0.384872065716325,1,0.977330533810741,0.956867509111175,0.938189207968671,0.938320227461879,0.916873349542095,0.895298049833072,0.887746566247988,0.874271523372752,0.886146981304275,0.89623291997826,0.930411558918332,0.902157307933827,0.883338481125182,0.804265192702289,0.750363583335576,0.657428917535246,0.615127934283675,0,100000,2266.9466189259,97968.2716609576,4136780.71589119,41.3678071589119,2023,"Males","GMoH report",31.8720328410881
0,1,0.0243401,0.0130839,0.013378,0.0139033,0.0181785,0.0246734,0.0241268,0.0288321,0.026775,0.0235798,0.0165737,0.0204522,0.0263774,0.0512271,0.0630033,0.0834533,0.0972789,0.2452,0.107673837421,0.0238226877075816,0.0510010156233708,0.0647252635602282,0.0671813923687006,0.0869413420345618,0.116199413478687,0.113771636218225,0.13446801207279,0.125475953371214,0.111335809686864,0.0795715139962028,0.0972866832424708,0.123727946181012,0.227056841222524,0.272150544067396,0.345238309470635,0.391244832628129,1,0.976177312292418,0.948998984376629,0.935274736439772,0.932818607631299,0.913058657965438,0.883800586521313,0.886228363781775,0.86553198792721,0.874524046628786,0.888664190313136,0.920428486003797,0.902713316757529,0.876272053818988,0.772943158777476,0.727849455932604,0.654761690529365,0.608755167371871,0,100000,2382.26877075815,97874.2392495576,3959593.56493433,39.5959356493433,2023,"Males","GMoH report",33.6439043506567
0,1,0.0252001,0.0132082,0.0144628,0.0156827,0.0197039,0.0265337,0.0287405,0.0308742,0.0282912,0.0259369,0.0169009,0.0225586,0.0264521,0.0538843,0.0744372,0.0966994,0.107973,0.23914,0.110477618021,0.0246475981344354,0.0514730668761723,0.0697905819291864,0.075455148843096,0.0938942907130479,0.124415491671584,0.134069442938094,0.143309578526633,0.132111983622358,0.12178752298756,0.0810787407750859,0.106771463176942,0.124056605653953,0.237436280567537,0.313791582953445,0.38936789535079,0.425113145777433,1,0.975352401865565,0.948526933123828,0.930209418070814,0.924544851156904,0.906105709286952,0.875584508328416,0.865930557061906,0.856690421473367,0.867888016377642,0.87821247701244,0.918921259224914,0.893228536823058,0.875943394346047,0.762563719432463,0.686208417046555,0.61063210464921,0.574886854222567,0,100000,2464.75981344354,97807.5409797396,3778766.26828328,37.7876626828328,2023,"Males","GMoH report",35.4521773171672
0,1,0.0252947,0.012351,0.0140196,0.0136643,0.0178076,0.0244508,0.0262334,0.0293972,0.0260559,0.0238616,0.0156339,0.0210843,0.026334,0.0493568,0.0695894,0.0827145,0.0985858,0.243079,0.110786033887,0.0247382767709737,0.0482130414500996,0.067724329959258,0.0660646809502295,0.0852430640323441,0.115211468561256,0.123094060671923,0.136923109885207,0.122312119137418,0.112591468535956,0.07522918606976,0.10014289300266,0.12353694521197,0.219677547997493,0.296384032518622,0.342705677993928,0.395461723939992,1,0.975261723229026,0.9517869585499,0.932275670040742,0.933935319049771,0.914756935967656,0.884788531438744,0.876905939328077,0.863076890114793,0.877687880862582,0.887408531464044,0.92477081393024,0.89985710699734,0.87646305478803,0.780322452002507,0.703615967481378,0.657294322006072,0.604538276060008,0,100000,2473.82767709738,97800.2378797681,3946095.44932134,39.4609544932134,2023,"Males","GMoH report",33.7788855067866
0,1,0.0238816,0.0137148,0.0139318,0.0145582,0.0188085,0.0255987,0.0262272,0.030174,0.026744,0.0256326,0.0179335,0.0227709,0.0256739,0.0520497,0.0652294,0.0904088,0.0992285,0.254645,0.106179031136,0.0233824804976148,0.0533946072801484,0.0673144706446811,0.0702347704134184,0.0898190939295645,0.120295010299609,0.123066758761524,0.140287418579459,0.125339782164483,0.120444721574428,0.0858198732573484,0.107722172931013,0.12062708096503,0.230283086129689,0.280418219484839,0.368707902468308,0.397527384754676,1,0.976617519502385,0.946605392719852,0.932685529355319,0.929765229586582,0.910180906070436,0.879704989700391,0.876933241238476,0.859712581420541,0.874660217835517,0.879555278425572,0.914180126742652,0.892277827068987,0.87937291903497,0.769716913870311,0.719581780515161,0.631292097531692,0.602472615245323,0,100000,2338.24804976149,97910.0248627178,3863318.20053343,38.6331820053343,2023,"Males","GMoH report",34.6066579946657
0,1,0.0252288,0.0140474,0.0140976,0.0144706,0.019701,0.0272302,0.026929,0.0312833,0.0294925,0.0267642,0.0167348,0.0224737,0.0279343,0.0544692,0.0662385,0.0933761,0.102812,0.265505,0.110571186048,0.0246751097429576,0.054654103882249,0.0680882960925154,0.0698269069024437,0.0938811201307598,0.127473198289821,0.126152123655221,0.145070769028154,0.137336507622368,0.125428515325325,0.0803139070699159,0.106391001380678,0.130554152822057,0.239704692859274,0.284139984149743,0.378518943256473,0.408948076020461,1,0.975324890257042,0.945345896117751,0.931911703907485,0.930173093097556,0.90611887986924,0.872526801710179,0.873847876344779,0.854929230971846,0.862663492377632,0.874571484674675,0.919686092930084,0.893608998619322,0.869445847177943,0.760295307140726,0.715860015850257,0.621481056743527,0.591051923979539,0,100000,2467.51097429576,97805.3246407186,3787196.95669166,37.8719695669166,2023,"Males","GMoH report",35.3678704330834
0,1,0.026217,0.0133167,0.014901,0.0145873,0.01918,0.0270503,0.0258975,0.0304636,0.0270376,0.0244407,0.0162818,0.0225951,0.0252902,0.04984,0.0660591,0.0869053,0.104283,0.230004,0.11379292557,0.025621713039668,0.0518849279596787,0.0718291833473527,0.0703702211814014,0.0915119996183024,0.12668437418262,0.121613768571076,0.141538564468633,0.126628662206794,0.11516661809294,0.0782248947708019,0.106934983391904,0.118931496658047,0.221589898630624,0.283479498630109,0.356970030927985,0.413589194956007,1,0.974378286960332,0.948115072040321,0.928170816652647,0.929629778818599,0.908488000381698,0.87331562581738,0.878386231428924,0.858461435531367,0.873371337793206,0.88483338190706,0.921775105229198,0.893065016608096,0.881068503341953,0.778410101369376,0.716520501369891,0.643029969072015,0.586410805043993,0,100000,2562.1713039668,97729.3856645231,3842866.94632669,38.4286694632669,2023,"Males","GMoH report",34.8111705367331
0,1,0.0253248,0.0138384,0.0140683,0.0140736,0.0194616,0.0248855,0.0264933,0.0296252,0.0274445,0.0250503,0.0165867,0.0211514,0.0264083,0.0506318,0.0635685,0.0861621,0.111232,0.236674,0.110884166208,0.0247671265210706,0.0538628487088548,0.0679515915611024,0.0679763211177916,0.092793237807704,0.117139794132772,0.124237825072516,0.137911835711685,0.128411992668054,0.117869814466664,0.0796314428665149,0.1004455879762,0.123863911654628,0.224714722751479,0.274257202549354,0.354458317503565,0.43515272909364,1,0.975232873478929,0.946137151291145,0.932048408438898,0.932023678882208,0.907206762192296,0.882860205867228,0.875762174927484,0.862088164288315,0.871588007331946,0.882130185533336,0.920368557133485,0.899554412023799,0.876136088345372,0.775285277248521,0.725742797450647,0.645541682496435,0.56484727090636,0,100000,2476.71265210706,97797.9155652586,3872557.94956431,38.7255794956431,2023,"Males","GMoH report",34.5142605043569
0,1,0.0248963,0.0134591,0.0143734,0.0152822,0.0199528,0.0250843,0.0281268,0.0308681,0.0279858,0.0250831,0.0162779,0.0235756,0.025905,0.0513679,0.0684943,0.0897814,0.102532,0.233721,0.109487166223,0.0243563090669337,0.0524252077721478,0.0693741441897573,0.0735991092322281,0.0950240122223259,0.118020355021345,0.131394717639727,0.14328329249717,0.130779105288073,0.118015042235271,0.0782068901567919,0.11131708247595,0.121646846127658,0.227609894279146,0.292401849926456,0.366618250509309,0.408061576178233,1,0.975643690933066,0.947574792227852,0.930625855810243,0.926400890767772,0.904975987777674,0.881979644978655,0.868605282360273,0.85671670750283,0.869220894711927,0.881984957764729,0.921793109843208,0.88868291752405,0.878353153872342,0.772390105720854,0.707598150073544,0.633381749490691,0.591938423821767,0,100000,2435.63090669336,97831.0394192456,3816809.00360024,38.1680900360024,2023,"Males","GMoH report",35.0717499639976
0,1,0.0244693,0.0120826,0.0131668,0.0143915,0.0190238,0.0244897,0.0258163,0.0286007,0.0253672,0.0236536,0.0157023,0.0212107,0.0239006,0.0475027,0.0616977,0.085886,0.108872,0.241195,0.108095056553,0.0239466807045621,0.0471900431688169,0.0637360020214596,0.0694584710352408,0.0908005702778697,0.115384189533927,0.121255574293422,0.133460817959467,0.119272007808783,0.111664812950958,0.0755458894502147,0.100713016074853,0.112765115218049,0.212301288908424,0.267264489296784,0.353523254425935,0.427895423603578,1,0.976053319295438,0.952809956831183,0.93626399797854,0.930541528964759,0.90919942972213,0.884615810466073,0.878744425706578,0.866539182040533,0.880727992191217,0.888335187049042,0.924454110549785,0.899286983925147,0.887234884781951,0.787698711091576,0.732735510703216,0.646476745574065,0.572104576396422,0,100000,2394.66807045622,97864.1837100454,3966793.38800596,39.6679338800596,2023,"Males","GMoH report",33.5719061199404
0,1,0.0232751,0.013011,0.0141143,0.0145423,0.0196137,0.0250822,0.0256304,0.0295735,0.0265665,0.0249198,0.017027,0.0212464,0.0248816,0.051604,0.0670293,0.0900109,0.0984117,0.256611,0.104201713771,0.0227997303041303,0.0507240585484522,0.0681662043546915,0.0701607531969596,0.0934845549609081,0.118011057626031,0.120435006522091,0.137687729806424,0.124559711088423,0.117291780707795,0.0816589813129606,0.100873977795419,0.117122511306679,0.228536505433964,0.287045373812735,0.367383256168383,0.394901243289433,1,0.97720026969587,0.949275941451548,0.931833795645309,0.92983924680304,0.906515445039092,0.881988942373969,0.87956499347791,0.862312270193576,0.875440288911577,0.882708219292205,0.918341018687039,0.899126022204581,0.882877488693321,0.771463494566036,0.712954626187265,0.632616743831617,0.605098756710567,0,100000,2279.97303041304,97957.6040667077,3890433.13926464,38.9043313926464,2023,"Males","GMoH report",34.3355086073536
0,1,0.0230536,0.0114436,0.0124222,0.0126553,0.0165943,0.0224635,0.0226659,0.0261154,0.0230837,0.0214218,0.0155604,0.0195424,0.0241452,0.0466108,0.0585288,0.0805838,0.0937469,0.23015,0.103479577256,0.0225867759894357,0.0447501933742059,0.0602402101535756,0.061335938251611,0.0796664764736339,0.106345281900093,0.107252087286909,0.122574307335525,0.109121197531363,0.10166441318413,0.0748887526337928,0.0931605482544792,0.113853463389424,0.20873118160152,0.255289525979611,0.335357954221511,0.379736662650439,1,0.977413224010564,0.955249806625794,0.939759789846424,0.938664061748389,0.920333523526366,0.893654718099907,0.892747912713091,0.877425692664475,0.890878802468637,0.89833558681587,0.925111247366207,0.906839451745521,0.886146536610576,0.79126881839848,0.744710474020389,0.664642045778489,0.620263337349561,0,100000,2258.67759894357,97975.0494041527,4162802.77127896,41.6280277127896,2023,"Males","GMoH report",31.6118122872104
0,1,0.0243906,0.013015,0.0139376,0.0145503,0.0190645,0.0261597,0.02672,0.0302172,0.0280574,0.0249875,0.0161478,0.021811,0.0272922,0.0524967,0.0604846,0.0894383,0.100497,0.236827,0.107838478026,0.0238711551930863,0.0507392571367309,0.0673415509970585,0.0701979952734324,0.0909859938028633,0.122769468816502,0.125234345706787,0.140474160493816,0.13109176479603,0.117591693873349,0.0776060813009224,0.103415984884225,0.127744901498319,0.232031305421675,0.262699773238888,0.365473237382526,0.401588820712212,1,0.976128844806914,0.949260742863269,0.932658449002941,0.929802004726568,0.909014006197137,0.877230531183498,0.874765654293213,0.859525839506184,0.86890823520397,0.882408306126651,0.922393918699078,0.896584015115775,0.872255098501681,0.767968694578325,0.737300226761112,0.634526762617474,0.598411179287788,0,100000,2387.11551930863,97870.3073851659,3865138.0475812,38.651380475812,2023,"Males","GMoH report",34.588459524188
0,1,0.0233584,0.0115164,0.0121159,0.0123409,0.0161424,0.0226826,0.0226088,0.0253235,0.0239972,0.021904,0.0148914,0.0194988,0.0229358,0.0428848,0.0552858,0.0777952,0.0910676,0.226734,0.104473289264,0.0228797987426879,0.0450284682954447,0.0587985078954731,0.0598577536208511,0.0775811356881683,0.107326868908254,0.106996352181971,0.119078771805461,0.113195087137368,0.103834047555842,0.071784568202667,0.092962363658728,0.108459960116878,0.193661195868542,0.242861956160284,0.325642450991555,0.370896389824945,1,0.977120201257312,0.954971531704555,0.941201492104527,0.940142246379149,0.922418864311832,0.892673131091746,0.893003647818029,0.880921228194539,0.886804912862632,0.896165952444158,0.928215431797333,0.907037636341272,0.891540039883122,0.806338804131458,0.757138043839716,0.674357549008445,0.629103610175055,0,100000,2287.97987426879,97951.0529089659,4191201.95664405,41.9120195664405,2023,"Males","GMoH report",31.3278204335595
0,1,0.0228105,0.0114613,0.0113658,0.0125743,0.0168899,0.0229089,0.0230335,0.024549,0.0232576,0.0213678,0.0150322,0.0197442,0.0240434,0.0426208,0.0564786,0.0772968,0.0927101,0.229614,0.103772787775,0.02235351828931,0.0448178581644398,0.0552588474783271,0.0609553236835159,0.081028108380654,0.108339644779289,0.108896813136548,0.115647428212056,0.109898085704781,0.101421133745863,0.0724387168031782,0.0940772975540818,0.113400656630901,0.192583809888735,0.247453440314617,0.323894063400383,0.376327174945267,1,0.97764648171069,0.95518214183556,0.944741152521673,0.939044676316484,0.918971891619346,0.891660355220711,0.891103186863452,0.884352571787944,0.890101914295219,0.898578866254137,0.927561283196822,0.905922702445918,0.886599343369099,0.807416190111265,0.752546559685383,0.676105936599617,0.623672825054733,0,100000,2235.351828931,97996.6168620151,4195736.1875423,41.957361875423,2023,"Males","GMoH report",31.282478124577
0,1,0.0245586,0.0127405,0.0135389,0.0137907,0.0186831,0.0248187,0.0257914,0.0282295,0.0259133,0.024632,0.0156373,0.0200953,0.0253626,0.0471652,0.059695,0.0844644,0.0996997,0.24091,0.108386193306,0.0240323683530787,0.049695703772181,0.0654782415874299,0.0666554371569975,0.0892469746211395,0.116843726512039,0.121145706559597,0.13184285529138,0.121683450598983,0.116015750108329,0.0752449310973774,0.0956701967386924,0.119251669046597,0.210952015049472,0.259715681049391,0.348691874986067,0.399038462500578,1,0.975967631646921,0.950304296227819,0.93452175841257,0.933344562843002,0.91075302537886,0.883156273487961,0.878854293440403,0.86815714470862,0.878316549401017,0.883984249891671,0.924755068902623,0.904329803261308,0.880748330953403,0.789047984950528,0.740284318950609,0.651308125013933,0.600961537499422,0,100000,2403.23683530786,97857.2408568839,3960362.45040081,39.6036245040081,2023,"Males","GMoH report",33.6362154959919
0,1,0.0236288,0.0118322,0.0126185,0.0124585,0.016324,0.02287,0.0246624,0.0249668,0.0233437,0.021368,0.0146346,0.0189194,0.0228005,0.0440979,0.0560599,0.0803914,0.103899,0.227556,0.105354850048,0.0231396420516836,0.0462346839452461,0.0611630355885643,0.06041092619015,0.0784196923549928,0.108165630099085,0.116150617525828,0.117500002353125,0.110282496231785,0.101422034895863,0.0705903462952682,0.0903247736915502,0.107854650124586,0.198595399798108,0.245844460343915,0.334691253840098,0.412380258742327,1,0.976860357948316,0.953765316054754,0.938836964411436,0.93958907380985,0.921580307645007,0.891834369900915,0.883849382474172,0.882499997646875,0.889717503768215,0.898577965104137,0.929409653704732,0.90967522630845,0.892145349875414,0.801404600201892,0.754155539656085,0.665308746159902,0.587619741257673,0,100000,2313.96420516836,97929.8231466836,4155909.01344535,41.5590901344535,2023,"Males","GMoH report",31.6807498655465
0,1,0.0237823,0.0126542,0.013377,0.0144367,0.0187169,0.0247403,0.0258287,0.0277178,0.0268949,0.0249793,0.0170733,0.019956,0.0261591,0.04697,0.0675342,0.084878,0.0981638,0.2465,0.105855292283,0.0232871039795257,0.0493673903383606,0.064720581938521,0.0696690230377763,0.0894012159528312,0.11649612716288,0.121310282749848,0.129607886321308,0.126002442287317,0.117555372696976,0.0818719395367673,0.0950385278457743,0.122766825816931,0.210170704969014,0.288895229482677,0.350100437635859,0.394102502028449,1,0.976712896020474,0.950632609661639,0.935279418061479,0.930330976962224,0.910598784047169,0.88350387283712,0.878689717250152,0.870392113678692,0.873997557712683,0.882444627303024,0.918128060463233,0.904961472154226,0.877233174183069,0.789829295030986,0.711104770517323,0.649899562364141,0.605897497971551,0,100000,2328.71039795257,97917.7959218652,3940446.30138779,39.4044630138779,2023,"Males","GMoH report",33.8353769861221
0,1,0.0237699,0.0127512,0.0137657,0.014309,0.0199573,0.0250592,0.0259757,0.0307069,0.0258202,0.0238189,0.0166166,0.0217069,0.0262088,0.0512544,0.0604808,0.092308,0.100558,0.240143,0.105814865679,0.0232751929604399,0.0497364023721446,0.0665386231869872,0.0690740485965789,0.095044424754612,0.117909222997644,0.121958599985868,0.142588382029635,0.121272781328833,0.112401311031669,0.0797692650748914,0.102947805691583,0.122985729060498,0.227164100782175,0.262685436613209,0.375001015624365,0.401783609491807,1,0.97672480703956,0.950263597627855,0.933461376813013,0.930925951403421,0.904955575245388,0.882090777002356,0.878041400014132,0.857411617970365,0.878727218671167,0.887598688968331,0.920230734925109,0.897052194308417,0.877014270939502,0.772835899217825,0.737314563386791,0.624998984375635,0.598216390508193,0,100000,2327.51929604399,97918.7668456322,3899397.80258013,38.9939780258013,2023,"Males","GMoH report",34.2458619741987
0,1,0.0233284,0.0121391,0.0132682,0.0130368,0.0175469,0.0241873,0.0234751,0.0270798,0.0255521,0.0232072,0.0146679,0.0208552,0.0247236,0.0492962,0.056335,0.0805225,0.100955,0.239467,0.104375482964,0.0228509636876382,0.0474054802689347,0.0642110861663201,0.0631265785518385,0.0840475644771881,0.114040660811863,0.110868856279862,0.126813771103199,0.120089173570052,0.109672992330943,0.0707452879762335,0.0991086720563272,0.116422068375762,0.219437422350779,0.246901947034525,0.335145596720237,0.40305017416734,1,0.977149036312362,0.952594519731065,0.93578891383368,0.936873421448162,0.915952435522812,0.885959339188137,0.889131143720138,0.873186228896801,0.879910826429948,0.890327007669057,0.929254712023767,0.900891327943673,0.883577931624237,0.780562577649221,0.753098052965475,0.664854403279763,0.59694982583266,0,100000,2285.09636876383,97953.4116683452,4052946.26606938,40.5294626606938,2023,"Males","GMoH report",32.7103773393062
0,1,0.0237047,0.0123503,0.0133082,0.0131913,0.017574,0.0237274,0.024643,0.0264276,0.0242874,0.0234755,0.0159079,0.0205318,0.0249258,0.0464193,0.0612309,0.0823852,0.09843,0.238083,0.105602299987,0.023212560542057,0.0482103748158242,0.0643984319691697,0.0638508119604648,0.084171907254762,0.111993701610989,0.11606455304809,0.12394882507605,0.114485605747425,0.110870640686415,0.0764972245057139,0.0976468366958218,0.117318364759212,0.207962782971077,0.26551083199326,0.34157432690721,0.394960174949341,1,0.976787439457943,0.951789625184176,0.93560156803083,0.936149188039535,0.915828092745238,0.888006298389011,0.88393544695191,0.87605117492395,0.885514394252575,0.889129359313585,0.923502775494286,0.902353163304178,0.882681635240788,0.792037217028923,0.73448916800674,0.65842567309279,0.605039825050659,0,100000,2321.2560542057,97923.8739239772,4045850.92103339,40.4585092103339,2023,"Males","GMoH report",32.7813307896661
0,1,0.0245302,0.0117781,0.0128861,0.0127391,0.0177708,0.0240289,0.0236725,0.028257,0.0261248,0.024083,0.015459,0.0202818,0.0257962,0.0459198,0.0570242,0.0782711,0.1005,0.234976,0.108293603342,0.0240051183720486,0.0460281516540079,0.0624196358269266,0.0617295526399122,0.0850743996468877,0.113336142890261,0.111749051448938,0.131962816719867,0.122615721966898,0.113576823404852,0.0744188957273762,0.0965152428679995,0.121166886881564,0.205955420683271,0.249545647692179,0.327308507664377,0.401598401598402,1,0.975994881627951,0.953971848345992,0.937580364173073,0.938270447360088,0.914925600353112,0.886663857109739,0.888250948551062,0.868037183280133,0.877384278033102,0.886423176595148,0.925581104272624,0.903484757132,0.878833113118436,0.794044579316729,0.750454352307821,0.672691492335623,0.598401598401598,0,100000,2400.51183720486,97859.4482395112,4047261.60985868,40.4726160985868,2023,"Males","GMoH report",32.7672239014132
0,1,0.0244224,0.0128068,0.0140693,0.0137013,0.0192581,0.0251868,0.0262663,0.0297273,0.027788,0.0245277,0.0165748,0.0212778,0.0269701,0.0550525,0.0645217,0.0919531,0.108321,0.23518,0.107942152704,0.0239016735141779,0.0499478556056589,0.0679562575636494,0.0662376453736065,0.0918675154994024,0.11847404481983,0.123238923649371,0.138354253965247,0.129914817619943,0.115552883828311,0.0795765850454708,0.101015529420254,0.126332499629365,0.241961092401426,0.277798432236858,0.373828724730061,0.426191323986221,1,0.976098326485822,0.950052144394341,0.932043742436351,0.933762354626393,0.908132484500598,0.88152595518017,0.876761076350629,0.861645746034753,0.870085182380057,0.884447116171689,0.920423414954529,0.898984470579746,0.873667500370635,0.758038907598574,0.722201567763142,0.626171275269939,0.573808676013779,0,100000,2390.1673514178,97867.8324578171,3886923.73035884,38.8692373035884,2023,"Males","GMoH report",34.3706026964116
0,1,0.0245264,0.0133846,0.0140813,0.0144432,0.0196269,0.0252282,0.0270084,0.0304493,0.0276564,0.0244446,0.0167341,0.0230199,0.0261114,0.0546303,0.0649093,0.0935946,0.110998,0.255207,0.108281214544,0.0240014721639446,0.0521425847210844,0.0680122478363548,0.0696992977566045,0.093544527293174,0.118657229224214,0.12650055596096,0.141476824332157,0.129339348130883,0.115183936843583,0.0803106825191411,0.108836014570473,0.12255668353393,0.240328460289602,0.279234250637705,0.379236725847487,0.434436142607212,1,0.975998527836055,0.947857415278916,0.931987752163645,0.930300702243395,0.906455472706826,0.881342770775786,0.87349944403904,0.858523175667843,0.870660651869117,0.884816063156417,0.919689317480859,0.891163985429527,0.87744331646607,0.759671539710398,0.720765749362295,0.620763274152513,0.565563857392788,0,100000,2400.14721639447,97859.7436392811,3847010.53328318,38.4701053328318,2023,"Males","GMoH report",34.7697346671682
0,1,0.0247164,0.0130924,0.0136445,0.0140001,0.0187879,0.0244554,0.0254514,0.0303976,0.0271405,0.0237707,0.0152725,0.021115,0.0265031,0.0516425,0.0665758,0.0842444,0.0961269,0.247039,0.108900654444,0.0241837583365464,0.0510333031633289,0.0659721089002755,0.0676333169967833,0.0897251329372219,0.115231894799783,0.119644217882466,0.141253575763434,0.127079965491448,0.11218661412882,0.0735541120589492,0.100281395818244,0.124280925507927,0.2286875128005,0.285380424788427,0.347941659211753,0.387509324731233,1,0.975816241663454,0.948966696836671,0.934027891099725,0.932366683003217,0.910274867062778,0.884768105200217,0.880355782117535,0.858746424236566,0.872920034508552,0.88781338587118,0.926445887941051,0.899718604181756,0.875719074492073,0.7713124871995,0.714619575211573,0.652058340788247,0.612490675268767,0,100000,2418.37583365465,97844.9868773219,3920506.51479958,39.2050651479958,2023,"Males","GMoH report",34.0347748520042
0,1,0.0241373,0.0122774,0.012467,0.0131455,0.0173721,0.0223985,0.0235894,0.0282878,0.0237923,0.023647,0.0152307,0.0204254,0.0250648,0.0462374,0.0612453,0.0801334,0.0936355,0.225781,0.107012666833,0.0236280146100994,0.047932624004104,0.0604508966777948,0.0636361766012216,0.0832451426436985,0.10605388039967,0.111378613345849,0.132097155230665,0.112282832887714,0.111635394561982,0.0733601826647211,0.0971653948595875,0.117934018530822,0.207232293841798,0.26556498245077,0.333796399084088,0.379371013632528,1,0.976371985389901,0.952067375995896,0.939549103322205,0.936363823398778,0.916754857356301,0.89394611960033,0.888621386654151,0.867902844769335,0.887717167112286,0.888364605438018,0.926639817335279,0.902834605140413,0.882065981469178,0.792767706158202,0.73443501754923,0.666203600915912,0.620628986367472,0,100000,2362.80146100993,97890.0482245296,4081594.35934929,40.8159435934929,2023,"Males","GMoH report",32.4238964065071
0,1,0.0239341,0.0117454,0.012072,0.0124628,0.0173437,0.0228986,0.0245996,0.0266041,0.0240683,0.0223058,0.0152493,0.0213632,0.0239122,0.0479638,0.0583177,0.0759602,0.0939878,0.234783,0.106350192161,0.0234329006277562,0.0459032948806184,0.0585917024209361,0.0604311467603866,0.083114708572335,0.10829357202885,0.115871988574648,0.1247250085032,0.113511432002817,0.105638141839397,0.0734464814269404,0.101400407059753,0.112816757809754,0.214141410533619,0.254485916646902,0.31918719254257,0.380526806532469,1,0.976567099372244,0.954096705119382,0.941408297579064,0.939568853239613,0.916885291427665,0.89170642797115,0.884128011425352,0.8752749914968,0.886488567997183,0.894361858160603,0.92655351857306,0.898599592940247,0.887183242190246,0.785858589466381,0.745514083353098,0.68081280745743,0.619473193467531,0,100000,2343.29006277563,97905.9192856895,4111949.95945701,41.1194995945701,2023,"Males","GMoH report",32.1203404054299
0,1,0.0233736,0.0129521,0.0126913,0.0134054,0.017487,0.0234847,0.0247106,0.0271948,0.0247337,0.0224954,0.0143,0.0199075,0.0242095,0.0485047,0.0649441,0.0803005,0.100224,0.242118,0.104522844456,0.0228944080240901,0.0505002318929974,0.0615050523236133,0.0648535311827083,0.0837726683705121,0.110911681106779,0.116364413791415,0.12731802915204,0.116466859116665,0.106488259990523,0.0690321023412986,0.0948185016938254,0.114139358029464,0.216295169259096,0.279363046009187,0.33437608330618,0.4007164790174,1,0.97710559197591,0.949499768107003,0.938494947676387,0.935146468817292,0.916227331629488,0.889088318893221,0.883635586208585,0.87268197084796,0.883533140883335,0.893511740009477,0.930967897658701,0.905181498306175,0.885860641970536,0.783704830740904,0.720636953990813,0.66562391669382,0.5992835209826,0,100000,2289.44080240901,97949.8580624724,4048326.63182923,40.4832663182923,2023,"Males","GMoH report",32.7565736817077
0,1,0.0228965,0.0108968,0.0115122,0.0120752,0.0162812,0.0222876,0.0231431,0.0249234,0.0229648,0.0199705,0.0149733,0.0202612,0.0227928,0.0419974,0.0546386,0.0766873,0.093925,0.226164,0.103601179075,0.0224360143654029,0.042657538665343,0.0559507105743159,0.0586067785685719,0.0782221248521432,0.105556497514964,0.109386635395922,0.117307731228734,0.108589650959134,0.0951042989924292,0.072165124840562,0.0964219394985785,0.107820189937009,0.190034602013496,0.240360585308859,0.321750967563012,0.380320898921901,1,0.977563985634597,0.957342461334657,0.944049289425684,0.941393221431428,0.921777875147857,0.894443502485036,0.890613364604078,0.882692268771266,0.891410349040866,0.904895701007571,0.927834875159438,0.903578060501422,0.892179810062991,0.809965397986504,0.759639414691141,0.678249032436988,0.619679101078099,0,100000,2243.6014365403,97988.8383176596,4235554.38373707,42.3555438373707,2023,"Males","GMoH report",30.8842961626293
0,1,0.0251807,0.0126731,0.0142514,0.0143373,0.0200727,0.0261141,0.0267053,0.0303244,0.0274881,0.0239834,0.0175455,0.0217709,0.0260186,0.0524037,0.0657477,0.0887933,0.0985776,0.246536,0.110414369947,0.024629000804387,0.0494393015744341,0.0688055610675063,0.0692059343921003,0.0955677433929889,0.122568579636299,0.125169760019386,0.14093739513725,0.128602878068419,0.113133674573108,0.0840411404266122,0.103235666566849,0.122147718432951,0.2316678665537,0.282331829013863,0.363316354786369,0.395435334439413,1,0.975370999195613,0.950560698425566,0.931194438932494,0.9307940656079,0.904432256607011,0.877431420363701,0.874830239980614,0.85906260486275,0.871397121931581,0.886866325426892,0.915958859573388,0.896764333433151,0.877852281567049,0.7683321334463,0.717668170986137,0.636683645213631,0.604564665560587,0,100000,2462.9000804387,97809.0394801854,3854009.07974633,38.5400907974633,2023,"Males","GMoH report",34.6997492025367
0,1,0.0235433,0.0123315,0.0128894,0.0127601,0.0169034,0.0237205,0.0237328,0.0269194,0.0239433,0.0219183,0.0154092,0.0206444,0.0237434,0.0477062,0.0601149,0.0821486,0.0967291,0.239795,0.105076102093,0.0230574910725148,0.0481387539122619,0.0624351218510332,0.0618281660460883,0.0810902477648299,0.111962956713211,0.112017762136894,0.126109987037366,0.112955199433509,0.10389831396268,0.074188053610753,0.0981560672149683,0.112064990274775,0.213113867978598,0.261303861274651,0.340760504126736,0.38946419688317,1,0.976942508927485,0.951861246087738,0.937564878148967,0.938171833953912,0.91890975223517,0.888037043286789,0.887982237863106,0.873890012962634,0.887044800566491,0.896101686037321,0.925811946389247,0.901843932785032,0.887935009725225,0.786886132021402,0.738696138725349,0.659239495873264,0.61053580311683,0,100000,2305.74910725148,97936.5300213429,4087133.96946601,40.8713396946601,2023,"Males","GMoH report",32.3685003053399
0,1,0.0227264,0.0113461,0.0126921,0.0123805,0.0163725,0.0238573,0.0235316,0.0261961,0.0235765,0.0223114,0.0154961,0.020118,0.0236522,0.0431717,0.060423,0.0816632,0.0928897,0.238157,0.10394060512,0.0222728315103037,0.0443773796260497,0.0615088100789911,0.0600440612492589,0.0786435223267627,0.112572320920272,0.111120870319948,0.122929796870502,0.111321095480982,0.105663261754241,0.0745908325011956,0.095773092321681,0.111658572763224,0.194830581465378,0.262467339815778,0.339088392054863,0.376918811652993,1,0.977727168489696,0.95562262037395,0.938491189921009,0.939955938750741,0.921356477673237,0.887427679079728,0.888879129680052,0.877070203129498,0.888678904519018,0.894336738245759,0.925409167498804,0.904226907678319,0.888341427236776,0.805169418534622,0.737532660184222,0.660911607945137,0.623081188347007,0,100000,2227.28315103037,98004.2220074613,4137635.75766617,41.3763575766617,2023,"Males","GMoH report",31.8634824233383
0,1,0.0235354,0.0117634,0.0121948,0.0121441,0.0165161,0.0230254,0.0234146,0.0262021,0.0224789,0.021593,0.0160327,0.0206877,0.0242637,0.0425323,0.0577105,0.0750263,0.0955787,0.230578,0.105050346434,0.0230499000006225,0.0459720253539038,0.0591700817186437,0.0589313300857637,0.0793059379937534,0.10886060269667,0.110598925969959,0.122956221942595,0.106414308501561,0.102435287113401,0.0770742299824028,0.0983518177498415,0.114380278114767,0.192222353035021,0.252170312894286,0.315882720598838,0.385725617343925,1,0.976950099999378,0.954027974646096,0.940829918281356,0.941068669914236,0.920694062006247,0.89113939730333,0.889401074030041,0.877043778057405,0.893585691498439,0.897564712886599,0.922925770017597,0.901648182250159,0.885619721885233,0.807777646964979,0.747829687105714,0.684117279401162,0.614274382656075,0,100000,2304.99000006224,97937.1499979712,4161996.0547026,41.619960547026,2023,"Males","GMoH report",31.619879452974
0,1,0.0246151,0.0130891,0.0141271,0.0148295,0.0189599,0.0265075,0.02567,0.0308303,0.0260057,0.0250009,0.0171442,0.0218272,0.0263178,0.0536824,0.0692782,0.0927305,0.100002,0.250633,0.108570395171,0.0240865771763708,0.0510207681277969,0.0682259142181229,0.0714968438840536,0.0905093781051599,0.124300276079553,0.120609862099749,0.143120388700609,0.122090854652884,0.117651044974258,0.0821979545682284,0.103488821963117,0.123465639952167,0.23665189568738,0.295254286263457,0.376394398154772,0.4000063999744,1,0.975913422823629,0.948979231872203,0.931774085781877,0.928503156115946,0.90949062189484,0.875699723920447,0.879390137900251,0.856879611299391,0.877909145347116,0.882348955025742,0.917802045431772,0.896511178036883,0.876534360047833,0.76334810431262,0.704745713736543,0.623605601845228,0.5999936000256,0,100000,2408.65771763709,97852.8512025985,3857091.20286006,38.5709120286006,2023,"Males","GMoH report",34.6689279713994
0,1,0.0246345,0.0118443,0.0131668,0.0130271,0.0181215,0.0233472,0.0251415,0.0277314,0.0253147,0.023469,0.0159166,0.0204998,0.0249814,0.046615,0.0617384,0.0817564,0.093349,0.235054,0.108633643245,0.0241051894630555,0.0462808709601728,0.0637360020214596,0.0630810908049375,0.0866805462048711,0.110298119368688,0.118273563037248,0.129667356663551,0.119039854488923,0.110841643662228,0.0765374596734057,0.0975020677774401,0.117564674595171,0.208748026823998,0.267417221526301,0.339409709969603,0.378429874186428,1,0.975894810536944,0.953719129039827,0.93626399797854,0.936918909195062,0.913319453795129,0.889701880631312,0.881726436962752,0.870332643336449,0.880960145511077,0.889158356337772,0.923462540326594,0.90249793222256,0.882435325404829,0.791251973176002,0.732582778473698,0.660590290030397,0.621570125813572,0,100000,2410.51894630556,97851.3445089427,4032305.97133398,40.3230597133398,2023,"Males","GMoH report",32.9167802866602
0,1,0.0235971,0.0116139,0.0122856,0.0126195,0.016028,0.0220942,0.0222358,0.0244871,0.0221734,0.0194097,0.014615,0.0188165,0.022617,0.0426533,0.0574569,0.0799968,0.0942429,0.231891,0.105251501391,0.0231091849221244,0.0454010338655772,0.0595975217179547,0.0611677344381446,0.0770525060813214,0.104688479491071,0.105324086683318,0.115372646188777,0.105044041145179,0.0925572298399393,0.0704991377543022,0.0898555811435318,0.107033081963101,0.192716511997087,0.251201370008847,0.333322222148148,0.381362686241927,1,0.976890815077876,0.954598966134423,0.940402478282045,0.938832265561855,0.922947493918679,0.895311520508929,0.894675913316682,0.884627353811223,0.894955958854821,0.907442770160061,0.929500862245698,0.910144418856468,0.892966918036899,0.807283488002913,0.748798629991153,0.666677777851852,0.618637313758073,0,100000,2310.91849221243,97932.3091486852,4225572.82056462,42.2557282056462,2023,"Males","GMoH report",30.9841117943538
0,1,0.0242922,0.0125728,0.013605,0.0143172,0.0176468,0.0247622,0.0258895,0.0282048,0.0254969,0.0235949,0.0159213,0.0216521,0.0252154,0.0502107,0.0634585,0.0862719,0.103819,0.246931,0.107517673362,0.0237767123365395,0.0490576167912148,0.0657874058582464,0.0691122647092614,0.0845058551867272,0.116593237345508,0.121578484559962,0.131735094982588,0.119845291469809,0.1114031354013,0.0765591952131329,0.102701255371431,0.118600596309541,0.223054227720487,0.273847604478071,0.354829880155526,0.412128165075156,1,0.976223287663461,0.950942383208785,0.934212594141754,0.930887735290739,0.915494144813273,0.883406762654492,0.878421515440038,0.868264905017412,0.880154708530191,0.8885968645987,0.923440804786867,0.897298744628569,0.881399403690459,0.776945772279513,0.726152395521929,0.645170119844474,0.587871834924844,0,100000,2377.67123365395,97877.9704454083,3959615.97601843,39.5961597601843,2023,"Males","GMoH report",33.6436802398157
0,1,0.0239305,0.0120022,0.0143198,0.0136658,0.0185907,0.0246094,0.0271852,0.030016,0.0243586,0.0229235,0.0169339,0.020193,0.0247661,0.0515118,0.0662795,0.0889698,0.0991514,0.247871,0.106338455405,0.023429443369273,0.0468833922979237,0.0691243816974231,0.0660716936232098,0.0888251936796494,0.115915474315924,0.127275944953149,0.13960410775413,0.114801962302637,0.108404947939757,0.0812306219283201,0.0961129766559652,0.116610529889273,0.228174767525456,0.284290859881251,0.363907137005189,0.397279863384136,1,0.976570556630727,0.953116607702076,0.930875618302577,0.93392830637679,0.911174806320351,0.884084525684076,0.872724055046851,0.86039589224587,0.885198037697362,0.891595052060243,0.91876937807168,0.903887023344035,0.883389470110727,0.771825232474544,0.715709140118749,0.636092862994811,0.602720136615865,0,100000,2342.94433692731,97906.2007449614,3939685.1757346,39.396851757346,2023,"Males","GMoH report",33.842988242654
0,1,0.0235428,0.0110077,0.0123926,0.0130475,0.0162011,0.0228227,0.0233167,0.0253874,0.0240809,0.0209133,0.0144177,0.0186424,0.0242374,0.045397,0.0557664,0.0763757,0.0892381,0.231135,0.105074471988,0.0230570106275032,0.0430823253739621,0.060100981443411,0.0631767532789812,0.0778522690113025,0.107953995847432,0.110161966206389,0.119361316296627,0.113567482053542,0.0993710581252719,0.0695805222605116,0.0890612131021607,0.114263381776336,0.203849599346201,0.244714836372317,0.32065321551876,0.364804376437567,1,0.976942989372497,0.956917674626038,0.939899018556589,0.936823246721019,0.922147730988698,0.892046004152568,0.889838033793611,0.880638683703373,0.886432517946458,0.900628941874728,0.930419477739488,0.910938786897839,0.885736618223664,0.796150400653799,0.755285163627683,0.67934678448124,0.635195623562433,0,100000,2305.70106275032,97936.5692589803,4175665.65350729,41.7566565350729,2023,"Males","GMoH report",31.4831834649271
0,1,0.0245572,0.0126997,0.0132294,0.0138242,0.0189479,0.025037,0.025355,0.0286326,0.025567,0.0245377,0.0162082,0.0212752,0.0259114,0.0481611,0.0653251,0.083946,0.104617,0.247503,0.108381629012,0.0240310250700635,0.0495405009989278,0.0640293260837685,0.0668119457489436,0.0904546842220715,0.117810919990495,0.119218064910487,0.133599730865081,0.120154993220809,0.115597272044391,0.077885058487555,0.101003809386358,0.121675071388087,0.214927623124809,0.280771873255924,0.34692300380621,0.414639221429322,1,0.975968974929937,0.950459499001072,0.935970673916232,0.933188054251056,0.909545315777929,0.882189080009505,0.880781935089513,0.866400269134919,0.879845006779191,0.884402727955609,0.922114941512445,0.898996190613642,0.878324928611913,0.785072376875191,0.719228126744076,0.65307699619379,0.585360778570678,0,100000,2403.10250700635,97857.3496573858,3948571.59028808,39.4857159028808,2023,"Males","GMoH report",33.7541240971192
0,1,0.0240651,0.0121997,0.0134301,0.0143391,0.0183335,0.0258197,0.0269561,0.0317624,0.0281636,0.0243952,0.0161479,0.0206816,0.025308,0.049041,0.0697271,0.0899705,0.100921,0.245073,0.106777279671,0.0235586942275348,0.0476364980299676,0.0649691447236183,0.0692143222785395,0.0876501642828031,0.121270575316266,0.126271061591578,0.147129069136173,0.131555321377156,0.114964542483044,0.0776065432506087,0.0983242433232164,0.119010223179437,0.218425488986529,0.296883445728381,0.367248640479376,0.402941781238958,1,0.976441305772465,0.952363501970032,0.935030855276382,0.93078567772146,0.912349835717197,0.878729424683733,0.873728938408422,0.852870930863827,0.868444678622844,0.885035457516956,0.922393456749391,0.901675756676784,0.880989776820563,0.781574511013471,0.703116554271619,0.632751359520624,0.597058218761042,0,100000,2355.86942275349,97895.6839054682,3893508.45643017,38.9350845643017,2023,"Males","GMoH report",34.3047554356983
0,1,0.0255831,0.0136297,0.0153585,0.0156912,0.0203188,0.0256759,0.0285082,0.0311242,0.0282519,0.0263209,0.0169842,0.0214116,0.0253307,0.0521566,0.072217,0.0926345,0.102802,0.249288,0.111726278451,0.025014647257916,0.0530720867582229,0.073952982784751,0.0754945016877913,0.0966828036242966,0.120635911029964,0.133057897141758,0.144386234871529,0.131940570491339,0.123479285205112,0.0814620793785472,0.101618465177513,0.11911061204846,0.230701487051168,0.305863617785891,0.376078005093025,0.408916432313316,1,0.974985352742084,0.946927913241777,0.926047017215249,0.924505498312209,0.903317196375703,0.879364088970036,0.866942102858242,0.855613765128471,0.868059429508661,0.876520714794888,0.918537920621453,0.898381534822487,0.88088938795154,0.769298512948832,0.694136382214109,0.623921994906975,0.591083567686684,0,100000,2501.46472579161,97778.0146186975,3767753.7544897,37.677537544897,2023,"Males","GMoH report",35.562302455103
0,1,0.0252562,0.0129664,0.0139674,0.0152357,0.0189762,0.0259017,0.0264349,0.0300332,0.0270244,0.0241476,0.016826,0.0229802,0.0263767,0.053082,0.0677706,0.0926727,0.10152,0.245539,0.110660515802,0.0247013741387521,0.0505545782335841,0.0674806760145847,0.073383382016527,0.090583665611555,0.121632292146286,0.123980940584366,0.139678517844669,0.126570753334002,0.113864135975307,0.0807339273461828,0.108658514039191,0.123724865828738,0.234315201221854,0.289759980640083,0.376203917935782,0.404849258254905,1,0.975298625861248,0.949445421766416,0.932519323985415,0.926616617983473,0.909416334388445,0.878367707853714,0.876019059415634,0.860321482155331,0.873429246665999,0.886135864024693,0.919266072653817,0.891341485960809,0.876275134171262,0.765684798778146,0.710240019359917,0.623796082064218,0.595150741745095,0,100000,2470.13741387521,97803.209266446,3856524.67607513,38.5652467607513,2023,"Males","GMoH report",34.6745932392487
0,1,0.0248531,0.0131207,0.0140515,0.0137653,0.0177866,0.0256159,0.0260071,0.0290966,0.0266258,0.0247366,0.0157835,0.0215237,0.0255949,0.0523399,0.0677287,0.0911251,0.102506,0.238634,0.109346325151,0.0243148779023531,0.0511407939691383,0.0678731993483902,0.0665367540487325,0.0851468189740887,0.120370972982917,0.122097026082429,0.135617947100956,0.124820392953263,0.116479719430819,0.0759217236855238,0.102123320705336,0.120278227018228,0.231418453247215,0.28960677418341,0.371087122201655,0.407979208208459,1,0.975685122097647,0.948859206030862,0.93212680065161,0.933463245951268,0.914853181025911,0.879629027017083,0.877902973917571,0.864382052899044,0.875179607046737,0.883520280569181,0.924078276314476,0.897876679294664,0.879721772981772,0.768581546752785,0.71039322581659,0.628912877798345,0.592020791791541,0,100000,2431.4877902353,97834.3864642765,3912618.81043188,39.1261881043188,2023,"Males","GMoH report",34.1136518956812
0,1,0.0222292,0.0110918,0.0118613,0.0123435,0.0168891,0.0227164,0.0237384,0.0254991,0.0235391,0.0210707,0.0150685,0.0188567,0.0235163,0.0447122,0.0593105,0.0781155,0.091282,0.244258,0.10493274286,0.021795542181777,0.0434043355812009,0.0575985167822274,0.0598699870375064,0.0810244259204666,0.107478205245881,0.112042713145658,0.119855012619298,0.111154318456076,0.100081530251333,0.0726072925312328,0.0900389082948894,0.111052632448857,0.201083757090541,0.258258846684324,0.326764139627349,0.371607345679264,1,0.978204457818223,0.956595664418799,0.942401483217773,0.940130012962494,0.918975574079533,0.892521794754119,0.887957286854342,0.880144987380702,0.888845681543924,0.899918469748667,0.927392707468767,0.909961091705111,0.888947367551143,0.798916242909459,0.741741153315676,0.67323586037265,0.628392654320736,0,100000,2179.5542181777,98049.1523841478,4181630.55575575,41.8163055575575,2023,"Males","GMoH report",31.4235344424425
0,1,0.0250976,0.0125312,0.0134025,0.0140945,0.0190205,0.0240522,0.0264768,0.0280112,0.0262722,0.0248107,0.0170376,0.0212575,0.0237062,0.0482488,0.0680958,0.084987,0.0977609,0.238046,0.110143446496,0.024549333263205,0.0488992670104766,0.064839956217004,0.0680738333882725,0.0907855343592975,0.113439807646323,0.124165253537824,0.130890032784189,0.123264899751849,0.116808263068703,0.0817077405010963,0.100924019156929,0.111899235838418,0.215276873022304,0.290948134975789,0.350471249744838,0.392802648821954,1,0.975450666736795,0.951100732989523,0.935160043782996,0.931926166611728,0.909214465640703,0.886560192353677,0.875834746462176,0.869109967215811,0.876735100248151,0.883191736931297,0.918292259498904,0.899075980843071,0.888100764161582,0.784723126977696,0.709051865024211,0.649528750255162,0.607197351178046,0,100000,2454.93332632049,97815.4614911583,3941880.85870519,39.4188085870519,2023,"Males","GMoH report",33.8210314129481
0,1,0.0245965,0.0122607,0.0127582,0.0130692,0.0173776,0.0244277,0.0247037,0.0270918,0.0244472,0.0213196,0.0149672,0.0215103,0.0244466,0.0457343,0.058816,0.0835376,0.1006,0.235681,0.108509755265,0.0240687319227178,0.0478689854599426,0.0618192442936324,0.0632785015198422,0.08327040071149,0.115108886625449,0.11633381107817,0.126866402024108,0.115195482500532,0.101203931647139,0.0721367857507774,0.102062986361187,0.115192818130714,0.205208798156211,0.256381643185939,0.345526800811354,0.401917698761486,1,0.975931268077282,0.952131014540057,0.938180755706368,0.936721498480158,0.91672959928851,0.884891113374551,0.883666188921829,0.873133597975892,0.884804517499468,0.898796068352861,0.927863214249223,0.897937013638813,0.884807181869286,0.794791201843789,0.743618356814061,0.654473199188646,0.598082301238514,0,100000,2406.87319227177,97854.2960287755,4058518.19539007,40.5851819539007,2023,"Males","GMoH report",32.6546580460993
0,1,0.0228312,0.0113502,0.0123108,0.0126507,0.0172558,0.0229158,0.0244861,0.0258892,0.0239929,0.0221133,0.0145632,0.0202776,0.0227441,0.0435673,0.0590061,0.0816036,0.101461,0.242301,0.10373148196,0.0223733761589435,0.044393059785642,0.0597161170650878,0.0613143271052248,0.0827108934135847,0.10837050779375,0.115368206402989,0.121577161383759,0.113175951767117,0.104774239522896,0.07025804509421,0.096496220593246,0.107602211361436,0.196440540139005,0.25710377269496,0.338882848882359,0.404661578866552,1,0.977626623841056,0.955606940214358,0.940283882934912,0.938685672894775,0.917289106586415,0.89162949220625,0.884631793597011,0.878422838616241,0.886824048232883,0.895225760477104,0.92974195490579,0.903503779406754,0.892397788638564,0.803559459860995,0.74289622730504,0.661117151117641,0.595338421133448,0,100000,2237.33761589436,97994.7447306472,4134200.57514593,41.3420057514593,2023,"Males","GMoH report",31.8978342485407
0,1,0.0245972,0.0127446,0.0134435,0.0136931,0.0194409,0.0260313,0.0250019,0.0299892,0.0280359,0.0265837,0.017227,0.0229537,0.0259327,0.0504954,0.0652846,0.0854085,0.107487,0.249148,0.108512037412,0.0240694035268663,0.049711298763556,0.0650318604597726,0.0661993153862126,0.0926991144640401,0.122203697240085,0.117655474010822,0.139488154586208,0.130997890597494,0.124635329479303,0.0825785483681545,0.108540012772084,0.121769002473865,0.224177205804987,0.280622225622769,0.35190360284173,0.423604939633922,1,0.975930596473134,0.950288701236444,0.934968139540227,0.933800684613787,0.90730088553596,0.877796302759915,0.882344525989178,0.860511845413792,0.869002109402506,0.875364670520697,0.917421451631846,0.891459987227916,0.878230997526135,0.775822794195013,0.719377774377231,0.64809639715827,0.576395060366078,0,100000,2406.94035268662,97854.2416489126,3886872.7831001,38.868727831001,2023,"Males","GMoH report",34.371112168999
0,1,0.0251217,0.0131618,0.014715,0.0146002,0.0200521,0.027013,0.0279842,0.0299538,0.0275634,0.0258808,0.0183812,0.0222225,0.0256077,0.0513099,0.06699,0.0910475,0.110964,0.24179,0.110222017557,0.0245724387744638,0.0512968814124512,0.0709643972366565,0.0704302602844861,0.0954743471107513,0.126520738244503,0.130772117288442,0.139334970408449,0.128932457736092,0.121540111693225,0.0878681929302751,0.105264404431313,0.120334758981099,0.227382115925221,0.286901218441508,0.37082970588385,0.434331968592699,1,0.975427561225536,0.948703118587549,0.929035602763344,0.929569739715514,0.904525652889249,0.873479261755497,0.869227882711558,0.860665029591551,0.871067542263908,0.878459888306775,0.912131807069725,0.894735595568687,0.879665241018901,0.772617884074779,0.713098781558492,0.62917029411615,0.565668031407301,0,100000,2457.24387744638,97813.5985003554,3805535.10686362,38.0553510686362,2023,"Males","GMoH report",35.1844889313638
0,1,0.0237776,0.0120759,0.0125128,0.0130757,0.016976,0.0240921,0.0239387,0.0269767,0.0243753,0.0214952,0.0154216,0.0210434,0.0239917,0.0474116,0.0620675,0.0884902,0.0918103,0.23495,0.105839969296,0.023282589344174,0.0471644926074435,0.06066623872035,0.0633089770228556,0.0814243505621427,0.113617301524834,0.112934723817382,0.126361461878365,0.114876148541162,0.101994993062792,0.0742455375454719,0.0999583415866393,0.113170611594519,0.211937285488351,0.268651225199781,0.362300819955037,0.373356556379563,1,0.976717410655826,0.952835507392557,0.93933376127965,0.936691022977144,0.918575649437857,0.886382698475166,0.887065276182618,0.873638538121635,0.885123851458838,0.898005006937208,0.925754462454528,0.900041658413361,0.886829388405481,0.788062714511649,0.731348774800219,0.637699180044963,0.626643443620437,0,100000,2328.2589344174,97918.1639197145,4079016.66432408,40.7901666432408,2023,"Males","GMoH report",32.4496733567592
0,1,0.0247075,0.013631,0.0140329,0.014526,0.0193255,0.0256736,0.0259333,0.031328,0.0260877,0.0241659,0.015836,0.022078,0.0265535,0.0541942,0.0668059,0.0894468,0.102842,0.237769,0.108871638575,0.0241752207714467,0.0530770144325401,0.0677864005493283,0.0700848680179289,0.0921742178808587,0.120625756448133,0.121771648283898,0.145263001706358,0.122452255721064,0.113945510471257,0.0761646418299522,0.10461573453248,0.124502553606992,0.238638890589092,0.286225602547012,0.365501623465513,0.409042999590329,1,0.975824779228553,0.94692298556746,0.932213599450672,0.929915131982071,0.907825782119141,0.879374243551867,0.878228351716102,0.854736998293642,0.877547744278936,0.886054489528743,0.923835358170048,0.89538426546752,0.875497446393008,0.761361109410908,0.713774397452988,0.634498376534487,0.590957000409671,0,100000,2417.52207714468,97845.6775126853,3863233.80201775,38.6323380201775,2023,"Males","GMoH report",34.6075019798225
0,1,0.0255448,0.0131624,0.0143813,0.0147749,0.0186218,0.026307,0.0266972,0.030982,0.0275606,0.0271761,0.016804,0.0210842,0.0268172,0.05359,0.0662289,0.0848725,0.105483,0.248111,0.111601412408,0.0249779512671469,0.0512991598760938,0.06941095073547,0.0712429802285529,0.0889671775335159,0.12341810010157,0.125134170085953,0.143773985920526,0.128920204527732,0.127236050893297,0.0806326234872986,0.100142441820425,0.125661290126077,0.236292687228554,0.284104653315142,0.350081722514682,0.417355281977831,1,0.975022048732853,0.948700840123906,0.93058904926453,0.928757019771447,0.911032822466484,0.87658189989843,0.874865829914047,0.856226014079474,0.871079795472268,0.872763949106703,0.919367376512701,0.899857558179575,0.874338709873923,0.763707312771446,0.715895346684858,0.649918277485318,0.582644718022169,0,100000,2497.79512671469,97780.9623373325,3834724.94231467,38.3472494231467,2023,"Males","GMoH report",34.8925905768533
0,1,0.0250751,0.0122764,0.013159,0.0133613,0.0183224,0.0246051,0.0236854,0.0284731,0.0260821,0.0235623,0.0157675,0.0213657,0.0244188,0.0454796,0.0620264,0.0789641,0.0993915,0.240944,0.110070091771,0.0245277610153565,0.0479288134296251,0.0636994474282298,0.0646470775082234,0.0875994209251047,0.115896394084763,0.111806543251195,0.13290495949454,0.122427579098019,0.111257777191218,0.0758476792919119,0.101411671619213,0.115069360735198,0.204182638217328,0.268497211414759,0.329728679038784,0.398050427370109,1,0.975472238984644,0.952071186570375,0.93630055257177,0.935352922491777,0.912400579074895,0.884103605915237,0.888193456748805,0.86709504050546,0.877572420901981,0.888742222808782,0.924152320708088,0.898588328380787,0.884930639264802,0.795817361782672,0.731502788585241,0.670271320961216,0.601949572629891,0,100000,2452.77610153565,97817.2011890541,4005961.72961888,40.0596172961888,2023,"Males","GMoH report",33.1802227038112
0,1,0.0246634,0.011382,0.0124344,0.0133351,0.0167384,0.0229786,0.0248735,0.0255972,0.0243513,0.0223661,0.0147586,0.0209541,0.0238013,0.0450631,0.0601751,0.0781049,0.0884358,0.227676,0.108727863314,0.0241329150584245,0.0445146680954746,0.0602975891438736,0.0645244016295737,0.0803304903027895,0.108651359666896,0.117086615192522,0.120288385355919,0.114769531753526,0.105908594463429,0.0711671801380369,0.0995552721781306,0.112322921142526,0.20250207217808,0.261531317100817,0.326727042538154,0.3621184196572,1,0.975867084941575,0.955485331904525,0.939702410856126,0.935475598370426,0.919669509697211,0.891348640333104,0.882913384807478,0.879711614644081,0.885230468246474,0.894091405536571,0.928832819861963,0.900444727821869,0.887677078857474,0.79749792782192,0.738468682899183,0.673272957461846,0.6378815803428,0,100000,2413.29150584246,97849.1005231416,4113249.06360103,41.1324906360103,2023,"Males","GMoH report",32.1073493639897
0,1,0.0241169,0.011233,0.0121718,0.0125936,0.016925,0.0212205,0.0244116,0.025378,0.0236469,0.0210954,0.0144292,0.0197686,0.0241339,0.0439585,0.0583792,0.0772091,0.0984038,0.232825,0.106946158549,0.0236084289709767,0.0439447375267246,0.0590617795783215,0.0610460268894137,0.0811896624093062,0.100757204362086,0.115037383521091,0.119319757956453,0.111634948821766,0.100192972898778,0.0696340894898332,0.0941880836251211,0.113803211674426,0.198029770800649,0.254720109463955,0.323586033879069,0.394875801508736,1,0.976391571029023,0.956055262473275,0.940938220421679,0.938953973110586,0.918810337590694,0.899242795637914,0.884962616478909,0.880680242043547,0.888365051178234,0.899807027101222,0.930365910510167,0.905811916374879,0.886196788325574,0.801970229199351,0.745279890536045,0.676413966120931,0.605124198491264,0,100000,2360.84289709767,97891.6401816846,4173140.32252324,41.7314032252324,2023,"Males","GMoH report",31.5084367747676
0,1,0.024622,0.0126407,0.0134012,0.0134177,0.018921,0.0252901,0.024897,0.028424,0.0255165,0.0235488,0.0162686,0.0204592,0.0248437,0.0482343,0.0691419,0.0791919,0.0999912,0.23941,0.10859289062,0.0240931970693421,0.0493160219233471,0.0648338708257257,0.064911105644485,0.090332067382633,0.118931054355603,0.1171907544652,0.13269097903012,0.119931894532879,0.11119757628873,0.0781639547157773,0.0973183604972849,0.116954541164198,0.21521913874061,0.294759005750712,0.3305226987351,0.399971839504375,1,0.975906802930658,0.950683978076653,0.935166129174274,0.935088894355515,0.909667932617367,0.881068945644397,0.8828092455348,0.86730902096988,0.880068105467121,0.88880242371127,0.921836045284223,0.902681639502715,0.883045458835802,0.784780861259391,0.705240994249288,0.6694773012649,0.600028160495625,0,100000,2409.31970693421,97852.3152844695,3965484.14282598,39.6548414282599,2023,"Males","GMoH report",33.5849985717402
0,1,0.0261087,0.012858,0.0146986,0.0148613,0.0200375,0.0279623,0.0264043,0.031198,0.0293237,0.02683,0.0157861,0.0230875,0.0265368,0.0502926,0.0681411,0.083485,0.102156,0.260462,0.113439844827,0.0255180357334385,0.0501425345807221,0.0708881100635498,0.0716446677479919,0.0954081480820165,0.13067646379132,0.123846312056422,0.144703825156888,0.136604152065213,0.125717498770002,0.0759337553612302,0.109138180636393,0.124429123114348,0.223377421703133,0.291113512571317,0.345346804968096,0.406869578378034,1,0.974481964266562,0.949857465419278,0.92911188993645,0.928355332252008,0.904591851917984,0.86932353620868,0.876153687943578,0.855296174843112,0.863395847934787,0.874282501229998,0.92406624463877,0.890861819363607,0.875570876885652,0.776622578296867,0.708886487428683,0.654653195031904,0.593130421621966,0,100000,2551.80357334384,97737.6726280453,3793298.23087391,37.932982308739,2023,"Males","GMoH report",35.306857691261
0,1,0.0245304,0.0139393,0.0134459,0.0149806,0.018307,0.0266349,0.0260198,0.0298503,0.02798,0.0252664,0.0173063,0.0218224,0.0253467,0.0503734,0.0646103,0.0862619,0.10382,0.247819,0.108294255384,0.0240053102771897,0.0542449273678818,0.0650430926996736,0.0721990377381497,0.0875290157707139,0.124860389996224,0.122153007911839,0.138886956691667,0.13075377354082,0.118826222809985,0.082942912675893,0.103467241189657,0.119181364284712,0.223696159675505,0.278126851686241,0.354796047150723,0.412131316740106,1,0.97599468972281,0.945755072632118,0.934956907300326,0.92780096226185,0.912470984229286,0.875139610003776,0.877846992088161,0.861113043308333,0.86924622645918,0.881173777190015,0.917057087324107,0.896532758810343,0.880818635715288,0.776303840324495,0.721873148313759,0.645203952849277,0.587868683259894,0,100000,2400.53102771897,97859.432692454,3863677.25595028,38.6367725595028,2023,"Males","GMoH report",34.6030674404972
0,1,0.0237805,0.0125211,0.0128486,0.0137144,0.0177736,0.0251933,0.0247114,0.0286489,0.0255372,0.0224281,0.0148593,0.020375,0.0250825,0.0447308,0.0611846,0.0811926,0.102342,0.240629,0.105849423905,0.0232853749738635,0.0488608176326789,0.0622436408891783,0.0662988767130175,0.0850872338510619,0.118502808016965,0.116367961867753,0.133670703459171,0.120023349310002,0.106186591280268,0.0716353713174563,0.0969372584002379,0.118012385830986,0.201158993260642,0.265336700314798,0.337464042464493,0.407459459889876,1,0.976714625026136,0.951139182367321,0.937756359110822,0.933701123286983,0.914912766148938,0.881497191983035,0.883632038132247,0.866329296540829,0.879976650689998,0.893813408719732,0.928364628682544,0.903062741599762,0.881987614169014,0.798841006739358,0.734663299685202,0.662535957535507,0.592540540110124,0,100000,2328.53749738635,97917.9368552532,4011961.59287625,40.1196159287625,2023,"Males","GMoH report",33.1202240712375
0,1,0.0248208,0.0123962,0.0131057,0.0142573,0.0184908,0.024455,0.0255636,0.0295658,0.0273423,0.0234705,0.0172223,0.019841,0.0251965,0.0516652,0.0637635,0.0828477,0.0978755,0.243401,0.109241020368,0.0242838987710108,0.0483852144102552,0.0634496207629185,0.0688330658264803,0.0883689677288007,0.115230118622704,0.120139974377508,0.137654347715763,0.127964397626914,0.110848335362204,0.0825569486578258,0.0945167337158591,0.118516968037131,0.228776536248531,0.274982830688487,0.343162864812238,0.393172590336339,1,0.975716101228989,0.951614785589745,0.936550379237082,0.93116693417352,0.911631032271199,0.884769881377296,0.879860025622492,0.862345652284237,0.872035602373086,0.889151664637796,0.917443051342174,0.905483266284141,0.881483031962869,0.771223463751469,0.725017169311513,0.656837135187762,0.606827409663661,0,100000,2428.38987710107,97836.8899109248,3946218.47535724,39.4621847535724,2023,"Males","GMoH report",33.7776552464276
0,1,0.0246357,0.0133579,0.0137911,0.0141786,0.0191154,0.0249982,0.0261665,0.0298504,0.0248943,0.0240618,0.0160349,0.0219245,0.0261134,0.0488886,0.0676325,0.0865176,0.105326,0.243916,0.108637555497,0.0241063407215983,0.0520412756870012,0.0666573060657902,0.0684661158253951,0.0912178364240493,0.117639086471425,0.122799422291522,0.138887389659286,0.117178790113212,0.113482515991773,0.0770843984483033,0.103926176365677,0.122565495476087,0.217820635231102,0.289254917055594,0.355660720187718,0.41686356926024,1,0.975893659278402,0.947958724312999,0.93334269393421,0.931533884174605,0.908782163575951,0.882360913528575,0.877200577708478,0.861112610340714,0.882821209886788,0.886517484008227,0.922915601551697,0.896073823634323,0.877434504523913,0.782179364768898,0.710745082944406,0.644339279812282,0.58313643073976,0,100000,2410.63407215982,97851.2513206374,3908110.41249044,39.0811041249044,2023,"Males","GMoH report",34.1587358750956
0,1,0.0249446,0.0128626,0.0135109,0.0134814,0.0184866,0.0246108,0.0267784,0.0284075,0.0253197,0.0235277,0.0151312,0.0215361,0.0247232,0.0496942,0.0648535,0.0847267,0.0999399,0.238121,0.109644634366,0.0244026283981695,0.0501600233668823,0.065347249613009,0.0652092210193735,0.0883497822869358,0.115921686400817,0.125490887073948,0.132619060123831,0.119061966798152,0.111103476820997,0.0728983993494105,0.102179149069321,0.11642029444118,0.221013301928288,0.279027693671232,0.349585446809511,0.399807656880357,1,0.97559737160183,0.949839976633118,0.934652750386991,0.934790778980626,0.911650217713064,0.884078313599183,0.874509112926052,0.867380939876169,0.880938033201848,0.888896523179003,0.927101600650589,0.89782085093068,0.88357970555882,0.778986698071712,0.720972306328768,0.650414553190489,0.600192343119643,0,100000,2440.26283981695,97827.2988870117,3956278.8211842,39.562788211842,2023,"Males","GMoH report",33.677051788158
0,1,0.0240322,0.0117669,0.0124446,0.0130166,0.0173157,0.0230266,0.0240055,0.026073,0.0239736,0.0235395,0.0153917,0.0197077,0.0239222,0.0471853,0.0593698,0.0799402,0.0929005,0.240798,0.106670018762,0.0235271040201209,0.0459853890511481,0.060345559136912,0.0630318490830635,0.0829860942207542,0.108865967293782,0.113232021754435,0.122387478202092,0.113090060324511,0.111156102323396,0.0741069212504727,0.0939115484419276,0.112861275016972,0.211032428838783,0.258483687869773,0.333125668572876,0.376954375173083,1,0.976472895979879,0.954014610948852,0.939654440863088,0.936968150916937,0.917013905779246,0.891134032706217,0.886767978245565,0.877612521797908,0.886909939675489,0.888843897676604,0.925893078749527,0.906088451558072,0.887138724983028,0.788967571161217,0.741516312130227,0.666874331427124,0.623045624826917,0,100000,2352.71040201208,97898.2532607121,4101508.89602373,41.0150889602373,2023,"Males","GMoH report",32.2247510397627
0,1,0.0233756,0.0123177,0.0131476,0.0130542,0.0180208,0.0232973,0.0246305,0.0282475,0.0252581,0.0236408,0.0159222,0.0198783,0.0256976,0.0445484,0.0595543,0.0795966,0.0945293,0.234093,0.104529364876,0.02289633027394,0.0480861777760167,0.0636460190014416,0.0632081697752983,0.0862196330900281,0.110075353658055,0.116009094966094,0.131921377240965,0.118789506890051,0.111607758270686,0.0765633572817224,0.0946860078265536,0.120731711900654,0.20042092154645,0.259182864788775,0.33193146073179,0.38230009829549,1,0.97710366972606,0.951913822223983,0.936353980998558,0.936791830224702,0.913780366909972,0.889924646341945,0.883990905033906,0.868078622759035,0.881210493109949,0.888392241729314,0.923436642718278,0.905313992173446,0.879268288099346,0.79957907845355,0.740817135211225,0.66806853926821,0.61769990170451,0,100000,2289.633027394,97949.7008587586,4038720.80993849,40.3872080993849,2023,"Males","GMoH report",32.8526319006151
0,1,0.025323,0.0121634,0.0121018,0.0130392,0.0178726,0.0223773,0.0240076,0.0264333,0.0243643,0.0209749,0.0154886,0.0211933,0.0239975,0.0444634,0.0572916,0.081943,0.0979837,0.235024,0.11087829783,0.02476540132134,0.0474981226694449,0.0587320899835914,0.0631378329223957,0.0855409040937357,0.105958819283139,0.113241366428338,0.123973901662933,0.11482728401046,0.0996491714826703,0.0745560768694977,0.100634554253356,0.113196422148716,0.200076766725899,0.250569221039704,0.340052661829303,0.393521715670613,1,0.97523459867866,0.952501877330555,0.941267910016409,0.936862167077604,0.914459095906264,0.894041180716861,0.886758633571662,0.876026098337067,0.88517271598954,0.90035082851733,0.925443923130502,0.899365445746644,0.886803577851284,0.799923233274101,0.749430778960296,0.659947338170697,0.606478284329387,0,100000,2476.540132134,97798.0544222247,4103302.67294898,41.0330267294898,2023,"Males","GMoH report",32.2068132705102
0,1,0.0235751,0.0122027,0.0124559,0.0122281,0.0167253,0.023365,0.0242107,0.026039,0.0225274,0.0215198,0.0150159,0.0197024,0.0238268,0.0464801,0.0570564,0.0826042,0.0994195,0.228697,0.105179776771,0.0230880466601456,0.0476479331327226,0.0603986995943082,0.0593268629673717,0.0802701443852821,0.110377570181758,0.114144692719915,0.122237635521631,0.106631664597373,0.10210576110541,0.0723630106701936,0.0938874783656229,0.112436495285338,0.208206815936477,0.249668968643695,0.342326900594732,0.398140240819592,1,0.976911953339854,0.952352066867277,0.939601300405692,0.940673137032628,0.919729855614718,0.889622429818242,0.885855307280085,0.877762364478369,0.893368335402627,0.897894238894591,0.927636989329806,0.906112521634377,0.887563504714662,0.791793184063523,0.750331031356305,0.657673099405268,0.601859759180408,0,100000,2308.80466601456,97934.0348933647,4134171.25494454,41.3417125494454,2023,"Males","GMoH report",31.8981274505546
0,1,0.0237244,0.0109997,0.0113277,0.0123353,0.0168339,0.0221215,0.0235094,0.0247156,0.0223504,0.0223232,0.0149024,0.01963,0.0253735,0.0435019,0.0589577,0.0789366,0.0910082,0.235187,0.105666526124,0.0232314853766625,0.0430516886800521,0.0550787121800939,0.0598314041994464,0.0807703020315766,0.104811055584707,0.111021856893849,0.116386589049237,0.105838185544515,0.105716190822574,0.0718356895501207,0.0935586111574482,0.119299862356259,0.196174582341135,0.256919973235006,0.329632773941269,0.370699308076729,1,0.976768514623337,0.956948311319948,0.944921287819906,0.940168595800554,0.919229697968423,0.895188944415293,0.888978143106151,0.883613410950763,0.894161814455485,0.894283809177426,0.928164310449879,0.906441388842552,0.880700137643741,0.803825417658865,0.743080026764994,0.670367226058731,0.629300691923271,0,100000,2323.14853766625,97922.330497979,4200023.85967788,42.0002385967788,2023,"Males","GMoH report",31.2396014032212
0,1,0.024055,0.0122896,0.0132528,0.0145298,0.0177136,0.0245703,0.0255903,0.028794,0.0262051,0.02392,0.0161959,0.0206183,0.0256887,0.0481095,0.0617699,0.0862472,0.0971033,0.229411,0.10674435155,0.0235489964809958,0.0479791118148797,0.0641389483628423,0.0701025595747278,0.0848121775302504,0.115741963109525,0.120257910013457,0.134302252363606,0.122969434199638,0.112851481411587,0.0778282534739049,0.0980380549300874,0.120692421480768,0.214722071279453,0.267535411034803,0.354746310107287,0.390676545498692,1,0.976451003519004,0.95202088818512,0.935861051637158,0.929897440425272,0.91518782246975,0.884258036890475,0.879742089986543,0.865697747636394,0.877030565800362,0.887148518588413,0.922171746526095,0.901961945069913,0.879307578519232,0.785277928720547,0.732464588965197,0.645253689892713,0.609323454501308,0,100000,2354.89964809958,97896.4725878021,3970159.03343862,39.7015903343862,2023,"Males","GMoH report",33.5382496656138
0,1,0.0241174,0.0119076,0.0127472,0.0125773,0.01701,0.0240688,0.0235089,0.0269983,0.024071,0.0231902,0.0160207,0.0199094,0.0247751,0.0463625,0.0589632,0.084238,0.0979133,0.230325,0.106947788654,0.023608909018017,0.0465224583499053,0.0617675904282331,0.0609694231844554,0.0815807774393899,0.113513656274642,0.111019626742201,0.126456241160679,0.113523443008364,0.109597055886455,0.0770187637297856,0.0948271222316052,0.116650434547599,0.207734744742222,0.256940861489549,0.347919824549085,0.393294575581733,1,0.976391090981983,0.953477541650095,0.938232409571767,0.939030576815545,0.91841922256061,0.886486343725358,0.888980373257799,0.873543758839321,0.886476556991636,0.890402944113545,0.922981236270214,0.905172877768395,0.883349565452401,0.792265255257778,0.743059138510451,0.652080175450915,0.606705424418267,0,100000,2360.8909018017,97891.6011593993,4085738.29625337,40.8573829625337,2023,"Males","GMoH report",32.3824570374663
0,1,0.0232991,0.0117509,0.0125225,0.0136508,0.0167734,0.0242852,0.0236424,0.0259888,0.0238531,0.0210272,0.0141012,0.0205243,0.0241602,0.0459438,0.061588,0.0794036,0.0929754,0.238278,0.104279958811,0.0228228002366213,0.0459242963715354,0.0607118399602446,0.0660015646047342,0.0804917012458089,0.114475828994271,0.111614890294267,0.122016353481594,0.112553618222917,0.0998852330680773,0.0681050912192479,0.0976129084573709,0.113920165069707,0.206051973365254,0.266852691144484,0.331259923788641,0.377200971894338,1,0.977177199763379,0.954075703628465,0.939288160039755,0.933998435395266,0.919508298754191,0.885524171005729,0.888385109705733,0.877983646518406,0.887446381777083,0.900114766931923,0.931894908780752,0.902387091542629,0.886079834930293,0.793948026634746,0.733147308855516,0.668740076211359,0.622799028105662,0,100000,2282.28002366213,97955.7160432005,4107752.9665321,41.077529665321,2023,"Males","GMoH report",32.162310334679
0,1,0.0234279,0.0123187,0.0126054,0.0131839,0.0173165,0.0232252,0.0241877,0.0259086,0.0223654,0.0240007,0.0142319,0.0208038,0.0245889,0.04724,0.0621984,0.079577,0.0990461,0.232056,0.104699873859,0.022946595125363,0.0480899877361494,0.06110147855554,0.0638161361079171,0.0829897691560243,0.109753388975893,0.114042439231501,0.121662722941025,0.105905455323755,0.113210662152209,0.0687146499340104,0.0988764835298541,0.11582450695249,0.21125122976478,0.269141563449809,0.331863287855756,0.396941685347306,1,0.977053404874637,0.951910012263851,0.93889852144446,0.936183863892083,0.917010230843976,0.890246611024107,0.885957560768499,0.878337277058975,0.894094544676245,0.886789337847791,0.93128535006599,0.901123516470146,0.88417549304751,0.78874877023522,0.730858436550191,0.668136712144244,0.603058314652694,0,100000,2294.65951253629,97945.5910489756,4092164.99499763,40.9216499499763,2023,"Males","GMoH report",32.3181900500237
0,1,0.025058,0.0125041,0.0135082,0.0138109,0.0183265,0.0243201,0.0257836,0.0291578,0.0257672,0.023115,0.0170149,0.021303,0.0266525,0.0502092,0.061179,0.085537,0.107036,0.243171,0.11001434218,0.024511365646716,0.0487960974360986,0.065334617306259,0.0667498125351459,0.0876181642807711,0.114630911898824,0.121111287517885,0.135883817094784,0.121038915163028,0.109261075594106,0.0816033192099371,0.101129116099339,0.124937742073467,0.223048307320241,0.265315636661687,0.352339780490467,0.422202762722962,1,0.975488634353284,0.951203902563901,0.934665382693741,0.933250187464854,0.912381835719229,0.885369088101176,0.878888712482115,0.864116182905216,0.878961084836972,0.890738924405894,0.918396680790063,0.898870883900661,0.875062257926533,0.776951692679759,0.734684363338313,0.647660219509533,0.577797237277037,0,100000,2451.13656467161,97818.5236120841,3953321.6978123,39.533216978123,2023,"Males","GMoH report",33.706623021877
0,1,0.0236036,0.0127657,0.0132776,0.0130578,0.0180894,0.0243211,0.0248882,0.0283112,0.025638,0.0239177,0.014992,0.0202194,0.0256768,0.0468983,0.0612211,0.0870941,0.100636,0.236863,0.105272692756,0.0231154301888127,0.0497915519700323,0.064255115689793,0.0632250498598501,0.0865336456748246,0.1146353551591,0.117151758980362,0.132199204690421,0.1204685671862,0.112841242533633,0.0722519952191849,0.0962325870723722,0.120639884532114,0.209883546211744,0.265473977664942,0.357606877192723,0.402032614514338,1,0.976884569811187,0.950208448029968,0.935744884310207,0.93677495014015,0.913466354325175,0.8853646448409,0.882848241019638,0.867800795309579,0.8795314328138,0.887158757466367,0.927748004780815,0.903767412927628,0.879360115467886,0.790116453788256,0.734526022335058,0.642393122807277,0.597967385485662,0,100000,2311.54301888128,97931.7993391377,4002542.85904578,40.0254285904578,2023,"Males","GMoH report",33.2144114095422
0,1,0.0245913,0.0115267,0.0126179,0.012858,0.0173372,0.0219967,0.0233774,0.025689,0.0237345,0.0190202,0.0150423,0.0198374,0.0233159,0.0437284,0.058789,0.0788722,0.096195,0.231831,0.108492802173,0.0240637428423153,0.0450678332137892,0.0611602162678837,0.0622877599562077,0.0830848532074304,0.104250578262816,0.110432913991158,0.1206937459037,0.112025336619983,0.0907841674458654,0.0724856237544944,0.0945003946766058,0.110158394711845,0.197095340302762,0.256279030229583,0.329408138538842,0.387730630095023,1,0.975936257157685,0.954932166786211,0.938839783732116,0.937712240043792,0.91691514679257,0.895749421737184,0.889567086008842,0.8793062540963,0.887974663380017,0.909215832554135,0.927514376245506,0.905499605323394,0.889841605288155,0.802904659697238,0.743720969770417,0.670591861461158,0.612269369904977,0,100000,2406.37428423153,97854.7000049418,4157789.57173481,41.5778957173481,2023,"Males","GMoH report",31.6619442826519
0,1,0.0250463,0.0131735,0.0148521,0.014507,0.0207495,0.0269538,0.0281231,0.0324962,0.027424,0.0256749,0.016705,0.0230074,0.026314,0.0548701,0.0761411,0.098194,0.108431,0.248158,0.109976197723,0.0245001475338106,0.0513413104924553,0.0716019034253412,0.069996405368305,0.0986311332514953,0.126260967814316,0.131378568453793,0.150272765402332,0.12832222804522,0.120631496007869,0.0801766237506149,0.108780130087559,0.123448913242352,0.241256130046798,0.319825782735412,0.394199849857686,0.426531820443679,1,0.975499852466189,0.948658689507545,0.928398096574659,0.930003594631695,0.901368866748505,0.873739032185684,0.868621431546207,0.849727234597668,0.87167777195478,0.879368503992131,0.919823376249385,0.891219869912441,0.876551086757648,0.758743869953202,0.680174217264588,0.605800150142314,0.573468179556321,0,100000,2450.01475338105,97819.4285535611,3769743.70657684,37.6974370657684,2023,"Males","GMoH report",35.5424029342316
0,1,0.025564,0.0140814,0.0148485,0.0146974,0.0187711,0.0270461,0.0267734,0.0299381,0.027185,0.0256701,0.0172297,0.0210313,0.0253965,0.0533723,0.0681375,0.0853361,0.103078,0.264095,0.11166400844,0.0249963474158659,0.0547827639747324,0.0715851690436388,0.0708825278383708,0.0896484977115183,0.126665950116393,0.125468925664064,0.139267024718209,0.127275068178892,0.120610303613056,0.0825909564923111,0.099903736373044,0.119401546557153,0.235445791461013,0.291100371151638,0.35165774810487,0.409789336842398,1,0.975003652584134,0.945217236025268,0.928414830956361,0.929117472161629,0.910351502288482,0.873334049883607,0.874531074335936,0.860732975281791,0.872724931821108,0.879389696386944,0.917409043507689,0.900096263626956,0.880598453442847,0.764554208538987,0.708899628848362,0.64834225189513,0.590210663157602,0,100000,2499.63474158659,97779.4844932948,3820768.72957924,38.2076872957924,2023,"Males","GMoH report",35.0321527042076
0,1,0.0241758,0.0130489,0.0146691,0.0142259,0.0187915,0.0254341,0.025775,0.0302514,0.0267381,0.0234183,0.0165331,0.0216712,0.026171,0.048874,0.066742,0.0914614,0.103954,0.246641,0.107138184918,0.0236649761392955,0.0508680556570728,0.0707508709956927,0.0686866755555362,0.0897415539713676,0.119567754441875,0.121073336856321,0.140621971247508,0.125313863468015,0.11061543631912,0.0793843274400041,0.102787195331339,0.122819243918521,0.217762668365733,0.285990975742487,0.372201763963558,0.412553526710771,1,0.976335023860704,0.949131944342927,0.929249129004307,0.931313324444464,0.910258446028632,0.880432245558125,0.878926663143679,0.859378028752492,0.874686136531985,0.88938456368088,0.920615672559996,0.897212804668661,0.877180756081479,0.782237331634267,0.714009024257513,0.627798236036442,0.587446473289229,0,100000,2366.49761392955,97887.0446450396,3889318.98161491,38.8931898161491,2023,"Males","GMoH report",34.3466501838509
0,1,0.0225666,0.0114898,0.0120064,0.0125373,0.0161736,0.0228408,0.0217906,0.0270751,0.0235681,0.0220721,0.0147187,0.0197405,0.0229764,0.0453047,0.0533603,0.0788859,0.0967238,0.234337,0.10425947803,0.022119480838677,0.0449268001043227,0.0582825897850131,0.0607814129776871,0.0777252569600763,0.108034986217035,0.103324256159336,0.126793156519778,0.111283640104153,0.104589239610957,0.0709816075330097,0.0940604969022527,0.108641522316612,0.203477304416504,0.235399085451461,0.329455930943049,0.389447012605396,1,0.977880519161323,0.955073199895677,0.941717410214987,0.939218587022313,0.922274743039924,0.891965013782965,0.896675743840664,0.873206843480222,0.888716359895847,0.895410760389043,0.92901839246699,0.905939503097747,0.891358477683388,0.796522695583496,0.764600914548539,0.670544069056951,0.610552987394604,0,100000,2211.9480838677,98018.6684687858,4181540.19505098,41.8154019505098,2023,"Males","GMoH report",31.4244380494902
0,1,0.0247519,0.0117894,0.0128663,0.0136064,0.0178742,0.0239925,0.0245465,0.0277302,0.0250451,0.0237438,0.0161514,0.0213006,0.0251979,0.0498989,0.0618587,0.0830999,0.0973234,0.242436,0.109016391899,0.0242178115918976,0.0460712941690469,0.0623267144835992,0.0657939528982143,0.0855482343729285,0.113174171712943,0.115636331944793,0.129662109432535,0.117846788493739,0.112066772422393,0.0776227113497636,0.101118298905817,0.118523162978933,0.221822725061119,0.267868506103707,0.344027808741008,0.391388782430105,1,0.975782188408102,0.953928705830953,0.937673285516401,0.934206047101786,0.914451765627072,0.886825828287057,0.884363668055207,0.870337890567465,0.882153211506261,0.887933227577607,0.922377288650236,0.898881701094183,0.881476837021067,0.778177274938881,0.732131493896293,0.655972191258992,0.608611217569895,0,100000,2421.78115918976,97842.2326847541,4019609.09873302,40.1960909873302,2023,"Males","GMoH report",33.0437490126698
0,1,0.0241095,0.0129539,0.0135442,0.0133884,0.0181383,0.0248937,0.0266605,0.0284062,0.0267818,0.0240238,0.0151697,0.0212775,0.0243774,0.0490947,0.0654237,0.0804462,0.105353,0.238658,0.106922032995,0.0236013242344361,0.0505070728578143,0.0655030345003025,0.0647739510832912,0.0867574197340927,0.117176131347676,0.124972899998945,0.132613393550327,0.125505820538739,0.113313450801582,0.0730771055787549,0.101014177116034,0.114885476936331,0.218638518780115,0.281136091694514,0.334881200017817,0.416948153073198,1,0.976398675765564,0.949492927142186,0.934496965499698,0.935226048916709,0.913242580265907,0.882823868652324,0.875027100001055,0.867386606449673,0.874494179461261,0.886686549198418,0.926922894421245,0.898985822883966,0.885114523063669,0.781361481219885,0.718863908305486,0.665118799982183,0.583051846926802,0,100000,2360.1324234436,97892.2177334084,3952791.68350525,39.5279168350525,2023,"Males","GMoH report",33.7119231649475
0,1,0.0248583,0.0131464,0.0139575,0.0140609,0.0188522,0.0247138,0.0257287,0.0294757,0.0263246,0.0240344,0.0160656,0.021353,0.0250491,0.0491568,0.070235,0.0864017,0.10406,0.238034,0.109363278243,0.024319865121733,0.0512383990221894,0.0674344588514521,0.0679170624417809,0.0900183883479662,0.116378606016569,0.120868994737729,0.137263644951274,0.123495571214985,0.113360614138853,0.0772262835475944,0.101354446271891,0.11786450083061,0.218884808156083,0.298722978936064,0.355268906338115,0.412887354679998,1,0.975680134878267,0.948761600977811,0.932565541148548,0.932082937558219,0.909981611652034,0.883621393983431,0.879131005262272,0.862736355048726,0.876504428785015,0.886639385861147,0.922773716452406,0.898645553728109,0.88213549916939,0.781115191843917,0.701277021063936,0.644731093661885,0.587112645320002,0,100000,2431.9865121733,97833.9835054407,3915494.16324041,39.1549416324041,2023,"Males","GMoH report",34.0848983675959
0,1,0.0245547,0.0122666,0.0138558,0.0141591,0.018128,0.0260653,0.0262402,0.0309057,0.0261603,0.0242159,0.0161311,0.0209991,0.025748,0.0525816,0.0685306,0.0873993,0.105721,0.242745,0.108373478487,0.0240286263437117,0.0478914690124244,0.0669595545114989,0.0683751727295139,0.0867102896720621,0.12235354533683,0.123124003789413,0.14344530601475,0.122772111808632,0.11416780936311,0.0775289325887923,0.0997584080346015,0.120954179467666,0.232362959519344,0.292534148249869,0.358635311950592,0.418100098671006,1,0.975971373656288,0.952108530987576,0.933040445488501,0.931624827270486,0.913289710327938,0.87764645466317,0.876875996210587,0.85655469398525,0.877227888191368,0.88583219063689,0.922471067411208,0.900241591965399,0.879045820532334,0.767637040480656,0.707465851750131,0.641364688049408,0.581899901328994,0,100000,2402.86263437117,97857.5439476421,3905310.4877514,39.053104877514,2023,"Males","GMoH report",34.186735122486
0,1,0.0244558,0.0142517,0.0146823,0.0151324,0.0199181,0.0270273,0.0283975,0.0309114,0.0283773,0.0274007,0.0177801,0.0228403,0.0257631,0.0523974,0.0713526,0.0918055,0.111379,0.26984,0.108051043718,0.0239337258526922,0.0554269436542456,0.0708122820771468,0.0729039699141768,0.0948665942239689,0.12658347604474,0.132575470211661,0.143469864106635,0.132487412381562,0.128220192433003,0.0851170268761006,0.108032749007131,0.121020821203153,0.231643241097318,0.302756789715385,0.37334068041126,0.435602557007621,1,0.976066274147308,0.944573056345754,0.929187717922853,0.927096030085823,0.905133405776031,0.87341652395526,0.867424529788339,0.856530135893365,0.867512587618438,0.871779807566997,0.914882973123899,0.891967250992869,0.878979178796847,0.768356758902682,0.697243210284615,0.62665931958874,0.564397442992379,0,100000,2393.37258526923,97865.2338205752,3760228.10618238,37.6022810618238,2023,"Males","GMoH report",35.6375589381762
0,1,0.0236834,0.0116036,0.0127399,0.0132141,0.0176349,0.0236354,0.0255699,0.0261258,0.0242291,0.0211843,0.0154239,0.021335,0.0243745,0.044244,0.0601722,0.0793483,0.0980355,0.243883,0.105532857514,0.0231920980584734,0.0453616823650185,0.0617333095249575,0.0639576432653194,0.0844512755040347,0.111583687293366,0.120167803221045,0.122620127671218,0.114226487527612,0.100593968008779,0.0742561995109092,0.101273333570674,0.114872594842527,0.199187833713005,0.261520361290839,0.33106740964764,0.393688803308198,1,0.976807901941527,0.954638317634981,0.938266690475043,0.936042356734681,0.915548724495965,0.888416312706634,0.879832196778955,0.877379872328782,0.885773512472388,0.899406031991221,0.925743800489091,0.898726666429326,0.885127405157473,0.800812166286995,0.738479638709161,0.66893259035236,0.606311196691802,0,100000,2319.20980584735,97925.5430321382,4078908.88163591,40.7890888163591,2023,"Males","GMoH report",32.4507511836409
0,1,0.0249072,0.0141109,0.0143183,0.0149348,0.0197302,0.0266847,0.0270176,0.0315076,0.0293175,0.0252261,0.0171702,0.0220663,0.026112,0.0529153,0.071045,0.101039,0.107654,0.24213,0.109522702512,0.0243667623615137,0.0548943817374811,0.0691173911458895,0.0719862494059308,0.0940137259601525,0.125079244697548,0.126540920093223,0.146034971342336,0.136577241784926,0.118647938120449,0.0823174809705967,0.104563193033891,0.122559327125263,0.233665323295548,0.301648462461124,0.403317905392594,0.424123517198722,1,0.975633237638486,0.945105618262519,0.93088260885411,0.928013750594069,0.905986274039847,0.874920755302452,0.873459079906777,0.853965028657664,0.863422758215074,0.881352061879551,0.917682519029403,0.895436806966109,0.877440672874737,0.766334676704452,0.698351537538876,0.596682094607406,0.575876482801278,0,100000,2436.67623615137,97830.1951303787,3787458.05615643,37.8745805615643,2023,"Males","GMoH report",35.3652594384357
0,1,0.0235663,0.0117754,0.0136733,0.0136791,0.0186372,0.0247392,0.0250404,0.0282979,0.0263603,0.0230917,0.0161438,0.0222771,0.0241143,0.0485122,0.0644091,0.0835026,0.100181,0.231687,0.105151086923,0.0230795911667288,0.046017842983465,0.0661067562252628,0.0661338704324197,0.0890374768415229,0.116491249218344,0.117825976071922,0.132141203587503,0.123652694681001,0.109156951081763,0.0775876031314175,0.105509391818784,0.113716043057261,0.216324996287726,0.277380869582444,0.345407036073849,0.400578990405473,1,0.976920408833271,0.953982157016535,0.933893243774737,0.93386612956758,0.910962523158477,0.883508750781656,0.882174023928078,0.867858796412497,0.876347305318999,0.890843048918237,0.922412396868582,0.894490608181216,0.886283956942739,0.783675003712274,0.722619130417556,0.654592963926151,0.599421009594527,0,100000,2307.95911667288,97934.7252930191,3979383.42029954,39.7938342029954,2023,"Males","GMoH report",33.4460057970046
0,1,0.0235636,0.011614,0.0131406,0.013341,0.0174212,0.0239441,0.0247818,0.0292008,0.0247856,0.0229646,0.0154357,0.0198008,0.0245392,0.0458832,0.0655579,0.0837155,0.0971806,0.241644,0.105142284356,0.0230769968459998,0.0454014159112143,0.0636132106115932,0.0645520284704397,0.083470604751268,0.112958760364869,0.11668014025083,0.136070575823717,0.116696987845162,0.108588756600434,0.0743108981726895,0.0943342652038777,0.115603930096443,0.205808157831468,0.281631565053455,0.346135279932109,0.390926757801893,1,0.976923003154,0.954598584088786,0.936386789388407,0.93544797152956,0.916529395248732,0.887041239635131,0.88331985974917,0.863929424176283,0.883303012154838,0.891411243399566,0.92568910182731,0.905665734796122,0.884396069903557,0.794191842168532,0.718368434946545,0.653864720067891,0.609073242198107,0,100000,2307.69968459997,97934.9371318465,4036139.74656821,40.3613974656821,2023,"Males","GMoH report",32.8784425343179
0,1,0.0232863,0.0116853,0.0118579,0.0127191,0.0170468,0.0229403,0.0235792,0.0254601,0.0232142,0.0219487,0.0143851,0.019233,0.0228857,0.043451,0.0600021,0.0803967,0.098071,0.231177,0.104238228123,0.0228104963728516,0.0456737764403238,0.0575824817248862,0.0616356257803431,0.0817500577872795,0.108480085723683,0.111333134393757,0.119682668245506,0.109704258505504,0.104034921780776,0.0694286546499862,0.0917532732394635,0.108235866098097,0.195967536435818,0.260877504689653,0.334709626439982,0.393803293104798,1,0.977189503627148,0.954326223559676,0.942417518275114,0.938364374219657,0.91824994221272,0.891519914276317,0.888666865606243,0.880317331754494,0.890295741494496,0.895965078219224,0.930571345350014,0.908246726760537,0.891764133901903,0.804032463564182,0.739122495310347,0.665290373560018,0.606196706895202,0,100000,2281.04963728516,97956.722935166,4160375.3423398,41.603753423398,2023,"Males","GMoH report",31.636086576602
0,1,0.0250054,0.0135266,0.0147682,0.0145637,0.0193268,0.0266691,0.0271885,0.031358,0.0280474,0.0244326,0.0170287,0.0208532,0.0269149,0.0517802,0.0671302,0.086187,0.106883,0.249594,0.109842855134,0.0244609306160614,0.0526812048295064,0.0712118238572774,0.0702603725314108,0.0921801325362462,0.12501069329839,0.127290411609863,0.145391994584545,0.131048103551149,0.115130647363091,0.0816668013496433,0.0990996385437963,0.126090234845399,0.229227398633229,0.28741537156022,0.354542593693373,0.421726512824459,1,0.975539069383939,0.947318795170494,0.928788176142723,0.929739627468589,0.907819867463754,0.87498930670161,0.872709588390137,0.854608005415455,0.868951896448851,0.884869352636909,0.918333198650357,0.900900361456204,0.873909765154601,0.770772601366771,0.71258462843978,0.645457406306627,0.578273487175542,0,100000,2446.09306160614,97822.5927842041,3820157.37764042,38.2015737764042,2023,"Males","GMoH report",35.0382662235958
0,1,0.0239951,0.0118189,0.0126565,0.012814,0.0169439,0.0238671,0.0246257,0.0278152,0.0258522,0.0216716,0.0156705,0.0205694,0.0244491,0.0461452,0.0607206,0.0820506,0.0956376,0.241769,0.106549064971,0.0234914792256667,0.0461839138804761,0.0613415758627333,0.062081227865334,0.0812766417736295,0.11261595910605,0.115987798194975,0.13003371549211,0.121413955358221,0.102788995037845,0.0753986631237964,0.0978169120245077,0.115203919621929,0.206861801942507,0.263589689716501,0.340423183790249,0.38591745259036,1,0.976508520774333,0.953816086119524,0.938658424137267,0.937918772134666,0.918723358226371,0.88738404089395,0.884012201805025,0.86996628450789,0.878586044641779,0.897211004962155,0.924601336876204,0.902183087975492,0.884796080378071,0.793138198057493,0.736410310283499,0.659576816209751,0.61408254740964,0,100000,2349.14792256667,97901.1515920614,4067946.75196545,40.6794675196545,2023,"Males","GMoH report",32.5603724803455
0,1,0.0239973,0.0124255,0.0132433,0.0130345,0.018496,0.0246529,0.0257991,0.0279673,0.0259233,0.0235427,0.01551,0.0204763,0.0247147,0.0470075,0.0583893,0.0823143,0.10004,0.240378,0.106556237433,0.0234935918002468,0.048496805877147,0.0640944450884019,0.0631157929906582,0.08839272059948,0.116108473532148,0.12117968309468,0.130698303351681,0.121727550476811,0.111170373140654,0.0746552429544415,0.0973957390701925,0.116382597541361,0.210320855914051,0.254758564390574,0.341330539028181,0.400127989760819,1,0.976506408199753,0.951503194122853,0.935905554911598,0.936884207009342,0.91160727940052,0.883891526467852,0.87882031690532,0.869301696648319,0.878272449523189,0.888829626859346,0.925344757045559,0.902604260929808,0.883617402458639,0.789679144085949,0.745241435609426,0.658669460971819,0.599872010239181,0,100000,2349.35918002468,97900.9796945774,3997180.85707611,39.9718085707611,2023,"Males","GMoH report",33.2680314292389
0,1,0.0242113,0.0131192,0.0146478,0.014662,0.0200227,0.0253055,0.026756,0.0303947,0.026981,0.0244585,0.016946,0.022204,0.0255371,0.0541529,0.0651813,0.093025,0.104489,0.240488,0.107253922373,0.0236990557381003,0.0511350968741766,0.0706517675965,0.0707178376605524,0.095341037520115,0.118999166481506,0.125392495946161,0.141241051527819,0.126380330740712,0.115245660058639,0.0812863056606851,0.105181381512255,0.120022907520872,0.238478714987838,0.280240413791354,0.377364231022768,0.414236980390058,1,0.9763009442619,0.948864903125823,0.9293482324035,0.929282162339448,0.904658962479885,0.881000833518494,0.874607504053839,0.858758948472181,0.873619669259288,0.884754339941361,0.918713694339315,0.894818618487745,0.879977092479128,0.761521285012162,0.719759586208646,0.622635768977232,0.585763019609942,0,100000,2369.90557381003,97884.2760946347,3846568.63786523,38.4656863786523,2023,"Males","GMoH report",34.7741536213477
0,1,0.0241974,0.0121828,0.0138355,0.0140721,0.0187843,0.0245458,0.0265103,0.0300048,0.0267562,0.0241005,0.0162615,0.0191114,0.0259621,0.0478831,0.0593912,0.0848961,0.0982799,0.230251,0.107208605454,0.0236857121021288,0.0475720777816045,0.0668647324842842,0.0679693222508834,0.0897087116207556,0.115633224966541,0.124312589871804,0.139555651471798,0.125393374484073,0.11365466440148,0.0781311747543311,0.091199619003444,0.121898638399989,0.21381963284616,0.258564813605485,0.350162024400691,0.39447667866996,1,0.976314287897871,0.952427922218395,0.933135267515716,0.932030677749117,0.910291288379244,0.884366775033459,0.875687410128196,0.860444348528203,0.874606625515927,0.88634533559852,0.921868825245669,0.908800380996556,0.878101361600011,0.78618036715384,0.741435186394515,0.649837975599309,0.60552332133004,0,100000,2368.57121021287,97885.3600061525,3941238.24056044,39.4123824056044,2023,"Males","GMoH report",33.8274575943956
0,1,0.0230596,0.0110251,0.0122628,0.0128682,0.016981,0.0223366,0.024087,0.0250601,0.0236807,0.0205878,0.0143867,0.0192418,0.0246152,0.0433751,0.0592784,0.0792433,0.0920691,0.237921,0.103499138516,0.0225925454097805,0.0431489568711987,0.0594902086727204,0.0623356315647463,0.0814473561145472,0.10577629312733,0.113594616199035,0.11791320803811,0.111785597030972,0.0979001292952387,0.0694361088326435,0.0917933278599605,0.115941209829512,0.195658709747119,0.258137112479054,0.330701754202928,0.37421207712494,1,0.977407454590219,0.956851043128801,0.94050979132728,0.937664368435254,0.918552643885453,0.89422370687267,0.886405383800965,0.88208679196189,0.888214402969028,0.902099870704761,0.930563891167356,0.908206672140039,0.884058790170488,0.804341290252881,0.741862887520946,0.669298245797072,0.62578792287506,0,100000,2259.25454097806,97974.5763577015,4170533.57425378,41.7053357425378,2023,"Males","GMoH report",31.5345042574622
0,1,0.0227053,0.0113006,0.0113715,0.0117569,0.0157334,0.0216545,0.0238017,0.025815,0.0233579,0.0214999,0.014405,0.0191238,0.0233574,0.0457085,0.0569406,0.0745178,0.0919937,0.238463,0.103982709115,0.0222525857976177,0.0442033512184418,0.0552857939842697,0.0571060254242248,0.0756898531607035,0.102712054537542,0.112324702803221,0.121249838544908,0.11034587992807,0.102016157061959,0.0695213619526791,0.0912560918754793,0.110343648180001,0.205104906009197,0.249225391659222,0.314077996652602,0.373962918630869,1,0.977747414202382,0.955796648781558,0.94471420601573,0.942893974575775,0.924310146839296,0.897287945462458,0.887675297196779,0.878750161455092,0.88965412007193,0.897983842938041,0.930478638047321,0.908743908124521,0.889656351819999,0.794895093990803,0.750774608340778,0.685922003347398,0.626037081369131,0,100000,2225.25857976176,98006.1298358433,4222923.6754852,42.229236754852,2023,"Males","GMoH report",31.010603245148
0,1,0.0239263,0.0129193,0.0125974,0.0136484,0.0179691,0.02422,0.0240362,0.0289346,0.024443,0.0232609,0.0160685,0.0199432,0.0258243,0.0494222,0.0623061,0.0861195,0.104229,0.244486,0.106324762523,0.0234254098783687,0.0503755659028623,0.0610638845518658,0.065990343489785,0.0859829111769267,0.114186035547593,0.113368622773244,0.134913807372965,0.115176831753616,0.109912822091528,0.0772396852922055,0.0949804640246586,0.121290870436469,0.219936620843385,0.269544788615162,0.354314114122145,0.413419299564285,1,0.976574590121631,0.949624434097138,0.938936115448134,0.934009656510215,0.914017088823073,0.885813964452407,0.886631377226756,0.865086192627035,0.884823168246384,0.890087177908472,0.922760314707795,0.905019535975341,0.878709129563531,0.780063379156615,0.730455211384838,0.645685885877855,0.586580700435715,0,100000,2342.54098783687,97906.5291263953,4008036.82167253,40.0803682167253,2023,"Males","GMoH report",33.1594717832747
0,1,0.0229845,0.01142,0.0126263,0.0120589,0.0170111,0.0226721,0.0233636,0.024834,0.0232635,0.019739,0.0147496,0.018948,0.0243375,0.0426406,0.0567687,0.0790975,0.0936788,0.22641,0.103425579475,0.0225204147250426,0.0446599663681514,0.0611996860112892,0.0585299820001461,0.0815858378829724,0.107279851213269,0.110371321483472,0.116911546627624,0.109924432416214,0.0940536857428068,0.0711253247742734,0.0904551400173769,0.114708221639615,0.19266465841588,0.2485665064178,0.330193749706479,0.379513157137799,1,0.977479585274957,0.955340033631849,0.938800313988711,0.941470017999854,0.918414162117028,0.892720148786731,0.889628678516528,0.883088453372376,0.890075567583786,0.905946314257193,0.928874675225727,0.909544859982623,0.885291778360385,0.80733534158412,0.7514334935822,0.669806250293521,0.620486842862201,0,100000,2252.04147250426,97980.8772217912,4188101.41423644,41.8810141423644,2023,"Males","GMoH report",31.3588258576356
0,1,0.0248557,0.0117172,0.0127621,0.0129906,0.0181416,0.0241822,0.0239951,0.0269733,0.0236351,0.0231348,0.0161659,0.0194496,0.0257088,0.0443225,0.0614518,0.0809018,0.101372,0.241537,0.109354801697,0.024317371516654,0.0457956074175345,0.0618375572757286,0.0629099064240203,0.0867725191657563,0.11401798566748,0.113185742005037,0.12634654204373,0.111582349998855,0.109349550072459,0.0776896905777239,0.0927386746822503,0.120781153690034,0.199505989455857,0.266341143322011,0.336458711529048,0.404378385709613,1,0.975682628483346,0.954204392582465,0.938162442724271,0.93709009357598,0.913227480834244,0.88598201433252,0.886814257994963,0.87365345795627,0.888417650001145,0.890650449927541,0.922310309422276,0.90726132531775,0.879218846309966,0.800494010544143,0.733658856677989,0.663541288470952,0.595621614290387,0,100000,2431.73715166541,97834.1849823342,4061726.54179233,40.6172654179233,2023,"Males","GMoH report",32.6225745820767
0,1,0.0250298,0.0134007,0.0135877,0.0144611,0.0189317,0.0257476,0.0265131,0.028295,0.0270235,0.0247764,0.0153201,0.0215952,0.0261108,0.0518331,0.0611075,0.0882122,0.104339,0.241158,0.109922404258,0.0244843268017418,0.0522036685964783,0.0657064994921271,0.0697826647663677,0.0903808425096501,0.12095241405941,0.124324903502378,0.132128556252116,0.126566804871395,0.116656198414036,0.0737749027798077,0.102445189129288,0.122554039935153,0.229434718262119,0.26504665397982,0.361368273877629,0.413765344341802,1,0.975515673198258,0.947796331403522,0.934293500507873,0.930217335233632,0.90961915749035,0.87904758594059,0.875675096497622,0.867871443747884,0.873433195128605,0.883343801585964,0.926225097220192,0.897554810870712,0.877445960064847,0.770565281737881,0.73495334602018,0.638631726122371,0.586234655658198,0,100000,2448.43268017417,97820.7049266944,3897120.4604482,38.971204604482,2023,"Males","GMoH report",34.268635395518
0,1,0.025575,0.0137363,0.0151974,0.0156647,0.0198577,0.0266705,0.0282472,0.0322369,0.0284417,0.0267876,0.0162691,0.0227586,0.0245367,0.0572733,0.0674751,0.0929527,0.108244,0.24994,0.11169987075,0.0250068866520012,0.0534760732305659,0.0732056607290893,0.0753718080943607,0.0945925250388405,0.125016845551778,0.131920068595895,0.149163109396722,0.132768122243937,0.125531294723652,0.0781662631216201,0.107667117830365,0.115592833316884,0.250499209116299,0.288678905036867,0.377126243552373,0.425952888769961,1,0.974993113347999,0.946523926769434,0.926794339270911,0.924628191905639,0.905407474961159,0.874983154448222,0.868079931404105,0.850836890603278,0.867231877756063,0.874468705276348,0.92183373687838,0.892332882169635,0.884407166683116,0.749500790883701,0.711321094963133,0.622873756447627,0.574047111230039,0,100000,2500.68866520013,97778.6379354887,3753281.7164069,37.532817164069,2023,"Males","GMoH report",35.707022835931
0,1,0.0241925,0.0113918,0.0132387,0.0128369,0.017216,0.0235336,0.0248344,0.0286299,0.0255454,0.0224931,0.0154263,0.0215174,0.0261308,0.0460159,0.0572176,0.0829223,0.0969474,0.244276,0.107192630425,0.0236810081669671,0.0445521418215935,0.0640728953991967,0.0621887239246298,0.0825279950912717,0.111129789938744,0.116913319637016,0.133587974147394,0.120059575312058,0.106477951947618,0.0742673249141906,0.102094955036257,0.122642155882654,0.206341971216721,0.25028607822621,0.343418806710728,0.39017167611703,1,0.976318991833033,0.955447858178406,0.935927104600803,0.93781127607537,0.917472004908728,0.888870210061256,0.883086680362984,0.866412025852606,0.879940424687942,0.893522048052382,0.925732675085809,0.897905044963743,0.877357844117346,0.793658028783279,0.74971392177379,0.656581193289272,0.60982832388297,0,100000,2368.10081669671,97885.7421389566,4050100.74277865,40.5010074277865,2023,"Males","GMoH report",32.7388325722135
0,1,0.0232404,0.0106058,0.011797,0.0120683,0.016269,0.0212222,0.0222977,0.0252657,0.0230726,0.0204481,0.0148951,0.0186278,0.0243786,0.0424853,0.0565747,0.0738103,0.0922123,0.226205,0.104088584484,0.0227663736023722,0.0415420271371771,0.0572952207034048,0.0585742703333404,0.0781658014408952,0.100764869467944,0.105601806498117,0.118823126341955,0.109071587240582,0.0972681289319657,0.0718017638675415,0.0889945674893067,0.114890807406406,0.192030334115054,0.247822316917692,0.31156055493095,0.374685069836735,1,0.977233626397628,0.958457972862823,0.942704779296595,0.94142572966666,0.921834198559105,0.899235130532057,0.894398193501883,0.881176873658045,0.890928412759418,0.902731871068034,0.928198236132459,0.911005432510693,0.885109192593595,0.807969665884946,0.752177683082308,0.68843944506905,0.625314930163265,0,100000,2276.63736023722,97960.3345999733,4249455.10206682,42.4945510206682,2023,"Males","GMoH report",30.7452889793318
0,1,0.0248451,0.012233,0.0133161,0.0140899,0.0181527,0.024367,0.02507,0.0279021,0.0251782,0.0228194,0.0166519,0.0202768,0.0253197,0.0472012,0.0643956,0.0868188,0.0982928,0.238076,0.109320243471,0.0243072051851193,0.0477634201623089,0.0644354284771389,0.0680523722022681,0.0868233064141401,0.114839278266218,0.117957042369492,0.130413475418793,0.118435987545928,0.107939228900093,0.0799319527884068,0.0964925972597108,0.119061966798152,0.211096034626025,0.277330792970476,0.356678090492808,0.394518243089204,1,0.975692794814881,0.952236579837691,0.935564571522861,0.931947627797732,0.91317669358586,0.885160721733782,0.882042957630508,0.869586524581207,0.881564012454072,0.892060771099907,0.920068047211593,0.903507402740289,0.880938033201848,0.788903965373975,0.722669207029524,0.643321909507192,0.605481756910796,0,100000,2430.72051851192,97835.0064403818,3989804.92784759,39.8980492784759,2023,"Males","GMoH report",33.3417907215241
0,1,0.023443,0.0116137,0.0127278,0.0129505,0.0171258,0.0230528,0.0232217,0.0249057,0.0224769,0.0217564,0.0158174,0.0188139,0.0238731,0.0429332,0.0588839,0.0767094,0.0984239,0.228395,0.10474910303,0.0229611068293512,0.0454002697738548,0.0616764850829045,0.0627218032185456,0.0821133576489395,0.108983086744728,0.109737756830522,0.117229305231726,0.106405344292197,0.10317045574175,0.0760785864179806,0.0898437229518887,0.112642675366755,0.193858577320463,0.256639642401923,0.321828770315836,0.394940531543532,1,0.977038893170649,0.954599730226145,0.938323514917096,0.937278196781454,0.917886642351061,0.891016913255272,0.890262243169478,0.882770694768274,0.893594655707803,0.89682954425825,0.923921413582019,0.910156277048111,0.887357324633245,0.806141422679537,0.743360357598077,0.678171229684164,0.605059468456469,0,100000,2296.11068293512,97944.4048515599,4151116.79667919,41.5111679667919,2023,"Males","GMoH report",31.7286720332081
0,1,0.0236011,0.0130309,0.0136738,0.0137989,0.0183024,0.0244377,0.0247719,0.0289618,0.0255547,0.0248455,0.0160278,0.0195569,0.02477,0.0487859,0.0610264,0.0837748,0.097927,0.237293,0.105264542231,0.0231130281701204,0.0507996691817199,0.0661090936868615,0.0666937490650652,0.0875079846541641,0.115153295760485,0.116636246418372,0.135032070454758,0.120100659210203,0.116962519315845,0.0770515816491109,0.09322644914194,0.116627822115498,0.217412801961915,0.264741455153111,0.346338006857736,0.393338782592629,1,0.97688697182988,0.94920033081828,0.933890906313139,0.933306250934935,0.912492015345836,0.884846704239515,0.883363753581628,0.864967929545242,0.879899340789797,0.883037480684155,0.922948418350889,0.90677355085806,0.883372177884502,0.782587198038085,0.735258544846889,0.653661993142264,0.606661217407371,0,100000,2311.30281701204,97931.995415978,3969589.64201332,39.6958964201332,2023,"Males","GMoH report",33.5439435798668
0,1,0.0243053,0.0117585,0.0129395,0.0136722,0.0165707,0.0225325,0.0233915,0.0259128,0.0237416,0.0216543,0.0150155,0.0202013,0.0233858,0.0458638,0.0604824,0.0772493,0.0958876,0.233093,0.107560382113,0.023789286290271,0.0459533158706695,0.0626701974502318,0.0661016137898558,0.0795576837257157,0.106654517699822,0.110495841319441,0.121681245550732,0.112056970568856,0.102711154611728,0.0723611527762216,0.096150583065783,0.110470403116968,0.205730090668944,0.262691473116019,0.323727242763897,0.386731186664075,1,0.976210713709729,0.954046684129331,0.937329802549768,0.933898386210144,0.920442316274284,0.893345482300178,0.889504158680559,0.878318754449268,0.887943029431144,0.897288845388272,0.927638847223778,0.903849416934217,0.889529596883032,0.794269909331056,0.737308526883981,0.676272757236103,0.613268813335925,0,100000,2378.9286290271,97876.9498433306,4119736.69455466,41.1973669455466,2023,"Males","GMoH report",32.0424730544534
0,1,0.0248132,0.0125965,0.0132271,0.0137507,0.0183928,0.0258156,0.0254086,0.0297311,0.0261264,0.0241227,0.0164189,0.0219165,0.0258449,0.0480466,0.0629311,0.0809104,0.104636,0.24018,0.109216242772,0.0242766093567083,0.0491478189960329,0.0640185505742484,0.0664685280290764,0.0879212070571004,0.121252485817805,0.119455036875136,0.138370716012874,0.122622771083885,0.113753402022575,0.0788576118903345,0.10389022472456,0.121381751900751,0.214471441140274,0.271881063942345,0.336488460220449,0.414698911690803,1,0.975723390643292,0.950852181003967,0.935981449425752,0.933531471970924,0.9120787929429,0.878747514182195,0.880544963124864,0.861629283987126,0.877377228916115,0.886246597977425,0.921142388109666,0.89610977527544,0.878618248099249,0.785528558859726,0.728118936057655,0.663511539779551,0.585301088309197,0,100000,2427.66093567082,97837.4790704475,3941302.79172433,39.4130279172433,2023,"Males","GMoH report",33.8268120827567
0,1,0.0239926,0.0130272,0.0141582,0.0135079,0.0191684,0.0257001,0.0254925,0.0295395,0.0263573,0.0254264,0.0155295,0.0208138,0.0258356,0.0466871,0.0699346,0.0907527,0.107012,0.242838,0.106540914446,0.0234890785646106,0.0507856113671946,0.0683709751491097,0.065333213706437,0.0914591844232533,0.120742748239899,0.119825848869252,0.137540319341993,0.123639492041065,0.119533719581107,0.0747455956797291,0.0989216608390694,0.121340723978925,0.209037153748116,0.297635458210568,0.369851047177122,0.422128075864082,1,0.976510921435389,0.949214388632805,0.93162902485089,0.934666786293563,0.908540815576747,0.879257251760101,0.880174151130748,0.862459680658007,0.876360507958935,0.880466280418893,0.925254404320271,0.901078339160931,0.878659276021075,0.790962846251884,0.702364541789432,0.630148952822878,0.577871924135918,0,100000,2348.90785646105,97901.3469345157,3908676.30023869,39.0867630023869,2023,"Males","GMoH report",34.1530769976131
0,1,0.0244584,0.0125537,0.0141505,0.0140027,0.0184043,0.0245432,0.0255938,0.0282916,0.026417,0.0245229,0.0156097,0.0204124,0.0261711,0.0483315,0.0630737,0.083654,0.102373,0.25092,0.108059520264,0.0239362208806521,0.048984916117082,0.0683350617710228,0.0676454525538119,0.0879737612639258,0.115621684671901,0.120273368643998,0.132113728123549,0.123902189640657,0.115531576741796,0.0751171110780138,0.0971065553727721,0.122819684394366,0.215606086121542,0.272413224935901,0.345924979427442,0.407557731008633,1,0.976063779119348,0.951015083882918,0.931664938228977,0.932354547446188,0.912026238736074,0.884378315328099,0.879726631356002,0.867886271876451,0.876097810359343,0.884468423258204,0.924882888921986,0.902893444627228,0.877180315605633,0.784393913878458,0.727586775064099,0.654075020572558,0.592442268991367,0,100000,2393.62208806521,97865.0315664644,3946970.13786526,39.4697013786526,2023,"Males","GMoH report",33.7701386213474
0,1,0.0245588,0.0138241,0.0139102,0.0145004,0.0197219,0.0264867,0.0271195,0.0317789,0.0274355,0.0252557,0.0162048,0.0229216,0.0260477,0.0499992,0.0671327,0.0855329,0.0995223,0.241847,0.108386845348,0.024032560250433,0.0538086866692317,0.0672136130010809,0.0699656743395181,0.0939760350841831,0.124208797132478,0.126987880440954,0.147199874750712,0.12837258486953,0.118778889971375,0.077869356624431,0.108396449838457,0.122275979896148,0.222219061722776,0.287424536967761,0.352325867103959,0.398469898140684,1,0.975967439749567,0.946191313330768,0.932786386998919,0.930034325660482,0.906023964915817,0.875791202867522,0.873012119559046,0.852800125249288,0.87162741513047,0.881221110028625,0.922130643375569,0.891603550161543,0.877724020103852,0.777780938277224,0.712575463032239,0.647674132896041,0.601530101859316,0,100000,2403.2560250433,97857.2253140747,3830301.15846875,38.3030115846875,2023,"Males","GMoH report",34.9368284153125
0,1,0.025214,0.0132637,0.0147919,0.0144254,0.0198383,0.0257336,0.0271418,0.0319513,0.0278991,0.0266024,0.0158445,0.0222418,0.0283523,0.054822,0.0662545,0.085225,0.102031,0.255444,0.11052293494,0.0246609227115385,0.0516837641157947,0.0713220291910233,0.0696163893429312,0.0945044794626884,0.120890622680474,0.127085665696965,0.147939362608702,0.130400367750248,0.124717535578797,0.0762039656650503,0.105351009776862,0.132378418418671,0.241070132931125,0.284198865640975,0.351280333865732,0.406472907051557,1,0.975339077288461,0.948316235884205,0.928677970808977,0.930383610657069,0.905495520537312,0.879109377319526,0.872914334303035,0.852060637391298,0.869599632249752,0.875282464421203,0.92379603433495,0.894648990223138,0.867621581581329,0.758929867068875,0.715801134359025,0.648719666134268,0.593527092948443,0,100000,2466.09227115386,97806.4674844869,3810683.41122742,38.1068341122742,2023,"Males","GMoH report",35.1330058877259
0,1,0.024523,0.0121874,0.0132772,0.013143,0.0179419,0.0250413,0.0246679,0.0269576,0.025779,0.0226355,0.0152495,0.0212166,0.0248175,0.0458864,0.0592725,0.0850418,0.100878,0.237502,0.10827012983,0.0239982097504351,0.0475896127081611,0.0642532421338511,0.063624459327642,0.0858583453824563,0.117829961464921,0.116175015818243,0.126277644431203,0.121090988517517,0.107115942697667,0.0734474093286085,0.100739619473686,0.116838407080688,0.205821034236523,0.258114735804996,0.350657613426307,0.402804674990716,1,0.976001790249565,0.952410387291839,0.935746757866149,0.936375540672358,0.914141654617544,0.882170038535079,0.883824984181757,0.873722355568797,0.878909011482483,0.892884057302333,0.926552590671392,0.899260380526314,0.883161592919312,0.794178965763477,0.741885264195004,0.649342386573693,0.597195325009284,0,100000,2399.82097504351,97860.0079534932,4020200.80692726,40.2020080692726,2023,"Males","GMoH report",33.0378319307274
0,1,0.0245808,0.0125991,0.0123507,0.0133049,0.0169516,0.0234297,0.0245399,0.0264961,0.0250975,0.022961,0.0152982,0.0205057,0.0242986,0.0461458,0.0636474,0.0836084,0.0985176,0.235492,0.108458569968,0.0240536686247377,0.0491577140888464,0.0599038633861904,0.0643829773128748,0.0813120755502557,0.110666304229486,0.1156070371713,0.124250139684747,0.118078793688507,0.108572657999201,0.0736733267806121,0.0975287612034748,0.114535376737043,0.206864213447711,0.274550876377178,0.345769014764839,0.395242214116412,1,0.975946331375262,0.950842285911154,0.94009613661381,0.935617022687125,0.918687924449744,0.889333695770514,0.8843929628287,0.875749860315253,0.881921206311493,0.891427342000799,0.926326673219388,0.902471238796525,0.885464623262957,0.793135786552289,0.725449123622822,0.654230985235161,0.604757785883588,0,100000,2405.36686247376,97855.5157876786,4063674.53542712,40.6367453542712,2023,"Males","GMoH report",32.6030946457288
0,1,0.0230166,0.0125354,0.012197,0.0137876,0.0181418,0.0239438,0.0246713,0.0273183,0.0264048,0.0218981,0.0166104,0.0204783,0.0241245,0.0467461,0.0601948,0.0813821,0.101036,0.227088,0.103358949486,0.0225511967807893,0.0489152554145528,0.0591804404204786,0.0666409529913414,0.0867734342751669,0.112957425017184,0.116190098082917,0.127859256203163,0.123848512024255,0.103807530775796,0.0797406881825322,0.0974047887845818,0.113761407322614,0.209273679165862,0.261605737396424,0.338118513338988,0.403308345108934,1,0.977448803219211,0.951084744585447,0.940819559579521,0.933359047008659,0.913226565724833,0.887042574982816,0.883809901917083,0.872140743796837,0.876151487975745,0.896192469224204,0.920259311817468,0.902595211215418,0.886238592677386,0.790726320834138,0.738394262603576,0.661881486661012,0.596691654891066,0,100000,2255.11967807893,97977.9671228125,4035206.08828714,40.3520608828714,2023,"Males","GMoH report",32.8877791171286
0,1,0.0232592,0.0120887,0.0122777,0.0123847,0.016385,0.0228384,0.0243093,0.0260046,0.0250598,0.0216884,0.0148162,0.0209615,0.0238015,0.0458244,0.0577049,0.0798074,0.102655,0.240178,0.104149876432,0.0227844460302654,0.047213305038756,0.0595603400329438,0.0600638190505128,0.0787012020125605,0.108024247561243,0.114582923353318,0.122086005644071,0.117911879693163,0.102864579627991,0.0714350114580867,0.0995886797248679,0.112323811973294,0.205571520984495,0.252148928272343,0.332664314889683,0.408451124528752,1,0.977215553969735,0.952786694961244,0.940439659967056,0.939936180949487,0.92129879798744,0.891975752438757,0.885417076646682,0.87791399435593,0.882088120306837,0.897135420372009,0.928564988541913,0.900411320275132,0.887676188026706,0.794428479015505,0.747851071727657,0.667335685110317,0.591548875471248,0,100000,2278.44460302654,97958.8551208358,4126521.60076988,41.2652160076988,2023,"Males","GMoH report",31.9746239923012
0,1,0.0231308,0.0117989,0.0123003,0.0125471,0.0163325,0.022945,0.0238475,0.0267517,0.0230491,0.0223887,0.0146369,0.0201959,0.0244565,0.0463926,0.0536859,0.076015,0.093739,0.234014,0.103731265468,0.0226610053427629,0.046107562950995,0.0596667040989298,0.0608274788502937,0.0784589240570938,0.108501105344667,0.112528680716531,0.125373607181881,0.108966547854611,0.106009938239352,0.0706010487730349,0.0961261164137965,0.115236779269489,0.207855596172517,0.236665499192283,0.319380691784923,0.379710737859476,1,0.977338994657237,0.953892437049005,0.94033329590107,0.939172521149706,0.921541075942906,0.891498894655333,0.887471319283469,0.874626392818119,0.891033452145389,0.893990061760648,0.929398951226965,0.903873883586203,0.884763220730511,0.792144403827483,0.763334500807717,0.680619308215077,0.620289262140524,0,100000,2266.10053427629,97968.9649418219,4146451.88514535,41.4645188514535,2023,"Males","GMoH report",31.7753211485465
0,1,0.0228807,0.0116255,0.0126465,0.0127455,0.0163245,0.0231226,0.022911,0.0264888,0.023892,0.0209784,0.0153255,0.0195596,0.0244757,0.0439836,0.0572721,0.0803769,0.0960778,0.235997,0.103632707185,0.0224208591402175,0.0454453501633519,0.0612945947681611,0.0617596073124964,0.0784220001465203,0.109295036474062,0.108349037977258,0.124218033392671,0.112726826644523,0.0996649709343757,0.0737999472702736,0.0932387198386117,0.115322031390725,0.198131642700316,0.250494617974724,0.334640987108248,0.387349726192142,1,0.977579140859782,0.954554649836648,0.938705405231839,0.938240392687504,0.92157799985348,0.890704963525938,0.891650962022742,0.875781966607329,0.887273173355477,0.900335029065624,0.926200052729726,0.906761280161388,0.884677968609275,0.801868357299684,0.749505382025276,0.665359012891752,0.612650273807858,0,100000,2242.08591402175,97990.2675189897,4148044.24206525,41.4804424206525,2023,"Males","GMoH report",31.7593975793475
0,1,0.0243731,0.0135667,0.0144243,0.0148469,0.0190185,0.0256325,0.0269268,0.0320775,0.0271248,0.0264555,0.0173119,0.0226761,0.0248745,0.0530731,0.063743,0.0870756,0.100172,0.255734,0.107781424351,0.0238543599267522,0.0528332541810051,0.0696112655556153,0.0715777314474328,0.0907764215661122,0.120444279983319,0.126142467514337,0.148480307352269,0.127011121807959,0.124071561980089,0.0829686380858059,0.107297762991567,0.11709104688561,0.234280516764293,0.274906575409224,0.357544496172668,0.40055021072751,1,0.976145640073248,0.947166745818995,0.930388734444385,0.928422268552567,0.909223578433888,0.879555720016681,0.873857532485663,0.851519692647731,0.872988878192041,0.875928438019911,0.917031361914194,0.892702237008433,0.88290895311439,0.765719483235707,0.725093424590776,0.642455503827332,0.59944978927249,0,100000,2385.43599267522,97871.6696963135,3829874.95181787,38.2987495181787,2023,"Males","GMoH report",34.9410904818213
0,1,0.0245588,0.0130583,0.014249,0.0137007,0.0183367,0.0256945,0.0262896,0.029633,0.0258723,0.0247328,0.0159717,0.0205442,0.0252782,0.0491382,0.0630995,0.0884021,0.106911,0.241263,0.108386845348,0.024032560250433,0.0509037666869438,0.0687943724668014,0.0662348407919058,0.0876647924984827,0.120718026659964,0.123341503053323,0.137945641978153,0.121502619447191,0.116462867948979,0.0767922433184758,0.0977029287290135,0.118878418879689,0.21881104746824,0.272509471506663,0.362005404972665,0.421813691160776,1,0.975967439749567,0.949096233313056,0.931205627533199,0.933765159208094,0.912335207501517,0.879281973340036,0.876658496946677,0.862054358021847,0.878497380552809,0.883537132051021,0.923207756681524,0.902297071270986,0.881121581120311,0.78118895253176,0.727490528493337,0.637994595027335,0.578186308839224,0,100000,2403.2560250433,97857.2253140747,3914464.56049796,39.1446456049796,2023,"Males","GMoH report",34.0951943950204
0,1,0.0247938,0.0126444,0.0137521,0.0134042,0.0177016,0.0250624,0.0246392,0.0289019,0.0267578,0.0247636,0.0173914,0.0207954,0.0258252,0.0486274,0.0634501,0.0888899,0.1,0.234623,0.109152994698,0.02425800181002,0.0493301009432659,0.0664750704588569,0.0648479139786195,0.0847571567836944,0.117923391953746,0.116047694136575,0.134771610944134,0.125400402757723,0.116599444961856,0.0833337725693438,0.0988385329307307,0.121294841169569,0.216783014144923,0.273816318089046,0.363639747926885,0.4,1,0.97574199818998,0.950669899056734,0.933524929541143,0.935152086021381,0.915242843216306,0.882076608046254,0.883952305863425,0.865228389055866,0.874599597242277,0.883400555038144,0.916666227430656,0.901161467069269,0.878705158830431,0.783216985855077,0.726183681910954,0.636360252073115,0.6,0,100000,2425.80018100201,97838.9831732933,3954801.82123858,39.5480182123858,2023,"Males","GMoH report",33.6918217876142
0,1,0.0239844,0.0119337,0.0131314,0.0133667,0.017945,0.0237829,0.0247736,0.0280552,0.0252197,0.0243977,0.0165523,0.0200346,0.0254933,0.0491054,0.0615778,0.0842555,0.102462,0.23367,0.106514180724,0.0234812043356775,0.046622052816605,0.0635700893226707,0.0646723599167519,0.0858725430379595,0.112240961114759,0.116643783888641,0.131082159497186,0.11861962180962,0.114975646663495,0.079472853708886,0.0953949984120356,0.119829383917444,0.218680959970644,0.266814391853334,0.347979527336293,0.407839796840358,1,0.976518795664323,0.953377947183395,0.936429910677329,0.935327640083248,0.91412745696204,0.887759038885241,0.883356216111359,0.868917840502814,0.88138037819038,0.885024353336505,0.920527146291114,0.904605001587964,0.880170616082556,0.781319040029356,0.733185608146666,0.652020472663708,0.592160203159642,0,100000,2348.12043356775,97901.987690655,4014431.51822724,40.1443151822724,2023,"Males","GMoH report",33.0955248177276
0,1,0.0240649,0.0123661,0.0130189,0.0142776,0.0183107,0.0252611,0.0254909,0.0293653,0.0251527,0.0242894,0.01623,0.0218649,0.0252816,0.0478792,0.0630447,0.0875967,0.0991992,0.229973,0.106776627629,0.0235585021943175,0.0482705627870384,0.0630426355791466,0.0689276948596786,0.0875459317679419,0.118802777869878,0.119818778732988,0.136784691264059,0.118323134252705,0.114494493616857,0.0779857290440382,0.103658303878801,0.118893457887668,0.213804079314244,0.272305028002696,0.359299806581956,0.397433329220079,1,0.976441497805683,0.951729437212962,0.936957364420853,0.931072305140321,0.912454068232058,0.881197222130122,0.880181221267012,0.863215308735941,0.881676865747295,0.885505506383143,0.922014270955962,0.896341696121199,0.881106542112332,0.786195920685756,0.727694971997304,0.640700193418044,0.602566670779921,0,100000,2355.85021943174,97895.6995221982,3958286.94153279,39.5828694153279,2023,"Males","GMoH report",33.6569705846721
0,1,0.0231479,0.0117681,0.0124571,0.0129125,0.0162443,0.022458,0.0245185,0.0264338,0.0224165,0.019947,0.0149322,0.0197362,0.0242332,0.0447685,0.0605471,0.0772561,0.0970052,0.233557,0.103787015059,0.0226774462063867,0.0459899708481244,0.060404342657697,0.0625435170889716,0.0780517595075776,0.106320628322816,0.115512044822546,0.123976101331555,0.106134585178373,0.0949977020909781,0.071974168309907,0.0940409714482573,0.114244712577893,0.201311468775329,0.262935539057786,0.323751126491626,0.390358893629282,1,0.977322553793613,0.954010029151876,0.939595657342303,0.937456482911028,0.921948240492422,0.893679371677184,0.884487955177454,0.876023898668445,0.893865414821628,0.905002297909022,0.928025831690093,0.905959028551743,0.885755287422107,0.798688531224671,0.737064460942214,0.676248873508374,0.609641106370718,0,100000,2267.74462063867,97967.6178244535,4153345.79806137,41.5334579806137,2023,"Males","GMoH report",31.7063820193863
0,1,0.0257639,0.0138591,0.0136632,0.0139538,0.0188147,0.024769,0.0257189,0.0299028,0.0255132,0.0254829,0.0156672,0.0219336,0.0267861,0.047086,0.0641669,0.0818157,0.0962055,0.238688,0.112315724419,0.0251878486396765,0.0539412457617273,0.0660595382910542,0.0674171852027932,0.0898473716419218,0.116623388241609,0.120825737358619,0.139114236985663,0.119917313963468,0.119783427254068,0.0753833836299809,0.103967069700067,0.125524706638759,0.210635090340561,0.27648201541299,0.33961408895559,0.387764746662421,1,0.974812151360323,0.946058754238273,0.933940461708946,0.932582814797207,0.910152628358078,0.883376611758391,0.879174262641381,0.860885763014337,0.880082686036532,0.880216572745932,0.924616616370019,0.896032930299933,0.874475293361241,0.789364909659439,0.72351798458701,0.66038591104441,0.612235253337579,0,100000,2518.78486396767,97764.1142826845,3910939.36375865,39.1093936375865,2023,"Males","GMoH report",34.1304463624135
0,1,0.0238026,0.0118558,0.013208,0.0129001,0.0173024,0.0229451,0.0246842,0.0267487,0.0240405,0.0215938,0.0145748,0.0206747,0.025277,0.0481089,0.0563588,0.0828362,0.0963052,0.231098,0.105921474546,0.0233066030099643,0.0463247656859608,0.0639290623608449,0.062485332408493,0.0829249963575575,0.108501552565569,0.11624731977314,0.125360428748816,0.113387754235739,0.102438887858408,0.0703120401915408,0.098293051614466,0.118873110937107,0.21471968086329,0.246993374511459,0.343123402926293,0.388088619663868,1,0.976693396990036,0.953675234314039,0.936070937639155,0.937514667591507,0.917075003642443,0.891498447434431,0.88375268022686,0.874639571251184,0.886612245764261,0.897561112141592,0.929687959808459,0.901706948385534,0.881126889062893,0.78528031913671,0.753006625488541,0.656876597073707,0.611911380336132,0,100000,2330.66030099642,97916.206674751,4086632.65540301,40.8663265540301,2023,"Males","GMoH report",32.3735134459699
0,1,0.0230111,0.0118671,0.011453,0.0120578,0.0165583,0.0226824,0.0222211,0.0245529,0.0233237,0.0202075,0.0150116,0.019063,0.0233206,0.0432947,0.0569295,0.0776707,0.0907214,0.228276,0.103341018331,0.0225459078154234,0.0463678951040221,0.0556710000899252,0.0585247991907931,0.0795005164943298,0.107325973354935,0.105258121870271,0.11566473812804,0.110193216207833,0.0961786736314797,0.0723430381223079,0.0909791606512625,0.110179377048979,0.195331457831551,0.24918286081332,0.325206046759828,0.369747070333595,1,0.977454092184577,0.953632104895978,0.944328999910075,0.941475200809207,0.92049948350567,0.892674026645065,0.894741878129729,0.88433526187196,0.889806783792167,0.90382132636852,0.927656961877692,0.909020839348738,0.889820622951021,0.804668542168449,0.75081713918668,0.674793953240172,0.630252929666405,0,100000,2254.59078154234,97978.4009257419,4218824.49556641,42.1882449556641,2023,"Males","GMoH report",31.0515950443359
0,1,0.0232251,0.0114012,0.0118921,0.0131308,0.0159685,0.0225707,0.0226589,0.0244695,0.0226603,0.0207443,0.0157179,0.0208292,0.0233136,0.0445574,0.0555256,0.0807816,0.0950913,0.239237,0.104038703271,0.0227516653572172,0.0445880846583856,0.05774376347592,0.0635672769979871,0.0767774482923587,0.106825674378276,0.107220739939464,0.115294502903035,0.10722700949202,0.0986076341378837,0.0756181054508358,0.0989912296960382,0.110148126589838,0.200457353763541,0.243786957308217,0.336042810290577,0.384136420898529,1,0.977248334642783,0.955411915341614,0.94225623652408,0.936432723002013,0.923222551707641,0.893174325621724,0.892779260060536,0.884705497096965,0.89277299050798,0.901392365862116,0.924381894549164,0.901008770303962,0.889851873410162,0.799542646236459,0.756213042691783,0.663957189709423,0.615863579101471,0,100000,2275.16653572171,97961.5388403804,4193445.78054439,41.9344578054439,2023,"Males","GMoH report",31.3053821945561
0,1,0.0222624,0.0109172,0.0123126,0.0123674,0.0159127,0.0223565,0.021394,0.024974,0.0225549,0.0201576,0.0147063,0.0192897,0.0243617,0.043553,0.0590581,0.0769556,0.09778,0.229747,0.10486649392,0.0218274269608432,0.0427356918107278,0.0597245876065878,0.0599824331409321,0.0765194234270798,0.105865542497866,0.101539177112156,0.117531896068936,0.106754885578182,0.0959525663703334,0.0709239285730648,0.0920113229588039,0.114815733842145,0.196382393986739,0.25730120000061,0.322695026539158,0.392864317570011,1,0.978172573039157,0.957264308189272,0.940275412393412,0.940017566859068,0.92348057657292,0.894134457502134,0.898460822887844,0.882468103931064,0.893245114421818,0.904047433629667,0.929076071426935,0.907988677041196,0.885184266157856,0.803617606013261,0.74269879999939,0.677304973460842,0.607135682429989,0,100000,2182.74269608431,98046.1538775835,4232588.39998013,42.3258839998013,2023,"Males","GMoH report",30.9139560001987
0,1,0.0243642,0.0120035,0.0130351,0.0130373,0.0184814,0.0245813,0.0254963,0.0273306,0.0245012,0.0224408,0.0153465,0.0208105,0.0247955,0.0503798,0.0644709,0.0818785,0.0990181,0.238839,0.107752408482,0.023845818172674,0.0468883513491607,0.0631186066268944,0.0631289232231568,0.0883260283491692,0.115790780234551,0.119842640229774,0.127913142658167,0.115435244941593,0.106243525720054,0.0738973363203976,0.0989067525643966,0.11674087884641,0.223721401359475,0.277610072019582,0.339830475939474,0.396851737441989,1,0.976154181827326,0.953111648650839,0.936881393373106,0.936871076776843,0.911673971650831,0.884209219765449,0.880157359770226,0.872086857341833,0.884564755058407,0.893756474279946,0.926102663679602,0.901093247435603,0.88325912115359,0.776278598640525,0.722389927980418,0.660169524060526,0.603148262558011,0,100000,2384.58181726739,97872.3626167656,4017084.29899353,40.1708429899353,2023,"Males","GMoH report",33.0689970100647
0,1,0.0237531,0.0123238,0.0125023,0.0132326,0.0170382,0.0233469,0.0240154,0.0277661,0.0233647,0.0219805,0.0152983,0.0215139,0.0246068,0.0464306,0.0585339,0.0842015,0.101705,0.242443,0.105760094151,0.0232590551103219,0.0481094183014726,0.0606168741362169,0.0640443178974747,0.0817105003810202,0.11029678025279,0.113276074406731,0.129819076359721,0.110376231178461,0.104177799685057,0.0736737906223069,0.102079195964831,0.115903937478156,0.208008142810999,0.255308931357093,0.347795287705635,0.405437458267308,1,0.976740944889678,0.951890581698527,0.939383125863783,0.935955682102525,0.91828949961898,0.88970321974721,0.886723925593269,0.870180923640279,0.889623768821538,0.895822200314943,0.926326209377693,0.897920804035169,0.884096062521844,0.791991857189001,0.744691068642907,0.652204712294365,0.594562541732692,0,100000,2325.90551103219,97920.0824748009,4079204.31825229,40.7920431825229,2023,"Males","GMoH report",32.4477968174771
0,1,0.0242621,0.0136351,0.0145658,0.0143596,0.0197853,0.0261764,0.0261869,0.0300293,0.0265998,0.0243515,0.0168626,0.0218804,0.0258917,0.0559718,0.0665318,0.0911561,0.0972443,0.244298,0.107419541041,0.0237478201433157,0.0530925553958443,0.0702701477063472,0.0693098458440446,0.0942639010942022,0.122843029318376,0.122889276981531,0.139661646311077,0.124706106285094,0.114770420276587,0.0809024364382893,0.103727975985611,0.12158818779516,0.245505533456236,0.285218713922609,0.371189933302264,0.391132889808893,1,0.976252179856684,0.946907444604156,0.929729852293653,0.930690154155955,0.905736098905798,0.877156970681624,0.877110723018469,0.860338353688923,0.875293893714906,0.885229579723413,0.919097563561711,0.896272024014389,0.87841181220484,0.754494466543764,0.714781286077391,0.628810066697736,0.608867110191107,0,100000,2374.78201433158,97880.3159797203,3847281.59582607,38.4728159582607,2023,"Males","GMoH report",34.7670240417393
0,1,0.0241067,0.0122247,0.0133309,0.013518,0.018289,0.0248162,0.0246436,0.0290077,0.0255784,0.0236661,0.0161826,0.0204366,0.0253891,0.0531438,0.0683059,0.0878321,0.099696,0.239202,0.106912904407,0.0235986359360341,0.0477317864601219,0.0645047345843246,0.0653804671138862,0.0874467174608942,0.116832644329477,0.116067214953905,0.13523160540009,0.120205348767701,0.111720527084891,0.0777668263882248,0.0972160844227168,0.119368831970542,0.234556006283215,0.29171488123468,0.360091515093,0.399026608177772,1,0.976401364063966,0.952268213539878,0.935495265415675,0.934619532886114,0.912553282539106,0.883167355670523,0.883932785046095,0.86476839459991,0.879794651232299,0.888279472915109,0.922233173611775,0.902783915577283,0.880631168029458,0.765443993716785,0.70828511876532,0.639908484907,0.600973391822228,0,100000,2359.86359360341,97892.4362771931,3971745.51702414,39.7174551702415,2023,"Males","GMoH report",33.5223848297586
0,1,0.0241478,0.0123182,0.0125942,0.0129732,0.0179231,0.0243413,0.0252262,0.0264249,0.0238513,0.0235455,0.0158921,0.021253,0.0246072,0.044258,0.0573816,0.0821749,0.0933043,0.239808,0.107046899038,0.023638095229924,0.0480880827579422,0.0610488465421957,0.0628282900682175,0.0857722389597512,0.114725104532601,0.118648380556043,0.123936946458802,0.112545602667728,0.111182859928862,0.0764241494368371,0.100903732436327,0.115905712385471,0.199244583102612,0.250913460445282,0.340851006553846,0.378282938137778,1,0.976361904770076,0.951911917242058,0.938951153457804,0.937171709931782,0.914227761040249,0.885274895467399,0.881351619443957,0.876063053541198,0.887454397332272,0.888817140071138,0.923575850563163,0.899096267563673,0.884094287614529,0.800755416897388,0.749086539554717,0.659148993446154,0.621717061862222,0,100000,2363.80952299239,97889.2289563604,4052830.05757033,40.5283005757033,2023,"Males","GMoH report",32.7115394242967
0,1,0.0249367,0.0128538,0.013678,0.0136462,0.0180568,0.0240315,0.0265175,0.0282046,0.0245623,0.0244666,0.0158256,0.0226203,0.0260997,0.046282,0.0639523,0.0859966,0.110041,0.234467,0.109618878707,0.0243950525759428,0.0501265662845825,0.0661287281412113,0.0659800573533614,0.086384433885539,0.113347711195984,0.124344253166634,0.131734222378741,0.115706458157024,0.115281626398873,0.0761165257742669,0.107047863058164,0.122505132014878,0.20741145732967,0.275684806390657,0.353897949080302,0.431498644226641,1,0.975604947424057,0.949873433715418,0.933871271858789,0.934019942646639,0.913615566114461,0.886652288804016,0.875655746833366,0.868265777621259,0.884293541842976,0.884718373601127,0.923883474225733,0.892952136941837,0.877494867985122,0.79258854267033,0.724315193609343,0.646102050919698,0.568501355773359,0,100000,2439.50525759428,97827.910573343,3960665.77643667,39.6066577643667,2023,"Males","GMoH report",33.6331822356333
0,1,0.0229039,0.0115367,0.0116728,0.0119943,0.0167031,0.0219208,0.0229475,0.02513,0.0228067,0.0212861,0.0139116,0.0198763,0.025063,0.043357,0.0566476,0.0730061,0.0956395,0.234311,0.103586412745,0.022443112222717,0.0451060500644431,0.0567091146172397,0.0582255628293887,0.0801678701214366,0.103909548901121,0.108512285803794,0.118222661303601,0.107882396376406,0.101052942406597,0.0672201503896001,0.094676932229802,0.117926048609265,0.195585047715498,0.248102037544925,0.308689887931678,0.385923640065007,1,0.977556887777283,0.954893949935557,0.94329088538276,0.941774437170611,0.919832129878563,0.896090451098879,0.891487714196206,0.881777338696399,0.892117603623594,0.898947057593403,0.9327798496104,0.905323067770198,0.882073951390735,0.804414952284502,0.751897962455075,0.691310112068322,0.614076359934993,0,100000,2244.3112222717,97988.1689263268,4212496.30967035,42.1249630967035,2023,"Males","GMoH report",31.1148769032965
0,1,0.0228405,0.0120434,0.0134049,0.0135069,0.0174443,0.0235358,0.0241927,0.0271463,0.0250198,0.0231753,0.0161332,0.0204607,0.0239489,0.047187,0.0637777,0.0856669,0.0987877,0.240694,0.103712924275,0.0223822975512953,0.047040543828902,0.0648511906849677,0.065328535025655,0.0835766592093843,0.111139601422123,0.114064669193977,0.127105396909677,0.117734750239871,0.109530494809125,0.0775386342642212,0.097325148343234,0.112980125670806,0.211039229673492,0.275035647466448,0.3527804756717,0.396111211242779,1,0.977617702448705,0.952959456171098,0.935148809315032,0.934671464974345,0.916423340790616,0.888860398577877,0.885935330806023,0.872894603090323,0.882265249760129,0.890469505190875,0.922461365735779,0.902674851656766,0.887019874329194,0.788960770326508,0.724964352533552,0.6472195243283,0.603888788757221,0,100000,2238.22975512953,97993.9035979743,4042747.06712859,40.427470671286,2023,"Males","GMoH report",32.812369328714
0,1,0.0231765,0.0122745,0.0139821,0.0134455,0.0169739,0.0236615,0.0237498,0.028028,0.0251718,0.0237553,0.0153343,0.0192723,0.0242887,0.0486102,0.0605127,0.0838714,0.0958518,0.232645,0.103880257065,0.0227049428754761,0.0479215732971288,0.0675492974213136,0.0650412206687459,0.0814146880656079,0.111700024665918,0.112093504232922,0.130963394918089,0.118407664854536,0.112118007727573,0.0738407591186184,0.0919321405206115,0.114491382872087,0.216714644473086,0.262805781469219,0.346668143643125,0.386614710282387,1,0.977295057124524,0.952078426702871,0.932450702578686,0.934958779331254,0.918585311934392,0.888299975334082,0.887906495767078,0.86903660508191,0.881592335145464,0.887881992272427,0.926159240881382,0.908067859479389,0.885508617127913,0.783285355526914,0.737194218530781,0.653331856356875,0.613385289717613,0,100000,2270.49428754761,97965.3652427074,4036966.02663524,40.3696602663524,2023,"Males","GMoH report",32.8701797336476
0,1,0.0249114,0.0130231,0.0144345,0.0153764,0.0196135,0.0256082,0.027329,0.0304538,0.0276459,0.0253864,0.0163013,0.0216328,0.0266408,0.0494982,0.0635066,0.0894624,0.101792,0.243676,0.109536395394,0.0243707901932643,0.0507700335520954,0.0696587759947591,0.0740359827857336,0.0934836462601894,0.120336967191892,0.127906133213519,0.14149625348876,0.129293417755204,0.119356895283911,0.0783149127807192,0.102614407607757,0.124886321233225,0.220237589383005,0.274026734462896,0.365553717711514,0.405713921306039,1,0.975629209806736,0.949229966447905,0.930341224005241,0.925964017214266,0.906516353739811,0.879663032808109,0.872093866786481,0.85850374651124,0.870706582244796,0.880643104716089,0.921685087219281,0.897385592392243,0.875113678766775,0.779762410616995,0.725973265537104,0.634446282288486,0.594286078693961,0,100000,2437.07901932643,97829.8698317409,3838784.88404024,38.3878488404024,2023,"Males","GMoH report",34.8519911595976
0,1,0.0235443,0.0133252,0.0140946,0.014705,0.0191213,0.0261078,0.0263319,0.0302535,0.0257155,0.0264813,0.0170389,0.0218969,0.025689,0.0542639,0.0670699,0.089388,0.102005,0.244611,0.105079362303,0.0230584519614936,0.0519171862203531,0.068074299930499,0.0709178813855632,0.0912447064847337,0.122540821829593,0.123527702243252,0.140631046580679,0.120810729231141,0.124185046331457,0.0817137202308945,0.103802137441636,0.1206937459037,0.238909145102659,0.287194272206366,0.365305238379364,0.406390374597863,1,0.976941548038506,0.948082813779647,0.931925700069501,0.929082118614437,0.908755293515266,0.877459178170407,0.876472297756748,0.859368953419321,0.879189270768859,0.875814953668543,0.918286279769105,0.896197862558364,0.8793062540963,0.761090854897341,0.712805727793634,0.634694761620636,0.593609625402137,0,100000,2305.84519614936,97936.4515466314,3859438.45620264,38.5943845620264,2023,"Males","GMoH report",34.6454554379736
0,1,0.0246874,0.0124002,0.013343,0.013862,0.0184773,0.0243316,0.0256472,0.0278355,0.0243939,0.0231121,0.0158138,0.020264,0.0242961,0.0453044,0.0602651,0.0845978,0.097316,0.230774,0.108806108354,0.0241559389056453,0.0484004494924085,0.064561393322253,0.066988513079239,0.0883072988666291,0.114682008127606,0.120509191649798,0.13012244191985,0.114958768257508,0.109248116515694,0.0760619296425467,0.0964346220470942,0.114524267368944,0.203476094105515,0.261871256369427,0.34914644680599,0.39136484649599,1,0.975844061094355,0.951599550507591,0.935438606677747,0.933011486920761,0.911692701133371,0.885317991872394,0.879490808350202,0.86987755808015,0.885041231742492,0.890751883484306,0.923938070357453,0.903565377952906,0.885475732631057,0.796523905894485,0.738128743630573,0.65085355319401,0.60863515350401,0,100000,2415.59389056453,97847.2374800315,4000521.32280184,40.0052132280184,2023,"Males","GMoH report",33.2346267719816
0,1,0.0245539,0.0130045,0.0128604,0.0136725,0.0184847,0.0241137,0.0248272,0.029026,0.0249556,0.0233506,0.0159553,0.0192873,0.0238703,0.0456363,0.0633927,0.0827926,0.0959779,0.234884,0.108370870319,0.0240278587494697,0.0506993603369951,0.0622990240769035,0.0661030162749518,0.0883411030319627,0.113713374503111,0.116881404957121,0.135311146643793,0.117450387758156,0.110313295882892,0.0767164164033972,0.0920004016339155,0.11263020787255,0.204814105134613,0.273602497406627,0.342973773831662,0.387024905746808,1,0.97597214125053,0.949300639663005,0.937700975923097,0.933896983725048,0.911658896968037,0.886286625496889,0.883118595042879,0.864688853356207,0.882549612241844,0.889686704117108,0.923283583596603,0.907999598366085,0.88736979212745,0.795185894865387,0.726397502593373,0.657026226168338,0.612975094253192,0,100000,2402.78587494697,97857.6061215112,3999432.34366103,39.9943234366103,2023,"Males","GMoH report",33.2455165633897
0,1,0.0255931,0.0130027,0.014386,0.0136852,0.0185431,0.0259341,0.0243977,0.0301212,0.026985,0.0238011,0.0157255,0.0205209,0.0242605,0.0495606,0.0639604,0.082648,0.10176,0.240785,0.111758880551,0.0250242281308321,0.0506925207216258,0.0694328476348139,0.0661623862782618,0.0886078399094382,0.121775176019013,0.114975646663495,0.140059127520336,0.126397882829608,0.112322030310917,0.0756532856416073,0.0975975272572659,0.114366055760553,0.220484624319836,0.275714910151815,0.342477333377534,0.405612244897959,1,0.974975771869168,0.949307479278374,0.930567152365186,0.933837613721738,0.911392160090562,0.878224823980987,0.885024353336505,0.859940872479664,0.873602117170392,0.887677969689083,0.924346714358393,0.902402472742734,0.885633944239447,0.779515375680164,0.724285089848185,0.657522666622466,0.594387755102041,0,100000,2502.42281308322,97777.2451591722,3920650.08347149,39.2065008347149,2023,"Males","GMoH report",34.0333391652851
0,1,0.0247013,0.0120135,0.0128171,0.0135866,0.0180824,0.0226577,0.0259188,0.0280529,0.0243922,0.0230486,0.0160491,0.0207798,0.0259312,0.0479541,0.0592209,0.0813188,0.101214,0.237476,0.108851425273,0.0241692731901789,0.0469264970552534,0.0620957804315761,0.0657013549278434,0.0865016082953982,0.107215366004216,0.121707705788052,0.131072117488282,0.114951217293815,0.108964312847271,0.077150028686518,0.0987680492266977,0.121762387916171,0.214102739544074,0.257919010219265,0.337899953211884,0.40387539055174,1,0.975830726809821,0.953073502944747,0.937904219568424,0.934298645072157,0.913498391704602,0.892784633995784,0.878292294211948,0.868927882511718,0.885048782706185,0.891035687152729,0.922849971313482,0.901231950773302,0.87823761208383,0.785897260455926,0.742080989780735,0.662100046788116,0.59612460944826,0,100000,2416.92731901789,97846.1586644385,4028312.95351696,40.2831295351696,2023,"Males","GMoH report",32.9567104648304
0,1,0.0240848,0.0119837,0.0134445,0.0132447,0.0167922,0.0232867,0.0254786,0.0281871,0.0239798,0.0224013,0.0151289,0.0199147,0.0246136,0.046837,0.0587406,0.0811425,0.0981931,0.236049,0.106841505808,0.0235776092287134,0.0468128184549625,0.0650365405755791,0.0641010035942385,0.0805782833747849,0.110028025921911,0.119764425284844,0.131657866385979,0.113117653246688,0.106066434928112,0.0728877223435901,0.0948511685825717,0.115934110447711,0.209637966417284,0.256095056770646,0.337290927324026,0.394196948934058,1,0.976422390771287,0.953187181545037,0.934963459424421,0.935898996405762,0.919421716625215,0.889971974078089,0.880235574715156,0.868342133614021,0.886882346753312,0.893933565071888,0.92711227765641,0.905148831417428,0.884065889552289,0.790362033582716,0.743904943229355,0.662709072675974,0.605803051065942,0,100000,2357.76092287134,97894.1458044635,4056529.0734099,40.565290734099,2023,"Males","GMoH report",32.674549265901
0,1,0.0236893,0.01171,0.0129598,0.0135715,0.0173154,0.0237841,0.0239117,0.0265794,0.0246408,0.0229425,0.0160294,0.0198985,0.0254653,0.0459738,0.0602056,0.0796065,0.0952727,0.237159,0.105552092753,0.0231977661334788,0.0457681108440328,0.0627654314051876,0.0656307313245714,0.0829847161163954,0.112246306550906,0.11281453189426,0.124616425453268,0.11605479266241,0.108489924753365,0.0770589770819081,0.0947776665075012,0.119705649320873,0.20617264960408,0.26164653363627,0.331965892872594,0.384728251728795,1,0.976802233866521,0.954231889155967,0.937234568594812,0.934369268675429,0.917015283883605,0.887753693449093,0.88718546810574,0.875383574546732,0.88394520733759,0.891510075246635,0.922941022918092,0.905222333492499,0.880294350679127,0.79382735039592,0.73835346636373,0.668034107127406,0.615271748271205,0,100000,2319.77661334787,97925.0806629105,4068840.90362317,40.6884090362317,2023,"Males","GMoH report",32.5514309637683
0,1,0.0241668,0.0133877,0.0137534,0.0138598,0.0186611,0.0259927,0.0272875,0.0294824,0.0268214,0.025165,0.0159668,0.0226182,0.0265145,0.051014,0.0618286,0.0903197,0.0974968,0.246975,0.107108843028,0.0236563359649176,0.0521543465104443,0.0664811455325805,0.066978237557743,0.089146567474265,0.122033546584249,0.127724307404265,0.137292703961792,0.125679733958981,0.118377571060647,0.0767695883421465,0.107038456933469,0.124331060257037,0.226219141756132,0.26775561322967,0.368411467048948,0.391949455755293,1,0.976343664035082,0.947845653489556,0.933518854467419,0.933021762442257,0.910853432525735,0.877966453415751,0.872275692595735,0.862707296038208,0.874320266041019,0.881622428939353,0.923230411657853,0.892961543066531,0.875668939742963,0.773780858243868,0.73224438677033,0.631588532951052,0.608050544244707,0,100000,2365.63359649175,97887.7466810566,3885946.21583019,38.8594621583019,2023,"Males","GMoH report",34.3803778416981
0,1,0.0243991,0.0125976,0.0122792,0.0127737,0.0170366,0.0235586,0.0247844,0.0260686,0.0239186,0.0240513,0.0151695,0.0187321,0.026339,0.0479824,0.060778,0.0844477,0.100581,0.234041,0.107866189811,0.0238793127420141,0.0491520053937045,0.0595673999561462,0.0618920246130022,0.0817031406835755,0.111241278066364,0.116691667584779,0.122368088143552,0.112845249064325,0.113435803639795,0.0730761773203475,0.0894705708017131,0.123558951913853,0.214215558468368,0.263805997682181,0.348634950687143,0.40185704211706,1,0.976120687257986,0.950847994606295,0.940432600043854,0.938107975386998,0.918296859316424,0.888758721933636,0.883308332415221,0.877631911856448,0.887154750935675,0.886564196360205,0.926923822679653,0.910529429198287,0.876441048086147,0.785784441531632,0.736194002317819,0.651365049312857,0.59814295788294,0,100000,2387.9312742014,97869.6457738772,4074335.96508343,40.7433596508343,2023,"Males","GMoH report",32.4964803491657
0,1,0.0250576,0.0131869,0.0143342,0.014842,0.0199517,0.0269389,0.027048,0.0316636,0.0281845,0.025288,0.0159646,0.0232312,0.0267758,0.0546468,0.0723338,0.0995386,0.0987211,0.24141,0.110013038096,0.0245109821245619,0.0513921925910424,0.0691914884168384,0.0715549534521577,0.0950190224256742,0.126195575057696,0.126674284857908,0.146704980452371,0.131646521534525,0.118921765956246,0.0767594165465042,0.109780186337869,0.125479467205029,0.240392322127858,0.306282548485838,0.398522156245784,0.395897025411598,1,0.975489017875438,0.948607807408958,0.930808511583162,0.928445046547842,0.904980977574326,0.873804424942304,0.873325715142092,0.853295019547629,0.868353478465475,0.881078234043754,0.923240583453496,0.890219813662131,0.874520532794971,0.759607677872142,0.693717451514162,0.601477843754216,0.604102974588402,0,100000,2451.0982124562,97818.5545485678,3799442.89287316,37.9944289287316,2023,"Males","GMoH report",35.2454110712684
0,1,0.0252568,0.0120626,0.0130928,0.0134982,0.0183821,0.0233678,0.0255806,0.0276412,0.0245923,0.0232357,0.017515,0.0218512,0.0243361,0.0523012,0.0589506,0.0824877,0.0959882,0.242268,0.110662471928,0.0247019492601184,0.0471137708553603,0.0633891464581324,0.0652878295479884,0.0878723062004804,0.110390067454351,0.120215066194277,0.129272857713429,0.115839594830146,0.109800283860742,0.0839011772032142,0.103596718463762,0.114702001550186,0.231267129072397,0.256893007657033,0.341926643933099,0.387058401792623,1,0.975298050739882,0.95288622914464,0.936610853541868,0.934712170452012,0.91212769379952,0.889609932545649,0.879784933805723,0.870727142286571,0.884160405169854,0.890199716139258,0.916098822796786,0.896403281536238,0.885297998449814,0.768732870927603,0.743106992342967,0.658073356066901,0.612941598207377,0,100000,2470.19492601184,97803.1629506446,4003084.55325707,40.0308455325707,2023,"Males","GMoH report",33.2089944674293
0,1,0.0234938,0.0122889,0.0130541,0.0127945,0.0172328,0.0232342,0.0242909,0.0267329,0.0229128,0.022641,0.0155352,0.0187985,0.023725,0.0472773,0.0585116,0.0837859,0.0967181,0.230815,0.104914721698,0.0230099253269887,0.0479764445413516,0.0632077008798605,0.0619896825175723,0.0826052026590431,0.109793584733937,0.114501159463943,0.125291019276929,0.108357089215555,0.107140575571229,0.0747720048746773,0.0897734829518253,0.111983007847071,0.211400399707296,0.255224077209824,0.346375948534259,0.389428530991723,1,0.976990074673011,0.952023555458648,0.93679229912014,0.938010317482428,0.917394797340957,0.890206415266063,0.885498840536057,0.874708980723071,0.891642910784445,0.892859424428771,0.925227995125323,0.910226517048175,0.888016992152929,0.788599600292704,0.744775922790176,0.653624051465741,0.610571469008277,0,100000,2300.99253269886,97940.4154584984,4092915.82353545,40.9291582353545,2023,"Males","GMoH report",32.3106817646455
0,1,0.025532,0.0134704,0.0148599,0.0149091,0.020034,0.0259599,0.0269293,0.0314113,0.0285164,0.0275511,0.0171655,0.0226567,0.0257052,0.0560761,0.0710631,0.0899703,0.104441,0.245015,0.11155968172,0.0249656868916634,0.0524680682664473,0.0716381602560286,0.0718668257697891,0.0953922777679902,0.121888938371898,0.126153440393995,0.145621127680244,0.133093622554469,0.128878629946222,0.0822958753779975,0.107210887701532,0.120765261970021,0.245906768629183,0.301713719457117,0.367247974009853,0.414086087371962,1,0.975034313108337,0.947531931733553,0.928361839743971,0.928133174230211,0.90460772223201,0.878111061628102,0.873846559606005,0.854378872319756,0.866906377445531,0.871121370053778,0.917704124622003,0.892789112298468,0.879234738029979,0.754093231370817,0.698286280542883,0.632752025990147,0.585913912628038,0,100000,2496.56868916634,97781.9477191892,3785163.04324199,37.85163043242,2023,"Males","GMoH report",35.38820956758
0,1,0.0250151,0.0133855,0.0143309,0.0150724,0.0198243,0.0271085,0.0282,0.0336752,0.0294281,0.0278609,0.0173462,0.0237547,0.0260171,0.0535595,0.0723253,0.0934496,0.109561,0.242079,0.109874479171,0.0244702316557424,0.0521459994487573,0.0691761102056352,0.0726254022189864,0.0944409363631405,0.12693964180062,0.131714152265297,0.155301479079274,0.137057169756707,0.130233447365721,0.0831261911573653,0.112115334649976,0.122141106542437,0.236174085208225,0.306252068225014,0.378760465101198,0.430021135840459,1,0.975529768344258,0.947854000551243,0.930823889794365,0.927374597781014,0.90555906363686,0.87306035819938,0.868285847734703,0.844698520920726,0.862942830243293,0.869766552634279,0.916873808842635,0.887884665350024,0.877858893457563,0.763825914791775,0.693747931774986,0.621239534898802,0.569978864159541,0,100000,2447.02316557425,97821.8422302626,3751304.97023518,37.5130497023518,2023,"Males","GMoH report",35.7267902976482
0,1,0.02409,0.01269,0.0128917,0.013713,0.0181353,0.0240881,0.0272219,0.0295317,0.0265252,0.0242936,0.0148762,0.020953,0.0254872,0.0480338,0.0601333,0.0849016,0.0954049,0.243133,0.1068584589,0.0235826019314972,0.0495035986658605,0.062445914994174,0.0662923330908142,0.0867436927712154,0.113599509158592,0.127436819133102,0.137506498356233,0.124378114118462,0.114513157869928,0.071713923334238,0.0995503060911788,0.119802428839222,0.214420429887209,0.261373388972283,0.350180737700185,0.38515929091537,1,0.976417398068503,0.950496401334139,0.937554085005826,0.933707666909186,0.913256307228785,0.886400490841408,0.872563180866898,0.862493501643767,0.875621885881538,0.885486842130072,0.928286076665762,0.900449693908821,0.880197571160778,0.785579570112791,0.738626611027717,0.649819262299815,0.61484070908463,0,100000,2358.26019314972,97893.7398567755,3963947.59346996,39.6394759346996,2023,"Males","GMoH report",33.6003640653004
0,1,0.0251395,0.0125118,0.012779,0.0135409,0.0182805,0.0235945,0.0260121,0.0288189,0.0263365,0.0237704,0.0151839,0.0213181,0.0246982,0.0504507,0.0634359,0.0855499,0.0978225,0.231324,0.110280049295,0.024589503749207,0.0488254124100167,0.0619169095327039,0.0654875974782664,0.08740785190799,0.111401352000557,0.122119066571114,0.134410586846802,0.123547948627434,0.112185277688107,0.0731430096398247,0.101197171448366,0.116309416898871,0.224000983903455,0.273763426614123,0.352383555222646,0.393001521626684,1,0.975410496250793,0.951174587589983,0.938083090467296,0.934512402521734,0.91259214809201,0.888598647999443,0.877880933428886,0.865589413153198,0.876452051372566,0.887814722311893,0.926856990360175,0.898802828551634,0.883690583101129,0.775999016096545,0.726236573385877,0.647616444777354,0.606998478373316,0,100000,2458.95037492069,97812.2227936395,3982688.17837554,39.8268817837554,2023,"Males","GMoH report",33.4129582162446
0,1,0.0242782,0.0134009,0.0147776,0.0148543,0.0193079,0.026671,0.0272487,0.0314286,0.0287973,0.025477,0.0157962,0.0222174,0.0265152,0.0537789,0.0668527,0.0930292,0.103594,0.238197,0.107472030422,0.0237632742622884,0.0522044273782925,0.0712555354966131,0.0716121298489614,0.0920941389370436,0.125019042775347,0.127554279275747,0.145695487040034,0.134316610668957,0.119757354686622,0.0759804923662121,0.105241517758387,0.12433413861921,0.237026886882577,0.286397401150299,0.377378053875917,0.411418722224649,1,0.976236725737712,0.947795572621708,0.928744464503387,0.928387870151039,0.907905861062956,0.874980957224653,0.872445720724253,0.854304512959966,0.865683389331043,0.880242645313378,0.924019507633788,0.894758482241613,0.87566586138079,0.762973113117424,0.713602598849701,0.622621946124083,0.588581277775351,0,100000,2376.32742622885,97879.0613072155,3808977.29146675,38.0897729146675,2023,"Males","GMoH report",35.1500670853325
0,1,0.0246576,0.0127545,0.0127904,0.0130152,0.0176356,0.0246866,0.0246978,0.027278,0.0258624,0.0236944,0.0164089,0.0214661,0.0259962,0.0464358,0.0666276,0.084931,0.094376,0.226472,0.108708954096,0.0241273508437706,0.0497489539340952,0.0619704334209323,0.0630252833309767,0.0844544861597048,0.11625796528546,0.116307642752093,0.127682679660549,0.121458950120978,0.111846651737668,0.0788114759314703,0.101863945878447,0.12204897602373,0.208029015594179,0.285570763495344,0.350280761592886,0.381798469181352,1,0.975872649156229,0.950251046065905,0.938029566579068,0.936974716669023,0.915545513840295,0.88374203471454,0.883692357247907,0.872317320339451,0.878541049879022,0.888153348262332,0.92118852406853,0.898136054121553,0.87795102397627,0.79197098440582,0.714429236504656,0.649719238407114,0.618201530818648,0,100000,2412.73508437705,97849.5508231563,4007438.09958028,40.0743809958028,2023,"Males","GMoH report",33.1654590041972
0,1,0.0232541,0.0119884,0.0127748,0.0131908,0.0174014,0.0234053,0.0246979,0.0263542,0.0247632,0.0223192,0.0142452,0.0199099,0.0245323,0.046204,0.0585495,0.0850003,0.0894372,0.240295,0.104133249361,0.0227795434524242,0.0468307485091459,0.0618971894602093,0.0638484690365807,0.0833796915870431,0.11055742571007,0.116308086289101,0.12362584911794,0.116597671361361,0.105698249096892,0.0687766569172075,0.0948293907812128,0.11557330266743,0.207098098627534,0.255368286302787,0.350516484216608,0.36546956381738,1,0.977220456547576,0.953169251490854,0.938102810539791,0.936151530963419,0.916620308412957,0.88944257428993,0.883691913710899,0.87637415088206,0.883402328638639,0.894301750903108,0.931223343082793,0.905170609218787,0.88442669733257,0.792901901372466,0.744631713697213,0.649483515783392,0.63453043618262,0,100000,2277.95434524241,97959.2564426237,4083965.10922988,40.8396510922988,2023,"Males","GMoH report",32.4001889077012
0,1,0.0247919,0.0122182,0.0134513,0.0134128,0.0181337,0.0240325,0.024553,0.028883,0.023669,0.0230705,0.0151956,0.0197737,0.024161,0.0486569,0.0615514,0.0870063,0.0988283,0.241725,0.109146800299,0.0242561793937976,0.0477070123630906,0.0650683647626698,0.0648881698873378,0.0867363716438068,0.113352160506565,0.115665181967858,0.134689414129261,0.111733452294126,0.109062201217055,0.0731973074859175,0.0942112381028159,0.113923722360142,0.216900263876472,0.266715256415645,0.357310778115191,0.396241752923802,1,0.975743820606202,0.952292987636909,0.93493163523733,0.935111830112662,0.913263628356193,0.886647839493435,0.884334818032142,0.865310585870739,0.888266547705874,0.890937798782945,0.926802692514083,0.905788761897184,0.886076277639858,0.783099736123528,0.733284743584355,0.642689221884809,0.603758247076198,0,100000,2425.61793937976,97839.1304974514,4016386.99106018,40.1638699106018,2023,"Males","GMoH report",33.0759700893982
0,1,0.0243045,0.0124059,0.0138501,0.014218,0.0190108,0.0261989,0.0261587,0.0281523,0.0256118,0.0233992,0.0151045,0.0216911,0.0244057,0.0518406,0.0684895,0.0815032,0.100069,0.242964,0.107557773945,0.0237885184220049,0.0484221590735001,0.0669329305465916,0.0686498413878682,0.090741336500157,0.122942128663401,0.122765063813082,0.131506008492772,0.120352866156436,0.110530204119422,0.0727744459527661,0.102876726589677,0.115011179161826,0.22946410747507,0.292384354398551,0.338536483246633,0.400220769533804,1,0.976211481577995,0.9515778409265,0.933067069453408,0.931350158612132,0.909258663499843,0.877057871336599,0.877234936186918,0.868493991507228,0.879647133843564,0.889469795880578,0.927225554047234,0.897123273410323,0.884988820838174,0.77053589252493,0.707615645601449,0.661463516753367,0.599779230466196,0,100000,2378.85184220049,97877.0121664916,3928251.99236653,39.2825199236653,2023,"Males","GMoH report",33.9573200763347
0,1,0.0234407,0.011795,0.0124252,0.012788,0.0176415,0.0237044,0.0232796,0.027293,0.0234869,0.021566,0.0148553,0.0211825,0.0245906,0.0454349,0.0601033,0.0790901,0.0987016,0.241399,0.104741604547,0.0229588964578868,0.0460926738244805,0.0602543200560974,0.0619591654796166,0.0844815469727027,0.111891214724228,0.10999632394285,0.12774840683091,0.110921494856157,0.10231375395549,0.0716167781874789,0.10058585055172,0.115832050921523,0.204002425494724,0.261260025737698,0.330167957968658,0.395834302516776,1,0.977041103542113,0.95390732617552,0.939745679943903,0.938040834520383,0.915518453027297,0.888108785275772,0.89000367605715,0.87225159316909,0.889078505143843,0.89768624604451,0.928383221812521,0.89941414944828,0.884167949078477,0.795997574505276,0.738739974262302,0.669832042031342,0.604165697483224,0,100000,2295.88964578869,97944.5855195741,4103238.03166458,41.0323803166458,2023,"Males","GMoH report",32.2074596833542
0,1,0.02489,0.0129864,0.0142841,0.0142961,0.0185976,0.0260667,0.0252036,0.0301894,0.0261727,0.0252965,0.0171678,0.0207202,0.0262252,0.050487,0.0616447,0.0833988,0.103537,0.242652,0.1094666269,0.0243502671806067,0.0506305820193284,0.0689579928363169,0.0690139250647061,0.0888566967416918,0.122359715039922,0.118548384820825,0.140353992915679,0.122826731979782,0.118959361292651,0.0823064483883943,0.0984987171996971,0.123057951524218,0.224144092948298,0.267065559292677,0.345051746094529,0.411238896049347,1,0.975649732819393,0.949369417980672,0.931042007163683,0.930986074935294,0.911143303258308,0.877640284960078,0.881451615179175,0.859646007084321,0.877173268020218,0.881040638707349,0.917693551611606,0.901501282800303,0.876942048475782,0.775855907051702,0.732934440707323,0.654948253905471,0.588761103950653,0,100000,2435.02671806068,97831.5274431768,3894863.17543956,38.9486317543956,2023,"Males","GMoH report",34.2912082456044
0,1,0.0233078,0.0114298,0.0127123,0.0136588,0.0174871,0.0238148,0.0242769,0.0267723,0.0242655,0.0216843,0.0146598,0.0213659,0.0251752,0.0490103,0.0617916,0.0835636,0.0899321,0.227668,0.104308322638,0.0228311628882796,0.0446974345257159,0.061603688574341,0.0660389673808463,0.0837731273613005,0.112383050332362,0.114438943058177,0.125464094084832,0.114388278094731,0.10284613394428,0.0707076017496753,0.101412572778196,0.118422711390504,0.218303678111616,0.267616821094191,0.345615757679031,0.367120668353839,1,0.97716883711172,0.955302565474284,0.938396311425659,0.933961032619154,0.9162268726387,0.887616949667638,0.885561056941823,0.874535905915168,0.885611721905269,0.89715386605572,0.929292398250325,0.898587427221804,0.881577288609496,0.781696321888384,0.73238317890581,0.654384242320969,0.632879331646161,0,100000,2283.11628882797,97955.0317416472,4074778.72154388,40.7477872154388,2023,"Males","GMoH report",32.4920527845612
0,1,0.0243179,0.0130933,0.0136983,0.0133837,0.0189431,0.0250367,0.0257042,0.0297626,0.02694,0.0239137,0.0161491,0.0211596,0.0243212,0.0480196,0.0636355,0.0793195,0.09912,0.236411,0.107601460759,0.0238013800992981,0.0510367217813992,0.0662236223837516,0.0647519483714525,0.0904328057915263,0.117809591501157,0.12076084755565,0.138507166514722,0.126200402866913,0.112823435524731,0.0776120866295277,0.100482572402481,0.114635799483976,0.214363835867895,0.274506589767177,0.330967131527092,0.397179035101779,1,0.976198619900702,0.948963278218601,0.933776377616248,0.935248051628548,0.909567194208474,0.882190408498843,0.87923915244435,0.861492833485278,0.873799597133087,0.887176564475269,0.922387913370472,0.899517427597519,0.885364200516024,0.785636164132105,0.725493410232823,0.669032868472908,0.602820964898221,0,100000,2380.13800992981,97875.9683167467,3936627.1503463,39.366271503463,2023,"Males","GMoH report",33.873568496537
0,1,0.0242268,0.012576,0.0136248,0.0144481,0.0182641,0.0252062,0.0249324,0.0290588,0.0259434,0.0238559,0.0161508,0.0202532,0.0261585,0.0470042,0.0654775,0.088325,0.102875,0.236086,0.107304455628,0.0237139350181615,0.0490697964789612,0.0658799955902064,0.0697221196091863,0.0873328597888272,0.118559889296064,0.11734760634868,0.135453695390935,0.121816184967298,0.112566086729004,0.0776199396949375,0.0963857027144588,0.122764182809917,0.210307643641827,0.281334758393263,0.361746787487841,0.409147402435993,1,0.976286064981838,0.950930203521039,0.934120004409794,0.930277880390814,0.912667140211173,0.881440110703936,0.88265239365132,0.864546304609065,0.878183815032701,0.887433913270996,0.922380060305062,0.903614297285541,0.877235817190083,0.789692356358173,0.718665241606737,0.638253212512159,0.590852597564007,0,100000,2371.39350181616,97883.067586976,3948276.55363148,39.4827655363148,2023,"Males","GMoH report",33.7570744636852
0,1,0.0250834,0.0127448,0.01357,0.0142709,0.019057,0.0257576,0.0254112,0.0293381,0.0260475,0.0249579,0.0148211,0.0201082,0.0254313,0.0483692,0.0672121,0.0821276,0.103198,0.249921,0.110097151514,0.0245357188579966,0.0497120594884629,0.0656237154532485,0.0688964636425103,0.0909518275556786,0.120996548270659,0.119466530265306,0.1366666503625,0.12227509843386,0.117460576683008,0.0714577922868437,0.0957286718040733,0.119555378271415,0.215756122409835,0.287715579284013,0.340688232741706,0.410168561878227,1,0.975464281142003,0.950287940511537,0.934376284546751,0.93110353635749,0.909048172444321,0.879003451729341,0.880533469734694,0.8633333496375,0.87772490156614,0.882539423316992,0.928542207713156,0.904271328195927,0.880444621728585,0.784243877590165,0.712284420715988,0.659311767258294,0.589831438121773,0,100000,2453.57188579965,97816.5593898617,3923885.48723909,39.2388548723909,2023,"Males","GMoH report",34.0009851276091
0,1,0.0246138,0.0124653,0.0134337,0.0139342,0.0185511,0.0243956,0.0249607,0.0275731,0.0240709,0.0228864,0.0159408,0.0202478,0.0242851,0.045854,0.0599356,0.0825027,0.097207,0.230964,0.108566156898,0.0240853299428601,0.0486483670211427,0.0649859941267487,0.0673256763997756,0.0886443734110363,0.114966319160708,0.117472980442662,0.128974905109793,0.113522998159034,0.10823899751801,0.0766493693333282,0.0963612421052531,0.114475384593991,0.205690652096875,0.260626052864792,0.341978189966605,0.391012194116334,1,0.97591467005714,0.951351632978857,0.935014005873251,0.932674323600224,0.911355626588964,0.885033680839292,0.882527019557338,0.871025094890207,0.886477001840966,0.89176100248199,0.923350630666672,0.903638757894747,0.885524615406009,0.794309347903125,0.739373947135208,0.658021810033395,0.608987805883666,0,100000,2408.53299428601,97852.9521766657,4007004.09190822,40.0700409190822,2023,"Males","GMoH report",33.1697990809178
0,1,0.0255062,0.0133269,0.0147609,0.0145062,0.0201396,0.0261135,0.0264176,0.0302559,0.0279551,0.0251905,0.017381,0.0225956,0.0261682,0.0538607,0.0656516,0.0904707,0.107912,0.238927,0.111475568302,0.0249409658377504,0.0519236377442912,0.071177876217358,0.0699926804472406,0.0958709914514128,0.122565936071023,0.123904829444188,0.140641418281539,0.130645013927863,0.118490417824481,0.0832860144568153,0.106937223198727,0.12280691051092,0.237344630191598,0.281977340999151,0.368913780170762,0.424924002583125,1,0.97505903416225,0.948076362255709,0.928822123782642,0.930007319552759,0.904129008548587,0.877434063928977,0.876095170555812,0.859358581718461,0.869354986072137,0.881509582175519,0.916713985543185,0.893062776801273,0.87719308948908,0.762655369808402,0.718022659000849,0.631086219829238,0.575075997416875,0,100000,2494.09658377504,97783.9342503014,3821711.04316397,38.2171104316397,2023,"Males","GMoH report",35.0227295683603
0,1,0.0244272,0.0122906,0.0137291,0.0139084,0.0181286,0.0247885,0.0249433,0.0300047,0.0247438,0.0242866,0.0153933,0.021,0.0247397,0.0502955,0.0617853,0.0829968,0.0978254,0.230968,0.107957801712,0.0239062799325389,0.0479829221929897,0.0663675820724237,0.0672052077222883,0.0867130351762592,0.116709845016991,0.117395897287944,0.13955521881505,0.116511647727406,0.114482050576191,0.0741143393502014,0.0997624703087886,0.116493466468993,0.223388863535167,0.267593186703864,0.343674326620797,0.393010882932048,1,0.976093720067461,0.95201707780701,0.933632417927576,0.932794792277712,0.913286964823741,0.883290154983009,0.882604102712056,0.86044478118495,0.883488352272593,0.885517949423809,0.925885660649799,0.900237529691211,0.883506533531007,0.776611136464832,0.732406813296136,0.656325673379203,0.606989117067952,0,100000,2390.62799325389,97867.458949609,3968317.60403944,39.6831760403944,2023,"Males","GMoH report",33.5566639596056
0,1,0.0241359,0.0108003,0.0123201,0.0126646,0.0170328,0.0227015,0.0224081,0.0266868,0.023842,0.02153,0.0154705,0.0200486,0.0243698,0.0454861,0.058971,0.0809838,0.0916395,0.234831,0.107008102539,0.0236266705159633,0.042287759032248,0.0597598807334399,0.0613796288802093,0.0816856611758116,0.107411494872859,0.106096923804255,0.125088472387709,0.112504187881333,0.102151685526534,0.0744721947767651,0.0954584778999382,0.114851716592463,0.204208840634983,0.256970483973933,0.336742318556259,0.37279144576463,1,0.976373329484037,0.957712240967752,0.94024011926656,0.938620371119791,0.918314338824188,0.89258850512714,0.893903076195745,0.874911527612291,0.887495812118667,0.897848314473466,0.925527805223235,0.904541522100062,0.885148283407537,0.795791159365017,0.743029516026067,0.663257681443741,0.62720855423537,0,100000,2362.66705159633,97890.1574665264,4153228.66012915,41.5322866012915,2023,"Males","GMoH report",31.7075533987085
0,1,0.024218,0.0129792,0.0135842,0.0143851,0.0183376,0.0257645,0.0260508,0.029196,0.0254524,0.024378,0.0157734,0.0219676,0.0265088,0.0484818,0.0670135,0.0817543,0.102044,0.242698,0.10727576578,0.0237054874675239,0.0506032213391888,0.0656901303289632,0.0694286546499862,0.0876689066438207,0.121026999667657,0.122289642455782,0.136049730193198,0.119648637544412,0.114888142175136,0.0758749838253241,0.104119842376524,0.12430599321749,0.216204091225107,0.286987421134507,0.339402471342757,0.406514170072743,1,0.976294512532476,0.949396778660811,0.934309869671037,0.930571345350014,0.912331093356179,0.878973000332343,0.877710357544218,0.863950269806802,0.880351362455588,0.885111857824864,0.924125016174676,0.895880157623476,0.87569400678251,0.783795908774893,0.713012578865493,0.660597528657243,0.593485829927257,0,100000,2370.54874675239,97883.7536853743,3922211.77984071,39.2221177984071,2023,"Males","GMoH report",34.0177222015929
0,1,0.0242484,0.0115821,0.0128224,0.013195,0.0173535,0.0233691,0.0242002,0.0259048,0.024933,0.0221976,0.0147748,0.019396,0.0234874,0.0462695,0.0574595,0.0764857,0.10182,0.239599,0.107374876164,0.0237346694628489,0.0452795357773464,0.0621206601192183,0.0638681494209756,0.083159719518346,0.110395869703292,0.114098013155109,0.121645964074601,0.117350264629953,0.105152658376078,0.0712425152154856,0.0924949212677279,0.110923725239523,0.207361246959517,0.251211309416462,0.321040904270579,0.405802877525806,1,0.976265330537151,0.954720464222654,0.937879339880782,0.936131850579024,0.916840280481654,0.889604130296708,0.885901986844891,0.878354035925399,0.882649735370047,0.894847341623922,0.928757484784514,0.907505078732272,0.889076274760477,0.792638753040483,0.748788690583538,0.678959095729421,0.594197122474194,0,100000,2373.4669462849,97881.3837731518,4098496.56846527,40.9849656846527,2023,"Males","GMoH report",32.2548743153473
0,1,0.0234781,0.0115974,0.0122923,0.012517,0.016614,0.0236297,0.0243152,0.0262047,0.0243654,0.023013,0.0154459,0.0196781,0.0246524,0.0432344,0.0577091,0.0852832,0.0945374,0.233391,0.104863536401,0.0229948381045892,0.0453379942900414,0.0596290544354091,0.0606859838503625,0.0797572813203589,0.111558278373778,0.114609139620735,0.122967672576112,0.114832170577526,0.108805166744284,0.074358177562951,0.0937771115528783,0.116106255374984,0.19508594098292,0.252164966787857,0.35147806476713,0.382326594510344,1,0.977005161895411,0.954662005709959,0.940370945564591,0.939314016149637,0.920242718679641,0.888441721626222,0.885390860379265,0.877032327423888,0.885167829422474,0.891194833255716,0.925641822437049,0.906222888447122,0.883893744625016,0.80491405901708,0.747835033212143,0.64852193523287,0.617673405489656,0,100000,2299.48381045891,97941.6481938027,4118852.36774287,41.1885236774287,2023,"Males","GMoH report",32.0513163225713
0,1,0.0243725,0.0123484,0.013461,0.0133015,0.018504,0.025368,0.0248869,0.0277561,0.0248699,0.0240964,0.0163539,0.0197327,0.0253297,0.0490875,0.0648981,0.0851955,0.0994092,0.238565,0.107779468225,0.0238537840815857,0.0482031367717748,0.065113759217919,0.0643670540755357,0.0884292623248523,0.119275544939911,0.117145998146801,0.129775355629061,0.117070660924674,0.113636427944213,0.0785576885433282,0.0940250783415254,0.119106189856951,0.218609959083698,0.279192795152314,0.351180091324013,0.398107203471622,1,0.976146215918414,0.951796863228225,0.934886240782081,0.935632945924464,0.911570737675148,0.880724455060089,0.882854001853199,0.870224644370939,0.882929339075326,0.886363572055787,0.921442311456672,0.905974921658475,0.880893810143049,0.781390040916302,0.720807204847686,0.648819908675987,0.601892796528378,0,100000,2385.37840815856,97871.7164081882,3982412.39206566,39.8241239206566,2023,"Males","GMoH report",33.4157160793434
0,1,0.0238321,0.0108281,0.0119369,0.0128392,0.0168533,0.0232696,0.0229675,0.0261979,0.0238025,0.0225941,0.015182,0.0199128,0.0240262,0.0434493,0.0619656,0.0777607,0.0941118,0.237842,0.106017650741,0.0233349380206372,0.0423943005484624,0.0579549926214428,0.062199519813041,0.0808596213584011,0.109951671464239,0.108601724718802,0.122937724470252,0.112328266114523,0.106930503762357,0.0731341917520509,0.0948425482624012,0.113324129499545,0.195960620526405,0.268269325681393,0.325521542479321,0.380933221995508,1,0.976665061979363,0.957605699451538,0.942045007378557,0.937800480186959,0.919140378641599,0.890048328535761,0.891398275281198,0.877062275529748,0.887671733885477,0.893069496237643,0.926865808247949,0.905157451737599,0.886675870500455,0.804039379473595,0.731730674318607,0.674478457520679,0.619066778004492,0,100000,2333.49380206372,97913.8977288498,4150809.48757271,41.5080948757271,2023,"Males","GMoH report",31.7317451242729
0,1,0.0237281,0.0124176,0.0134323,0.0130174,0.0177242,0.0257724,0.0245374,0.0275748,0.0242829,0.0220889,0.0161041,0.0212207,0.0248853,0.0485308,0.0608056,0.0847884,0.10166,0.239394,0.105678588901,0.0232350397271005,0.0484667193320448,0.064979441615955,0.063035600921414,0.084860776560228,0.121061863098688,0.115595940428334,0.12898234414189,0.114465607734839,0.104664680829086,0.0774041880385221,0.100758106142457,0.117138907841716,0.216398963014357,0.263909987205017,0.34979549840714,0.405294422517243,1,0.976764960272899,0.951533280667955,0.935020558384045,0.936964399078586,0.915139223439772,0.878938136901312,0.884404059571666,0.87101765585811,0.885534392265161,0.895335319170914,0.922595811961478,0.899241893857543,0.882861092158284,0.783601036985643,0.736090012794983,0.65020450159286,0.594705577482757,0,100000,2323.50397271005,97922.0406484318,4013295.95505381,40.1329595505381,2023,"Males","GMoH report",33.1068804494619
0,1,0.0242863,0.0124859,0.0134639,0.0140705,0.0188237,0.0246755,0.0260353,0.0284008,0.0266538,0.023745,0.0161172,0.0208344,0.0255182,0.0484644,0.0638007,0.0796475,0.095822,0.231207,0.107498438123,0.0237710491809974,0.0487268039959733,0.0651273303425039,0.0679618567369566,0.0898884184443239,0.116208728782329,0.122221327669327,0.132589855107647,0.124943455326075,0.11207211884506,0.0774647142679995,0.0990147193290282,0.119939405647044,0.216134881609332,0.275121188907218,0.332108475495025,0.386517742254277,1,0.976228950819003,0.951273196004027,0.934872669657496,0.932038143263043,0.910111581555676,0.883791271217671,0.877778672330673,0.867410144892353,0.875056544673925,0.88792788115494,0.922535285732,0.900985280670972,0.880060594352956,0.783865118390668,0.724878811092782,0.667891524504975,0.613482257745723,0,100000,2377.10491809974,97878.4301478505,3953202.63447636,39.5320263447636,2023,"Males","GMoH report",33.7078136552364
0,1,0.0237939,0.012129,0.0131515,0.0138873,0.0177338,0.0243249,0.0248186,0.0266967,0.0253045,0.022207,0.0155449,0.0214841,0.0247506,0.0459874,0.0616866,0.0856534,0.0978016,0.242819,0.105893110719,0.0232982463526328,0.0473669719933845,0.063664297479254,0.0671066737249488,0.0849047886476986,0.114652239357153,0.116843283227241,0.125131973132204,0.118994743765937,0.105194845182576,0.0748169451724711,0.101945008127234,0.116541801235831,0.206227350817534,0.267222830378876,0.352734686918696,0.392934052441776,1,0.976701753647367,0.952633028006616,0.936335702520746,0.932893326275051,0.915095211352301,0.885347760642847,0.883156716772759,0.874868026867796,0.881005256234063,0.894805154817424,0.925183054827529,0.898054991872766,0.883458198764169,0.793772649182466,0.732777169621124,0.647265313081304,0.607065947558224,0,100000,2329.82463526329,97916.8877427945,4026569.1368091,40.265691368091,2023,"Males","GMoH report",32.974148631909
0,1,0.0236536,0.0130803,0.0137681,0.0137728,0.018492,0.0238944,0.0251103,0.0289736,0.0262921,0.0241299,0.0166588,0.0217943,0.025783,0.0517908,0.0670849,0.0843926,0.0991178,0.232534,0.105435703256,0.0231634687369783,0.0509873405780732,0.0665498379406242,0.066571799789643,0.0883744492128882,0.112737511984117,0.11813545802113,0.135083371097895,0.123352508761011,0.113785422815039,0.0799637497155946,0.103340893890695,0.121108639847058,0.229268944830218,0.287249277379765,0.348447106747708,0.397171970224264,1,0.976836531263022,0.949012659421927,0.933450162059376,0.933428200210357,0.911625550787112,0.887262488015883,0.88186454197887,0.864916628902105,0.876647491238989,0.886214577184961,0.920036250284405,0.896659106109305,0.878891360152942,0.770731055169782,0.712750722620235,0.651552893252292,0.602828029775736,0,100000,2316.34687369784,97927.8787879153,3945895.42510408,39.4589542510408,2023,"Males","GMoH report",33.7808857489592
0,1,0.023702,0.0108708,0.011701,0.0118747,0.0163589,0.0231888,0.0232989,0.025558,0.0222927,0.0206563,0.0151169,0.0191444,0.0256484,0.0429477,0.0562183,0.0766406,0.0923831,0.231794,0.10559349742,0.0232099667409955,0.0425579226685103,0.0568422228753391,0.0576617111951766,0.0785807628947045,0.109590802025006,0.110082497261391,0.120115236935976,0.105579376579325,0.0982098687218045,0.0728320143072951,0.0913499023248313,0.120514490363408,0.193917701796397,0.246453507016268,0.321586537109931,0.375248866177576,1,0.976790033259004,0.95744207733149,0.943157777124661,0.942338288804823,0.921419237105295,0.890409197974994,0.889917502738609,0.879884763064024,0.894420623420675,0.901790131278196,0.927167985692705,0.908650097675169,0.879485509636592,0.806082298203603,0.753546492983732,0.678413462890069,0.624751133822424,0,100000,2320.99667409954,97924.0854822188,4207189.71456227,42.0718971456226,2023,"Males","GMoH report",31.1679428543774
0,1,0.0238602,0.0114798,0.0127506,0.0126672,0.0175338,0.0234655,0.0245561,0.0270369,0.0251327,0.0226386,0.0150288,0.0199296,0.024445,0.0477177,0.060347,0.0805441,0.099518,0.2351,0.106109262642,0.0233619271969671,0.0448885762448488,0.0617835564624255,0.0613918431123191,0.0839874520338234,0.110826029511259,0.115678940898506,0.126625591371612,0.118234612392789,0.10712982675979,0.0724229258306893,0.0949187673362392,0.115185713107705,0.213159765629101,0.262180485590218,0.335220430341357,0.398456111691671,1,0.976638072803033,0.955111423755151,0.938216443537574,0.938608156887681,0.916012547966177,0.889173970488741,0.884321059101494,0.873374408628388,0.881765387607211,0.89287017324021,0.927577074169311,0.905081232663761,0.884814286892295,0.786840234370899,0.737819514409782,0.664779569658643,0.601543888308329,0,100000,2336.1927196967,97911.6989671799,4080370.96489372,40.8037096489372,2023,"Males","GMoH report",32.4361303510628
0,1,0.0243662,0.0119526,0.0132714,0.013067,0.0181131,0.0244008,0.0242516,0.0270583,0.0247572,0.0233389,0.0150081,0.0207985,0.0249893,0.0479652,0.0642025,0.0798917,0.100561,0.236868,0.107758928902,0.0238477376774583,0.046694166608393,0.0642260751651336,0.0632681865169573,0.0866421071236467,0.114989415665569,0.114326498709728,0.126719466639567,0.116571066953073,0.110261069795381,0.0723267810917425,0.0988525386853803,0.117599666626901,0.214146991775254,0.276614193159235,0.332957206803118,0.401793188043016,1,0.976152262322542,0.953305833391607,0.935773924834866,0.936731813483043,0.913357892876353,0.885010584334431,0.885673501290272,0.873280533360433,0.883428933046927,0.889738930204619,0.927673218908257,0.90114746131462,0.882400333373099,0.785853008224746,0.723385806840765,0.667042793196882,0.598206811956984,0,100000,2384.77376774584,97872.20689914,4032704.11674799,40.3270411674799,2023,"Males","GMoH report",32.9127988325201
0,1,0.0259885,0.0140245,0.0142347,0.0150191,0.0197742,0.025822,0.0260039,0.0324471,0.02835,0.0266228,0.0156469,0.0212124,0.0273527,0.0539802,0.0671615,0.0943524,0.102906,0.244388,0.113047967585,0.0254029480033741,0.0545674379334059,0.0687277043666308,0.0723778736930421,0.0942135081193651,0.121280722931178,0.122082919898151,0.150062747559181,0.132368390335006,0.124807206740943,0.0752893862554972,0.100720681537391,0.128009955243058,0.237808609274149,0.287530115388361,0.381721217495859,0.409245465355355,1,0.974597051996626,0.945432562066594,0.931272295633369,0.927622126306958,0.905786491880635,0.878719277068822,0.877917080101849,0.849937252440819,0.867631609664994,0.875192793259057,0.924710613744503,0.899279318462609,0.871990044756942,0.762191390725851,0.712469884611639,0.618278782504141,0.590754534644645,0,100000,2540.2948003374,97746.8803639075,3803624.9628867,38.036249628867,2023,"Males","GMoH report",35.203590371133
0,1,0.0244645,0.0125515,0.0129118,0.0135404,0.0179027,0.0241876,0.0242163,0.0274872,0.0257021,0.0237101,0.0150815,0.0202969,0.025231,0.0457429,0.0595681,0.0790436,0.110056,0.244507,0.108079407545,0.0239420745636701,0.0489765418694512,0.0625402325629832,0.0654852585140412,0.0856787955665278,0.114041994626906,0.114169587542959,0.128598938167038,0.120751577217965,0.111916614685371,0.072667656833658,0.0965836293344062,0.118669617219817,0.205243426199273,0.259235138383191,0.330005870029367,0.431544771554496,1,0.97605792543633,0.951023458130549,0.937459767437017,0.934514741485959,0.914321204433472,0.885958005373094,0.885830412457041,0.871401061832963,0.879248422782035,0.888083385314629,0.927332343166342,0.903416370665594,0.881330382780183,0.794756573800727,0.740764861616809,0.669994129970633,0.568455228445504,0,100000,2394.20745636702,97864.557067057,4022668.18801397,40.2266818801397,2023,"Males","GMoH report",33.0131581198603
0,1,0.0246266,0.0118326,0.0130755,0.0131028,0.0177453,0.0245488,0.0249682,0.0281432,0.0263337,0.0237645,0.0159052,0.0196045,0.0249436,0.0479232,0.0601223,0.0835146,0.0918216,0.235335,0.108607887586,0.0240976102951057,0.0462362108236169,0.063308039329372,0.063436026093263,0.0849575087978249,0.115646540515484,0.117506203993616,0.131466294454753,0.123535624793442,0.112158993969528,0.07648473738727,0.0934427538312864,0.117397226361334,0.213979539349603,0.261331824169357,0.345448100222827,0.373393929831467,1,0.975902389704894,0.953763789176383,0.936691960670628,0.936563973906737,0.915042491202175,0.884353459484516,0.882493796006384,0.868533705545247,0.876464375206558,0.887841006030472,0.92351526261273,0.906557246168714,0.882602773638666,0.786020460650397,0.738668175830643,0.654551899777173,0.626606070168533,0,100000,2409.76102951057,97851.9580254916,4017559.68784404,40.1755968784404,2023,"Males","GMoH report",33.0642431215596
0,1,0.0249857,0.0127254,0.0136374,0.0143628,0.018566,0.0251687,0.0266945,0.0284747,0.0262298,0.0239581,0.0167409,0.0224691,0.0262478,0.0527745,0.065017,0.0851202,0.0965571,0.248419,0.109778628997,0.0244420404815335,0.0496382664092709,0.0659389117134959,0.0693247559867826,0.0887124133350535,0.11839394574436,0.125122306474539,0.132911931556286,0.123078208046458,0.113021074488257,0.0803420062681633,0.106370383064702,0.123157468496025,0.233116043416756,0.279632787618517,0.350924162712664,0.388906331215484,1,0.975557959518466,0.950361733590729,0.934061088286504,0.930675244013217,0.911287586664947,0.88160605425564,0.874877693525461,0.867088068443714,0.876921791953542,0.886978925511743,0.919657993731837,0.893629616935298,0.876842531503975,0.766883956583244,0.720367212381483,0.649075837287336,0.611093668784516,0,100000,2444.20404815335,97824.1173212419,3913038.30176529,39.1303830176529,2023,"Males","GMoH report",34.1094569823471
0,1,0.023912,0.0122987,0.0124434,0.0128587,0.0174331,0.0234727,0.0246272,0.0263436,0.0253026,0.0222022,0.0150984,0.0213447,0.0248321,0.0459645,0.0595491,0.084759,0.102502,0.233307,0.10627814152,0.023411676619073,0.0480137857074398,0.0603399157314676,0.0622910453382719,0.0835252403319239,0.110858149769749,0.115994453487671,0.123579197623701,0.118986340549058,0.105173303218221,0.0727461247742704,0.101317045165158,0.116903124787416,0.206135241706459,0.259163166677946,0.349695415660153,0.407966535456575,1,0.976588323380927,0.95198621429256,0.939660084268532,0.937708954661728,0.916474759668076,0.889141850230251,0.884005546512329,0.876420802376299,0.881013659450941,0.894826696781779,0.92725387522573,0.898682954834842,0.883096875212584,0.793864758293541,0.740836833322054,0.650304584339847,0.592033464543425,0,100000,2341.16766190731,97907.6472861869,4072179.63189238,40.7217963189238,2023,"Males","GMoH report",32.5180436810762
0,1,0.0251721,0.0127982,0.0138831,0.013804,0.0187653,0.0237596,0.0259949,0.0295318,0.0251655,0.0231506,0.0157942,0.021098,0.0257467,0.0490282,0.0653057,0.0828826,0.101168,0.236765,0.110386332141,0.0246207564637526,0.0499151518082552,0.0670870591236994,0.0667175764371538,0.0896220388843106,0.112137164562172,0.122043245118662,0.137506931966388,0.118379783872398,0.109420144979116,0.0759712376940323,0.100204702943258,0.120948441878704,0.218374703415064,0.280700193442719,0.343282611549888,0.403728889314561,1,0.975379243536247,0.950084848191745,0.932912940876301,0.933282423562846,0.910377961115689,0.887862835437828,0.877956754881338,0.862493068033612,0.881620216127602,0.890579855020884,0.924028762305968,0.899795297056742,0.879051558121296,0.781625296584936,0.719299806557281,0.656717388450112,0.596271110685439,0,100000,2462.07564637526,97809.7038536818,3950407.15481073,39.5040715481073,2023,"Males","GMoH report",33.7357684518927
0,1,0.0236776,0.0132066,0.0141511,0.0144506,0.0186132,0.0264093,0.027247,0.0286783,0.0268374,0.0249434,0.0158444,0.0223546,0.0257817,0.0498193,0.0677848,0.0824583,0.104085,0.250597,0.105513948296,0.0231865260053866,0.0514669920456986,0.0683378602640437,0.0697337632036243,0.088927917227646,0.123868311502587,0.127546828883526,0.133798701730412,0.125749992854422,0.117396340312616,0.0762035030410413,0.105857021564344,0.121102903201335,0.221508058902764,0.289811896410486,0.341825604409749,0.412966067230725,1,0.976813473994613,0.948533007954301,0.931662139735956,0.930266236796376,0.911072082772354,0.876131688497413,0.872453171116474,0.866201298269588,0.874250007145578,0.882603659687384,0.923796496958959,0.894142978435656,0.878897096798665,0.778491941097236,0.710188103589514,0.658174395590251,0.587033932769275,0,100000,2318.65260053865,97925.997590071,3880442.90205696,38.8044290205696,2023,"Males","GMoH report",34.4354109794304
0,1,0.025048,0.0121116,0.0128376,0.013947,0.0171607,0.0236771,0.0252573,0.0269537,0.0266285,0.023619,0.0161789,0.0214833,0.0256276,0.0445863,0.0584211,0.0823346,0.099837,0.240535,0.10998174008,0.0245017775275875,0.0473006274413624,0.0621920096425326,0.0673854382324307,0.082273809589446,0.111769552803302,0.118785967930474,0.126260528951968,0.124832260385792,0.111510579081675,0.0777497369520656,0.101941405507644,0.120422641764773,0.200574331687684,0.254879629231726,0.341400347393697,0.399478229902948,1,0.975498222472412,0.952699372558638,0.937807990357467,0.932614561767569,0.917726190410554,0.888230447196698,0.881214032069526,0.873739471048032,0.875167739614208,0.888489420918325,0.922250263047934,0.898058594492356,0.879577358235227,0.799425668312316,0.745120370768274,0.658599652606303,0.600521770097052,0,100000,2450.17775275875,97819.297059995,4021451.70301432,40.2145170301432,2023,"Males","GMoH report",33.0253229698568
0,1,0.0246255,0.0137094,0.0139161,0.014717,0.0196349,0.0253021,0.0254486,0.0300971,0.0278271,0.0231133,0.0159472,0.0210561,0.0261427,0.0489236,0.0674887,0.0858131,0.100487,0.244993,0.108604301355,0.0240965549611458,0.0533741449932588,0.0672411631246043,0.0709737001376843,0.0935808723249663,0.118984129163717,0.119631842718486,0.139954907856854,0.130085728557167,0.109253478914513,0.0766789630991626,0.100015651121074,0.122694580946711,0.217959581541269,0.288728690126628,0.353276187900244,0.401556883595378,1,0.975903445038854,0.946625855006741,0.932758836875396,0.929026299862316,0.906419127675034,0.881015870836283,0.880368157281514,0.860045092143146,0.869914271442833,0.890746521085487,0.923321036900837,0.899984348878926,0.877305419053289,0.782040418458731,0.711271309873372,0.646723812099756,0.598443116404622,0,100000,2409.65549611459,97852.0434555472,3880415.06960077,38.8041506960077,2023,"Males","GMoH report",34.4356893039923
0,1,0.0251969,0.0135471,0.0144177,0.014947,0.0194586,0.0266001,0.027792,0.0314614,0.0289228,0.0256607,0.0156683,0.0221698,0.0275778,0.0499065,0.0723775,0.0875682,0.110004,0.248721,0.110467185349,0.0246445305687744,0.0527589387614106,0.0695805222605116,0.0720429356038241,0.0927795973190203,0.124707425056862,0.129932303549388,0.145836452577218,0.134862497400465,0.120568800455386,0.0753884768215426,0.105027882145999,0.12899547170129,0.221852762740703,0.30643923556901,0.35920390214128,0.431384851883515,1,0.975355469431226,0.947241061238589,0.930419477739488,0.927957064396176,0.90722040268098,0.875292574943138,0.870067696450612,0.854163547422782,0.865137502599535,0.879431199544614,0.924611523178457,0.894972117854001,0.87100452829871,0.778147237259297,0.69356076443099,0.64079609785872,0.568615148116485,0,100000,2464.45305687744,97807.7881357406,3800156.52937812,38.0015652937812,2023,"Males","GMoH report",35.2382747062188
0,1,0.0236583,0.0117453,0.0128436,0.0136214,0.0176662,0.0231678,0.0241901,0.0274809,0.0241396,0.0221576,0.0162872,0.0202182,0.0233121,0.0472275,0.0604197,0.0824638,0.097912,0.24155,0.105451026243,0.0231679841817538,0.0459029130311505,0.0622201724817825,0.0658640969737059,0.08459482716102,0.109496989137642,0.114053109678892,0.128571358392854,0.113828560219324,0.104973119043694,0.0782498236794213,0.0962271505613036,0.110141429928415,0.211201234271148,0.262454886270071,0.34184450729775,0.393290380629509,1,0.976832015818246,0.95409708696885,0.937779827518218,0.934135903026294,0.91540517283898,0.890503010862358,0.885946890321108,0.871428641607146,0.886171439780676,0.895026880956306,0.921750176320579,0.903772849438696,0.889858570071586,0.788798765728852,0.737545113729929,0.65815549270225,0.606709619370491,0,100000,2316.79841817537,97927.5103526194,4067618.333167,40.67618333167,2023,"Males","GMoH report",32.56365666833
0,1,0.0244129,0.0122995,0.013482,0.0137045,0.017664,0.0243468,0.0257003,0.0274401,0.0253383,0.024541,0.0163174,0.0205389,0.0253129,0.0468701,0.0622904,0.0877156,0.107048,0.23639,0.107911180709,0.0238925565512029,0.0480168339028244,0.0652120285768183,0.0662526030052852,0.0845847379711921,0.114749539763231,0.120743631141439,0.128392726840556,0.11914422002439,0.115611919696802,0.0783892289873063,0.0976789543131444,0.119031893930328,0.209770579862023,0.269486020042813,0.359699792255979,0.422240103501049,1,0.976107443448797,0.951983166097176,0.934787971423182,0.933747396994715,0.915415262028808,0.885250460236769,0.879256368858561,0.871607273159444,0.88085577997561,0.884388080303198,0.921610771012694,0.902321045686856,0.880968106069672,0.790229420137977,0.730513979957187,0.640300207744021,0.577759896498951,0,100000,2389.25565512029,97868.5717436394,3988614.22158742,39.8861422158742,2023,"Males","GMoH report",33.3536977841258
0,1,0.0235929,0.0127243,0.0129189,0.0133522,0.0182734,0.023111,0.0247367,0.0284508,0.0250564,0.0240817,0.0153917,0.0211984,0.0261211,0.0488079,0.0628088,0.0837196,0.0966804,0.234901,0.105237808509,0.0231051494877673,0.0496340820983129,0.0625735465245112,0.0646044704733639,0.0873753865294805,0.109243200956723,0.116480162886796,0.132807780963415,0.117896824986049,0.113571040674474,0.0741069212504727,0.100657552355375,0.122599420681116,0.2175001821492,0.27142439815319,0.346149298064416,0.389306282269242,1,0.976894850512233,0.950365917901687,0.937426453475489,0.935395529526636,0.912624613470519,0.890756799043277,0.883519837113204,0.867192219036585,0.882103175013951,0.886428959325526,0.925893078749527,0.899342447644625,0.877400579318884,0.7824998178508,0.72857560184681,0.653850701935584,0.610693717730758,0,100000,2310.51494877673,97932.6385809598,4011331.96081113,40.1133196081113,2023,"Males","GMoH report",33.1265203918887
0,1,0.0251741,0.0131507,0.0139164,0.01492,0.0182094,0.0262,0.02699,0.0288728,0.0274714,0.0248868,0.0178687,0.0218027,0.0266028,0.0531544,0.0652252,0.0830228,0.105842,0.240294,0.110392852561,0.0246226737612304,0.0512547288739936,0.0672425639573595,0.0719174780680613,0.0870826911111993,0.122946973251994,0.126419822478278,0.134645050933517,0.128529768307307,0.117145555004298,0.0855230363030301,0.103378664954018,0.124719293919309,0.234597302817759,0.280402695296815,0.343763482800398,0.418478497238268,1,0.97537732623877,0.948745271126006,0.93275743604264,0.928082521931939,0.912917308888801,0.877053026748006,0.873580177521722,0.865354949066483,0.871470231692693,0.882854444995702,0.91447696369697,0.896621335045982,0.875280706080692,0.765402697182241,0.719597304703185,0.656236517199602,0.581521502761732,0,100000,2462.26737612304,97809.5493432951,3867650.35019479,38.6765035019479,2023,"Males","GMoH report",34.5633364980521
0,1,0.0233584,0.0118088,0.0123947,0.0121599,0.0169702,0.0226623,0.0228204,0.025868,0.0223506,0.0220572,0.0149386,0.0208916,0.0245454,0.0453951,0.0555347,0.0794673,0.097824,0.230584,0.104473289264,0.0228797987426879,0.0461453574069066,0.0601108598146387,0.0590057402478989,0.0813976634301444,0.107235965923623,0.107943703756962,0.121483652211483,0.105839082506335,0.104522325409921,0.0720039061200862,0.0992730669844682,0.115631449545797,0.203841937192394,0.243822040340725,0.331481625545684,0.3930063636948,1,0.977120201257312,0.953854642593093,0.939889140185361,0.940994259752101,0.918602336569856,0.892764034076377,0.892056296243038,0.878516347788517,0.894160917493665,0.895477674590079,0.927996093879914,0.900726933015532,0.884368550454203,0.796158062807606,0.756177959659275,0.668518374454316,0.6069936363052,0,100000,2287.97987426879,97951.0529089659,4160542.21175483,41.6054221175483,2023,"Males","GMoH report",31.6344178824517
0,1,0.0244334,0.0124998,0.0134217,0.0143687,0.017725,0.0238041,0.025198,0.0293598,0.0249644,0.0245105,0.0147619,0.0207545,0.0256041,0.050081,0.0675161,0.0852634,0.0993134,0.242319,0.107978015014,0.0239122298427535,0.0487797263530639,0.0649298283084802,0.0693522459587319,0.0848644443114489,0.112335392696767,0.118523605473215,0.136760823905731,0.11748937087436,0.115476531204764,0.0711825266496272,0.0986537280052857,0.120318859710233,0.222542164632588,0.288828983643558,0.351410800814568,0.397799858766058,1,0.976087770157246,0.951220273646936,0.93507017169152,0.930647754041268,0.915135555688551,0.887664607303233,0.881476394526785,0.863239176094269,0.88251062912564,0.884523468795236,0.928817473350373,0.901346271994714,0.879681140289767,0.777457835367412,0.711171016356442,0.648589199185432,0.602200141233942,0,100000,2391.22298427536,97866.9765270225,3972509.09677835,39.7250909677835,2023,"Males","GMoH report",33.5147490322165
0,1,0.0255446,0.014076,0.014302,0.0145968,0.0200546,0.0265836,0.0273558,0.0318236,0.0288672,0.0250436,0.017088,0.0225892,0.026985,0.0543905,0.0679369,0.0994151,0.111206,0.238981,0.111600760366,0.0249777596379803,0.0547623308615847,0.069041423888854,0.0704144363873527,0.0954856820994223,0.124634889855119,0.128023534488124,0.147391666411933,0.134620693771872,0.117840146281464,0.081939542734387,0.10690855327112,0.126397882829608,0.239399811395705,0.290367782493751,0.398126127944469,0.435073140769083,1,0.97502224036202,0.945237669138415,0.930958576111146,0.929585563612647,0.904514317900578,0.875365110144881,0.871976465511876,0.852608333588067,0.865379306228128,0.882159853718536,0.918060457265613,0.89309144672888,0.873602117170392,0.760600188604295,0.709632217506249,0.601873872055531,0.564926859230917,0,100000,2497.77596379803,97780.9777329857,3784141.05448717,37.8414105448717,2023,"Males","GMoH report",35.3984294551283
0,1,0.0251078,0.0125736,0.0136076,0.0136182,0.0183034,0.0249912,0.0244548,0.028046,0.0249204,0.024133,0.0168435,0.0229823,0.0253174,0.0468507,0.0629928,0.0809015,0.106108,0.234251,0.110176700638,0.0245591124555772,0.0490606617274085,0.065799564611482,0.0658491333311735,0.0875125566753701,0.117608082237938,0.11522923053291,0.131041990814071,0.11729443914672,0.113799209210318,0.0808145023252132,0.10866790407069,0.119051795200479,0.209692857144456,0.272111358967137,0.336457673764794,0.419309712551471,1,0.975440887544423,0.950939338272591,0.934200435388518,0.934150866668827,0.91248744332463,0.882391917762062,0.884770769467091,0.868958009185929,0.88270556085328,0.886200790789682,0.919185497674787,0.89133209592931,0.880948204799522,0.790307142855544,0.727888641032863,0.663542326235206,0.580690287448529,0,100000,2455.91124555771,97814.6729525376,3971416.68919536,39.7141668919536,2023,"Males","GMoH report",33.5256731080464
0,1,0.0242533,0.0118545,0.0127177,0.0128457,0.0177781,0.0230746,0.024096,0.0274624,0.0254712,0.0220683,0.0152178,0.020156,0.0249875,0.0456289,0.0586651,0.0817791,0.0989399,0.232596,0.107390851193,0.0237393730205917,0.0463198037723611,0.0616290505592564,0.0622300292821265,0.0851078598902145,0.10908052622398,0.113634648758772,0.128490365468401,0.119731723322284,0.104572174693053,0.0733003257567474,0.0959453155494626,0.117591693873349,0.204784294734924,0.2558079958558,0.339487952051054,0.396600472321416,1,0.976260626979408,0.953680196227639,0.938370949440744,0.937769970717873,0.914892140109786,0.89091947377602,0.886365351241228,0.871509634531599,0.880268276677716,0.895427825306947,0.926699674243253,0.904054684450537,0.882408306126651,0.795215705265076,0.7441920041442,0.660512047948946,0.603399527678584,0,100000,2373.93730205917,97881.0018454878,4075950.14372775,40.7595014372775,2023,"Males","GMoH report",32.4803385627225
0,1,0.0237131,0.0118118,0.0125422,0.012515,0.0171077,0.0223705,0.0234801,0.0263899,0.0238946,0.0223823,0.0157372,0.0202508,0.0238497,0.0457136,0.0574009,0.0768594,0.0934863,0.232891,0.105629685751,0.0232206300805997,0.0461568099836698,0.0608044461875658,0.060676581457644,0.082030132745092,0.105928325960265,0.110891161119495,0.123782950768768,0.112738402423621,0.105981240217689,0.075707442105253,0.096374831410196,0.112538477672628,0.205125443782734,0.25098726303337,0.322356652715664,0.378881034792658,1,0.9767793699194,0.95384319001633,0.939195553812434,0.939323418542356,0.917969867254908,0.894071674039735,0.889108838880505,0.876217049231232,0.887261597576379,0.894018759782311,0.924292557894747,0.903625168589804,0.887461522327372,0.794874556217266,0.74901273696663,0.677643347284336,0.621118965207342,0,100000,2322.06300805997,97923.2157777754,4130839.28738378,41.3083928738378,2023,"Males","GMoH report",31.9314471261622
0,1,0.026411,0.0126162,0.0143545,0.0136659,0.019213,0.025156,0.0268256,0.0289614,0.0271879,0.0247979,0.016452,0.0227813,0.0255132,0.050427,0.0702004,0.0841559,0.115925,0.239136,0.11442540631,0.0258073931880616,0.0492227908521034,0.0692860823280548,0.0660721611329336,0.0916622337570639,0.118337739559127,0.125698177428908,0.135030331400448,0.127287781325267,0.116751518781049,0.0790103061097077,0.107768721085819,0.119917313963468,0.223907536626357,0.298597789368108,0.347639675567312,0.449387023307651,1,0.974192606811938,0.950777209147897,0.930713917671945,0.933927838867066,0.908337766242936,0.881662260440873,0.874301822571092,0.864969668599552,0.872712218674733,0.883248481218951,0.920989693890292,0.892231278914181,0.880082686036532,0.776092463373643,0.701402210631892,0.652360324432688,0.550612976692349,0,100000,2580.73931880615,97714.5628263284,3883986.93060484,38.8398693060484,2023,"Males","GMoH report",34.3999706939516
0,1,0.0248709,0.0123543,0.0129724,0.0138711,0.0184969,0.024354,0.0249616,0.0263886,0.0269565,0.0227871,0.0162915,0.0212228,0.0242985,0.0479469,0.0615028,0.0871155,0.0964638,0.229323,0.109404356889,0.0243319493849532,0.0482256126278241,0.0628245374267142,0.0670310152122243,0.0883968316133286,0.114781526744181,0.117476967330695,0.123777230441902,0.126272817020001,0.107794679638996,0.0782696740144826,0.100767574784651,0.114534932364833,0.214074034221467,0.266532727428739,0.357679030948512,0.388603559816446,1,0.975668050615047,0.951774387372176,0.937175462573286,0.932968984787776,0.911603168386671,0.885218473255819,0.882523032669305,0.876222769558098,0.873727182979999,0.892205320361004,0.921730325985517,0.899232425215349,0.885465067635167,0.785925965778533,0.733467272571261,0.642320969051488,0.611396440183554,0,100000,2433.19493849532,97833.0071889363,3997712.92308094,39.9771292308094,2023,"Males","GMoH report",33.2627107691906
0,1,0.0239722,0.0111742,0.0122633,0.012708,0.0158286,0.021954,0.0234252,0.025237,0.0236764,0.0204739,0.0141295,0.0186409,0.0238277,0.0423273,0.0575504,0.0792645,0.100488,0.23122,0.106474406162,0.0234694888473475,0.0437197338989331,0.0594925621562725,0.0615834924450217,0.0761304056527136,0.104058736260351,0.110646225118392,0.118696162375334,0.111766433060704,0.0973848792992859,0.0682371094065987,0.0890543661644144,0.112440503534809,0.191384524536469,0.251558735387402,0.330775594687276,0.401560077364492,1,0.976530511152653,0.956280266101067,0.940507437843728,0.938416507554978,0.923869594347286,0.895941263739649,0.889353774881608,0.881303837624666,0.888233566939296,0.902615120700714,0.931762890593401,0.910945633835586,0.887559496465191,0.808615475463531,0.748441264612598,0.669224405312724,0.598439922635508,0,100000,2346.94888473474,97902.94110406,4199303.56321844,41.9930356321844,2023,"Males","GMoH report",31.2468043678156
0,1,0.0239127,0.0117102,0.0119104,0.0124089,0.0163545,0.0219194,0.0229419,0.0255552,0.0235797,0.0210573,0.0150241,0.0183096,0.0240638,0.0429559,0.059631,0.0746273,0.0928788,0.230198,0.106280423667,0.0234123488831114,0.0457688746481895,0.0578300523609018,0.0601776537800227,0.0785604574947551,0.103903257351997,0.108487241391785,0.120102867971065,0.111335363805206,0.100021066016431,0.072401096707396,0.0875409027189431,0.113491413320354,0.193951135993448,0.259473360151948,0.314466951226784,0.376882917260795,1,0.976587651116889,0.95423112535181,0.942169947639098,0.939822346219977,0.921439542505245,0.896096742648003,0.891512758608215,0.879897132028935,0.888664636194794,0.899978933983569,0.927598903292604,0.912459097281057,0.886508586679646,0.806048864006552,0.740526639848052,0.685533048773216,0.623117082739205,0,100000,2341.23488831114,97907.5925475225,4193248.08431749,41.9324808431749,2023,"Males","GMoH report",31.3073591568251
0,1,0.0245601,0.0130289,0.0138789,0.0136017,0.0191751,0.0250474,0.0258904,0.0300757,0.0247248,0.0237204,0.0157963,0.0209804,0.0255039,0.0495134,0.0639633,0.0884798,0.101323,0.242046,0.108391083621,0.0240338075818995,0.0507920703882374,0.0670674441243562,0.0657719733743841,0.0914896901080241,0.117856973128173,0.121582454077387,0.139862354464574,0.116427390159463,0.111962511127621,0.075980955097484,0.0996739990745412,0.119876222051079,0.220297770878465,0.275725687786081,0.362265952450849,0.404222427456949,1,0.9759661924181,0.949207929611763,0.932932555875644,0.934228026625616,0.908510309891976,0.882143026871827,0.878417545922613,0.860137645535425,0.883572609840537,0.888037488872379,0.924019044902516,0.900326000925459,0.880123777948921,0.779702229121535,0.724274312213919,0.637734047549152,0.595777572543051,0,100000,2403.38075818996,97857.1242865441,3929194.68230308,39.2919468230308,2023,"Males","GMoH report",33.9478931769692
0,1,0.0243739,0.0133584,0.0130648,0.0138037,0.0187885,0.0251866,0.0252101,0.0282764,0.0257701,0.0240377,0.0172579,0.0216807,0.0252808,0.0502006,0.0628961,0.0842626,0.100409,0.242607,0.107784032519,0.0238551277195377,0.0520431729567491,0.0632578714041961,0.0667161748432892,0.0897278697958516,0.118473159784433,0.118577145745127,0.132047434787441,0.121051713119357,0.113375296583299,0.0827205428585055,0.102829937438446,0.118889919319189,0.223014362930658,0.271750399279666,0.348003748379495,0.401307730276634,1,0.976144872280462,0.947956827043251,0.936742128595804,0.933283825156711,0.910272130204148,0.881526840215566,0.881422854254873,0.867952565212559,0.878948286880643,0.886624703416701,0.917279457141495,0.897170062561554,0.881110080680811,0.776985637069342,0.728249600720335,0.651996251620505,0.598692269723366,0,100000,2385.51277195377,97871.607414233,3944612.8958886,39.446128958886,2023,"Males","GMoH report",33.793711041114
0,1,0.0248376,0.0127151,0.0138638,0.0141844,0.0186121,0.0253469,0.0249431,0.0301939,0.0268439,0.0253351,0.0156055,0.0220212,0.0250104,0.0481525,0.065891,0.0815771,0.100912,0.243866,0.109295791896,0.0243000119334052,0.0495990853399871,0.0669969202428432,0.0684931639144304,0.0889228954442549,0.119182248653981,0.117395011237975,0.140373445555597,0.125778534026139,0.119130069444069,0.075097658717221,0.104360634015542,0.117693119980123,0.214893367771015,0.282860153984516,0.338791441702689,0.402913086530169,1,0.975699988066595,0.950400914660013,0.933003079757157,0.93150683608557,0.911077104555745,0.880817751346019,0.882604988762025,0.859626554444403,0.874221465973861,0.880869930555931,0.924902341282779,0.895639365984458,0.882306880019877,0.785106632228985,0.717139846015484,0.661208558297311,0.597086913469831,0,100000,2430.00119334052,97835.5877113939,3917933.34673178,39.1793334673178,2023,"Males","GMoH report",34.0605065326822
0,1,0.0260008,0.0140757,0.014654,0.0155555,0.0205195,0.0273294,0.0271728,0.0318513,0.0284063,0.0254167,0.0180019,0.0214854,0.0267983,0.0548525,0.0710499,0.0891206,0.0956222,0.249905,0.113088068168,0.0254147257560519,0.0547611956760454,0.0706806156458156,0.0748660527895793,0.0975911937496359,0.127907885579602,0.127221583396696,0.147510497247548,0.132613829441817,0.119490842743127,0.0861331013088697,0.1019508623549,0.125578288385872,0.24118807745368,0.30166612921476,0.364411558212842,0.385867299729512,1,0.974585274243948,0.945238804323955,0.929319384354184,0.925133947210421,0.902408806250364,0.872092114420398,0.872778416603304,0.852489502752452,0.867386170558183,0.880509157256873,0.91386689869113,0.8980491376451,0.874421711614128,0.75881192254632,0.69833387078524,0.635588441787158,0.614132700270488,0,100000,2541.47257560519,97745.937648272,3757417.52862761,37.5741752862761,2023,"Males","GMoH report",35.6656647137239
0,1,0.0238458,0.0121106,0.0129056,0.0134632,0.0184513,0.0230773,0.0243954,0.0266658,0.0247521,0.0242194,0.0157637,0.0205778,0.0246988,0.0475985,0.0594308,0.0866346,0.100225,0.242334,0.106062315618,0.0233480965814061,0.0472968143990771,0.0625111405609418,0.0651240545712412,0.0881885179948061,0.109092593717507,0.114965430822294,0.124996191398514,0.116548452615067,0.114183368323089,0.0758300929109492,0.0978549034209604,0.116312078112771,0.21268391203277,0.258714914193824,0.356056063420069,0.400719676145734,1,0.976651903418594,0.952703185600923,0.937488859439058,0.934875945428759,0.911811482005194,0.890907406282493,0.885034569177706,0.875003808601486,0.883451547384933,0.885816631676911,0.924169907089051,0.90214509657904,0.883687921887229,0.78731608796723,0.741285085806176,0.643943936579931,0.599280323854266,0,100000,2334.80965814061,97912.8256607291,4039094.52482494,40.3909452482494,2023,"Males","GMoH report",32.8488947517506
0,1,0.0257684,0.0136214,0.0143566,0.0144544,0.0194389,0.0269819,0.0275436,0.0324392,0.0278628,0.0249364,0.017434,0.0230399,0.0266654,0.0527616,0.0669506,0.0868156,0.0993711,0.235715,0.112330395364,0.0251921589536352,0.0530406248649297,0.0692958673760717,0.0697514611981439,0.0926900199290051,0.126384279989386,0.128845806603116,0.1500289520469,0.130241750392883,0.117365328082038,0.0835293723079577,0.108925422873823,0.124994433577225,0.233065701684949,0.286756671904908,0.356667288394209,0.39798498551478,1,0.974807841046365,0.94695937513507,0.930704132623928,0.930248538801856,0.907309980070995,0.873615720010614,0.871154193396884,0.8499710479531,0.869758249607117,0.882634671917962,0.916470627692042,0.891074577126177,0.875005566422775,0.766934298315051,0.713243328095092,0.643332711605791,0.60201501448522,0,100000,2519.21589536352,97763.7686221699,3802879.5702773,38.028795702773,2023,"Males","GMoH report",35.211044297227
0,1,0.0238292,0.0123877,0.0135023,0.0135853,0.0177959,0.0245591,0.0249386,0.0278476,0.0232517,0.0222676,0.016938,0.0203764,0.0250889,0.0480995,0.0624536,0.0808827,0.0975291,0.24019,0.106008196132,0.0233321525984932,0.0483528390708832,0.065307012802589,0.0656952749529541,0.0851894429792154,0.115692255801371,0.117375074893173,0.130175324110735,0.109871738258819,0.105466770360785,0.0812494903318959,0.0969435962627778,0.118040720423422,0.214682230174325,0.270096718892447,0.33639263795516,0.392053851724452,1,0.976667847401507,0.951647160929117,0.934692987197411,0.934304725047046,0.914810557020785,0.884307744198629,0.882624925106827,0.869824675889265,0.890128261741181,0.894533229639215,0.918750509668104,0.903056403737222,0.881959279576578,0.785317769825675,0.729903281107553,0.66360736204484,0.607946148275548,0,100000,2333.21525984933,97914.124681035,4016566.50726104,40.1656650726104,2023,"Males","GMoH report",33.0741749273896
0,1,0.0243773,0.0124972,0.0131606,0.0136079,0.0180698,0.0245877,0.0246753,0.0283125,0.0262465,0.022114,0.0146121,0.0205173,0.0252366,0.0456251,0.0644629,0.0859145,0.0999119,0.232988,0.107795117233,0.0238583908290617,0.0487698274253986,0.0637069459188509,0.065800967534711,0.0864439383088661,0.115819181761507,0.116207841614523,0.132204873777907,0.123151744354499,0.104777382413282,0.070485641880688,0.0975812410095851,0.118694392721605,0.2047689863071,0.277580405237964,0.353619824063698,0.399718030316942,1,0.976141609170938,0.951230172574601,0.936293054081149,0.934199032465289,0.913556061691134,0.884180818238493,0.883792158385477,0.867795126222093,0.876848255645501,0.895222617586718,0.929514358119312,0.902418758990415,0.881305607278395,0.7952310136929,0.722419594762036,0.646380175936301,0.600281969683058,0,100000,2385.83908290617,97871.3427207348,4003824.34760218,40.0382434760218,2023,"Males","GMoH report",33.2015965239782
0,1,0.0229052,0.0119601,0.0127803,0.0132065,0.0178387,0.0242122,0.0245967,0.0277795,0.0247143,0.0222338,0.0162734,0.019771,0.0242726,0.0490091,0.0597687,0.0815354,0.103594,0.242478,0.10358381866,0.0224443591330856,0.0467227817167783,0.0619230132833374,0.0639220341403148,0.0853855806080193,0.114151361040536,0.115859119960188,0.1298776589341,0.116380823532431,0.105315112148767,0.0781861151829543,0.094198979920004,0.114419832909313,0.218298916436215,0.25999464513352,0.338647584372821,0.411418722224649,1,0.977555640866914,0.953277218283222,0.938076986716663,0.936077965859685,0.914614419391981,0.885848638959464,0.884140880039812,0.8701223410659,0.883619176467569,0.894684887851233,0.921813884817046,0.905801020079996,0.885580167090687,0.781701083563785,0.74000535486648,0.661352415627179,0.588581277775351,0,100000,2244.43591330857,97988.0513293296,4047410.8458106,40.474108458106,2023,"Males","GMoH report",32.765731541894
0,1,0.0244951,0.013698,0.0143538,0.014293,0.018425,0.0269917,0.0269535,0.0298115,0.0296232,0.0262101,0.0161342,0.0223093,0.0250209,0.0529933,0.0706462,0.0956274,0.111918,0.240655,0.108179169971,0.0239714381701131,0.053330945419293,0.0692828206233417,0.0689994762161079,0.0880683515564319,0.126427281841778,0.126259651226656,0.13871895005136,0.137903167240503,0.122991454214717,0.0775432540752478,0.105653841864245,0.11773962174566,0.23396946489054,0.30020937171064,0.385884234810263,0.437249715774792,1,0.976028561829887,0.946669054580707,0.930717179376658,0.931000523783892,0.911931648443568,0.873572718158222,0.873740348773344,0.86128104994864,0.862096832759497,0.877008545785283,0.922456745924752,0.894346158135755,0.88226037825434,0.76603053510946,0.69979062828936,0.614115765189737,0.562750284225208,0,100000,2397.14381701131,97862.1772114141,3827215.75921822,38.2721575921822,2023,"Males","GMoH report",34.9676824078178
0,1,0.0247587,0.0135529,0.01463,0.0142854,0.018268,0.0253173,0.0256919,0.0305086,0.0273344,0.0260375,0.0169883,0.0224231,0.0246872,0.0527465,0.065767,0.0890086,0.107727,0.239886,0.109038561327,0.024224334272427,0.0527809306499876,0.0705689409835275,0.0689640523175569,0.0873506938135358,0.119051352954606,0.12070654856247,0.141732824849492,0.12792978987884,0.122231024264296,0.0814809432303017,0.106164175207274,0.11626062664474,0.23300677089718,0.282403004077146,0.364036951497376,0.424350093652691,1,0.975775665727573,0.947219069350012,0.929431059016472,0.931035947682443,0.912649306186464,0.880948647045394,0.87929345143753,0.858267175150508,0.87207021012116,0.877768975735704,0.918519056769698,0.893835824792726,0.88373937335526,0.76699322910282,0.717596995922854,0.635963048502624,0.575649906347309,0,100000,2422.43342724269,97841.7052285743,3866300.15775289,38.6630015775289,2023,"Males","GMoH report",34.5768384224711
0,1,0.0233543,0.012222,0.0129862,0.0136799,0.017941,0.0251404,0.0241915,0.0280211,0.0242061,0.0232425,0.0152265,0.019823,0.0246361,0.0473594,0.0600108,0.0818393,0.099849,0.248286,0.104459922403,0.0228758580260008,0.0477214957576988,0.062889268454975,0.0661376102633945,0.0858542234430219,0.118268694294873,0.114059334050777,0.130933264738584,0.114124242909284,0.109830652640035,0.0733406947774287,0.0944350357174333,0.116033940590543,0.21172864591646,0.260910396016789,0.339695412972748,0.399516654029517,1,0.977124141973999,0.952278504242301,0.937110731545025,0.933862389736606,0.914145776556978,0.881731305705127,0.885940665949223,0.869066735261416,0.885875757090716,0.890169347359965,0.926659305222571,0.905564964282567,0.883966059409457,0.78827135408354,0.739089603983211,0.660304587027252,0.600483345970483,0,100000,2287.58580260008,97951.3752328297,4025845.62158363,40.2584562158363,2023,"Males","GMoH report",32.9813837841637
0,1,0.0243693,0.0130407,0.014014,0.014565,0.0187315,0.0258863,0.026927,0.0308887,0.0281448,0.0257043,0.0163597,0.0215687,0.0259624,0.056764,0.0711859,0.0847302,0.106006,0.253629,0.107769035553,0.0238507128990062,0.0508369024133953,0.0676981937808867,0.0702664238418583,0.0894678332057655,0.121564370584355,0.126143345349439,0.143372058724213,0.131473277265075,0.12076128899802,0.0785844547394957,0.10232590797182,0.121899961123329,0.248548484556576,0.302156325136215,0.349597363646829,0.418991079157164,1,0.976149287100994,0.949163097586605,0.932301806219113,0.929733576158142,0.910532166794235,0.878435629415644,0.873856654650561,0.856627941275787,0.868526722734925,0.87923871100198,0.921415545260504,0.897674092028179,0.878100038876671,0.751451515443424,0.697843674863785,0.650402636353171,0.581008920842836,0,100000,2385.07128990062,97871.9655427371,3847842.70654874,38.4784270654874,2023,"Males","GMoH report",34.7614129345126
0,1,0.0233004,0.0116764,0.0126877,0.0134847,0.0174838,0.0225965,0.0239822,0.0271229,0.0238569,0.0214369,0.0158049,0.0195431,0.0250453,0.0468012,0.0586871,0.0854348,0.0932437,0.228783,0.104284197084,0.0228240498349723,0.0456397832692694,0.0614881422441231,0.0652246624844885,0.0837579805491854,0.106941254837652,0.113128334161198,0.127002790063469,0.112570539726969,0.101732430169261,0.0760207491542307,0.0931637297812787,0.1178476741185,0.209494513443563,0.255891652501237,0.351992893793358,0.378083693719758,1,0.977175950165028,0.954360216730731,0.938511857755877,0.934775337515511,0.916242019450815,0.893058745162348,0.886871665838802,0.872997209936531,0.887429460273031,0.898267569830739,0.923979250845769,0.906836270218721,0.8821523258815,0.790505486556437,0.744108347498763,0.648007106206642,0.621916306280242,0,100000,2282.40498349724,97955.6137876273,4097039.86212256,40.9703986212256,2023,"Males","GMoH report",32.2694413787744
0,1,0.0245326,0.0125978,0.0140393,0.0140543,0.0191841,0.0259181,0.0251812,0.0302385,0.0270307,0.025731,0.0172685,0.0209313,0.0254838,0.0485537,0.0678467,0.089518,0.104926,0.247649,0.108301427846,0.0240074212301226,0.0491527665549872,0.0678162676828021,0.0678862651589417,0.0915306663587669,0.121704618798778,0.118449263514003,0.14056622082868,0.126598392106235,0.12087914669122,0.0827692480980472,0.0994523334330329,0.119787404361811,0.216490021150199,0.290038168485532,0.36573935994182,0.415609416033241,1,0.975992578769877,0.950847233445013,0.932183732317198,0.932113734841058,0.908469333641233,0.878295381201222,0.881550736485997,0.85943377917132,0.873401607893765,0.87912085330878,0.917230751901953,0.900547666566967,0.880212595638189,0.783509978849801,0.709961831514468,0.63426064005818,0.584390583966759,0,100000,2400.74212301227,97859.2616768,3890981.3856113,38.909813856113,2023,"Males","GMoH report",34.330026143887
0,1,0.022873,0.011096,0.0123918,0.0124001,0.0159047,0.0229225,0.023011,0.0254766,0.0225481,0.0211219,0.0151689,0.0188322,0.0240814,0.0423138,0.0580807,0.0833948,0.0915783,0.225388,0.10364807215,0.0224134731977642,0.0434204141687667,0.0600972182279085,0.0601362608786952,0.0764824249401365,0.108400475264381,0.108796225157265,0.119755587028758,0.10672441788284,0.100312522336169,0.0730733925397591,0.0899271832490434,0.113569706193198,0.191329323208998,0.25358282940102,0.345038051712596,0.372588863259424,1,0.977586526802236,0.956579585831233,0.939902781772092,0.939863739121305,0.923517575059863,0.891599524735619,0.891203774842735,0.880244412971242,0.89327558211716,0.899687477663831,0.926926607460241,0.910072816750957,0.886430293806802,0.808670676791002,0.74641717059898,0.654961948287404,0.627411136740576,0,100000,2241.34731977643,97990.964008937,4196006.98189783,41.9600698189783,2023,"Males","GMoH report",31.2797701810217
0,1,0.0229506,0.0124263,0.0129597,0.012691,0.0170134,0.0247157,0.0236474,0.0271215,0.0244803,0.0232998,0.0162575,0.0196395,0.0253261,0.045121,0.0577572,0.0832667,0.10224,0.241926,0.10349322523,0.0224879031093188,0.0484998525641639,0.0627649622953523,0.0615036431615906,0.0815964187241945,0.116387032549068,0.11163717752074,0.126996650835886,0.115342455232905,0.110086515514536,0.0781127066779578,0.0936017700907565,0.119090269795341,0.202735885298604,0.252348624991589,0.344599369250975,0.407136030582988,1,0.977512096890681,0.951500147435836,0.937235037704648,0.938496356838409,0.918403581275806,0.883612967450932,0.88836282247926,0.873003349164114,0.884657544767095,0.889913484485464,0.921887293322042,0.906398229909243,0.880909730204659,0.797264114701396,0.747651375008411,0.655400630749025,0.592863969417012,0,100000,2248.79031093189,97983.9442512124,4064739.73826361,40.6473973826361,2023,"Males","GMoH report",32.5924426173639
0,1,0.0246627,0.0121032,0.0135747,0.0134572,0.018265,0.024283,0.0244815,0.0283744,0.0254062,0.0225712,0.0151421,0.0208351,0.0251878,0.0465366,0.066485,0.0885744,0.101954,0.239778,0.108725581167,0.0241322435177192,0.0472685974233319,0.0656456983466348,0.0650959760768466,0.0873369753625094,0.114466052139727,0.115347783118935,0.132474769734139,0.119444427467207,0.106827914443767,0.07294899746376,0.0990178813506763,0.118478469984322,0.208433530420575,0.285046678885709,0.362583057974384,0.406228459181519,1,0.975867756482281,0.952731402576668,0.934354301653365,0.934904023923153,0.912663024637491,0.885533947860273,0.884652216881066,0.867525230265861,0.880555572532793,0.893172085556233,0.92705100253624,0.900982118649324,0.881521530015678,0.791566469579425,0.714953321114291,0.637416942025616,0.593771540818481,0,100000,2413.22435177193,97849.1548683608,3999983.70066143,39.9998370066143,2023,"Males","GMoH report",33.2400029933857
0,1,0.0242019,0.011392,0.0124172,0.0128727,0.0162991,0.0235296,0.0236274,0.0258092,0.0229443,0.0228575,0.0149768,0.0195431,0.0248635,0.0447794,0.0597305,0.0828756,0.0926627,0.236843,0.107223276399,0.0236900320134291,0.0445529065765597,0.0602166931932034,0.0623567506400883,0.0783047573247216,0.111111950616911,0.111548025458221,0.121224247855612,0.108497974792425,0.108109705988424,0.072181384597886,0.0931637297812787,0.11704229711425,0.201355548390955,0.259850064331168,0.343258594967317,0.376170958345334,1,0.976309967986571,0.95544709342344,0.939783306806797,0.937643249359912,0.921695242675278,0.888888049383089,0.888451974541779,0.878775752144388,0.891502025207575,0.891890294011576,0.927818615402114,0.906836270218721,0.88295770288575,0.798644451609045,0.740149935668832,0.656741405032683,0.623829041654666,0,100000,2369.00320134292,97885.0090837048,4134958.09716365,41.3495809716365,2023,"Males","GMoH report",31.8902590283635
0,1,0.0236125,0.0119833,0.0132608,0.0126487,0.0177536,0.0228417,0.0239691,0.0269732,0.0234414,0.0220954,0.0156891,0.0206606,0.0248153,0.0447653,0.0588891,0.0837897,0.0961084,0.238302,0.105301708625,0.0231239813047771,0.0468112924777039,0.0641764232174936,0.0613049308043379,0.0849955571896927,0.108039013181529,0.113070032698138,0.126346103221467,0.110718507921049,0.104693867784392,0.0754847793699666,0.098229308853741,0.116828654711824,0.201298527560491,0.256659397662747,0.346388937176629,0.387449194571186,1,0.976876018695223,0.953188707522296,0.935823576782506,0.938695069195662,0.915004442810307,0.891960986818471,0.886929967301862,0.873653896778533,0.889281492078951,0.895306132215608,0.924515220630033,0.901770691146259,0.883171345288176,0.798701472439509,0.743340602337253,0.653611062823371,0.612550805428814,0,100000,2312.39813047771,97931.1013436829,4087571.38196764,40.8757138196764,2023,"Males","GMoH report",32.3641261803236
0,1,0.0243845,0.0122294,0.0125532,0.0144934,0.0181265,0.0244529,0.0256043,0.0286638,0.02549,0.0230342,0.0163529,0.0211306,0.0249248,0.045907,0.0593315,0.085262,0.103556,0.241091,0.107818590745,0.0238653008908959,0.0477496996462913,0.0608561514005951,0.0699330797547078,0.086703425877097,0.115220793638116,0.120319743010115,0.133735575525622,0.119814801757973,0.108899942368726,0.0785530736065487,0.100351767361479,0.117313934136111,0.205903921669765,0.258338476677519,0.351406044569738,0.411298842631207,1,0.976134699109104,0.952250300353709,0.939143848599405,0.930066920245292,0.913296574122903,0.884779206361884,0.879680256989885,0.866264424474378,0.880185198242027,0.891100057631274,0.921446926393451,0.899648232638521,0.882686065863889,0.794096078330235,0.741661523322481,0.648593955430262,0.588701157368793,0,100000,2386.53008908959,97870.7822218866,3990027.18323733,39.9002718323733,2023,"Males","GMoH report",33.3395681676267
0,1,0.025739,0.0136578,0.0148909,0.014699,0.0197598,0.0270633,0.0273776,0.0317119,0.0300406,0.02536,0.0162589,0.0225652,0.0258304,0.0544514,0.0674692,0.0915414,0.102397,0.245494,0.11223454519,0.0251639977435399,0.0531785947765224,0.0717822444406469,0.0708899707980969,0.0941481294778585,0.126741398757514,0.128119021680125,0.146912327410942,0.139710529656967,0.119240173029904,0.0781191705450622,0.106801033307996,0.121317782854395,0.239635745428444,0.288657306192579,0.372466693548092,0.407633803545801,1,0.97483600225646,0.946821405223478,0.928217755559353,0.929110029201903,0.905851870522141,0.873258601242486,0.871880978319875,0.853087672589058,0.860289470343033,0.880759826970096,0.921880829454938,0.893198966692004,0.878682217145605,0.760364254571556,0.711342693807421,0.627533306451908,0.592366196454199,0,100000,2516.39977435399,97766.0272098368,3780010.25529499,37.8001025529499,2023,"Males","GMoH report",35.4397374470501
0,1,0.0238798,0.0114601,0.0129912,0.013384,0.0175246,0.0229715,0.0247055,0.0274671,0.0245129,0.0220571,0.0154616,0.0193661,0.0246678,0.0450221,0.0631613,0.0821254,0.103363,0.233531,0.106173162758,0.023380751739757,0.0448132708690277,0.0629127206584547,0.0647533528148163,0.0839452334066065,0.108619611486826,0.116341794490535,0.128510942713486,0.115487185430643,0.104521876305362,0.0744309462053774,0.0923589198077766,0.116174572218567,0.202336468233825,0.272739972014069,0.340680661089418,0.410689701070599,1,0.976619248260243,0.955186729130972,0.937087279341545,0.935246647185184,0.916054766593394,0.891380388513174,0.883658205509465,0.871489057286514,0.884512814569357,0.895478123694638,0.925569053794623,0.907641080192223,0.883825427781433,0.797663531766175,0.727260027985931,0.659319338910582,0.589310298929401,0,100000,2338.0751739757,97910.1656620113,4073088.71623349,40.7308871623349,2023,"Males","GMoH report",32.5089528376651
0,1,0.022164,0.0109676,0.0122276,0.0129022,0.0164974,0.0240483,0.0232089,0.025937,0.023345,0.0213686,0.0161008,0.0205402,0.0235935,0.0454471,0.059672,0.0827863,0.0912487,0.233693,0.1050628462,0.0217329191366159,0.04292874929839,0.0593245090818761,0.062495186511479,0.0792197022118265,0.113422456828621,0.109680585639858,0.12178796394772,0.110288299141362,0.101424738340731,0.0773889403721406,0.0976848348861774,0.111396893483965,0.204051614658621,0.259628604744252,0.342952150879178,0.371496962740054,1,0.978267080863384,0.95707125070161,0.940675490918124,0.937504813488521,0.920780297788173,0.886577543171379,0.890319414360142,0.87821203605228,0.889711700858638,0.898575261659269,0.922611059627859,0.902315165113823,0.888603106516035,0.795948385341379,0.740371395255748,0.657047849120822,0.628503037259946,0,100000,2173.2919136616,98055.0403204111,4147330.35836158,41.4733035836158,2023,"Males","GMoH report",31.7665364163842
0,1,0.0235572,0.0111801,0.0123633,0.0120214,0.0169771,0.0216028,0.0241613,0.0246606,0.0222574,0.0210918,0.0148882,0.0205726,0.0237006,0.0434518,0.0582838,0.0776206,0.0905503,0.229267,0.105121419012,0.0230708473044706,0.0437423131299517,0.059963144149831,0.058353279708287,0.0814294118310094,0.102479395298134,0.113925056340595,0.116142632492866,0.105421006239322,0.100176731059593,0.0717696960289543,0.0978313851163866,0.111874281037129,0.195970790963076,0.254356798123783,0.325030369293117,0.369178451221006,1,0.976929152695529,0.956257686870048,0.940036855850169,0.941646720291713,0.918570588168991,0.897520604701866,0.886074943659405,0.883857367507134,0.894578993760678,0.899823268940407,0.928230303971046,0.902168614883613,0.888125718962871,0.804029209036924,0.745643201876217,0.674969630706883,0.630821548778994,0,100000,2307.08473044707,97935.4392901985,4193900.56334429,41.9390056334429,2023,"Males","GMoH report",31.3008343665571
0,1,0.024943,0.0131576,0.0139637,0.014039,0.0194911,0.0262329,0.0265459,0.0301347,0.0255187,0.025033,0.0162275,0.0217212,0.0258787,0.0530754,0.0627044,0.0862259,0.103968,0.251175,0.10963941803,0.0244010940612937,0.0512809320177661,0.0674634031921156,0.0678148676815469,0.0929273588879478,0.123091858934399,0.124469136850219,0.140117502726472,0.119941614786847,0.117793206645131,0.0779741847907695,0.103012132185909,0.121530849042227,0.234289480294008,0.271034379616878,0.354674236810503,0.412597625246047,1,0.975598905938706,0.948719067982234,0.932536596807884,0.932185132318453,0.907072641112052,0.876908141065601,0.875530863149781,0.859882497273529,0.880058385213153,0.882206793354869,0.922025815209231,0.896987867814091,0.878469150957773,0.765710519705991,0.728965620383122,0.645325763189497,0.587402374753953,0,100000,2440.10940612937,97827.4227690882,3877514.70530337,38.7751470530337,2023,"Males","GMoH report",34.4646929469663
0,1,0.0228282,0.0112765,0.0123635,0.0129476,0.0168245,0.0229742,0.0245336,0.0262471,0.0240833,0.0212995,0.0149261,0.020092,0.0237415,0.0475249,0.0604831,0.0780391,0.091729,0.238885,0.10373746831,0.022370498256158,0.0441111609862765,0.0599640850851251,0.0627081983283109,0.080727020604595,0.108631684863994,0.115579073128723,0.123154386270311,0.113578157876059,0.101113340984264,0.0719458236056975,0.0956552374241833,0.112056525027641,0.212389969809501,0.262694114072807,0.326496723803555,0.373087615332836,1,0.977629501743842,0.955888839013723,0.940035914914875,0.937291801671689,0.919272979395405,0.891368315136006,0.884420926871277,0.876845613729689,0.886421842123941,0.898886659015736,0.928054176394303,0.904344762575817,0.887943474972359,0.787610030190499,0.737305885927193,0.673503276196445,0.626912384667164,0,100000,2237.0498256158,97995.0160597769,4129075.22000068,41.2907522000068,2023,"Males","GMoH report",31.9490877999932
0,1,0.0231198,0.0119143,0.0129594,0.0131679,0.0174805,0.0223544,0.0247349,0.0248421,0.022519,0.0221167,0.0156691,0.0201486,0.0244994,0.0459404,0.058317,0.0794703,0.0972322,0.230906,0.103695403158,0.022650429132003,0.0465480257144604,0.0627635549644832,0.0637411570453561,0.0837428334976125,0.105856124619514,0.11647218064727,0.116947449417089,0.106594022990682,0.104789504892841,0.0753921809439287,0.095911779784581,0.115427253842997,0.206038295700502,0.254483250675842,0.331492065306235,0.391093738498834,1,0.977349570867997,0.95345197428554,0.937236445035517,0.936258842954644,0.916257166502388,0.894143875380486,0.88352781935273,0.883052550582911,0.893405977009318,0.895210495107159,0.924607819056071,0.904088220215419,0.884572746157003,0.793961704299498,0.745516749324158,0.668507934693765,0.608906261501166,0,100000,2265.0429132003,97969.8316248542,4116381.43624946,41.1638143624946,2023,"Males","GMoH report",32.0760256375054
0,1,0.0229874,0.0118976,0.0129003,0.0142414,0.0177969,0.0233351,0.0249878,0.0294255,0.0260961,0.022643,0.0158027,0.0204746,0.0241848,0.0444756,0.0594619,0.0829081,0.104645,0.252251,0.10341979267,0.0225231958555035,0.0464842968593719,0.0624862708988102,0.0687589410425901,0.0851940260925823,0.110244106855302,0.117593022670298,0.137045890381452,0.122489269439453,0.107149532820844,0.0760105694359368,0.0973880467452731,0.114029545613138,0.200126171155402,0.258832778082361,0.343370094641196,0.4147271844564,1,0.977476804144497,0.953515703140628,0.93751372910119,0.93124105895741,0.914805973907418,0.889755893144698,0.882406977329702,0.862954109618548,0.877510730560547,0.892850467179156,0.923989430564063,0.902611953254727,0.885970454386862,0.799873828844598,0.741167221917639,0.656629905358804,0.5852728155436,0,100000,2252.31958555034,97980.6148390139,4019747.35010384,40.1974735010384,2023,"Males","GMoH report",33.0423664989616
0,1,0.0247916,0.0121242,0.0122294,0.0128673,0.0167764,0.0235279,0.0228803,0.0264266,0.0241089,0.0227927,0.0161581,0.0191173,0.0229754,0.0441143,0.0593416,0.0805876,0.0954757,0.229025,0.109145822236,0.0242558916434172,0.0473486704982893,0.0593329830429368,0.0623314076944335,0.0805055180667619,0.111104368803094,0.108211709081743,0.12394442560572,0.113692025798091,0.107819742393849,0.0776536609524121,0.091226489577023,0.108637050759926,0.198661921041498,0.258376772319337,0.335371116524854,0.385390040318829,1,0.975744108356583,0.952651329501711,0.940667016957063,0.937668592305566,0.919494481933238,0.888895631196906,0.891788290918258,0.87605557439428,0.886307974201909,0.892180257606151,0.922346339047588,0.908773510422977,0.891362949240074,0.801338078958502,0.741623227680663,0.664628883475146,0.614609959681171,0,100000,2425.58916434171,97839.1537594071,4117559.02716137,41.1755902716137,2023,"Males","GMoH report",32.0642497283863
0,1,0.0236026,0.0113283,0.0125594,0.0135008,0.0164648,0.0228621,0.0245082,0.0250333,0.0231552,0.0211914,0.0158032,0.0200702,0.0227284,0.0429675,0.0581847,0.0748667,0.095868,0.225151,0.105269432546,0.0231144693823793,0.0443093018712244,0.0608852931238508,0.06529999458284,0.0790693475174853,0.108130286445628,0.115466320791919,0.117794535157598,0.109440696935781,0.100625986190601,0.0760128830177353,0.0955564093810987,0.107531928301955,0.193998431036137,0.253979235884568,0.315316698349242,0.386667419555204,1,0.976885530617621,0.955690698128776,0.939114706876149,0.93470000541716,0.920930652482515,0.891869713554372,0.884533679208081,0.882205464842402,0.890559303064218,0.899374013809399,0.923987116982265,0.904443590618901,0.892468071698045,0.806001568963863,0.746020764115432,0.684683301650758,0.613332580444796,0,100000,2311.44693823793,97931.8777693106,4147403.8482948,41.474038482948,2023,"Males","GMoH report",31.765801517052
0,1,0.0243966,0.0128934,0.0136039,0.0147121,0.0182294,0.0250887,0.0264635,0.0292222,0.0257806,0.0237159,0.0165463,0.0228785,0.0243127,0.0504846,0.063436,0.0834739,0.0956288,0.245903,0.107858039286,0.0238769134732238,0.050277114113771,0.0657822617243213,0.0709509078707855,0.0871741680522699,0.118039834980323,0.124106752394988,0.136163506920192,0.121098049089132,0.111942459558398,0.0794451901265237,0.108203656605857,0.114598031121859,0.224134631905286,0.273763799100631,0.345308816049843,0.385888794194365,1,0.976123086526776,0.949722885886229,0.934217738275679,0.929049092129214,0.91282583194773,0.881960165019677,0.875893247605012,0.863836493079808,0.878901950910868,0.888057540441602,0.920554809873476,0.891796343394143,0.885401968878141,0.775865368094714,0.726236200899369,0.654691183950157,0.614111205805635,0,100000,2387.69134732238,97869.84035982,3923147.90384125,39.2314790384125,2023,"Males","GMoH report",34.0083609615875
0,1,0.0241582,0.0117564,0.0122034,0.0125997,0.0165412,0.0231757,0.0230734,0.0253827,0.022862,0.0215314,0.0149506,0.0193686,0.0260245,0.0441641,0.057997,0.0805862,0.0903674,0.227938,0.107080805222,0.023648079693919,0.0459452974110338,0.0592105741971075,0.0610746929772368,0.079421675454913,0.109532281744911,0.109075162844083,0.119340537356127,0.108129839049146,0.102157988704993,0.0720596620416985,0.092370291910267,0.122173724750572,0.198863888369186,0.253263667665945,0.335366267279418,0.368570178197001,1,0.976351920306081,0.954054702588966,0.940789425802892,0.938925307022763,0.920578324545087,0.890467718255089,0.890924837155917,0.880659462643873,0.891870160950854,0.897842011295007,0.927940337958302,0.907629708089733,0.877826275249428,0.801136111630814,0.746736332334055,0.664633732720582,0.631429821802999,0,100000,2364.8079693919,97888.417572166,4158249.71971464,41.5824971971464,2023,"Males","GMoH report",31.6573428028536
0,1,0.0233736,0.0117109,0.0122462,0.0128513,0.0172696,0.023982,0.0242266,0.0261004,0.0230961,0.0219682,0.0154259,0.0200772,0.0243347,0.0436125,0.0578712,0.0819479,0.0899852,0.228615,0.104522844456,0.0228944080240901,0.0457715479580365,0.0594120697777202,0.0622563135928117,0.0827743022736379,0.113127444089608,0.114215374519184,0.122508216373418,0.109176614958162,0.10412253814387,0.0742654706892372,0.0955881442744334,0.114695781419714,0.196624306123024,0.252783752286669,0.340069538636853,0.367297624499679,1,0.97710559197591,0.954228452041963,0.94058793022228,0.937743686407188,0.917225697726362,0.886872555910392,0.885784625480816,0.877491783626582,0.890823385041838,0.89587746185613,0.925734529310763,0.904411855725567,0.885304218580286,0.803375693876976,0.747216247713331,0.659930461363147,0.632702375500321,0,100000,2289.44080240901,97949.8580624724,4119047.50827993,41.1904750827993,2023,"Males","GMoH report",32.0493649172007
0,1,0.0252503,0.0131427,0.0146629,0.0143753,0.0195307,0.0268685,0.0272022,0.0304441,0.0284248,0.0258033,0.0160135,0.0220283,0.0268838,0.0498577,0.0694144,0.0879521,0.106316,0.249973,0.110641280563,0.0246957187526568,0.0512243475352957,0.0707220250473336,0.0693829965251307,0.0931073697348013,0.125886543513986,0.127350467764445,0.141454372356364,0.132694465866589,0.121198215232245,0.0769854824422765,0.104392525335386,0.125953713867802,0.221659871554938,0.295748916096311,0.360494810863607,0.419959076940093,1,0.975304281247343,0.948775652464704,0.929277974952666,0.930617003474869,0.906892630265199,0.874113456486014,0.872649532235555,0.858545627643636,0.867305534133411,0.878801784767755,0.923014517557723,0.895607474664614,0.874046286132198,0.778340128445062,0.704251083903689,0.639505189136393,0.580040923059907,0,100000,2469.57187526568,97803.6647194561,3822904.51501333,38.2290451501333,2023,"Males","GMoH report",35.0107948498667
0,1,0.0236737,0.0115004,0.0127578,0.0132413,0.0169312,0.0232397,0.0240021,0.0252327,0.0236004,0.0216991,0.015194,0.0194408,0.0240765,0.0443509,0.0570807,0.077603,0.0957374,0.235832,0.105501233477,0.0231827792537487,0.0449673157635849,0.0618173660194913,0.0640850757172625,0.0812181961916019,0.109818147966743,0.113216892086148,0.118677138423268,0.111427656819965,0.102912716674046,0.0731898823200721,0.0926986597393482,0.113547909398422,0.199621065243707,0.249762022329974,0.324968645506833,0.386242393654382,1,0.976817220746251,0.955032684236415,0.938182633980509,0.935914924282737,0.918781803808398,0.890181852033257,0.886783107913852,0.881322861576732,0.888572343180035,0.897087283325954,0.926810117679928,0.907301340260652,0.886452090601578,0.800378934756293,0.750237977670026,0.675031354493167,0.613757606345618,0,100000,2318.27792537487,97926.3032552947,4129314.53573951,41.2931453573951,2023,"Males","GMoH report",31.9466946426049
0,1,0.0234896,0.0118031,0.0123684,0.0122185,0.0165621,0.0232903,0.0243864,0.0264513,0.0252947,0.0218479,0.0154383,0.0211691,0.0246019,0.0454872,0.0614072,0.081921,0.0880525,0.233207,0.104901028816,0.0230058892884165,0.0461235971411662,0.0599871377147231,0.0592816673681555,0.079518035846276,0.110044099758487,0.114925454727107,0.124053086483732,0.118951400052716,0.103581883422911,0.0743229500024432,0.100525418412699,0.115882194592158,0.20421327481463,0.266173566428959,0.339976884178112,0.360832082614063,1,0.976994110711584,0.953876402858834,0.940012862285277,0.940718332631845,0.920481964153724,0.889955900241513,0.885074545272893,0.875946913516268,0.881048599947284,0.896418116577089,0.925677049997557,0.899474581587301,0.884117805407842,0.79578672518537,0.733826433571041,0.660023115821888,0.639167917385937,0,100000,2300.58892884164,97940.7452166765,4112285.4873905,41.122854873905,2023,"Males","GMoH report",32.116985126095
0,1,0.0232291,0.0109337,0.0119493,0.0122236,0.0163285,0.0224081,0.0246161,0.0256609,0.0222193,0.0209356,0.0139971,0.0210323,0.0239451,0.0434571,0.0563776,0.079751,0.0960013,0.22868,0.104051744111,0.0227555106816955,0.042798899348389,0.0580134497133506,0.0593056777923438,0.0784404622791858,0.106096923804255,0.115945203208263,0.12056968352038,0.105250044230569,0.0994717481724045,0.0676193142415732,0.099908249319589,0.11296321151017,0.195992351909576,0.247065587793967,0.332468301264614,0.387101001549794,1,0.977244489318305,0.957201100651611,0.941986550286649,0.940694322207656,0.921559537720814,0.893903076195745,0.884054796791737,0.87943031647962,0.894749955769431,0.900528251827595,0.932380685758427,0.900091750680411,0.88703678848983,0.804007648090424,0.752934412206033,0.667531698735386,0.612898998450206,0,100000,2275.55106816955,97961.2239892871,4192431.05200261,41.9243105200261,2023,"Males","GMoH report",31.3155294799739
0,1,0.0249625,0.0127993,0.0139483,0.0144461,0.01888,0.0248217,0.0262165,0.030313,0.027168,0.0262911,0.0161347,0.0222076,0.0265345,0.0505182,0.0642166,0.0841175,0.106181,0.248192,0.109702992125,0.024419793554236,0.0499193349132887,0.067391507586817,0.0697128046324963,0.0901451489686784,0.116857024958942,0.123019639080139,0.140888144211307,0.127200539366245,0.123348106493427,0.0775455639724349,0.105197537893681,0.124419009482234,0.224267077334501,0.276666538852768,0.347508611029347,0.419537675258455,1,0.975580206445764,0.950080665086711,0.932608492413183,0.930287195367504,0.909854851031322,0.883142975041058,0.876980360919861,0.859111855788693,0.872799460633755,0.876651893506573,0.922454436027565,0.894802462106319,0.875580990517766,0.775732922665499,0.723333461147232,0.652491388970653,0.580462324741545,0,100000,2441.97935542359,97825.9130865739,3885425.07266363,38.8542507266363,2023,"Males","GMoH report",34.3855892733637
0,1,0.024885,0.0130925,0.0141758,0.0145422,0.019484,0.0253144,0.027092,0.0305086,0.0259374,0.0232812,0.0171577,0.0205335,0.0271764,0.0496629,0.0636425,0.083413,0.0977551,0.256791,0.10945032585,0.0243454719942106,0.0510336830103734,0.0684530578561084,0.0701602876619075,0.0928950806228605,0.119038527733836,0.126867279181066,0.141732824849492,0.12178972778629,0.110003468143636,0.0822600182137355,0.0976545269282947,0.127237366109176,0.220889470756871,0.274532640989556,0.345100359320084,0.392783921249627,1,0.975654528005789,0.948966316989627,0.931546942143892,0.929839712338092,0.90710491937714,0.880961472266164,0.873132720818934,0.858267175150508,0.87821027221371,0.889996531856364,0.917739981786264,0.902345473071705,0.872762633890824,0.779110529243129,0.725467359010444,0.654899640679915,0.607216078750374,0,100000,2434.54719942107,97831.9147848528,3879381.61568987,38.7938161568987,2023,"Males","GMoH report",34.4460238431013
0,1,0.0239384,0.012147,0.0131496,0.0136732,0.017011,0.0238675,0.0251056,0.0299284,0.024058,0.0234512,0.0154779,0.0213017,0.0245338,0.0494394,0.0636409,0.0855333,0.095749,0.240345,0.106364211064,0.0234370301074347,0.047435599544662,0.0636553926229143,0.066106288732265,0.0815853778437499,0.112617740213628,0.118114651982943,0.139225043053681,0.113465610836254,0.11076223186993,0.0745064899962188,0.10112325680148,0.115579960888862,0.220004743687358,0.274526686493793,0.352327224517865,0.386280153868187,1,0.976562969892565,0.952564400455338,0.936344607377086,0.933893711267735,0.91841462215625,0.887382259786372,0.881885348017057,0.860774956946319,0.886534389163746,0.88923776813007,0.925493510003781,0.89887674319852,0.884420039111138,0.779995256312642,0.725473313506207,0.647672775482135,0.613719846131813,0,100000,2343.70301074347,97905.5831109626,4012644.87441849,40.1264487441849,2023,"Males","GMoH report",33.1133912558151
0,1,0.0239562,0.0128257,0.0141274,0.0132479,0.0180094,0.0240087,0.0257013,0.0277363,0.0258505,0.0244545,0.0157703,0.0210084,0.0242499,0.0469098,0.0671044,0.0849884,0.0956821,0.241857,0.106422242802,0.0234541239604027,0.0500197240504912,0.0682273136237786,0.0641159942978537,0.0861674402537359,0.113246261220583,0.120748045636694,0.129688782551306,0.121406456021538,0.115227898396648,0.0758606374721812,0.0998003840303424,0.114318942679774,0.209929609957088,0.287320778823749,0.350476011385015,0.386062357305216,1,0.976545876039597,0.949980275949509,0.931772686376221,0.935884005702146,0.913832559746264,0.886753738779417,0.879251954363306,0.870311217448694,0.878593543978462,0.884772101603352,0.924139362527819,0.900199615969658,0.885681057320226,0.790070390042912,0.712679221176251,0.649523988614985,0.613937642694784,0,100000,2345.41239604026,97904.191651442,3974946.94375491,39.7494694375491,2023,"Males","GMoH report",33.4903705624509
0,1,0.0245708,0.0134999,0.0140125,0.0143961,0.0185369,0.025277,0.0256972,0.0296784,0.0257515,0.0241654,0.0167077,0.0217179,0.0257548,0.0475859,0.06475,0.0869138,0.0989733,0.240973,0.108425967868,0.0240440739913672,0.0525799518169332,0.0676911928987651,0.0694799009932767,0.0885795254850886,0.118873110937107,0.120729946074346,0.138142387422779,0.120969626648409,0.113943287217675,0.0801890629810776,0.102997287997498,0.12098419090049,0.212633597260325,0.278644432490586,0.356998713119242,0.396707799796101,1,0.975955926008633,0.947420048183067,0.932308807101235,0.930520099006723,0.911420474514911,0.881126889062893,0.879270053925654,0.861857612577221,0.879030373351591,0.886056712782325,0.919810937018922,0.897002712002502,0.87901580909951,0.787366402739675,0.721355567509414,0.643001286880758,0.603292200203899,0,100000,2404.40739913672,97856.2928002637,3908081.8664693,39.080818664693,2023,"Males","GMoH report",34.159021335307
0,1,0.0240099,0.0116954,0.0124016,0.0128865,0.0170211,0.0224563,0.022808,0.0251315,0.022223,0.0212959,0.0152711,0.0210209,0.0251302,0.0445392,0.0568145,0.0814582,0.098032,0.236685,0.106597316079,0.0235056909620998,0.0457123515278816,0.0601433166117687,0.0624215129339419,0.0816318406910346,0.10631300799633,0.107888214035685,0.118229300816336,0.105266648193016,0.101097114878165,0.0735476174479755,0.0998568004581245,0.118223546574673,0.200383678199808,0.248742104289597,0.338381192801369,0.393677514697851,1,0.9764943090379,0.954287648472118,0.939856683388231,0.937578487066058,0.918368159308965,0.89368699200367,0.892111785964315,0.881770699183664,0.894733351806984,0.898902885121835,0.926452382552024,0.900143199541875,0.881776453425327,0.799616321800192,0.751257895710403,0.661618807198631,0.606322485302149,0,100000,2350.56909620999,97899.9952607042,4155810.61886574,41.5581061886574,2023,"Males","GMoH report",31.6817338113426
0,1,0.0241857,0.0128372,0.0130217,0.0134401,0.0175022,0.0242654,0.0246486,0.0273854,0.0249611,0.0232367,0.0159493,0.0227047,0.024728,0.0474003,0.0674717,0.0785726,0.103269,0.2336,0.107170460997,0.0236744802021074,0.0500634509353066,0.063055766803536,0.0650159478966844,0.0838424324470625,0.11438783365318,0.116089397209834,0.128153184455997,0.117474752394984,0.109804749918899,0.0766886733551421,0.107425822329395,0.116441581435648,0.211892124345916,0.288666458311808,0.328362300725115,0.410392851536653,1,0.976325519797893,0.949936549064693,0.936944233196464,0.934984052103316,0.916157567552937,0.88561216634682,0.883910602790166,0.871846815544003,0.882525247605016,0.890195250081101,0.923311326644858,0.892574177670606,0.883558418564352,0.788107875654084,0.711333541688192,0.671637699274885,0.589607148463347,0,100000,2367.44802021074,97886.2724755017,4010494.02931737,40.1049402931737,2023,"Males","GMoH report",33.1348997068263
0,1,0.025872,0.0134545,0.0155944,0.0153163,0.0199876,0.0272252,0.0278956,0.0320397,0.0293311,0.0278215,0.0170879,0.0222998,0.0256298,0.0577287,0.0690256,0.0966528,0.113719,0.247183,0.11266815312,0.0252913844345384,0.0524077595970042,0.0750462470139155,0.0737572784887085,0.095181857750086,0.127451283304449,0.130385075237979,0.148318314266027,0.136636269769416,0.130061252181108,0.081939082864787,0.105611226905625,0.120432356944932,0.252239809301886,0.294336172695051,0.389216772763589,0.442728417675811,1,0.974708615565462,0.947592240402996,0.924953752986085,0.926242721511292,0.904818142249914,0.872548716695551,0.869614924762021,0.851681685733973,0.863363730230584,0.869938747818892,0.918060917135213,0.894388773094375,0.879567643055068,0.747760190698114,0.705663827304949,0.610783227236412,0.557271582324189,0,100000,2529.13844345383,97755.8149139549,3735669.3041045,37.356693041045,2023,"Males","GMoH report",35.883146958955
0,1,0.0233911,0.0121463,0.0127957,0.0132382,0.0175903,0.0232764,0.023885,0.0273697,0.0243448,0.0235726,0.0155965,0.0210079,0.0247761,0.0467478,0.064086,0.0844053,0.101505,0.229369,0.104579898131,0.0229112275209168,0.0474329307855978,0.0619953163271807,0.064070553012766,0.0842466886802687,0.109982035379246,0.112695660379584,0.128084419648843,0.114740654298109,0.111303705669347,0.0750559737630129,0.0997981273035494,0.116654868294144,0.209280493379038,0.276181569795253,0.348490406690431,0.404801547342499,1,0.977088772479083,0.952567069214402,0.938004683672819,0.935929446987234,0.915753311319731,0.890017964620754,0.887304339620416,0.871915580351157,0.885259345701891,0.888696294330653,0.924944026236987,0.900201872696451,0.883345131705856,0.790719506620962,0.723818430204747,0.651509593309569,0.595198452657501,0,100000,2291.12275209167,97948.4826319277,4057638.25830654,40.5763825830654,2023,"Males","GMoH report",32.6634574169346
0,1,0.023633,0.0112602,0.0122649,0.0122456,0.0166759,0.0216148,0.0238801,0.0245352,0.0224447,0.0207032,0.015503,0.0190555,0.0246941,0.042689,0.0567343,0.0743361,0.0994806,0.227456,0.10536854293,0.0231436772762852,0.0440488033294984,0.0595000932652768,0.0594092453624733,0.0800425462571749,0.102533402527615,0.112673843381654,0.115586175186416,0.10626100883737,0.0984218803184763,0.0746228065742004,0.0909449941594848,0.116291231735972,0.19286225770236,0.24843459315405,0.313432184478474,0.398336191635871,1,0.976856322723715,0.955951196670502,0.940499906734723,0.940590754637527,0.919957453742825,0.897466597472385,0.887326156618346,0.884413824813584,0.89373899116263,0.901578119681524,0.9253771934258,0.909055005840515,0.883708768264028,0.80713774229764,0.75156540684595,0.686567815521526,0.601663808364129,0,100000,2314.36772762852,97929.4938276359,4201815.23349666,42.0181523349666,2023,"Males","GMoH report",31.2216876650334
0,1,0.0244174,0.0112465,0.0122603,0.0130264,0.01716,0.0229969,0.0228678,0.0250802,0.0248425,0.0218726,0.0151696,0.0205818,0.0235544,0.0453574,0.0595998,0.0795993,0.0965591,0.230997,0.107925851654,0.023896875128066,0.0439963892173345,0.0594784411693292,0.0630778081013707,0.0822705916195225,0.108733184569438,0.108155787695351,0.118002202878422,0.116949222358874,0.103692915823403,0.073076641449663,0.0978729940287478,0.111222548980721,0.203689890411611,0.259355204245085,0.331940851456622,0.388912820246371,1,0.976103124871934,0.956003610782665,0.940521558830671,0.936922191898629,0.917729408380477,0.891266815430562,0.891844212304649,0.881997797121578,0.883050777641126,0.896307084176597,0.926923358550337,0.902127005971252,0.888777451019279,0.796310109588389,0.740644795754915,0.668059148543378,0.611087179753629,0,100000,2389.6875128066,97868.2215472,4136939.72377703,41.3693972377703,2023,"Males","GMoH report",31.8704427622298
0,1,0.0243722,0.0119657,0.0123729,0.0139317,0.0180896,0.0245903,0.0244588,0.0287157,0.0249066,0.0222175,0.0162291,0.0209792,0.0259651,0.0490671,0.0576102,0.0818688,0.101977,0.235262,0.107778490162,0.0238534961588168,0.0467441471176682,0.0600083080144209,0.0673140037353989,0.086534561012759,0.11583071963726,0.115246992169794,0.133961504092339,0.117233293151954,0.105241966521994,0.077981573128837,0.0996685822007358,0.121911865549549,0.218529034970498,0.251787219777881,0.339797056792222,0.406301483932531,1,0.976146503841183,0.953255852882332,0.939991691985579,0.932685996264601,0.913465438987241,0.88416928036274,0.884753007830206,0.866038495907661,0.882766706848046,0.894758033478006,0.922018426871163,0.900331417799264,0.878088134450451,0.781470965029502,0.748212780222119,0.660202943207778,0.593698516067469,0,100000,2385.34961588169,97871.7397642265,4019562.04945904,40.1956204945904,2023,"Males","GMoH report",33.0442195054096
0,1,0.0257536,0.0131829,0.0141721,0.0147314,0.0188723,0.0256578,0.0267389,0.030882,0.0278025,0.0251488,0.0169283,0.0211259,0.0268904,0.0512757,0.0662154,0.0831776,0.101712,0.241066,0.112282144256,0.0251779827074573,0.051377004183109,0.0684358024116062,0.0710406783764142,0.0901100406973677,0.120555995919727,0.125317377909537,0.143343189086571,0.129978202558424,0.118305873143709,0.0812048498506818,0.100330566227344,0.12598268782807,0.227247777799691,0.284054966867246,0.344294106349301,0.40545970596677,1,0.974822017292543,0.948622995816891,0.931564197588394,0.928959321623586,0.909889959302632,0.879444004080273,0.874682622090463,0.856656810913429,0.870021797441576,0.881694126856291,0.918795150149318,0.899669433772656,0.87401731217193,0.772752222200309,0.715945033132754,0.655705893650699,0.59454029403323,0,100000,2517.79827074573,97764.9055178977,3853549.24329118,38.5354924329118,2023,"Males","GMoH report",34.7043475670882
0,1,0.0231929,0.0120823,0.0136181,0.0132603,0.0173133,0.024142,0.025563,0.0262508,0.0252625,0.0237074,0.0154036,0.0212198,0.0246689,0.0480046,0.0595251,0.0829972,0.103472,0.244282,0.103933724509,0.022720709679344,0.0471888991281284,0.0658486657136136,0.0641740810815847,0.0829750693304048,0.113839233087032,0.120137323968484,0.123170677920135,0.11880897092972,0.111904583210017,0.0741620919992027,0.100754048124044,0.116179451803511,0.214304049556634,0.259072246543225,0.34367569832703,0.411033781421807,1,0.977279290320656,0.952811100871872,0.934151334286386,0.935825918918415,0.917024930669595,0.886160766912968,0.879862676031516,0.876829322079865,0.88119102907028,0.888095416789983,0.925837908000797,0.899245951875956,0.883820548196489,0.785695950443366,0.740927753456775,0.65632430167297,0.588966218578193,0,100000,2272.0709679344,97964.0738301118,4027917.78777155,40.2791778777155,2023,"Males","GMoH report",32.9606621222845
0,1,0.0242228,0.0127739,0.0135241,0.0140641,0.0179568,0.0248454,0.0241553,0.0289388,0.0258843,0.0230398,0.0155703,0.0212987,0.024885,0.0474493,0.0605936,0.0851861,0.0980496,0.243636,0.107291414788,0.023710095235645,0.0498227386378285,0.0654090051825275,0.0679319941042945,0.0859265838000482,0.116962076086972,0.113898376372994,0.134932069563304,0.121555549241895,0.108924975853336,0.074934613950997,0.101109735206873,0.117137578403568,0.212087939348659,0.263110907316124,0.351148147071814,0.393734278674252,1,0.976289904764355,0.950177261362172,0.934590994817473,0.932068005895705,0.914073416199952,0.883037923913028,0.886101623627006,0.865067930436696,0.878444450758105,0.891075024146664,0.925065386049003,0.898890264793127,0.882862421596432,0.787912060651341,0.736889092683876,0.648851852928186,0.606265721325748,0,100000,2371.0095235645,97883.3794426946,3979230.80194416,39.7923080194416,2023,"Males","GMoH report",33.4475319805584
0,1,0.0249485,0.0125898,0.0144152,0.0136163,0.0179708,0.0252959,0.0249942,0.0299234,0.0256731,0.0223229,0.0164472,0.0203,0.0251683,0.0493333,0.0651426,0.0854785,0.100166,0.244683,0.109657349185,0.0244063683296941,0.049122319640383,0.0695688768172596,0.0658402485588697,0.0859906960007732,0.118956707553494,0.117621369891636,0.139203402280499,0.120623548915823,0.105714845204937,0.0789881646460824,0.0965976683321437,0.118392175522023,0.219584437654632,0.280097329292135,0.352141237974493,0.400531023700132,1,0.975593631670306,0.950877680359617,0.93043112318274,0.93415975144113,0.914009303999227,0.881043292446506,0.882378630108364,0.860796597719501,0.879376451084177,0.894285154795063,0.921011835353918,0.903402331667856,0.881607824477977,0.780415562345368,0.719902670707865,0.647858762025507,0.599468976299868,0,100000,2440.63683296941,97826.9969324573,3947865.11775993,39.4786511775993,2023,"Males","GMoH report",33.7611888224007
0,1,0.0243695,0.0136323,0.0142894,0.0149463,0.0200324,0.024854,0.026915,0.031275,0.0284684,0.0256265,0.0169898,0.0229343,0.026538,0.0504136,0.0691233,0.0864152,0.105468,0.239438,0.107769687595,0.0238509048483299,0.0530819420819135,0.0689826966366989,0.0720396832072005,0.0953850226792028,0.11700019300748,0.126090673787522,0.1450350704307,0.132884478762028,0.120417784137031,0.0814878445467971,0.108453251486106,0.124434399748674,0.223854697105061,0.294691395630957,0.355314554314915,0.417308316253452,1,0.97614909515167,0.946918057918087,0.931017303363301,0.927960316792799,0.904614977320797,0.88299980699252,0.873909326212478,0.8549649295693,0.867115521237972,0.879582215862969,0.918512155453203,0.891546748513894,0.875565600251326,0.776145302894939,0.705308604369043,0.644685445685085,0.582691683746548,0,100000,2385.09048483298,97871.9499716033,3824524.8986516,38.245248986516,2023,"Males","GMoH report",34.994591013484
0,1,0.024542,0.0129173,0.0138947,0.0139649,0.0188383,0.0256133,0.0255581,0.0286921,0.0254108,0.0260593,0.0164144,0.0219501,0.0262101,0.0468957,0.0695302,0.0861176,0.107087,0.255987,0.10833207382,0.0240164406815361,0.0503679638023518,0.0671412318157251,0.0674690052224234,0.0899550017273969,0.120359490645617,0.120115678681712,0.133858776497164,0.119464762060578,0.122327103292898,0.0788368509830592,0.104041212456165,0.122991454214717,0.209873131471169,0.296169234694595,0.354307681927172,0.422361448824363,1,0.975983559318464,0.949632036197648,0.932858768184275,0.932530994777577,0.910044998272603,0.879640509354383,0.879884321318288,0.866141223502836,0.880535237939422,0.877672896707102,0.921163149016941,0.895958787543835,0.877008545785283,0.790126868528831,0.703830765305405,0.645692318072828,0.577638551175637,0,100000,2401.6440681536,97858.531014327,3912349.35111073,39.1234935111073,2023,"Males","GMoH report",34.1163464888927
0,1,0.0234309,0.0126826,0.0139112,0.0133681,0.0178417,0.0241748,0.0251702,0.0282499,0.025583,0.0231456,0.0146573,0.0199063,0.0249176,0.0453626,0.061783,0.0829257,0.101235,0.238581,0.104709654489,0.0229494782706804,0.0494754454315399,0.0672182825688215,0.064678914507433,0.0853993270657285,0.113985083508025,0.118400584048459,0.131931846335516,0.120225666908688,0.109397805388973,0.0706959699009278,0.0948130571034538,0.117282033034169,0.203710863911788,0.267584558114959,0.343430469738927,0.40394226261135,1,0.97705052172932,0.95052455456846,0.932781717431178,0.935321085492567,0.914600672934271,0.886014916491975,0.881599415951541,0.868068153664484,0.879774333091312,0.890602194611028,0.929304030099072,0.905186942896546,0.882717966965831,0.796289136088212,0.732415441885041,0.656569530261073,0.59605773738865,0,100000,2294.94782706804,97945.3553669745,4003885.71859605,40.0388571859605,2023,"Males","GMoH report",33.2009828140395
0,1,0.0247759,0.0132159,0.0149412,0.0137436,0.0185812,0.0256447,0.0262602,0.0304753,0.0281742,0.0250115,0.016332,0.0227119,0.0254387,0.0531762,0.0687679,0.0887872,0.0997036,0.253645,0.109094636939,0.0242408325353068,0.0515023014680566,0.0720159868434371,0.0664353478821183,0.0887818181991929,0.120498152567153,0.123212066244984,0.141589076074748,0.131601577115109,0.117697991701401,0.0784566163542557,0.107458058313475,0.119588086368259,0.234682227354393,0.293398502755841,0.363295929189635,0.399050957407551,1,0.975759167464693,0.948497698531943,0.927984013156563,0.933564652117882,0.911218181800807,0.879501847432847,0.876787933755016,0.858410923925252,0.868398422884891,0.882302008298599,0.921543383645744,0.892541941686525,0.880411913631741,0.765317772645607,0.706601497244159,0.636704070810365,0.600949042592449,0,100000,2424.08325353067,97840.3712289232,3859672.51982577,38.5967251982577,2023,"Males","GMoH report",34.6431148017423
0,1,0.0238033,0.0120204,0.012247,0.0127097,0.0169469,0.0228404,0.0236146,0.0259844,0.0238544,0.0216725,0.0148057,0.0204008,0.0247953,0.0457985,0.0602997,0.0797296,0.0942404,0.228614,0.105923756693,0.0233072753801286,0.0469528167237087,0.0594158356519271,0.0615914770115653,0.0812904472967661,0.108033196449535,0.111490963720325,0.121996955757065,0.112559407192659,0.102793044364999,0.0713861935841287,0.0970540493738356,0.116739992179763,0.205467268283765,0.262001908756404,0.332393915238918,0.381354498741908,1,0.976692724619871,0.953047183276291,0.940584164348073,0.938408522988435,0.918709552703234,0.891966803550465,0.888509036279675,0.878003044242935,0.887440592807341,0.897206955635001,0.928613806415871,0.902945950626164,0.883260007820237,0.794532731716235,0.737998091243596,0.667606084761082,0.618645501258092,0,100000,2330.72753801287,97916.1518786413,4128983.59523771,41.2898359523771,2023,"Males","GMoH report",31.9500040476229
0,1,0.0243548,0.0128411,0.0137485,0.0143483,0.0197095,0.0255213,0.0261808,0.029875,0.0266648,0.0229963,0.0155546,0.0219678,0.0264122,0.0505057,0.0655957,0.0861844,0.097037,0.245094,0.107721762508,0.0238367964265215,0.0500782796074652,0.0664582469785389,0.0692571925599791,0.0939197230465358,0.119953102230135,0.122862409568897,0.138993893573713,0.124991796839111,0.108730501898007,0.0748618833722452,0.104120740966491,0.123881070944968,0.224217806789126,0.281771073057591,0.354533794173569,0.390461877083597,1,0.976163203573479,0.949921720392535,0.933541753021461,0.930742807440021,0.906080276953464,0.880046897769865,0.877137590431103,0.861006106426287,0.875008203160889,0.891269498101993,0.925138116627755,0.895879259033509,0.876118929055032,0.775782193210874,0.718228926942409,0.645466205826431,0.609538122916403,0,100000,2383.67964265215,97873.0945297088,3899529.47747446,38.9952947747446,2023,"Males","GMoH report",34.2445452252554
0,1,0.0245011,0.0129028,0.0134057,0.013678,0.0208385,0.0242107,0.0264877,0.0294746,0.0260747,0.0240929,0.0162217,0.0219553,0.0258556,0.0501296,0.0642141,0.091205,0.100932,0.240395,0.108198731231,0.0239771955893389,0.0503128468006024,0.0648549354786351,0.0661287281412113,0.09903323959191,0.114144692719915,0.124213195362961,0.137258873982303,0.122394969708363,0.113620859957806,0.077947401589105,0.104064577456427,0.121428953851963,0.222734074808677,0.276657257933354,0.371352083142476,0.402976851149457,1,0.976022804410661,0.949687153199398,0.935145064521365,0.933871271858789,0.90096676040809,0.885855307280085,0.875786804637039,0.862741126017697,0.877605030291637,0.886379140042194,0.922052598410895,0.895935422543573,0.878571046148037,0.777265925191323,0.723342742066646,0.628647916857524,0.597023148850543,0,100000,2397.71955893388,97861.7106551905,3908802.17691752,39.0880217691752,2023,"Males","GMoH report",34.1518182308248
0,1,0.0241163,0.0132522,0.0131367,0.0144487,0.0190554,0.0249571,0.0260263,0.0290452,0.0280836,0.0242154,0.0175272,0.0213128,0.0245682,0.0508856,0.0652299,0.0858696,0.105755,0.230738,0.106944202423,0.0236078529140729,0.0516401098719109,0.0635949311692716,0.0697249140846624,0.0909445385979992,0.117457032721656,0.12218165873797,0.135394592457858,0.131206147584257,0.114165586633583,0.0839571649463795,0.101173285027182,0.115732643189009,0.225714017036694,0.28042006758379,0.353467679393813,0.418206443831499,1,0.976392147085927,0.948359890128089,0.936405068830728,0.930275085915338,0.909055461402001,0.882542967278344,0.87781834126203,0.864605407542142,0.868793852415743,0.885834413366417,0.91604283505362,0.898826714972818,0.884267356810991,0.774285982963306,0.71957993241621,0.646532320606187,0.581793556168501,0,100000,2360.78529140729,97891.6870086742,3907441.55120176,39.0744155120176,2023,"Males","GMoH report",34.1654244879824
0,1,0.0233355,0.0113732,0.0131494,0.0131577,0.0176142,0.0226467,0.0242228,0.0261438,0.0246133,0.022991,0.0152096,0.0215343,0.0244789,0.0476215,0.0605449,0.0815643,0.10274,0.242144,0.104398630455,0.022857788097574,0.0444810169950244,0.0636544552648509,0.0636933548618361,0.0843563269639778,0.107166103509148,0.114198482495519,0.122699426813202,0.115932779307667,0.108706804636505,0.0732622752460444,0.102171045155756,0.115336239327797,0.21277574915414,0.262927241187559,0.338747286707092,0.408720213231491,1,0.977142211902426,0.955518983004976,0.936345544735149,0.936306645138164,0.915643673036022,0.892833896490852,0.885801517504481,0.877300573186798,0.884067220692333,0.891293195363495,0.926737724753956,0.897828954844244,0.884663760672203,0.78722425084586,0.737072758812441,0.661252713292908,0.591279786768509,0,100000,2285.77880975739,97952.8533675043,4081073.49886415,40.8107349886415,2023,"Males","GMoH report",32.4291050113585
0,1,0.0248494,0.0131188,0.0143564,0.0147231,0.0181715,0.024712,0.0264422,0.0296585,0.027601,0.0232943,0.0174604,0.0218028,0.0269967,0.0509489,0.0671249,0.0875884,0.105832,0.243838,0.109334262374,0.0243113292814858,0.051133577643228,0.06929493547101,0.0710020734316463,0.086909318306006,0.116370622916235,0.12401305499315,0.138056153898969,0.129096985273655,0.110061959256243,0.0836505690120548,0.103379114600472,0.126449220801941,0.225963074751929,0.287395940571783,0.359271877673874,0.418447231491879,1,0.975688670718514,0.948866422356772,0.93070506452899,0.928997926568354,0.913090681693994,0.883629377083765,0.87598694500685,0.861943846101031,0.870903014726345,0.889938040743757,0.916349430987945,0.896620885399528,0.873550779198059,0.774036925248071,0.712604059428217,0.640728122326126,0.581552768508121,0,100000,2431.13292814858,97834.6731972837,3885622.83027219,38.856228302722,2023,"Males","GMoH report",34.383611697278
0,1,0.026102,0.0132876,0.0144586,0.0142046,0.0202683,0.0260344,0.0273581,0.0301278,0.0288741,0.0256842,0.0161004,0.0210983,0.025303,0.0505622,0.0675083,0.0896747,0.10423,0.248255,0.11341800142,0.0255116212023725,0.0517744827656074,0.069771021761884,0.0685873599665479,0.096454098488989,0.122217360851612,0.128033609284579,0.140087666967817,0.134650705183642,0.120672554912773,0.0773870921537206,0.100206056400608,0.118988109653588,0.224440487905998,0.28880043413133,0.366262337016799,0.413422446105944,1,0.974488378797628,0.948225517234393,0.930228978238116,0.931412640033452,0.903545901511011,0.877782639148388,0.871966390715421,0.859912333032183,0.865349294816357,0.879327445087227,0.922612907846279,0.899793943599392,0.881011890346412,0.775559512094002,0.71119956586867,0.633737662983201,0.586577553894056,0,100000,2551.16212023725,97738.1855887385,3827356.04342726,38.2735604342726,2023,"Males","GMoH report",34.9662795657274
0,1,0.0243364,0.0138975,0.014748,0.0146113,0.019927,0.0263473,0.0290695,0.0329522,0.027681,0.0262779,0.0165376,0.0224787,0.0259292,0.0538681,0.0702008,0.0882298,0.104571,0.245401,0.107661774644,0.0238191364866122,0.0540866612505412,0.0711178836305419,0.0704819188478462,0.0949069719260729,0.123595481899381,0.135500192859199,0.152220961113028,0.129446947608147,0.123289994625572,0.0794050765165017,0.106413412084444,0.121753568433439,0.237373369047087,0.298599236751618,0.361427344254693,0.414494689548151,1,0.976180863513388,0.945913338749459,0.928882116369458,0.929518081152154,0.905093028073927,0.876404518100619,0.864499807140801,0.847779038886972,0.870553052391853,0.876710005374428,0.920594923483498,0.893586587915556,0.878246431566561,0.762626630952913,0.701400763248382,0.638572655745307,0.585505310451849,0,100000,2381.91364866123,97874.5274018024,3776037.24402896,37.7603724402896,2023,"Males","GMoH report",35.4794675597104
0,1,0.0238034,0.0125242,0.0135275,0.012512,0.0176249,0.0231443,0.0248844,0.0283364,0.0243673,0.0217204,0.0160241,0.0203937,0.0246505,0.0472258,0.0622672,0.0837463,0.0941468,0.241353,0.105924082714,0.0233073714329538,0.0488726190880353,0.0654249112815955,0.0606624776976185,0.0844054078193134,0.109391997009058,0.117134919521639,0.132309091639188,0.114840610951881,0.103008533616112,0.0770344794928948,0.0970219106518485,0.116097826330123,0.211194434668125,0.269399170003842,0.346240581064909,0.381047899126332,1,0.976692628567046,0.951127380911965,0.934575088718404,0.939337522302382,0.915594592180687,0.890608002990942,0.882865080478361,0.867690908360812,0.885159389048119,0.896991466383888,0.922965520507105,0.902978089348151,0.883902173669877,0.788805565331875,0.730600829996158,0.653759418935091,0.618952100873668,0,100000,2330.73714329538,97916.1440506556,4044793.22605703,40.4479322605703,2023,"Males","GMoH report",32.7919077394297
0,1,0.0238941,0.0118546,0.0124778,0.0129214,0.0173362,0.02152,0.0236146,0.0264849,0.0238823,0.0227131,0.0146343,0.0184369,0.0247591,0.0446709,0.061437,0.0787217,0.0958004,0.238635,0.106219783761,0.0233944856367125,0.0463201854589174,0.0605016803328567,0.0625852765199382,0.0830802599918243,0.102106661605618,0.111490963720325,0.124200880265632,0.112683638830874,0.107463430870725,0.0705889503111537,0.0881227253141394,0.116579491763684,0.200916677929678,0.266285538437533,0.328882939712154,0.386447449417144,1,0.976605514363287,0.953679814541083,0.939498319667143,0.937414723480062,0.916919740008176,0.897893338394382,0.888509036279675,0.875799119734368,0.887316361169126,0.892536569129275,0.929411049688846,0.911877274685861,0.883420508236316,0.799083322070322,0.733714461562467,0.671117060287846,0.613552550582856,0,100000,2339.44856367125,97909.0471568819,4130706.71383189,41.3070671383189,2023,"Males","GMoH report",31.9327728616811
0,1,0.0229733,0.011948,0.0112391,0.0127137,0.0161464,0.0209441,0.0226538,0.0246704,0.0216414,0.0207439,0.0145565,0.0196184,0.0239533,0.0438078,0.0525616,0.0758293,0.0890886,0.229158,0.103447928515,0.0225096736606006,0.0466766155937712,0.0546596858129492,0.0616102639674913,0.0775996139820025,0.0995101249785898,0.107197900503911,0.116186105742242,0.102653107593325,0.0986058264897007,0.0702268568940542,0.0935059091784345,0.11299971010958,0.197417891258333,0.232284842549611,0.318724803201484,0.364304545229637,1,0.977490326339399,0.953323384406229,0.945340314187051,0.938389736032509,0.922400386017997,0.90048987502141,0.892802099496089,0.883813894257758,0.897346892406675,0.901394173510299,0.929773143105946,0.906494090821566,0.88700028989042,0.802582108741667,0.767715157450389,0.681275196798516,0.635695454770363,0,100000,2250.96736606007,97981.8905451137,4244210.35321654,42.4421035321654,2023,"Males","GMoH report",30.7977364678346
0,1,0.0250328,0.0129674,0.0134591,0.0138959,0.0188601,0.0262767,0.0256309,0.0293836,0.0253314,0.0232489,0.0166836,0.0217385,0.0257822,0.0479469,0.0699639,0.0943611,0.0955308,0.239566,0.109932184888,0.0244872033260277,0.050558378563628,0.0651048676882429,0.0671468357140044,0.0900544119623712,0.123284711550033,0.12043721449735,0.136864100072755,0.119113707570144,0.109859234129138,0.0800780256290384,0.103089947917963,0.121105109607682,0.214074034221467,0.29774159249253,0.381749696729779,0.385569575089984,1,0.975512796673972,0.949441621436372,0.934895132311757,0.932853164285996,0.909945588037629,0.876715288449967,0.87956278550265,0.863135899927244,0.880886292429856,0.890140765870862,0.919921974370962,0.896910052082037,0.878894890392318,0.785925965778533,0.70225840750747,0.618250303270221,0.614430424910016,0,100000,2448.72033260277,97820.4728437399,3917738.02422415,39.1773802422415,2023,"Males","GMoH report",34.0624597577585
0,1,0.0233667,0.0121441,0.0129915,0.0130987,0.0171591,0.0231018,0.0251432,0.0273672,0.0255044,0.0218215,0.0168254,0.021689,0.0250252,0.0471585,0.0581632,0.0859219,0.0953459,0.229973,0.104500349007,0.0228877762192319,0.0474245432096162,0.0629141277726055,0.0634168057173746,0.082266454213752,0.109202088008134,0.118281087407725,0.128073469372474,0.11987843133937,0.103463194739955,0.0807311646555128,0.102867278966252,0.117758664662707,0.210925208846528,0.253897301223669,0.353644896432945,0.384966949358014,1,0.977112223780768,0.952575456790384,0.937085872227394,0.936583194282625,0.917733545786248,0.890797911991866,0.881718912592275,0.871926530627526,0.88012156866063,0.896536805260045,0.919268835344487,0.897132721033748,0.882241335337293,0.789074791153472,0.746102698776331,0.646355103567055,0.615033050641986,0,100000,2288.7776219232,97950.4004383672,4052203.75066849,40.5220375066849,2023,"Males","GMoH report",32.7178024933151
0,1,0.0238163,0.0131663,0.0139314,0.0146933,0.0189303,0.0264887,0.0257677,0.0297628,0.0263083,0.0233191,0.0165603,0.0229561,0.0259998,0.0512536,0.0634373,0.0875479,0.103577,0.240764,0.105966139423,0.0233197621311052,0.0513139697599004,0.0673126030061986,0.0708634549919181,0.0903744608590021,0.124217593572819,0.121041121719661,0.138508032803211,0.123423822618513,0.110172680609025,0.0795097372457241,0.108550745573831,0.122064846039834,0.227160957829478,0.273768641410607,0.359135584421551,0.411365094116689,1,0.976680237868895,0.9486860302401,0.932687396993801,0.929136545008082,0.909625539140998,0.875782406427181,0.878958878280339,0.861491967196789,0.876576177381487,0.889827319390975,0.920490262754276,0.891449254426169,0.877935153960166,0.772839042170522,0.726231358589393,0.640864415578449,0.588634905883311,0,100000,2331.97621311052,97915.1343034191,3887107.12360727,38.8710712360727,2023,"Males","GMoH report",34.3687687639273
0,1,0.0247384,0.0127395,0.0145896,0.0144025,0.0186921,0.0249945,0.0262896,0.0295158,0.0252317,0.0244938,0.0160282,0.0202261,0.0251433,0.0487233,0.0633409,0.0821387,0.10623,0.239157,0.108972379064,0.0242048619653675,0.0496919000779148,0.0703809261013783,0.0695097157956335,0.0892880472308888,0.117622698646688,0.123341503053323,0.137437551773416,0.118672714193227,0.115402392213973,0.0770534305126431,0.096262940355204,0.118281530015879,0.217164118734195,0.273409491801825,0.340726434115328,0.419690654445608,1,0.975795138034632,0.950308099922085,0.929619073898622,0.930490284204367,0.910711952769111,0.882377301353312,0.876658496946677,0.862562448226584,0.881327285806773,0.884597607786027,0.922946569487357,0.903737059644796,0.881718469984121,0.782835881265805,0.726590508198175,0.659273565884672,0.580309345554392,0,100000,2420.48619653676,97843.2799427914,3916405.24133638,39.1640524133638,2023,"Males","GMoH report",34.0757875866362
0,1,0.0253959,0.0124922,0.014095,0.0143273,0.0187554,0.0250427,0.0261594,0.0291344,0.0275785,0.025413,0.0157934,0.0212494,0.0243936,0.0487036,0.0657253,0.0890708,0.102425,0.236365,0.111115967139,0.0248352684024781,0.0487507907437421,0.0680761660971516,0.0691593336958487,0.089576874710153,0.117836160931596,0.122768147317647,0.135782169874986,0.128998534771978,0.119474487145433,0.0759675358002316,0.100887502747778,0.114957435738899,0.217085844642209,0.282249214290055,0.364245013196453,0.40772254565358,1,0.975164731597522,0.951249209256258,0.931923833902848,0.930840666304151,0.910423125289847,0.882163839068404,0.877231852682353,0.864217830125014,0.871001465228022,0.880525512854567,0.924032464199768,0.899112497252222,0.885042564261101,0.782914155357791,0.717750785709945,0.635754986803547,0.59227745434642,0,100000,2483.52684024781,97792.432646522,3906345.67263098,39.0634567263098,2023,"Males","GMoH report",34.1763832736902
0,1,0.0244091,0.0119168,0.0120099,0.012761,0.0168018,0.0221514,0.0239031,0.0263467,0.0237222,0.0226024,0.014874,0.0193616,0.0237939,0.0462962,0.0602498,0.08425,0.0946324,0.224618,0.107898791911,0.0238889097312986,0.0465575656044107,0.0582990845608322,0.0618323921106888,0.0806224925132281,0.104945287401629,0.112776245325878,0.123592841225228,0.111970531636058,0.106967684045334,0.0717036979902332,0.0923384496816113,0.112289959813013,0.207468492897766,0.261813476073211,0.347960764068147,0.382637287812121,1,0.976111090268701,0.953442434395589,0.941700915439168,0.938167607889311,0.919377507486772,0.895054712598371,0.887223754674122,0.876407158774772,0.888029468363942,0.893032315954666,0.928296302009767,0.907661550318389,0.887710040186987,0.792531507102234,0.738186523926789,0.652039235931853,0.617362712187879,0,100000,2388.89097312986,97868.8674768779,4133885.13467115,41.3388513467115,2023,"Males","GMoH report",31.9009886532885
0,1,0.0237388,0.011141,0.0122248,0.0123136,0.01695,0.0217071,0.024253,0.0252881,0.0220406,0.0215713,0.0144976,0.0198426,0.0248837,0.0417658,0.0564452,0.0730051,0.0944006,0.227034,0.105713473148,0.0232453184173369,0.0435926681678832,0.0593113272175764,0.0597292934310195,0.0813047127952992,0.102948705392914,0.114332721277162,0.118922208263057,0.104447771138606,0.102337611692257,0.0699526366377031,0.0945239954211412,0.117131817483231,0.189085710120611,0.247325199169583,0.308686312261749,0.381878986392816,1,0.976754681582663,0.956407331832117,0.940688672782424,0.94027070656898,0.918695287204701,0.897051294607086,0.885667278722838,0.881077791736943,0.895552228861394,0.897662388307743,0.930047363362297,0.905476004578859,0.882868182516769,0.810914289879389,0.752674800830417,0.691313687738251,0.618121013607184,0,100000,2324.5318417337,97921.2024926991,4192174.30166307,41.9217430166307,2023,"Males","GMoH report",31.3180969833693
0,1,0.0227941,0.011471,0.012362,0.0120193,0.0154172,0.021654,0.0232586,0.0250931,0.0229194,0.0221893,0.0150693,0.0192624,0.0242915,0.0437718,0.0586466,0.0763648,0.0906849,0.231032,0.103805513155,0.0223377849191017,0.0448549380121258,0.0599570280481713,0.0583433834288831,0.0742251404130595,0.102709804721407,0.109902551300789,0.118059314536039,0.108386609836295,0.105115406761848,0.0726110073667217,0.0918870855101721,0.114503825789581,0.19727166079503,0.25573764201021,0.320614789337919,0.369625802628122,1,0.977662215080898,0.955145061987874,0.940042971951829,0.941656616571117,0.925774859586941,0.897290195278593,0.890097448699211,0.881940685463961,0.891613390163705,0.894884593238152,0.927388992633278,0.908112914489828,0.885496174210419,0.80272833920497,0.74426235798979,0.679385210662081,0.630374197371877,0,100000,2233.77849191017,97998.1000307172,4208937.2656803,42.089372656803,2023,"Males","GMoH report",31.150467343197
0,1,0.025116,0.0131238,0.0134051,0.0133271,0.0184054,0.0257232,0.0251529,0.0305134,0.0250747,0.0226504,0.0149326,0.0206377,0.0251649,0.0472563,0.0676301,0.0903538,0.100553,0.240352,0.11020343436,0.0245669740567429,0.051152567859842,0.0648521268847433,0.0644869402465989,0.0879787880366745,0.120844717882418,0.118324019429245,0.141753543559852,0.117977851892856,0.107182673907324,0.0719760269499191,0.0981257742708274,0.118377128497672,0.211316419690455,0.289246137064316,0.368524930366605,0.401767644984647,1,0.975433025943257,0.948847432140158,0.935147873115257,0.935513059753401,0.912021211963326,0.879155282117583,0.881675980570755,0.858246456440148,0.882022148107144,0.892817326092676,0.928023973050081,0.901874225729173,0.881622871502328,0.788683580309545,0.710753862935684,0.631475069633395,0.598232355015353,0,100000,2456.69740567429,97814.0390856143,3950260.93850476,39.5026093850476,2023,"Males","GMoH report",33.7372306149524
0,1,0.0230893,0.0120857,0.0118678,0.013385,0.01635,0.022595,0.0238313,0.0268618,0.024519,0.0229927,0.0158606,0.0192635,0.0240777,0.0467451,0.0559123,0.0817135,0.0910342,0.239298,0.103595966753,0.0226211032966851,0.0472018648441071,0.0576291713020537,0.0647580342779733,0.078539690164525,0.106934535429903,0.112456536362463,0.125857127529332,0.115514264379215,0.108714405709602,0.0762784452290022,0.0918920917275174,0.113553247435553,0.209269670780944,0.245276558671481,0.33926182263939,0.370785578682707,1,0.977378896703315,0.952798135155893,0.942370828697946,0.935241965722027,0.921460309835475,0.893065464570097,0.887543463637537,0.874142872470668,0.884485735620785,0.891285594290398,0.923721554770998,0.908107908272483,0.886446752564447,0.790730329219056,0.754723441328519,0.66073817736061,0.629214421317293,0,100000,2262.1103296685,97972.2351768355,4119746.88999612,41.1974688999613,2023,"Males","GMoH report",32.0423711000387
0,1,0.0245065,0.0129362,0.0135967,0.0140201,0.0193743,0.0246662,0.024857,0.0293132,0.0260239,0.0245981,0.0155342,0.0210387,0.0254358,0.0461916,0.0666554,0.0843663,0.0993291,0.244026,0.108216336365,0.0239823772244158,0.0504398012852281,0.0657485903538399,0.0677266635122304,0.092396219796969,0.116167474595341,0.117013489244616,0.136558577746969,0.122171080073207,0.115865332416702,0.074767371734986,0.0999371316698441,0.119575268465888,0.207048272535834,0.285672896959941,0.348357431142505,0.397850235445921,1,0.976017622775584,0.949560198714772,0.93425140964616,0.93227333648777,0.907603780203031,0.883832525404659,0.882986510755384,0.863441422253031,0.877828919926793,0.884134667583298,0.925232628265014,0.900062868330156,0.880424731534112,0.792951727464166,0.714327103040059,0.651642568857495,0.602149764554079,0,100000,2398.23772244158,97861.2907776134,3938923.25012293,39.3892325012293,2023,"Males","GMoH report",33.8506074987707
0,1,0.0237922,0.0111254,0.0124186,0.0135397,0.0174369,0.0229774,0.0222999,0.0250248,0.0231835,0.0209208,0.0150184,0.0210128,0.0243097,0.0433477,0.0595315,0.0782121,0.0942208,0.234754,0.105887568362,0.0232966134303171,0.043532956882988,0.0602232779995859,0.0654819839546239,0.0835426863317546,0.108645993852154,0.105611675494122,0.117756893244818,0.109567126317543,0.0994049236816047,0.0723746224263792,0.0998202429949873,0.114584700750419,0.195547196929182,0.259096492841078,0.327102137315221,0.381290305871384,1,0.976703386569683,0.956467043117012,0.939776722000414,0.934518016045376,0.916457313668245,0.891354006147846,0.894388324505878,0.882243106755182,0.890432873682457,0.900595076318395,0.927625377573621,0.900179757005013,0.885415299249581,0.804452803070818,0.740903507158922,0.672897862684779,0.618709694128616,0,100000,2329.66134303171,97917.0208316889,4151047.83371616,41.5104783371616,2023,"Males","GMoH report",31.7293616628384
0,1,0.0258742,0.0141195,0.0148455,0.0152622,0.0198728,0.0266168,0.0283107,0.0311863,0.0300818,0.0267313,0.0169539,0.0214272,0.0273565,0.0572939,0.0704623,0.0913216,0.109214,0.262139,0.112675325582,0.0252934913830418,0.0549269187416544,0.0715712235036899,0.0735063292541435,0.0946610497274413,0.124780833759946,0.132197024262994,0.144653482728927,0.13988873744483,0.12528399018305,0.0813226594115081,0.101688737698943,0.128026600742003,0.250578019956094,0.299544936969445,0.371738592400578,0.428951285706992,1,0.974706508616958,0.945073081258346,0.92842877649631,0.926493670745856,0.905338950272559,0.875219166240054,0.867802975737006,0.855346517271073,0.86011126255517,0.87471600981695,0.918677340588492,0.898311262301057,0.871973399257997,0.749421980043906,0.700455063030555,0.628261407599422,0.571048714293009,0,100000,2529.34913830418,97755.6460993648,3749090.05557805,37.4909005557805,2023,"Males","GMoH report",35.7489394442195
0,1,0.0235634,0.0115982,0.0122034,0.0134489,0.0157139,0.0233381,0.0236827,0.026304,0.0236328,0.0212895,0.0140666,0.0212128,0.0239032,0.0452599,0.0598668,0.08085,0.0954171,0.241395,0.105141632314,0.0230768046736902,0.045341050848107,0.0592105741971075,0.0650571328161715,0.0755995890442922,0.110257498675409,0.111794510372975,0.123404894160036,0.111572097344682,0.101068267782606,0.067943659305049,0.100722485166643,0.11277669052746,0.203296546578751,0.260365827670099,0.336279505043153,0.38519905752143,1,0.97692319532631,0.954658949151893,0.940789425802892,0.934942867183829,0.924400410955708,0.889742501324591,0.888205489627025,0.876595105839964,0.888427902655318,0.898931732217394,0.932056340694951,0.899277514833357,0.88722330947254,0.796703453421249,0.739634172329901,0.663720494956847,0.61480094247857,0,100000,2307.68046736902,97934.9528238293,4138176.44283843,41.3817644283843,2023,"Males","GMoH report",31.8580755716157
0,1,0.0229274,0.0112337,0.0120751,0.012128,0.0151777,0.0224534,0.0231891,0.0246466,0.0224,0.0214037,0.0153063,0.0196977,0.0234052,0.0426851,0.0528796,0.077061,0.0923383,0.227191,0.10353951967,0.0224656520406811,0.0439474158295903,0.0586063074425026,0.0588555012035096,0.0731142351817065,0.106300008474307,0.109592142141657,0.116080524370147,0.106060606060606,0.101582876467387,0.0737108972341619,0.0938661326950326,0.11055697946081,0.192846337046356,0.233526085078683,0.323065603769749,0.375101023016085,1,0.977534347959319,0.95605258417041,0.941393692557497,0.94114449879649,0.926885764818293,0.893699991525693,0.890407857858343,0.883919475629853,0.893939393939394,0.898417123532613,0.926289102765838,0.906133867304967,0.88944302053919,0.807153662953644,0.766473914921317,0.676934396230251,0.624898976983915,0,100000,2246.5652040681,97986.0430780684,4229574.57733429,42.2957457733429,2023,"Males","GMoH report",30.9440942266571
0,1,0.0250005,0.0139088,0.0145415,0.0152252,0.0205485,0.0268294,0.0272428,0.030828,0.0285599,0.0253456,0.0181642,0.0226836,0.025993,0.0539396,0.0700794,0.0878432,0.0946136,0.247987,0.109826880105,0.0244562321040366,0.0541294486492545,0.0701570289102539,0.0733346627324161,0.0977223792261772,0.125714864065128,0.127528421777968,0.143110475642252,0.133283118649225,0.119176500238865,0.0868759209898886,0.107331346662137,0.122034869117568,0.237651000265234,0.298159842784006,0.36012882827925,0.382575812715219,1,0.975543767895963,0.945870551350745,0.929842971089746,0.926665337267584,0.902277620773823,0.874285135934872,0.872471578222032,0.856889524357748,0.866716881350775,0.880823499761135,0.913124079010111,0.892668653337863,0.877965130882432,0.762348999734766,0.701840157215994,0.63987117172075,0.617424187284781,0,100000,2445.62321040366,97822.9719567073,3780067.1129254,37.800671129254,2023,"Males","GMoH report",35.439168870746
0,1,0.0245331,0.0131444,0.0145253,0.0142692,0.0192197,0.0268156,0.0268781,0.0315634,0.0286624,0.0257979,0.0159611,0.0213067,0.0272346,0.0549572,0.0678271,0.0904101,0.100737,0.260712,0.108303057951,0.0240079009912273,0.0512308036490313,0.0700816090115609,0.0688885391431465,0.0916927329512425,0.125654263808539,0.125928690181108,0.146274684090449,0.133729480355637,0.121174388131083,0.0767432339225952,0.101145792364565,0.127492483052637,0.241592835545849,0.289966528232332,0.368712226766945,0.402354928834897,1,0.975992099008773,0.948769196350969,0.929918390988439,0.931111460856853,0.908307267048758,0.874345736191461,0.874071309818892,0.853725315909551,0.866270519644364,0.878825611868917,0.923256766077405,0.898854207635435,0.872507516947363,0.758407164454151,0.710033471767668,0.631287773233055,0.597645071165103,0,100000,2400.79009912274,97859.2228101107,3822350.85481809,38.2235085481809,2023,"Males","GMoH report",35.0163314518191
0,1,0.0239901,0.0122018,0.0131647,0.0139732,0.0180326,0.0233205,0.0258826,0.0269778,0.0254156,0.0251679,0.0153179,0.0200976,0.0248022,0.0474002,0.0626505,0.0839203,0.104731,0.235833,0.106532763921,0.0234866778949115,0.0476445026159611,0.06372616053598,0.067507751709531,0.0862736542556729,0.110178930621125,0.121548051035661,0.126366288832815,0.119485980297855,0.118390405296355,0.0737646992821644,0.0956806227886091,0.116770581696611,0.211891724679605,0.270832950575002,0.346835212327319,0.414997295589136,1,0.976513322105089,0.952355497384039,0.93627383946402,0.932492248290469,0.913726345744327,0.889821069378875,0.878451948964339,0.873633711167185,0.880514019702145,0.881609594703645,0.926235300717836,0.904319377211391,0.883229418303389,0.788108275320396,0.729167049424998,0.653164787672681,0.585002704410864,0,100000,2348.66778949114,97901.5422816556,4005252.11399376,40.0525211399376,2023,"Males","GMoH report",33.1873188600624
0,1,0.0251032,0.0135006,0.014031,0.0143232,0.0187706,0.0258483,0.0286195,0.0300557,0.0254447,0.0245601,0.016193,0.0216629,0.0270953,0.0498729,0.0667727,0.0856464,0.105914,0.245811,0.110161703672,0.0245547022490684,0.0525826065247051,0.0677775335663272,0.0691402267601718,0.089646216807006,0.121396750908716,0.133542687628538,0.139775847640201,0.119614605611493,0.115696694060511,0.0778148599327716,0.10274985065084,0.126881752152271,0.221719956903383,0.286103707436189,0.352710943600117,0.418703574125247,1,0.975445297750932,0.947417393475295,0.932222466433673,0.930859773239828,0.910353783192994,0.878603249091284,0.866457312371462,0.860224152359799,0.880385394388507,0.884303305939489,0.922185140067228,0.89725014934916,0.873118247847729,0.778280043096617,0.713896292563811,0.647289056399883,0.581296425874753,0,100000,2455.47022490684,97815.0285583848,3864417.13369328,38.6441713369328,2023,"Males","GMoH report",34.5956686630672
0,1,0.023248,0.01104,0.0119951,0.012864,0.0166058,0.0221585,0.0231087,0.0265192,0.0238811,0.0204833,0.0148902,0.0198072,0.0258014,0.0441305,0.0586204,0.0775771,0.0963916,0.238087,0.10411336208,0.0227736795370217,0.0432060112711334,0.0582293333100321,0.0623159200124012,0.0797194854224305,0.10497715905282,0.109232922887192,0.124351729066359,0.112678295871177,0.0974274126939167,0.0717789911644093,0.0943633172561119,0.121189831691488,0.198727626226976,0.255637996042043,0.324877805070637,0.388369182717838,1,0.977226320462978,0.956793988728867,0.941770666689968,0.937684079987599,0.920280514577569,0.89502284094718,0.890767077112808,0.875648270933642,0.887321704128823,0.902572587306083,0.928221008835591,0.905636682743888,0.878810168308512,0.801272373773024,0.744362003957957,0.675122194929363,0.611630817282162,0,100000,2277.36795370217,97959.736480651,4170155.12303062,41.7015512303062,2023,"Males","GMoH report",31.5382887696938
0,1,0.0229641,0.0115833,0.0115952,0.012847,0.0171688,0.0215302,0.0227575,0.0252069,0.0222601,0.0204728,0.0147292,0.0184816,0.0247125,0.0448494,0.0559015,0.0782944,0.093306,0.225002,0.103466286655,0.0225008504689204,0.0452841208851032,0.056342736747173,0.0622361310606593,0.0823110453130723,0.102152585983163,0.107662194047415,0.118562986630744,0.105433120486638,0.0973799018628553,0.0710304458909573,0.088326941973076,0.116372840450893,0.201638577010557,0.245234990452982,0.327389992439803,0.378288526796755,1,0.97749914953108,0.954715879114897,0.943657263252827,0.937763868939341,0.917688954686928,0.897847414016837,0.892337805952585,0.881437013369256,0.894566879513362,0.902620098137145,0.928969554109043,0.911673058026924,0.883627159549107,0.798361422989443,0.754765009547018,0.672610007560197,0.621711473203245,0,100000,2250.08504689204,97982.7228975678,4206591.83087474,42.0659183087474,2023,"Males","GMoH report",31.1739216912526
0,1,0.0254182,0.0131409,0.013975,0.0132547,0.0190644,0.0255722,0.0267166,0.0281642,0.0267806,0.0240299,0.0163409,0.0212245,0.0257675,0.0474531,0.0632995,0.08801,0.0990886,0.234881,0.111188669822,0.0248566392010791,0.0512175116035381,0.0675161543571472,0.0641478487721979,0.0909855382609451,0.120177962752266,0.125219407916167,0.131557939687625,0.125500549931276,0.113340592255405,0.0784976926360105,0.100775239806801,0.12104023909763,0.212103123210008,0.273255205326144,0.360689330136678,0.397078194132264,1,0.975143360798921,0.948782488396462,0.932483845642853,0.935852151227802,0.909014461739055,0.879822037247734,0.874780592083833,0.868442060312375,0.874499450068724,0.886659407744595,0.921502307363989,0.899224760193199,0.87895976090237,0.787896876789992,0.726744794673856,0.639310669863322,0.602921805867736,0,100000,2485.66392010791,97790.7137447934,3918293.30069282,39.1829330069282,2023,"Males","GMoH report",34.0569069930718
0,1,0.0231867,0.0116981,0.012854,0.0128903,0.017696,0.0232462,0.0234148,0.0283091,0.0231643,0.0224992,0.0155011,0.0205625,0.0255616,0.0476057,0.0603744,0.0852916,0.0942249,0.236772,0.103913511207,0.0227147491026517,0.0457226634220451,0.0622689861306903,0.0624393452691914,0.0847314793534053,0.109847176418831,0.110599818428643,0.132190046861017,0.109481352751165,0.106505290424219,0.0746140022252649,0.0977857036706791,0.120131139651698,0.212712662059487,0.262283915004831,0.351506599331206,0.381303734392986,1,0.977285250897348,0.954277336577955,0.93773101386931,0.937560654730809,0.915268520646595,0.890152823581169,0.889400181571357,0.867809953138983,0.890518647248835,0.893494709575781,0.925385997774735,0.902214296329321,0.879868860348302,0.787287337940513,0.737716084995169,0.648493400668794,0.618696265607014,0,100000,2271.47491026517,97964.5620232791,4080985.18763815,40.8098518763815,2023,"Males","GMoH report",32.4299881236185
0,1,0.0235147,0.0122792,0.0125283,0.0127949,0.0171646,0.0233167,0.0247413,0.0264262,0.0236929,0.0223423,0.0155985,0.0199137,0.0246105,0.0456194,0.0606151,0.0851122,0.0902677,0.235212,0.104982860087,0.0230300090581573,0.0479394830006762,0.0607391056565089,0.0619915604577479,0.0822917380813233,0.110161966206389,0.116500561635989,0.12394266581181,0.111839967108252,0.105801857876893,0.0750652372421941,0.0948466315816798,0.115920355243217,0.204746023175831,0.263191979594243,0.350896967753027,0.368238413421892,1,0.976969990941843,0.952060516999324,0.939260894343491,0.938008439542252,0.917708261918677,0.889838033793611,0.883499438364011,0.87605733418819,0.888160032891748,0.894198142123107,0.924934762757806,0.90515336841832,0.884079644756783,0.795253976824169,0.736808020405757,0.649103032246973,0.631761586578108,0,100000,2303.00090581573,97938.7747160598,4091592.27080699,40.9159227080699,2023,"Males","GMoH report",32.3239172919301
0,1,0.0245652,0.0128929,0.013441,0.0146392,0.019134,0.0256262,0.026243,0.0277551,0.0260796,0.0244163,0.0175547,0.0211546,0.0255491,0.050133,0.0646749,0.0891631,0.108659,0.246263,0.108407710692,0.0240387009368237,0.0502752134022522,0.0650201600712073,0.0706117511320686,0.0913025428621873,0.120416459325107,0.123136333030689,0.129770983443564,0.122416562539019,0.115058257658813,0.0840833548275232,0.100460021094391,0.120075920733941,0.222747499072496,0.278366229809271,0.364553663185142,0.427237107767679,1,0.975961299063176,0.949724786597748,0.934979839928793,0.929388248867931,0.908697457137813,0.879583540674893,0.876863666969311,0.870229016556436,0.877583437460981,0.884941742341187,0.915916645172477,0.899539978905609,0.879924079266059,0.777252500927504,0.721633770190729,0.635446336814858,0.572762892232321,0,100000,2403.87009368237,97856.7279599747,3909718.88689515,39.0971888689515,2023,"Males","GMoH report",34.1426511310485
0,1,0.0241848,0.0121443,0.0139262,0.0135477,0.0181462,0.0255075,0.0263546,0.0291763,0.0260509,0.0233051,0.0160292,0.0213651,0.0248539,0.0503295,0.0660856,0.0840816,0.102924,0.240976,0.107167526808,0.0236736162019813,0.0474253057195013,0.0672883233774523,0.0655194068302157,0.0867935664607259,0.119892128810891,0.123627609506265,0.135964171367338,0.122290083180202,0.110110178214248,0.0770580526559193,0.101408968137133,0.116999749796342,0.223522998160236,0.283577093993035,0.347386060531943,0.40930239956733,1,0.976326383798019,0.952574694280499,0.932711676622548,0.934480593169784,0.913206433539274,0.880107871189109,0.876372390493735,0.864035828632662,0.877709916819798,0.889889821785752,0.922941947344081,0.898591031862867,0.883000250203658,0.776477001839764,0.716422906006965,0.652613939468057,0.59069760043267,0,100000,2367.36162019812,97886.3426696987,3946057.80940787,39.4605780940787,2023,"Males","GMoH report",33.7792619059213
0,1,0.0238356,0.0110616,0.0126602,0.0134664,0.0178541,0.0230023,0.0231322,0.0257415,0.0238588,0.0210609,0.0152475,0.0209075,0.0239939,0.0445682,0.0580728,0.0819099,0.0919877,0.232894,0.106029061476,0.0233382997214906,0.0432887150981408,0.0613589582906226,0.0651390294350399,0.0854561436635419,0.108757328269846,0.109337932683922,0.12092549117246,0.112579000365216,0.100037310517315,0.0734381302717054,0.099344867934166,0.113180401887857,0.200501070476926,0.253552710398871,0.339938648282594,0.373943088414609,1,0.976661700278509,0.956711284901859,0.938641041709377,0.93486097056496,0.914543856336458,0.891242671730154,0.890662067316078,0.87907450882754,0.887420999634784,0.899962689482685,0.926561869728295,0.900655132065834,0.886819598112143,0.799498929523074,0.746447289601129,0.660061351717406,0.626056911585391,0,100000,2333.82997214906,97913.6238294425,4122884.19356742,41.2288419356742,2023,"Males","GMoH report",32.0109980643258
0,1,0.0248135,0.0132408,0.0143612,0.0149773,0.0181757,0.0265188,0.0265654,0.0297559,0.0282249,0.0250339,0.0162243,0.0226772,0.0254938,0.0512249,0.0643706,0.0878965,0.103789,0.237263,0.109217220835,0.0242768970982413,0.0515968332993012,0.0693173009442004,0.0721837073979709,0.0869285326717932,0.124349970036491,0.124554874821071,0.138478145384391,0.131822787511889,0.117797192176906,0.0779594079442262,0.107302688671166,0.119831593315813,0.227048197029907,0.277238050815448,0.360307975154567,0.412033609308659,1,0.975723102901759,0.948403166700699,0.9306826990558,0.927816292602029,0.913071467328207,0.875650029963509,0.875445125178929,0.861521854615608,0.868177212488111,0.882202807823094,0.922040592055774,0.892697311328834,0.880168406684187,0.772951802970093,0.722761949184552,0.639692024845433,0.587966390691341,0,100000,2427.68970982413,97837.4558133326,3857291.81514227,38.5729181514227,2023,"Males","GMoH report",34.6669218485773
0,1,0.0246903,0.0113683,0.0125295,0.0127366,0.01724,0.0231299,0.0240786,0.0263411,0.0241831,0.0213927,0.0139339,0.0191571,0.0249018,0.0447761,0.0591903,0.0781547,0.0989875,0.228217,0.108815562963,0.0241587209004926,0.0444622789484604,0.0607447467393241,0.0617178122802775,0.0826382897133544,0.109327655644283,0.113557250943575,0.12356819457472,0.114021987203168,0.101533320344657,0.067324275687495,0.0914077323275688,0.117212024048851,0.201342203414257,0.257802919617422,0.326901314574551,0.396753425687016,1,0.975841279099507,0.95553772105154,0.939255253260676,0.938282187719722,0.917361710286646,0.890672344355717,0.886442749056425,0.87643180542528,0.885978012796832,0.898466679655343,0.932675724312505,0.908592267672431,0.882787975951149,0.798657796585743,0.742197080382578,0.673098685425449,0.603246574312984,0,100000,2415.87209004926,97847.012391476,4125594.43631318,41.2559443631318,2023,"Males","GMoH report",31.9838956368682
0,1,0.0240237,0.0127448,0.013388,0.0138759,0.0187152,0.024707,0.0255457,0.0303855,0.0260228,0.0231937,0.0156504,0.0224823,0.024858,0.0515322,0.060348,0.0852531,0.0991621,0.239149,0.106642306977,0.0235189421732447,0.0497120594884629,0.0647720785315491,0.0670534331668019,0.0893934588474457,0.116348447282479,0.120060900627124,0.141201318352965,0.122166231478691,0.109612690359048,0.0753055933544151,0.106429547462698,0.117017921281934,0.228254817707353,0.262184260602848,0.351375807800094,0.397314219168483,1,0.976481057826755,0.950287940511537,0.935227921468451,0.932946566833198,0.910606541152554,0.88365155271752,0.879939099372876,0.858798681647035,0.877833768521309,0.890387309640952,0.924694406645585,0.893570452537302,0.882982078718066,0.771745182292647,0.737815739397152,0.648624192199906,0.602685780831517,0,100000,2351.89421732447,97898.9172077769,3944295.70431588,39.4429570431588,2023,"Males","GMoH report",33.7968829568412
0,1,0.02466,0.0139816,0.0138373,0.0135497,0.0187997,0.0243711,0.0255635,0.0294899,0.0262015,0.0243904,0.016476,0.022064,0.0257458,0.0515377,0.0667247,0.0913414,0.0952445,0.240736,0.1087167786,0.0241296532830037,0.0544050604146141,0.0668731407246278,0.065528762322884,0.0897789563841617,0.114857491473854,0.12013953264319,0.137325231629428,0.122953579468866,0.114943222089849,0.0791210057722414,0.104552864020622,0.120944469681204,0.228276398626294,0.285927442880139,0.371804207827795,0.384636275617397,1,0.975870346716996,0.945594939585386,0.933126859275372,0.934471237677116,0.910221043615838,0.885142508526146,0.87986046735681,0.862674768370572,0.877046420531134,0.885056777910151,0.920878994227759,0.895447135979378,0.879055530318796,0.771723601373706,0.714072557119861,0.628195792172205,0.615363724382603,0,100000,2412.96532830037,97849.3644890659,3911546.19244774,39.1154619244774,2023,"Males","GMoH report",34.1243780755226
0,1,0.0245384,0.0127463,0.0142466,0.0142938,0.0189116,0.0252371,0.0252548,0.0297723,0.025523,0.0243228,0.0159431,0.0214285,0.025176,0.0460967,0.0664139,0.085536,0.094502,0.249001,0.108320337064,0.024012986437862,0.0497177649063484,0.0687831837364507,0.0690032049719305,0.0902892161496602,0.118696604788246,0.118774908595976,0.138549180577715,0.119960613174846,0.114642908653506,0.076660004697758,0.101694593507558,0.118426251716936,0.206666850483314,0.28478525189751,0.352336387003229,0.382210789845137,1,0.975987013562138,0.950282235093652,0.931216816263549,0.930996795028069,0.90971078385034,0.881303395211754,0.881225091404024,0.861450819422285,0.880039386825154,0.885357091346494,0.923339995302242,0.898305406492442,0.881573748283064,0.793333149516686,0.71521474810249,0.647663612996771,0.617789210154863,0,100000,2401.2986437862,97858.8108347001,3922795.63637148,39.2279563637148,2023,"Males","GMoH report",34.0118836362852
0,1,0.0244642,0.0119125,0.0127668,0.0125295,0.0173013,0.0224365,0.0241772,0.0265142,0.0256979,0.0228944,0.0150363,0.0188668,0.0242237,0.0447965,0.0614118,0.0819011,0.0946347,0.237634,0.108078429482,0.0239417866788143,0.0465411569359998,0.0618596263071546,0.0607447467393241,0.0829199429764537,0.106224249088325,0.113995754604444,0.12432974095587,0.120733036268208,0.108274784437912,0.0724577585141348,0.0900849625704401,0.114202483265315,0.201424696462315,0.266190851642719,0.339908333888427,0.382644808380811,1,0.976058213321186,0.953458843064,0.938140373692845,0.939255253260676,0.917080057023546,0.893775750911675,0.886004245395556,0.87567025904413,0.879266963731792,0.891725215562088,0.927542241485865,0.90991503742956,0.885797516734685,0.798575303537685,0.733809148357281,0.660091666111573,0.617355191619189,0,100000,2394.17866788142,97864.5804024425,4097412.7126837,40.974127126837,2023,"Males","GMoH report",32.265712873163
0,1,0.0254571,0.014063,0.0155979,0.0157978,0.0200063,0.0272008,0.0263393,0.0323854,0.029416,0.0290293,0.0169699,0.0222267,0.0256687,0.0552523,0.0756664,0.0921568,0.110477,0.256988,0.111315491991,0.0248939166978719,0.0547131382729354,0.0750624582078013,0.075987896039854,0.0952666662381017,0.12734433081586,0.123560272299551,0.149798767488449,0.137004676118263,0.135325489424615,0.081396283041054,0.10528325186446,0.120604122407873,0.242732656155718,0.318149022087749,0.37450178479704,0.432838306133283,1,0.975106083302128,0.945286861727065,0.924937541792199,0.924012103960146,0.904733333761898,0.87265566918414,0.876439727700449,0.850201232511551,0.862995323881737,0.864674510575385,0.918603716958946,0.89471674813554,0.879395877592127,0.757267343844282,0.681850977912251,0.62549821520296,0.567161693866717,0,100000,2489.39166978719,97787.7161886935,3727065.17783362,37.2706517783362,2023,"Males","GMoH report",35.9691882216638
0,1,0.0243499,0.0120764,0.013211,0.0133922,0.0168237,0.0240201,0.0240158,0.0252286,0.0245682,0.0226318,0.0152014,0.0193265,0.0252473,0.0459727,0.0573476,0.0870705,0.101491,0.2323,0.107705787479,0.0238320935532262,0.0471663993888412,0.0639431186488259,0.0647917401441053,0.0807233369887557,0.113296987572051,0.113277854268638,0.11865899894786,0.115732643189009,0.107099371131089,0.0732242232323879,0.0921787676190272,0.118741729812276,0.206168225095393,0.250783430371122,0.357527298409573,0.404757014582515,1,0.976167906446774,0.952833600611159,0.936056881351174,0.935208259855895,0.919276663011244,0.886703012427949,0.886722145731362,0.88134100105214,0.884267356810991,0.892900628868911,0.926775776767612,0.907821232380973,0.881258270187724,0.793831774904607,0.749216569628878,0.642472701590427,0.595242985417485,0,100000,2383.20935532263,97873.4760850197,4077639.7277252,40.776397277252,2023,"Males","GMoH report",32.463442722748
0,1,0.0230408,0.0113634,0.0124826,0.0124077,0.0170629,0.022755,0.0233533,0.0261023,0.0245677,0.021282,0.0152935,0.0192229,0.024374,0.0427471,0.0547578,0.0778429,0.0915052,0.24446,0.103437846568,0.0225744677238468,0.0444435405427921,0.0605242499926057,0.0601720093974967,0.0818241085457373,0.107651003536327,0.110325347646989,0.122516588152657,0.115730424146726,0.10103446147711,0.0736515259689834,0.0917072993865555,0.114870373774077,0.19309940144159,0.240821817679653,0.325809591394996,0.372346823594135,1,0.977425532276153,0.955556459457208,0.939475750007394,0.939827990602503,0.918175891454263,0.892348996463673,0.889674652353011,0.877483411847343,0.884269575853274,0.89896553852289,0.926348474031017,0.908292700613445,0.885129626225923,0.806900598558409,0.759178182320347,0.674190408605004,0.627653176405865,0,100000,2257.44677238468,97976.0586604927,4154632.64616275,41.5463264616276,2023,"Males","GMoH report",31.6935135383725
0,1,0.0236881,0.0111267,0.0128878,0.012924,0.0168228,0.0224289,0.0226512,0.0263542,0.0214541,0.0210212,0.0151476,0.0191845,0.0250895,0.041668,0.0584726,0.0767352,0.0936078,0.239143,0.105548180501,0.0231966133085826,0.0435379329626099,0.0624276135066233,0.0625974755645107,0.080719192904035,0.106190177802702,0.107186256657972,0.12362584911794,0.101809900532466,0.0998581544112268,0.0729745276137933,0.0915324874846279,0.11804337674772,0.188684713404639,0.255075657738325,0.321919589742901,0.379280068102652,1,0.976803386691417,0.95646206703739,0.937572386493377,0.937402524435489,0.919280807095965,0.893809822197298,0.892813743342028,0.87637415088206,0.898190099467534,0.900141845588773,0.927025472386207,0.908467512515372,0.88195662325228,0.811315286595361,0.744924342261675,0.678080410257099,0.620719931897348,0,100000,2319.66133085827,97925.1747019923,4171905.34665124,41.7190534665124,2023,"Males","GMoH report",31.5207865334876
0,1,0.0248688,0.0141741,0.0142195,0.014894,0.0191147,0.0258257,0.0273211,0.0305941,0.0276657,0.0274813,0.0177237,0.0220808,0.0262652,0.0535542,0.0678334,0.0910172,0.105228,0.242179,0.109397510448,0.024329935356121,0.0551334654934972,0.0686568353252321,0.0717966516748856,0.0912146484005452,0.12129704712515,0.127871523311159,0.142101807711717,0.129380027437318,0.128573109513796,0.0848584842085809,0.104628308134367,0.123234080567684,0.236153474050069,0.289989556111214,0.370729172012712,0.416556485388775,1,0.975670064643879,0.944866534506503,0.931343164674768,0.928203348325114,0.908785351599455,0.87870295287485,0.872128476688841,0.857898192288283,0.870619972562682,0.871426890486204,0.915141515791419,0.895371691865633,0.876765919432316,0.763846525949931,0.710010443888786,0.629270827987288,0.583443514611225,0,100000,2432.9935356121,97833.1699001199,3810482.32063792,38.1048232063792,2023,"Males","GMoH report",35.1350167936208
0,1,0.0235348,0.0119474,0.0120596,0.0126908,0.0164329,0.0216455,0.0232351,0.025362,0.0222625,0.0213194,0.0149025,0.0199696,0.0242937,0.0428266,0.0577941,0.0776301,0.095757,0.235987,0.105048390308,0.0230493234599652,0.0466743263077418,0.0585332801371452,0.061502703719104,0.0789221985102522,0.102671557030728,0.109797604215718,0.119249016132142,0.105443888576419,0.101203030290084,0.0718361542772097,0.0951002167775953,0.114513602252402,0.193423791615048,0.252489492546977,0.325063684219232,0.386306194365385,1,0.976950676540035,0.953325673692258,0.941466719862855,0.938497296280896,0.921077801489748,0.897328442969272,0.890202395784282,0.880750983867858,0.894556111423581,0.898796969709916,0.92816384572279,0.904899783222405,0.885486397747598,0.806576208384952,0.747510507453023,0.674936315780768,0.613693805634615,0,100000,2304.93234599652,97937.1970867193,4185349.84308479,41.8534984308479,2023,"Males","GMoH report",31.3863415691521
0,1,0.0241173,0.0128818,0.0127943,0.0135216,0.0182457,0.0238651,0.0255672,0.0273622,0.0261856,0.0235744,0.0158186,0.0204031,0.0252934,0.0486488,0.0593277,0.0772359,0.088716,0.239101,0.106947462633,0.0236088130086365,0.0502330166521799,0.0619887435461197,0.0653973093545779,0.0872487152886449,0.112607053517735,0.120155876674706,0.128051568435393,0.122883551203982,0.111311731776047,0.0760841386123661,0.0970644602763396,0.118945650226408,0.216868071418,0.258324067980224,0.323680175778897,0.363057481236546,1,0.976391186991364,0.94976698334782,0.93801125645388,0.934602690645422,0.912751284711355,0.887392946482265,0.879844123325294,0.871948431564607,0.877116448796017,0.888688268223953,0.923915861387634,0.90293553972366,0.881054349773592,0.783131928582,0.741675932019776,0.676319824221103,0.636942518763454,0,100000,2360.88130086365,97891.6089638414,4006350.97291713,40.0635097291713,2023,"Males","GMoH report",33.1763302708287
0,1,0.0234185,0.0120649,0.0120637,0.0127229,0.0168245,0.0231664,0.0247031,0.0262582,0.0228129,0.0207821,0.0147502,0.0197321,0.0237826,0.0514915,0.0607501,0.0803503,0.0925265,0.233641,0.104669227885,0.0229375611887221,0.0471225424745965,0.0585525975716861,0.0616534725841479,0.080727020604595,0.10949073461409,0.116331149925678,0.123203260371296,0.1079101418145,0.0987784413833193,0.0711281151883712,0.0940223537823293,0.112239624750993,0.228095102565608,0.263700865176155,0.334548765765318,0.375721915470538,1,0.977062438811278,0.952877457525404,0.941447402428314,0.938346527415852,0.919272979395405,0.89050926538591,0.883668850074322,0.876796739628704,0.8920898581855,0.901221558616681,0.928871884811629,0.905977646217671,0.887760375249007,0.771904897434393,0.736299134823845,0.665451234234683,0.624278084529462,0,100000,2293.7561188722,97946.3295630466,4124487.26864135,41.2448726864135,2023,"Males","GMoH report",31.9949673135865
0,1,0.0237396,0.0114364,0.0125145,0.012994,0.0171175,0.023932,0.0253435,0.0283848,0.0236269,0.0222913,0.0159676,0.0203235,0.0245504,0.0464564,0.0598545,0.0780823,0.0976802,0.233681,0.105716081316,0.0232460869111545,0.0447226673736949,0.0606742308452188,0.0629258536443629,0.0820751946394002,0.112904899842428,0.119167214263295,0.132520108089736,0.111545796548803,0.105573096106882,0.0767732871502492,0.0967040862573708,0.115653642064641,0.208111699149122,0.260319296647092,0.326647943251612,0.392542038039689,1,0.976753913088846,0.955277332626305,0.939325769154781,0.937074146355637,0.9179248053606,0.887095100157572,0.880832785736705,0.867479891910264,0.888454203451197,0.894426903893118,0.923226712849751,0.903295913742629,0.884346357935359,0.791888300850878,0.739680703352908,0.673352056748388,0.607457961960311,0,100000,2324.60869111544,97921.1398303024,4073987.92031188,40.7398792031188,2023,"Males","GMoH report",32.4999607968812
0,1,0.0249917,0.0121011,0.0137288,0.0144169,0.0186103,0.0240961,0.0261946,0.0281257,0.0269394,0.0232297,0.0156738,0.0207071,0.0248566,0.050953,0.0656266,0.0838333,0.0922036,0.238067,0.109798190257,0.0244477938779447,0.0472605897546402,0.0663661799710342,0.0695767957339578,0.0889146779235962,0.113635093555446,0.122923190486224,0.131389916559552,0.126197769519515,0.109773487068606,0.0754139423750066,0.098439508151871,0.117011716423847,0.225979204041219,0.281885098488789,0.346537950157627,0.374656341400185,1,0.975552206122055,0.95273941024536,0.933633820028966,0.930423204266042,0.911085322076404,0.886364906444554,0.877076809513776,0.868610083440448,0.873802230480485,0.890226512931394,0.924586057624993,0.901560491848129,0.882988283576153,0.774020795958781,0.718114901511211,0.653462049842373,0.625343658599815,0,100000,2444.77938779446,97823.652964563,3952979.05246663,39.5297905246663,2023,"Males","GMoH report",33.7100494753337
0,1,0.0243828,0.0125071,0.0129089,0.0130514,0.0175431,0.0233251,0.0254519,0.0281733,0.0245802,0.0226359,0.0148103,0.0213877,0.0237024,0.0468964,0.0607589,0.0827403,0.097687,0.236011,0.107813048388,0.023863669354944,0.0488075189592495,0.0625266251223938,0.063195040617221,0.0840301276682575,0.110199466084104,0.119646427716036,0.131597649830104,0.115785898635876,0.107117734200999,0.0714075807664371,0.101510793979036,0.111882302295196,0.209875935451706,0.263734026624336,0.342794251899002,0.392564001068945,1,0.976136330645056,0.95119248104075,0.937473374877606,0.936804959382779,0.915969872331743,0.889800533915896,0.880353572283964,0.868402350169896,0.884214101364124,0.892882265799001,0.928592419233563,0.898489206020964,0.888117697704804,0.790124064548294,0.736265973375664,0.657205748100998,0.607435998931055,0,100000,2386.3669354944,97870.9145583936,4040803.02623294,40.4080302623294,2023,"Males","GMoH report",32.8318097376706
0,1,0.022871,0.0124809,0.013537,0.0137335,0.0184179,0.0233162,0.02437,0.0285129,0.0245994,0.0234207,0.0158972,0.0224643,0.0255752,0.0479354,0.0649001,0.0885164,0.100582,0.247807,0.10365206305,0.0224115547531253,0.0487077664748091,0.065469353407313,0.066388145992529,0.0880359085976006,0.110159734023881,0.114852605038056,0.133078374069952,0.115871101089639,0.110626145580507,0.0764477375659177,0.106348867821494,0.120191214149697,0.21402818352825,0.279200198064057,0.362388652663452,0.401860234686825,1,0.977588445246875,0.951292233525191,0.934530646592687,0.933611854007471,0.911964091402399,0.889840265976119,0.885147394961944,0.866921625930048,0.884128898910361,0.889373854419493,0.923552262434082,0.893651132178506,0.879808785850303,0.78597181647175,0.720799801935943,0.637611347336548,0.598139765313175,0,100000,2241.15547531252,97991.1449133194,3997077.47355754,39.9707747355754,2023,"Males","GMoH report",33.2690652644246
0,1,0.0238661,0.0112398,0.0115417,0.0119975,0.0162488,0.0217046,0.022767,0.0250715,0.022335,0.0199202,0.0153772,0.0199075,0.0236596,0.044453,0.0562317,0.0843741,0.0943407,0.225521,0.106128497881,0.0233675938245193,0.0439707550155524,0.0560900632912777,0.058240644664106,0.078072537386294,0.102937459064947,0.10770471678253,0.117963683756733,0.10576911693324,0.0948761217012185,0.0740396921159852,0.0948185016938254,0.111691556145547,0.200034649333,0.246505010502339,0.348384027965162,0.381682916255934,1,0.976632406175481,0.956029244984448,0.943909936708722,0.941759355335894,0.921927462613706,0.897062540935053,0.89229528321747,0.882036316243267,0.89423088306676,0.905123878298781,0.925960307884015,0.905181498306175,0.888308443854453,0.799965350667,0.753494989497661,0.651615972034838,0.618317083744066,0,100000,2336.75938245193,97911.237380717,4226988.39102058,42.2698839102058,2023,"Males","GMoH report",30.9699560897942
0,1,0.0239366,0.0126105,0.0127036,0.0136104,0.0179131,0.0246586,0.0250086,0.0272623,0.0248207,0.0232999,0.0167129,0.0206793,0.0244775,0.0491184,0.0631318,0.0798947,0.0929579,0.23177,0.106358342686,0.0234353014911486,0.0492010990801008,0.0615628262026306,0.0658126584824753,0.0857264345147352,0.116133760154628,0.117685148018181,0.127613880279163,0.116852592164177,0.110086961986053,0.0802130195633493,0.0983138462006569,0.115330023381687,0.218732521312865,0.272629951128383,0.332967628106749,0.377143362546781,1,0.976564698508851,0.950798900919899,0.938437173797369,0.934187341517525,0.914273565485265,0.883866239845372,0.882314851981819,0.872386119720837,0.883147407835823,0.889913038013947,0.919786980436651,0.901686153799343,0.884669976618313,0.781267478687135,0.727370048871617,0.667032371893251,0.622856637453219,0,100000,2343.53014911486,97905.7238335797,4013952.71014871,40.1395271014871,2023,"Males","GMoH report",33.1003128985129
0,1,0.0240075,0.0125848,0.0138222,0.014255,0.0185583,0.0246905,0.0262111,0.0302885,0.0261665,0.0248185,0.016352,0.0217398,0.026289,0.0524308,0.0668576,0.0842704,0.103365,0.247853,0.106589491575,0.0235033863767654,0.0491032898361403,0.066802602663656,0.0688223437254831,0.0886772523684275,0.116275263986362,0.122995858155735,0.140782289092086,0.122799422291522,0.116842839942234,0.0785489201444931,0.103095795085026,0.12333886166427,0.231773787284155,0.28641538661896,0.348030356594167,0.410696015813575,1,0.976496613623235,0.95089671016386,0.933197397336344,0.931177656274517,0.911322747631573,0.883724736013638,0.877004141844264,0.859217710907914,0.877200577708478,0.883157160057766,0.921451079855507,0.896904204914974,0.87666113833573,0.768226212715845,0.71358461338104,0.651969643405833,0.589303984186425,0,100000,2350.33863767654,97900.1827627425,3911367.49167909,39.1136749167909,2023,"Males","GMoH report",34.1261650832091
0,1,0.0233299,0.0118005,0.0124321,0.0125097,0.0160641,0.0225092,0.0234896,0.0266298,0.0246186,0.0211687,0.0152502,0.0173987,0.0244481,0.0458153,0.0597066,0.0768549,0.0930857,0.232364,0.104380373279,0.0228524054702537,0.046113671244948,0.0602867720529028,0.0606516646760064,0.0772193515374194,0.106550105891185,0.110933538863764,0.124837974281215,0.115956295838195,0.100523614409143,0.0734506569774078,0.0833672936690986,0.115199479041136,0.205534893037543,0.259759594489181,0.322340821075761,0.37756398127141,1,0.977147594529746,0.953886328755052,0.939713227947097,0.939348335323994,0.922780648462581,0.893449894108815,0.889066461136236,0.875162025718785,0.884043704161805,0.899476385590857,0.926549343022592,0.916632706330901,0.884800520958864,0.794465106962457,0.740240405510819,0.677659178924239,0.62243601872859,0,100000,2285.24054702539,97953.2937143054,4153980.521111,41.53980521111,2023,"Males","GMoH report",31.70003478889
0,1,0.0245923,0.0122491,0.0133644,0.0137324,0.018765,0.0256447,0.0249242,0.0294148,0.0265616,0.0242203,0.0172698,0.0225008,0.0253426,0.0493912,0.0655836,0.0894831,0.100486,0.240332,0.108496062383,0.0240647022837309,0.0478247789991237,0.0646615915642469,0.066383005053508,0.0896206703043473,0.120498152567153,0.11731127575224,0.136999469976349,0.124538167523753,0.114187369157016,0.0827752212117915,0.106512461041494,0.119163234531411,0.219813828130146,0.281726418198579,0.365622837642403,0.401553689813501,1,0.975935297716269,0.952175221000876,0.935338408435753,0.933616994946492,0.910379329695653,0.879501847432847,0.88268872424776,0.863000530023651,0.875461832476247,0.885812630842984,0.917224778788209,0.893487538958506,0.880836765468589,0.780186171869854,0.718273581801421,0.634377162357597,0.598446310186499,0,100000,2406.47022837309,97854.6223156473,3934634.05972012,39.3463405972012,2023,"Males","GMoH report",33.8934994027988
0,1,0.0229623,0.0115164,0.0121755,0.0123075,0.0161682,0.0222173,0.0229585,0.0248566,0.0228368,0.0201221,0.0144008,0.0186172,0.024292,0.0445305,0.058714,0.0769264,0.0964839,0.231624,0.103469878465,0.0224991241738824,0.0450284682954447,0.0590792029123516,0.0597005875469158,0.0777003144401711,0.105241068994567,0.108561478253777,0.117011716423847,0.108017088389658,0.095791675800916,0.0695017963285785,0.0889461780356851,0.114506047721852,0.200348457529911,0.255993930858879,0.322592332905035,0.38866879671224,1,0.977500875826118,0.954971531704555,0.940920797087648,0.940299412453084,0.922299685559829,0.894758931005432,0.891438521746223,0.882988283576153,0.891982911610342,0.904208324199084,0.930498203671422,0.911053821964315,0.885493952278148,0.799651542470089,0.744006069141121,0.677407667094965,0.61133120328776,0,100000,2249.91241738824,97982.8857469958,4208550.85294196,42.0855085294196,2023,"Males","GMoH report",31.1543314705804
0,1,0.0239818,0.0113897,0.0127344,0.0131256,0.0160167,0.0230644,0.0234964,0.0253895,0.0234416,0.0220533,0.0142276,0.0210397,0.0236838,0.0455042,0.0577419,0.0819254,0.090117,0.234903,0.106505704178,0.0234787076095249,0.0445441118583343,0.0617074806461492,0.0635429031752087,0.0770002742678359,0.10903493652503,0.110963871239519,0.119370600355674,0.110719400266766,0.10450481017445,0.068694601711716,0.0999416444577554,0.111799412675207,0.204281800261367,0.252290209832222,0.339992040261833,0.367736683281747,1,0.976521292390475,0.955455888141666,0.938292519353851,0.936457096824791,0.922999725732164,0.89096506347497,0.889036128760481,0.880629399644326,0.889280599733234,0.89549518982555,0.931305398288284,0.900058355542245,0.888200587324793,0.795718199738633,0.747709790167778,0.660007959738167,0.632263316718253,0,100000,2347.87076095249,97902.1908677617,4144527.45539518,41.4452745539518,2023,"Males","GMoH report",31.7945654460482
0,1,0.0243823,0.0117271,0.0123873,0.0128973,0.0174399,0.0231131,0.0241019,0.0267069,0.0249065,0.0229323,0.0153056,0.0204878,0.0250467,0.0455021,0.0575,0.0806663,0.0976496,0.244728,0.107811418283,0.0238631894906728,0.045833413942705,0.060076049868655,0.0624721934485888,0.0835564592651541,0.109252585183489,0.113660891403693,0.125176789969883,0.117232850050541,0.108444306571052,0.0737076504626954,0.0974477737522944,0.117853873468492,0.204273335636353,0.251366120218579,0.335643667966737,0.392443196980365,1,0.976136810509327,0.954166586057295,0.939923950131345,0.937527806551411,0.916443540734846,0.890747414816511,0.886339108596307,0.874823210030117,0.882767149949459,0.891555693428948,0.926292349537305,0.902552226247706,0.882146126531508,0.795726664363647,0.748633879781421,0.664356332033263,0.607556803019635,0,100000,2386.31894906728,97870.9534813073,4090084.91295401,40.9008491295401,2023,"Males","GMoH report",32.3389908704599
0,1,0.0245618,0.0126981,0.0135785,0.0140571,0.0198492,0.0248487,0.025124,0.0288344,0.0276981,0.0246297,0.0164357,0.0215419,0.0268253,0.0492158,0.0677214,0.0871963,0.100175,0.239943,0.108396625978,0.0240354387041685,0.0495344141123207,0.0656634713845134,0.067899330792782,0.094553949370393,0.11697670252963,0.118196102784129,0.134478017621721,0.129521735074343,0.116005545537677,0.0789351153131204,0.102205261208909,0.125696860050236,0.219118739812803,0.289580079081265,0.357951404803362,0.400559804068576,1,0.975964561295832,0.950465585887679,0.934336528615487,0.932100669207218,0.905446050629607,0.88302329747037,0.881803897215871,0.865521982378279,0.870478264925657,0.883994454462323,0.92106488468688,0.897794738791091,0.874303139949764,0.780881260187197,0.710419920918735,0.642048595196638,0.599440195931424,0,100000,2403.54387041685,97856.9921755264,3911664.77499495,39.1166477499495,2023,"Males","GMoH report",34.1231922500505
0,1,0.0238671,0.0120638,0.0126531,0.0132683,0.0174308,0.0233849,0.0246275,0.0277914,0.0239978,0.0222815,0.0150337,0.0200902,0.026171,0.0484865,0.0613475,0.0834142,0.10097,0.236244,0.106131758091,0.0233685542650866,0.0471183473621842,0.0613256025460611,0.0642115545760466,0.0835146807566667,0.11046638649607,0.115995784540568,0.129929680680818,0.113197757158174,0.105529131633756,0.0724456833264383,0.0956470776990275,0.122819243918521,0.216222784855285,0.26594920314947,0.345104467349118,0.403097989899595,1,0.976631445734913,0.952881652637816,0.938674397453939,0.935788445423953,0.916485319243333,0.88953361350393,0.884004215459432,0.870070319319182,0.886802242841826,0.894470868366244,0.927554316673562,0.904352922300973,0.877180756081479,0.783777215144715,0.73405079685053,0.654895532650882,0.596902010100405,0,100000,2336.85542650866,97911.1591483112,4060378.35810798,40.6037835810798,2023,"Males","GMoH report",32.6360564189202
0,1,0.024454,0.0123515,0.01328,0.0142573,0.0176385,0.024788,0.0249711,0.0297032,0.026047,0.0245425,0.0161944,0.0208466,0.0256144,0.0494087,0.0623013,0.0839121,0.0951116,0.233548,0.10804517534,0.0239319985202066,0.0482149461844066,0.0642663569492838,0.0688330658264803,0.0844677873328249,0.116707628275752,0.117519050118938,0.138249843147549,0.12227289477452,0.115618577645348,0.0778213258035187,0.0990698273432647,0.120364348574672,0.219883148679587,0.269526821577183,0.346807199076031,0.384202672690359,1,0.976068001479793,0.951785053815593,0.935733643050716,0.93116693417352,0.915532212667175,0.883292371724248,0.882480949881063,0.861750156852451,0.87772710522548,0.884381422354652,0.922178674196481,0.900930172656735,0.879635651425328,0.780116851320413,0.730473178422816,0.653192800923969,0.615797327309641,0,100000,2393.19985202065,97865.3738456146,3964765.84923903,39.6476584923903,2023,"Males","GMoH report",33.5921815076097
0,1,0.0256005,0.014127,0.0144504,0.0143157,0.0202228,0.0262938,0.0271653,0.0333782,0.0300553,0.0259779,0.0159358,0.0228479,0.0270683,0.0538877,0.0670267,0.0904003,0.110256,0.242219,0.111783006105,0.0250313178899845,0.054955293147413,0.0697328317212385,0.0691052740699906,0.0962479903517848,0.123359992568506,0.127188701891282,0.154037281986034,0.139774117421643,0.1219682992944,0.0766262485700918,0.108066754026684,0.126763330361912,0.23744948364981,0.287035837565604,0.368679627642968,0.432159543444859,1,0.974968682110015,0.945044706852587,0.930267168278761,0.930894725930009,0.903752009648215,0.876640007431494,0.872811298108718,0.845962718013966,0.860225882578357,0.8780317007056,0.923373751429908,0.891933245973316,0.873236669638088,0.76255051635019,0.712964162434396,0.631320372357032,0.567840456555141,0,100000,2503.13178899846,97776.6758070528,3774412.75674868,37.7441275674868,2023,"Males","GMoH report",35.4957124325132
0,1,0.024115,0.0126366,0.0141133,0.014356,0.0185668,0.0255534,0.026744,0.0297992,0.0250176,0.0239244,0.0158502,0.0212245,0.0248822,0.0525451,0.0598951,0.0811046,0.0989015,0.233998,0.10693996415,0.0236066047890768,0.0493004206098433,0.068161539366159,0.0692930716581877,0.0887160663483105,0.120094916407671,0.125339782164483,0.138665683882148,0.117725007152645,0.112871068520708,0.0762303348657762,0.100775239806801,0.117125170223653,0.232220390851652,0.260472877401825,0.337159944012175,0.396477060101042,1,0.976393395210923,0.950699579390157,0.931838460633841,0.930706928341812,0.91128393365169,0.879905083592329,0.874660217835517,0.861334316117852,0.882274992847355,0.887128931479292,0.923769665134224,0.899224760193199,0.882874829776347,0.767779609148348,0.739527122598175,0.662840055987825,0.603522939898958,0,100000,2360.66047890768,97891.788468077,3921174.92906593,39.2117492906593,2023,"Males","GMoH report",34.0280907093407
0,1,0.0250952,0.0134445,0.0141325,0.0139615,0.0187912,0.0252069,0.0264381,0.031276,0.0268492,0.0252809,0.0154076,0.0209739,0.0261718,0.0521449,0.0634688,0.0831312,0.111933,0.240723,0.110135621992,0.0245470322562174,0.0523698277028968,0.0682511032097215,0.0674531327188639,0.0897401855626384,0.118562986630744,0.123995018268771,0.145039371539339,0.125801805415121,0.118890361640977,0.0741806360788777,0.0996446573053579,0.122822767719497,0.230655703514515,0.273885966002458,0.344135092082648,0.437295505466536,1,0.975452967743783,0.947630172297103,0.931748896790279,0.932546867281136,0.910259814437362,0.881437013369256,0.876004981731229,0.854960628460661,0.874198194584879,0.881109638359023,0.925819363921122,0.900355342694642,0.877177232280503,0.769344296485485,0.726114033997542,0.655864907917352,0.562704494533464,0,100000,2454.70322562175,97815.6470409379,3879816.33710261,38.7981633710261,2023,"Males","GMoH report",34.4416766289739
0,1,0.0249405,0.0137994,0.0140675,0.0147032,0.0195269,0.0283858,0.0268289,0.0302501,0.0293863,0.0265341,0.0160438,0.022334,0.0265735,0.0530425,0.0704915,0.0875038,0.104819,0.23281,0.109631267505,0.0243986966529432,0.053715126954216,0.0679478587428378,0.0709095082941246,0.0930900974407124,0.132524467430993,0.125712668472074,0.14061635313972,0.1368758155535,0.124417250578559,0.077125533417395,0.105764631784322,0.124590486750818,0.234161254186969,0.29965047190013,0.358987150459135,0.41527359310961,1,0.975601303347057,0.946284873045784,0.932052141257162,0.929090491705875,0.906909902559288,0.867475532569007,0.874287331527926,0.85938364686028,0.8631241844465,0.875582749421441,0.922874466582605,0.894235368215678,0.875409513249182,0.765838745813031,0.70034952809987,0.641012849540865,0.58472640689039,0,100000,2439.86966529432,97827.6163386589,3797803.54492195,37.9780354492195,2023,"Males","GMoH report",35.2618045507805
0,1,0.0249946,0.0129362,0.0137303,0.014443,0.018686,0.0265681,0.028236,0.0294702,0.0258168,0.023859,0.0168326,0.02216,0.0258945,0.0546698,0.0657985,0.0925199,0.106561,0.246623,0.109807644866,0.0244505746686426,0.0504398012852281,0.0663731904576484,0.0696983662409547,0.0892602093215441,0.124566745614592,0.1318712112013,0.137239789862021,0.121257780341217,0.112579890954303,0.0807643164186294,0.104983892363085,0.121600537222246,0.240481333926291,0.28251915796208,0.375700149374675,0.42072326926076,1,0.975549425331357,0.949560198714772,0.933626809542352,0.930301633759045,0.910739790678456,0.875433254385408,0.8681287887987,0.862760210137979,0.878742219658783,0.887420109045697,0.919235683581371,0.895016107636915,0.878399462777754,0.759518666073709,0.71748084203792,0.624299850625325,0.57927673073924,0,100000,2445.05746686427,97823.4285351341,3868104.06001831,38.6810406001831,2023,"Males","GMoH report",34.5587993998169
0,1,0.0236697,0.0123073,0.0123126,0.013151,0.0176661,0.0232036,0.0245017,0.0270276,0.0230636,0.0225564,0.0157995,0.0191621,0.0240325,0.0467968,0.059274,0.0802414,0.100754,0.238123,0.105488192637,0.0231789364095968,0.0480465533089222,0.0597245876065878,0.0636619541039475,0.0845943685637882,0.109656912181276,0.115437464679176,0.126584792177367,0.109031360769397,0.106761606261318,0.0759957623806666,0.0914304990837674,0.113352160506565,0.209476880765484,0.258120424844428,0.334171106447716,0.4024091669762,1,0.976821063590403,0.951953446691078,0.940275412393412,0.936338045896053,0.915405631436212,0.890343087818724,0.884562535320824,0.873415207822633,0.890968639230603,0.893238393738682,0.924004237619333,0.908569500916233,0.886647839493435,0.790523119234516,0.741879575155572,0.665828893552284,0.5975908330238,0,100000,2317.89364095969,97926.6167699499,4086338.60775357,40.8633860775357,2023,"Males","GMoH report",32.3764539224643
0,1,0.0254131,0.0125984,0.0145874,0.0144518,0.018395,0.0257732,0.0267341,0.0307035,0.0264557,0.0258057,0.0167086,0.0219448,0.027,0.0504501,0.0644751,0.0881883,0.103715,0.249482,0.111172042751,0.024851751768333,0.0491550500352713,0.0703706866151745,0.0697393520790596,0.0879312611288376,0.121065393500577,0.125296291062748,0.142573719507736,0.124072441756553,0.121208804860996,0.0801932093554105,0.10401739753636,0.126463700234192,0.223998618270925,0.277625646670833,0.361288052171672,0.411800323595684,1,0.975148248231667,0.950844949964729,0.929629313384825,0.93026064792094,0.912068738871162,0.878934606499423,0.874703708937252,0.857426280492264,0.875927558243447,0.878791195139004,0.919806790644589,0.89598260246364,0.873536299765808,0.776001381729075,0.722374353329167,0.638711947828328,0.588199676404316,0,100000,2485.17517683331,97791.1068241693,3868072.3866004,38.6807238660041,2023,"Males","GMoH report",34.5591161339959
0,1,0.0249231,0.0132895,0.0137144,0.0151769,0.0199616,0.0267636,0.0282925,0.0305567,0.028344,0.0263032,0.0165876,0.0223097,0.025954,0.0548819,0.0678216,0.086309,0.106197,0.242462,0.109574539851,0.024382010454938,0.0517816943459782,0.0662988767130175,0.0731105222858015,0.0950639296545208,0.125425879807931,0.132117653239317,0.141940422713199,0.132342229609846,0.123401372544236,0.0796355916498715,0.105655636136229,0.12186292416552,0.241301753268266,0.289946424021465,0.35495538844644,0.419587630902593,1,0.975617989545062,0.948218305654022,0.933701123286983,0.926889477714198,0.904936070345479,0.874574120192069,0.867882346760683,0.858059577286801,0.867657770390154,0.876598627455764,0.920364408350129,0.894344363863771,0.87813707583448,0.758698246731734,0.710053575978535,0.64504461155356,0.580412369097407,0,100000,2438.2010454938,97828.9637121304,3806140.65382556,38.0614065382556,2023,"Males","GMoH report",35.1784334617444
0,1,0.0235557,0.0118509,0.0121449,0.0122057,0.0167339,0.022699,0.0232134,0.0268334,0.0230355,0.0208562,0.0146842,0.0189917,0.0236859,0.0436372,0.0589355,0.0787461,0.0976717,0.233789,0.105116528697,0.0230694059974253,0.0463060629570056,0.0589350978260316,0.0592214032945202,0.08030976121693,0.107400301396502,0.109700685280759,0.125732428624377,0.108905753772438,0.0991131887803958,0.0708211212291184,0.0906543017439247,0.111808771545147,0.196724711092758,0.256835655555083,0.328968110654061,0.392514583409103,1,0.976930594002575,0.953693937042994,0.941064902173968,0.94077859670548,0.91969023878307,0.892599698603498,0.890299314719241,0.874267571375623,0.891094246227563,0.900886811219604,0.929178878770882,0.909345698256075,0.888191228454853,0.803275288907242,0.743164344444917,0.671031889345939,0.607485416590897,0,100000,2306.94059974252,97935.5569880126,4164991.17646229,41.6499117646229,2023,"Males","GMoH report",31.5899282353771
0,1,0.0252556,0.0128897,0.0139061,0.0134609,0.0184604,0.0245761,0.0258568,0.0288669,0.0249629,0.0244601,0.0170968,0.0218807,0.0251442,0.0517219,0.0646887,0.0919378,0.0967745,0.243923,0.110658559676,0.0247007990168979,0.0502630487607764,0.0671944675374439,0.0651132912447102,0.0882300929789294,0.115767703363425,0.12143424738081,0.134619388905975,0.117482726139152,0.115252764629703,0.0819800103956683,0.103729324427498,0.118285513479897,0.228998859696641,0.278417357684833,0.373778148375669,0.389611383031939,1,0.975299200983102,0.949736951239224,0.932805532462556,0.93488670875529,0.911769907021071,0.884232296636575,0.87856575261919,0.865380611094025,0.882517273860848,0.884747235370297,0.918019989604332,0.896270675572502,0.881714486520103,0.771001140303359,0.721582642315167,0.626221851624331,0.610388616968061,0,100000,2470.07990168979,97803.2555825158,3935999.58947464,39.3599958947464,2023,"Males","GMoH report",33.8798441052536
0,1,0.023593,0.0122896,0.0124805,0.0135428,0.0177013,0.0233882,0.0245639,0.026472,0.0233416,0.022245,0.0149295,0.0200679,0.025112,0.0459042,0.0593448,0.0766215,0.0941245,0.237161,0.10523813453,0.0231052455698229,0.0479791118148797,0.0605143758310999,0.06549648549074,0.0847557812245258,0.110481114022545,0.115713559254567,0.124144140764224,0.110273122225645,0.105365368447229,0.0719616223960938,0.0955459819710099,0.118142983496114,0.205892655866439,0.258388905240682,0.32151927682658,0.380974835289487,1,0.976894754430177,0.95202088818512,0.9394856241689,0.93450351450926,0.915244218775474,0.889518885977455,0.884286440745433,0.875855859235776,0.889726877774355,0.894634631552771,0.928038377603906,0.90445401802899,0.881857016503886,0.794107344133561,0.741611094759318,0.67848072317342,0.619025164710513,0,100000,2310.5245569823,97932.6307371803,4082860.12350085,40.8286012350085,2023,"Males","GMoH report",32.4112387649915
0,1,0.0248409,0.0132195,0.0145987,0.0155445,0.019562,0.0274719,0.0281375,0.0314543,0.0299121,0.0282897,0.0167604,0.0240983,0.0261814,0.0530733,0.0686945,0.0920905,0.104142,0.253321,0.109306550589,0.0243031769736155,0.0515159692879947,0.0704232791853906,0.07481509200579,0.0932496269919583,0.128531957305264,0.131441417768824,0.145805940513283,0.13915449227877,0.132105441713868,0.0804318260564104,0.113644879029225,0.122865052299326,0.234281296205272,0.293131240072158,0.374282779285518,0.413145502655998,1,0.975696823026384,0.948484030712005,0.929576720814609,0.92518490799421,0.906750373008042,0.871468042694736,0.868558582231176,0.854194059486717,0.86084550772123,0.867894558286132,0.91956817394359,0.886355120970775,0.877134947700674,0.765718703794728,0.706868759927842,0.625717220714482,0.586854497344002,0,100000,2430.31769736155,97835.3319469724,3758372.51138775,37.5837251138775,2023,"Males","GMoH report",35.6561148861225
0,1,0.025397,0.014041,0.014988,0.0156251,0.0207159,0.0277272,0.0283873,0.0324735,0.0304455,0.0258929,0.0172891,0.0227786,0.0284192,0.0590118,0.0737522,0.102018,0.104081,0.25525,0.11111955337,0.0248363225832003,0.0546298836085059,0.0722334139782355,0.0751884330373695,0.0984792825752485,0.129648991226183,0.132531006404718,0.150175675503817,0.141460417172441,0.121593480426652,0.0828638945996912,0.107756636688801,0.132670057737842,0.257125415947912,0.311353488173775,0.406431641893319,0.412953473747275,1,0.9751636774168,0.945370116391494,0.927766586021765,0.92481156696263,0.901520717424751,0.870351008773817,0.867468993595282,0.849824324496183,0.858539582827559,0.878406519573348,0.917136105400309,0.892243363311199,0.867329942262158,0.742874584052088,0.688646511826225,0.593568358106682,0.587046526252725,0,100000,2483.63225832004,97792.3478489598,3705240.42644401,37.0524042644401,2023,"Males","GMoH report",36.1874357355599
0,1,0.0259972,0.0131916,0.0143422,0.0143448,0.0195133,0.0260446,0.0265492,0.0302601,0.0265276,0.0251178,0.0171179,0.0226171,0.0245254,0.0502746,0.0666226,0.0927912,0.102628,0.244089,0.113076331412,0.0254112786299059,0.0514100386678192,0.0692287679121267,0.0692408834381414,0.0930282782452904,0.122262317137689,0.124483646904038,0.140659568479624,0.124388667931454,0.118168658193094,0.0820770338554159,0.107033529878464,0.115542674242813,0.223306400138937,0.285552392875956,0.376594387237434,0.40836563024742,1,0.974588721370094,0.948589961332181,0.930771232087873,0.930759116561859,0.90697172175471,0.877737682862311,0.875516353095962,0.859340431520376,0.875611332068546,0.881831341806906,0.917922966144584,0.892966470121536,0.884457325757187,0.776693599861063,0.714447607124044,0.623405612762566,0.591634369752581,0,100000,2541.12786299059,97746.2135534052,3853081.43119205,38.5308143119205,2023,"Males","GMoH report",34.7090256880795
0,1,0.0253655,0.0136417,0.0147418,0.0152149,0.019613,0.0259079,0.0269947,0.0330002,0.0287248,0.0265759,0.0158815,0.0230065,0.026999,0.0522412,0.0671591,0.0909686,0.121257,0.250473,0.111016856755,0.0248061340329957,0.0531175720351366,0.0710890486562965,0.073286869040586,0.093481374504603,0.121659635803891,0.126440445279532,0.152425795646284,0.134001112135337,0.12460103817398,0.0763751212785373,0.108776106277327,0.126459312551083,0.231032466745622,0.287521317683847,0.37056789375125,0.465248428318469,1,0.975193865967004,0.946882427964863,0.928910951343703,0.926713130959414,0.906518625495397,0.878340364196109,0.873559554720468,0.847574204353716,0.865998887864663,0.87539896182602,0.923624878721463,0.891223893722673,0.873540687448917,0.768967533254378,0.712478682316153,0.62943210624875,0.534751571681531,0,100000,2480.61340329958,97794.7764995591,3783542.75503277,37.8354275503277,2023,"Males","GMoH report",35.4044124496723
0,1,0.0244289,0.0136565,0.0148355,0.0140036,0.0188735,0.0264667,0.0272205,0.0297825,0.0273997,0.024779,0.0157537,0.0207347,0.0249156,0.0515718,0.0657203,0.0894937,0.0990622,0.241714,0.107963344069,0.0239079113647865,0.0531736676163935,0.0715247369137887,0.067649653288039,0.0901155122011777,0.124120828191275,0.127430682750477,0.138593358268426,0.128215812973196,0.116667726041071,0.0757838114248893,0.0985642496328446,0.117273171425102,0.228410188590164,0.282230772418552,0.365658230126353,0.396993400822583,1,0.976092088635213,0.946826332383607,0.928475263086211,0.932350346711961,0.909884487798822,0.875879171808725,0.872569317249523,0.861406641731574,0.871784187026804,0.883332273958929,0.924216188575111,0.901435750367155,0.882726828574898,0.771589811409836,0.717769227581448,0.634341769873647,0.603006599177417,0,100000,2390.79113647866,97867.3266695861,3857675.38214677,38.5767538214677,2023,"Males","GMoH report",34.6630861785323
0,1,0.0235612,0.0129416,0.012881,0.0142764,0.0185171,0.0246833,0.0254632,0.0290602,0.0262513,0.0235024,0.0160461,0.0204631,0.0250611,0.0476848,0.067181,0.0882139,0.10214,0.238019,0.105134459852,0.0230746907746093,0.0504603253079883,0.0623957023936679,0.0689221012831047,0.0884890963833975,0.116243327674999,0.119696368569597,0.135459779303697,0.123172879472743,0.110990634291565,0.0771361635164949,0.0973360087960156,0.117917635841059,0.213028452160985,0.287601593386717,0.361373979724871,0.406818815469789,1,0.976925309225391,0.949539674692012,0.937604297606332,0.931077898716895,0.911510903616602,0.883756672325001,0.880303631430403,0.864540220696303,0.876827120527257,0.889009365708435,0.922863836483505,0.902663991203984,0.882082364158941,0.786971547839015,0.712398406613283,0.638626020275129,0.593181184530211,0,100000,2307.46907746092,97935.1254376231,3957241.34599704,39.5724134599704,2023,"Males","GMoH report",33.6674265400296
0,1,0.02288,0.0117037,0.013117,0.0129041,0.0172899,0.0225692,0.0251871,0.0288207,0.0269889,0.0225667,0.0150869,0.0196827,0.0252673,0.0459625,0.061558,0.0787771,0.0920838,0.227871,0.103634104,0.022420187695457,0.04574405070747,0.0635025912755951,0.0625041020420965,0.0828675700034916,0.106818954149995,0.118475372371363,0.134418417767612,0.126414995799657,0.106807753663504,0.072692730124704,0.0937980050166471,0.118830203968187,0.206127196793452,0.26674004133825,0.32907630711661,0.374260644223606,1,0.977579812304543,0.95425594929253,0.936497408724405,0.937495897957904,0.917132429996508,0.893181045850005,0.881524627628637,0.865581582232388,0.873585004200343,0.893192246336496,0.927307269875296,0.906201994983353,0.881169796031813,0.793872803206548,0.73325995866175,0.67092369288339,0.625739355776394,0,100000,2242.0187695457,97990.3308367874,4057615.32995165,40.5761532995165,2023,"Males","GMoH report",32.6636867004835
0,1,0.0238475,0.0126553,0.0124586,0.0137519,0.0180917,0.0241788,0.0241305,0.0290326,0.0241425,0.0234337,0.0161779,0.0202614,0.025883,0.0497536,0.0634169,0.0868561,0.103742,0.241616,0.106067857975,0.0233497293773713,0.0493715757937156,0.0604113964407579,0.0664741358287418,0.0865441720081982,0.114002868601637,0.113788091165337,0.135339831984796,0.113841456585935,0.110684151969954,0.0777451181333752,0.0964228454005055,0.121549815324866,0.221248256823292,0.273692651260668,0.356803991980382,0.411885449297458,1,0.976650270622629,0.950628424206284,0.939588603559242,0.933525864171258,0.913455827991802,0.885997131398363,0.886211908834663,0.864660168015204,0.886158543414065,0.889315848030046,0.922254881866625,0.903577154599495,0.878450184675134,0.778751743176708,0.726307348739332,0.643196008019618,0.588114550702542,0,100000,2334.97293773713,97912.6926401982,4008445.32712816,40.0844532712816,2023,"Males","GMoH report",33.1553867287184
0,1,0.0253161,0.0140103,0.0148046,0.0145442,0.0197034,0.0268638,0.0275108,0.0302788,0.027502,0.0269304,0.0168659,0.0220876,0.0245513,0.0528887,0.0673729,0.0913892,0.103176,0.240651,0.110855802381,0.0247587880150606,0.0545136935971906,0.0713810791876464,0.0701695983202756,0.0938920199359834,0.125865908516956,0.12870224565087,0.140740375774963,0.128663725549822,0.126158268420333,0.0809176284267915,0.104658843330152,0.115657636662519,0.233561579257773,0.28830469203499,0.371962590956415,0.410099050829133,1,0.975241211984939,0.945486306402809,0.928618920812354,0.929830401679724,0.906107980064017,0.874134091483044,0.87129775434913,0.859259624225037,0.871336274450178,0.873841731579667,0.919082371573209,0.895341156669848,0.884342363337481,0.766438420742227,0.71169530796501,0.628037409043585,0.589900949170867,0,100000,2475.87880150606,97798.586729633,3801735.32041986,38.0173532041986,2023,"Males","GMoH report",35.2224867958014
0,1,0.0240494,0.0117139,0.0122274,0.0126976,0.016896,0.0247183,0.0239932,0.027808,0.0252757,0.0218641,0.0153098,0.0204333,0.0241401,0.0474634,0.0601842,0.0842084,0.0990821,0.233286,0.106726094374,0.0235436194518869,0.0457830049173962,0.059323567526079,0.0615346442528379,0.0810561866748542,0.116398563471364,0.113177286805543,0.130002243997307,0.118867360632173,0.103654707760153,0.0737271309273222,0.0972011493856457,0.11383078374339,0.212144278168896,0.261565694780481,0.347818831726174,0.397057317824061,1,0.976456380548113,0.954216995082604,0.940676432473921,0.938465355747162,0.918943813325146,0.883601436528636,0.886822713194457,0.869997756002693,0.881132639367827,0.896345292239847,0.926272869072678,0.902798850614354,0.886169216256609,0.787855721831104,0.738434305219519,0.652181168273826,0.602942682175939,0,100000,2354.36194518869,97896.9099099641,4078207.80967166,40.7820780967166,2023,"Males","GMoH report",32.4577619032834
0,1,0.0231941,0.0114733,0.0128654,0.0128248,0.0165177,0.0242482,0.0240832,0.0262217,0.023795,0.0211057,0.0158652,0.0198356,0.0251143,0.0434171,0.0598725,0.0848536,0.0965638,0.235552,0.103937636761,0.0227218633331316,0.0448637299346809,0.06232249057441,0.0621319261827293,0.0793133160967709,0.114311386589265,0.113577713052533,0.123042538660045,0.112294859542939,0.100239441071446,0.0762997240451954,0.0944922250519012,0.118153164925292,0.195829615050931,0.260387389983093,0.350017407316353,0.388928069263204,1,0.977278136666868,0.955136270065319,0.93767750942559,0.937868073817271,0.920686683903229,0.885688613410735,0.886422286947467,0.876957461339955,0.887705140457061,0.899760558928554,0.923700275954805,0.905507774948099,0.881846835074708,0.804170384949069,0.739612610016907,0.649982592683647,0.611071930736796,0,100000,2272.18633331315,97963.9793444521,4111284.20732574,41.1128420732574,2023,"Males","GMoH report",32.1269979267426
0,1,0.0239354,0.0112889,0.0121998,0.0125974,0.0176668,0.0231446,0.0242413,0.0266655,0.0231835,0.022226,0.0157152,0.0201432,0.0237733,0.0463451,0.0579602,0.0776145,0.0993902,0.235194,0.106354430434,0.0234341490777999,0.0441585960501,0.0591936240628938,0.0610638845518658,0.0845975787397993,0.109393337407591,0.114280717129615,0.124994873032856,0.109567126317543,0.105280110651642,0.0756056069155037,0.0958873069943772,0.112198196535742,0.20766487634792,0.253123306348456,0.325008976905014,0.3980462572153,1,0.9765658509222,0.9558414039499,0.940806375937106,0.938936115448134,0.915402421260201,0.890606662592409,0.885719282870385,0.875005126967144,0.890432873682457,0.894719889348358,0.924394393084496,0.904112693005623,0.887801803464258,0.79233512365208,0.746876693651544,0.674991023094986,0.6019537427847,0,100000,2343.41490777998,97905.8176500075,4119767.43097265,41.1976743097265,2023,"Males","GMoH report",32.0421656902735
0,1,0.02505,0.0124901,0.0134257,0.0143281,0.0191143,0.0246907,0.0266139,0.0299551,0.0258711,0.0250597,0.0162222,0.0213538,0.0249747,0.0527783,0.0663993,0.084653,0.0990515,0.244715,0.1099882605,0.024503695162293,0.0487427952266785,0.0649485506101822,0.0691630618343289,0.0912128266680474,0.116276151090664,0.124768086553204,0.139340596262261,0.121497326303663,0.117911436911097,0.0779497105152008,0.101358051119985,0.117534996789221,0.233130872217154,0.284731559417006,0.349334472292547,0.396959031282343,1,0.975496304837707,0.951257204773321,0.935051449389818,0.930836938165671,0.908787173331953,0.883723848909336,0.875231913446796,0.860659403737739,0.878502673696337,0.882088563088903,0.922050289484799,0.898641948880015,0.882465003210779,0.766869127782847,0.715268440582994,0.650665527707452,0.603040968717657,0,100000,2450.3695162293,97819.142364443,3912201.42927812,39.1220142927812,2023,"Males","GMoH report",34.1178257072188
0,1,0.0258179,0.0137905,0.0145238,0.015041,0.0192639,0.0261873,0.027138,0.0316615,0.027968,0.0257096,0.0167248,0.0200403,0.0255031,0.0559942,0.0702193,0.0868508,0.109886,0.248383,0.112491775759,0.02523957061063,0.0536814129494415,0.0700746253894228,0.0724795863541192,0.0918939121636754,0.122891038752211,0.12706900346024,0.146695964314631,0.130701360849409,0.12078468514687,0.0802678410308194,0.095420844142812,0.119872687179012,0.245591720245565,0.298666175548303,0.356786103668721,0.431021836253594,1,0.97476042938937,0.946318587050559,0.929925374610577,0.927520413645881,0.908106087836325,0.877108961247789,0.87293099653976,0.853304035685369,0.869298639150591,0.87921531485313,0.919732158969181,0.904579155857188,0.880127312820988,0.754408279754435,0.701333824451697,0.643213896331279,0.568978163746406,0,100000,2523.957061063,97759.9673506754,3806765.40011,38.0676540011,2023,"Males","GMoH report",35.1721859989
0,1,0.0229976,0.0115165,0.0123631,0.0119727,0.0163817,0.0216878,0.0228642,0.0254874,0.022857,0.0200154,0.0143768,0.0195153,0.0238706,0.0444671,0.0570175,0.0767913,0.0991061,0.235855,0.10339943908,0.0225329776384273,0.0450288504867389,0.0599622032136241,0.0581237543167302,0.0786859749119618,0.102861880282048,0.108139681722879,0.119803312624534,0.108107468955226,0.0953079339471838,0.069389985153609,0.0930373695548172,0.112631543683379,0.200091750323027,0.24951998555854,0.322117035273085,0.397134396874733,1,0.977467022361573,0.954971149513261,0.940037796786376,0.94187624568327,0.921314025088038,0.897138119717952,0.891860318277121,0.880196687375466,0.891892531044774,0.904692066052816,0.930610014846391,0.906962630445183,0.887368456316621,0.799908249676973,0.75048001444146,0.677882964726915,0.602865603125267,0,100000,2253.29776384273,97979.6919610188,4208440.7446334,42.084407446334,2023,"Males","GMoH report",31.155432553666
0,1,0.0238894,0.0135453,0.0143993,0.01451,0.0197434,0.0266089,0.0255422,0.030082,0.0274393,0.0250551,0.0165509,0.022166,0.0253346,0.0523165,0.0675883,0.0863003,0.101779,0.2358,0.106204460774,0.0233899717298016,0.0527521135915371,0.0694948085095704,0.0700103736942414,0.0940736650058107,0.124746108203556,0.120045438501751,0.139889602447905,0.128389223920215,0.117891068710857,0.0794663989442827,0.105010825125661,0.11912785839666,0.231326958003964,0.289093204427912,0.354925958301897,0.405672616829321,1,0.976610028270198,0.947247886408463,0.93050519149043,0.929989626305759,0.905926334994189,0.875253891796444,0.879954561498249,0.860110397552095,0.871610776079785,0.882108931289143,0.920533601055717,0.894989174874338,0.88087214160334,0.768673041996036,0.710906795572088,0.645074041698103,0.594327383170679,0,100000,2338.99717298016,97909.4147605281,3851309.1506015,38.513091506015,2023,"Males","GMoH report",34.726748493985
0,1,0.0240413,0.0117485,0.0118922,0.0124762,0.0167519,0.0213758,0.0226273,0.0244009,0.0233816,0.0219781,0.0146041,0.0180918,0.023,0.0433755,0.051858,0.0757693,0.0887235,0.228814,0.106699686673,0.0235358418866922,0.045915132140104,0.0577442350207166,0.0604941569962097,0.0803926748744277,0.101457179078628,0.107079216132039,0.114989859823577,0.110451658740011,0.104167017198286,0.0704484109057291,0.0865446296722395,0.108747044917258,0.195660337569397,0.229532286691837,0.318512774994099,0.363082601921127,1,0.976464158113308,0.954084867859896,0.942255764979283,0.93950584300379,0.919607325125572,0.898542820921372,0.892920783867961,0.885010140176423,0.889548341259989,0.895832982801714,0.929551589094271,0.913455370327761,0.891252955082742,0.804339662430603,0.770467713308163,0.681487225005901,0.636917398078873,0,100000,2353.58418866922,97897.5425068203,4215163.94051543,42.1516394051543,2023,"Males","GMoH report",31.0882005948457
0,1,0.0228216,0.0120172,0.0126279,0.0124396,0.0177098,0.0227576,0.0229884,0.0276289,0.0238391,0.0214664,0.015824,0.0198964,0.0239721,0.0493711,0.0562558,0.0829851,0.0928315,0.237083,0.10375063828,0.0223641668111612,0.046940610588863,0.0612072038754529,0.0603220447309133,0.084794754635874,0.107662641665105,0.108695179347708,0.129219049507646,0.112491273221371,0.101865296972665,0.0761091230905383,0.0947681380454798,0.113083384496291,0.219734201865674,0.246597632293113,0.343634203208339,0.376727136962633,1,0.977635833188839,0.953059389411137,0.938792796124547,0.939677955269087,0.915205245364126,0.892337358334894,0.891304820652292,0.870780950492354,0.887508726778629,0.898134703027335,0.923890876909462,0.90523186195452,0.886916615503709,0.780265798134326,0.753402367706887,0.656365796791661,0.623272863037367,0,100000,2236.41668111613,97995.6129770097,4110803.26471217,41.1080326471217,2023,"Males","GMoH report",32.1318073528783
0,1,0.0230366,0.0116587,0.0123556,0.0130154,0.0164469,0.0232483,0.0234827,0.0268263,0.023531,0.0211915,0.0147097,0.0202208,0.0246844,0.0436593,0.061233,0.080541,0.0989755,0.234993,0.103424153686,0.0225704290240942,0.0455721753583004,0.0599269174469802,0.0630262212982857,0.0789867807876586,0.109856554651253,0.110902759427953,0.125701251305273,0.111118194417882,0.1006264371432,0.0709397441149797,0.0962389296293758,0.116248206903762,0.196814537641835,0.265518729145573,0.33520969074439,0.396714868766102,1,0.977429570975906,0.9544278246417,0.94007308255302,0.936973778701714,0.921013219212341,0.890143445348747,0.889097240572047,0.874298748694727,0.888881805582118,0.8993735628568,0.92906025588502,0.903761070370624,0.883751793096238,0.803185462358165,0.734481270854427,0.66479030925561,0.603285131233898,0,100000,2257.0429024094,97976.3898496053,4133694.81671743,41.3369481671743,2023,"Males","GMoH report",31.9028918328257
0,1,0.0242165,0.0113481,0.0121385,0.0122524,0.0165803,0.0227757,0.023496,0.0249682,0.0236226,0.0233568,0.0148877,0.0194183,0.0239462,0.0448828,0.0580646,0.0799984,0.0931946,0.239352,0.107270875465,0.0237040475334752,0.0443850285157997,0.0589049554943302,0.0594412549205293,0.0796019398901004,0.107743656979339,0.110962087009086,0.117506203993616,0.111526627710608,0.11034097007536,0.0717673722310881,0.0925963411706165,0.112968107745747,0.201773590707485,0.253521446538327,0.333327777759259,0.377922223803748,1,0.976295952466525,0.9556149714842,0.94109504450567,0.940558745079471,0.9203980601099,0.892256343020661,0.889037912990914,0.882493796006384,0.888473372289392,0.88965902992464,0.928232627768912,0.907403658829383,0.887031892254253,0.798226409292515,0.746478553461673,0.666672222240741,0.622077776196252,0,100000,2370.40475334752,97883.8706397505,4160927.4925443,41.609274925443,2023,"Males","GMoH report",31.630565074557
0,1,0.0246571,0.0126929,0.0141876,0.0140622,0.0195837,0.024992,0.0258377,0.0309027,0.027674,0.0245274,0.0162983,0.0226009,0.0269993,0.04981,0.0676587,0.0892113,0.103795,0.25122,0.108707323991,0.0241268711679382,0.0495146314684678,0.0685080866737681,0.0679231284575119,0.0933482401723423,0.1176116256306,0.12134998850501,0.143432380442267,0.129416331130721,0.11555155214952,0.0783010644050192,0.106960964825205,0.126460628858174,0.221471287877104,0.289350759432039,0.364714797062128,0.412052521362856,1,0.975873128832062,0.950485368531532,0.931491913326232,0.932076871542488,0.906651759827658,0.8823883743694,0.87865001149499,0.856567619557733,0.870583668869279,0.88444844785048,0.921698935594981,0.893039035174795,0.873539371141826,0.778528712122896,0.710649240567961,0.635285202937872,0.587947478637144,0,100000,2412.68711679382,97849.5896433004,3877387.38865333,38.7738738865333,2023,"Males","GMoH report",34.4659661134667
0,1,0.0247167,0.0127231,0.0128481,0.0135307,0.0184538,0.0249727,0.0257876,0.0277186,0.0254964,0.0223588,0.0155234,0.0209048,0.0248271,0.0458044,0.0623817,0.0869258,0.103733,0.237638,0.108901632507,0.0241840461177528,0.049629517374973,0.062241294074019,0.0654398814888471,0.0881999398738881,0.117526137561307,0.121128938466033,0.129611384681424,0.119843082103632,0.105875857209557,0.0747173324053471,0.0993326757024391,0.116880961690062,0.205491018033918,0.26982772025796,0.357039203919776,0.411857075077472,1,0.975815953882247,0.950370482625027,0.937758705925981,0.934560118511153,0.911800060126112,0.882473862438693,0.878871061533967,0.870388615318576,0.880156917896368,0.894124142790443,0.925282667594653,0.900667324297561,0.883119038309938,0.794508981966082,0.73017227974204,0.642960796080224,0.588142924922528,0,100000,2418.40461177529,97844.9635985095,3990455.82740558,39.9045582740558,2023,"Males","GMoH report",33.3352817259442
0,1,0.0244082,0.0127244,0.0139804,0.0148377,0.0195743,0.0253448,0.0268023,0.0300841,0.0272408,0.0259553,0.0159838,0.0229024,0.0263384,0.0483065,0.0669878,0.0892325,0.0993347,0.243146,0.107895857722,0.0238880460078893,0.0496344624909601,0.0675413618615761,0.0715349641558614,0.0933055241944037,0.119172962735174,0.125595855504996,0.139898684931621,0.127519656362407,0.121868656171199,0.0768481849533564,0.108310570003859,0.123556311136881,0.215506578646529,0.286893147958041,0.364785659170231,0.397868203431486,1,0.976111953992111,0.95036553750904,0.932458638138424,0.928465035844139,0.906694475805596,0.880827037264826,0.874404144495004,0.860101315068379,0.872480343637593,0.878131343828801,0.923151815046644,0.891689429996141,0.876443688863119,0.784493421353471,0.713106852041959,0.635214340829769,0.602131796568514,0,100000,2388.80460078894,97868.9375205434,3866564.12648308,38.6656412648308,2023,"Males","GMoH report",34.5741987351692
0,1,0.023943,0.0129848,0.0126154,0.0133836,0.0178473,0.0249961,0.0247118,0.0277873,0.0253161,0.0248295,0.0160576,0.0208669,0.0247095,0.0464737,0.0609761,0.0804121,0.0928311,0.25326,0.10637920803,0.0234414476620147,0.0506245019345602,0.0611484690101242,0.0647514802232116,0.0854249865919919,0.117629785308618,0.11636973590091,0.12991175754867,0.119046045987913,0.116891600041899,0.0771893122490732,0.0991615163843961,0.116359535164624,0.20818113138579,0.264552110185322,0.33476300867526,0.37672581945417,1,0.976558552337985,0.94937549806544,0.938851530989876,0.935248519776788,0.914575013408008,0.882370214691382,0.88363026409909,0.87008824245133,0.880953954012087,0.883108399958101,0.922810687750927,0.900838483615604,0.883640464835376,0.79181886861421,0.735447889814678,0.66523699132474,0.62327418054583,0,100000,2344.14476620147,97905.2234975347,4003282.52967326,40.0328252967326,2023,"Males","GMoH report",33.2070147032674
0,1,0.0235367,0.0113811,0.0127124,0.0128288,0.0162654,0.0235571,0.0236557,0.0259339,0.0232615,0.0215696,0.0145711,0.0207973,0.0242427,0.0442042,0.057836,0.0790691,0.0939417,0.229921,0.105054584707,0.0230511491703266,0.0445112265588228,0.0616041582467597,0.0621507026641552,0.0781491807870652,0.111234589149845,0.11167417315523,0.121774294086477,0.109915501409885,0.102329959276001,0.0702948179455828,0.098847117127415,0.114286939999203,0.1990264837658,0.252649420316445,0.330094760860177,0.380375659718546,1,0.976948850829673,0.955488773441177,0.93839584175324,0.937849297335845,0.921850819212935,0.888765410850155,0.88832582684477,0.878225705913523,0.890084498590115,0.897670040723999,0.929705182054417,0.901152882872585,0.885713060000797,0.8009735162342,0.747350579683555,0.669905239139823,0.619624340281454,0,100000,2305.11491703265,97937.0479732781,4142028.17555491,41.420281755549,2023,"Males","GMoH report",31.819558244451
0,1,0.0250442,0.0124476,0.0138376,0.0144655,0.0186317,0.0248858,0.0264653,0.0299943,0.0285333,0.0221369,0.0181412,0.0208773,0.0250799,0.0496289,0.0617532,0.0878696,0.101552,0.239546,0.109969351282,0.0244981340066593,0.0485809671076613,0.0668745420909072,0.0698031561131143,0.0890123705395459,0.117141123567792,0.124114670056391,0.139510221414563,0.133167247446114,0.104880194079219,0.0867706889443088,0.0992084866539488,0.118000874659094,0.220754938127865,0.267472753843395,0.360217566333299,0.404951031996682,1,0.975501865993341,0.951419032892339,0.933125457909093,0.930196843886886,0.910987629460454,0.882858876432208,0.875885329943609,0.860489778585437,0.866832752553885,0.895119805920781,0.913229311055691,0.900791513346051,0.881999125340907,0.779245061872135,0.732527246156605,0.639782433666701,0.595048968003318,0,100000,2449.81340066594,97819.5909897672,3908273.68052166,39.0827368052166,2023,"Males","GMoH report",34.1571031947834
0,1,0.0254317,0.0127535,0.0137977,0.0140401,0.01857,0.0263147,0.0255303,0.0319605,0.028351,0.0245118,0.0160424,0.0215812,0.0258548,0.0500593,0.0654512,0.0875598,0.0965057,0.249621,0.111232682657,0.0248695763533086,0.0497451504475347,0.0666881425392166,0.067820001009564,0.0887306782617006,0.123451994500776,0.119992865372924,0.147978808247513,0.132372750384615,0.115482302258736,0.0771190628647465,0.102382174537195,0.121425424816158,0.222456462959437,0.281237646395583,0.359175633429991,0.388739545185483,1,0.975130423646691,0.950254849552465,0.933311857460783,0.932179998990436,0.911269321738299,0.876548005499224,0.880007134627076,0.852021191752487,0.867627249615386,0.884517697741264,0.922880937135254,0.897617825462805,0.878574575183842,0.777543537040563,0.718762353604417,0.640824366570009,0.611260454814517,0,100000,2486.95763533087,97789.6733341013,3880259.58953384,38.8025958953383,2023,"Males","GMoH report",34.4372441046617
0,1,0.0235505,0.0110167,0.0119469,0.0121703,0.0165718,0.0221092,0.0231111,0.0263613,0.0223407,0.0201391,0.0133338,0.020154,0.0229684,0.0418564,0.0599542,0.0778516,0.0921813,0.221621,0.105099575605,0.023064409442079,0.0431167905080206,0.0580021357121513,0.0590547159754111,0.0795627548480238,0.104755830955592,0.109243647826776,0.123657095519692,0.105794681876504,0.0958687253816653,0.0645183142535162,0.0959362519457151,0.108605749271104,0.189457027215177,0.260696391075459,0.325840072524608,0.374582699505243,1,0.976935590557921,0.956883209491979,0.941997864287849,0.940945284024589,0.920437245151976,0.895244169044408,0.890756352173224,0.876342904480308,0.894205318123496,0.904131274618335,0.935481685746484,0.904063748054285,0.891394250728896,0.810542972784823,0.739303608924541,0.674159927475392,0.625417300494757,0,100000,2306.4409442079,97935.9650201863,4213960.60149129,42.1396060149129,2023,"Males","GMoH report",31.1002339850871
0,1,0.0248621,0.0120691,0.0130568,0.0128615,0.0178668,0.0230836,0.0235284,0.0266589,0.0236137,0.0215294,0.0149686,0.0205152,0.0247057,0.0450449,0.0606312,0.0870673,0.0968576,0.235891,0.109375667041,0.0243235096048758,0.0471385600107486,0.0632203609769891,0.0623041867551225,0.085514331361094,0.109120750603427,0.111106598754653,0.124965868519325,0.111486951437123,0.102148984151521,0.0721432898778366,0.0975717405696631,0.116342681532176,0.20242856394939,0.263252684577163,0.357516507472376,0.389880722363913,1,0.975676490395124,0.952861439989251,0.936779639023011,0.937695813244877,0.914485668638906,0.890879249396573,0.888893401245347,0.875034131480675,0.888513048562877,0.897851015848479,0.927856710122163,0.902428259430337,0.883657318467824,0.79757143605061,0.736747315422837,0.642483492527624,0.610119277636087,0,100000,2432.35096048759,97833.6890482936,4085658.48958785,40.8565848958785,2023,"Males","GMoH report",32.3832551041215
0,1,0.0252802,0.0138044,0.0140893,0.0139088,0.0189971,0.0257857,0.0277317,0.030788,0.0271603,0.024526,0.0167558,0.0205967,0.0259228,0.0483643,0.0658996,0.0858863,0.100289,0.237382,0.110738760842,0.0247243786128102,0.0537340668939386,0.0680495728819846,0.0672070755683378,0.0906789092335007,0.121120554307014,0.129668668466705,0.142938057698915,0.127166780246198,0.115545337623608,0.0804106385562001,0.0979403785146198,0.121725345532101,0.215736623098672,0.282891850518867,0.353524271007435,0.400924265774382,1,0.97527562138719,0.946265933106061,0.931950427118015,0.932792924431662,0.909321090766499,0.878879445692986,0.870331331533295,0.857061942301085,0.872833219753802,0.884454662376392,0.9195893614438,0.90205962148538,0.878274654467899,0.784263376901328,0.717108149481133,0.646475728992565,0.599075734225618,0,100000,2472.43786128103,97801.3568437361,3862842.88604716,38.6284288604716,2023,"Males","GMoH report",34.6114111395284
0,1,0.0251092,0.013802,0.0138906,0.0149815,0.0181479,0.0248813,0.0259701,0.0308402,0.0273952,0.0267367,0.0160862,0.0213829,0.0262075,0.0524363,0.0688947,0.0920873,0.0995552,0.241347,0.110181264932,0.0245604546866339,0.053724975768876,0.0671220849180919,0.072203218697701,0.0868013446916749,0.117121181845377,0.12193391038479,0.143163056743544,0.128196105150456,0.125307713163644,0.0773214780975673,0.101489168165106,0.122980003871354,0.231795282562429,0.29386000737479,0.374272207390843,0.398575372651511,1,0.975439545313366,0.946275024231124,0.932877915081908,0.927796781302299,0.913198655308325,0.882878818154623,0.87806608961521,0.856836943256456,0.871803894849544,0.874692286836356,0.922678521902433,0.898510831834894,0.877019996128646,0.768204717437571,0.70613999262521,0.625727792609157,0.601424627348489,0,100000,2456.04546866339,97814.5647278044,3862319.33866395,38.6231933866395,2023,"Males","GMoH report",34.6166466133605
0,1,0.0232122,0.0118936,0.012134,0.0125272,0.0164001,0.0224584,0.0236433,0.025311,0.0231951,0.0209723,0.015578,0.0210759,0.0235747,0.0457499,0.0577808,0.0753403,0.091768,0.232489,0.103996646562,0.0227392640332063,0.0464690318456804,0.0588837611068245,0.060733934635098,0.0787708744546411,0.106322421331899,0.111618902033857,0.119023491045376,0.109618944075676,0.0996374345770494,0.0749702823537338,0.100104992947827,0.111313069453865,0.205271610829301,0.252438721763779,0.316995213744763,0.373216638740219,1,0.977260735966794,0.95353096815432,0.941116238893176,0.939266065364902,0.921229125545359,0.893677578668101,0.888381097966143,0.880976508954624,0.890381055924324,0.900362565422951,0.925029717646266,0.899895007052173,0.888686930546135,0.794728389170699,0.747561278236221,0.683004786255237,0.626783361259781,0,100000,2273.92640332063,97962.5543171535,4165359.90262375,41.6535990262375,2023,"Males","GMoH report",31.5862409737625
0,1,0.0256392,0.0132053,0.0150404,0.0146443,0.0195673,0.0263604,0.02713,0.0319621,0.0289945,0.0245133,0.0174433,0.0224983,0.0271207,0.055374,0.0694223,0.0900476,0.106656,0.255414,0.111909176232,0.0250683942118019,0.0514620562180476,0.0724767998488822,0.0706354820264019,0.0932737131802216,0.123653134765799,0.12703392409805,0.147985668187093,0.135174227175407,0.115488961123244,0.0835720683503604,0.106501256928134,0.12699314268777,0.243202290864213,0.295777597272222,0.367505523953183,0.421019389881892,1,0.974931605788198,0.948537943781952,0.927523200151118,0.929364517973598,0.906726286819778,0.876346865234201,0.87296607590195,0.852014331812907,0.864825772824593,0.884511038876756,0.91642793164964,0.893498743071866,0.87300685731223,0.756797709135787,0.704222402727778,0.632494476046817,0.578980610118108,0,100000,2506.83942118018,97773.69891339,3793704.74818432,37.9370474818432,2023,"Males","GMoH report",35.3027925181568
0,1,0.0248287,0.0129579,0.0134251,0.0133406,0.0186219,0.0240375,0.0254737,0.0285852,0.0246983,0.0235769,0.0172257,0.0216773,0.0245233,0.0491536,0.0635677,0.0930777,0.0972714,0.243631,0.109266776027,0.0242914758417822,0.0505222748299617,0.0649457422880227,0.0645501554892019,0.0889676340392129,0.113374406744686,0.119742771409843,0.133393313628189,0.116309860435043,0.1113228790333,0.0825725740288769,0.10281464048456,0.115533352350743,0.21887211858037,0.274254224356011,0.377537657857981,0.391220568888539,1,0.975708524158218,0.949477725170038,0.935054257711977,0.935449844510798,0.911032365960787,0.886625593255314,0.880257228590157,0.866606686371811,0.883690139564957,0.8886771209667,0.917427425971123,0.89718535951544,0.884466647649257,0.78112788141963,0.725745775643989,0.622462342142019,0.608779431111461,0,100000,2429.14758417822,97836.2775408387,3966196.04866415,39.6619604866415,2023,"Males","GMoH report",33.5778795133585
0,1,0.0243862,0.0124277,0.0128968,0.0130954,0.0176026,0.0243407,0.0252743,0.0286061,0.0243511,0.0219947,0.015837,0.0198332,0.0249416,0.0483185,0.0648868,0.0778685,0.0940331,0.235434,0.107824133102,0.0238669324228759,0.0485051842435528,0.0624698471869968,0.0634013353816092,0.0843031149710275,0.114722438832759,0.118861167956775,0.133484334450676,0.114768643229628,0.104241593555559,0.0761692682469333,0.0944813321099904,0.117388365836623,0.215554343619547,0.279150967504347,0.325899279822796,0.380675302930107,1,0.976133067577124,0.951494815756447,0.937530152813003,0.936598664618391,0.915696885028973,0.885277561167241,0.881138832043225,0.866515665549324,0.885231356770372,0.895758406444441,0.923830731753067,0.90551866789001,0.882611634163377,0.784445656380453,0.720849032495653,0.674100720177204,0.619324697069893,0,100000,2386.69324228758,97870.6498875425,4028364.08288191,40.2836408288192,2023,"Males","GMoH report",32.9561991711808
0,1,0.0237552,0.0134479,0.0142932,0.0143704,0.0192605,0.0256914,0.025128,0.03168,0.0266724,0.0255164,0.0172678,0.0203244,0.0263417,0.0549391,0.0665956,0.0901095,0.103145,0.234889,0.105766940592,0.0232610723630097,0.0523827247126729,0.0690004084064136,0.0693601666528304,0.0918784383456109,0.120704341219954,0.118213808547073,0.146775389177168,0.125025194973943,0.119931452700765,0.082766031790615,0.0967081616008968,0.123570835318244,0.241522876358616,0.285453184727846,0.36771170524138,0.410001093124248,1,0.97673892763699,0.947617275287327,0.930999591593586,0.93063983334717,0.908121561654389,0.879295658780046,0.881786191452927,0.853224610822832,0.874974805026058,0.880068547299235,0.917233968209385,0.903291838399103,0.876429164681756,0.758477123641384,0.714546815272154,0.63228829475862,0.589998906875752,0,100000,2326.10723630097,97919.9180095715,3862046.84268013,38.6204684268013,2023,"Males","GMoH report",34.6193715731987
0,1,0.023824,0.0115401,0.0123911,0.0122072,0.0172382,0.0236484,0.023737,0.0254312,0.0242055,0.0211456,0.0162156,0.0201385,0.0244314,0.0436056,0.0539982,0.0778022,0.0948892,0.229994,0.10599124304,0.0233271580192431,0.0451190434532894,0.0600939254023668,0.0592284656842481,0.0826300180568318,0.111641634902905,0.112036475455294,0.119554936262315,0.114121575509983,0.100419427390432,0.0779192322440581,0.0958660060908486,0.11512531824931,0.196596255773146,0.23787847617017,0.325666981022691,0.38347654384052,1,0.976672841980757,0.954880956546711,0.939906074597633,0.940771534315752,0.917369981943168,0.888358365097095,0.887963524544706,0.880445063737685,0.885878424490017,0.899580572609568,0.922080767755942,0.904133993909151,0.884874681750691,0.803403744226854,0.76212152382983,0.674333018977309,0.61652345615948,0,100000,2332.71580192431,97914.5316455807,4139232.09571196,41.3923209571196,2023,"Males","GMoH report",31.8475190428804
0,1,0.0268603,0.0137645,0.0149677,0.0157363,0.0202984,0.0282277,0.0285377,0.0327233,0.0289655,0.0276767,0.016773,0.0227862,0.0274296,0.0574103,0.0678022,0.0940968,0.104179,0.261129,0.115890218663,0.0262372325285009,0.0535829159079695,0.0721391086583365,0.0757032763316554,0.0965904224236876,0.131835002733359,0.133186415104202,0.151243531374437,0.135048156553383,0.129428140462176,0.0804898589879863,0.107790651634325,0.128346749967714,0.251023206079968,0.289875507212236,0.380884069680273,0.413261956567013,1,0.973762767471499,0.946417084092031,0.927860891341663,0.924296723668345,0.903409577576312,0.868164997266641,0.866813584895798,0.848756468625563,0.864951843446617,0.870571859537824,0.919510141012014,0.892209348365675,0.871653250032286,0.748976793920032,0.710124492787764,0.619115930319727,0.586738043432987,0,100000,2623.72325285009,97680.3406086339,3711770.34197368,37.1177034197368,2023,"Males","GMoH report",36.1221365802632
0,1,0.0235131,0.0130538,0.0132328,0.0137477,0.017852,0.0235312,0.0255746,0.0297561,0.0252849,0.0242375,0.0158442,0.0197112,0.0245141,0.0451801,0.0631503,0.082408,0.100507,0.231057,0.104977643751,0.0230284715691519,0.0508866711444297,0.064045254878122,0.0664545083875995,0.0854465217349684,0.11111908638608,0.120188563885157,0.138479011699892,0.118908054341925,0.114263826276555,0.0762025777923559,0.0939274434420621,0.115492512498407,0.202974481563754,0.272698948915719,0.3416527089103,0.401620756552855,1,0.976971528430848,0.94911332885557,0.935954745121878,0.933545491612401,0.914553478265032,0.88888091361392,0.879811436114843,0.861520988300108,0.881091945658075,0.885736173723445,0.923797422207644,0.906072556557938,0.884507487501593,0.797025518436246,0.727301051084281,0.6583472910897,0.598379243447145,0,100000,2302.84715691519,97938.9003115365,3989320.54957897,39.8932054957897,2023,"Males","GMoH report",33.3466345042103
0,1,0.0234981,0.0117925,0.012943,0.0124568,0.0168966,0.0229315,0.0239709,0.0284739,0.0245335,0.022267,0.0144306,0.0204167,0.0242265,0.0450425,0.0607897,0.078536,0.0909208,0.231215,0.104928740601,0.0230140574362471,0.04608312939326,0.062686617765648,0.0604029318949282,0.0810589484298984,0.108440728581342,0.113078043799704,0.132908445531922,0.11557862924834,0.105464078414842,0.0696406105147641,0.0971260180673127,0.114214929996122,0.202418870107911,0.263850081718406,0.328234448400956,0.370409239127778,1,0.976985942563753,0.95391687060674,0.937313382234352,0.939597068105072,0.918941051570102,0.891559271418658,0.886921956200296,0.867091554468078,0.88442137075166,0.894535921585158,0.930359389485236,0.902873981932687,0.885785070003878,0.797581129892089,0.736149918281594,0.671765551599044,0.629590760872222,0,100000,2301.40574362471,97940.0778626657,4100039.24505162,41.0003924505162,2023,"Males","GMoH report",32.2394475494838
0,1,0.0233791,0.0119075,0.0118936,0.012264,0.0169118,0.0226118,0.0240313,0.0255792,0.022709,0.0206782,0.0153452,0.0192565,0.0240873,0.0437691,0.0579406,0.0829779,0.0898504,0.234243,0.104540775611,0.0228996941977381,0.0465220767423802,0.0577508366238271,0.0594958570236548,0.0811289102395279,0.107009790072118,0.11334682133135,0.120208882388989,0.107445074507522,0.0983088736235916,0.0738913077603882,0.0918602335324557,0.113595950645068,0.197260692553853,0.253048539483068,0.343609510911369,0.36684832757103,1,0.977100305802262,0.95347792325762,0.942249163376173,0.940504142976345,0.918871089760472,0.892990209927882,0.88665317866865,0.879791117611011,0.892554925492478,0.901691126376408,0.926108692239612,0.908139766467544,0.886404049354932,0.802739307446147,0.746951460516932,0.656390489088631,0.63315167242897,0,100000,2289.96941977381,97949.4257594948,4167950.71561649,41.6795071561649,2023,"Males","GMoH report",31.5603328438351
0,1,0.0253979,0.0137085,0.0148004,0.0152443,0.0201345,0.0268438,0.0267009,0.029496,0.0290614,0.0270878,0.018028,0.0222902,0.0268922,0.0578475,0.0623757,0.0901962,0.110651,0.264029,0.111122487559,0.0248371850934831,0.0533707345702865,0.0713615512424771,0.0734232835947417,0.0958478772869164,0.125778094937774,0.125150427383678,0.137351686628048,0.135464994054464,0.126848858712424,0.0862525955199173,0.105568161420748,0.125990589661746,0.252693309453475,0.269805268745741,0.3680004047359,0.433372303197291,1,0.975162814906517,0.946629265429714,0.928638448757523,0.926576716405258,0.904152122713084,0.874221905062227,0.874849572616322,0.862648313371952,0.864535005945536,0.873151141287576,0.913747404480083,0.894431838579252,0.874009410338254,0.747306690546525,0.730194731254259,0.6319995952641,0.566627696802709,0,100000,2483.71850934831,97792.2784698068,3780140.82278287,37.8014082278287,2023,"Males","GMoH report",35.4384317721713
0,1,0.0243308,0.0120229,0.0130019,0.012978,0.0172418,0.0233977,0.0237707,0.0266559,0.0238986,0.0220296,0.0154471,0.0204679,0.0241565,0.0455592,0.0594319,0.0828612,0.0941734,0.227924,0.107643517468,0.023813761629869,0.0469623526603986,0.0629629064660477,0.0628508056119212,0.0826465612985084,0.110523510165502,0.11218661412882,0.124952684352894,0.112756211037262,0.104398364474909,0.0743637396915275,0.0973577293296349,0.113903712426899,0.204503464410565,0.258719083285249,0.343209187236415,0.381135042881709,1,0.976186238370131,0.953037647339601,0.937037093533952,0.937149194388079,0.917353438701492,0.889476489834498,0.88781338587118,0.875047315647106,0.887243788962738,0.895601635525091,0.925636260308472,0.902642270670365,0.886096287573101,0.795496535589435,0.741280916714751,0.656790812763585,0.618864957118291,0,100000,2381.3761629869,97874.9635436115,4089552.42755644,40.8955242755644,2023,"Males","GMoH report",32.3443157244356
0,1,0.0222607,0.0117005,0.0127488,0.012392,0.0167387,0.0238598,0.023613,0.0257262,0.0235374,0.0218518,0.0144205,0.0198543,0.0240072,0.0411062,0.0588889,0.0774477,0.0934618,0.228302,0.104869886185,0.0218257943561528,0.0457318294588338,0.0617751038888544,0.0600981590331529,0.0803318722259296,0.112583453302248,0.111483830760623,0.120857959881257,0.111146736982377,0.10359941571898,0.0695935649901489,0.0945770949588941,0.113239586497588,0.186377792921523,0.256658637853302,0.324423806000113,0.378800547479055,1,0.978174205643847,0.954268170541166,0.938224896111146,0.939901840966847,0.91966812777407,0.887416546697752,0.888516169239376,0.879142040118743,0.888853263017623,0.89640058428102,0.930406435009851,0.905422905041106,0.886760413502412,0.813622207078477,0.743341362146698,0.675576193999887,0.621199452520945,0,100000,2182.57943561529,98046.3074213874,4147343.87694055,41.4734387694055,2023,"Males","GMoH report",31.7664012305945
0,1,0.023429,0.0119461,0.012956,0.0135785,0.0179894,0.0241256,0.0249872,0.0280761,0.0243332,0.024818,0.0158628,0.0207657,0.02601,0.0473748,0.0612568,0.0828543,0.102297,0.23499,0.10470346009,0.0229476522801039,0.0466693661696026,0.0627476050717268,0.0656634713845134,0.0860758669956702,0.113766299416965,0.117590365074525,0.131173405850035,0.114689116948662,0.11684062351407,0.0762886221128699,0.0987043383051423,0.122109809628882,0.211790203650273,0.265608225179553,0.343185511654344,0.407316786681983,1,0.977052347719896,0.953330633830397,0.937252394928273,0.934336528615487,0.91392413300433,0.886233700583035,0.882409634925475,0.868826594149965,0.885310883051338,0.88315937648593,0.92371137788713,0.901295661694858,0.877890190371118,0.788209796349727,0.734391774820447,0.656814488345656,0.592683213318017,0,100000,2294.76522801039,97945.5046314565,4016282.80902315,40.1628280902315,2023,"Males","GMoH report",33.0770119097685
0,1,0.0241399,0.0132231,0.0139783,0.014234,0.0197828,0.0265077,0.0263911,0.0314535,0.0268353,0.0245252,0.0166222,0.0218756,0.0271079,0.050174,0.0675776,0.0864324,0.106072,0.246228,0.107021143379,0.0236305107777488,0.0515296369161871,0.0675315590213303,0.0687244407750209,0.094252551557615,0.124301155641504,0.123788231039532,0.145802502471298,0.125740771674695,0.115541786447542,0.079795075730482,0.103706400654601,0.126937010530594,0.222909363934834,0.289054052204383,0.35537270954813,0.41919726837288,1,0.976369489222251,0.948470363083813,0.93246844097867,0.931275559224979,0.905747448442385,0.875698844358496,0.876211768960468,0.854197497528702,0.874259228325305,0.884458213552458,0.920204924269518,0.896293599345399,0.873062989469406,0.777090636065166,0.710945947795617,0.64462729045187,0.58080273162712,0,100000,2363.05107777489,97889.8453504316,3853341.81794039,38.5334181794039,2023,"Males","GMoH report",34.7064218205961
0,1,0.0240919,0.0119589,0.0129762,0.013014,0.017699,0.0239721,0.0242314,0.0285602,0.0247549,0.0235023,0.0151886,0.0204186,0.0245168,0.0470029,0.0596029,0.0798116,0.0940666,0.233302,0.106864653299,0.0235844261789701,0.0467182033557772,0.0628423623443675,0.0630196555080457,0.0847452352052555,0.113083384496291,0.114236711379686,0.133284425385278,0.11656086839728,0.110990188246912,0.0731648219628381,0.0971346177357519,0.115504498290763,0.210302438753753,0.259366944812576,0.332678909805432,0.380785100632182,1,0.97641557382103,0.953281796644223,0.937157637655632,0.936980344491954,0.915254764794745,0.886916615503709,0.885763288620314,0.866715574614722,0.88343913160272,0.889009811753088,0.926835178037162,0.902865382264248,0.884495501709237,0.789697561246247,0.740633055187424,0.667321090194568,0.619214899367818,0,100000,2358.442617897,97893.5915347901,4046801.79286055,40.4680179286055,2023,"Males","GMoH report",32.7718220713945
0,1,0.0245439,0.0135168,0.0149483,0.0142329,0.0191251,0.0263729,0.0282547,0.0325744,0.0281076,0.0268074,0.0154634,0.0224013,0.0277777,0.0523617,0.0689562,0.090895,0.0996796,0.244583,0.108338268219,0.0240182637474229,0.0526440420254995,0.0720489757398693,0.0687193122516343,0.0912620122249896,0.123708143739905,0.131952784172596,0.150607155670793,0.131310913424569,0.125618253104328,0.0744392887556401,0.106066434928112,0.129869789846455,0.231503683888357,0.294083754516946,0.37032359262164,0.398974062579301,1,0.975981736252577,0.947355957974501,0.927951024260131,0.931280687748366,0.90873798777501,0.876291856260095,0.868047215827404,0.849392844329207,0.868689086575431,0.874381746895672,0.92556071124436,0.893933565071888,0.870130210153545,0.768496316111642,0.705916245483054,0.62967640737836,0.601025937420699,0,100000,2401.82637474229,97858.38333526,3798766.68547021,37.9876668547021,2023,"Males","GMoH report",35.2521731452979
0,1,0.0238379,0.0117504,0.0129119,0.012956,0.0173537,0.0224666,0.023744,0.0265528,0.0237858,0.0209757,0.0153609,0.0193177,0.0245157,0.0451671,0.0623925,0.0831605,0.0981258,0.239461,0.106036559959,0.0233405088299476,0.0459223871637423,0.0625407017816633,0.0627476050717268,0.083160638087071,0.106359177269872,0.11206766349494,0.124499475797603,0.112253879200294,0.099652782809079,0.0739641116917842,0.0921387291783771,0.115499615208578,0.202922003894717,0.269868131511649,0.344235507662568,0.393979994611803,1,0.976659491170052,0.954077612836258,0.937459298218337,0.937252394928273,0.916839361912929,0.893640822730128,0.88793233650506,0.875500524202397,0.887746120799706,0.900347217190921,0.926035888308216,0.907861270821623,0.884500384791422,0.797077996105283,0.730131868488351,0.655764492337432,0.606020005388197,0,100000,2334.05088299475,97913.4438434073,4111678.97060522,41.1167897060522,2023,"Males","GMoH report",32.1230502939478
0,1,0.0248082,0.0122512,0.0141644,0.0143579,0.0186974,0.0250712,0.0252592,0.029444,0.0270819,0.0240898,0.0159143,0.0215244,0.0254385,0.0495208,0.0634265,0.0812332,0.10724,0.241357,0.109199941722,0.0242718136464032,0.047832782041311,0.0683998914440739,0.069301924737045,0.0893122336083291,0.117962355483034,0.118794372937728,0.137126144503125,0.126822981727861,0.113607070955255,0.076526822953671,0.102126472394006,0.119587202380603,0.220327068291389,0.273728412164604,0.337604304939892,0.422837315669111,1,0.975728186353597,0.952167217958689,0.931600108555926,0.930698075262955,0.910687766391671,0.882037644516966,0.881205627062272,0.862873855496875,0.873177018272139,0.886392929044745,0.923473177046329,0.897873527605994,0.880412797619397,0.779672931708611,0.726271587835396,0.662395695060108,0.577162684330889,0,100000,2427.18136464033,97837.8666989271,3925050.40127023,39.2505040127023,2023,"Males","GMoH report",33.9893359872977
0,1,0.0240538,0.0126441,0.0135881,0.013699,0.0183228,0.0248724,0.0241729,0.0268413,0.0245607,0.0227371,0.0159106,0.0191642,0.0249855,0.0493372,0.0631254,0.0835247,0.0979629,0.232535,0.106740439298,0.0235478442641198,0.0493289594086814,0.0657083702359908,0.066226894432909,0.0876012495613435,0.117081740306031,0.113976635471054,0.125767117661763,0.115699357005959,0.107570875610397,0.0765097114620305,0.0914400609594044,0.117582835179083,0.219599890683433,0.272606080340227,0.345482660968509,0.393454612783402,1,0.97645215573588,0.950671040591319,0.934291629764009,0.933773105567091,0.912398750438656,0.882918259693969,0.886023364528946,0.874232882338237,0.884300642994041,0.892429124389603,0.923490288537969,0.908559939040596,0.882417164820917,0.780400109316567,0.727393919659773,0.654517339031491,0.606545387216598,0,100000,2354.78442641198,97896.5662977153,4007865.88612441,40.0786588612441,2023,"Males","GMoH report",33.1611811387559
0,1,0.0238708,0.0125846,0.0143509,0.0142526,0.0186168,0.0262004,0.0264025,0.0287774,0.0270531,0.0238337,0.0170571,0.0218631,0.0270862,0.0516697,0.0661628,0.0837525,0.102485,0.242357,0.106143820868,0.0233721078831378,0.0491025286362485,0.06926930772927,0.0688111553192424,0.088944351970585,0.122948734914374,0.123838392129502,0.134230022384575,0.126696656692107,0.11246722476292,0.0817974325338185,0.103650212592663,0.126841841295738,0.228794183005856,0.283861346293612,0.346261776424928,0.40791267401017,1,0.976627892116862,0.950897471363751,0.93073069227073,0.931188844680758,0.911055648029415,0.877051265085626,0.876161607870498,0.865769977615425,0.873303343307893,0.88753277523708,0.918202567466181,0.896349787407337,0.873158158704262,0.771205816994144,0.716138653706388,0.653738223575072,0.59208732598983,0,100000,2337.21078831378,97910.8696949318,3894115.20657914,38.9411520657914,2023,"Males","GMoH report",34.2986879342086
0,1,0.0249835,0.0129341,0.0135636,0.0143169,0.0196264,0.0253802,0.0263415,0.0295701,0.0270044,0.0252325,0.0164733,0.0201082,0.0266045,0.0518047,0.0658956,0.0845058,0.100651,0.241902,0.109771456535,0.0244399308905699,0.0504318196041168,0.0655937804971231,0.0691108665854567,0.0935422556826739,0.119329484541123,0.123569955071228,0.137672989810045,0.126483005795725,0.118676253578924,0.0791085526971357,0.0957286718040733,0.124726766829698,0.229323422266302,0.28287710809031,0.348832975786874,0.402080491200457,1,0.97556006910943,0.949568180395883,0.934406219502877,0.930889133414543,0.906457744317326,0.880670515458877,0.876430044928772,0.862327010189955,0.873516994204275,0.881323746421075,0.920891447302864,0.904271328195927,0.875273233170302,0.770676577733698,0.71712289190969,0.651167024213126,0.597919508799543,0,100000,2443.99308905698,97824.2875920903,3889780.12928269,38.8978012928269,2023,"Males","GMoH report",34.3420387071731
0,1,0.0244836,0.0126102,0.0126845,0.0133666,0.0172571,0.0240338,0.0265249,0.0278486,0.0259674,0.0242139,0.015566,0.0202442,0.0240386,0.0494134,0.0609146,0.0805942,0.100615,0.230327,0.108141677556,0.0239604029785356,0.0491999573945271,0.061473110814678,0.0646718917300043,0.0827168668909409,0.113357944578946,0.124376794883487,0.130179694405918,0.121922006238036,0.114158918413564,0.074914694657407,0.0963449346832152,0.113379300846668,0.219901765278917,0.264320548752415,0.335393976872796,0.401965582333729,1,0.976039597021464,0.950800042605473,0.938526889185322,0.935328108269996,0.917283133109059,0.886642055421054,0.875623205116512,0.869820305594082,0.878077993761964,0.885841081586435,0.925085305342593,0.903655065316785,0.886620699153332,0.780098234721083,0.735679451247585,0.664606023127204,0.598034417666271,0,100000,2396.04029785356,97863.0715194481,4007494.27169892,40.0749427169892,2023,"Males","GMoH report",33.1648972830108
0,1,0.0241408,0.0116549,0.0136312,0.013156,0.0184964,0.023878,0.024984,0.0277819,0.0254946,0.0233347,0.0167351,0.0202895,0.0262679,0.0456309,0.0576126,0.079033,0.0994183,0.23021,0.107024077568,0.0236313748336083,0.0455576600556351,0.0659099216886927,0.0636853876017775,0.088394547718929,0.112664493085275,0.117576191103665,0.129888150947948,0.119835128342404,0.110242321264947,0.0803152890169319,0.0965501160509601,0.123245968087205,0.204792351697335,0.251796388473569,0.329968916546459,0.398136391878311,1,0.976368625166392,0.954442339944365,0.934090078311307,0.936314612398222,0.911605452281071,0.887335506914726,0.882423808896335,0.870111849052052,0.880164871657596,0.889757678735053,0.919684710983068,0.90344988394904,0.876754031912795,0.795207648302665,0.748203611526431,0.670031083453541,0.601863608121689,0,100000,2363.13748336083,97889.7751259622,4018448.71426786,40.1844871426786,2023,"Males","GMoH report",33.0553528573214
0,1,0.0250064,0.0139207,0.0141373,0.0146329,0.0190306,0.0257769,0.0265413,0.0298742,0.0287708,0.0259092,0.0166009,0.0215061,0.0267332,0.0536944,0.0651944,0.0850929,0.107583,0.231717,0.109846115344,0.0244618894920515,0.054174505911126,0.0682734928730158,0.0705824356919097,0.0908315526360128,0.121081721436743,0.124448910339984,0.13899043022354,0.13420130288723,0.121665369050492,0.0796968993585948,0.102044074806984,0.125292337226164,0.236698535401804,0.280288842685982,0.350831356220633,0.423903085800746,1,0.975538110507948,0.945825494088874,0.931726507126984,0.92941756430809,0.909168447363987,0.878918278563257,0.875551089660016,0.86100956977646,0.86579869711277,0.878334630949508,0.920303100641405,0.897955925193016,0.874707662773836,0.763301464598196,0.719711157314018,0.649168643779367,0.576096914199254,0,100000,2446.18894920516,97822.5154042624,3841346.71758977,38.4134671758977,2023,"Males","GMoH report",34.8263728241023
0,1,0.0231906,0.0119213,0.0124605,0.0124492,0.0177025,0.0242238,0.0247729,0.0278814,0.0246947,0.0234546,0.016099,0.0211568,0.0247944,0.0445288,0.0593414,0.0826665,0.0934167,0.24145,0.103926226026,0.0227184985039483,0.0465747371715144,0.0604203311589837,0.0603671918869039,0.0847612834493449,0.114202927794244,0.116640680231719,0.130323028764513,0.116293893001255,0.110777400930348,0.0773806233612674,0.10046994373592,0.11673600216952,0.200341575169033,0.25837601400614,0.342540864137039,0.378652364218722,1,0.977281501496052,0.953425262828486,0.939579668841016,0.939632808113096,0.915238716550655,0.885797072205756,0.883359319768281,0.869676971235487,0.883706106998745,0.889222599069652,0.922619376638733,0.89953005626408,0.88326399783048,0.799658424830967,0.74162398599386,0.657459135862961,0.621347635781278,0,100000,2271.84985039484,97964.2549306544,4060965.58975068,40.6096558975068,2023,"Males","GMoH report",32.6301841024932
0,1,0.0231266,0.0119394,0.0118501,0.0126826,0.0161431,0.0214735,0.0224742,0.0246236,0.0223668,0.0197816,0.0137661,0.0188089,0.0241967,0.0448066,0.0534697,0.0818346,0.0959186,0.23146,0.103717572586,0.022656967173217,0.0466438019812501,0.0575456944164879,0.0614641857931495,0.0775843694152324,0.101897272307749,0.106393242474925,0.115978480706207,0.105911733592697,0.0942471037320359,0.0665404923216281,0.089820918323369,0.114082452786644,0.201465535808147,0.235824797114339,0.33967921772326,0.386832032515014,1,0.977343032826783,0.95335619801875,0.942454305583512,0.938535814206851,0.922415630584768,0.898102727692251,0.893606757525075,0.884021519293793,0.894088266407303,0.905752896267964,0.933459507678372,0.910179081676631,0.885917547213356,0.798534464191853,0.764175202885661,0.66032078227674,0.613167967484986,0,100000,2265.6967173217,97969.295846415,4226607.98354335,42.2660798354335,2023,"Males","GMoH report",30.9737601645665
0,1,0.0227229,0.0116239,0.0126756,0.0130528,0.0162141,0.0243743,0.0239694,0.0266921,0.0247145,0.0226207,0.0148885,0.0197984,0.0256863,0.0415258,0.0592061,0.0821277,0.103454,0.232811,0.103947589195,0.022269473273943,0.0454392376900297,0.0614313034257417,0.0632016052185096,0.077912305229448,0.114871706415775,0.113071367886456,0.125111760916127,0.116381710537314,0.107049654690364,0.0717710903049856,0.0943233704559141,0.120681826030107,0.188101352174663,0.257862863755512,0.340688576906077,0.410976971083753,1,0.977730526726057,0.95456076230997,0.938568696574258,0.93679839478149,0.922087694770552,0.885128293584225,0.886928632113544,0.874888239083873,0.883618289462686,0.892950345309636,0.928228909695014,0.905676629544086,0.879318173969893,0.811898647825337,0.742137136244488,0.659311423093923,0.589023028916247,0,100000,2226.9473273943,98004.5384785526,4103561.39478941,41.0356139478941,2023,"Males","GMoH report",32.2042260521059
0,1,0.0236329,0.0117327,0.012203,0.0128772,0.0164329,0.0218112,0.0240967,0.0256024,0.020822,0.0220164,0.0152027,0.0208125,0.0249668,0.0459574,0.0581586,0.0779053,0.0989063,0.238166,0.105368216909,0.0231435811997941,0.0458547988041413,0.0592086908634823,0.0623778692550715,0.0789221985102522,0.103416884141531,0.113637762331091,0.120311351627716,0.0989587046304613,0.104339073078677,0.073230255968952,0.0989157879102926,0.117500002353125,0.206106681938678,0.253879770018504,0.326028190103772,0.396492487667524,1,0.976856418800206,0.954145201195859,0.940791309136518,0.937622130744929,0.921077801489748,0.896583115858469,0.886362237668909,0.879688648372284,0.901041295369539,0.895660926921323,0.926769744031048,0.901084212089707,0.882499997646875,0.793893318061322,0.746120229981496,0.673971809896228,0.603507512332476,0,100000,2314.35811997941,97929.5016684117,4163866.97867418,41.6386697867418,2023,"Males","GMoH report",31.6011702132582
0,1,0.0244591,0.0132989,0.0139514,0.014762,0.0187031,0.0245807,0.0255746,0.0302606,0.0265421,0.0242851,0.0168388,0.0206639,0.0261114,0.0493646,0.0665874,0.0904847,0.105229,0.247651,0.108061802411,0.0239368926173634,0.0518173719055311,0.067405980508823,0.0711829916916207,0.0893382446893754,0.1157881175475,0.120188563885157,0.140661729193889,0.124452428025276,0.114475384593991,0.0807928628524984,0.0982442277552222,0.12255668353393,0.219708450554405,0.285423052572787,0.368960336581345,0.416559619499277,1,0.976063107382637,0.948182628094469,0.932594019491177,0.928817008308379,0.910661755310625,0.8842118824525,0.879811436114843,0.859338270806111,0.875547571974724,0.885524615406009,0.919207137147502,0.901755772244778,0.87744331646607,0.780291549445595,0.714576947427213,0.631039663418655,0.583440380500723,0,100000,2393.68926173635,97864.9771142987,3898334.60210003,38.9833460210003,2023,"Males","GMoH report",34.2564939789997
0,1,0.0246414,0.0126776,0.0131231,0.0138495,0.0181657,0.0250784,0.0261406,0.029019,0.0260114,0.023568,0.0159252,0.0203062,0.0242285,0.0470564,0.0653251,0.0827043,0.0979125,0.245019,0.108656138694,0.0241118091727565,0.0494564225158267,0.0635311847727711,0.0669301279813072,0.0868827835472876,0.117994233534332,0.122685329677576,0.135280721832833,0.122115980933844,0.111283194197862,0.0765772307135995,0.0966257457063446,0.114223820417534,0.21051661490586,0.280771873255924,0.342670657791944,0.393291994075264,1,0.975888190827243,0.950543577484173,0.936468815227229,0.933069872018693,0.913117216452712,0.882005766465668,0.877314670322424,0.864719278167167,0.877884019066156,0.888716805802138,0.923422769286401,0.903374254293655,0.885776179582466,0.78948338509414,0.719228126744076,0.657329342208056,0.606708005924736,0,100000,2411.18091727566,97850.8086908882,3962954.86149371,39.6295486149371,2023,"Males","GMoH report",33.6102913850629
0,1,0.0244063,0.0121662,0.0136863,0.0140051,0.019538,0.0240307,0.0247476,0.0285842,0.0257537,0.0229292,0.0154779,0.0212084,0.0241768,0.0481734,0.0613829,0.0808181,0.100022,0.238384,0.107889663323,0.0238862225881484,0.0475087969491153,0.0661675283904737,0.0676566544711647,0.0931405498429224,0.11334415173241,0.116528498336424,0.133388958342375,0.120979336174882,0.108430441785528,0.0745064899962188,0.100702645056461,0.11399397609676,0.214976613962364,0.266082249688924,0.336169125080774,0.400070396902536,1,0.976113777411852,0.952491203050885,0.933832471609526,0.932343345528835,0.906859450157078,0.88665584826759,0.883471501663576,0.866611041657625,0.879020663825118,0.891569558214472,0.925493510003781,0.899297354943539,0.88600602390324,0.785023386037636,0.733917750311076,0.663830874919226,0.599929603097464,0,100000,2388.62225881484,97869.0853924945,3976350.97531101,39.7635097531101,2023,"Males","GMoH report",33.4763302468899
0,1,0.0240663,0.0120891,0.0134903,0.0124075,0.0172759,0.0233158,0.0242996,0.0259505,0.0240883,0.0227955,0.0153676,0.0206976,0.0248908,0.0477159,0.0573873,0.0787585,0.0983913,0.242956,0.106781191923,0.0235598464256787,0.0472148303879149,0.0652508656188549,0.0601710686638822,0.0828032484023161,0.110157948274078,0.114539820447627,0.121847491668633,0.113600398784876,0.107832273522306,0.0739951792099336,0.0983965679861259,0.11716328054173,0.213152581804667,0.250935257712665,0.329011390920474,0.394835543878876,1,0.976440153574321,0.952785169612085,0.934749134381145,0.939828931336118,0.917196751597684,0.889842051725922,0.885460179552373,0.878152508331367,0.886399601215124,0.892167726477694,0.926004820790066,0.901603432013874,0.88283671945827,0.786847418195333,0.749064742287335,0.670988609079526,0.605164456121124,0,100000,2355.98464256787,97895.5902057178,4081282.99893432,40.8128299893432,2023,"Males","GMoH report",32.4270100106568
0,1,0.0237345,0.0120445,0.0130607,0.0136203,0.0174892,0.0249825,0.0241883,0.0269019,0.0254657,0.0216189,0.0156259,0.0207617,0.0256096,0.0476351,0.0637496,0.0844378,0.101424,0.230963,0.105699454245,0.0232411877478431,0.0470447392755903,0.0632386474917609,0.0658589532477008,0.0837827661170636,0.117569546981346,0.114045106854668,0.126033170618355,0.119707417072634,0.102551854293059,0.0751921379298066,0.0986862635073487,0.120343150154508,0.212830048403264,0.274931126625231,0.348601203291733,0.404543859089314,1,0.976758812252157,0.95295526072441,0.936761352508239,0.934141046752299,0.916217233882936,0.882430453018654,0.885954893145332,0.873966829381645,0.880292582927366,0.897448145706941,0.924807862070193,0.901313736492651,0.879656849845492,0.787169951596736,0.725068873374769,0.651398796708267,0.595456140910686,0,100000,2324.11877478431,97921.5393113109,4032243.63150057,40.3224363150057,2023,"Males","GMoH report",32.9174036849943
0,1,0.0248906,0.0117861,0.0131183,0.0128384,0.0183738,0.0245373,0.0254315,0.0273488,0.0249367,0.0241474,0.0154693,0.0196004,0.0249251,0.0470743,0.0649393,0.0835098,0.0981235,0.236923,0.109468583026,0.0243508426006836,0.0460586952244307,0.0635086850425169,0.0621957647350634,0.0878343720376372,0.115595496555897,0.119556262288994,0.127992871396854,0.11736665719859,0.113863246597763,0.0744666332747089,0.0934241244765258,0.117315263325231,0.210588262398443,0.279345282276633,0.345431674807832,0.393972579089322,1,0.975649157399316,0.953941304775569,0.936491314957483,0.937804235264937,0.912165627962363,0.884404503444103,0.880443737711006,0.872007128603146,0.88263334280141,0.886136753402237,0.925533366725291,0.906575875523474,0.882684736674769,0.789411737601557,0.720654717723367,0.654568325192168,0.606027420910678,0,100000,2435.08426006835,97831.4809634303,4017858.55150974,40.1785855150974,2023,"Males","GMoH report",33.0612544849026
0,1,0.0242018,0.0119782,0.0130178,0.0134402,0.0171869,0.0238636,0.024754,0.0282314,0.0261907,0.023441,0.0164564,0.0212046,0.0250844,0.0449713,0.058762,0.0881274,0.10095,0.237151,0.107222950378,0.0236899360157035,0.0467918360586447,0.0630374768351388,0.0650164159169815,0.0823942458404135,0.112600374271346,0.116556877627992,0.131851144031008,0.122906013669468,0.110716723227085,0.0790306020029948,0.100685510082274,0.118020797752164,0.20213123857651,0.25617640519485,0.361083602354631,0.403034234953588,1,0.976310063984297,0.953208163941355,0.936962523164861,0.934983584083019,0.917605754159586,0.887399625728654,0.883443122372008,0.868148855968992,0.877093986330532,0.889283276772915,0.920969397997005,0.899314489917726,0.881979202247836,0.79786876142349,0.743823594805149,0.638916397645369,0.596965765046412,0,100000,2368.99360157034,97885.0168818166,4024507.29900829,40.2450729900829,2023,"Males","GMoH report",32.9947670099171
0,1,0.0236972,0.0128868,0.0134425,0.0131678,0.0186112,0.0248417,0.0250016,0.02871,0.0241128,0.0227203,0.0154891,0.0203516,0.0248571,0.0510482,0.0657818,0.0880805,0.101754,0.249527,0.105577848412,0.0232053555141025,0.050252024423323,0.0650271803213264,0.0637406884079544,0.0889187866927593,0.116945676471966,0.117654145302041,0.133936693802337,0.113709371657729,0.107495665573667,0.0745583939506476,0.096831319305077,0.117013932449287,0.226353635819853,0.282457579922616,0.360926117720335,0.40559317912762,1,0.976794644485897,0.949747975576677,0.934972819678674,0.936259311592046,0.911081213307241,0.883054323528034,0.882345854697959,0.866063306197663,0.886290628342271,0.892504334426333,0.925441606049352,0.903168680694923,0.882986067550713,0.773646364180147,0.717542420077384,0.639073882279665,0.59440682087238,0,100000,2320.53555141026,97924.4615992712,3982594.42909578,39.8259442909578,2023,"Males","GMoH report",33.4138957090422
0,1,0.0245799,0.0128325,0.0142174,0.0141464,0.0192964,0.0253365,0.0263256,0.0306043,0.0274974,0.024633,0.0173298,0.021618,0.0259811,0.0507781,0.0677606,0.0853462,0.103038,0.239748,0.108455635779,0.0240528051133454,0.0500455801845632,0.0686470437987395,0.0683159385183597,0.0920418109957538,0.119136260349159,0.12349997279075,0.142145816936803,0.128643589411304,0.116020186843698,0.0830508628906922,0.102547803936265,0.121982407200695,0.225290891460788,0.289723418346907,0.351692049922303,0.409662888290745,1,0.975947194886655,0.949954419815437,0.93135295620126,0.93168406148164,0.907958189004246,0.880863739650841,0.87650002720925,0.857854183063197,0.871356410588696,0.883979813156302,0.916949137109308,0.897452196063735,0.878017592799305,0.774709108539212,0.710276581653093,0.648307950077697,0.590337111709255,0,100000,2405.28051133454,97855.5857157491,3875108.14631984,38.7510814631984,2023,"Males","GMoH report",34.4887585368016
0,1,0.0245493,0.012985,0.0137892,0.0141764,0.018213,0.0257824,0.0267144,0.0301161,0.0271829,0.0253526,0.0164342,0.0215522,0.0259448,0.0549258,0.0694286,0.0810605,0.105258,0.25403,0.108355873353,0.0240234450655539,0.0506252619472304,0.0666484287168442,0.0684558560072472,0.0870991576062915,0.12110599216877,0.125209742160096,0.140037073711028,0.127265861999626,0.119207452828547,0.0789281956188997,0.102251630996114,0.121822358202284,0.241471466335829,0.295800468910501,0.337007507371734,0.416650503307221,1,0.975976554934446,0.94937473805277,0.933351571283156,0.931544143992753,0.912900842393709,0.87889400783123,0.874790257839904,0.859962926288972,0.872734138000374,0.880792547171453,0.9210718043811,0.897748369003886,0.878177641797717,0.758528533664171,0.704199531089499,0.662992492628266,0.583349496692779,0,100000,2402.34450655538,97857.9636305472,3883054.06496092,38.8305406496092,2023,"Males","GMoH report",34.4092993503908
0,1,0.0244702,0.0120109,0.0127042,0.0132757,0.0179728,0.0232931,0.0240636,0.0267683,0.0244389,0.0212292,0.0150968,0.0212469,0.0250643,0.0493983,0.0640472,0.0848435,0.107226,0.233122,0.108097990742,0.0239475443524587,0.0469165793150107,0.0615656443525411,0.0642462162667682,0.0859998545359889,0.110056601442358,0.113490523591273,0.125446524495845,0.115158624716066,0.100796431016653,0.0727386961306375,0.100876231967523,0.117931804670493,0.219841953118203,0.276037437571006,0.349983035763086,0.422793784230304,1,0.976052455647541,0.953083420684989,0.938434355647459,0.935753783733232,0.914000145464011,0.889943398557642,0.886509476408727,0.874553475504155,0.884841375283934,0.899203568983347,0.927261303869363,0.899123768032477,0.882068195329507,0.780158046881797,0.723962562428994,0.650016964236914,0.577206215769696,0,100000,2394.75443524586,97864.1137075247,4060219.53669267,40.6021953669267,2023,"Males","GMoH report",32.6376446330733
0,1,0.0245983,0.0123602,0.0134366,0.0138291,0.0184863,0.0258709,0.025535,0.0298697,0.0259887,0.0239482,0.0159255,0.0219059,0.0255463,0.0507635,0.0647322,0.0850755,0.098347,0.247466,0.108515623643,0.0240704589034579,0.0482480879662394,0.0649995670436531,0.0668348359262314,0.0883484118834953,0.121496444110175,0.120013629901183,0.138970948638622,0.122015912628668,0.112977009927156,0.0765786180457798,0.10384258670002,0.12006355125165,0.225233409537374,0.278578501769406,0.350772199379272,0.394692854577232,1,0.975929541096542,0.951751912033761,0.935000432956347,0.933165164073769,0.911651588116505,0.878503555889825,0.879986370098817,0.861029051361378,0.877984087371332,0.887022990072844,0.92342138195422,0.89615741329998,0.87993644874835,0.774766590462626,0.721421498230594,0.649227800620728,0.605307145422768,0,100000,2407.04589034579,97854.1561955824,3934680.80220668,39.3468080220668,2023,"Males","GMoH report",33.8930319779332
0,1,0.0232629,0.0114726,0.012434,0.0128658,0.0171018,0.023166,0.0243842,0.0267306,0.0240921,0.0213721,0.0152303,0.0200252,0.024071,0.0443072,0.0567059,0.084701,0.089803,0.238782,0.104161939209,0.0227880027796516,0.0448610541405346,0.0602957079193277,0.0623243678696564,0.0820030026242994,0.10948894759976,0.114915682534835,0.125280914937902,0.113617301524834,0.101440508282347,0.0733583266924403,0.0953523740956495,0.113523443008364,0.199443988303588,0.248325673042542,0.349497937903986,0.366690281603012,1,0.977211997220348,0.955138945859465,0.939704292080672,0.937675632130344,0.917996997375701,0.89051105240024,0.885084317465165,0.874719085062098,0.886382698475166,0.898559491717653,0.92664167330756,0.904647625904351,0.886476556991636,0.800556011696412,0.751674326957458,0.650502062096014,0.633309718396988,0,100000,2278.80027796516,97958.5639780577,4119873.20111793,41.1987320111793,2023,"Males","GMoH report",32.0411079888207
0,1,0.0234825,0.0130834,0.0142958,0.0143878,0.0187938,0.0247554,0.0257475,0.0295441,0.0263231,0.023683,0.016842,0.0213183,0.0263918,0.0498287,0.061011,0.0787035,0.0970051,0.239733,0.104877881325,0.0229990664053923,0.0509991163229993,0.0690125267984855,0.0694412335498294,0.0897520450398263,0.116563085484022,0.120951972706827,0.137560264475755,0.123488968812621,0.111795847367017,0.0808075961635344,0.101198072810984,0.123791311183752,0.221545223770738,0.264683489114143,0.32881940491348,0.390358569761155,1,0.977000933594608,0.949000883677001,0.930987473201514,0.930558766450171,0.910247954960174,0.883436914515978,0.879048027293173,0.862439735524245,0.876511031187379,0.888204152632983,0.919192403836466,0.898801927189016,0.876208688816248,0.778454776229262,0.735316510885857,0.67118059508652,0.609641430238845,0,100000,2299.90664053922,97941.3026951658,3919537.97079119,39.1953797079119,2023,"Males","GMoH report",34.0444602920881
0,1,0.0235376,0.0119735,0.0126105,0.0136505,0.0176222,0.0236581,0.0241201,0.0272827,0.0240019,0.0231547,0.0160326,0.020298,0.0249712,0.0469436,0.0575478,0.079968,0.093727,0.2377,0.105057518896,0.0230520139787428,0.0467739052900199,0.0611254439719784,0.0660001619724864,0.0843930231678297,0.111684870417915,0.113741838691446,0.127703274670376,0.113216002098104,0.109438463049093,0.0770737677768521,0.0965886109379535,0.117519493085649,0.210064983590771,0.251548799928663,0.333222214814321,0.379671356842952,1,0.976947986021257,0.95322609470998,0.938874556028022,0.933999838027514,0.91560697683217,0.888315129582085,0.886258161308554,0.872296725329624,0.886783997901896,0.890561536950907,0.922926232223148,0.903411389062046,0.882480506914351,0.789935016409229,0.748451200071337,0.666777785185679,0.620328643157048,0,100000,2305.20139787428,97936.977341542,4064485.09726638,40.6448509726638,2023,"Males","GMoH report",32.5949890273362
0,1,0.0249269,0.0141587,0.0150245,0.0157901,0.0199604,0.026807,0.0286728,0.0337626,0.0288538,0.027181,0.0169902,0.0231291,0.025926,0.0539859,0.0764522,0.0905416,0.108873,0.249468,0.109586928649,0.0243856546023555,0.0550752131588943,0.0724029545243715,0.0759522653377269,0.0950584864668193,0.125616496449215,0.133774757810619,0.155673172375857,0.134562407981461,0.127257532521343,0.081489684889477,0.109324080995611,0.12173945708879,0.23783073439065,0.320922854380775,0.369149527787246,0.427898512988506,1,0.975614345397644,0.944924786841106,0.927597045475629,0.924047734662273,0.904941513533181,0.874383503550785,0.866225242189381,0.844326827624143,0.865437592018539,0.872742467478657,0.918510315110523,0.890675919004389,0.87826054291121,0.76216926560935,0.679077145619225,0.630850472212754,0.572101487011494,0,100000,2438.56546023555,97828.6694388612,3724111.53029131,37.2411153029131,2023,"Males","GMoH report",35.9987246970869
0,1,0.0247981,0.0136738,0.0145208,0.0150103,0.0191754,0.0260755,0.0271683,0.0318898,0.027305,0.0256912,0.0166052,0.0218265,0.0261522,0.0552585,0.0698001,0.0914787,0.103672,0.241459,0.109167013601,0.0242621262074787,0.053239234704982,0.0700606579935193,0.072336999828679,0.0914910560113976,0.122398495102394,0.127201854632003,0.147675633923283,0.127800985244732,0.120703458281496,0.0797167198105065,0.103485674797577,0.122736430786935,0.242756587740811,0.297148084898237,0.37225906229507,0.411664734192093,1,0.975737873792521,0.946760765295018,0.929939342006481,0.927663000171321,0.908508943988602,0.877601504897606,0.872798145367997,0.852324366076717,0.872199014755269,0.879296541718504,0.920283280189494,0.896514325202423,0.877263569213065,0.757243412259189,0.702851915101763,0.62774093770493,0.588335265807907,0,100000,2426.21262074787,97838.6497654202,3812185.83117458,38.1218583117458,2023,"Males","GMoH report",35.1179816882542
0,1,0.0237838,0.0116686,0.0114787,0.0128418,0.0161981,0.0211466,0.0226548,0.0247511,0.022001,0.0215272,0.0144339,0.0193822,0.0238933,0.0447945,0.0544834,0.0778712,0.0908861,0.227909,0.105860182598,0.0232885448141437,0.045609990529026,0.0557924383449253,0.0622117237159609,0.0778384139668105,0.100423937887662,0.10720237886805,0.116544018367463,0.104269895095035,0.102139079044009,0.0696559813277823,0.0924321537728592,0.112732614551822,0.201416609243145,0.239759691993151,0.325908738588975,0.370294045808182,1,0.976711455185856,0.954390009470974,0.944207561655075,0.937788276284039,0.92216158603319,0.899576062112338,0.89279762113195,0.883455981632537,0.895730104904965,0.89786092095599,0.930344018672218,0.907567846227141,0.887267385448178,0.798583390756855,0.760240308006849,0.674091261411025,0.629705954191818,0,100000,2328.85448141437,97917.6784792323,4224339.45323441,42.2433945323441,2023,"Males","GMoH report",30.9964454676559
0,1,0.0249155,0.0116699,0.0127561,0.0124286,0.0176098,0.0248233,0.0241852,0.0273694,0.0244658,0.0228765,0.0153943,0.0214705,0.0240486,0.0467424,0.0578294,0.0826714,0.103647,0.238543,0.109549762255,0.0243747221010675,0.0456149560488119,0.0618093833137778,0.0602703110308063,0.0843361434525722,0.116864117387158,0.114031324053739,0.128083105622443,0.115278074228831,0.108194709330029,0.0741189756335125,0.101883761734214,0.113423791518236,0.209258848052032,0.252624230772423,0.34255769038729,0.411585892500104,1,0.975625277898932,0.954385043951188,0.938190616686222,0.939729688969194,0.915663856547428,0.883135882612842,0.885968675946261,0.871916894377557,0.884721925771169,0.891805290669971,0.925881024366487,0.898116238265786,0.886576208481764,0.790741151947968,0.747375769227577,0.65744230961271,0.588414107499896,0,100000,2437.47221010675,97829.5522910136,4060939.26487182,40.6093926487182,2023,"Males","GMoH report",32.6304473512818
0,1,0.0235077,0.0116851,0.0125369,0.0140944,0.0173518,0.0231146,0.0236032,0.0280747,0.0242167,0.0230437,0.0162749,0.0201848,0.0246317,0.0476503,0.0601931,0.0834939,0.100469,0.246124,0.104960038617,0.0230232825174245,0.0456730125618276,0.0607795326914998,0.0680733668458207,0.0831519116486379,0.109259288145576,0.111440140206684,0.131167293932578,0.114171365719454,0.108942409495757,0.0781930402241403,0.0960758218764696,0.116014419083644,0.212890731894964,0.261599315591651,0.345377263291222,0.401499393568832,1,0.976976717482575,0.954326987438172,0.9392204673085,0.931926633154179,0.916848088351362,0.890740711854424,0.888559859793316,0.868832706067422,0.885828634280546,0.891057590504243,0.92180695977586,0.90392417812353,0.883985580916356,0.787109268105036,0.738400684408349,0.654622736708778,0.598500606431168,0,100000,2302.32825174245,97939.3242104695,4062651.34235902,40.6265134235902,2023,"Males","GMoH report",32.6133265764098
0,1,0.0233187,0.0110067,0.0122636,0.0124219,0.0165147,0.0217145,0.023226,0.0255099,0.0233241,0.021238,0.0147886,0.0188399,0.0248325,0.0416953,0.0616083,0.0776511,0.0930558,0.225019,0.104343858927,0.0228416400841518,0.0430784958396827,0.0594939742436635,0.0602387991520334,0.0792994821071141,0.102981993742212,0.109756962001389,0.1199027331679,0.110195001890986,0.100836106903936,0.0713066848992475,0.0899622982433144,0.116904897812667,0.188796665936903,0.266928909207222,0.325137323037673,0.377465593143819,1,0.977158359915848,0.956921504160317,0.940506025756336,0.939761200847967,0.920700517892886,0.897018006257788,0.890243037998611,0.8800972668321,0.889804998109014,0.899163893096064,0.928693315100752,0.910037701756686,0.883095102187333,0.811203334063097,0.733071090792778,0.674862676962327,0.622534406856181,0,100000,2284.16400841517,97954.174478645,4195037.28923986,41.9503728923986,2023,"Males","GMoH report",31.2894671076014
0,1,0.0244733,0.0131284,0.0140718,0.0142589,0.0182427,0.0266489,0.0260633,0.0298635,0.0272653,0.0259342,0.0151653,0.0210253,0.0273442,0.0501559,0.0640881,0.0829221,0.0986635,0.236083,0.108108097393,0.0239505191311484,0.051170038532266,0.0679679224714168,0.0688405246091273,0.0872349953746951,0.124921920576849,0.122344731404934,0.138944106675724,0.127627027048534,0.121775616984971,0.0730566836871964,0.0998766582435782,0.127972720818488,0.222837910155126,0.276189370078655,0.343418120645131,0.395711737474269,1,0.976049480868852,0.948829961467734,0.932032077528583,0.931159475390873,0.912765004625305,0.875078079423151,0.877655268595066,0.861055893324276,0.872372972951466,0.878224383015029,0.926943316312804,0.900123341756422,0.872027279181512,0.777162089844874,0.723810629921345,0.656581879354869,0.604288262525731,0,100000,2395.05191311483,97863.8725923695,3887128.90664404,38.8712890664404,2023,"Males","GMoH report",34.3685509335596
0,1,0.0240333,0.0111484,0.0121667,0.0129333,0.0165117,0.022596,0.0237644,0.0264124,0.0229848,0.0206553,0.0153221,0.0200837,0.0258533,0.0458542,0.0564186,0.0741912,0.0993854,0.227118,0.106673604993,0.023528160251831,0.0436209914772305,0.0590377631186605,0.0626411093510744,0.0792856479181737,0.10693901504037,0.112158548476465,0.123881950900115,0.108679082558049,0.0982053477039277,0.0737841785929523,0.095617611442672,0.121418807838286,0.205691456983023,0.247223053574066,0.312916814989397,0.398030859532537,1,0.976471839748169,0.956379008522769,0.94096223688134,0.937358890648926,0.920714352081826,0.89306098495963,0.887841451523535,0.876118049099885,0.891320917441951,0.901794652296072,0.926215821407048,0.904382388557328,0.878581192161714,0.794308543016977,0.752776946425934,0.687083185010603,0.601969140467463,0,100000,2352.81602518309,97898.1673421085,4156544.89780529,41.5654489780529,2023,"Males","GMoH report",31.6743910219471
0,1,0.0229541,0.0110936,0.012692,0.0130957,0.0170515,0.0234712,0.0240588,0.0246465,0.0241536,0.0214885,0.0149759,0.0194707,0.0240361,0.0436426,0.055637,0.0756196,0.0951345,0.239275,0.103486241155,0.0224912598647112,0.0434112264368014,0.0615083403603656,0.0634027417859832,0.0817716756803416,0.110851458139302,0.113469169841541,0.116080080725969,0.113890816911609,0.101964822290525,0.0721772035436275,0.0928346127631799,0.113368177850895,0.196746660487519,0.244216338883804,0.317983531376756,0.384277403412608,1,0.977508740135289,0.956588773563199,0.938491659639634,0.936597258214017,0.918228324319658,0.889148541860698,0.886530830158459,0.883919919274031,0.886109183088391,0.898035177709475,0.927822796456373,0.90716538723682,0.886631822149105,0.803253339512481,0.755783661116196,0.682016468623244,0.615722596587392,0,100000,2249.12598647112,97983.6276077528,4143857.39031586,41.4385739031586,2023,"Males","GMoH report",31.8012660968414
0,1,0.0249421,0.0121339,0.0128966,0.0137094,0.0182036,0.0247119,0.0248667,0.0282804,0.0265744,0.0225949,0.0168822,0.020909,0.0242462,0.0480786,0.0628413,0.0843477,0.100436,0.229643,0.109636483841,0.0244002309952684,0.047385654415769,0.062468908680769,0.0662755064303591,0.0870561611616925,0.116370179408677,0.117056479126277,0.132064880858428,0.124594443548417,0.106934087467691,0.0809926641147067,0.0993516413286482,0.114302496993491,0.21459895652236,0.271545776057582,0.348294004493053,0.401393984445563,1,0.975599769004732,0.952614345584231,0.937531091319231,0.933724493569641,0.912943838838307,0.883629820591323,0.882943520873724,0.867935119141572,0.875405556451583,0.893065912532309,0.919007335885293,0.900648358671352,0.885697503006509,0.78540104347764,0.728454223942418,0.651705995506947,0.598606015554437,0,100000,2440.02309952685,97827.4924535961,3992131.37580239,39.9213137580239,2023,"Males","GMoH report",33.3185262419761
0,1,0.0249017,0.0120392,0.0132716,0.0130133,0.0180959,0.0241459,0.0249344,0.0264366,0.0247071,0.0225265,0.0159586,0.0225843,0.0251706,0.0466946,0.0625564,0.0830413,0.0962993,0.234747,0.109504771357,0.0243614877835748,0.0470245246848288,0.0642270119698523,0.0630163725962336,0.0865633937094337,0.11385657623945,0.117356467257064,0.123988419380513,0.116348890800272,0.106627631639672,0.0767316747387841,0.106886602270837,0.118402354254974,0.209067224004947,0.270481178079041,0.34382691500706,0.38806945728112,1,0.975638512216425,0.952975475315171,0.935772988030148,0.936983627403766,0.913436606290566,0.88614342376055,0.882643532742936,0.876011580619487,0.883651109199728,0.893372368360328,0.923268325261216,0.893113397729163,0.881597645745026,0.790932775995053,0.729518821920959,0.656173084992939,0.611930542718879,0,100000,2436.14877835747,97830.6211366082,4029316.33763415,40.2931633763415,2023,"Males","GMoH report",32.9466766236585
0,1,0.0254165,0.0136397,0.0149236,0.0146392,0.0203082,0.0257853,0.0275485,0.0309528,0.0270101,0.0247395,0.0160403,0.0221837,0.0260036,0.051602,0.0692433,0.0902196,0.10728,0.24563,0.111183127465,0.024855010060738,0.0531099913032423,0.0719342066828688,0.0706117511320686,0.096634802747127,0.12111878921137,0.128867251317687,0.143648213911129,0.12650801468162,0.11649257956936,0.077109356954122,0.105090272315108,0.12208159743251,0.228528660191939,0.295127495693599,0.368078306130559,0.422961677968775,1,0.975144989939262,0.946890008696758,0.928065793317131,0.929388248867931,0.903365197252873,0.87888121078863,0.871132748682313,0.856351786088871,0.87349198531838,0.88350742043064,0.922890643045878,0.894909727684892,0.87791840256749,0.771471339808061,0.704872504306401,0.631921693869441,0.577038322031225,0,100000,2485.5010060738,97790.8447690989,3813825.79238198,38.1382579238198,2023,"Males","GMoH report",35.1015820761802
0,1,0.0251442,0.0138039,0.0139269,0.014475,0.018968,0.0252868,0.0271895,0.0285666,0.0266481,0.0248642,0.0159104,0.0208076,0.0250174,0.0512469,0.0668903,0.0836979,0.096704,0.238711,0.110295372282,0.0245940095976909,0.0537321729165543,0.0672915918245468,0.0698473973098498,0.0905462947050849,0.118916458258286,0.127294795401104,0.133312301985269,0.124918404652452,0.117045399447635,0.0765087865078632,0.0988936511602927,0.117724121412441,0.227134635163145,0.286535402427508,0.346075101835257,0.389382811493364,1,0.975405990402309,0.946267827083446,0.932708408175453,0.93015260269015,0.909453705294915,0.881083541741714,0.872705204598896,0.866687698014731,0.875081595347547,0.882954600552365,0.923491213492137,0.901106348839707,0.882275878587559,0.772865364836855,0.713464597572492,0.653924898164743,0.610617188506636,0,100000,2459.4009597691,97811.8595846793,3885804.47710701,38.8580447710701,2023,"Males","GMoH report",34.3817952289299
0,1,0.0245525,0.013048,0.0136823,0.0139608,0.0182446,0.0236671,0.0246879,0.0291225,0.025421,0.0225231,0.0150135,0.0211292,0.0255038,0.0476066,0.0645338,0.0864708,0.0984564,0.240148,0.108366306025,0.0240265154574355,0.050864636447272,0.0661488296695314,0.067449864818118,0.0872436846763832,0.11172498407358,0.116263731554396,0.135730473233168,0.119509850242466,0.10661239586664,0.0723518632526412,0.100345452179521,0.119875780192797,0.212716255747793,0.277843291489231,0.355502529648234,0.395045183490472,1,0.975973484542564,0.949135363552728,0.933851170330469,0.932550135181882,0.912756315323617,0.88827501592642,0.883736268445604,0.864269526766832,0.880490149757534,0.89338760413336,0.927648136747359,0.899654547820479,0.880124219807203,0.787283744252207,0.722156708510769,0.644497470351766,0.604954816509528,0,100000,2402.65154574355,97857.7149269339,3977939.29450758,39.7793929450758,2023,"Males","GMoH report",33.4604470549242
0,1,0.0256024,0.0123044,0.0135298,0.0140233,0.0182949,0.0243993,0.025213,0.0304297,0.0275004,0.0228825,0.0157226,0.0215673,0.0251404,0.0509264,0.0645418,0.0840955,0.0998258,0.231981,0.111789200504,0.0250331382216394,0.0480355038918268,0.0654356711414752,0.0677415981177871,0.0874736937983227,0.114982753270328,0.118589977258456,0.141392194822987,0.128656721724705,0.10822155090362,0.0756398617732113,0.102319605908713,0.118268694294873,0.225874555138045,0.277872949215765,0.347433512602369,0.399442365720217,1,0.974966861778361,0.951964496108173,0.934564328858525,0.932258401882213,0.912526306201677,0.885017246729672,0.881410022741544,0.858607805177013,0.871343278275295,0.89177844909638,0.924360138226789,0.897680394091287,0.881731305705127,0.774125444861955,0.722127050784235,0.652566487397631,0.600557634279783,0,100000,2503.31382216394,97776.5296286264,3943974.86186374,39.4397486186374,2023,"Males","GMoH report",33.8000913813626
0,1,0.0242338,0.0115811,0.0125813,0.0126907,0.0174502,0.0222737,0.0228727,0.0261861,0.022513,0.0212473,0.0144878,0.0201078,0.0249647,0.0433769,0.0584642,0.0785482,0.0957261,0.234356,0.107327277098,0.0237206545845205,0.0452757148377843,0.0609882222000852,0.0615022339975192,0.0836037448299222,0.105494138043643,0.108177709272791,0.12288575343025,0.106567135212408,0.100878035301354,0.0699070032941862,0.0957268586777013,0.117490699815773,0.195666034924237,0.255043687162487,0.328277068015301,0.386205608298615,1,0.976279345415479,0.954724285162216,0.939011777799915,0.938497766002481,0.916396255170078,0.894505861956357,0.891822290727209,0.87711424656975,0.893432864787592,0.899121964698646,0.930092996705814,0.904273141322299,0.882509300184227,0.804333965075763,0.744956312837513,0.671722931984699,0.613794391701385,0,100000,2372.06545845205,97882.5218683018,4152117.29770808,41.5211729770808,2023,"Males","GMoH report",31.7186670229192
0,1,0.0238353,0.0119188,0.0132271,0.0133805,0.0176749,0.0246906,0.0247102,0.0279672,0.0249105,0.0231421,0.0146092,0.0204362,0.0242636,0.0469149,0.0658849,0.0790987,0.101795,0.233704,0.106028083413,0.0233380115763686,0.046565197449283,0.0640185505742484,0.0647369675154005,0.0846347242795772,0.116275707538618,0.116362639748233,0.130697866565475,0.117250573944395,0.109382167361744,0.070472145818279,0.0972142741276798,0.114379833669445,0.209950037467983,0.282837670849603,0.330197932075374,0.405723452804432,1,0.976661988423631,0.953434802550717,0.935981449425752,0.9352630324846,0.915365275720423,0.883724292461383,0.883637360251767,0.869302133434525,0.882749426055605,0.890617832638256,0.929527854181721,0.90278572587232,0.885620166330555,0.790049962532017,0.717162329150397,0.669802067924626,0.594276547195568,0,100000,2333.80115763686,97913.6473061744,4027967.91841834,40.2796791841834,2023,"Males","GMoH report",32.9601608158166
0,1,0.024253,0.0136595,0.0142774,0.0141228,0.0188546,0.0259949,0.0253897,0.0296079,0.028014,0.0253191,0.0164116,0.0216759,0.0262919,0.0510349,0.0670015,0.0826727,0.107724,0.245352,0.10738987313,0.023739085048619,0.0531850379482906,0.0689267625991666,0.0682058558475892,0.0900293323745281,0.122043245118662,0.119371484546993,0.137836850765547,0.130902260206442,0.119059313348495,0.0788239328587388,0.102808341667143,0.123351628309147,0.226301334996471,0.286943403822043,0.342562154437158,0.424340783575328,1,0.976260914951381,0.946814962051709,0.931073237400833,0.931794144152411,0.909970667625472,0.877956754881338,0.880628515453007,0.862163149234453,0.869097739793558,0.880940686651505,0.921176067141261,0.897191658332857,0.876648371690853,0.773698665003528,0.713056596177957,0.657437845562842,0.575659216424672,0,100000,2373.9085048619,97881.0252282974,3873596.04943912,38.7359604943912,2023,"Males","GMoH report",34.5038795056088
0,1,0.02401,0.0118272,0.012415,0.0132571,0.0170435,0.0232043,0.0239108,0.0268054,0.023351,0.0212862,0.0159624,0.0203627,0.0253797,0.0445774,0.0569122,0.0782321,0.0985147,0.235457,0.1065976421,0.0235057869863159,0.0462155977642454,0.0602063455499921,0.0641590912775606,0.0817348789754546,0.109660038898471,0.112810525233139,0.125609469795837,0.110315081339125,0.101053393156481,0.0767492446432658,0.0968815739360319,0.119327273962533,0.200538308964873,0.24911656987929,0.327172099070723,0.395232878789733,1,0.976494213013684,0.953784402235755,0.939793654450008,0.935840908722439,0.918265121024545,0.890339961101529,0.887189474766861,0.874390530204163,0.889684918660875,0.898946606843519,0.923250755356734,0.903118426063968,0.880672726037467,0.799461691035127,0.75088343012071,0.672827900929277,0.604767121210267,0,100000,2350.57869863159,97899.987448213,4109167.35107742,41.0916735107742,2023,"Males","GMoH report",32.1481664892258
0,1,0.0240296,0.0120454,0.013069,0.0122202,0.0172719,0.0230447,0.0233445,0.0260851,0.0239537,0.0221105,0.0153831,0.01992,0.0241677,0.046561,0.0631214,0.0802198,0.0945869,0.231195,0.106661542216,0.0235246074657948,0.0470481719003823,0.0632775637968475,0.0592896709088977,0.0827848700092194,0.108946879608703,0.110286067257281,0.122440798798174,0.113001490492948,0.104761667857113,0.0740670479853417,0.0948752143265384,0.113953514140751,0.208531421239204,0.272591160762599,0.334096178458281,0.382488496965852,1,0.976475392534205,0.952951828099618,0.936722436203153,0.940710329091102,0.917215129990781,0.891053120391297,0.889713932742719,0.877559201201826,0.886998509507052,0.895238332142887,0.925932952014658,0.905124785673462,0.886046485859249,0.791468578760796,0.727408839237401,0.665903821541719,0.617511503034148,0,100000,2352.46074657948,97898.4563446533,4109058.50257363,41.0905850257363,2023,"Males","GMoH report",32.1492549742637
0,1,0.0252467,0.0139053,0.0138764,0.0134621,0.018397,0.025078,0.0246435,0.0275655,0.0247838,0.0225078,0.017266,0.0210825,0.0255457,0.0470132,0.0667433,0.0855565,0.101528,0.242042,0.110629543807,0.0246922679854166,0.0541161961162884,0.0670557683404997,0.0651189069082753,0.0879404011023023,0.117992462559813,0.116066771303458,0.128941647537044,0.116689007443316,0.106543831853518,0.0827577612362378,0.100134771689633,0.120060900627124,0.210343676652054,0.28599574969796,0.352405950697808,0.404874702907913,1,0.975307732014583,0.945883803883712,0.9329442316595,0.934881093091725,0.912059598897698,0.882007537440187,0.883933228696542,0.871058352462956,0.883310992556684,0.893456168146482,0.917242238763762,0.899865228310367,0.879939099372876,0.789656323347946,0.71400425030204,0.647594049302193,0.595125297092087,0,100000,2469.22679854165,97803.942635737,3955408.71169778,39.5540871169778,2023,"Males","GMoH report",33.6857528830222
0,1,0.0245459,0.0136762,0.0143247,0.0151061,0.0198271,0.0267582,0.0272025,0.0307525,0.0277798,0.0243471,0.0164789,0.0220949,0.0263368,0.0512922,0.0715675,0.0870598,0.100683,0.239854,0.108344788639,0.0240201827587991,0.0532483303684305,0.0691472171463589,0.0727818743208062,0.0944536453220862,0.125402159817902,0.127351782819623,0.142785009953512,0.12987897044227,0.114750872575776,0.0791343811175068,0.104691622665898,0.123549269028618,0.227312592595219,0.30353024752554,0.357491215657708,0.40218261854307,1,0.975979817241201,0.946751669631569,0.930852782853641,0.927218125679194,0.905546354677914,0.874597840182098,0.872648217180377,0.857214990046488,0.87012102955773,0.885249127424224,0.920865618882493,0.895308377334102,0.876450730971382,0.772687407404781,0.69646975247446,0.642508784342292,0.59781738145693,0,100000,2402.01827587992,97858.2278865273,3817124.98139013,38.1712498139013,2023,"Males","GMoH report",35.0685901860987
0,1,0.0238054,0.0123316,0.0129117,0.0134089,0.0163973,0.0234051,0.0257508,0.0286105,0.0251644,0.023008,0.0160685,0.0210135,0.0250948,0.0447529,0.0590069,0.0848478,0.0970537,0.237806,0.105930603134,0.0233092924865439,0.0481391348884199,0.0625397633440758,0.0648699145083717,0.0787579554430348,0.110556533211338,0.120966537232578,0.133503495597985,0.118374915679676,0.108782812618201,0.0772396852922055,0.0998234023374547,0.118066840620022,0.201248378594046,0.257106810376925,0.349997669371708,0.390515954312381,1,0.976690707513456,0.95186086511158,0.937460236655924,0.935130085491628,0.921242044556965,0.889443466788662,0.879033462767422,0.866496504402015,0.881625084320324,0.891217187381799,0.922760314707795,0.900176597662545,0.881933159379978,0.798751621405954,0.742893189623075,0.650002330628292,0.609484045687619,0,100000,2330.92924865439,97915.9874925183,4039235.79438604,40.3923579438604,2023,"Males","GMoH report",32.8474820561396
0,1,0.0232143,0.0113677,0.0121308,0.0130457,0.0167521,0.021753,0.0244091,0.025057,0.0227115,0.0215135,0.0153267,0.0197558,0.0226994,0.043815,0.0600092,0.0847693,0.0998126,0.228947,0.104003493003,0.0227412828692673,0.0444599844691012,0.0588686892607881,0.0631683128525488,0.0803935960970562,0.103155164278618,0.115026280067982,0.11789948171657,0.10745626745428,0.102077394911432,0.0738055126241583,0.0941299679480307,0.107402092361617,0.197447134504242,0.260904347130449,0.349730480044838,0.399400095155664,1,0.977258717130733,0.955540015530899,0.941131310739212,0.936831687147451,0.919606403902944,0.896844835721382,0.884973719932018,0.88210051828343,0.89254373254572,0.897922605088568,0.926194487375842,0.905870032051969,0.892597907638383,0.802552865495758,0.739095652869551,0.650269519955162,0.600599904844336,0,100000,2274.12828692673,97962.3889984506,4165280.69750678,41.6528069750678,2023,"Males","GMoH report",31.5870330249322
0,1,0.0232634,0.0116426,0.0123245,0.0124078,0.0158406,0.0233425,0.0236731,0.026419,0.0254739,0.0220365,0.015704,0.0206726,0.0250614,0.046128,0.0592651,0.0824471,0.100362,0.234279,0.104163569314,0.0227884834199918,0.0455106748343473,0.0597805854369556,0.0601724797639618,0.0761859231638277,0.110277139668236,0.111751725563884,0.123910988956871,0.119743655251239,0.104429356228667,0.075553759405731,0.0982835582826169,0.117918964177881,0.206792669368432,0.258086669333246,0.341787109923554,0.401157561925166,1,0.977211516580008,0.954489325165653,0.940219414563044,0.939827520236038,0.923814076836172,0.889722860331765,0.888248274436116,0.876089011043129,0.880256344748761,0.895570643771333,0.924446240594269,0.901716441717383,0.882081035822119,0.793207330631568,0.741913330666754,0.658212890076446,0.598842438074834,0,100000,2278.84834199918,97958.5246352288,4123819.36857751,41.2381936857751,2023,"Males","GMoH report",32.0016463142249
0,1,0.0231385,0.0101659,0.012074,0.0122043,0.0167924,0.0233894,0.0221094,0.024779,0.0233863,0.0213759,0.0140699,0.0199007,0.0245308,0.0425915,0.0563823,0.0772272,0.0927382,0.226035,0.103756369085,0.0226684085893824,0.0398533104623418,0.058601125040648,0.0592148116844002,0.0805792044192744,0.110486469429797,0.104756728942781,0.116667726041071,0.110472634565644,0.101457629636626,0.0679590571543597,0.0947876486035865,0.115566644398946,0.192464157129091,0.247083640184994,0.323649615948127,0.376419770174101,1,0.977331591410618,0.960146689537658,0.941398874959352,0.9407851883156,0.919420795580726,0.889513530570203,0.895243271057219,0.883332273958929,0.889527365434356,0.898542370363374,0.93204094284564,0.905212351396413,0.884433355601054,0.807535842870909,0.752916359815006,0.676350384051873,0.623580229825899,0,100000,2266.84085893823,97968.3583178787,4213145.68900506,42.1314568900506,2023,"Males","GMoH report",31.1083831099494
0,1,0.0244761,0.0128112,0.0135348,0.0137102,0.017682,0.0246894,0.0255705,0.0293524,0.0266578,0.0240041,0.0158137,0.021876,0.0246646,0.0470852,0.0654296,0.0811382,0.096085,0.2364,0.108117225981,0.0239532060166927,0.0499645873569064,0.0654590617282995,0.0662792457135454,0.0846672827653574,0.116270384897763,0.120170453544125,0.136728710495155,0.124961034346495,0.113225791920408,0.0760614669502231,0.103708198617603,0.116160376918632,0.210631888508052,0.281157880805174,0.337276067458373,0.387373131620589,1,0.976046793983307,0.950035412643094,0.9345409382717,0.933720754286455,0.915332717234643,0.883729615102237,0.879829546455875,0.863271289504845,0.875038965653505,0.886774208079592,0.923938533049777,0.896291801382397,0.883839623081368,0.789368111491948,0.718842119194826,0.662723932541627,0.612626868379411,0,100000,2395.32060166927,97863.6548171184,3960177.40212961,39.6017740212961,2023,"Males","GMoH report",33.6380659787039
0,1,0.0248586,0.0123882,0.013158,0.0133206,0.0173245,0.0236326,0.0244099,0.02853,0.0255055,0.0239171,0.0154664,0.0201486,0.0242369,0.0520147,0.0615752,0.0784436,0.0980593,0.235666,0.109364256306,0.0243201528448025,0.0483547435323452,0.0636947608420992,0.0644565018051362,0.0830265177338019,0.111571205804275,0.115029833187209,0.13315287144424,0.119883291755336,0.112838571503721,0.0744531928454383,0.095911779784581,0.114261159272095,0.230146054984495,0.266804629018197,0.327911586653056,0.393765561650992,1,0.975679847155198,0.951645256467655,0.936305239157901,0.935543498194864,0.916973482266198,0.888428794195725,0.884970166812791,0.86684712855576,0.880116708244664,0.887161428496279,0.925546807154562,0.904088220215419,0.885738840727905,0.769853945015505,0.733195370981803,0.672088413346944,0.606234438349008,0,100000,2432.01528448025,97833.9602584318,4020228.0152961,40.202280152961,2023,"Males","GMoH report",33.037559847039
0,1,0.0246997,0.0142817,0.0147368,0.0146179,0.0193734,0.0262335,0.0279951,0.0316964,0.0277912,0.028482,0.0173855,0.0230055,0.0258344,0.0566802,0.0657799,0.0947247,0.102166,0.254993,0.108846208937,0.0241677383219637,0.0555403779679503,0.0710657940168319,0.0705126334391255,0.0923921259669784,0.123094501018808,0.13081972200149,0.146845792552359,0.129928806389659,0.132943740927274,0.0833066793168426,0.108771635356987,0.121335429922994,0.248227096335685,0.282450573758121,0.382939036599547,0.406901303553008,1,0.975832261678036,0.94445962203205,0.928934205983168,0.929487366560874,0.907607874033022,0.876905498981192,0.86918027799851,0.853154207447641,0.870071193610341,0.867056259072726,0.916693320683157,0.891228364643013,0.878664570077006,0.751772903664315,0.717549426241879,0.617060963400453,0.593098696446992,0,100000,2416.77383219637,97846.2828372964,3776104.71400322,37.7610471400322,2023,"Males","GMoH report",35.4787928599678
0,1,0.0237257,0.0124838,0.0130747,0.0130965,0.018095,0.0243177,0.0256247,0.0282241,0.0257756,0.0220175,0.0145001,0.0210326,0.0259942,0.0466551,0.0597995,0.0795205,0.0911605,0.233774,0.105670764397,0.0232327342046584,0.0487188082823301,0.0633042885463573,0.0634064921876608,0.0865592748059651,0.114620247988712,0.120409835237476,0.131819297419272,0.121075984626644,0.104344014170028,0.0699642774513203,0.0999096031993722,0.122040159232215,0.208908842639433,0.260111200642889,0.3316667379184,0.37120452479383,1,0.976767265795342,0.95128119171767,0.936695711453643,0.936593507812339,0.913440725194035,0.885379752011288,0.879590164762524,0.868180702580728,0.878924015373356,0.895655985829972,0.93003572254868,0.900090396800628,0.877959840767785,0.791091157360567,0.739888799357111,0.6683332620816,0.62879547520617,0,100000,2323.27342046585,97922.228657778,4018978.2822024,40.189782822024,2023,"Males","GMoH report",33.050057177976
0,1,0.0246738,0.0130214,0.0144135,0.0150634,0.01954,0.0249473,0.0268552,0.0302977,0.0264095,0.0255218,0.0165781,0.0221904,0.0262686,0.0485768,0.063107,0.0840034,0.100491,0.254222,0.108761769498,0.0241428921556397,0.0507635743850062,0.0695609578355917,0.0725836101183578,0.0931496400819946,0.117413618112175,0.125828149686357,0.140822040182878,0.123869191469702,0.11995531133775,0.0795917980325898,0.105120343806965,0.123249050012128,0.216581865134354,0.272537448149132,0.347119049163704,0.401569658595259,1,0.97585710784436,0.949236425614994,0.930439042164408,0.927416389881642,0.906850359918005,0.882586381887825,0.874171850313643,0.859177959817122,0.876130808530298,0.880044688662249,0.92040820196741,0.894879656193035,0.876750949987872,0.783418134865646,0.727462551850868,0.652880950836296,0.59843034140474,0,100000,2414.28921556397,97848.2931516007,3864375.53546504,38.6437553546504,2023,"Males","GMoH report",34.5960846453496
0,1,0.0247488,0.0119369,0.0129737,0.0130238,0.017375,0.0229128,0.0243415,0.0266959,0.0247255,0.02226,0.0150706,0.0200581,0.0248045,0.0458821,0.0591671,0.084132,0.0981576,0.235552,0.109006285248,0.0242148379959827,0.0466342629335764,0.0628306354617739,0.0630656151049891,0.0832584606169512,0.108357089215555,0.114725993097541,0.125128457995495,0.116430494519401,0.105432671813575,0.0726170439438496,0.0955015508568934,0.116780777981401,0.205803731524544,0.257714892900646,0.347558103988168,0.394082515252201,1,0.975785162004017,0.953365737066424,0.937169364538226,0.936934384895011,0.916741539383049,0.891642910784445,0.885274006902459,0.874871542004505,0.883569505480599,0.894567328186425,0.92738295605615,0.904498449143107,0.883219222018599,0.794196268475456,0.742285107099354,0.652441896011831,0.605917484747799,0,100000,2421.48379959828,97842.4731541841,4078907.71166564,40.7890771166564,2023,"Males","GMoH report",32.4507628833436
0,1,0.0241183,0.0128929,0.0142211,0.0152107,0.0195502,0.0257016,0.0266192,0.0313188,0.0267335,0.0239448,0.015865,0.0208388,0.0277664,0.0452301,0.0624505,0.0827861,0.104419,0.253137,0.106950722843,0.02360977310182,0.0502752134022522,0.0686642954692554,0.0732673796701289,0.0931959989531646,0.120749369981226,0.124791383041363,0.145223440295206,0.125293655173545,0.112961876168784,0.0762987988890626,0.099034594718928,0.129820387950059,0.20317629019242,0.270085122623935,0.342951464427,0.414016918474522,1,0.97639022689818,0.949724786597748,0.931335704530745,0.926732620329871,0.906804001046835,0.879250630018774,0.875208616958637,0.854776559704794,0.874706344826455,0.887038123831216,0.923701201110937,0.900965405281072,0.870179612049941,0.79682370980758,0.729914877376065,0.657048535573,0.585983081525478,0,100000,2360.977310182,97891.5309197579,3870524.18153255,38.7052418153255,2023,"Males","GMoH report",34.5345981846745
0,1,0.0242659,0.0123067,0.0132149,0.0142973,0.0176405,0.0250867,0.0254295,0.03072,0.0265188,0.0263955,0.0166918,0.0219686,0.024908,0.0486054,0.064569,0.0881566,0.100845,0.237537,0.107431929839,0.0237514677315247,0.04804426723289,0.0639613915180696,0.0690195181093384,0.0844769604480408,0.118030980503507,0.119547422075808,0.142644873699851,0.124349970036491,0.123807591778056,0.0801158074144968,0.104124335317841,0.117239496549841,0.216695563628971,0.277973777845702,0.361181637204127,0.402699437949865,1,0.976248532268475,0.95195573276711,0.93603860848193,0.930980481890662,0.915523039551959,0.881969019496493,0.880452577924192,0.857355126300149,0.875650029963509,0.876192408221944,0.919884192585503,0.895875664682159,0.882760503450159,0.783304436371029,0.722026222154298,0.638818362795873,0.597300562050135,0,100000,2375.14677315248,97880.0198283382,3932591.51058887,39.3259151058887,2023,"Males","GMoH report",33.9139248941113
0,1,0.0247464,0.0123877,0.0135097,0.0138131,0.0187839,0.024142,0.0255915,0.028688,0.0276176,0.0240003,0.0171156,0.0219496,0.0253439,0.0492167,0.0656332,0.0862205,0.102049,0.240284,0.108998460744,0.0242125358481909,0.0483528390708832,0.0653416352748194,0.066760090485294,0.0897068870126096,0.113839233087032,0.120263210144,0.133840928600754,0.129169613224526,0.113208882163527,0.0820664583151529,0.104038965791175,0.119168983027616,0.219122307785975,0.281909451473821,0.354655963703711,0.406530039896504,1,0.975787464151809,0.951647160929117,0.934658364725181,0.933239909514706,0.91029311298739,0.886160766912968,0.879736789856,0.866159071399246,0.870830386775474,0.886791117836473,0.917933541684847,0.895961034208825,0.880831016972384,0.780877692214025,0.718090548526179,0.645344036296289,0.593469960103496,0,100000,2421.25358481909,97842.6593289971,3941470.86589941,39.4147086589941,2023,"Males","GMoH report",33.8251313410059
0,1,0.0262598,0.0139262,0.0151885,0.0151351,0.0208636,0.0265363,0.0281625,0.0321493,0.0307802,0.0261058,0.0167789,0.0222973,0.0265974,0.0598912,0.0663313,0.0928588,0.106392,0.25173,0.113932462558,0.0256626818399023,0.0541953299909598,0.0731643578760009,0.072916503567152,0.0991466118713997,0.124426924507949,0.131550521122237,0.148787930467549,0.142904432469273,0.122532009655818,0.0805170319322787,0.10560001212416,0.124695556044177,0.260458125748003,0.284481440555245,0.376817051861507,0.420196211630516,1,0.974337318160098,0.94580467000904,0.926835642123999,0.927083496432848,0.9008533881286,0.875573075492051,0.868449478877763,0.851212069532451,0.857095567530727,0.877467990344182,0.919482968067721,0.89439998787584,0.875304443955824,0.739541874251997,0.715518559444755,0.623182948138493,0.579803788369484,0,100000,2566.26818399022,97726.113069796,3730824.03363919,37.3082403363919,2023,"Males","GMoH report",35.9315996636081
0,1,0.0240871,0.0123086,0.013076,0.0135707,0.0165276,0.0237108,0.0241253,0.0273001,0.0251729,0.0222034,0.014806,0.0203986,0.0254448,0.0424766,0.0589532,0.0834209,0.101671,0.240216,0.106849004291,0.0235798175441652,0.0480515064552889,0.0633103835613785,0.0656269895328658,0.0793589668487754,0.111919733931729,0.113764965211931,0.127779516082491,0.118412532877801,0.10517868875523,0.0713875884148252,0.0970440910126723,0.119615047592543,0.191994785712962,0.256902882472548,0.34512740346973,0.405329389181356,1,0.976420182455835,0.951948493544711,0.936689616438621,0.934373010467134,0.920641033151225,0.888080266068271,0.886235034788069,0.872220483917509,0.881587467122199,0.89482131124477,0.928612411585175,0.902955908987328,0.880384952407457,0.808005214287038,0.743097117527452,0.65487259653027,0.594670610818644,0,100000,2357.98175441651,97893.9662481792,4066230.70235216,40.6623070235216,2023,"Males","GMoH report",32.5775329764784
0,1,0.024836,0.0126613,0.013757,0.0146834,0.0187666,0.0254929,0.0254042,0.0303683,0.026393,0.0245798,0.0161563,0.0211226,0.024325,0.0482651,0.0654698,0.0837264,0.107699,0.233676,0.10929057556,0.0242984773631055,0.049394405234021,0.0664979686144283,0.0708173994907922,0.089627969374826,0.119827616395009,0.119435586202487,0.141127030034508,0.123796591407457,0.115784123502814,0.0776453462316923,0.100315680041869,0.114652683674071,0.215341769858952,0.281306327499657,0.346172547125813,0.424263195318486,1,0.975701522636894,0.950605594765979,0.933502031385572,0.929182600509208,0.910372030625174,0.880172383604991,0.880564413797513,0.858872969965492,0.876203408592543,0.884215876497186,0.922354653768308,0.899684319958131,0.885347316325929,0.784658230141048,0.718693672500343,0.653827452874187,0.575736804681514,0,100000,2429.84773631055,97835.711721314,3911995.13003919,39.1199513003919,2023,"Males","GMoH report",34.1198886996081
0,1,0.0224689,0.0116429,0.0125778,0.0122469,0.0168708,0.0230066,0.024124,0.0254721,0.0254888,0.0223651,0.0155897,0.020023,0.0244121,0.0446269,0.0597587,0.0808174,0.0913926,0.232123,0.104454433495,0.0220257005326966,0.045511820842232,0.0609717730813437,0.0594153649184506,0.0809401857841806,0.108776553368198,0.113759183634975,0.119735700648762,0.119809499098449,0.105904109974996,0.0750244772668812,0.0953423979163046,0.115039604196016,0.200738641769088,0.259956799077429,0.336166702785714,0.371973855528146,1,0.977974299467303,0.954488179157768,0.939028226918656,0.940584635081549,0.919059814215819,0.891223446631802,0.886240816365025,0.880264299351238,0.880190500901551,0.894095890025004,0.924975522733119,0.904657602083695,0.884960395803984,0.799261358230912,0.740043200922571,0.663833297214286,0.628026144471854,0,100000,2202.57005326966,98027.4981538777,4126570.29210657,41.2657029210657,2023,"Males","GMoH report",31.9741370789343
0,1,0.0246824,0.0127379,0.013355,0.0132141,0.0186807,0.0237351,0.0252295,0.0272621,0.0258845,0.0233928,0.0158323,0.0205199,0.0250054,0.0458125,0.0596567,0.0817075,0.0963533,0.23101,0.108789807304,0.02415114233579,0.0496858141362283,0.0646175805300529,0.0639576432653194,0.0892360216269821,0.112028009952444,0.11866298081389,0.127613003821308,0.121556431379869,0.110501642918821,0.0761475238936465,0.0975930033275476,0.117670975474665,0.205523622599187,0.259570675245243,0.339241136997037,0.388244824805234,1,0.97584885766421,0.950314185863772,0.935382419469947,0.936042356734681,0.910763978373018,0.887971990047556,0.88133701918611,0.872386996178692,0.878443568620131,0.889498357081179,0.923852476106353,0.902406996672452,0.882329024525335,0.794476377400813,0.740429324754757,0.660758863002963,0.611755175194766,0,100000,2415.11423357899,97847.6255785092,4004849.73446489,40.0484973446489,2023,"Males","GMoH report",33.1913426553511
0,1,0.0235057,0.0112257,0.012224,0.012548,0.0165699,0.0236856,0.0233533,0.0252914,0.0244727,0.0215759,0.0152631,0.018895,0.0238007,0.040965,0.0550488,0.0824866,0.0943405,0.229829,0.104953518197,0.0230213606361032,0.0439168062169018,0.0593075609377426,0.0608317092798899,0.0795539956199428,0.111807434569407,0.110325347646989,0.118936804271142,0.115308711255164,0.102358317920925,0.0735105045451907,0.0902135379987825,0.112320248645177,0.185797058723481,0.241946797793995,0.341922863764507,0.381682261518124,1,0.976978639363897,0.956083193783098,0.940692439062257,0.93916829072011,0.920446004380057,0.888192565430593,0.889674652353011,0.881063195728858,0.884691288744836,0.897641682079075,0.926489495454809,0.909786462001217,0.887679751354823,0.814202941276519,0.758053202206005,0.658077136235493,0.618317738481876,0,100000,2302.13606361032,97939.4812156338,4162590.52982588,41.6259052982588,2023,"Males","GMoH report",31.6139347017412
0,1,0.0234475,0.0119842,0.0129215,0.0138385,0.0179088,0.0236205,0.0261644,0.0283881,0.0236305,0.0226504,0.0160495,0.0207614,0.0259402,0.0480325,0.0625665,0.083227,0.102092,0.231372,0.104763773975,0.0229654314478321,0.0468147259231828,0.0625857457168009,0.0668787461775548,0.0857067379294238,0.111517266043546,0.122790172055667,0.132534493838648,0.111561844579179,0.107182673907324,0.0771518773607467,0.0986849078836604,0.121802074563519,0.214415248893774,0.270518941600829,0.344463368147889,0.406666507333317,1,0.977034568552168,0.953185274076817,0.937414254283199,0.933121253822445,0.914293262070576,0.888482733956454,0.877209827944333,0.867465506161352,0.888438155420821,0.892817326092676,0.922848122639253,0.90131509211634,0.878197925436481,0.785584751106225,0.729481058399171,0.655536631852111,0.593333492666683,0,100000,2296.54314478321,97944.0513821607,4018630.92020922,40.1863092020922,2023,"Males","GMoH report",33.0535307979078
0,1,0.0245935,0.0133549,0.0144496,0.0149764,0.0188503,0.0248724,0.0272118,0.0311153,0.0272051,0.026428,0.0170857,0.0211621,0.0261664,0.0510805,0.06768,0.092131,0.102647,0.236128,0.108499974635,0.0240658536116215,0.0520298919909014,0.0697291057827056,0.0721795263537878,0.0900097242379915,0.117081740306031,0.12739254861406,0.144347927341015,0.127363179887131,0.123950584858405,0.0819289656777971,0.100493847855731,0.122798981806168,0.226480639265054,0.289428669175505,0.37441656794634,0.408425793847372,1,0.975934146388378,0.947970108009099,0.930270894217294,0.927820473646212,0.909990275762009,0.882918259693969,0.87260745138594,0.855652072658985,0.872636820112868,0.876049415141595,0.918071034322203,0.899506152144269,0.877201018193832,0.773519360734946,0.710571330824495,0.62558343205366,0.591574206152628,0,100000,2406.58536116216,97854.5290894809,3844007.59924202,38.4400759924202,2023,"Males","GMoH report",34.7997640075798
0,1,0.0242785,0.0123158,0.0136353,0.0135399,0.0186852,0.0256661,0.025048,0.029134,0.0261477,0.0232604,0.0155914,0.020991,0.0252568,0.0494216,0.0623122,0.0838935,0.100645,0.241181,0.107473008485,0.0237635622238512,0.0480789388107882,0.0659290926088755,0.0654829195441601,0.0892565583880204,0.120592642918945,0.117859629971203,0.135780432219307,0.122716607410999,0.109910589320428,0.0750323514875428,0.0997218467853232,0.118783756073977,0.219934244370987,0.269567621187587,0.346743653303878,0.402061340870277,1,0.976236437776149,0.951921061189212,0.934070907391125,0.93451708045584,0.91074344161198,0.879407357081055,0.882140370028797,0.864219567780693,0.877283392589001,0.890089410679572,0.924967648512457,0.900278153214677,0.881216243926023,0.780065755629013,0.730432378812413,0.653256346696122,0.597938659129723,0,100000,2376.35622238512,97879.0379300667,3958182.06209411,39.5818206209411,2023,"Males","GMoH report",33.6580193790589
0,1,0.024208,0.011929,0.0134808,0.0129465,0.0178149,0.0237752,0.0247046,0.0283223,0.0245664,0.0212981,0.0145134,0.0200522,0.0261593,0.0471849,0.064408,0.0801547,0.0964888,0.237721,0.10724316368,0.0236958878486303,0.0466041189305548,0.0652064134537807,0.0627030378027178,0.0852765183817044,0.11220666051246,0.116337802792812,0.132247608868369,0.115724654612329,0.101107030864844,0.0700262042192122,0.0954748005128886,0.122767706817615,0.211030828634867,0.27737678937486,0.333870313047024,0.3886846994333,1,0.97630411215137,0.953395881069445,0.934793586546219,0.937296962197282,0.914723481618296,0.88779333948754,0.883662197207188,0.867752391131631,0.884275345387671,0.898892969135156,0.929973795780788,0.904525199487111,0.877232293182385,0.788969171365133,0.72262321062514,0.666129686952976,0.6113153005667,0,100000,2369.58878486304,97884.5334130463,4043702.79712537,40.4370279712537,2023,"Males","GMoH report",32.8028120287463
0,1,0.0246379,0.0121832,0.0136777,0.0136166,0.0184239,0.0249637,0.0259596,0.0284457,0.0272014,0.0241271,0.0154835,0.0210306,0.0251856,0.047812,0.0642604,0.0874255,0.0933481,0.251116,0.108644727959,0.0241084513571401,0.0475736025703303,0.0661273256934082,0.0658416514230812,0.0880633252546042,0.117486270003767,0.121887615633032,0.13278555485561,0.127346960941607,0.113772970413822,0.074532442323221,0.0999005772977071,0.118468734594963,0.213536037444285,0.276829124344872,0.358723538263796,0.378426916005149,1,0.97589154864286,0.95242639742967,0.933872674306592,0.934158348576919,0.911936674745396,0.882513729996233,0.878112384366968,0.86721444514439,0.872653039058393,0.886227029586178,0.925467557676779,0.900099422702293,0.881531265405037,0.786463962555715,0.723170875655128,0.641276461736204,0.621573083994851,0,100000,2410.84513571401,97851.0804782069,3953878.18123097,39.5387818123097,2023,"Males","GMoH report",33.7010581876903
0,1,0.0231926,0.0117315,0.0119914,0.0120215,0.0164935,0.0215888,0.0231242,0.0253978,0.0219978,0.0198172,0.0144799,0.019635,0.0232335,0.0437622,0.0556311,0.078225,0.0942986,0.233586,0.103932746446,0.022720421265582,0.0458502163732348,0.0582118947143071,0.0583537509571709,0.0792017162332666,0.102416382977916,0.109302185977545,0.119407293596723,0.104255519815506,0.094408709314435,0.0698702156606388,0.0935813266290943,0.109790458458511,0.1972326619978,0.244193603114449,0.327147263317476,0.38154508226404,1,0.977279578734418,0.954149783626765,0.941788105285693,0.941646249042829,0.920798283766733,0.897583617022084,0.890697814022455,0.880592706403277,0.895744480184494,0.905591290685565,0.930129784339361,0.906418673370906,0.890209541541489,0.8027673380022,0.755806396885551,0.672852736682524,0.61845491773596,0,100000,2272.04212655821,97964.097451696,4219208.08441433,42.1920808441433,2023,"Males","GMoH report",31.0477591558567
0,1,0.0229521,0.011417,0.0131011,0.0138594,0.0173043,0.0238468,0.0239842,0.0260956,0.0238233,0.0216798,0.0152356,0.0202359,0.0256629,0.0448018,0.0588131,0.0807379,0.0942878,0.248305,0.103490232055,0.0224893417215611,0.044648496236926,0.0634280567154142,0.0669763692693702,0.0829337248621689,0.1125255634819,0.113137234830921,0.122487066282778,0.112420907486681,0.102825888268776,0.0733829180349662,0.0963073359510694,0.120578514124675,0.201446127241392,0.25637062237325,0.335891553380751,0.381509719641067,1,0.977510658278439,0.955351503763074,0.936571943284586,0.93302363073063,0.917066275137831,0.8874744365181,0.886862765169079,0.877512933717222,0.887579092513319,0.897174111731224,0.926617081965034,0.903692664048931,0.879421485875325,0.798553872758608,0.74362937762675,0.664108446619249,0.618490280358932,0,100000,2248.93417215611,97983.8085471967,4087079.98364184,40.8707998364184,2023,"Males","GMoH report",32.3690401635816
0,1,0.0257575,0.0128779,0.0130707,0.0139705,0.0189042,0.0246062,0.0272009,0.0290255,0.0260219,0.0245054,0.0161577,0.0210413,0.0246689,0.0483143,0.0609387,0.0863362,0.0951392,0.242348,0.112294859075,0.0251817183684782,0.0502181903334107,0.0632855344133583,0.0674951476010972,0.0902554808474109,0.115901275110915,0.127344769170664,0.135308973475936,0.12216226442819,0.115453890574772,0.0776518132429125,0.0999488648738259,0.116179451803511,0.215537626169854,0.264411298074993,0.355047393140794,0.384292740304141,1,0.974818281631522,0.949781809666589,0.936714465586642,0.932504852398903,0.909744519152589,0.884098724889085,0.872655230829336,0.864691026524064,0.87783773557181,0.884546109425228,0.922348186757088,0.900051135126174,0.883820548196489,0.784462373830145,0.735588701925006,0.644952606859206,0.615707259695859,0,100000,2518.17183684783,97764.6059146976,3934334.356121,39.34334356121,2023,"Males","GMoH report",33.89649643879
0,1,0.0242706,0.0126734,0.0138969,0.0149153,0.0199751,0.0262075,0.0266055,0.03102,0.0283996,0.0247191,0.0170227,0.0221073,0.0264515,0.0563014,0.0658632,0.0905245,0.100864,0.248846,0.107447252826,0.0237559791946996,0.0494404429798776,0.067151505604415,0.0718956374951707,0.0951251633727809,0.122980003871354,0.124731162631518,0.14393763630458,0.132584624262021,0.116402111419053,0.0816392009355846,0.104747300034849,0.124053966277525,0.24677285671269,0.28275768508867,0.36909267528941,0.402760030667007,1,0.9762440208053,0.950559557020122,0.932848494395585,0.928104362504829,0.904874836627219,0.877019996128646,0.875268837368482,0.85606236369542,0.867415375737979,0.883597888580947,0.918360799064415,0.895252699965151,0.875946033722475,0.75322714328731,0.71724231491133,0.63090732471059,0.597239969332993,0,100000,2375.59791946995,97879.6535507963,3836722.96923074,38.3672296923074,2023,"Males","GMoH report",34.8726103076926
0,1,0.0239105,0.0127708,0.0132713,0.0134436,0.0183699,0.0236644,0.0249085,0.0286289,0.0256188,0.024204,0.0163685,0.0212694,0.0253904,0.0462404,0.068665,0.0911692,0.0994374,0.245453,0.106273251205,0.0234102360509918,0.0498109486733644,0.0642256067624343,0.065032328472372,0.0878165470317057,0.111712950155831,0.11724171203918,0.133583619769922,0.120383780039791,0.114114906978718,0.078625064095867,0.100977664174042,0.119374579210062,0.207244346320952,0.293023801649366,0.371233375382658,0.398197651998028,1,0.976589763949008,0.950189051326636,0.935774393237566,0.934967671527628,0.912183452968294,0.888287049844169,0.88275828796082,0.866416380230078,0.879616219960209,0.885885093021282,0.921374935904133,0.899022335825958,0.880625420789938,0.792755653679048,0.706976198350634,0.628766624617342,0.601802348001972,0,100000,2341.02360509918,97907.7645845624,3979161.85261639,39.7916185261639,2023,"Males","GMoH report",33.4482214738361
0,1,0.0246315,0.0130317,0.0142548,0.0143372,0.0196321,0.0260552,0.0261765,0.028282,0.0276451,0.0259595,0.0171858,0.02181,0.0257544,0.0508806,0.0649488,0.08981,0.100928,0.246958,0.108623862615,0.0241023113080739,0.0508027086825239,0.0688214113632479,0.0692054683962724,0.0935681517214722,0.122309034134544,0.122843469783059,0.132071859195577,0.12928991820554,0.121887174719662,0.0823891896608178,0.103411488584908,0.120982425548626,0.22569434125132,0.279380439308586,0.366713623649987,0.402964098632937,1,0.975897688691926,0.949197291317476,0.931178588636752,0.930794531603728,0.906431848278528,0.877690965865456,0.877156530216941,0.867928140804423,0.87071008179446,0.878112825280338,0.917610810339182,0.896588511415092,0.879017574451374,0.77430565874868,0.720619560691414,0.633286376350013,0.597035901367063,0,100000,2410.23113080738,97851.5774844158,3868459.23680993,38.6845923680993,2023,"Males","GMoH report",34.5552476319007
0,1,0.0242503,0.0120721,0.0129521,0.0129917,0.0175629,0.0231573,0.0240887,0.0273631,0.0238443,0.0220508,0.0160325,0.0205139,0.0240251,0.0486219,0.0580316,0.0802266,0.105023,0.239596,0.107381070563,0.0237364932952867,0.0471500009471323,0.0627293092830863,0.0629150658475703,0.0841209791387118,0.109450079202226,0.113602178034925,0.128055510641887,0.112514430417019,0.104493582289146,0.0770733055710792,0.0975658592973978,0.113319235111318,0.216761152320027,0.253395617245622,0.334119767626366,0.415913730661772,1,0.976263506704713,0.952849999052868,0.937270690716914,0.93708493415243,0.915879020861288,0.890549920797774,0.886397821965075,0.871944489358113,0.887485569582981,0.895506417710854,0.922926694428921,0.902434140702602,0.886680764888682,0.783238847679973,0.746604382754378,0.665880232373634,0.584086269338228,0,100000,2373.64932952866,97881.2356766173,4071637.8130658,40.716378130658,2023,"Males","GMoH report",32.523461869342
0,1,0.0241772,0.013434,0.0146047,0.0145983,0.0203725,0.0260492,0.0275905,0.0304893,0.0285658,0.0256189,0.0169444,0.0221821,0.0264226,0.0524468,0.067817,0.0929695,0.105746,0.250809,0.107142749212,0.023666320156382,0.0523299976238426,0.0704512032786893,0.0704214175504338,0.0969259406835604,0.122282590836927,0.129051042995576,0.141649513704522,0.133308817455803,0.12038422165933,0.0812789427079486,0.10508309092214,0.123926827518054,0.231836317551588,0.28992960922754,0.377181549771335,0.418178295033475,1,0.976333679843618,0.947670002376157,0.929548796721311,0.929578582449566,0.90307405931644,0.877717409163073,0.870948957004424,0.858350486295478,0.866691182544197,0.879615778340671,0.918721057292051,0.89491690907786,0.876073172481946,0.768163682448412,0.71007039077246,0.622818450228665,0.581821704966525,0,100000,2366.6320156382,97886.9354448904,3808719.51475909,38.0871951475909,2023,"Males","GMoH report",35.1526448524091
0,1,0.0244104,0.0126518,0.0135756,0.0138034,0.017713,0.0236512,0.0248669,0.0273792,0.0248842,0.0230811,0.0149405,0.022134,0.0249059,0.0478944,0.0566075,0.0817624,0.0927998,0.235613,0.107903030184,0.0238901573298141,0.0493582583734223,0.0656499077798594,0.0667147732473923,0.0848094265680024,0.111654115461021,0.117057365494935,0.128126029530684,0.117134033225994,0.109109577336355,0.0720127343558896,0.104867174878119,0.117230191437681,0.213864696678503,0.247948183067514,0.339430391412862,0.376622717785194,1,0.976109842670186,0.950641741626578,0.934350092220141,0.933285226752608,0.915190573431998,0.888345884538979,0.882942634505065,0.871873970469316,0.882865966774006,0.890890422663645,0.92798726564411,0.895132825121881,0.882769808562319,0.786135303321497,0.752051816932486,0.660569608587138,0.623377282214806,0,100000,2389.01573298141,97868.7663037645,4016764.59607393,40.1676459607393,2023,"Males","GMoH report",33.0721940392607
0,1,0.0241582,0.0109091,0.0124632,0.0127046,0.0159589,0.0221748,0.0244098,0.0264857,0.0228789,0.0215798,0.0155605,0.0195029,0.0240666,0.0444012,0.0547728,0.0776725,0.0970801,0.230306,0.107080805222,0.023648079693919,0.0427046611618388,0.0604330277222307,0.0615675231145958,0.0767330618481778,0.10505032512599,0.115029389048038,0.124204398881369,0.108205446050867,0.102375872847798,0.0748892158903457,0.0929810020383649,0.113503869439376,0.19982484295722,0.240879841538456,0.325212357839315,0.390601434255767,1,0.976351920306081,0.957295338838161,0.939566972277769,0.938432476885404,0.923266938151822,0.89494967487401,0.884970610951962,0.875795601118631,0.891794553949133,0.897624127152202,0.925110784109654,0.907018997961635,0.886496130560624,0.80017515704278,0.759120158461544,0.674787642160685,0.609398565744233,0,100000,2364.8079693919,97888.417572166,4166636.43186718,41.6663643186718,2023,"Males","GMoH report",31.5734756813282
0,1,0.0232345,0.0122528,0.0126647,0.0128889,0.0171108,0.0231728,0.0247663,0.027496,0.0229449,0.0225712,0.0152037,0.02018,0.0244669,0.0484015,0.0627842,0.0781225,0.101479,0.230922,0.104069349245,0.0227607018342224,0.0478388795532206,0.0613800986612133,0.0624327754996562,0.0820443872467459,0.109519326383926,0.11661141667783,0.128637460935307,0.108500658123552,0.106827914443767,0.0732348965098336,0.0960540720643534,0.115282958459187,0.215884648021918,0.271332513080611,0.32678863680333,0.404718841666351,1,0.977239298165778,0.952161120446779,0.938619901338787,0.937567224500344,0.917955612753254,0.890480673616074,0.88338858332217,0.871362539064693,0.891499341876448,0.893172085556233,0.926765103490166,0.903945927935647,0.884717041540813,0.784115351978082,0.728667486919389,0.67321136319667,0.595281158333649,0,100000,2276.07018342224,97960.7989594025,4082900.37725242,40.8290037725242,2023,"Males","GMoH report",32.4108362274758
0,1,0.0245666,0.0133703,0.0138923,0.0136454,0.0196423,0.0258607,0.0256658,0.031198,0.027358,0.0257657,0.0157485,0.0216254,0.0278218,0.0537048,0.066044,0.0951164,0.0991412,0.251865,0.108412274986,0.0240400442044886,0.0520883268860704,0.067130023921682,0.0659763169129888,0.0936144902456211,0.121451451143531,0.120591318353506,0.144703825156888,0.128033171252205,0.121032295462035,0.075759744172258,0.102581106356496,0.130062563431784,0.236738954491996,0.28342388272352,0.384218337344511,0.397247111638951,1,0.975959955795511,0.94791167311393,0.932869976078318,0.934023683087011,0.906385509754379,0.878548548856469,0.879408681646494,0.855296174843112,0.871966828747795,0.878967704537965,0.924240255827742,0.897418893643504,0.869937436568216,0.763261045508004,0.71657611727648,0.615781662655489,0.602752888361049,0,100000,2404.00442044887,97856.6191678484,3862198.31078452,38.6219831078452,2023,"Males","GMoH report",34.6178568921548
0,1,0.0233753,0.0121573,0.0130506,0.0137732,0.0169091,0.0222556,0.0247336,0.0271625,0.0253971,0.022724,0.0140421,0.0192576,0.0245233,0.0432618,0.0594107,0.0844856,0.091688,0.233095,0.104528386813,0.0228960419368186,0.0474748675846268,0.0631912893965049,0.0665736688601388,0.0811164831854234,0.105412929988377,0.116466415654424,0.12717642583326,0.119404199041319,0.107512230202212,0.0678293342633515,0.091865239890702,0.115533352350743,0.195197510816407,0.258638730007812,0.348764132514981,0.37295195327118,1,0.977103958063181,0.952525132415373,0.936808710603495,0.933426331139861,0.918883516814577,0.894587070011623,0.883533584345576,0.87282357416674,0.880595800958681,0.892487769797788,0.932170665736649,0.908134760109298,0.884466647649257,0.804802489183593,0.741361269992188,0.651235867485019,0.62704804672882,0,100000,2289.60419368187,97949.724439124,4081235.71281366,40.8123571281366,2023,"Males","GMoH report",32.4274828718634
0,1,0.0242547,0.0133592,0.0142188,0.0142017,0.0197793,0.0248623,0.0264989,0.0306779,0.0279107,0.0237837,0.0165859,0.0220603,0.0256348,0.0514057,0.0644044,0.0842655,0.105642,0.240285,0.107395415487,0.0237407168881588,0.0520462085806585,0.0686535714940993,0.0685738373357714,0.0942366619792829,0.117036978804662,0.124262454135286,0.14246331190897,0.130451049716682,0.112244524742221,0.0796277550440377,0.104536247545671,0.120454436526337,0.227758311425842,0.27736343583308,0.348013641277357,0.417852947342191,1,0.976259283111841,0.947953791419341,0.931346428505901,0.931426162664229,0.905763338020717,0.882963021195338,0.875737545864714,0.85753668809103,0.869548950283318,0.887755475257779,0.920372244955962,0.895463752454329,0.879545563473663,0.772241688574159,0.72263656416692,0.651986358722643,0.582147052657809,0,100000,2374.07168881586,97880.8927266004,3870681.76961195,38.7068176961195,2023,"Males","GMoH report",34.5330223038805
0,1,0.0245277,0.0128102,0.0135188,0.0141799,0.0182963,0.0257326,0.0255815,0.0293652,0.0271849,0.0230371,0.0162996,0.0210389,0.0251439,0.0492316,0.0660964,0.0881882,0.0920702,0.240554,0.108285452817,0.0240027195531559,0.0499607847113806,0.0653842098593825,0.0684721783939781,0.0874800948514247,0.120886208855042,0.120219041476192,0.136784257317547,0.127274629791456,0.108912906220282,0.078307065392328,0.0999380342291413,0.118284185660432,0.219181375486497,0.283616865523956,0.361287716499497,0.374215711498075,1,0.975997280446844,0.950039215288619,0.934615790140618,0.931527821606022,0.912519905148575,0.879113791144958,0.879780958523808,0.863215742682453,0.872725370208544,0.891087093779718,0.921692934607672,0.900061965770859,0.881715814339568,0.780818624513503,0.716383134476044,0.638712283500503,0.625784288501925,0,100000,2400.27195531559,97859.6425802497,3929868.04236273,39.2986804236273,2023,"Males","GMoH report",33.9411595763727
0,1,0.0246717,0.0121871,0.0134864,0.0140349,0.0180103,0.0252884,0.0259198,0.0285407,0.025368,0.0244882,0.016696,0.0219311,0.024531,0.0471499,0.0634542,0.0863426,0.10636,0.241925,0.108754923057,0.0241408775613953,0.0475884691355952,0.0652326170824482,0.0677957341277269,0.0861715608443141,0.118923535182243,0.121712115755126,0.133199483736317,0.119275544939911,0.115377529928983,0.0801351584848427,0.103955835443275,0.115567532170796,0.210890799707212,0.27383158896823,0.355069039808563,0.420096374121179,1,0.975859122438605,0.952411530864405,0.934767382917552,0.932204265872273,0.913828439155686,0.881076464817757,0.878287884244874,0.866800516263683,0.880724455060089,0.884622470071017,0.919864841515157,0.896044164556725,0.884432467829204,0.789109200292788,0.72616841103177,0.644930960191437,0.579903625878821,0,100000,2414.08775613953,97848.4561720323,3955744.31598772,39.5574431598772,2023,"Males","GMoH report",33.6823968401228
0,1,0.025341,0.0121568,0.0132383,0.0130557,0.0180805,0.0236148,0.0241816,0.0284134,0.0251573,0.0234517,0.0167454,0.0208162,0.0251974,0.049405,0.058853,0.0819927,0.0974633,0.239207,0.11093698161,0.0247826531212358,0.0474729614055696,0.0640710214905056,0.0632152031796196,0.0864929122501528,0.111491855336499,0.114015317967587,0.132644777217519,0.118343493102435,0.110764462629386,0.0803627346576591,0.0989325030737885,0.118520950504401,0.219868492784905,0.256522241327833,0.340223824966644,0.391841166976539,1,0.975217346878764,0.95252703859443,0.935928978509494,0.93678479682038,0.913507087749847,0.888508144663501,0.885984682032413,0.867355222782481,0.881656506897565,0.889235537370614,0.919637265342341,0.901067496926211,0.881479049495599,0.780131507215095,0.743477758672167,0.659776175033356,0.608158833023461,0,100000,2478.26531212358,97796.6659612322,4017543.46998664,40.1754346998664,2023,"Males","GMoH report",33.0644053001336
0,1,0.022896,0.0113534,0.0123466,0.0127949,0.0159596,0.0217511,0.023261,0.0254249,0.0225874,0.0204243,0.0143824,0.0195596,0.0236671,0.0434912,0.0595161,0.0782608,0.0892426,0.231701,0.1036021768,0.0224355347767784,0.0444052977842721,0.0598845728326607,0.0619915604577479,0.0767362984289821,0.103146618941836,0.109913268645115,0.119527089270045,0.106900489697516,0.0971604162747015,0.0694160755862218,0.0932387198386117,0.11172498407358,0.196131061901567,0.259038149044179,0.327272483966907,0.364819416788317,1,0.977564465223222,0.955594702215728,0.940115427167339,0.938008439542252,0.923263701571018,0.896853381058164,0.890086731354885,0.880472910729955,0.893099510302484,0.902839583725298,0.930583924413778,0.906761280161388,0.88827501592642,0.803868938098434,0.740961850955821,0.672727516033093,0.635180583211683,0,100000,2243.55347767784,97988.8835463768,4202085.89868976,42.0208589868976,2023,"Males","GMoH report",31.2189810131024
0,1,0.0230904,0.0121439,0.0125679,0.0127502,0.0170977,0.0231328,0.0238234,0.0270367,0.0234768,0.0212637,0.015769,0.0203402,0.0257731,0.0464049,0.0584691,0.0780654,0.09509,0.240417,0.103599552984,0.0226221609724375,0.0474237806991355,0.0609252440628561,0.0617816781191142,0.0819841490375037,0.10934061363241,0.11242135285593,0.126624713988283,0.110876439984434,0.10095196903982,0.0758546211959045,0.096779703678116,0.121064952201067,0.207904975953445,0.255062336807432,0.326588788897921,0.384132177987841,1,0.977377839027562,0.952576219300864,0.939074755937144,0.938218321880886,0.918015850962496,0.89065938636759,0.88757864714407,0.873375286011717,0.889123560015566,0.89904803096018,0.924145378804096,0.903220296321884,0.878935047798933,0.792095024046555,0.744937663192568,0.673411211102079,0.615867822012159,0,100000,2262.21609724376,97972.1484791839,4107056.80284955,41.0705680284955,2023,"Males","GMoH report",32.1692719715045
0,1,0.0249369,0.0131745,0.0133405,0.0145924,0.0197396,0.0248364,0.0271039,0.0310816,0.0254882,0.0236285,0.0161193,0.021835,0.0263517,0.0523517,0.0654384,0.0871943,0.0990128,0.248159,0.109619530749,0.0243952443699596,0.0513451077557439,0.064549687243326,0.0703939580175613,0.0940564102124269,0.116922184633897,0.126919468541495,0.14420286089687,0.11980684775747,0.111552929040421,0.077474416591588,0.103523889672502,0.123614846616068,0.231464588283851,0.281190378791264,0.357944663966717,0.396834710452317,1,0.97560475563004,0.948654892244256,0.935450312756674,0.929606041982439,0.905943589787573,0.883077815366103,0.873080531458505,0.85579713910313,0.88019315224253,0.888447070959579,0.922525583408412,0.896476110327498,0.876385153383932,0.768535411716149,0.718809621208736,0.642055336033283,0.603165289547683,0,100000,2439.52443699597,97827.8950870383,3884675.9980415,38.846759980415,2023,"Males","GMoH report",34.393080019585
0,1,0.0239611,0.0115256,0.0132278,0.0134216,0.0171839,0.0244908,0.0245815,0.0267406,0.0244669,0.021663,0.0155556,0.0203266,0.0244686,0.0481002,0.0553793,0.0767917,0.0914362,0.225359,0.106438217831,0.0234588294946546,0.0450636292689945,0.0640218300898439,0.0649293602462958,0.0823804561968954,0.115389073214308,0.115791667795229,0.12532484605402,0.115282958459187,0.102750300595499,0.0748665160570571,0.0967181234782667,0.1152905067654,0.214685019109565,0.243222737616752,0.322118442917526,0.372118293279982,1,0.976541170505345,0.954936370731005,0.935978169910156,0.935070639753704,0.917619543803105,0.884610926785692,0.884208332204771,0.87467515394598,0.884717041540813,0.897249699404501,0.925133483942943,0.903281876521733,0.8847094932346,0.785314980890435,0.756777262383248,0.677881557082474,0.627881706720018,0,100000,2345.88294946546,97903.8086509158,4071378.02550132,40.7137802550132,2023,"Males","GMoH report",32.5260597449868
0,1,0.0243633,0.0128785,0.0128283,0.0134411,0.0188721,0.0248066,0.0240519,0.0273289,0.0239392,0.0233845,0.0154296,0.0198471,0.024697,0.0485307,0.0586082,0.0864982,0.100869,0.236708,0.107749474293,0.0238449543937269,0.0502204713202055,0.0621483556238756,0.0650206280894667,0.0901091287770181,0.116790087536305,0.113438472979369,0.127905695121486,0.112936949449355,0.110464601325745,0.0742826221338104,0.0945444186705112,0.116304094448513,0.216398565360186,0.255591592125915,0.355595149170131,0.402775975354833,1,0.976155045606273,0.949779528679795,0.937851644376124,0.934979371910533,0.909890871222982,0.883209912463695,0.886561527020631,0.872094304878514,0.887063050550645,0.889535398674255,0.92571737786619,0.905455581329489,0.883695905551487,0.783601434639814,0.744408407874085,0.644404850829869,0.597224024645167,0,100000,2384.49543937269,97872.4326906738,4014580.58911814,40.1458058911814,2023,"Males","GMoH report",33.0940341088186
0,1,0.0238301,0.0122204,0.0126488,0.0126497,0.0159265,0.023177,0.0229444,0.0261037,0.0230576,0.0214819,0.0157002,0.0206731,0.0230924,0.0427911,0.058706,0.0796522,0.097068,0.237566,0.106011130321,0.023333017041096,0.047715397512477,0.0613054006215455,0.0613096289661667,0.0765832424719271,0.109538089262885,0.108498422014809,0.122522756784323,0.10900454217109,0.101935100890453,0.0755361676515912,0.0982858186083208,0.109160079453093,0.193278952535406,0.255963514756729,0.332124818774937,0.390562257075491,1,0.976666982958904,0.952284602487523,0.938694599378455,0.938690371033833,0.923416757528073,0.890461910737115,0.891501577985191,0.877477243215677,0.89099545782891,0.898064899109547,0.924463832348409,0.901714181391679,0.890839920546907,0.806721047464594,0.744036485243271,0.667875181225063,0.609437742924509,0,100000,2333.3017041096,97914.054246923,4144952.99452463,41.4495299452463,2023,"Males","GMoH report",31.7903100547537
0,1,0.0240273,0.0123455,0.0124285,0.0132422,0.0183077,0.0242868,0.0256025,0.028447,0.025407,0.0235297,0.0167531,0.0206174,0.0260379,0.0461786,0.0613898,0.0897822,0.0952674,0.236218,0.106654043733,0.0235223989676414,0.0481920891273564,0.060269840711784,0.0640892919454983,0.0875322161174657,0.114482939370256,0.120311793281289,0.132791220384318,0.119447963949817,0.111112396604063,0.0803982021969363,0.098033985279734,0.122232787270804,0.206996032530471,0.266108180111481,0.366620918440891,0.384710966237632,1,0.976477601032359,0.951807910872644,0.939730159288216,0.935910708054502,0.912467783882534,0.885517060629744,0.879688206718711,0.867208779615682,0.880552036050183,0.888887603395937,0.919601797803064,0.901966014720266,0.877767212729196,0.793003967469529,0.733891819888519,0.633379081559109,0.615289033762368,0,100000,2352.23989676413,97898.6360000558,4004145.98443087,40.0414598443087,2023,"Males","GMoH report",33.1983801556913
0,1,0.0248722,0.0133416,0.0142436,0.0145499,0.0185556,0.024867,0.026093,0.0306779,0.0262084,0.0245848,0.016397,0.0211373,0.0236908,0.0503517,0.062375,0.0863694,0.0971061,0.24656,0.109408595162,0.0243331961616922,0.0519794226690375,0.0687691976411947,0.070196133203747,0.0886649228919646,0.117057808678951,0.122475609784718,0.14246331190897,0.122983967467558,0.115806312425692,0.0787565712529149,0.100381989436699,0.111830608547554,0.223610569250655,0.269802649364693,0.355159679042308,0.390685610174568,1,0.975666803838308,0.948020577330962,0.931230802358805,0.929803866796253,0.911335077108035,0.882942191321049,0.877524390215282,0.85753668809103,0.877016032532442,0.884193687574308,0.921243428747085,0.899618010563301,0.888169391452446,0.776389430749346,0.730197350635307,0.644840320957692,0.609314389825432,0,100000,2433.31961616923,97832.906464616,3897742.21655983,38.9774221655983,2023,"Males","GMoH report",34.2624178344017
0,1,0.0236933,0.0124313,0.0129307,0.0127312,0.0165526,0.0243132,0.0242918,0.0263823,0.0246276,0.0216509,0.0150412,0.020162,0.0234655,0.04741,0.0593783,0.08299,0.0952124,0.245055,0.105565133593,0.0232016088686825,0.0485188941424929,0.0626289108559863,0.061692452618072,0.0794742368670847,0.114600252832106,0.114505158949572,0.123749508363738,0.115996228224449,0.102695855742274,0.0724805151874079,0.0959725058429844,0.110826029511259,0.211930891128942,0.258515911613587,0.343651007267231,0.384531566657055,1,0.976798391131318,0.951481105857507,0.937371089144014,0.938307547381928,0.920525763132915,0.885399747167894,0.885494841050428,0.876250491636262,0.884003771775551,0.897304144257726,0.927519484812592,0.904027494157016,0.889173970488741,0.788069108871058,0.741484088386413,0.656348992732769,0.615468433342945,0,100000,2320.16088686825,97924.7672071112,4083052.48961422,40.8305248961422,2023,"Males","GMoH report",32.4093151038578
0,1,0.0249052,0.0130833,0.0135058,0.0135703,0.0185399,0.0247735,0.025389,0.0301256,0.0256422,0.0237877,0.0163878,0.0205154,0.0247629,0.0487111,0.0627118,0.0807494,0.0956818,0.234141,0.109516182092,0.0243648443379433,0.0509987364624808,0.0653233884506578,0.0656251186315845,0.0885932261177489,0.116643340509707,0.119368389873739,0.140078153915972,0.120487113354832,0.112262342677713,0.0787141217874299,0.0975726453775533,0.116596341158797,0.217115645233648,0.271062030404239,0.335931360496758,0.386061380506607,1,0.975635155662057,0.949001263537519,0.934676611549342,0.934374881368416,0.911406773882251,0.883356659490293,0.880631610126261,0.859921846084028,0.879512886645168,0.887737657322287,0.92128587821257,0.902427354622447,0.883403658841203,0.782884354766352,0.728937969595761,0.664068639503242,0.613938619493393,0,100000,2436.48443379432,97830.3500391214,3951087.76523988,39.5108776523988,2023,"Males","GMoH report",33.7289623476012
0,1,0.0231894,0.0113814,0.0122308,0.0129134,0.0164392,0.0228158,0.0225541,0.0248963,0.0228107,0.0214305,0.0154134,0.0188289,0.0241502,0.0412464,0.0535,0.0789557,0.0927105,0.227237,0.103922313774,0.0227173448442795,0.0445123737390527,0.059339573850377,0.0625477400345932,0.0789512610724447,0.107923119240104,0.106751301194332,0.117187652610766,0.107900296752187,0.101703602373345,0.0742075243600712,0.0899121335705344,0.11387569780705,0.186954046537264,0.235942668136714,0.32969938555904,0.376328493100918,1,0.977282655155721,0.955487626260947,0.940660426149623,0.937452259965407,0.921048738927555,0.892076880759896,0.893248698805668,0.882812347389234,0.892099703247813,0.898296397626655,0.925792475639929,0.910087866429466,0.88612430219295,0.813045953462736,0.764057331863286,0.67030061444096,0.623671506899082,0,100000,2271.73448442794,97964.349419474,4192917.73996933,41.9291773996933,2023,"Males","GMoH report",31.3106626003067
0,1,0.0248443,0.0135835,0.0140578,0.0144072,0.0194173,0.026058,0.0263257,0.0302623,0.0271547,0.025745,0.0168561,0.0222598,0.0262244,0.0498158,0.0690353,0.0847418,0.104782,0.243913,0.109317635303,0.0243064379085933,0.052896948597453,0.0679025971736313,0.0695316104546446,0.0925917934238764,0.122321374085218,0.12350041294719,0.140669075584823,0.127142227394431,0.120940938824883,0.0808725121210893,0.105431774466809,0.123054428606152,0.221494220523156,0.294371447095773,0.349636858220191,0.41515743429837,1,0.975693562091407,0.947103051402547,0.932097402826369,0.930468389545355,0.907408206576124,0.877678625914782,0.87649958705281,0.859330924415177,0.872857772605569,0.879059061175117,0.919127487878911,0.894568225533191,0.876945571393848,0.778505779476844,0.705628552904227,0.650363141779809,0.58484256570163,0,100000,2430.64379085934,97835.0684406213,3852264.30307138,38.5226430307138,2023,"Males","GMoH report",34.7171969692862
0,1,0.023838,0.0118655,0.0127892,0.0131006,0.0172956,0.0231799,0.0239411,0.0260238,0.0241354,0.0220522,0.0157539,0.0208791,0.0250964,0.0459886,0.0637052,0.0803195,0.0958115,0.234176,0.10603688598,0.023340604877975,0.0463617883994917,0.0619647994666527,0.06342571276827,0.0828937568476639,0.10955104436671,0.112945406802973,0.122170639292922,0.113809882410193,0.104499869921304,0.0757847370764291,0.0992166158880306,0.118073923938194,0.206232177235023,0.274765950435751,0.334441970396788,0.3864835728901,1,0.976659395122025,0.953638211600508,0.938035200533347,0.93657428723173,0.917106243152336,0.89044895563329,0.887054593197027,0.877829360707078,0.886190117589807,0.895500130078696,0.924215262923571,0.900783384111969,0.881926076061806,0.793767822764976,0.725234049564249,0.665558029603212,0.6135164271099,0,100000,2334.0604877975,97913.4360180175,4089405.53859606,40.8940553859606,2023,"Males","GMoH report",32.3457846140394
0,1,0.024491,0.0123393,0.0126971,0.0132084,0.0172489,0.0228058,0.0243223,0.0262866,0.0244957,0.0219759,0.0158099,0.0203531,0.0259586,0.0443067,0.0606486,0.0778512,0.0999802,0.248085,0.10816580311,0.0239675039052352,0.0481684696059818,0.0615322957200329,0.0639309365443684,0.0826791874106798,0.107878368745178,0.114640687043787,0.123328296033701,0.115410827483058,0.104157133144334,0.076043884477017,0.0968381106265185,0.12188320649002,0.199441962050088,0.26331828643352,0.325838671117704,0.399936637490845,1,0.976032496094765,0.951831530394018,0.938467704279967,0.936069063455632,0.91732081258932,0.892121631254822,0.885359312956213,0.876671703966299,0.884589172516942,0.895842866855666,0.923956115522983,0.903161889373482,0.87811679350998,0.800558037949912,0.73668171356648,0.674161328882296,0.600063362509155,0,100000,2396.75039052352,97862.4960403217,4080589.08508696,40.8058908508696,2023,"Males","GMoH report",32.4339491491304
0,1,0.0252135,0.0135371,0.0145218,0.01475,0.0193455,0.0264726,0.0272043,0.031042,0.0288989,0.0254347,0.0177514,0.0210142,0.0263226,0.0548326,0.0669388,0.0880428,0.0995958,0.247425,0.110521304835,0.0246604434147484,0.0527210205455458,0.0700653138146172,0.0711271850512357,0.0922652085213744,0.124146779886914,0.127359673111905,0.144032368075501,0.134758564314341,0.119570406457207,0.0849854722210386,0.0998265616694164,0.123486768001509,0.241111125279938,0.286713376570977,0.36079950365009,0.398705513537143,1,0.975339556585252,0.947278979454454,0.929934686185383,0.928872814948764,0.907734791478626,0.875853220113086,0.872640326888095,0.855967631924499,0.865241435685659,0.880429593542793,0.915014527778961,0.900173438330584,0.876513231998491,0.758888874720062,0.713286623429023,0.63920049634991,0.601294486462857,0,100000,2466.04434147484,97806.5060969259,3810330.54388273,38.1033054388273,2023,"Males","GMoH report",35.1365345611727
0,1,0.0235955,0.01214,0.0129639,0.0132855,0.0172952,0.0243394,0.0244387,0.0272691,0.0231446,0.0225664,0.0145423,0.019635,0.0248786,0.0464383,0.0590533,0.0786947,0.0951188,0.238992,0.105246285055,0.0231076476166922,0.0474089116257273,0.0627846647128236,0.0642921176765214,0.0828919191977286,0.114716663123905,0.115157736558895,0.127643679358044,0.109393337407591,0.10680640959622,0.0701607531969596,0.0935813266290943,0.117109216609168,0.208039050413013,0.25728297781543,0.328788683058325,0.38422616955769,1,0.976892352383308,0.952591088374273,0.937215335287176,0.935707882323479,0.917108080802271,0.885283336876095,0.884842263441105,0.872356320641956,0.890606662592409,0.89319359040378,0.92983924680304,0.906418673370906,0.882890783390832,0.791960949586987,0.74271702218457,0.671211316941675,0.61577383044231,0,100000,2310.76476166923,97932.4346451325,4071561.35167938,40.7156135167938,2023,"Males","GMoH report",32.5242264832062
0,1,0.0258888,0.0125274,0.0141923,0.0138207,0.0185167,0.02503,0.0260763,0.0288862,0.0260431,0.0240871,0.0162779,0.0222264,0.0246311,0.0497627,0.0624464,0.0864204,0.103984,0.243659,0.112722924648,0.0253074736948686,0.0488848010857566,0.0685300040585013,0.0667955952904241,0.088487269444684,0.117779921417312,0.122402020483186,0.134703331559747,0.122255706054153,0.113595061014589,0.0782068901567919,0.105281905631671,0.11601175702863,0.221284246114673,0.270069785384858,0.355332136563351,0.412648020572082,1,0.974692526305131,0.951115198914243,0.931469995941499,0.933204404709576,0.911512730555316,0.882220078582688,0.877597979516814,0.865296668440253,0.877744293945847,0.886404938985411,0.921793109843208,0.894718094368329,0.88398824297137,0.778715753885327,0.729930214615142,0.644667863436649,0.587351979427918,0,100000,2530.74736948687,97754.5258755469,3926349.14153693,39.2634914153693,2023,"Males","GMoH report",33.9763485846307
0,1,0.023087,0.011181,0.012864,0.0130879,0.0169987,0.0239463,0.0232557,0.0265775,0.0222319,0.0202912,0.0155277,0.0192893,0.0249718,0.0430827,0.059093,0.0792283,0.0937825,0.23523,0.10358846827,0.0226188917873551,0.0437457573736113,0.0623159200124012,0.0633661746083582,0.0815287913367596,0.112968552856812,0.109889601014233,0.124608072390128,0.105306586262194,0.0965578151529225,0.0747372557834291,0.0920095027466716,0.117522150881541,0.194467985321927,0.257433679014927,0.330649504630674,0.379853477998917,1,0.977381108212645,0.956254242626389,0.937684079987599,0.936633825391642,0.91847120866324,0.887031447143188,0.890110398985767,0.875391927609872,0.894693413737806,0.903442184847078,0.925262744216571,0.907990497253328,0.882477849118459,0.805532014678072,0.742566320985073,0.669350495369326,0.620146522001084,0,100000,2261.88917873551,97972.4164566862,4137838.857343,41.37838857343,2023,"Males","GMoH report",31.86145142657
0,1,0.0244809,0.011333,0.0127369,0.0125481,0.0173768,0.0225995,0.0245841,0.0262293,0.024517,0.0219136,0.0155387,0.0202374,0.0227862,0.0457657,0.06004,0.076313,0.0967025,0.226926,0.108132874989,0.0239578120811648,0.0443272779186949,0.0617192211309432,0.0608321793264834,0.0832667268520915,0.106954693510049,0.11580320600795,0.123076006271742,0.115505386121168,0.103877191917966,0.0747882206879889,0.0963141310126134,0.107790651634325,0.205335224311785,0.261020780801669,0.320432152807083,0.389377947564186,1,0.976042187918835,0.955672722081305,0.938280778869057,0.939167820673517,0.916733273147909,0.893045306489951,0.88419679399205,0.876923993728258,0.884494613878832,0.896122808082034,0.925211779312011,0.903685868987387,0.892209348365675,0.794664775688215,0.738979219198331,0.679567847192917,0.610622052435814,0,100000,2395.78120811647,97863.2815017618,4115669.01245976,41.1566901245976,2023,"Males","GMoH report",32.0831498754024
0,1,0.0246235,0.011964,0.0129908,0.0125642,0.0173799,0.023642,0.0240769,0.0269413,0.0248743,0.0227814,0.0155534,0.0199858,0.0261738,0.0503787,0.0602615,0.0797397,0.0957615,0.235317,0.108597780935,0.0240946361678832,0.0467376612418061,0.0629108445030737,0.0609078538564422,0.0832809629788114,0.111613107293422,0.113549688747489,0.126206108427552,0.117090160548661,0.107769168653115,0.0748563241210396,0.0951736939677484,0.122831577164058,0.223717062996096,0.26185766135121,0.332429023489196,0.386320841775733,1,0.975905363832117,0.953262338758194,0.937089155496926,0.939092146143558,0.916719037021189,0.888386892706578,0.886450311252511,0.873793891572448,0.882909839451339,0.892230831346885,0.92514367587896,0.904826306032252,0.877168422835942,0.776282937003904,0.73814233864879,0.667570976510804,0.613679158224267,0,100000,2409.46361678831,97852.1987852385,4064420.27411618,40.6442027411618,2023,"Males","GMoH report",32.5956372588382
0,1,0.0227559,0.0114332,0.0116449,0.0126507,0.0161529,0.0227727,0.0233812,0.0260709,0.0235284,0.0213594,0.0137186,0.0197491,0.0251883,0.0423807,0.0570683,0.0764345,0.0944952,0.2345,0.103881739345,0.0223011357411261,0.0447104333469161,0.056577404457094,0.0613143271052248,0.0776296404518628,0.107730229506304,0.110449873541858,0.122378223905927,0.111106598754653,0.101383284673369,0.0663185073139085,0.0940995466101059,0.118480682558763,0.191602843433269,0.249714539380657,0.320860475049561,0.382188542982824,1,0.977698864258874,0.955289566653084,0.943422595542906,0.938685672894775,0.922370359548137,0.892269770493695,0.889550126458142,0.877621776094073,0.888893401245347,0.898616715326631,0.933681492686091,0.905900453389894,0.881519317441237,0.808397156566731,0.750285460619343,0.679139524950439,0.617811457017176,0,100000,2230.11357411262,98001.5545029031,4186232.18441813,41.8623218441813,2023,"Males","GMoH report",31.3775181558187
0,1,0.0232211,0.0114372,0.0128843,0.012652,0.0169177,0.0225601,0.0233729,0.0275446,0.023314,0.0217192,0.0160896,0.0200201,0.0240772,0.0438214,0.0618438,0.0779766,0.0951867,0.234987,0.104025662431,0.0227478200103456,0.0447257258564688,0.0624111888003491,0.0613204346519585,0.0811560650939022,0.106778183742384,0.110412829918967,0.128850183115399,0.110149912358202,0.103003135735817,0.0773371889131572,0.0953292473384012,0.113551023257086,0.197473127704072,0.267812624094986,0.326277897286185,0.384447724464328,1,0.977252179989654,0.955274274143531,0.937588811199651,0.938679565348041,0.918843934906098,0.893221816257616,0.889587170081033,0.871149816884601,0.889850087641798,0.896996864264183,0.922662811086843,0.904670752661599,0.886448976742914,0.802526872295928,0.732187375905014,0.673722102713815,0.615552275535672,0,100000,2274.78200103456,97961.8537035092,4126103.20535393,41.2610320535393,2023,"Males","GMoH report",31.9788079464607
0,1,0.0254835,0.0143406,0.0144461,0.0155144,0.0192778,0.0257721,0.02704,0.0329586,0.0303749,0.0253092,0.0170862,0.0216697,0.025739,0.0578127,0.0752219,0.0899513,0.103483,0.24382,0.111401561535,0.0249192143997999,0.0557630488435095,0.0697128046324963,0.0746756309769288,0.0919571701625986,0.12106053919456,0.12663919070813,0.15224827500828,0.141155536719265,0.119015530348274,0.0819312650478486,0.102780446401532,0.120914456979511,0.252560490349001,0.316575898543396,0.367184656924066,0.411068496850936,1,0.9750807856002,0.94423695115649,0.930287195367504,0.925324369023071,0.908042829837401,0.87893946080544,0.87336080929187,0.84775172499172,0.858844463280735,0.880984469651726,0.918068734952151,0.897219553598468,0.879085543020489,0.747439509650999,0.683424101456604,0.632815343075934,0.588931503149064,0,100000,2491.92143998,97785.6824996563,3768522.32273741,37.6852232273742,2023,"Males","GMoH report",35.5546167726258
0,1,0.0242112,0.0126554,0.0129509,0.0133831,0.0183244,0.0237536,0.0248793,0.0273027,0.0241328,0.0224735,0.0158766,0.0212894,0.0244771,0.0479426,0.0622131,0.0812723,0.0962044,0.247884,0.107253596352,0.0236989597416702,0.0493719562887663,0.0627236797401338,0.0647491394786096,0.0876085640713284,0.112110433988053,0.117112318722046,0.127790907944181,0.113798319771543,0.106390104941493,0.0763524564738675,0.101067817039783,0.115328247389553,0.214056890324787,0.269196610827344,0.337739362934455,0.387761172613544,1,0.97630104025833,0.950628043711234,0.937276320259866,0.935250860521391,0.912391435928672,0.887889566011947,0.882887681277954,0.872209092055819,0.886201680228457,0.893609895058507,0.923647543526133,0.898932182960217,0.884671752610447,0.785943109675213,0.730803389172656,0.662260637065545,0.612238827386456,0,100000,2369.89597416703,97884.2838920425,4025690.67196423,40.2569067196423,2023,"Males","GMoH report",32.9829332803577
0,1,0.0252406,0.0141743,0.0149309,0.0151826,0.0208432,0.0265935,0.0273045,0.0324235,0.0276154,0.0272904,0.0184764,0.0217178,0.0259256,0.0533494,0.0715797,0.0899868,0.102292,0.256725,0.110609656526,0.0246864208119264,0.0551342219943704,0.0719681277051191,0.073136976356909,0.0990544696932254,0.124678411649498,0.127798794536449,0.149961785148124,0.129159988157583,0.127737014451998,0.0883031874676804,0.10299683816998,0.1217376931558,0.235356658683126,0.303574136036814,0.367302955916364,0.407300932525304,1,0.975313579188074,0.94486577800563,0.928031872294881,0.926863023643091,0.900945530306775,0.875321588350502,0.872201205463551,0.850038214851875,0.870840011842417,0.872262985548002,0.91169681253232,0.89700316183002,0.8782623068442,0.764643341316874,0.696425863963186,0.632697044083636,0.592699067474696,0,100000,2468.64208119264,97804.4135714937,3753046.365993,37.53046365993,2023,"Males","GMoH report",35.70937634007
0,1,0.0232144,0.0126922,0.0128311,0.0132731,0.0178547,0.0232169,0.0251583,0.0270854,0.0257048,0.0224825,0.0162252,0.0211227,0.0239533,0.0510095,0.0588647,0.0815707,0.0938895,0.237659,0.104003819024,0.0227413790041639,0.0495119683896108,0.0621614989762157,0.0642340379763406,0.0854588927682278,0.109716318039284,0.118347918881038,0.126838332567678,0.120763496206761,0.106430443864539,0.0779635639552819,0.100316131141826,0.11299971010958,0.2262014436503,0.256566696021725,0.338769364498297,0.38020447893709,1,0.977258620995836,0.950488031610389,0.937838501023784,0.935765962023659,0.914541107231772,0.890283681960716,0.881652081118962,0.873161667432321,0.879236503793239,0.893569556135461,0.922036436044718,0.899683868858174,0.88700028989042,0.7737985563497,0.743433303978275,0.661230635501703,0.61979552106291,0,100000,2274.13790041639,97962.3811262141,4033949.61125355,40.3394961125355,2023,"Males","GMoH report",32.9003438874645
0,1,0.0232108,0.0121156,0.01387,0.013489,0.017865,0.0245696,0.0257526,0.0277012,0.0271736,0.0238292,0.0156137,0.018993,0.0256852,0.0470356,0.0603678,0.0780838,0.103565,0.236913,0.103992082268,0.0227379181390693,0.0473158794615903,0.0670258776910624,0.0652447828116346,0.0855060845009752,0.115738856479597,0.120974481424189,0.129535292395719,0.127225090689125,0.112447183912765,0.0751356367703952,0.0906602258271618,0.12067696974196,0.210433352511523,0.262259002475846,0.326653193435962,0.411327236801604,1,0.977262081860931,0.95268412053841,0.932974122308938,0.934755217188365,0.914493915499025,0.884261143520403,0.879025518575811,0.870464707604281,0.872774909310875,0.887552816087235,0.924864363229605,0.909339774172838,0.87932303025804,0.789566647488477,0.737740997524154,0.673346806564038,0.588672763198395,0,100000,2273.79181390694,97962.6645314652,3991855.63658331,39.9185563658331,2023,"Males","GMoH report",33.3212836341669
0,1,0.0247379,0.013055,0.0143029,0.0141294,0.0193166,0.0256462,0.0272856,0.0314563,0.0257825,0.0248335,0.0167045,0.0222177,0.0271312,0.0519353,0.0642244,0.0914192,0.109329,0.245766,0.108970748959,0.0242043823447868,0.0508912299850893,0.0690456185558923,0.0682366429430028,0.0921337242551332,0.120504776032301,0.127715982003606,0.145814535562466,0.121106433449003,0.116909330361189,0.0801743201717284,0.10524286404857,0.127039186086149,0.229835111353329,0.276695494678867,0.372061978856341,0.429306008493528,1,0.975795617655213,0.949108770014911,0.930954381444108,0.931763357056997,0.907866275744867,0.879495223967699,0.872284017996394,0.854185464437534,0.878893566550997,0.883090669638811,0.919825679828272,0.89475713595143,0.872960813913851,0.770164888646671,0.723304505321133,0.627938021143659,0.570693991506472,0,100000,2420.43823447869,97843.3187327414,3857112.39502009,38.5711239502009,2023,"Males","GMoH report",34.6687160497991
0,1,0.0234422,0.0123236,0.0141327,0.0141849,0.0173391,0.0242669,0.0248999,0.0281523,0.0263384,0.0220278,0.0156493,0.0201097,0.0249712,0.0456588,0.0613776,0.0832649,0.105439,0.239946,0.104746494862,0.0229603380053309,0.0481086563258066,0.068252036122721,0.0684954956107767,0.083093580256439,0.114394500254439,0.117203604896118,0.131506008492772,0.123556311136881,0.104390279502914,0.0753004997241665,0.0957354709972181,0.117519493085649,0.204904738782225,0.266062331591304,0.344593203437701,0.417217507948536,1,0.977039661994669,0.951891343674193,0.931747963877279,0.931504504389223,0.916906419743561,0.885605499745561,0.882796395103882,0.868493991507228,0.876443688863119,0.895609720497086,0.924699500275833,0.904264529002782,0.882480506914351,0.795095261217775,0.733937668408696,0.655406796562299,0.582782492051464,0,100000,2296.0338005331,97944.4676921574,3997030.57923744,39.9703057923744,2023,"Males","GMoH report",33.2695342076256
0,1,0.0250341,0.0123508,0.0136746,0.014093,0.0194146,0.0250236,0.0266067,0.0298163,0.0268672,0.0252113,0.0165828,0.0202996,0.0251674,0.0506362,0.0631965,0.0933831,0.101327,0.233293,0.109936423161,0.0244884498160827,0.0482122795553359,0.0661128336136664,0.0680668352278353,0.0925795143993557,0.117751578971144,0.124736437566499,0.13873973602211,0.125880836007077,0.118582455358077,0.0796134645981543,0.0965958568602016,0.118388192509586,0.224732056590216,0.272871232835309,0.378541948437229,0.404235159885663,1,0.975511550183917,0.951787720444664,0.933887166386334,0.931933164772165,0.907420485600644,0.882248421028856,0.875263562433501,0.86126026397789,0.874119163992923,0.881417544641923,0.920386535401846,0.903404143139798,0.881611807490414,0.775267943409784,0.727128767164691,0.621458051562771,0.595764840114337,0,100000,2448.84498160827,97820.3722765455,3904851.30245597,39.0485130245597,2023,"Males","GMoH report",34.1913269754403
0,1,0.0230609,0.0116143,0.0118932,0.0130265,0.0174587,0.0229234,0.0249031,0.026116,0.0239243,0.0210549,0.0148294,0.0201488,0.0237871,0.0436748,0.0588268,0.0837741,0.0949633,0.235367,0.103503376789,0.022593795444197,0.0454025620472297,0.0577489504560891,0.0630782770597044,0.0836427651405995,0.108404500673172,0.11721778447839,0.122576950877226,0.112870623363652,0.100010236194852,0.0714963789933886,0.0959126861721371,0.112259670008832,0.196877532823591,0.256422684987015,0.346335614081035,0.383718550446063,1,0.977406204555803,0.95459743795277,0.942251049543911,0.936921722940296,0.9163572348594,0.891595499326828,0.88278221552161,0.877423049122774,0.887129376636348,0.899989763805148,0.928503621006611,0.904087313827863,0.887740329991168,0.803122467176409,0.743577315012985,0.653664385918965,0.616281449553937,0,100000,2259.37954441969,97974.4738678757,4126615.52210811,41.2661552210811,2023,"Males","GMoH report",31.9736847789189
0,1,0.0252752,0.0129187,0.01458,0.014567,0.0196182,0.0262791,0.0267657,0.0313524,0.0278314,0.0259928,0.0162583,0.0207243,0.0268394,0.0504351,0.0666479,0.0939726,0.109764,0.243578,0.110722459792,0.0247195860784227,0.0503732852789341,0.0703362439094988,0.0702757334761329,0.0935050004980718,0.123295277671366,0.125435104086387,0.145367917275991,0.130104522482455,0.122033987428895,0.0781164003216272,0.0985172475181491,0.125758774845996,0.223939475409443,0.28564534416634,0.380476973824054,0.430646338305569,1,0.975280413921577,0.949626714721066,0.929663756090501,0.929724266523867,0.906494999501928,0.876704722328634,0.874564895913613,0.854632082724009,0.869895477517545,0.877966012571105,0.921883599678373,0.901482752481851,0.874241225154004,0.776060524590557,0.71435465583366,0.619523026175946,0.569353661694431,0,100000,2471.95860784227,97801.742729722,3830777.76442537,38.3077776442537,2023,"Males","GMoH report",34.9320623557463
0,1,0.0241859,0.0122178,0.0141072,0.0137794,0.0185537,0.0250635,0.0250376,0.0279205,0.0258875,0.0244001,0.0154965,0.0216954,0.0249901,0.0510345,0.0597275,0.0840955,0.108646,0.242247,0.107171113039,0.0236746722019838,0.0477054877827362,0.0681330824482163,0.0666026389907279,0.0886562464983585,0.117928262483135,0.117813576963544,0.130493865098774,0.121569663350063,0.114986306553651,0.0745926860996422,0.102896071429757,0.117603210051246,0.226299761991599,0.259838708800322,0.347433512602369,0.427196911014733,1,0.976325327798016,0.952294512217264,0.931866917551784,0.933397361009272,0.911343753501642,0.882071737516865,0.882186423036456,0.869506134901226,0.878430336649937,0.885013693446349,0.925407313900358,0.897103928570243,0.882396789948754,0.773700238008401,0.740161291199678,0.652566487397631,0.572803088985267,0,100000,2367.46722019838,97886.2568768736,3958391.17641308,39.5839117641308,2023,"Males","GMoH report",33.6559282358692
0,1,0.0231717,0.0120036,0.0130015,0.013275,0.017492,0.0240787,0.0246739,0.0274062,0.0241866,0.0215646,0.015534,0.0202794,0.0253619,0.0485077,0.0585129,0.0829399,0.0973544,0.23768,0.103864608057,0.022700328129913,0.0468887328135974,0.0629610304078799,0.0642429375113423,0.0837956176405776,0.113557695776751,0.116201631416482,0.128244279095624,0.114037548569427,0.102307451811656,0.0747664451043717,0.096504373043266,0.119248573979005,0.216307100190253,0.255229024090707,0.343479178257999,0.391489046844664,1,0.977299671870087,0.953111267186403,0.93703896959212,0.935757062488658,0.916204382359422,0.886442304223249,0.883798368583518,0.871755720904376,0.885962451430573,0.897692548188344,0.925233554895628,0.903495626956734,0.880751426020995,0.783692899809747,0.744770975909293,0.656520821742002,0.608510953155336,0,100000,2270.03281299131,97965.7432554066,4057812.31841558,40.5781231841558,2023,"Males","GMoH report",32.6617168158442
0,1,0.0245557,0.0123262,0.0121101,0.0128858,0.0165565,0.0237043,0.0242071,0.0261169,0.022851,0.0216361,0.0144033,0.0191406,0.0250316,0.0442454,0.0606285,0.0793322,0.0896105,0.233085,0.108376738697,0.0240295858352804,0.0481185619630618,0.0587711876025363,0.0624182279942783,0.0794922177423711,0.111890769104774,0.114128688558018,0.122580916175819,0.108080624144202,0.102629257788885,0.0695134425811764,0.0913325981782724,0.117787006895487,0.199193508812922,0.263242504534565,0.331011352878025,0.36604811375573,1,0.97597041416472,0.951881438036938,0.941228812397464,0.937581772005722,0.920507782257629,0.888109230895226,0.885871311441982,0.877419083824181,0.891919375855798,0.897370742211115,0.930486557418824,0.908667401821728,0.882212993104513,0.800806491187078,0.736757495465435,0.668988647121975,0.63395188624427,0,100000,2402.95858352804,97857.4662309787,4125074.9773088,41.250749773088,2023,"Males","GMoH report",31.989090226912
0,1,0.0250302,0.012532,0.0130709,0.0131704,0.0184111,0.0238377,0.0249823,0.0284301,0.0251282,0.022741,0.0164177,0.0205684,0.0247792,0.0501037,0.0617547,0.0845959,0.0995858,0.238581,0.109923708342,0.0244847103390206,0.0489023124409793,0.0632864721286346,0.0637528729066748,0.0880048354357712,0.112485038494688,0.117568661094827,0.132717565829292,0.118214693826474,0.107588334228286,0.0788520756922676,0.0978123891381283,0.116668612775767,0.222631806848066,0.267478381920097,0.349139974151659,0.398673461095171,1,0.975515289660979,0.951097687559021,0.936713527871365,0.936247127093325,0.911995164564229,0.887514961505312,0.882431338905173,0.867282434170708,0.881785306173526,0.892411665771714,0.921147924307732,0.902187610861872,0.883331387224233,0.777368193151934,0.732521618079903,0.650860025848341,0.601326538904829,0,100000,2448.47103390207,97820.6739819124,4001853.46548957,40.0185346548957,2023,"Males","GMoH report",33.2213053451043
0,1,0.0235552,0.012775,0.0134008,0.0145532,0.0188145,0.0262527,0.0260059,0.0295704,0.0249706,0.0242972,0.0177547,0.0224596,0.0271534,0.0489553,0.0642758,0.0906319,0.0967407,0.23967,0.105114898592,0.0230689255610473,0.0498269221393399,0.0648319983899402,0.0702114951711867,0.0898464594707203,0.123179043792567,0.122091736288159,0.137674290407347,0.117516835282252,0.114529155507036,0.0850005996341873,0.106327800338778,0.1271365275332,0.218085408502806,0.276886281817833,0.369449683153501,0.389501806475692,1,0.976931074438953,0.95017307786066,0.93516800161006,0.929788504828813,0.91015354052928,0.876820956207433,0.877908263711841,0.862325709592654,0.882483164717748,0.885470844492964,0.914999400365813,0.893672199661222,0.8728634724668,0.781914591497194,0.723113718182167,0.630550316846499,0.610498193524307,0,100000,2306.89255610474,97935.5962209929,3907514.3593616,39.075143593616,2023,"Males","GMoH report",34.164696406384
0,1,0.0233808,0.0128218,0.0132723,0.0140194,0.0186191,0.0244315,0.0246247,0.0287831,0.0246452,0.023327,0.0156618,0.0216397,0.0253027,0.0483482,0.0631929,0.0771947,0.093884,0.242392,0.104546317968,0.0229013280974115,0.0500048944877148,0.0642302907792272,0.0677233965364908,0.0889548517972543,0.115125762343276,0.115983361307055,0.134254824875327,0.116074313332636,0.110207947992923,0.0753583802985985,0.102645457721367,0.118986782825503,0.215672550932512,0.272857809348978,0.323535445804406,0.380186440540694,1,0.977098671902589,0.949995105512285,0.935769709220773,0.932276603463509,0.911045148202746,0.884874237656724,0.884016638692945,0.865745175124673,0.883925686667364,0.889792052007077,0.924641619701401,0.897354542278633,0.881013217174497,0.784327449067488,0.727142190651022,0.676464554195594,0.619813559459306,0,100000,2290.13280974115,97949.292143175,3985050.8969745,39.850508969745,2023,"Males","GMoH report",33.3893310302551
0,1,0.0231929,0.0121681,0.0129452,0.0134852,0.0169677,0.0237031,0.0264712,0.0282298,0.0251542,0.0243058,0.0156151,0.0209415,0.0247784,0.0454635,0.0587826,0.0835806,0.0990219,0.239574,0.103933724509,0.022720709679344,0.0475160401438512,0.0626969389642984,0.0652270020789136,0.0813861601270314,0.111885421654928,0.124140621922418,0.131844164044632,0.118329773056458,0.114567370985737,0.0751421206784835,0.0994983863553487,0.116665065831973,0.204117733551683,0.256254705387693,0.345673916612867,0.396863945249697,1,0.977279290320656,0.952483959856149,0.937303061035702,0.934772997921086,0.918613839872969,0.888114578345072,0.875859378077582,0.868155835955368,0.881670226943542,0.885432629014263,0.924857879321517,0.900501613644651,0.883334934168027,0.795882266448317,0.743745294612307,0.654326083387133,0.603136054750303,0,100000,2272.0709679344,97964.0738301118,4024076.26810219,40.2407626810219,2023,"Males","GMoH report",32.9990773189781
0,1,0.0237551,0.0123053,0.012506,0.0128376,0.0171356,0.0240233,0.0250536,0.0256082,0.0245221,0.0232575,0.0154358,0.0191686,0.0260159,0.0469122,0.0603311,0.0818878,0.101482,0.231152,0.105766614571,0.0232609763034967,0.0480389330346573,0.0606342695621397,0.0621920096425326,0.0821584156327103,0.113311226057625,0.117884426811113,0.120336967191892,0.115528025513866,0.10989763914402,0.0743113617073926,0.09146009505483,0.122135816996502,0.209939222961468,0.262120460685798,0.339862515714239,0.404728385066662,1,0.976739023696503,0.951961066965343,0.93936573043786,0.937807990357467,0.91784158436729,0.886688773942375,0.882115573188887,0.879663032808109,0.884471974486134,0.89010236085598,0.925688638292607,0.90853990494517,0.877864183003498,0.790060777038532,0.737879539314202,0.660137484285761,0.595271614933338,0,100000,2326.09763034967,97919.925841174,4073592.15532559,40.7359215532559,2023,"Males","GMoH report",32.5039184467441
0,1,0.0241296,0.0125794,0.0136155,0.0130612,0.0185176,0.0244571,0.0244806,0.029165,0.0261001,0.0246817,0.0167525,0.0214859,0.0267722,0.0496331,0.0677398,0.0881228,0.107755,0.24121,0.106987563216,0.0236206220588837,0.0490827372305637,0.0658365075776899,0.0632409918917584,0.0884913800518783,0.115239443515022,0.115343787207236,0.135915090932392,0.122506894506713,0.11623623056986,0.0803954385396608,0.10195311397131,0.125463654849121,0.220771557965817,0.289647363769344,0.361068157439071,0.42443698240293,1,0.976379377941116,0.950917262769436,0.93416349242231,0.936759008108242,0.911508619948122,0.884760556484978,0.884656212792764,0.864084909067608,0.877493105493287,0.88376376943014,0.919604561460339,0.89804688602869,0.874536345150879,0.779228442034183,0.710352636230656,0.638931842560929,0.57556301759707,0,100000,2362.06220588837,97890.6490736842,3956782.92672656,39.5678292672656,2023,"Males","GMoH report",33.6720107327344
0,1,0.0231602,0.0113981,0.0121167,0.0120322,0.0169867,0.0227785,0.0224547,0.0250059,0.0232491,0.0209999,0.0144834,0.0190769,0.0251538,0.0428445,0.0573786,0.0746527,0.0900732,0.23131,0.103827115642,0.0226892718373789,0.0445762313156815,0.0588022761513911,0.05840417326607,0.0814735817713131,0.107756189115577,0.106305835868319,0.117673189948657,0.109860127286744,0.0997620189458477,0.0698865141523159,0.0910424793158487,0.118328002713371,0.193496814344539,0.250901987981073,0.314557148837455,0.367590800721198,1,0.977310728162621,0.955423768684319,0.941197723848609,0.94159582673393,0.918526418228687,0.892243810884423,0.893694164131681,0.882326810051343,0.890139872713256,0.900237981054152,0.930113485847684,0.908957520684151,0.881671997286629,0.806503185655461,0.749098012018927,0.685442851162545,0.632409199278802,0,100000,2268.92718373789,97966.6489813513,4197305.50473108,41.9730550473108,2023,"Males","GMoH report",31.2667849526892
0,1,0.0238258,0.0113746,0.0123301,0.0122607,0.01688,0.0231982,0.0231853,0.0268742,0.0228109,0.0208344,0.014625,0.0202098,0.0245047,0.0408133,0.0589347,0.0750847,0.0911866,0.239084,0.105997111418,0.0233288869163032,0.0444863706566576,0.0598069362387078,0.0594803239794625,0.0809825369410862,0.10963279144382,0.109575167190354,0.125911568326219,0.107901191762086,0.0990147193290282,0.070545673801628,0.0961890941144162,0.115450782994864,0.185172725051626,0.256832616927855,0.316089741471363,0.371291073494269,1,0.976671113083697,0.955513629343342,0.940193063761292,0.940519676020538,0.919017463058914,0.89036720855618,0.890424832809646,0.874088431673781,0.892098808237914,0.900985280670972,0.929454326198372,0.903810905885584,0.884549217005136,0.814827274948374,0.743167383072145,0.683910258528637,0.628708926505731,0,100000,2332.88869163032,97914.3907709422,4163587.57030678,41.6358757030678,2023,"Males","GMoH report",31.6039642969322
0,1,0.0225007,0.0116582,0.0129128,0.0125352,0.0169273,0.0225181,0.0241411,0.0266306,0.0250473,0.0207617,0.0160452,0.0215159,0.0245445,0.0433308,0.0578585,0.0773157,0.0928729,0.230946,0.104390978185,0.0220562266715017,0.0455702654623731,0.0625449247395576,0.0607715414345249,0.081200247621108,0.106589989872623,0.113835230775796,0.124841490507244,0.117856530320273,0.0986862635073487,0.0771320039264964,0.102088201180549,0.11562745483689,0.19547841025257,0.252735288304138,0.32396043121984,0.376863487523863,1,0.977943773328498,0.954429734537627,0.937455075260442,0.939228458565475,0.918799752378892,0.893410010127377,0.886164769224204,0.875158509492756,0.882143469679727,0.901313736492651,0.922867996073504,0.897911798819451,0.88437254516311,0.80452158974743,0.747264711695862,0.67603956878016,0.623136512476137,0,100000,2205.62266715018,98024.6244405806,4121799.48016499,41.2179948016499,2023,"Males","GMoH report",32.0218451983501
0,1,0.0229699,0.0119302,0.0137046,0.0130921,0.0171548,0.0243623,0.0246108,0.0270376,0.0238448,0.0232403,0.0155178,0.0205787,0.0254784,0.0464627,0.0580637,0.0791342,0.0987328,0.239322,0.103454713045,0.0225064129341799,0.0466086978263834,0.0662530704275466,0.0633858647986732,0.0822466863619932,0.114818399278164,0.115921686400817,0.126628662206794,0.112516657040502,0.10982082755352,0.0746913850622043,0.0978589738377146,0.119763541462974,0.208136984343821,0.25351801507083,0.330321651011345,0.395934656794179,1,0.97749358706582,0.953391302173617,0.933746929572453,0.936614135201327,0.917753313638007,0.885181600721836,0.884078313599183,0.873371337793206,0.887483342959498,0.89017917244648,0.925308614937796,0.902141026162285,0.880236458537026,0.791863015656179,0.74648198492917,0.669678348988655,0.604065343205821,0,100000,2250.64129341798,97982.1981557598,4052786.32361813,40.5278632361813,2023,"Males","GMoH report",32.7119767638187
0,1,0.0236848,0.0129278,0.0135474,0.0131582,0.0192099,0.0245248,0.0262412,0.0296921,0.024834,0.0233825,0.0161581,0.0207001,0.0259767,0.0477881,0.0585894,0.0875334,0.0993511,0.249321,0.105537421808,0.0231934430298009,0.0504078741686452,0.0655180034985107,0.0636956981611402,0.0916481218597175,0.11554001085449,0.123128407108463,0.138201749578361,0.116911546627624,0.110455675423524,0.0776536609524121,0.0984078682177637,0.121963008774893,0.213440687682411,0.255520079618064,0.359086782567102,0.397920821642327,1,0.976806556970199,0.949592125831355,0.934481996501489,0.93630430183886,0.908351878140283,0.88445998914551,0.876871592891536,0.861798250421639,0.883088453372376,0.889544324576476,0.922346339047588,0.901592131782236,0.878036991225107,0.786559312317589,0.744479920381936,0.640913217432898,0.602079178357673,0,100000,2319.3443029801,97925.4333150415,3957078.43962801,39.5707843962801,2023,"Males","GMoH report",33.6690556037199
0,1,0.0236665,0.0120563,0.0118583,0.012892,0.0170133,0.0232809,0.0226814,0.0249196,0.0233321,0.020123,0.0147386,0.0196504,0.0240282,0.0455,0.0587363,0.0813973,0.0983306,0.231879,0.105477759965,0.0231758621182638,0.0470897438426204,0.0575843682159617,0.0624473227865883,0.0815959586900466,0.110002128610103,0.107321495575627,0.117290894559818,0.11023071484539,0.0957957550526869,0.0710741657516325,0.0936512868806988,0.113333028322173,0.204264870931538,0.256078710143496,0.338170986833536,0.394640024112507,1,0.976824137881736,0.95291025615738,0.942415631784038,0.937552677213412,0.918404041309953,0.889997871389897,0.892678504424373,0.882709105440182,0.88976928515461,0.904204244947313,0.928925834248367,0.906348713119301,0.886666971677827,0.795735129068462,0.743921289856504,0.661829013166463,0.605359975887493,0,100000,2317.58621182638,97926.8675903228,4160331.18863566,41.6033118863566,2023,"Males","GMoH report",31.6365281136434
0,1,0.02482,0.0128038,0.014078,0.01431,0.0184919,0.0258036,0.0277701,0.0293855,0.0277055,0.0240141,0.015961,0.0215004,0.0255949,0.0515088,0.0686847,0.0869511,0.100871,0.253998,0.1092384122,0.024283131467955,0.0499364474288217,0.0679968508348669,0.0690787091791171,0.0883739924237482,0.121199538942367,0.129836564079631,0.136872344315306,0.129554097387104,0.113270289832343,0.0767427715579105,0.102018408523456,0.120278227018228,0.22816299482978,0.293095550164108,0.357124565485118,0.402782353140829,1,0.975716868532045,0.950063552571178,0.932003149165133,0.930921290820883,0.911626007576252,0.878800461057633,0.870163435920369,0.863127655684694,0.870445902612896,0.886729710167657,0.923257228442089,0.897981591476544,0.879721772981772,0.77183700517022,0.706904449835892,0.642875434514882,0.597217646859171,0,100000,2428.3131467955,97836.9519256848,3880170.63952708,38.8017063952708,2023,"Males","GMoH report",34.4381336047292
0,1,0.0254203,0.0132667,0.013962,0.015382,0.0194352,0.0256374,0.0268212,0.0300204,0.0283244,0.0243781,0.0169789,0.0213723,0.0258875,0.0545884,0.0678515,0.0893238,0.105848,0.246407,0.111195516263,0.0248586516631645,0.0516951518576989,0.067455466926916,0.0740619477974491,0.0926731948105452,0.12046591770366,0.125678855689455,0.139623143460171,0.132256766133333,0.114888586380871,0.0814376938497368,0.101441409413955,0.121569663350063,0.240166269090896,0.290055712122329,0.365090764029871,0.418497256092739,1,0.975141348336836,0.948304848142301,0.932544533073084,0.925938052202551,0.907326805189455,0.87953408229634,0.874321144310545,0.860376856539829,0.867743233866667,0.885111413619129,0.918562306150263,0.898558590586045,0.878430336649937,0.759833730909104,0.709944287877671,0.634909235970129,0.581502743907261,0,100000,2485.86516631645,97790.5518942123,3838968.81483436,38.3896881483436,2023,"Males","GMoH report",34.8501518516564
0,1,0.0249931,0.0118378,0.0140151,0.0130296,0.0186666,0.0250317,0.0253886,0.0283883,0.0267281,0.0250311,0.0159277,0.0212215,0.0256937,0.0476289,0.0660792,0.0907413,0.0997155,0.238948,0.109802754551,0.0244491363300558,0.0462560600252658,0.0677033277288678,0.0630928146554145,0.089171670250266,0.117787449736102,0.11936662148445,0.132535365695095,0.125269931837158,0.117784792689288,0.0765887917539515,0.100761713255378,0.120714494952591,0.212805294743034,0.283553524808659,0.369813178552529,0.39908908168748,1,0.975550863669944,0.953743939974734,0.932296672271132,0.936907185344586,0.910828329749734,0.882212550263898,0.88063337851555,0.867464634304905,0.874730068162842,0.882215207310712,0.923411208246048,0.899238286744622,0.879285505047409,0.787194705256966,0.716446475191341,0.630186821447471,0.60091091831252,0,100000,2444.91363300558,97823.5446185377,3954100.26330394,39.5410026330394,2023,"Males","GMoH report",33.6988373669606
0,1,0.0241319,0.0122972,0.0143001,0.0142864,0.0187975,0.0252142,0.0267411,0.0280584,0.0264038,0.0272805,0.0167376,0.0229682,0.0260753,0.050892,0.0628589,0.0845184,0.101966,0.245128,0.106995061699,0.0236228302321014,0.0480080703154341,0.0690325684208138,0.068968713431095,0.0897689217342511,0.118595286798983,0.125327042555779,0.13109613080832,0.123844112083429,0.127693634509415,0.0803268051646887,0.108604854927628,0.122397613755127,0.225739201405215,0.271611499746467,0.348875914722743,0.406266559886526,1,0.976377169767899,0.951991929684566,0.930967431579186,0.931031286568905,0.910231078265749,0.881404713201017,0.874672957444221,0.86890386919168,0.876155887916571,0.872306365490585,0.919673194835311,0.891395145072372,0.877602386244873,0.774260798594785,0.728388500253533,0.651124085277257,0.593733440113474,0,100000,2362.28302321014,97890.4695946087,3898678.81849335,38.9867881849335,2023,"Males","GMoH report",34.2530518150665
0,1,0.0227759,0.0112243,0.0114471,0.011837,0.0158773,0.0226014,0.0224298,0.0254746,0.0228949,0.0207587,0.0147532,0.02014,0.0249312,0.0441051,0.0551186,0.0773942,0.0955635,0.232243,0.103841830345,0.0223203241305617,0.0439114494361868,0.0556431191275865,0.0574839074682459,0.0763556943358053,0.106963204570548,0.106194212624204,0.119746748689581,0.108277021075449,0.098672707183476,0.0711420671377581,0.0958728043033275,0.117342289763614,0.198624604851419,0.242216424466062,0.324236029679456,0.385676104071426,1,0.977679675869438,0.956088550563813,0.944356880872413,0.942516092531754,0.923644305664195,0.893036795429452,0.893805787375796,0.880253251310419,0.891722978924551,0.901327292816524,0.928857932862242,0.904127195696673,0.882657710236387,0.801375395148581,0.757783575533938,0.675763970320544,0.614323895928574,0,100000,2232.03241305616,97999.7459181049,4225668.45999723,42.2566845999723,2023,"Males","GMoH report",30.9831554000277
0,1,0.0227418,0.0111808,0.0127215,0.013759,0.0172352,0.0230049,0.0240213,0.0275001,0.0252483,0.022349,0.0156159,0.0194677,0.0223286,0.0427633,0.0580561,0.0774841,0.0903064,0.238437,0.10390987519,0.0222876074799491,0.0437449919871795,0.0616468974841388,0.0665073146445153,0.082616231804028,0.108768952794637,0.113302327029326,0.128655408501659,0.118746153717722,0.105831906787988,0.0751458257492074,0.0928209728663256,0.105740411613137,0.193165513040489,0.253489037696474,0.32455154004081,0.368367208749468,1,0.977712392520051,0.95625500801282,0.938353102515861,0.933492685355485,0.917383768195972,0.891231047205363,0.886697672970674,0.871344591498341,0.881253846282278,0.894168093212012,0.924854174250793,0.907179027133674,0.894259588386863,0.806834486959511,0.746510962303526,0.67544845995919,0.631632791250532,0,100000,2228.76074799491,98002.8295031576,4102917.77596237,41.0291777596237,2023,"Males","GMoH report",32.2106622403763
0,1,0.0245005,0.0128868,0.013781,0.0134429,0.0188479,0.0254757,0.025117,0.0288402,0.0257094,0.0240394,0.0157417,0.0210999,0.0248481,0.049917,0.061317,0.085466,0.0998931,0.242501,0.108196775105,0.0239766198496388,0.050252024423323,0.0666101150125308,0.0650290523794217,0.0899987799867207,0.119751609786411,0.118165116897231,0.134503248529406,0.120783802283905,0.113382860177616,0.0757282707026983,0.100213274807237,0.11697404319332,0.221894260496936,0.265834556281256,0.352098808155463,0.399657846847656,1,0.976023380150361,0.949747975576677,0.933389884987469,0.934970947620578,0.910001220013279,0.880248390213589,0.881834883102769,0.865496751470594,0.879216197716095,0.886617139822384,0.924271729297302,0.899786725192763,0.88302595680668,0.778105739503064,0.734165443718744,0.647901191844537,0.600342153152344,0,100000,2397.66198496388,97861.7573096011,3947695.79091459,39.4769579091459,2023,"Males","GMoH report",33.7628820908541
0,1,0.0246307,0.0116615,0.0122067,0.0126156,0.0168053,0.0216149,0.0243869,0.0252609,0.0235011,0.0212614,0.0143149,0.0202904,0.0238466,0.0445236,0.0579088,0.0770606,0.0975108,0.232333,0.108621254447,0.0241015437979979,0.045582870706512,0.0592261115600498,0.0611494087959835,0.0806386099217068,0.102533852574945,0.114927675665766,0.118801893143715,0.110984835694642,0.100941600630867,0.0691015457083489,0.0965541920538751,0.112524672841542,0.200320522914869,0.252927220442149,0.323064197714085,0.391994706446574,1,0.975898456202002,0.954417129293488,0.94077388843995,0.938850591204016,0.919361390078293,0.897466147425055,0.885072324334234,0.881198106856285,0.889015164305358,0.899058399369133,0.930898454291651,0.903445807946125,0.887475327158458,0.799679477085131,0.747072779557851,0.676935802285915,0.608005293553426,0,100000,2410.15437979979,97851.639612345,4161255.73589592,41.6125573589592,2023,"Males","GMoH report",31.6272826410408
0,1,0.0244451,0.0128937,0.0136413,0.0142286,0.0187693,0.0256003,0.0265586,0.0294667,0.0261,0.0246157,0.0163352,0.0204415,0.0251041,0.0483054,0.0612844,0.0840076,0.101723,0.246314,0.108016159471,0.0239234577553218,0.0502782545389035,0.0659571469289938,0.0686992641261371,0.0896402864297837,0.120302076854739,0.124524977341917,0.137224609032551,0.122506453884065,0.115943428375352,0.078471385556638,0.0972382602573723,0.118108011661144,0.215502200062725,0.265711998931679,0.347133392120289,0.40549466538309,1,0.976076542244678,0.949721745461097,0.934042853071006,0.931300735873863,0.910359713570216,0.879697923145261,0.875475022658083,0.862775390967449,0.877493546115935,0.884056571624648,0.921528614443362,0.902761739742628,0.881891988338856,0.784497799937275,0.734288001068321,0.652866607879711,0.59450533461691,0,100000,2392.34577553217,97866.0662272675,3918403.1652227,39.184031652227,2023,"Males","GMoH report",34.055808347773
0,1,0.0235475,0.0106607,0.0119805,0.0129906,0.0160769,0.0225903,0.0238903,0.0250099,0.0230446,0.0211099,0.0143802,0.0200119,0.0252857,0.0412467,0.0565947,0.0734909,0.0943982,0.229557,0.105089794975,0.0230615267968671,0.0417525766130035,0.0581605197333369,0.0629099064240203,0.0772785030844058,0.106913480976729,0.112719257789103,0.117690905553024,0.10894643259836,0.10025838860592,0.0694058258575096,0.0952920619630063,0.118911592842176,0.186955279212286,0.247899066721537,0.310421594163689,0.381871131407841,1,0.976938473203133,0.958247423386997,0.941839480266663,0.93709009357598,0.922721496915594,0.893086519023272,0.887280742210897,0.882309094446976,0.89105356740164,0.89974161139408,0.93059417414249,0.904707938036994,0.881088407157824,0.813044720787714,0.752100933278463,0.689578405836311,0.618128868592159,0,100000,2306.15267968671,97936.2004326026,4196414.52454768,41.9641452454768,2023,"Males","GMoH report",31.2756947545232
0,1,0.0243287,0.0125923,0.013233,0.0140334,0.0173458,0.0237314,0.023797,0.0282958,0.025146,0.0229067,0.01574,0.0202871,0.0253723,0.0452282,0.0602376,0.0804699,0.0986169,0.233477,0.107636671027,0.0238117460474691,0.049131834403287,0.0640461918578623,0.0677887339523816,0.0831243539530049,0.112011524281656,0.112303768077641,0.132132045189329,0.118293480357336,0.108329804186124,0.075720402174436,0.0965392466245098,0.11929455679178,0.203168622293017,0.261767400142883,0.334963334851985,0.395561803059624,1,0.976188253952531,0.950868165596713,0.935953808142138,0.932211266047618,0.916875646046995,0.887988475718344,0.887696231922359,0.867867954810671,0.881706519642664,0.891670195813876,0.924279597825564,0.90346075337549,0.88070544320822,0.796831377706983,0.738232599857117,0.665036665148015,0.604438196940376,0,100000,2381.17460474692,97875.1271028421,4027578.2430817,40.275782430817,2023,"Males","GMoH report",32.964057569183
0,1,0.0237306,0.0121918,0.0135016,0.0132904,0.0174258,0.0246706,0.0256947,0.0276731,0.0251127,0.0223019,0.0153891,0.0212587,0.0238757,0.045567,0.0578877,0.0830854,0.101286,0.243906,0.105686739426,0.0232374413044724,0.0476063849518872,0.0653037376397092,0.0643150675650826,0.083491724756831,0.116186992930521,0.120718909584733,0.129412394653767,0.118146082203613,0.105620647219442,0.0740948667165316,0.10092942887589,0.112654252178174,0.204534895986462,0.252846713287996,0.343978104078492,0.404104642858568,1,0.976762558695528,0.952393615048113,0.934696262360291,0.935684932434917,0.916508275243169,0.883813007069479,0.879281090415267,0.870587605346233,0.881853917796387,0.894379352780558,0.925905133283468,0.89907057112411,0.887345747821826,0.795465104013538,0.747153286712004,0.656021895921508,0.595895357141432,0,100000,2323.74413044723,97921.8448099601,4022517.37140648,40.2251737140648,2023,"Males","GMoH report",33.0146662859352
0,1,0.0244269,0.0116353,0.0124614,0.0126697,0.0171993,0.0235988,0.024583,0.0248901,0.0232033,0.0220162,0.0159074,0.0192705,0.023956,0.0460912,0.0594699,0.0793127,0.0896464,0.222707,0.107956823649,0.0239059920323184,0.0454827882282555,0.0604245633652022,0.0614035874211264,0.0824512409296948,0.11142052338203,0.11579832447366,0.117160178596771,0.109655572156455,0.104338174695663,0.0764949120886043,0.0919239488587916,0.113011727632113,0.206644739909687,0.258863094187454,0.330943452990083,0.366167912191328,1,0.976094007967682,0.954517211771744,0.939575436634798,0.938596412578874,0.917548759070305,0.88857947661797,0.88420167552634,0.882839821403229,0.890344427843545,0.895661825304337,0.923505087911396,0.908076051141208,0.886988272367887,0.793355260090313,0.741136905812546,0.669056547009917,0.633832087808672,0,100000,2390.59920323185,97867.4822933669,4123529.06274062,41.2352906274062,2023,"Males","GMoH report",32.0045493725938
0,1,0.0248095,0.0133406,0.0142718,0.0151973,0.0200393,0.0271394,0.0269138,0.033097,0.0290978,0.0268461,0.016521,0.0233285,0.0282907,0.0556549,0.0687888,0.0895275,0.102783,0.24263,0.109204179995,0.0242730605343658,0.0519756278774755,0.0689006589393726,0.0732051966619243,0.095416309854816,0.127075142213526,0.126085406468472,0.152838740513095,0.135623160967034,0.125788193918136,0.079328533255226,0.110214644182945,0.132109802991286,0.244285313293021,0.293474588130092,0.365771075169424,0.408856305801907,1,0.975726939465634,0.948024372122525,0.931099341060627,0.926794803338076,0.904583690145184,0.872924857786474,0.873914593531528,0.847161259486905,0.864376839032966,0.874211806081864,0.920671466744774,0.889785355817055,0.867890197008714,0.755714686706979,0.706525411869908,0.634228924830576,0.591143694198093,0,100000,2427.30605343658,97837.7659137259,3771359.88821722,37.7135988821722,2023,"Males","GMoH report",35.5262411178278
0,1,0.0237181,0.0114801,0.0128313,0.0130394,0.0159746,0.0225141,0.0238194,0.0258121,0.0219258,0.02154,0.0149077,0.0197314,0.0226633,0.0430605,0.0590484,0.0767612,0.0964307,0.231515,0.105645986801,0.0232254333308203,0.04488972298238,0.0621624377802749,0.0631387707807052,0.0768056511142748,0.106572064695592,0.112403537922049,0.121237043287403,0.103932018378587,0.102196707311287,0.0718603197771456,0.0940191751200887,0.107240444107638,0.194377517291657,0.257264375608324,0.32201110325253,0.388496118390744,1,0.97677456666918,0.95511027701762,0.937837562219725,0.936861229219295,0.923194348885725,0.893427935304408,0.887596462077951,0.878762956712597,0.896067981621413,0.897803292688713,0.928139680222854,0.905980824879911,0.892759555892362,0.805622482708343,0.742735624391676,0.67798889674747,0.611503881609256,0,100000,2322.54333308202,97922.8240492295,4165456.16643199,41.6545616643199,2023,"Males","GMoH report",31.5852783356801
0,1,0.0233222,0.0121143,0.0133902,0.0129628,0.0179971,0.0237005,0.0253567,0.0274149,0.0246575,0.0235409,0.0154755,0.0211517,0.0249434,0.0502147,0.064203,0.0827259,0.0940481,0.231946,0.104355269662,0.0228450042861391,0.0473109225811503,0.0647823775212862,0.0627795045946027,0.0861111237374613,0.111873835409682,0.119225581729405,0.128282378550678,0.116128880332974,0.11116234583248,0.0744953673561979,0.100446941090348,0.117396340312616,0.223070015261607,0.276616049443886,0.342744816468311,0.380724467921241,1,0.977154995713861,0.95268907741885,0.935217622478714,0.937220495405397,0.913888876262539,0.888126164590318,0.880774418270595,0.871717621449322,0.883871119667026,0.88883765416752,0.925504632643802,0.899553058909652,0.882603659687384,0.776929984738393,0.723383950556114,0.65725518353169,0.619275532078759,0,100000,2284.50042861392,97953.8992296571,4024308.43696251,40.2430843696251,2023,"Males","GMoH report",32.9967556303749
0,1,0.0243529,0.0132586,0.0140127,0.0144642,0.0185376,0.0240202,0.0258824,0.0313753,0.0261319,0.0257233,0.0160988,0.0214155,0.0251181,0.046075,0.0642864,0.0864982,0.102206,0.248807,0.107715568109,0.023834972867326,0.0516644046490405,0.0676921263526457,0.0697971018968586,0.0885827223169436,0.113297432527979,0.121547168889816,0.145466372321271,0.122647002019797,0.120845159285386,0.0773796992445064,0.101636033795625,0.118169986175606,0.206579611051953,0.276925621771389,0.355595149170131,0.407028191618579,1,0.976165027132674,0.94833559535096,0.932307873647354,0.930202898103141,0.911417277683056,0.886702567472021,0.878452831110184,0.854533627678729,0.877352997980203,0.879154840714614,0.922620300755494,0.898363966204376,0.881830013824394,0.793420388948047,0.723074378228611,0.644404850829869,0.592971808381421,0,100000,2383.4972867326,97873.2424775941,3906837.31736252,39.0683731736252,2023,"Males","GMoH report",34.1714668263748
0,1,0.0240837,0.0122776,0.0123924,0.0131883,0.0180276,0.0240948,0.0253688,0.0276741,0.0265401,0.0236529,0.0154486,0.021448,0.0249949,0.0475657,0.0604443,0.0805354,0.100223,0.237251,0.106837919577,0.0235765530752629,0.0479333861172146,0.0601000406409041,0.0638367543321048,0.086250764303601,0.113629311182311,0.119279082057734,0.129416768516027,0.124443633787304,0.111661692862246,0.0743706923070628,0.101782426301703,0.117624470317173,0.212552927983534,0.262547717498077,0.335190289830884,0.400713281876283,1,0.976423446924737,0.952066613882785,0.939899959359096,0.936163245667895,0.913749235696399,0.886370688817689,0.880720917942266,0.870583231483973,0.875556366212696,0.888338307137754,0.925629307692937,0.898217573698297,0.882375529682827,0.787447072016466,0.737452282501923,0.664809710169115,0.599286718123717,0,100000,2357.65530752629,97894.2316806095,4019227.05441484,40.1922705441484,2023,"Males","GMoH report",33.0475694558516
0,1,0.0245444,0.0110956,0.0125828,0.0127901,0.0168391,0.0230883,0.0232304,0.0239953,0.0239528,0.0210081,0.0145271,0.0199232,0.0227569,0.044049,0.0594767,0.0782792,0.0996417,0.234699,0.108339898324,0.024018743500781,0.043418882886098,0.0609952717369701,0.0619690249354333,0.0807942441100175,0.109141755988053,0.109776613400172,0.113186632021629,0.112997484625647,0.0997990299949098,0.0700899892914118,0.0948897322177008,0.107659508336824,0.198397023751883,0.258888862046759,0.327336835889999,0.398852617785905,1,0.975981256499219,0.956581117113902,0.93900472826303,0.938030975064567,0.919205755889982,0.890858244011947,0.890223386599828,0.886813367978371,0.887002515374353,0.90020097000509,0.929910010708588,0.905110267782299,0.892340491663176,0.801602976248117,0.741111137953241,0.672663164110001,0.601147382214095,0,100000,2401.8743500781,97858.3444727964,4164257.97498665,41.6425797498665,2023,"Males","GMoH report",31.5972602501335
0,1,0.0257973,0.0141341,0.0146986,0.0148645,0.0205242,0.0281257,0.0276261,0.0311483,0.028263,0.0263079,0.0181217,0.0223917,0.0273974,0.0582972,0.0720042,0.0932249,0.110483,0.250486,0.112424615433,0.0252198400988931,0.0549821534887493,0.0708881100635498,0.0716595418504114,0.0976124560726826,0.131389916559552,0.129206800052663,0.144489958559503,0.131988988075085,0.123422061847787,0.0866814614022664,0.106023390137638,0.128205740137867,0.254407838407042,0.305099827501535,0.378021871969562,0.432856725885093,1,0.974780159901107,0.945017846511251,0.92911188993645,0.928340458149589,0.902387543927317,0.868610083440448,0.870793199947337,0.855510041440497,0.868011011924915,0.876577938152213,0.913318538597734,0.893976609862362,0.871794259862133,0.745592161592957,0.694900172498465,0.621978128030438,0.567143274114907,0,100000,2521.9840098893,97761.5490725507,3743408.5827129,37.434085827129,2023,"Males","GMoH report",35.805754172871
0,1,0.0250033,0.0122342,0.0125964,0.0130469,0.0179866,0.0241421,0.0237483,0.0279508,0.0254135,0.0235686,0.0154944,0.0211587,0.0244143,0.0478779,0.0624316,0.0838212,0.0997325,0.238729,0.109836008693,0.0244589169720522,0.0477679936247912,0.0610591851989014,0.0631739398116776,0.0860630460402319,0.113839677787232,0.11208682135126,0.130626230865791,0.119476697377963,0.111285869632451,0.0745829546679811,0.100478513206542,0.115049375103525,0.213798894743411,0.270014419429814,0.346496598330127,0.39914354179486,1,0.975541083027948,0.952232006375209,0.938940814801099,0.936826060188322,0.913936953959768,0.886160322212768,0.88791317864874,0.869373769134209,0.880523302622037,0.888714130367549,0.925417045332019,0.899521486793458,0.884950624896475,0.786201105256589,0.729985580570186,0.653503401669873,0.60085645820514,0,100000,2445.89169720521,97822.7552845112,4032399.28720151,40.3239928720151,2023,"Males","GMoH report",32.9158471279849
0,1,0.0264325,0.0139333,0.0151,0.0144547,0.0202657,0.0269713,0.027076,0.0307076,0.0279819,0.026865,0.0169708,0.0209945,0.0265919,0.0515565,0.0731349,0.0888867,0.100606,0.250285,0.114495500825,0.0258279680569272,0.0542222113258666,0.072753553360636,0.0697528583944156,0.0964423220833868,0.126337765559418,0.126797104028323,0.142591400755408,0.130762071947435,0.125871177070034,0.0814004242023662,0.0997376450286167,0.124671377960997,0.228350162161324,0.309150307872026,0.36362903715728,0.401936852534728,1,0.974172031943073,0.945777788674133,0.927246446639364,0.930247141605584,0.903557677916613,0.873662234440582,0.873202895971677,0.857408599244592,0.869237928052565,0.874128822929966,0.918599575797634,0.900262354971383,0.875328622039003,0.771649837838676,0.690849692127975,0.63637096284272,0.598063147465272,0,100000,2582.79680569271,97712.9218081043,3782811.16041285,37.8281116041285,2023,"Males","GMoH report",35.4117283958715
0,1,0.0241628,0.0128742,0.0140749,0.0143124,0.0193024,0.0250171,0.0252762,0.0291916,0.026325,0.0240004,0.0159808,0.0222474,0.0243516,0.0500222,0.0596412,0.0856694,0.104692,0.244758,0.107095802188,0.0236524958515604,0.0502041241302448,0.0679823867614289,0.0690898944854173,0.0920691128884547,0.117722792800572,0.118869572292077,0.136030621288953,0.123497331847769,0.113209327161012,0.0768343154299429,0.105376137307181,0.114770864537803,0.222309921599423,0.259511984565352,0.352788954791057,0.414874814738494,1,0.97634750414844,0.949795875869755,0.932017613238571,0.930910105514583,0.907930887111545,0.882277207199428,0.881130427707922,0.863969378711047,0.876502668152231,0.886790672838988,0.923165684570057,0.894623862692819,0.885229135462197,0.777690078400577,0.740488015434648,0.647211045208943,0.585125185261506,0,100000,2365.24958515604,97888.0587165411,3920972.77751581,39.2097277751581,2023,"Males","GMoH report",34.0301122248419
0,1,0.0240354,0.0115868,0.0120945,0.0123706,0.016197,0.0232046,0.0230911,0.0258884,0.0236543,0.0222516,0.0149508,0.0195782,0.0244096,0.0426388,0.0593611,0.0753979,0.0938084,0.237131,0.106680451434,0.0235301766895431,0.0452974939931992,0.0586977016194101,0.0599974876967466,0.0778333337337847,0.109661378916959,0.109154269612384,0.12157363290477,0.111667933029359,0.105394982517532,0.0720605912797373,0.09332324701331,0.115028500769068,0.192657308848659,0.258450704685268,0.31719912940297,0.379938453861862,1,0.976469823310457,0.954702506006801,0.94130229838059,0.940002512303253,0.922166666266215,0.890338621083041,0.890845730387616,0.87842636709523,0.888332066970641,0.894605017482468,0.927939408720263,0.90667675298669,0.884971499230932,0.807342691151341,0.741549295314732,0.68280087059703,0.620061546138138,0,100000,2353.0176689543,97898.0033182019,4162822.53174297,41.6282253174297,2023,"Males","GMoH report",31.6116146825703
0,1,0.0228798,0.0112627,0.0117915,0.0123323,0.0164882,0.0219609,0.0230526,0.0262391,0.0228183,0.0201712,0.0143755,0.0193363,0.0235675,0.0438065,0.0548637,0.0805136,0.10116,0.232821,0.10363450309,0.0224199958539295,0.0440583676454394,0.0572692734065662,0.0598172881435677,0.0791772732096612,0.104089739120378,0.108982192758064,0.123119160114593,0.10793430653309,0.0960141961181537,0.0693839283451845,0.0922233539047299,0.111280964663247,0.197412611126696,0.241231384258625,0.335114760539556,0.403703408093224,1,0.97758000414607,0.955941632354561,0.942730726593434,0.940182711856432,0.920822726790339,0.895910260879622,0.891017807241936,0.876880839885407,0.89206569346691,0.903985803881846,0.930616071654816,0.90777664609527,0.888719035336753,0.802587388873304,0.758768615741375,0.664885239460444,0.596296591906776,0,100000,2241.99958539296,97990.3489275672,4206877.77861151,42.0687777861151,2023,"Males","GMoH report",31.1710622138849
0,1,0.0244264,0.0127203,0.0129861,0.013264,0.0174454,0.0240723,0.0255739,0.0285287,0.0254408,0.0229338,0.0161491,0.0202273,0.0256131,0.0471488,0.0631826,0.0842011,0.0923811,0.249921,0.107955193544,0.023905512198343,0.0496188662707523,0.0628887994051131,0.064191412753107,0.0835817091289064,0.113529226030561,0.120185471900415,0.133147208109982,0.119597368188477,0.108451015265273,0.0776120866295277,0.0962683766618685,0.12035860738309,0.210886398442756,0.272819402110528,0.347793922814302,0.375242266610152,1,0.976094487801657,0.950381133729248,0.937111200594887,0.935808587246893,0.916418290871094,0.886470773969439,0.879814528099585,0.866852791890018,0.880402631811523,0.891548984734727,0.922387913370472,0.903731623338132,0.87964139261691,0.789113601557245,0.727180597889472,0.652206077185698,0.624757733389848,0,100000,2390.55121983431,97867.5211997797,4006086.50721121,40.0608650721121,2023,"Males","GMoH report",33.1789749278879
0,1,0.0238419,0.0124184,0.0137707,0.0137625,0.017497,0.0251408,0.0257554,0.029643,0.0258621,0.0231189,0.0168292,0.0210619,0.0260776,0.0463396,0.0643926,0.0833915,0.112413,0.231625,0.106049600799,0.0233443507402323,0.0484697661130045,0.0665619871102521,0.0665236699797589,0.0838185663609559,0.118270464749561,0.120986838922067,0.137988981549798,0.121457626776367,0.109278503040162,0.0807486615620979,0.100041822829375,0.122407749198738,0.207642790377551,0.277319664439097,0.345026753676885,0.438759360125524,1,0.976655649259768,0.951530233886996,0.933438012889748,0.933476330020241,0.916181433639044,0.881729535250439,0.879013161077933,0.862011018450202,0.878542373223633,0.890721496959838,0.919251338437902,0.899958177170625,0.877592250801262,0.792357209622449,0.722680335560903,0.654973246323115,0.561240639874476,0,100000,2334.43507402323,97913.1308336681,3959955.60473554,39.5995560473554,2023,"Males","GMoH report",33.6402839526446
0,1,0.0235275,0.0107028,0.0124481,0.0124311,0.0164958,0.0225412,0.0225021,0.0253493,0.0237581,0.0214856,0.0150383,0.0198961,0.0247335,0.0439025,0.0574187,0.0802107,0.093123,0.229328,0.105024590775,0.0230423088418041,0.0419140055625307,0.0603620188818908,0.0602820689322411,0.0792123233895756,0.106693501130777,0.10651828712804,0.119192861020343,0.112130481989607,0.101951763002105,0.0724670470171066,0.0947667768288393,0.116465972191974,0.197802445356807,0.251055324148313,0.334064609555764,0.37768670291185,1,0.976957691158196,0.958085994437469,0.939637981118109,0.939717931067759,0.920787676610424,0.893306498869223,0.89348171287196,0.880807138979657,0.887869518010393,0.898048236997895,0.927532952982893,0.905233223171161,0.883534027808025,0.802197554643193,0.748944675851687,0.665935390444236,0.62231329708815,0,100000,2304.23088418042,97937.7700214817,4184509.96130473,41.8450996130473,2023,"Males","GMoH report",31.3947403869527
0,1,0.024191,0.0133153,0.0138008,0.0144532,0.018959,0.026333,0.0261037,0.0303759,0.0273684,0.0236475,0.0154053,0.0212195,0.0249915,0.0507052,0.0684273,0.0954639,0.10383,0.243504,0.10718774011,0.0236795681801986,0.0518796147319201,0.0667026259978231,0.0697458723928299,0.0905052761726088,0.123532543809651,0.122522756784323,0.141159855837653,0.128078725521119,0.111637623259904,0.0741699732767011,0.100752695447385,0.11760941101175,0.225003838429199,0.292157609088966,0.385351586664538,0.412162832701506,1,0.976320431819801,0.94812038526808,0.933297374002177,0.93025412760717,0.909494723827391,0.876467456190349,0.877477243215677,0.858840144162347,0.87192127447888,0.888362376740096,0.925830026723299,0.899247304552614,0.88239058898825,0.774996161570801,0.707842390911034,0.614648413335462,0.587837167298493,0,100000,2367.95681801985,97885.8591219818,3879465.06558727,38.7946506558727,2023,"Males","GMoH report",34.4451893441273
